frame_index,timestamp_s,bin_index,frequency_hz,power_db,peak_frequency_hz,peak_power_db,window_name
0,1.070197,0,0.000000,37.525848,52.734375,60.935574,hann
0,1.070197,1,5.859375,44.234203,52.734375,60.935574,hann
0,1.070197,2,11.718750,42.767914,52.734375,60.935574,hann
0,1.070197,3,17.578125,32.956123,52.734375,60.935574,hann
0,1.070197,4,23.437500,24.715492,52.734375,60.935574,hann
0,1.070197,5,29.296875,24.709316,52.734375,60.935574,hann
0,1.070197,6,35.156250,30.391729,52.734375,60.935574,hann
0,1.070197,7,41.015625,46.779709,52.734375,60.935574,hann
0,1.070197,8,46.875000,60.762005,52.734375,60.935574,hann
0,1.070197,9,52.734375,60.935574,52.734375,60.935574,hann
0,1.070197,10,58.593750,47.401932,52.734375,60.935574,hann
0,1.070197,11,64.453125,29.506502,52.734375,60.935574,hann
0,1.070197,12,70.312500,28.633808,52.734375,60.935574,hann
0,1.070197,13,76.171875,24.056368,52.734375,60.935574,hann
0,1.070197,14,82.031250,25.433798,52.734375,60.935574,hann
0,1.070197,15,87.890625,19.609976,52.734375,60.935574,hann
0,1.070197,16,93.750000,48.274746,52.734375,60.935574,hann
0,1.070197,17,99.609375,54.851120,52.734375,60.935574,hann
0,1.070197,18,105.468750,49.306622,52.734375,60.935574,hann
0,1.070197,19,111.328125,19.211065,52.734375,60.935574,hann
0,1.070197,20,117.187500,11.763096,52.734375,60.935574,hann
0,1.070197,21,123.046875,20.585897,52.734375,60.935574,hann
0,1.070197,22,128.906250,22.464348,52.734375,60.935574,hann
0,1.070197,23,134.765625,18.822826,52.734375,60.935574,hann
0,1.070197,24,140.625000,28.183498,52.734375,60.935574,hann
0,1.070197,25,146.484375,44.656616,52.734375,60.935574,hann
0,1.070197,26,152.343750,45.391422,52.734375,60.935574,hann
0,1.070197,27,158.203125,31.270807,52.734375,60.935574,hann
0,1.070197,28,164.062500,20.707113,52.734375,60.935574,hann
0,1.070197,29,169.921875,11.068756,52.734375,60.935574,hann
0,1.070197,30,175.781250,19.143530,52.734375,60.935574,hann
0,1.070197,31,181.640625,20.581764,52.734375,60.935574,hann
0,1.070197,32,187.500000,13.205786,52.734375,60.935574,hann
0,1.070197,33,193.359375,30.749949,52.734375,60.935574,hann
0,1.070197,34,199.218750,37.860992,52.734375,60.935574,hann
0,1.070197,35,205.078125,33.490349,52.734375,60.935574,hann
0,1.070197,36,210.937500,14.990316,52.734375,60.935574,hann
0,1.070197,37,216.796875,17.185295,52.734375,60.935574,hann
0,1.070197,38,222.656250,17.726925,52.734375,60.935574,hann
0,1.070197,39,228.515625,18.794456,52.734375,60.935574,hann
0,1.070197,40,234.375000,12.348279,52.734375,60.935574,hann
0,1.070197,41,240.234375,14.033185,52.734375,60.935574,hann
0,1.070197,42,246.093750,24.561642,52.734375,60.935574,hann
0,1.070197,43,251.953125,27.897665,52.734375,60.935574,hann
0,1.070197,44,257.812500,23.919981,52.734375,60.935574,hann
0,1.070197,45,263.671875,7.101876,52.734375,60.935574,hann
0,1.070197,46,269.531250,13.745575,52.734375,60.935574,hann
0,1.070197,47,275.390625,13.831197,52.734375,60.935574,hann
0,1.070197,48,281.250000,14.108027,52.734375,60.935574,hann
0,1.070197,49,287.109375,7.029129,52.734375,60.935574,hann
0,1.070197,50,292.968750,29.717007,52.734375,60.935574,hann
0,1.070197,51,298.828125,37.121796,52.734375,60.935574,hann
0,1.070197,52,304.687500,32.320427,52.734375,60.935574,hann
0,1.070197,53,310.546875,15.412236,52.734375,60.935574,hann
0,1.070197,54,316.406250,10.294471,52.734375,60.935574,hann
0,1.070197,55,322.265625,11.806213,52.734375,60.935574,hann
0,1.070197,56,328.125000,17.274214,52.734375,60.935574,hann
0,1.070197,57,333.984375,10.868121,52.734375,60.935574,hann
0,1.070197,58,339.843750,21.557749,52.734375,60.935574,hann
0,1.070197,59,345.703125,37.627350,52.734375,60.935574,hann
0,1.070197,60,351.562500,39.185654,52.734375,60.935574,hann
0,1.070197,61,357.421875,27.958542,52.734375,60.935574,hann
0,1.070197,62,363.281250,8.628637,52.734375,60.935574,hann
0,1.070197,63,369.140625,0.834627,52.734375,60.935574,hann
0,1.070197,64,375.000000,16.230053,52.734375,60.935574,hann
0,1.070197,65,380.859375,15.676510,52.734375,60.935574,hann
0,1.070197,66,386.718750,10.734882,52.734375,60.935574,hann
0,1.070197,67,392.578125,22.957111,52.734375,60.935574,hann
0,1.070197,68,398.437500,31.070011,52.734375,60.935574,hann
0,1.070197,69,404.296875,25.638981,52.734375,60.935574,hann
0,1.070197,70,410.156250,14.523170,52.734375,60.935574,hann
0,1.070197,71,416.015625,5.646405,52.734375,60.935574,hann
0,1.070197,72,421.875000,6.401322,52.734375,60.935574,hann
0,1.070197,73,427.734375,9.152374,52.734375,60.935574,hann
0,1.070197,74,433.593750,12.131034,52.734375,60.935574,hann
0,1.070197,75,439.453125,16.464226,52.734375,60.935574,hann
0,1.070197,76,445.312500,31.608078,52.734375,60.935574,hann
0,1.070197,77,451.171875,33.245350,52.734375,60.935574,hann
0,1.070197,78,457.031250,21.174061,52.734375,60.935574,hann
0,1.070197,79,462.890625,14.899132,52.734375,60.935574,hann
0,1.070197,80,468.750000,6.521935,52.734375,60.935574,hann
0,1.070197,81,474.609375,8.790253,52.734375,60.935574,hann
0,1.070197,82,480.468750,7.571463,52.734375,60.935574,hann
0,1.070197,83,486.328125,9.142168,52.734375,60.935574,hann
0,1.070197,84,492.187500,25.940237,52.734375,60.935574,hann
0,1.070197,85,498.046875,33.659988,52.734375,60.935574,hann
0,1.070197,86,503.906250,29.578760,52.734375,60.935574,hann
0,1.070197,87,509.765625,6.997794,52.734375,60.935574,hann
0,1.070197,88,515.625000,11.781664,52.734375,60.935574,hann
0,1.070197,89,521.484375,7.086039,52.734375,60.935574,hann
0,1.070197,90,527.343750,4.765913,52.734375,60.935574,hann
0,1.070197,91,533.203125,6.938531,52.734375,60.935574,hann
0,1.070197,92,539.062500,15.177957,52.734375,60.935574,hann
0,1.070197,93,544.921875,31.101389,52.734375,60.935574,hann
0,1.070197,94,550.781250,33.548431,52.734375,60.935574,hann
0,1.070197,95,556.640625,23.016386,52.734375,60.935574,hann
0,1.070197,96,562.500000,6.984730,52.734375,60.935574,hann
0,1.070197,97,568.359375,6.801101,52.734375,60.935574,hann
0,1.070197,98,574.218750,6.260133,52.734375,60.935574,hann
0,1.070197,99,580.078125,8.344950,52.734375,60.935574,hann
0,1.070197,100,585.937500,3.984071,52.734375,60.935574,hann
0,1.070197,101,591.796875,20.864681,52.734375,60.935574,hann
0,1.070197,102,597.656250,29.909571,52.734375,60.935574,hann
0,1.070197,103,603.515625,26.826811,52.734375,60.935574,hann
0,1.070197,104,609.375000,7.374549,52.734375,60.935574,hann
0,1.070197,105,615.234375,10.284416,52.734375,60.935574,hann
0,1.070197,106,621.093750,11.637813,52.734375,60.935574,hann
0,1.070197,107,626.953125,8.242909,52.734375,60.935574,hann
0,1.070197,108,632.812500,5.749440,52.734375,60.935574,hann
0,1.070197,109,638.671875,13.834399,52.734375,60.935574,hann
0,1.070197,110,644.531250,25.684002,52.734375,60.935574,hann
0,1.070197,111,650.390625,27.468569,52.734375,60.935574,hann
0,1.070197,112,656.250000,18.595928,52.734375,60.935574,hann
0,1.070197,113,662.109375,10.415653,52.734375,60.935574,hann
0,1.070197,114,667.968750,13.742976,52.734375,60.935574,hann
0,1.070197,115,673.828125,11.114502,52.734375,60.935574,hann
0,1.070197,116,679.687500,4.708540,52.734375,60.935574,hann
0,1.070197,117,685.546875,10.096172,52.734375,60.935574,hann
0,1.070197,118,691.406250,24.126457,52.734375,60.935574,hann
0,1.070197,119,697.265625,32.128407,52.734375,60.935574,hann
0,1.070197,120,703.125000,29.403526,52.734375,60.935574,hann
0,1.070197,121,708.984375,15.889592,52.734375,60.935574,hann
0,1.070197,122,714.843750,6.251090,52.734375,60.935574,hann
0,1.070197,123,720.703125,0.694371,52.734375,60.935574,hann
0,1.070197,124,726.562500,5.212767,52.734375,60.935574,hann
0,1.070197,125,732.421875,9.074401,52.734375,60.935574,hann
0,1.070197,126,738.281250,9.851000,52.734375,60.935574,hann
0,1.070197,127,744.140625,19.256660,52.734375,60.935574,hann
0,1.070197,128,750.000000,21.131126,52.734375,60.935574,hann
0,1.070197,129,755.859375,-11.529101,52.734375,60.935574,hann
0,1.070197,130,761.718750,13.174466,52.734375,60.935574,hann
0,1.070197,131,767.578125,13.975568,52.734375,60.935574,hann
0,1.070197,132,773.437500,14.235282,52.734375,60.935574,hann
0,1.070197,133,779.296875,11.691360,52.734375,60.935574,hann
0,1.070197,134,785.156250,7.521043,52.734375,60.935574,hann
0,1.070197,135,791.015625,16.481956,52.734375,60.935574,hann
0,1.070197,136,796.875000,25.265333,52.734375,60.935574,hann
0,1.070197,137,802.734375,22.776737,52.734375,60.935574,hann
0,1.070197,138,808.593750,9.378505,52.734375,60.935574,hann
0,1.070197,139,814.453125,-6.766186,52.734375,60.935574,hann
0,1.070197,140,820.312500,4.505571,52.734375,60.935574,hann
0,1.070197,141,826.171875,4.007443,52.734375,60.935574,hann
0,1.070197,142,832.031250,6.297273,52.734375,60.935574,hann
0,1.070197,143,837.890625,9.772305,52.734375,60.935574,hann
0,1.070197,144,843.750000,10.626244,52.734375,60.935574,hann
0,1.070197,145,849.609375,15.409067,52.734375,60.935574,hann
0,1.070197,146,855.468750,10.980554,52.734375,60.935574,hann
0,1.070197,147,861.328125,7.620149,52.734375,60.935574,hann
0,1.070197,148,867.187500,10.373005,52.734375,60.935574,hann
0,1.070197,149,873.046875,1.869418,52.734375,60.935574,hann
0,1.070197,150,878.906250,3.036020,52.734375,60.935574,hann
0,1.070197,151,884.765625,13.474727,52.734375,60.935574,hann
0,1.070197,152,890.625000,16.799517,52.734375,60.935574,hann
0,1.070197,153,896.484375,24.125261,52.734375,60.935574,hann
0,1.070197,154,902.343750,23.217960,52.734375,60.935574,hann
0,1.070197,155,908.203125,11.156816,52.734375,60.935574,hann
0,1.070197,156,914.062500,-0.827326,52.734375,60.935574,hann
0,1.070197,157,919.921875,5.213164,52.734375,60.935574,hann
0,1.070197,158,925.781250,12.339071,52.734375,60.935574,hann
0,1.070197,159,931.640625,11.348313,52.734375,60.935574,hann
0,1.070197,160,937.500000,-1.813666,52.734375,60.935574,hann
0,1.070197,161,943.359375,18.001030,52.734375,60.935574,hann
0,1.070197,162,949.218750,20.558081,52.734375,60.935574,hann
0,1.070197,163,955.078125,16.241840,52.734375,60.935574,hann
0,1.070197,164,960.937500,10.574398,52.734375,60.935574,hann
0,1.070197,165,966.796875,7.251373,52.734375,60.935574,hann
0,1.070197,166,972.656250,2.765128,52.734375,60.935574,hann
0,1.070197,167,978.515625,10.143947,52.734375,60.935574,hann
0,1.070197,168,984.375000,13.880131,52.734375,60.935574,hann
0,1.070197,169,990.234375,18.110153,52.734375,60.935574,hann
0,1.070197,170,996.093750,25.570381,52.734375,60.935574,hann
0,1.070197,171,1001.953125,24.956333,52.734375,60.935574,hann
0,1.070197,172,1007.812500,16.708357,52.734375,60.935574,hann
0,1.070197,173,1013.671875,4.676608,52.734375,60.935574,hann
0,1.070197,174,1019.531250,0.121129,52.734375,60.935574,hann
0,1.070197,175,1025.390625,-4.082684,52.734375,60.935574,hann
0,1.070197,176,1031.250000,2.860291,52.734375,60.935574,hann
0,1.070197,177,1037.109375,15.786198,52.734375,60.935574,hann
0,1.070197,178,1042.968750,24.944714,52.734375,60.935574,hann
0,1.070197,179,1048.828125,27.257090,52.734375,60.935574,hann
0,1.070197,180,1054.687500,20.828575,52.734375,60.935574,hann
0,1.070197,181,1060.546875,7.314498,52.734375,60.935574,hann
0,1.070197,182,1066.406250,11.053425,52.734375,60.935574,hann
0,1.070197,183,1072.265625,6.246691,52.734375,60.935574,hann
0,1.070197,184,1078.125000,10.937146,52.734375,60.935574,hann
0,1.070197,185,1083.984375,10.115365,52.734375,60.935574,hann
0,1.070197,186,1089.843750,17.214680,52.734375,60.935574,hann
0,1.070197,187,1095.703125,25.372215,52.734375,60.935574,hann
0,1.070197,188,1101.562500,25.206688,52.734375,60.935574,hann
0,1.070197,189,1107.421875,14.007688,52.734375,60.935574,hann
0,1.070197,190,1113.281250,8.377503,52.734375,60.935574,hann
0,1.070197,191,1119.140625,13.736466,52.734375,60.935574,hann
0,1.070197,192,1125.000000,9.953409,52.734375,60.935574,hann
0,1.070197,193,1130.859375,10.744081,52.734375,60.935574,hann
0,1.070197,194,1136.718750,-2.114229,52.734375,60.935574,hann
0,1.070197,195,1142.578125,21.994560,52.734375,60.935574,hann
0,1.070197,196,1148.437500,28.792397,52.734375,60.935574,hann
0,1.070197,197,1154.296875,21.925735,52.734375,60.935574,hann
0,1.070197,198,1160.156250,8.494941,52.734375,60.935574,hann
0,1.070197,199,1166.015625,-6.187763,52.734375,60.935574,hann
0,1.070197,200,1171.875000,-0.013207,52.734375,60.935574,hann
0,1.070197,201,1177.734375,-2.796839,52.734375,60.935574,hann
0,1.070197,202,1183.593750,8.963189,52.734375,60.935574,hann
0,1.070197,203,1189.453125,14.292835,52.734375,60.935574,hann
0,1.070197,204,1195.312500,22.417109,52.734375,60.935574,hann
0,1.070197,205,1201.171875,21.787806,52.734375,60.935574,hann
0,1.070197,206,1207.031250,13.387704,52.734375,60.935574,hann
0,1.070197,207,1212.890625,9.007532,52.734375,60.935574,hann
0,1.070197,208,1218.750000,12.967290,52.734375,60.935574,hann
0,1.070197,209,1224.609375,0.387144,52.734375,60.935574,hann
0,1.070197,210,1230.468750,3.013884,52.734375,60.935574,hann
0,1.070197,211,1236.328125,16.360510,52.734375,60.935574,hann
0,1.070197,212,1242.187500,26.412029,52.734375,60.935574,hann
0,1.070197,213,1248.046875,28.535831,52.734375,60.935574,hann
0,1.070197,214,1253.906250,21.456144,52.734375,60.935574,hann
0,1.070197,215,1259.765625,7.589396,52.734375,60.935574,hann
0,1.070197,216,1265.625000,8.594577,52.734375,60.935574,hann
0,1.070197,217,1271.484375,8.867827,52.734375,60.935574,hann
0,1.070197,218,1277.343750,11.117658,52.734375,60.935574,hann
0,1.070197,219,1283.203125,9.527680,52.734375,60.935574,hann
0,1.070197,220,1289.062500,10.699337,52.734375,60.935574,hann
0,1.070197,221,1294.921875,17.933710,52.734375,60.935574,hann
0,1.070197,222,1300.781250,17.750057,52.734375,60.935574,hann
0,1.070197,223,1306.640625,8.919660,52.734375,60.935574,hann
0,1.070197,224,1312.500000,6.840252,52.734375,60.935574,hann
0,1.070197,225,1318.359375,10.468722,52.734375,60.935574,hann
0,1.070197,226,1324.218750,9.819473,52.734375,60.935574,hann
0,1.070197,227,1330.078125,5.487927,52.734375,60.935574,hann
0,1.070197,228,1335.937500,7.219169,52.734375,60.935574,hann
0,1.070197,229,1341.796875,20.044376,52.734375,60.935574,hann
0,1.070197,230,1347.656250,26.738892,52.734375,60.935574,hann
0,1.070197,231,1353.515625,23.720734,52.734375,60.935574,hann
0,1.070197,232,1359.375000,15.628359,52.734375,60.935574,hann
0,1.070197,233,1365.234375,10.692545,52.734375,60.935574,hann
0,1.070197,234,1371.093750,9.963994,52.734375,60.935574,hann
0,1.070197,235,1376.953125,-2.666038,52.734375,60.935574,hann
0,1.070197,236,1382.812500,6.121229,52.734375,60.935574,hann
0,1.070197,237,1388.671875,14.168629,52.734375,60.935574,hann
0,1.070197,238,1394.531250,22.051954,52.734375,60.935574,hann
0,1.070197,239,1400.390625,21.301653,52.734375,60.935574,hann
0,1.070197,240,1406.250000,-13.165649,52.734375,60.935574,hann
0,1.070197,241,1412.109375,15.402240,52.734375,60.935574,hann
0,1.070197,242,1417.968750,13.071653,52.734375,60.935574,hann
0,1.070197,243,1423.828125,11.280418,52.734375,60.935574,hann
0,1.070197,244,1429.687500,9.944742,52.734375,60.935574,hann
0,1.070197,245,1435.546875,14.443905,52.734375,60.935574,hann
0,1.070197,246,1441.406250,24.138201,52.734375,60.935574,hann
0,1.070197,247,1447.265625,27.255365,52.734375,60.935574,hann
0,1.070197,248,1453.125000,21.638557,52.734375,60.935574,hann
0,1.070197,249,1458.984375,7.010115,52.734375,60.935574,hann
0,1.070197,250,1464.843750,5.279037,52.734375,60.935574,hann
0,1.070197,251,1470.703125,9.327403,52.734375,60.935574,hann
0,1.070197,252,1476.562500,8.713152,52.734375,60.935574,hann
0,1.070197,253,1482.421875,6.604542,52.734375,60.935574,hann
0,1.070197,254,1488.281250,14.648188,52.734375,60.935574,hann
0,1.070197,255,1494.140625,22.578636,52.734375,60.935574,hann
0,1.070197,256,1500.000000,22.926239,52.734375,60.935574,hann
0,1.070197,257,1505.859375,10.377123,52.734375,60.935574,hann
0,1.070197,258,1511.718750,5.567839,52.734375,60.935574,hann
0,1.070197,259,1517.578125,0.744957,52.734375,60.935574,hann
0,1.070197,260,1523.437500,3.707433,52.734375,60.935574,hann
0,1.070197,261,1529.296875,7.734625,52.734375,60.935574,hann
0,1.070197,262,1535.156250,1.677963,52.734375,60.935574,hann
0,1.070197,263,1541.015625,8.061565,52.734375,60.935574,hann
0,1.070197,264,1546.875000,20.173248,52.734375,60.935574,hann
0,1.070197,265,1552.734375,17.550125,52.734375,60.935574,hann
0,1.070197,266,1558.593750,7.011683,52.734375,60.935574,hann
0,1.070197,267,1564.453125,9.473907,52.734375,60.935574,hann
0,1.070197,268,1570.312500,11.660886,52.734375,60.935574,hann
0,1.070197,269,1576.171875,16.352192,52.734375,60.935574,hann
0,1.070197,270,1582.031250,12.641439,52.734375,60.935574,hann
0,1.070197,271,1587.890625,11.976450,52.734375,60.935574,hann
0,1.070197,272,1593.750000,25.561552,52.734375,60.935574,hann
0,1.070197,273,1599.609375,26.899927,52.734375,60.935574,hann
0,1.070197,274,1605.468750,18.299973,52.734375,60.935574,hann
0,1.070197,275,1611.328125,10.705578,52.734375,60.935574,hann
0,1.070197,276,1617.187500,10.008858,52.734375,60.935574,hann
0,1.070197,277,1623.046875,12.888042,52.734375,60.935574,hann
0,1.070197,278,1628.906250,16.293720,52.734375,60.935574,hann
0,1.070197,279,1634.765625,15.510097,52.734375,60.935574,hann
0,1.070197,280,1640.625000,19.213036,52.734375,60.935574,hann
0,1.070197,281,1646.484375,23.082609,52.734375,60.935574,hann
0,1.070197,282,1652.343750,20.292540,52.734375,60.935574,hann
0,1.070197,283,1658.203125,12.014769,52.734375,60.935574,hann
0,1.070197,284,1664.062500,5.818666,52.734375,60.935574,hann
0,1.070197,285,1669.921875,9.604797,52.734375,60.935574,hann
0,1.070197,286,1675.781250,9.847332,52.734375,60.935574,hann
0,1.070197,287,1681.640625,12.162646,52.734375,60.935574,hann
0,1.070197,288,1687.500000,13.812943,52.734375,60.935574,hann
0,1.070197,289,1693.359375,26.251715,52.734375,60.935574,hann
0,1.070197,290,1699.218750,28.480051,52.734375,60.935574,hann
0,1.070197,291,1705.078125,20.438595,52.734375,60.935574,hann
0,1.070197,292,1710.937500,6.463373,52.734375,60.935574,hann
0,1.070197,293,1716.796875,-0.517843,52.734375,60.935574,hann
0,1.070197,294,1722.656250,3.146144,52.734375,60.935574,hann
0,1.070197,295,1728.515625,10.401553,52.734375,60.935574,hann
0,1.070197,296,1734.375000,9.247531,52.734375,60.935574,hann
0,1.070197,297,1740.234375,11.397299,52.734375,60.935574,hann
0,1.070197,298,1746.093750,17.191257,52.734375,60.935574,hann
0,1.070197,299,1751.953125,20.875156,52.734375,60.935574,hann
0,1.070197,300,1757.812500,19.982433,52.734375,60.935574,hann
0,1.070197,301,1763.671875,4.679628,52.734375,60.935574,hann
0,1.070197,302,1769.531250,12.411796,52.734375,60.935574,hann
0,1.070197,303,1775.390625,15.820496,52.734375,60.935574,hann
0,1.070197,304,1781.250000,11.132622,52.734375,60.935574,hann
0,1.070197,305,1787.109375,5.963826,52.734375,60.935574,hann
0,1.070197,306,1792.968750,26.954388,52.734375,60.935574,hann
0,1.070197,307,1798.828125,30.353157,52.734375,60.935574,hann
0,1.070197,308,1804.687500,24.964211,52.734375,60.935574,hann
0,1.070197,309,1810.546875,12.289272,52.734375,60.935574,hann
0,1.070197,310,1816.406250,7.004133,52.734375,60.935574,hann
0,1.070197,311,1822.265625,-6.178563,52.734375,60.935574,hann
0,1.070197,312,1828.125000,8.680978,52.734375,60.935574,hann
0,1.070197,313,1833.984375,12.841719,52.734375,60.935574,hann
0,1.070197,314,1839.843750,9.036339,52.734375,60.935574,hann
0,1.070197,315,1845.703125,24.626217,52.734375,60.935574,hann
0,1.070197,316,1851.562500,23.902802,52.734375,60.935574,hann
0,1.070197,317,1857.421875,21.076103,52.734375,60.935574,hann
0,1.070197,318,1863.281250,14.383831,52.734375,60.935574,hann
0,1.070197,319,1869.140625,2.312759,52.734375,60.935574,hann
0,1.070197,320,1875.000000,11.724805,52.734375,60.935574,hann
0,1.070197,321,1880.859375,3.424440,52.734375,60.935574,hann
0,1.070197,322,1886.718750,8.151045,52.734375,60.935574,hann
0,1.070197,323,1892.578125,30.034964,52.734375,60.935574,hann
0,1.070197,324,1898.437500,33.681850,52.734375,60.935574,hann
0,1.070197,325,1904.296875,27.234135,52.734375,60.935574,hann
0,1.070197,326,1910.156250,18.150513,52.734375,60.935574,hann
0,1.070197,327,1916.015625,16.257610,52.734375,60.935574,hann
0,1.070197,328,1921.875000,14.379306,52.734375,60.935574,hann
0,1.070197,329,1927.734375,6.354702,52.734375,60.935574,hann
0,1.070197,330,1933.593750,24.946377,52.734375,60.935574,hann
0,1.070197,331,1939.453125,27.054287,52.734375,60.935574,hann
0,1.070197,332,1945.312500,41.039612,52.734375,60.935574,hann
0,1.070197,333,1951.171875,40.451488,52.734375,60.935574,hann
0,1.070197,334,1957.031250,33.982441,52.734375,60.935574,hann
0,1.070197,335,1962.890625,24.482140,52.734375,60.935574,hann
0,1.070197,336,1968.750000,27.488546,52.734375,60.935574,hann
0,1.070197,337,1974.609375,29.258196,52.734375,60.935574,hann
0,1.070197,338,1980.468750,30.218357,52.734375,60.935574,hann
0,1.070197,339,1986.328125,38.160427,52.734375,60.935574,hann
0,1.070197,340,1992.187500,56.186806,52.734375,60.935574,hann
0,1.070197,341,1998.046875,59.136040,52.734375,60.935574,hann
0,1.070197,342,2003.906250,49.503536,52.734375,60.935574,hann
0,1.070197,343,2009.765625,31.612011,52.734375,60.935574,hann
0,1.070197,344,2015.625000,28.068430,52.734375,60.935574,hann
0,1.070197,345,2021.484375,26.194574,52.734375,60.935574,hann
0,1.070197,346,2027.343750,21.979761,52.734375,60.935574,hann
0,1.070197,347,2033.203125,25.071545,52.734375,60.935574,hann
0,1.070197,348,2039.062500,20.529930,52.734375,60.935574,hann
0,1.070197,349,2044.921875,38.289940,52.734375,60.935574,hann
0,1.070197,350,2050.781250,39.678463,52.734375,60.935574,hann
0,1.070197,351,2056.640625,36.315910,52.734375,60.935574,hann
0,1.070197,352,2062.500000,26.592093,52.734375,60.935574,hann
0,1.070197,353,2068.359375,22.027908,52.734375,60.935574,hann
0,1.070197,354,2074.218750,19.750383,52.734375,60.935574,hann
0,1.070197,355,2080.078125,14.876471,52.734375,60.935574,hann
0,1.070197,356,2085.937500,6.219159,52.734375,60.935574,hann
0,1.070197,357,2091.796875,30.451981,52.734375,60.935574,hann
0,1.070197,358,2097.656250,34.204842,52.734375,60.935574,hann
0,1.070197,359,2103.515625,28.654993,52.734375,60.935574,hann
0,1.070197,360,2109.375000,19.214231,52.734375,60.935574,hann
0,1.070197,361,2115.234375,16.631235,52.734375,60.935574,hann
0,1.070197,362,2121.093750,15.536843,52.734375,60.935574,hann
0,1.070197,363,2126.953125,13.012996,52.734375,60.935574,hann
0,1.070197,364,2132.812500,7.650470,52.734375,60.935574,hann
0,1.070197,365,2138.671875,17.022905,52.734375,60.935574,hann
0,1.070197,366,2144.531250,25.338539,52.734375,60.935574,hann
0,1.070197,367,2150.390625,25.607786,52.734375,60.935574,hann
0,1.070197,368,2156.250000,21.859745,52.734375,60.935574,hann
0,1.070197,369,2162.109375,14.604503,52.734375,60.935574,hann
0,1.070197,370,2167.968750,2.856257,52.734375,60.935574,hann
0,1.070197,371,2173.828125,15.369286,52.734375,60.935574,hann
0,1.070197,372,2179.687500,14.532326,52.734375,60.935574,hann
0,1.070197,373,2185.546875,3.274435,52.734375,60.935574,hann
0,1.070197,374,2191.406250,18.809046,52.734375,60.935574,hann
0,1.070197,375,2197.265625,24.665939,52.734375,60.935574,hann
0,1.070197,376,2203.125000,21.922808,52.734375,60.935574,hann
0,1.070197,377,2208.984375,16.675117,52.734375,60.935574,hann
0,1.070197,378,2214.843750,6.889935,52.734375,60.935574,hann
0,1.070197,379,2220.703125,2.841870,52.734375,60.935574,hann
0,1.070197,380,2226.562500,7.331557,52.734375,60.935574,hann
0,1.070197,381,2232.421875,14.270101,52.734375,60.935574,hann
0,1.070197,382,2238.281250,18.943161,52.734375,60.935574,hann
0,1.070197,383,2244.140625,25.518002,52.734375,60.935574,hann
0,1.070197,384,2250.000000,23.819706,52.734375,60.935574,hann
0,1.070197,385,2255.859375,9.799229,52.734375,60.935574,hann
0,1.070197,386,2261.718750,-3.193834,52.734375,60.935574,hann
0,1.070197,387,2267.578125,-3.073900,52.734375,60.935574,hann
0,1.070197,388,2273.437500,10.582090,52.734375,60.935574,hann
0,1.070197,389,2279.296875,5.932844,52.734375,60.935574,hann
0,1.070197,390,2285.156250,10.172985,52.734375,60.935574,hann
0,1.070197,391,2291.015625,14.933902,52.734375,60.935574,hann
0,1.070197,392,2296.875000,16.830328,52.734375,60.935574,hann
0,1.070197,393,2302.734375,6.903925,52.734375,60.935574,hann
0,1.070197,394,2308.593750,0.895787,52.734375,60.935574,hann
0,1.070197,395,2314.453125,12.061842,52.734375,60.935574,hann
0,1.070197,396,2320.312500,10.882374,52.734375,60.935574,hann
0,1.070197,397,2326.171875,6.895400,52.734375,60.935574,hann
0,1.070197,398,2332.031250,2.091007,52.734375,60.935574,hann
0,1.070197,399,2337.890625,14.500757,52.734375,60.935574,hann
0,1.070197,400,2343.750000,24.259539,52.734375,60.935574,hann
0,1.070197,401,2349.609375,22.202299,52.734375,60.935574,hann
0,1.070197,402,2355.468750,3.675309,52.734375,60.935574,hann
0,1.070197,403,2361.328125,6.762253,52.734375,60.935574,hann
0,1.070197,404,2367.187500,11.291189,52.734375,60.935574,hann
0,1.070197,405,2373.046875,13.576483,52.734375,60.935574,hann
0,1.070197,406,2378.906250,11.796661,52.734375,60.935574,hann
0,1.070197,407,2384.765625,12.015371,52.734375,60.935574,hann
0,1.070197,408,2390.625000,14.499798,52.734375,60.935574,hann
0,1.070197,409,2396.484375,19.961416,52.734375,60.935574,hann
0,1.070197,410,2402.343750,15.950746,52.734375,60.935574,hann
0,1.070197,411,2408.203125,10.228177,52.734375,60.935574,hann
0,1.070197,412,2414.062500,2.206946,52.734375,60.935574,hann
0,1.070197,413,2419.921875,-1.845648,52.734375,60.935574,hann
0,1.070197,414,2425.781250,-0.613820,52.734375,60.935574,hann
0,1.070197,415,2431.640625,6.964118,52.734375,60.935574,hann
0,1.070197,416,2437.500000,11.008299,52.734375,60.935574,hann
0,1.070197,417,2443.359375,22.463913,52.734375,60.935574,hann
0,1.070197,418,2449.218750,20.267527,52.734375,60.935574,hann
0,1.070197,419,2455.078125,7.987554,52.734375,60.935574,hann
0,1.070197,420,2460.937500,4.841190,52.734375,60.935574,hann
0,1.070197,421,2466.796875,7.723875,52.734375,60.935574,hann
0,1.070197,422,2472.656250,12.833689,52.734375,60.935574,hann
0,1.070197,423,2478.515625,12.728540,52.734375,60.935574,hann
0,1.070197,424,2484.375000,8.167379,52.734375,60.935574,hann
0,1.070197,425,2490.234375,17.186691,52.734375,60.935574,hann
0,1.070197,426,2496.093750,16.368029,52.734375,60.935574,hann
0,1.070197,427,2501.953125,-5.865396,52.734375,60.935574,hann
0,1.070197,428,2507.812500,-5.722659,52.734375,60.935574,hann
0,1.070197,429,2513.671875,12.568393,52.734375,60.935574,hann
0,1.070197,430,2519.531250,11.069906,52.734375,60.935574,hann
0,1.070197,431,2525.390625,11.337725,52.734375,60.935574,hann
0,1.070197,432,2531.250000,10.812510,52.734375,60.935574,hann
0,1.070197,433,2537.109375,8.514311,52.734375,60.935574,hann
0,1.070197,434,2542.968750,19.175388,52.734375,60.935574,hann
0,1.070197,435,2548.828125,18.039173,52.734375,60.935574,hann
0,1.070197,436,2554.687500,-1.388145,52.734375,60.935574,hann
0,1.070197,437,2560.546875,2.947343,52.734375,60.935574,hann
0,1.070197,438,2566.406250,3.047967,52.734375,60.935574,hann
0,1.070197,439,2572.265625,6.505802,52.734375,60.935574,hann
0,1.070197,440,2578.125000,6.017735,52.734375,60.935574,hann
0,1.070197,441,2583.984375,8.895339,52.734375,60.935574,hann
0,1.070197,442,2589.843750,15.355840,52.734375,60.935574,hann
0,1.070197,443,2595.703125,14.267782,52.734375,60.935574,hann
0,1.070197,444,2601.562500,11.093332,52.734375,60.935574,hann
0,1.070197,445,2607.421875,12.636803,52.734375,60.935574,hann
0,1.070197,446,2613.281250,9.885882,52.734375,60.935574,hann
0,1.070197,447,2619.140625,11.465656,52.734375,60.935574,hann
0,1.070197,448,2625.000000,9.149074,52.734375,60.935574,hann
0,1.070197,449,2630.859375,-5.678673,52.734375,60.935574,hann
0,1.070197,450,2636.718750,10.939524,52.734375,60.935574,hann
0,1.070197,451,2642.578125,18.009689,52.734375,60.935574,hann
0,1.070197,452,2648.437500,19.611008,52.734375,60.935574,hann
0,1.070197,453,2654.296875,16.197422,52.734375,60.935574,hann
0,1.070197,454,2660.156250,12.558204,52.734375,60.935574,hann
0,1.070197,455,2666.015625,6.642202,52.734375,60.935574,hann
0,1.070197,456,2671.875000,9.060026,52.734375,60.935574,hann
0,1.070197,457,2677.734375,16.812677,52.734375,60.935574,hann
0,1.070197,458,2683.593750,13.341648,52.734375,60.935574,hann
0,1.070197,459,2689.453125,13.928387,52.734375,60.935574,hann
0,1.070197,460,2695.312500,14.285430,52.734375,60.935574,hann
0,1.070197,461,2701.171875,12.817451,52.734375,60.935574,hann
0,1.070197,462,2707.031250,16.660793,52.734375,60.935574,hann
0,1.070197,463,2712.890625,7.842838,52.734375,60.935574,hann
0,1.070197,464,2718.750000,13.298847,52.734375,60.935574,hann
0,1.070197,465,2724.609375,16.367048,52.734375,60.935574,hann
0,1.070197,466,2730.468750,12.243423,52.734375,60.935574,hann
0,1.070197,467,2736.328125,9.800000,52.734375,60.935574,hann
0,1.070197,468,2742.187500,12.959514,52.734375,60.935574,hann
0,1.070197,469,2748.046875,16.134989,52.734375,60.935574,hann
0,1.070197,470,2753.906250,-6.147802,52.734375,60.935574,hann
0,1.070197,471,2759.765625,10.192503,52.734375,60.935574,hann
0,1.070197,472,2765.625000,3.687509,52.734375,60.935574,hann
0,1.070197,473,2771.484375,5.813069,52.734375,60.935574,hann
0,1.070197,474,2777.343750,8.406663,52.734375,60.935574,hann
0,1.070197,475,2783.203125,-0.517686,52.734375,60.935574,hann
0,1.070197,476,2789.062500,14.090756,52.734375,60.935574,hann
0,1.070197,477,2794.921875,20.385414,52.734375,60.935574,hann
0,1.070197,478,2800.781250,11.455568,52.734375,60.935574,hann
0,1.070197,479,2806.640625,9.966858,52.734375,60.935574,hann
0,1.070197,480,2812.500000,-0.098039,52.734375,60.935574,hann
0,1.070197,481,2818.359375,9.811793,52.734375,60.935574,hann
0,1.070197,482,2824.218750,15.787769,52.734375,60.935574,hann
0,1.070197,483,2830.078125,9.941170,52.734375,60.935574,hann
0,1.070197,484,2835.937500,6.772215,52.734375,60.935574,hann
0,1.070197,485,2841.796875,8.450418,52.734375,60.935574,hann
0,1.070197,486,2847.656250,11.919737,52.734375,60.935574,hann
0,1.070197,487,2853.515625,3.698881,52.734375,60.935574,hann
0,1.070197,488,2859.375000,-0.908585,52.734375,60.935574,hann
0,1.070197,489,2865.234375,8.322173,52.734375,60.935574,hann
0,1.070197,490,2871.093750,14.224499,52.734375,60.935574,hann
0,1.070197,491,2876.953125,13.742596,52.734375,60.935574,hann
0,1.070197,492,2882.812500,11.623903,52.734375,60.935574,hann
0,1.070197,493,2888.671875,11.609515,52.734375,60.935574,hann
0,1.070197,494,2894.531250,19.368889,52.734375,60.935574,hann
0,1.070197,495,2900.390625,-11.663845,52.734375,60.935574,hann
0,1.070197,496,2906.250000,18.431280,52.734375,60.935574,hann
0,1.070197,497,2912.109375,12.920957,52.734375,60.935574,hann
0,1.070197,498,2917.968750,8.513136,52.734375,60.935574,hann
0,1.070197,499,2923.828125,12.410426,52.734375,60.935574,hann
0,1.070197,500,2929.687500,13.311114,52.734375,60.935574,hann
0,1.070197,501,2935.546875,4.499996,52.734375,60.935574,hann
0,1.070197,502,2941.406250,11.843896,52.734375,60.935574,hann
0,1.070197,503,2947.265625,16.052990,52.734375,60.935574,hann
0,1.070197,504,2953.125000,13.574396,52.734375,60.935574,hann
0,1.070197,505,2958.984375,2.633137,52.734375,60.935574,hann
0,1.070197,506,2964.843750,3.002412,52.734375,60.935574,hann
0,1.070197,507,2970.703125,10.986612,52.734375,60.935574,hann
0,1.070197,508,2976.562500,13.980282,52.734375,60.935574,hann
0,1.070197,509,2982.421875,14.318171,52.734375,60.935574,hann
0,1.070197,510,2988.281250,11.718405,52.734375,60.935574,hann
0,1.070197,511,2994.140625,16.535517,52.734375,60.935574,hann
1,2.092560,0,0.000000,34.498627,52.734375,60.572594,hann
1,2.092560,1,5.859375,42.484497,52.734375,60.572594,hann
1,2.092560,2,11.718750,41.910595,52.734375,60.572594,hann
1,2.092560,3,17.578125,32.868393,52.734375,60.572594,hann
1,2.092560,4,23.437500,22.861740,52.734375,60.572594,hann
1,2.092560,5,29.296875,17.366949,52.734375,60.572594,hann
1,2.092560,6,35.156250,30.410175,52.734375,60.572594,hann
1,2.092560,7,41.015625,46.068150,52.734375,60.572594,hann
1,2.092560,8,46.875000,60.412601,52.734375,60.572594,hann
1,2.092560,9,52.734375,60.572594,52.734375,60.572594,hann
1,2.092560,10,58.593750,46.627865,52.734375,60.572594,hann
1,2.092560,11,64.453125,31.071196,52.734375,60.572594,hann
1,2.092560,12,70.312500,24.064550,52.734375,60.572594,hann
1,2.092560,13,76.171875,13.376759,52.734375,60.572594,hann
1,2.092560,14,82.031250,21.573116,52.734375,60.572594,hann
1,2.092560,15,87.890625,19.590736,52.734375,60.572594,hann
1,2.092560,16,93.750000,47.986317,52.734375,60.572594,hann
1,2.092560,17,99.609375,54.615959,52.734375,60.572594,hann
1,2.092560,18,105.468750,49.183060,52.734375,60.572594,hann
1,2.092560,19,111.328125,22.693638,52.734375,60.572594,hann
1,2.092560,20,117.187500,15.704273,52.734375,60.572594,hann
1,2.092560,21,123.046875,12.719955,52.734375,60.572594,hann
1,2.092560,22,128.906250,4.593980,52.734375,60.572594,hann
1,2.092560,23,134.765625,18.370600,52.734375,60.572594,hann
1,2.092560,24,140.625000,30.574936,52.734375,60.572594,hann
1,2.092560,25,146.484375,45.437378,52.734375,60.572594,hann
1,2.092560,26,152.343750,45.925339,52.734375,60.572594,hann
1,2.092560,27,158.203125,32.594807,52.734375,60.572594,hann
1,2.092560,28,164.062500,14.879023,52.734375,60.572594,hann
1,2.092560,29,169.921875,14.818597,52.734375,60.572594,hann
1,2.092560,30,175.781250,13.545721,52.734375,60.572594,hann
1,2.092560,31,181.640625,2.622601,52.734375,60.572594,hann
1,2.092560,32,187.500000,4.650482,52.734375,60.572594,hann
1,2.092560,33,193.359375,30.711699,52.734375,60.572594,hann
1,2.092560,34,199.218750,37.724857,52.734375,60.572594,hann
1,2.092560,35,205.078125,32.306530,52.734375,60.572594,hann
1,2.092560,36,210.937500,4.395438,52.734375,60.572594,hann
1,2.092560,37,216.796875,-8.318756,52.734375,60.572594,hann
1,2.092560,38,222.656250,3.928017,52.734375,60.572594,hann
1,2.092560,39,228.515625,6.570515,52.734375,60.572594,hann
1,2.092560,40,234.375000,5.237867,52.734375,60.572594,hann
1,2.092560,41,240.234375,6.389024,52.734375,60.572594,hann
1,2.092560,42,246.093750,23.679565,52.734375,60.572594,hann
1,2.092560,43,251.953125,26.539715,52.734375,60.572594,hann
1,2.092560,44,257.812500,21.537382,52.734375,60.572594,hann
1,2.092560,45,263.671875,13.736830,52.734375,60.572594,hann
1,2.092560,46,269.531250,-6.008608,52.734375,60.572594,hann
1,2.092560,47,275.390625,8.525971,52.734375,60.572594,hann
1,2.092560,48,281.250000,9.466360,52.734375,60.572594,hann
1,2.092560,49,287.109375,12.954779,52.734375,60.572594,hann
1,2.092560,50,292.968750,29.846897,52.734375,60.572594,hann
1,2.092560,51,298.828125,37.182076,52.734375,60.572594,hann
1,2.092560,52,304.687500,32.455383,52.734375,60.572594,hann
1,2.092560,53,310.546875,15.591810,52.734375,60.572594,hann
1,2.092560,54,316.406250,10.208558,52.734375,60.572594,hann
1,2.092560,55,322.265625,6.878776,52.734375,60.572594,hann
1,2.092560,56,328.125000,8.511567,52.734375,60.572594,hann
1,2.092560,57,333.984375,11.664799,52.734375,60.572594,hann
1,2.092560,58,339.843750,23.796289,52.734375,60.572594,hann
1,2.092560,59,345.703125,38.930553,52.734375,60.572594,hann
1,2.092560,60,351.562500,40.413612,52.734375,60.572594,hann
1,2.092560,61,357.421875,29.524096,52.734375,60.572594,hann
1,2.092560,62,363.281250,9.681432,52.734375,60.572594,hann
1,2.092560,63,369.140625,4.998787,52.734375,60.572594,hann
1,2.092560,64,375.000000,18.419983,52.734375,60.572594,hann
1,2.092560,65,380.859375,17.482437,52.734375,60.572594,hann
1,2.092560,66,386.718750,5.983698,52.734375,60.572594,hann
1,2.092560,67,392.578125,23.770817,52.734375,60.572594,hann
1,2.092560,68,398.437500,30.960749,52.734375,60.572594,hann
1,2.092560,69,404.296875,25.607845,52.734375,60.572594,hann
1,2.092560,70,410.156250,14.277205,52.734375,60.572594,hann
1,2.092560,71,416.015625,13.850223,52.734375,60.572594,hann
1,2.092560,72,421.875000,10.242215,52.734375,60.572594,hann
1,2.092560,73,427.734375,13.748437,52.734375,60.572594,hann
1,2.092560,74,433.593750,4.539655,52.734375,60.572594,hann
1,2.092560,75,439.453125,15.864867,52.734375,60.572594,hann
1,2.092560,76,445.312500,31.489613,52.734375,60.572594,hann
1,2.092560,77,451.171875,33.157291,52.734375,60.572594,hann
1,2.092560,78,457.031250,21.046738,52.734375,60.572594,hann
1,2.092560,79,462.890625,15.013689,52.734375,60.572594,hann
1,2.092560,80,468.750000,12.050169,52.734375,60.572594,hann
1,2.092560,81,474.609375,11.075954,52.734375,60.572594,hann
1,2.092560,82,480.468750,12.695800,52.734375,60.572594,hann
1,2.092560,83,486.328125,13.148424,52.734375,60.572594,hann
1,2.092560,84,492.187500,26.708397,52.734375,60.572594,hann
1,2.092560,85,498.046875,34.612629,52.734375,60.572594,hann
1,2.092560,86,503.906250,30.432789,52.734375,60.572594,hann
1,2.092560,87,509.765625,5.953483,52.734375,60.572594,hann
1,2.092560,88,515.625000,3.791647,52.734375,60.572594,hann
1,2.092560,89,521.484375,3.812029,52.734375,60.572594,hann
1,2.092560,90,527.343750,10.390197,52.734375,60.572594,hann
1,2.092560,91,533.203125,8.141510,52.734375,60.572594,hann
1,2.092560,92,539.062500,15.094367,52.734375,60.572594,hann
1,2.092560,93,544.921875,29.956188,52.734375,60.572594,hann
1,2.092560,94,550.781250,31.653568,52.734375,60.572594,hann
1,2.092560,95,556.640625,19.877300,52.734375,60.572594,hann
1,2.092560,96,562.500000,12.756077,52.734375,60.572594,hann
1,2.092560,97,568.359375,7.602377,52.734375,60.572594,hann
1,2.092560,98,574.218750,11.971462,52.734375,60.572594,hann
1,2.092560,99,580.078125,11.614037,52.734375,60.572594,hann
1,2.092560,100,585.937500,5.615659,52.734375,60.572594,hann
1,2.092560,101,591.796875,22.186943,52.734375,60.572594,hann
1,2.092560,102,597.656250,29.914684,52.734375,60.572594,hann
1,2.092560,103,603.515625,25.931259,52.734375,60.572594,hann
1,2.092560,104,609.375000,10.655084,52.734375,60.572594,hann
1,2.092560,105,615.234375,4.092440,52.734375,60.572594,hann
1,2.092560,106,621.093750,10.349673,52.734375,60.572594,hann
1,2.092560,107,626.953125,4.481001,52.734375,60.572594,hann
1,2.092560,108,632.812500,3.759374,52.734375,60.572594,hann
1,2.092560,109,638.671875,9.018612,52.734375,60.572594,hann
1,2.092560,110,644.531250,19.397579,52.734375,60.572594,hann
1,2.092560,111,650.390625,20.415516,52.734375,60.572594,hann
1,2.092560,112,656.250000,13.446529,52.734375,60.572594,hann
1,2.092560,113,662.109375,9.414483,52.734375,60.572594,hann
1,2.092560,114,667.968750,5.755945,52.734375,60.572594,hann
1,2.092560,115,673.828125,12.038080,52.734375,60.572594,hann
1,2.092560,116,679.687500,6.407633,52.734375,60.572594,hann
1,2.092560,117,685.546875,-0.533189,52.734375,60.572594,hann
1,2.092560,118,691.406250,18.209150,52.734375,60.572594,hann
1,2.092560,119,697.265625,26.760521,52.734375,60.572594,hann
1,2.092560,120,703.125000,23.120119,52.734375,60.572594,hann
1,2.092560,121,708.984375,15.488567,52.734375,60.572594,hann
1,2.092560,122,714.843750,11.915851,52.734375,60.572594,hann
1,2.092560,123,720.703125,7.598516,52.734375,60.572594,hann
1,2.092560,124,726.562500,13.120447,52.734375,60.572594,hann
1,2.092560,125,732.421875,6.868241,52.734375,60.572594,hann
1,2.092560,126,738.281250,2.938826,52.734375,60.572594,hann
1,2.092560,127,744.140625,22.761667,52.734375,60.572594,hann
1,2.092560,128,750.000000,26.529291,52.734375,60.572594,hann
1,2.092560,129,755.859375,17.149426,52.734375,60.572594,hann
1,2.092560,130,761.718750,9.008636,52.734375,60.572594,hann
1,2.092560,131,767.578125,2.895035,52.734375,60.572594,hann
1,2.092560,132,773.437500,8.701302,52.734375,60.572594,hann
1,2.092560,133,779.296875,9.108109,52.734375,60.572594,hann
1,2.092560,134,785.156250,10.684221,52.734375,60.572594,hann
1,2.092560,135,791.015625,6.588208,52.734375,60.572594,hann
1,2.092560,136,796.875000,18.006823,52.734375,60.572594,hann
1,2.092560,137,802.734375,16.909983,52.734375,60.572594,hann
1,2.092560,138,808.593750,10.701379,52.734375,60.572594,hann
1,2.092560,139,814.453125,9.096607,52.734375,60.572594,hann
1,2.092560,140,820.312500,-3.839887,52.734375,60.572594,hann
1,2.092560,141,826.171875,8.581910,52.734375,60.572594,hann
1,2.092560,142,832.031250,5.406971,52.734375,60.572594,hann
1,2.092560,143,837.890625,6.275704,52.734375,60.572594,hann
1,2.092560,144,843.750000,16.165886,52.734375,60.572594,hann
1,2.092560,145,849.609375,22.131483,52.734375,60.572594,hann
1,2.092560,146,855.468750,16.835129,52.734375,60.572594,hann
1,2.092560,147,861.328125,6.846173,52.734375,60.572594,hann
1,2.092560,148,867.187500,10.207330,52.734375,60.572594,hann
1,2.092560,149,873.046875,13.022511,52.734375,60.572594,hann
1,2.092560,150,878.906250,13.152225,52.734375,60.572594,hann
1,2.092560,151,884.765625,6.081867,52.734375,60.572594,hann
1,2.092560,152,890.625000,13.739037,52.734375,60.572594,hann
1,2.092560,153,896.484375,13.920115,52.734375,60.572594,hann
1,2.092560,154,902.343750,-29.221697,52.734375,60.572594,hann
1,2.092560,155,908.203125,8.796461,52.734375,60.572594,hann
1,2.092560,156,914.062500,1.320311,52.734375,60.572594,hann
1,2.092560,157,919.921875,6.580866,52.734375,60.572594,hann
1,2.092560,158,925.781250,2.912115,52.734375,60.572594,hann
1,2.092560,159,931.640625,3.083485,52.734375,60.572594,hann
1,2.092560,160,937.500000,9.135036,52.734375,60.572594,hann
1,2.092560,161,943.359375,21.037703,52.734375,60.572594,hann
1,2.092560,162,949.218750,24.383390,52.734375,60.572594,hann
1,2.092560,163,955.078125,18.438732,52.734375,60.572594,hann
1,2.092560,164,960.937500,6.623342,52.734375,60.572594,hann
1,2.092560,165,966.796875,-2.890924,52.734375,60.572594,hann
1,2.092560,166,972.656250,-7.270947,52.734375,60.572594,hann
1,2.092560,167,978.515625,5.228310,52.734375,60.572594,hann
1,2.092560,168,984.375000,7.805397,52.734375,60.572594,hann
1,2.092560,169,990.234375,0.682918,52.734375,60.572594,hann
1,2.092560,170,996.093750,9.961535,52.734375,60.572594,hann
1,2.092560,171,1001.953125,9.637080,52.734375,60.572594,hann
1,2.092560,172,1007.812500,9.293660,52.734375,60.572594,hann
1,2.092560,173,1013.671875,10.492726,52.734375,60.572594,hann
1,2.092560,174,1019.531250,-0.627902,52.734375,60.572594,hann
1,2.092560,175,1025.390625,-0.684196,52.734375,60.572594,hann
1,2.092560,176,1031.250000,8.113611,52.734375,60.572594,hann
1,2.092560,177,1037.109375,5.072198,52.734375,60.572594,hann
1,2.092560,178,1042.968750,17.586252,52.734375,60.572594,hann
1,2.092560,179,1048.828125,22.886408,52.734375,60.572594,hann
1,2.092560,180,1054.687500,14.696894,52.734375,60.572594,hann
1,2.092560,181,1060.546875,12.132770,52.734375,60.572594,hann
1,2.092560,182,1066.406250,8.659971,52.734375,60.572594,hann
1,2.092560,183,1072.265625,-4.286542,52.734375,60.572594,hann
1,2.092560,184,1078.125000,5.717747,52.734375,60.572594,hann
1,2.092560,185,1083.984375,6.298137,52.734375,60.572594,hann
1,2.092560,186,1089.843750,5.505276,52.734375,60.572594,hann
1,2.092560,187,1095.703125,16.534702,52.734375,60.572594,hann
1,2.092560,188,1101.562500,16.991173,52.734375,60.572594,hann
1,2.092560,189,1107.421875,10.174527,52.734375,60.572594,hann
1,2.092560,190,1113.281250,-9.984070,52.734375,60.572594,hann
1,2.092560,191,1119.140625,-0.932344,52.734375,60.572594,hann
1,2.092560,192,1125.000000,1.251334,52.734375,60.572594,hann
1,2.092560,193,1130.859375,2.832725,52.734375,60.572594,hann
1,2.092560,194,1136.718750,10.875370,52.734375,60.572594,hann
1,2.092560,195,1142.578125,19.414963,52.734375,60.572594,hann
1,2.092560,196,1148.437500,24.761440,52.734375,60.572594,hann
1,2.092560,197,1154.296875,19.675343,52.734375,60.572594,hann
1,2.092560,198,1160.156250,10.541288,52.734375,60.572594,hann
1,2.092560,199,1166.015625,6.073854,52.734375,60.572594,hann
1,2.092560,200,1171.875000,7.260859,52.734375,60.572594,hann
1,2.092560,201,1177.734375,9.152890,52.734375,60.572594,hann
1,2.092560,202,1183.593750,5.166941,52.734375,60.572594,hann
1,2.092560,203,1189.453125,14.553042,52.734375,60.572594,hann
1,2.092560,204,1195.312500,25.739172,52.734375,60.572594,hann
1,2.092560,205,1201.171875,25.188887,52.734375,60.572594,hann
1,2.092560,206,1207.031250,14.991145,52.734375,60.572594,hann
1,2.092560,207,1212.890625,4.424555,52.734375,60.572594,hann
1,2.092560,208,1218.750000,-2.416377,52.734375,60.572594,hann
1,2.092560,209,1224.609375,9.171494,52.734375,60.572594,hann
1,2.092560,210,1230.468750,8.288744,52.734375,60.572594,hann
1,2.092560,211,1236.328125,3.207720,52.734375,60.572594,hann
1,2.092560,212,1242.187500,16.352116,52.734375,60.572594,hann
1,2.092560,213,1248.046875,19.013058,52.734375,60.572594,hann
1,2.092560,214,1253.906250,8.424923,52.734375,60.572594,hann
1,2.092560,215,1259.765625,11.764084,52.734375,60.572594,hann
1,2.092560,216,1265.625000,10.329315,52.734375,60.572594,hann
1,2.092560,217,1271.484375,8.246801,52.734375,60.572594,hann
1,2.092560,218,1277.343750,3.420666,52.734375,60.572594,hann
1,2.092560,219,1283.203125,-4.484946,52.734375,60.572594,hann
1,2.092560,220,1289.062500,10.977961,52.734375,60.572594,hann
1,2.092560,221,1294.921875,22.128868,52.734375,60.572594,hann
1,2.092560,222,1300.781250,21.409616,52.734375,60.572594,hann
1,2.092560,223,1306.640625,3.642426,52.734375,60.572594,hann
1,2.092560,224,1312.500000,4.537965,52.734375,60.572594,hann
1,2.092560,225,1318.359375,2.912626,52.734375,60.572594,hann
1,2.092560,226,1324.218750,7.433586,52.734375,60.572594,hann
1,2.092560,227,1330.078125,11.920962,52.734375,60.572594,hann
1,2.092560,228,1335.937500,10.520527,52.734375,60.572594,hann
1,2.092560,229,1341.796875,19.794754,52.734375,60.572594,hann
1,2.092560,230,1347.656250,24.078384,52.734375,60.572594,hann
1,2.092560,231,1353.515625,18.582991,52.734375,60.572594,hann
1,2.092560,232,1359.375000,19.148827,52.734375,60.572594,hann
1,2.092560,233,1365.234375,11.886930,52.734375,60.572594,hann
1,2.092560,234,1371.093750,5.091595,52.734375,60.572594,hann
1,2.092560,235,1376.953125,2.853345,52.734375,60.572594,hann
1,2.092560,236,1382.812500,8.714791,52.734375,60.572594,hann
1,2.092560,237,1388.671875,-3.344769,52.734375,60.572594,hann
1,2.092560,238,1394.531250,11.108999,52.734375,60.572594,hann
1,2.092560,239,1400.390625,11.307829,52.734375,60.572594,hann
1,2.092560,240,1406.250000,9.980030,52.734375,60.572594,hann
1,2.092560,241,1412.109375,10.730068,52.734375,60.572594,hann
1,2.092560,242,1417.968750,11.483004,52.734375,60.572594,hann
1,2.092560,243,1423.828125,9.268948,52.734375,60.572594,hann
1,2.092560,244,1429.687500,11.739733,52.734375,60.572594,hann
1,2.092560,245,1435.546875,8.144251,52.734375,60.572594,hann
1,2.092560,246,1441.406250,10.012244,52.734375,60.572594,hann
1,2.092560,247,1447.265625,22.851465,52.734375,60.572594,hann
1,2.092560,248,1453.125000,19.682915,52.734375,60.572594,hann
1,2.092560,249,1458.984375,12.056339,52.734375,60.572594,hann
1,2.092560,250,1464.843750,9.775665,52.734375,60.572594,hann
1,2.092560,251,1470.703125,4.047616,52.734375,60.572594,hann
1,2.092560,252,1476.562500,5.576521,52.734375,60.572594,hann
1,2.092560,253,1482.421875,2.088694,52.734375,60.572594,hann
1,2.092560,254,1488.281250,2.560127,52.734375,60.572594,hann
1,2.092560,255,1494.140625,14.290496,52.734375,60.572594,hann
1,2.092560,256,1500.000000,14.428464,52.734375,60.572594,hann
1,2.092560,257,1505.859375,12.749599,52.734375,60.572594,hann
1,2.092560,258,1511.718750,11.884039,52.734375,60.572594,hann
1,2.092560,259,1517.578125,1.318476,52.734375,60.572594,hann
1,2.092560,260,1523.437500,-1.506452,52.734375,60.572594,hann
1,2.092560,261,1529.296875,1.438681,52.734375,60.572594,hann
1,2.092560,262,1535.156250,2.567632,52.734375,60.572594,hann
1,2.092560,263,1541.015625,12.176928,52.734375,60.572594,hann
1,2.092560,264,1546.875000,17.498175,52.734375,60.572594,hann
1,2.092560,265,1552.734375,5.596743,52.734375,60.572594,hann
1,2.092560,266,1558.593750,15.695969,52.734375,60.572594,hann
1,2.092560,267,1564.453125,14.369096,52.734375,60.572594,hann
1,2.092560,268,1570.312500,11.503382,52.734375,60.572594,hann
1,2.092560,269,1576.171875,0.533686,52.734375,60.572594,hann
1,2.092560,270,1582.031250,9.678739,52.734375,60.572594,hann
1,2.092560,271,1587.890625,3.078394,52.734375,60.572594,hann
1,2.092560,272,1593.750000,23.062057,52.734375,60.572594,hann
1,2.092560,273,1599.609375,24.282562,52.734375,60.572594,hann
1,2.092560,274,1605.468750,19.135714,52.734375,60.572594,hann
1,2.092560,275,1611.328125,19.608915,52.734375,60.572594,hann
1,2.092560,276,1617.187500,13.341190,52.734375,60.572594,hann
1,2.092560,277,1623.046875,7.311833,52.734375,60.572594,hann
1,2.092560,278,1628.906250,15.436695,52.734375,60.572594,hann
1,2.092560,279,1634.765625,0.667309,52.734375,60.572594,hann
1,2.092560,280,1640.625000,12.209672,52.734375,60.572594,hann
1,2.092560,281,1646.484375,21.802080,52.734375,60.572594,hann
1,2.092560,282,1652.343750,21.272001,52.734375,60.572594,hann
1,2.092560,283,1658.203125,18.316992,52.734375,60.572594,hann
1,2.092560,284,1664.062500,9.584099,52.734375,60.572594,hann
1,2.092560,285,1669.921875,12.426158,52.734375,60.572594,hann
1,2.092560,286,1675.781250,11.610761,52.734375,60.572594,hann
1,2.092560,287,1681.640625,5.352573,52.734375,60.572594,hann
1,2.092560,288,1687.500000,-0.568013,52.734375,60.572594,hann
1,2.092560,289,1693.359375,23.683537,52.734375,60.572594,hann
1,2.092560,290,1699.218750,26.151924,52.734375,60.572594,hann
1,2.092560,291,1705.078125,17.184771,52.734375,60.572594,hann
1,2.092560,292,1710.937500,10.558207,52.734375,60.572594,hann
1,2.092560,293,1716.796875,1.769782,52.734375,60.572594,hann
1,2.092560,294,1722.656250,9.855080,52.734375,60.572594,hann
1,2.092560,295,1728.515625,11.418688,52.734375,60.572594,hann
1,2.092560,296,1734.375000,12.677344,52.734375,60.572594,hann
1,2.092560,297,1740.234375,15.561611,52.734375,60.572594,hann
1,2.092560,298,1746.093750,19.204851,52.734375,60.572594,hann
1,2.092560,299,1751.953125,21.273508,52.734375,60.572594,hann
1,2.092560,300,1757.812500,21.014692,52.734375,60.572594,hann
1,2.092560,301,1763.671875,5.146170,52.734375,60.572594,hann
1,2.092560,302,1769.531250,13.872845,52.734375,60.572594,hann
1,2.092560,303,1775.390625,7.160323,52.734375,60.572594,hann
1,2.092560,304,1781.250000,4.726584,52.734375,60.572594,hann
1,2.092560,305,1787.109375,8.377391,52.734375,60.572594,hann
1,2.092560,306,1792.968750,24.858942,52.734375,60.572594,hann
1,2.092560,307,1798.828125,28.309227,52.734375,60.572594,hann
1,2.092560,308,1804.687500,22.669374,52.734375,60.572594,hann
1,2.092560,309,1810.546875,8.433629,52.734375,60.572594,hann
1,2.092560,310,1816.406250,9.813820,52.734375,60.572594,hann
1,2.092560,311,1822.265625,8.270544,52.734375,60.572594,hann
1,2.092560,312,1828.125000,6.873993,52.734375,60.572594,hann
1,2.092560,313,1833.984375,15.044041,52.734375,60.572594,hann
1,2.092560,314,1839.843750,13.677736,52.734375,60.572594,hann
1,2.092560,315,1845.703125,23.242252,52.734375,60.572594,hann
1,2.092560,316,1851.562500,24.318680,52.734375,60.572594,hann
1,2.092560,317,1857.421875,20.492882,52.734375,60.572594,hann
1,2.092560,318,1863.281250,3.652062,52.734375,60.572594,hann
1,2.092560,319,1869.140625,8.962890,52.734375,60.572594,hann
1,2.092560,320,1875.000000,14.041758,52.734375,60.572594,hann
1,2.092560,321,1880.859375,-1.989998,52.734375,60.572594,hann
1,2.092560,322,1886.718750,11.675448,52.734375,60.572594,hann
1,2.092560,323,1892.578125,28.619900,52.734375,60.572594,hann
1,2.092560,324,1898.437500,32.945007,52.734375,60.572594,hann
1,2.092560,325,1904.296875,25.539656,52.734375,60.572594,hann
1,2.092560,326,1910.156250,1.805982,52.734375,60.572594,hann
1,2.092560,327,1916.015625,3.797524,52.734375,60.572594,hann
1,2.092560,328,1921.875000,10.900824,52.734375,60.572594,hann
1,2.092560,329,1927.734375,1.417996,52.734375,60.572594,hann
1,2.092560,330,1933.593750,25.679470,52.734375,60.572594,hann
1,2.092560,331,1939.453125,26.174335,52.734375,60.572594,hann
1,2.092560,332,1945.312500,41.175652,52.734375,60.572594,hann
1,2.092560,333,1951.171875,40.817604,52.734375,60.572594,hann
1,2.092560,334,1957.031250,34.474033,52.734375,60.572594,hann
1,2.092560,335,1962.890625,24.709103,52.734375,60.572594,hann
1,2.092560,336,1968.750000,23.666056,52.734375,60.572594,hann
1,2.092560,337,1974.609375,24.240337,52.734375,60.572594,hann
1,2.092560,338,1980.468750,28.438873,52.734375,60.572594,hann
1,2.092560,339,1986.328125,37.070049,52.734375,60.572594,hann
1,2.092560,340,1992.187500,56.040916,52.734375,60.572594,hann
1,2.092560,341,1998.046875,59.145260,52.734375,60.572594,hann
1,2.092560,342,2003.906250,49.528900,52.734375,60.572594,hann
1,2.092560,343,2009.765625,31.218493,52.734375,60.572594,hann
1,2.092560,344,2015.625000,29.714966,52.734375,60.572594,hann
1,2.092560,345,2021.484375,26.688484,52.734375,60.572594,hann
1,2.092560,346,2027.343750,23.761562,52.734375,60.572594,hann
1,2.092560,347,2033.203125,24.707027,52.734375,60.572594,hann
1,2.092560,348,2039.062500,23.551638,52.734375,60.572594,hann
1,2.092560,349,2044.921875,39.030624,52.734375,60.572594,hann
1,2.092560,350,2050.781250,40.088772,52.734375,60.572594,hann
1,2.092560,351,2056.640625,36.430729,52.734375,60.572594,hann
1,2.092560,352,2062.500000,26.483404,52.734375,60.572594,hann
1,2.092560,353,2068.359375,20.012890,52.734375,60.572594,hann
1,2.092560,354,2074.218750,14.302237,52.734375,60.572594,hann
1,2.092560,355,2080.078125,11.781669,52.734375,60.572594,hann
1,2.092560,356,2085.937500,6.490055,52.734375,60.572594,hann
1,2.092560,357,2091.796875,29.962141,52.734375,60.572594,hann
1,2.092560,358,2097.656250,34.212753,52.734375,60.572594,hann
1,2.092560,359,2103.515625,27.846107,52.734375,60.572594,hann
1,2.092560,360,2109.375000,12.417522,52.734375,60.572594,hann
1,2.092560,361,2115.234375,9.741632,52.734375,60.572594,hann
1,2.092560,362,2121.093750,7.551732,52.734375,60.572594,hann
1,2.092560,363,2126.953125,16.216354,52.734375,60.572594,hann
1,2.092560,364,2132.812500,18.899206,52.734375,60.572594,hann
1,2.092560,365,2138.671875,19.755123,52.734375,60.572594,hann
1,2.092560,366,2144.531250,25.656342,52.734375,60.572594,hann
1,2.092560,367,2150.390625,26.507322,52.734375,60.572594,hann
1,2.092560,368,2156.250000,22.489157,52.734375,60.572594,hann
1,2.092560,369,2162.109375,6.157299,52.734375,60.572594,hann
1,2.092560,370,2167.968750,14.500460,52.734375,60.572594,hann
1,2.092560,371,2173.828125,14.585678,52.734375,60.572594,hann
1,2.092560,372,2179.687500,8.696298,52.734375,60.572594,hann
1,2.092560,373,2185.546875,5.714835,52.734375,60.572594,hann
1,2.092560,374,2191.406250,16.346395,52.734375,60.572594,hann
1,2.092560,375,2197.265625,20.865145,52.734375,60.572594,hann
1,2.092560,376,2203.125000,18.375050,52.734375,60.572594,hann
1,2.092560,377,2208.984375,18.750038,52.734375,60.572594,hann
1,2.092560,378,2214.843750,-6.101903,52.734375,60.572594,hann
1,2.092560,379,2220.703125,5.406147,52.734375,60.572594,hann
1,2.092560,380,2226.562500,8.485917,52.734375,60.572594,hann
1,2.092560,381,2232.421875,10.171465,52.734375,60.572594,hann
1,2.092560,382,2238.281250,17.532475,52.734375,60.572594,hann
1,2.092560,383,2244.140625,24.135124,52.734375,60.572594,hann
1,2.092560,384,2250.000000,22.157909,52.734375,60.572594,hann
1,2.092560,385,2255.859375,-4.159729,52.734375,60.572594,hann
1,2.092560,386,2261.718750,8.248560,52.734375,60.572594,hann
1,2.092560,387,2267.578125,8.977528,52.734375,60.572594,hann
1,2.092560,388,2273.437500,13.517933,52.734375,60.572594,hann
1,2.092560,389,2279.296875,15.067111,52.734375,60.572594,hann
1,2.092560,390,2285.156250,17.628368,52.734375,60.572594,hann
1,2.092560,391,2291.015625,20.256218,52.734375,60.572594,hann
1,2.092560,392,2296.875000,21.544771,52.734375,60.572594,hann
1,2.092560,393,2302.734375,13.998705,52.734375,60.572594,hann
1,2.092560,394,2308.593750,-8.493700,52.734375,60.572594,hann
1,2.092560,395,2314.453125,9.923444,52.734375,60.572594,hann
1,2.092560,396,2320.312500,10.885325,52.734375,60.572594,hann
1,2.092560,397,2326.171875,-14.562999,52.734375,60.572594,hann
1,2.092560,398,2332.031250,10.096659,52.734375,60.572594,hann
1,2.092560,399,2337.890625,4.500305,52.734375,60.572594,hann
1,2.092560,400,2343.750000,25.413338,52.734375,60.572594,hann
1,2.092560,401,2349.609375,25.963436,52.734375,60.572594,hann
1,2.092560,402,2355.468750,17.201027,52.734375,60.572594,hann
1,2.092560,403,2361.328125,12.115833,52.734375,60.572594,hann
1,2.092560,404,2367.187500,11.563668,52.734375,60.572594,hann
1,2.092560,405,2373.046875,8.551291,52.734375,60.572594,hann
1,2.092560,406,2378.906250,12.408296,52.734375,60.572594,hann
1,2.092560,407,2384.765625,12.938654,52.734375,60.572594,hann
1,2.092560,408,2390.625000,16.254303,52.734375,60.572594,hann
1,2.092560,409,2396.484375,17.219322,52.734375,60.572594,hann
1,2.092560,410,2402.343750,5.294554,52.734375,60.572594,hann
1,2.092560,411,2408.203125,7.470779,52.734375,60.572594,hann
1,2.092560,412,2414.062500,8.622072,52.734375,60.572594,hann
1,2.092560,413,2419.921875,13.476181,52.734375,60.572594,hann
1,2.092560,414,2425.781250,14.352438,52.734375,60.572594,hann
1,2.092560,415,2431.640625,6.603949,52.734375,60.572594,hann
1,2.092560,416,2437.500000,12.752814,52.734375,60.572594,hann
1,2.092560,417,2443.359375,23.476915,52.734375,60.572594,hann
1,2.092560,418,2449.218750,22.057930,52.734375,60.572594,hann
1,2.092560,419,2455.078125,3.879160,52.734375,60.572594,hann
1,2.092560,420,2460.937500,6.260827,52.734375,60.572594,hann
1,2.092560,421,2466.796875,4.172678,52.734375,60.572594,hann
1,2.092560,422,2472.656250,11.813316,52.734375,60.572594,hann
1,2.092560,423,2478.515625,10.886973,52.734375,60.572594,hann
1,2.092560,424,2484.375000,5.764984,52.734375,60.572594,hann
1,2.092560,425,2490.234375,16.651676,52.734375,60.572594,hann
1,2.092560,426,2496.093750,19.553419,52.734375,60.572594,hann
1,2.092560,427,2501.953125,10.571908,52.734375,60.572594,hann
1,2.092560,428,2507.812500,5.793169,52.734375,60.572594,hann
1,2.092560,429,2513.671875,1.635150,52.734375,60.572594,hann
1,2.092560,430,2519.531250,6.805665,52.734375,60.572594,hann
1,2.092560,431,2525.390625,10.408049,52.734375,60.572594,hann
1,2.092560,432,2531.250000,7.594233,52.734375,60.572594,hann
1,2.092560,433,2537.109375,6.275467,52.734375,60.572594,hann
1,2.092560,434,2542.968750,23.181320,52.734375,60.572594,hann
1,2.092560,435,2548.828125,23.038740,52.734375,60.572594,hann
1,2.092560,436,2554.687500,9.716238,52.734375,60.572594,hann
1,2.092560,437,2560.546875,6.956155,52.734375,60.572594,hann
1,2.092560,438,2566.406250,3.902465,52.734375,60.572594,hann
1,2.092560,439,2572.265625,5.744095,52.734375,60.572594,hann
1,2.092560,440,2578.125000,3.661301,52.734375,60.572594,hann
1,2.092560,441,2583.984375,-10.850857,52.734375,60.572594,hann
1,2.092560,442,2589.843750,12.382551,52.734375,60.572594,hann
1,2.092560,443,2595.703125,19.643225,52.734375,60.572594,hann
1,2.092560,444,2601.562500,13.639877,52.734375,60.572594,hann
1,2.092560,445,2607.421875,14.528578,52.734375,60.572594,hann
1,2.092560,446,2613.281250,4.060869,52.734375,60.572594,hann
1,2.092560,447,2619.140625,6.420625,52.734375,60.572594,hann
1,2.092560,448,2625.000000,10.809471,52.734375,60.572594,hann
1,2.092560,449,2630.859375,14.311691,52.734375,60.572594,hann
1,2.092560,450,2636.718750,16.548447,52.734375,60.572594,hann
1,2.092560,451,2642.578125,23.580761,52.734375,60.572594,hann
1,2.092560,452,2648.437500,22.468258,52.734375,60.572594,hann
1,2.092560,453,2654.296875,17.176817,52.734375,60.572594,hann
1,2.092560,454,2660.156250,15.124466,52.734375,60.572594,hann
1,2.092560,455,2666.015625,-0.304604,52.734375,60.572594,hann
1,2.092560,456,2671.875000,3.603111,52.734375,60.572594,hann
1,2.092560,457,2677.734375,14.658331,52.734375,60.572594,hann
1,2.092560,458,2683.593750,13.321621,52.734375,60.572594,hann
1,2.092560,459,2689.453125,20.118790,52.734375,60.572594,hann
1,2.092560,460,2695.312500,25.024647,52.734375,60.572594,hann
1,2.092560,461,2701.171875,18.908245,52.734375,60.572594,hann
1,2.092560,462,2707.031250,7.783837,52.734375,60.572594,hann
1,2.092560,463,2712.890625,11.561936,52.734375,60.572594,hann
1,2.092560,464,2718.750000,10.639701,52.734375,60.572594,hann
1,2.092560,465,2724.609375,5.993647,52.734375,60.572594,hann
1,2.092560,466,2730.468750,6.363431,52.734375,60.572594,hann
1,2.092560,467,2736.328125,6.201153,52.734375,60.572594,hann
1,2.092560,468,2742.187500,14.029955,52.734375,60.572594,hann
1,2.092560,469,2748.046875,5.017765,52.734375,60.572594,hann
1,2.092560,470,2753.906250,15.702747,52.734375,60.572594,hann
1,2.092560,471,2759.765625,14.293560,52.734375,60.572594,hann
1,2.092560,472,2765.625000,-8.895055,52.734375,60.572594,hann
1,2.092560,473,2771.484375,7.593549,52.734375,60.572594,hann
1,2.092560,474,2777.343750,4.626347,52.734375,60.572594,hann
1,2.092560,475,2783.203125,10.423010,52.734375,60.572594,hann
1,2.092560,476,2789.062500,14.886189,52.734375,60.572594,hann
1,2.092560,477,2794.921875,22.800014,52.734375,60.572594,hann
1,2.092560,478,2800.781250,17.868814,52.734375,60.572594,hann
1,2.092560,479,2806.640625,13.465476,52.734375,60.572594,hann
1,2.092560,480,2812.500000,6.698766,52.734375,60.572594,hann
1,2.092560,481,2818.359375,8.442242,52.734375,60.572594,hann
1,2.092560,482,2824.218750,13.283558,52.734375,60.572594,hann
1,2.092560,483,2830.078125,9.041159,52.734375,60.572594,hann
1,2.092560,484,2835.937500,5.255434,52.734375,60.572594,hann
1,2.092560,485,2841.796875,4.482701,52.734375,60.572594,hann
1,2.092560,486,2847.656250,-5.932124,52.734375,60.572594,hann
1,2.092560,487,2853.515625,15.327853,52.734375,60.572594,hann
1,2.092560,488,2859.375000,14.543715,52.734375,60.572594,hann
1,2.092560,489,2865.234375,1.331352,52.734375,60.572594,hann
1,2.092560,490,2871.093750,10.437634,52.734375,60.572594,hann
1,2.092560,491,2876.953125,14.461840,52.734375,60.572594,hann
1,2.092560,492,2882.812500,12.170901,52.734375,60.572594,hann
1,2.092560,493,2888.671875,13.104863,52.734375,60.572594,hann
1,2.092560,494,2894.531250,20.203125,52.734375,60.572594,hann
1,2.092560,495,2900.390625,13.351997,52.734375,60.572594,hann
1,2.092560,496,2906.250000,10.336687,52.734375,60.572594,hann
1,2.092560,497,2912.109375,9.978003,52.734375,60.572594,hann
1,2.092560,498,2917.968750,3.953793,52.734375,60.572594,hann
1,2.092560,499,2923.828125,6.757452,52.734375,60.572594,hann
1,2.092560,500,2929.687500,-4.754234,52.734375,60.572594,hann
1,2.092560,501,2935.546875,-4.938495,52.734375,60.572594,hann
1,2.092560,502,2941.406250,10.236154,52.734375,60.572594,hann
1,2.092560,503,2947.265625,11.488442,52.734375,60.572594,hann
1,2.092560,504,2953.125000,12.402917,52.734375,60.572594,hann
1,2.092560,505,2958.984375,12.575025,52.734375,60.572594,hann
1,2.092560,506,2964.843750,8.476316,52.734375,60.572594,hann
1,2.092560,507,2970.703125,6.408494,52.734375,60.572594,hann
1,2.092560,508,2976.562500,-0.492678,52.734375,60.572594,hann
1,2.092560,509,2982.421875,1.165017,52.734375,60.572594,hann
1,2.092560,510,2988.281250,12.546578,52.734375,60.572594,hann
1,2.092560,511,2994.140625,16.470278,52.734375,60.572594,hann
2,3.114928,0,0.000000,34.448463,52.734375,60.709068,hann
2,3.114928,1,5.859375,45.107956,52.734375,60.709068,hann
2,3.114928,2,11.718750,45.834366,52.734375,60.709068,hann
2,3.114928,3,17.578125,36.883102,52.734375,60.709068,hann
2,3.114928,4,23.437500,27.272671,52.734375,60.709068,hann
2,3.114928,5,29.296875,28.043873,52.734375,60.709068,hann
2,3.114928,6,35.156250,30.389297,52.734375,60.709068,hann
2,3.114928,7,41.015625,45.487663,52.734375,60.709068,hann
2,3.114928,8,46.875000,60.454834,52.734375,60.709068,hann
2,3.114928,9,52.734375,60.709068,52.734375,60.709068,hann
2,3.114928,10,58.593750,47.478668,52.734375,60.709068,hann
2,3.114928,11,64.453125,31.461937,52.734375,60.709068,hann
2,3.114928,12,70.312500,9.757203,52.734375,60.709068,hann
2,3.114928,13,76.171875,10.614801,52.734375,60.709068,hann
2,3.114928,14,82.031250,19.505760,52.734375,60.709068,hann
2,3.114928,15,87.890625,21.352633,52.734375,60.709068,hann
2,3.114928,16,93.750000,48.772564,52.734375,60.709068,hann
2,3.114928,17,99.609375,54.926033,52.734375,60.709068,hann
2,3.114928,18,105.468750,49.414745,52.734375,60.709068,hann
2,3.114928,19,111.328125,23.752050,52.734375,60.709068,hann
2,3.114928,20,117.187500,19.306515,52.734375,60.709068,hann
2,3.114928,21,123.046875,10.795964,52.734375,60.709068,hann
2,3.114928,22,128.906250,9.314587,52.734375,60.709068,hann
2,3.114928,23,134.765625,18.984562,52.734375,60.709068,hann
2,3.114928,24,140.625000,29.973028,52.734375,60.709068,hann
2,3.114928,25,146.484375,45.812031,52.734375,60.709068,hann
2,3.114928,26,152.343750,46.423576,52.734375,60.709068,hann
2,3.114928,27,158.203125,33.019173,52.734375,60.709068,hann
2,3.114928,28,164.062500,21.167574,52.734375,60.709068,hann
2,3.114928,29,169.921875,9.910621,52.734375,60.709068,hann
2,3.114928,30,175.781250,15.596951,52.734375,60.709068,hann
2,3.114928,31,181.640625,15.694529,52.734375,60.709068,hann
2,3.114928,32,187.500000,13.032413,52.734375,60.709068,hann
2,3.114928,33,193.359375,30.999804,52.734375,60.709068,hann
2,3.114928,34,199.218750,37.490154,52.734375,60.709068,hann
2,3.114928,35,205.078125,32.360680,52.734375,60.709068,hann
2,3.114928,36,210.937500,13.776960,52.734375,60.709068,hann
2,3.114928,37,216.796875,12.969370,52.734375,60.709068,hann
2,3.114928,38,222.656250,7.499975,52.734375,60.709068,hann
2,3.114928,39,228.515625,10.168471,52.734375,60.709068,hann
2,3.114928,40,234.375000,7.629955,52.734375,60.709068,hann
2,3.114928,41,240.234375,2.749655,52.734375,60.709068,hann
2,3.114928,42,246.093750,19.699127,52.734375,60.709068,hann
2,3.114928,43,251.953125,21.006641,52.734375,60.709068,hann
2,3.114928,44,257.812500,1.710758,52.734375,60.709068,hann
2,3.114928,45,263.671875,13.213074,52.734375,60.709068,hann
2,3.114928,46,269.531250,13.336078,52.734375,60.709068,hann
2,3.114928,47,275.390625,7.155368,52.734375,60.709068,hann
2,3.114928,48,281.250000,3.667584,52.734375,60.709068,hann
2,3.114928,49,287.109375,9.021444,52.734375,60.709068,hann
2,3.114928,50,292.968750,30.109064,52.734375,60.709068,hann
2,3.114928,51,298.828125,37.911819,52.734375,60.709068,hann
2,3.114928,52,304.687500,32.739555,52.734375,60.709068,hann
2,3.114928,53,310.546875,13.663351,52.734375,60.709068,hann
2,3.114928,54,316.406250,11.138638,52.734375,60.709068,hann
2,3.114928,55,322.265625,1.674372,52.734375,60.709068,hann
2,3.114928,56,328.125000,-3.665379,52.734375,60.709068,hann
2,3.114928,57,333.984375,13.358572,52.734375,60.709068,hann
2,3.114928,58,339.843750,19.401409,52.734375,60.709068,hann
2,3.114928,59,345.703125,38.250919,52.734375,60.709068,hann
2,3.114928,60,351.562500,39.843872,52.734375,60.709068,hann
2,3.114928,61,357.421875,28.711737,52.734375,60.709068,hann
2,3.114928,62,363.281250,7.995628,52.734375,60.709068,hann
2,3.114928,63,369.140625,9.733986,52.734375,60.709068,hann
2,3.114928,64,375.000000,9.970661,52.734375,60.709068,hann
2,3.114928,65,380.859375,6.514402,52.734375,60.709068,hann
2,3.114928,66,386.718750,5.489314,52.734375,60.709068,hann
2,3.114928,67,392.578125,23.434032,52.734375,60.709068,hann
2,3.114928,68,398.437500,31.476667,52.734375,60.709068,hann
2,3.114928,69,404.296875,26.734945,52.734375,60.709068,hann
2,3.114928,70,410.156250,16.870939,52.734375,60.709068,hann
2,3.114928,71,416.015625,16.164257,52.734375,60.709068,hann
2,3.114928,72,421.875000,11.988082,52.734375,60.709068,hann
2,3.114928,73,427.734375,-2.838455,52.734375,60.709068,hann
2,3.114928,74,433.593750,9.810105,52.734375,60.709068,hann
2,3.114928,75,439.453125,8.766568,52.734375,60.709068,hann
2,3.114928,76,445.312500,31.690102,52.734375,60.709068,hann
2,3.114928,77,451.171875,33.615379,52.734375,60.709068,hann
2,3.114928,78,457.031250,21.164288,52.734375,60.709068,hann
2,3.114928,79,462.890625,5.532331,52.734375,60.709068,hann
2,3.114928,80,468.750000,9.434317,52.734375,60.709068,hann
2,3.114928,81,474.609375,5.303866,52.734375,60.709068,hann
2,3.114928,82,480.468750,0.701661,52.734375,60.709068,hann
2,3.114928,83,486.328125,8.585213,52.734375,60.709068,hann
2,3.114928,84,492.187500,24.658020,52.734375,60.709068,hann
2,3.114928,85,498.046875,33.674133,52.734375,60.709068,hann
2,3.114928,86,503.906250,29.565395,52.734375,60.709068,hann
2,3.114928,87,509.765625,6.408029,52.734375,60.709068,hann
2,3.114928,88,515.625000,5.590907,52.734375,60.709068,hann
2,3.114928,89,521.484375,3.026643,52.734375,60.709068,hann
2,3.114928,90,527.343750,1.381106,52.734375,60.709068,hann
2,3.114928,91,533.203125,13.683686,52.734375,60.709068,hann
2,3.114928,92,539.062500,8.364182,52.734375,60.709068,hann
2,3.114928,93,544.921875,29.977713,52.734375,60.709068,hann
2,3.114928,94,550.781250,32.819794,52.734375,60.709068,hann
2,3.114928,95,556.640625,18.948345,52.734375,60.709068,hann
2,3.114928,96,562.500000,16.701342,52.734375,60.709068,hann
2,3.114928,97,568.359375,8.308269,52.734375,60.709068,hann
2,3.114928,98,574.218750,4.130300,52.734375,60.709068,hann
2,3.114928,99,580.078125,6.178036,52.734375,60.709068,hann
2,3.114928,100,585.937500,9.486668,52.734375,60.709068,hann
2,3.114928,101,591.796875,19.702951,52.734375,60.709068,hann
2,3.114928,102,597.656250,28.018898,52.734375,60.709068,hann
2,3.114928,103,603.515625,24.899519,52.734375,60.709068,hann
2,3.114928,104,609.375000,11.248171,52.734375,60.709068,hann
2,3.114928,105,615.234375,7.260573,52.734375,60.709068,hann
2,3.114928,106,621.093750,0.549617,52.734375,60.709068,hann
2,3.114928,107,626.953125,-4.112054,52.734375,60.709068,hann
2,3.114928,108,632.812500,5.984881,52.734375,60.709068,hann
2,3.114928,109,638.671875,8.771483,52.734375,60.709068,hann
2,3.114928,110,644.531250,23.734535,52.734375,60.709068,hann
2,3.114928,111,650.390625,25.423412,52.734375,60.709068,hann
2,3.114928,112,656.250000,10.580999,52.734375,60.709068,hann
2,3.114928,113,662.109375,11.366312,52.734375,60.709068,hann
2,3.114928,114,667.968750,13.297741,52.734375,60.709068,hann
2,3.114928,115,673.828125,12.633141,52.734375,60.709068,hann
2,3.114928,116,679.687500,5.151220,52.734375,60.709068,hann
2,3.114928,117,685.546875,10.326172,52.734375,60.709068,hann
2,3.114928,118,691.406250,19.076260,52.734375,60.709068,hann
2,3.114928,119,697.265625,29.507582,52.734375,60.709068,hann
2,3.114928,120,703.125000,26.627886,52.734375,60.709068,hann
2,3.114928,121,708.984375,6.523037,52.734375,60.709068,hann
2,3.114928,122,714.843750,2.238732,52.734375,60.709068,hann
2,3.114928,123,720.703125,1.960124,52.734375,60.709068,hann
2,3.114928,124,726.562500,-10.688405,52.734375,60.709068,hann
2,3.114928,125,732.421875,6.545929,52.734375,60.709068,hann
2,3.114928,126,738.281250,15.934908,52.734375,60.709068,hann
2,3.114928,127,744.140625,22.224457,52.734375,60.709068,hann
2,3.114928,128,750.000000,24.098511,52.734375,60.709068,hann
2,3.114928,129,755.859375,17.668995,52.734375,60.709068,hann
2,3.114928,130,761.718750,6.473312,52.734375,60.709068,hann
2,3.114928,131,767.578125,4.709642,52.734375,60.709068,hann
2,3.114928,132,773.437500,1.355469,52.734375,60.709068,hann
2,3.114928,133,779.296875,7.545041,52.734375,60.709068,hann
2,3.114928,134,785.156250,11.216661,52.734375,60.709068,hann
2,3.114928,135,791.015625,14.180689,52.734375,60.709068,hann
2,3.114928,136,796.875000,17.371138,52.734375,60.709068,hann
2,3.114928,137,802.734375,14.179196,52.734375,60.709068,hann
2,3.114928,138,808.593750,17.027946,52.734375,60.709068,hann
2,3.114928,139,814.453125,14.795648,52.734375,60.709068,hann
2,3.114928,140,820.312500,2.718669,52.734375,60.709068,hann
2,3.114928,141,826.171875,11.473342,52.734375,60.709068,hann
2,3.114928,142,832.031250,10.691298,52.734375,60.709068,hann
2,3.114928,143,837.890625,1.890733,52.734375,60.709068,hann
2,3.114928,144,843.750000,19.450092,52.734375,60.709068,hann
2,3.114928,145,849.609375,23.163298,52.734375,60.709068,hann
2,3.114928,146,855.468750,12.105221,52.734375,60.709068,hann
2,3.114928,147,861.328125,6.721168,52.734375,60.709068,hann
2,3.114928,148,867.187500,5.228112,52.734375,60.709068,hann
2,3.114928,149,873.046875,8.335507,52.734375,60.709068,hann
2,3.114928,150,878.906250,9.386388,52.734375,60.709068,hann
2,3.114928,151,884.765625,12.702975,52.734375,60.709068,hann
2,3.114928,152,890.625000,5.757970,52.734375,60.709068,hann
2,3.114928,153,896.484375,16.639759,52.734375,60.709068,hann
2,3.114928,154,902.343750,15.679802,52.734375,60.709068,hann
2,3.114928,155,908.203125,7.380159,52.734375,60.709068,hann
2,3.114928,156,914.062500,8.779863,52.734375,60.709068,hann
2,3.114928,157,919.921875,7.144317,52.734375,60.709068,hann
2,3.114928,158,925.781250,-7.421417,52.734375,60.709068,hann
2,3.114928,159,931.640625,3.861985,52.734375,60.709068,hann
2,3.114928,160,937.500000,2.276737,52.734375,60.709068,hann
2,3.114928,161,943.359375,16.468281,52.734375,60.709068,hann
2,3.114928,162,949.218750,19.938303,52.734375,60.709068,hann
2,3.114928,163,955.078125,15.235939,52.734375,60.709068,hann
2,3.114928,164,960.937500,4.964798,52.734375,60.709068,hann
2,3.114928,165,966.796875,7.403956,52.734375,60.709068,hann
2,3.114928,166,972.656250,4.543974,52.734375,60.709068,hann
2,3.114928,167,978.515625,4.825135,52.734375,60.709068,hann
2,3.114928,168,984.375000,7.888780,52.734375,60.709068,hann
2,3.114928,169,990.234375,0.021126,52.734375,60.709068,hann
2,3.114928,170,996.093750,11.010846,52.734375,60.709068,hann
2,3.114928,171,1001.953125,9.155157,52.734375,60.709068,hann
2,3.114928,172,1007.812500,1.328103,52.734375,60.709068,hann
2,3.114928,173,1013.671875,-0.611076,52.734375,60.709068,hann
2,3.114928,174,1019.531250,-3.370058,52.734375,60.709068,hann
2,3.114928,175,1025.390625,-4.790562,52.734375,60.709068,hann
2,3.114928,176,1031.250000,-1.678562,52.734375,60.709068,hann
2,3.114928,177,1037.109375,7.511564,52.734375,60.709068,hann
2,3.114928,178,1042.968750,11.416300,52.734375,60.709068,hann
2,3.114928,179,1048.828125,17.567083,52.734375,60.709068,hann
2,3.114928,180,1054.687500,5.565337,52.734375,60.709068,hann
2,3.114928,181,1060.546875,8.083918,52.734375,60.709068,hann
2,3.114928,182,1066.406250,5.492543,52.734375,60.709068,hann
2,3.114928,183,1072.265625,8.586694,52.734375,60.709068,hann
2,3.114928,184,1078.125000,9.603989,52.734375,60.709068,hann
2,3.114928,185,1083.984375,3.598251,52.734375,60.709068,hann
2,3.114928,186,1089.843750,4.547410,52.734375,60.709068,hann
2,3.114928,187,1095.703125,17.047106,52.734375,60.709068,hann
2,3.114928,188,1101.562500,16.432240,52.734375,60.709068,hann
2,3.114928,189,1107.421875,-5.522785,52.734375,60.709068,hann
2,3.114928,190,1113.281250,7.151159,52.734375,60.709068,hann
2,3.114928,191,1119.140625,11.992874,52.734375,60.709068,hann
2,3.114928,192,1125.000000,13.000493,52.734375,60.709068,hann
2,3.114928,193,1130.859375,10.418528,52.734375,60.709068,hann
2,3.114928,194,1136.718750,7.345466,52.734375,60.709068,hann
2,3.114928,195,1142.578125,23.982370,52.734375,60.709068,hann
2,3.114928,196,1148.437500,27.663134,52.734375,60.709068,hann
2,3.114928,197,1154.296875,19.883789,52.734375,60.709068,hann
2,3.114928,198,1160.156250,14.621978,52.734375,60.709068,hann
2,3.114928,199,1166.015625,11.384655,52.734375,60.709068,hann
2,3.114928,200,1171.875000,10.003100,52.734375,60.709068,hann
2,3.114928,201,1177.734375,10.133972,52.734375,60.709068,hann
2,3.114928,202,1183.593750,-0.546508,52.734375,60.709068,hann
2,3.114928,203,1189.453125,13.768507,52.734375,60.709068,hann
2,3.114928,204,1195.312500,22.459461,52.734375,60.709068,hann
2,3.114928,205,1201.171875,22.001669,52.734375,60.709068,hann
2,3.114928,206,1207.031250,10.472353,52.734375,60.709068,hann
2,3.114928,207,1212.890625,7.180912,52.734375,60.709068,hann
2,3.114928,208,1218.750000,11.907631,52.734375,60.709068,hann
2,3.114928,209,1224.609375,5.281389,52.734375,60.709068,hann
2,3.114928,210,1230.468750,-8.594101,52.734375,60.709068,hann
2,3.114928,211,1236.328125,3.652276,52.734375,60.709068,hann
2,3.114928,212,1242.187500,10.427433,52.734375,60.709068,hann
2,3.114928,213,1248.046875,-2.968594,52.734375,60.709068,hann
2,3.114928,214,1253.906250,8.012011,52.734375,60.709068,hann
2,3.114928,215,1259.765625,12.567837,52.734375,60.709068,hann
2,3.114928,216,1265.625000,10.388240,52.734375,60.709068,hann
2,3.114928,217,1271.484375,4.973960,52.734375,60.709068,hann
2,3.114928,218,1277.343750,-0.371873,52.734375,60.709068,hann
2,3.114928,219,1283.203125,1.675164,52.734375,60.709068,hann
2,3.114928,220,1289.062500,9.591970,52.734375,60.709068,hann
2,3.114928,221,1294.921875,15.769066,52.734375,60.709068,hann
2,3.114928,222,1300.781250,12.373350,52.734375,60.709068,hann
2,3.114928,223,1306.640625,10.475607,52.734375,60.709068,hann
2,3.114928,224,1312.500000,3.865358,52.734375,60.709068,hann
2,3.114928,225,1318.359375,11.796892,52.734375,60.709068,hann
2,3.114928,226,1324.218750,3.181357,52.734375,60.709068,hann
2,3.114928,227,1330.078125,9.198894,52.734375,60.709068,hann
2,3.114928,228,1335.937500,8.923563,52.734375,60.709068,hann
2,3.114928,229,1341.796875,1.608969,52.734375,60.709068,hann
2,3.114928,230,1347.656250,14.838176,52.734375,60.709068,hann
2,3.114928,231,1353.515625,18.952690,52.734375,60.709068,hann
2,3.114928,232,1359.375000,13.252058,52.734375,60.709068,hann
2,3.114928,233,1365.234375,7.405867,52.734375,60.709068,hann
2,3.114928,234,1371.093750,3.150046,52.734375,60.709068,hann
2,3.114928,235,1376.953125,-10.433427,52.734375,60.709068,hann
2,3.114928,236,1382.812500,-3.193573,52.734375,60.709068,hann
2,3.114928,237,1388.671875,4.105198,52.734375,60.709068,hann
2,3.114928,238,1394.531250,8.481565,52.734375,60.709068,hann
2,3.114928,239,1400.390625,6.105965,52.734375,60.709068,hann
2,3.114928,240,1406.250000,11.157938,52.734375,60.709068,hann
2,3.114928,241,1412.109375,7.416496,52.734375,60.709068,hann
2,3.114928,242,1417.968750,2.773895,52.734375,60.709068,hann
2,3.114928,243,1423.828125,-0.488658,52.734375,60.709068,hann
2,3.114928,244,1429.687500,-10.299669,52.734375,60.709068,hann
2,3.114928,245,1435.546875,7.690505,52.734375,60.709068,hann
2,3.114928,246,1441.406250,20.238104,52.734375,60.709068,hann
2,3.114928,247,1447.265625,24.583742,52.734375,60.709068,hann
2,3.114928,248,1453.125000,17.816891,52.734375,60.709068,hann
2,3.114928,249,1458.984375,5.590519,52.734375,60.709068,hann
2,3.114928,250,1464.843750,9.898695,52.734375,60.709068,hann
2,3.114928,251,1470.703125,7.362866,52.734375,60.709068,hann
2,3.114928,252,1476.562500,6.718326,52.734375,60.709068,hann
2,3.114928,253,1482.421875,11.010137,52.734375,60.709068,hann
2,3.114928,254,1488.281250,11.521758,52.734375,60.709068,hann
2,3.114928,255,1494.140625,14.305309,52.734375,60.709068,hann
2,3.114928,256,1500.000000,14.931001,52.734375,60.709068,hann
2,3.114928,257,1505.859375,11.357226,52.734375,60.709068,hann
2,3.114928,258,1511.718750,7.745070,52.734375,60.709068,hann
2,3.114928,259,1517.578125,0.166758,52.734375,60.709068,hann
2,3.114928,260,1523.437500,9.549677,52.734375,60.709068,hann
2,3.114928,261,1529.296875,11.905544,52.734375,60.709068,hann
2,3.114928,262,1535.156250,9.582681,52.734375,60.709068,hann
2,3.114928,263,1541.015625,12.738317,52.734375,60.709068,hann
2,3.114928,264,1546.875000,11.647896,52.734375,60.709068,hann
2,3.114928,265,1552.734375,-0.100926,52.734375,60.709068,hann
2,3.114928,266,1558.593750,6.807837,52.734375,60.709068,hann
2,3.114928,267,1564.453125,-0.092780,52.734375,60.709068,hann
2,3.114928,268,1570.312500,3.762917,52.734375,60.709068,hann
2,3.114928,269,1576.171875,8.155635,52.734375,60.709068,hann
2,3.114928,270,1582.031250,11.184568,52.734375,60.709068,hann
2,3.114928,271,1587.890625,17.542362,52.734375,60.709068,hann
2,3.114928,272,1593.750000,23.228531,52.734375,60.709068,hann
2,3.114928,273,1599.609375,23.320141,52.734375,60.709068,hann
2,3.114928,274,1605.468750,16.497309,52.734375,60.709068,hann
2,3.114928,275,1611.328125,8.452039,52.734375,60.709068,hann
2,3.114928,276,1617.187500,6.374181,52.734375,60.709068,hann
2,3.114928,277,1623.046875,0.271306,52.734375,60.709068,hann
2,3.114928,278,1628.906250,-1.543700,52.734375,60.709068,hann
2,3.114928,279,1634.765625,-1.414907,52.734375,60.709068,hann
2,3.114928,280,1640.625000,13.556746,52.734375,60.709068,hann
2,3.114928,281,1646.484375,22.422646,52.734375,60.709068,hann
2,3.114928,282,1652.343750,14.472827,52.734375,60.709068,hann
2,3.114928,283,1658.203125,14.340919,52.734375,60.709068,hann
2,3.114928,284,1664.062500,2.506885,52.734375,60.709068,hann
2,3.114928,285,1669.921875,2.853820,52.734375,60.709068,hann
2,3.114928,286,1675.781250,4.898946,52.734375,60.709068,hann
2,3.114928,287,1681.640625,-1.678486,52.734375,60.709068,hann
2,3.114928,288,1687.500000,10.451540,52.734375,60.709068,hann
2,3.114928,289,1693.359375,21.193439,52.734375,60.709068,hann
2,3.114928,290,1699.218750,22.942223,52.734375,60.709068,hann
2,3.114928,291,1705.078125,11.841426,52.734375,60.709068,hann
2,3.114928,292,1710.937500,1.346899,52.734375,60.709068,hann
2,3.114928,293,1716.796875,11.880316,52.734375,60.709068,hann
2,3.114928,294,1722.656250,11.730642,52.734375,60.709068,hann
2,3.114928,295,1728.515625,11.237197,52.734375,60.709068,hann
2,3.114928,296,1734.375000,9.210011,52.734375,60.709068,hann
2,3.114928,297,1740.234375,16.776863,52.734375,60.709068,hann
2,3.114928,298,1746.093750,23.759151,52.734375,60.709068,hann
2,3.114928,299,1751.953125,11.851754,52.734375,60.709068,hann
2,3.114928,300,1757.812500,22.001644,52.734375,60.709068,hann
2,3.114928,301,1763.671875,15.277077,52.734375,60.709068,hann
2,3.114928,302,1769.531250,13.353899,52.734375,60.709068,hann
2,3.114928,303,1775.390625,12.847762,52.734375,60.709068,hann
2,3.114928,304,1781.250000,9.579834,52.734375,60.709068,hann
2,3.114928,305,1787.109375,15.715837,52.734375,60.709068,hann
2,3.114928,306,1792.968750,25.488491,52.734375,60.709068,hann
2,3.114928,307,1798.828125,26.162998,52.734375,60.709068,hann
2,3.114928,308,1804.687500,13.642849,52.734375,60.709068,hann
2,3.114928,309,1810.546875,17.583618,52.734375,60.709068,hann
2,3.114928,310,1816.406250,14.042721,52.734375,60.709068,hann
2,3.114928,311,1822.265625,13.117722,52.734375,60.709068,hann
2,3.114928,312,1828.125000,16.977699,52.734375,60.709068,hann
2,3.114928,313,1833.984375,16.392145,52.734375,60.709068,hann
2,3.114928,314,1839.843750,20.913465,52.734375,60.709068,hann
2,3.114928,315,1845.703125,25.309696,52.734375,60.709068,hann
2,3.114928,316,1851.562500,12.695435,52.734375,60.709068,hann
2,3.114928,317,1857.421875,21.498793,52.734375,60.709068,hann
2,3.114928,318,1863.281250,17.194828,52.734375,60.709068,hann
2,3.114928,319,1869.140625,10.376503,52.734375,60.709068,hann
2,3.114928,320,1875.000000,12.402546,52.734375,60.709068,hann
2,3.114928,321,1880.859375,14.988116,52.734375,60.709068,hann
2,3.114928,322,1886.718750,20.122566,52.734375,60.709068,hann
2,3.114928,323,1892.578125,29.422731,52.734375,60.709068,hann
2,3.114928,324,1898.437500,30.918530,52.734375,60.709068,hann
2,3.114928,325,1904.296875,16.145439,52.734375,60.709068,hann
2,3.114928,326,1910.156250,23.256348,52.734375,60.709068,hann
2,3.114928,327,1916.015625,20.772911,52.734375,60.709068,hann
2,3.114928,328,1921.875000,10.013205,52.734375,60.709068,hann
2,3.114928,329,1927.734375,21.363001,52.734375,60.709068,hann
2,3.114928,330,1933.593750,28.273720,52.734375,60.709068,hann
2,3.114928,331,1939.453125,35.710312,52.734375,60.709068,hann
2,3.114928,332,1945.312500,42.325039,52.734375,60.709068,hann
2,3.114928,333,1951.171875,36.470078,52.734375,60.709068,hann
2,3.114928,334,1957.031250,33.502487,52.734375,60.709068,hann
2,3.114928,335,1962.890625,25.706388,52.734375,60.709068,hann
2,3.114928,336,1968.750000,19.469460,52.734375,60.709068,hann
2,3.114928,337,1974.609375,24.119814,52.734375,60.709068,hann
2,3.114928,338,1980.468750,16.173182,52.734375,60.709068,hann
2,3.114928,339,1986.328125,41.764339,52.734375,60.709068,hann
2,3.114928,340,1992.187500,56.831989,52.734375,60.709068,hann
2,3.114928,341,1998.046875,59.229599,52.734375,60.709068,hann
2,3.114928,342,2003.906250,46.124390,52.734375,60.709068,hann
2,3.114928,343,2009.765625,42.808056,52.734375,60.709068,hann
2,3.114928,344,2015.625000,33.854855,52.734375,60.709068,hann
2,3.114928,345,2021.484375,29.508446,52.734375,60.709068,hann
2,3.114928,346,2027.343750,26.908739,52.734375,60.709068,hann
2,3.114928,347,2033.203125,25.007895,52.734375,60.709068,hann
2,3.114928,348,2039.062500,30.677502,52.734375,60.709068,hann
2,3.114928,349,2044.921875,41.290745,52.734375,60.709068,hann
2,3.114928,350,2050.781250,35.494637,52.734375,60.709068,hann
2,3.114928,351,2056.640625,35.251728,52.734375,60.709068,hann
2,3.114928,352,2062.500000,33.297890,52.734375,60.709068,hann
2,3.114928,353,2068.359375,23.958775,52.734375,60.709068,hann
2,3.114928,354,2074.218750,8.705555,52.734375,60.709068,hann
2,3.114928,355,2080.078125,8.506646,52.734375,60.709068,hann
2,3.114928,356,2085.937500,21.238571,52.734375,60.709068,hann
2,3.114928,357,2091.796875,31.616211,52.734375,60.709068,hann
2,3.114928,358,2097.656250,34.212124,52.734375,60.709068,hann
2,3.114928,359,2103.515625,21.220387,52.734375,60.709068,hann
2,3.114928,360,2109.375000,18.985088,52.734375,60.709068,hann
2,3.114928,361,2115.234375,15.510792,52.734375,60.709068,hann
2,3.114928,362,2121.093750,16.832497,52.734375,60.709068,hann
2,3.114928,363,2126.953125,15.096350,52.734375,60.709068,hann
2,3.114928,364,2132.812500,12.091291,52.734375,60.709068,hann
2,3.114928,365,2138.671875,19.913441,52.734375,60.709068,hann
2,3.114928,366,2144.531250,26.712454,52.734375,60.709068,hann
2,3.114928,367,2150.390625,23.837299,52.734375,60.709068,hann
2,3.114928,368,2156.250000,14.757651,52.734375,60.709068,hann
2,3.114928,369,2162.109375,18.376825,52.734375,60.709068,hann
2,3.114928,370,2167.968750,16.242414,52.734375,60.709068,hann
2,3.114928,371,2173.828125,10.514986,52.734375,60.709068,hann
2,3.114928,372,2179.687500,5.626350,52.734375,60.709068,hann
2,3.114928,373,2185.546875,4.968524,52.734375,60.709068,hann
2,3.114928,374,2191.406250,20.840172,52.734375,60.709068,hann
2,3.114928,375,2197.265625,24.509954,52.734375,60.709068,hann
2,3.114928,376,2203.125000,12.886715,52.734375,60.709068,hann
2,3.114928,377,2208.984375,13.862139,52.734375,60.709068,hann
2,3.114928,378,2214.843750,3.250176,52.734375,60.709068,hann
2,3.114928,379,2220.703125,11.875305,52.734375,60.709068,hann
2,3.114928,380,2226.562500,12.734460,52.734375,60.709068,hann
2,3.114928,381,2232.421875,18.217031,52.734375,60.709068,hann
2,3.114928,382,2238.281250,21.578806,52.734375,60.709068,hann
2,3.114928,383,2244.140625,24.105000,52.734375,60.709068,hann
2,3.114928,384,2250.000000,20.447086,52.734375,60.709068,hann
2,3.114928,385,2255.859375,5.030515,52.734375,60.709068,hann
2,3.114928,386,2261.718750,-4.966981,52.734375,60.709068,hann
2,3.114928,387,2267.578125,6.875721,52.734375,60.709068,hann
2,3.114928,388,2273.437500,12.001849,52.734375,60.709068,hann
2,3.114928,389,2279.296875,9.116445,52.734375,60.709068,hann
2,3.114928,390,2285.156250,0.565957,52.734375,60.709068,hann
2,3.114928,391,2291.015625,11.124769,52.734375,60.709068,hann
2,3.114928,392,2296.875000,9.942836,52.734375,60.709068,hann
2,3.114928,393,2302.734375,9.747062,52.734375,60.709068,hann
2,3.114928,394,2308.593750,9.793348,52.734375,60.709068,hann
2,3.114928,395,2314.453125,7.340554,52.734375,60.709068,hann
2,3.114928,396,2320.312500,1.248003,52.734375,60.709068,hann
2,3.114928,397,2326.171875,6.132312,52.734375,60.709068,hann
2,3.114928,398,2332.031250,4.336103,52.734375,60.709068,hann
2,3.114928,399,2337.890625,14.474115,52.734375,60.709068,hann
2,3.114928,400,2343.750000,24.671719,52.734375,60.709068,hann
2,3.114928,401,2349.609375,23.151737,52.734375,60.709068,hann
2,3.114928,402,2355.468750,6.731006,52.734375,60.709068,hann
2,3.114928,403,2361.328125,13.787287,52.734375,60.709068,hann
2,3.114928,404,2367.187500,11.277896,52.734375,60.709068,hann
2,3.114928,405,2373.046875,10.003874,52.734375,60.709068,hann
2,3.114928,406,2378.906250,9.283953,52.734375,60.709068,hann
2,3.114928,407,2384.765625,10.926343,52.734375,60.709068,hann
2,3.114928,408,2390.625000,3.969453,52.734375,60.709068,hann
2,3.114928,409,2396.484375,15.369915,52.734375,60.709068,hann
2,3.114928,410,2402.343750,9.128397,52.734375,60.709068,hann
2,3.114928,411,2408.203125,7.226508,52.734375,60.709068,hann
2,3.114928,412,2414.062500,10.850444,52.734375,60.709068,hann
2,3.114928,413,2419.921875,9.909976,52.734375,60.709068,hann
2,3.114928,414,2425.781250,3.986404,52.734375,60.709068,hann
2,3.114928,415,2431.640625,1.259730,52.734375,60.709068,hann
2,3.114928,416,2437.500000,13.744484,52.734375,60.709068,hann
2,3.114928,417,2443.359375,20.262383,52.734375,60.709068,hann
2,3.114928,418,2449.218750,19.292587,52.734375,60.709068,hann
2,3.114928,419,2455.078125,10.904790,52.734375,60.709068,hann
2,3.114928,420,2460.937500,5.995960,52.734375,60.709068,hann
2,3.114928,421,2466.796875,-11.343199,52.734375,60.709068,hann
2,3.114928,422,2472.656250,4.033006,52.734375,60.709068,hann
2,3.114928,423,2478.515625,5.170209,52.734375,60.709068,hann
2,3.114928,424,2484.375000,1.786368,52.734375,60.709068,hann
2,3.114928,425,2490.234375,8.158278,52.734375,60.709068,hann
2,3.114928,426,2496.093750,10.867066,52.734375,60.709068,hann
2,3.114928,427,2501.953125,12.733137,52.734375,60.709068,hann
2,3.114928,428,2507.812500,14.027199,52.734375,60.709068,hann
2,3.114928,429,2513.671875,10.068831,52.734375,60.709068,hann
2,3.114928,430,2519.531250,-5.247299,52.734375,60.709068,hann
2,3.114928,431,2525.390625,6.602499,52.734375,60.709068,hann
2,3.114928,432,2531.250000,0.675682,52.734375,60.709068,hann
2,3.114928,433,2537.109375,12.766201,52.734375,60.709068,hann
2,3.114928,434,2542.968750,23.102980,52.734375,60.709068,hann
2,3.114928,435,2548.828125,22.684973,52.734375,60.709068,hann
2,3.114928,436,2554.687500,2.918498,52.734375,60.709068,hann
2,3.114928,437,2560.546875,9.189118,52.734375,60.709068,hann
2,3.114928,438,2566.406250,1.855324,52.734375,60.709068,hann
2,3.114928,439,2572.265625,-4.809460,52.734375,60.709068,hann
2,3.114928,440,2578.125000,2.304250,52.734375,60.709068,hann
2,3.114928,441,2583.984375,6.234179,52.734375,60.709068,hann
2,3.114928,442,2589.843750,8.621115,52.734375,60.709068,hann
2,3.114928,443,2595.703125,12.715719,52.734375,60.709068,hann
2,3.114928,444,2601.562500,14.295229,52.734375,60.709068,hann
2,3.114928,445,2607.421875,11.539558,52.734375,60.709068,hann
2,3.114928,446,2613.281250,2.186848,52.734375,60.709068,hann
2,3.114928,447,2619.140625,8.063882,52.734375,60.709068,hann
2,3.114928,448,2625.000000,0.762144,52.734375,60.709068,hann
2,3.114928,449,2630.859375,5.657928,52.734375,60.709068,hann
2,3.114928,450,2636.718750,7.226944,52.734375,60.709068,hann
2,3.114928,451,2642.578125,21.273043,52.734375,60.709068,hann
2,3.114928,452,2648.437500,18.628531,52.734375,60.709068,hann
2,3.114928,453,2654.296875,16.601971,52.734375,60.709068,hann
2,3.114928,454,2660.156250,14.823667,52.734375,60.709068,hann
2,3.114928,455,2666.015625,1.697805,52.734375,60.709068,hann
2,3.114928,456,2671.875000,2.684161,52.734375,60.709068,hann
2,3.114928,457,2677.734375,9.268692,52.734375,60.709068,hann
2,3.114928,458,2683.593750,-2.028505,52.734375,60.709068,hann
2,3.114928,459,2689.453125,16.217396,52.734375,60.709068,hann
2,3.114928,460,2695.312500,21.222881,52.734375,60.709068,hann
2,3.114928,461,2701.171875,13.162571,52.734375,60.709068,hann
2,3.114928,462,2707.031250,8.771002,52.734375,60.709068,hann
2,3.114928,463,2712.890625,2.397343,52.734375,60.709068,hann
2,3.114928,464,2718.750000,1.138799,52.734375,60.709068,hann
2,3.114928,465,2724.609375,4.653397,52.734375,60.709068,hann
2,3.114928,466,2730.468750,10.109587,52.734375,60.709068,hann
2,3.114928,467,2736.328125,6.839136,52.734375,60.709068,hann
2,3.114928,468,2742.187500,9.152924,52.734375,60.709068,hann
2,3.114928,469,2748.046875,13.487029,52.734375,60.709068,hann
2,3.114928,470,2753.906250,6.728635,52.734375,60.709068,hann
2,3.114928,471,2759.765625,6.193659,52.734375,60.709068,hann
2,3.114928,472,2765.625000,10.491640,52.734375,60.709068,hann
2,3.114928,473,2771.484375,7.221930,52.734375,60.709068,hann
2,3.114928,474,2777.343750,3.966835,52.734375,60.709068,hann
2,3.114928,475,2783.203125,8.072315,52.734375,60.709068,hann
2,3.114928,476,2789.062500,16.329664,52.734375,60.709068,hann
2,3.114928,477,2794.921875,20.389425,52.734375,60.709068,hann
2,3.114928,478,2800.781250,14.672293,52.734375,60.709068,hann
2,3.114928,479,2806.640625,15.505491,52.734375,60.709068,hann
2,3.114928,480,2812.500000,8.003647,52.734375,60.709068,hann
2,3.114928,481,2818.359375,8.234387,52.734375,60.709068,hann
2,3.114928,482,2824.218750,4.093117,52.734375,60.709068,hann
2,3.114928,483,2830.078125,3.065113,52.734375,60.709068,hann
2,3.114928,484,2835.937500,9.745943,52.734375,60.709068,hann
2,3.114928,485,2841.796875,11.026651,52.734375,60.709068,hann
2,3.114928,486,2847.656250,11.550200,52.734375,60.709068,hann
2,3.114928,487,2853.515625,15.448334,52.734375,60.709068,hann
2,3.114928,488,2859.375000,14.190878,52.734375,60.709068,hann
2,3.114928,489,2865.234375,8.011483,52.734375,60.709068,hann
2,3.114928,490,2871.093750,-3.665585,52.734375,60.709068,hann
2,3.114928,491,2876.953125,2.538786,52.734375,60.709068,hann
2,3.114928,492,2882.812500,6.568522,52.734375,60.709068,hann
2,3.114928,493,2888.671875,12.816265,52.734375,60.709068,hann
2,3.114928,494,2894.531250,17.885839,52.734375,60.709068,hann
2,3.114928,495,2900.390625,6.382768,52.734375,60.709068,hann
2,3.114928,496,2906.250000,11.769836,52.734375,60.709068,hann
2,3.114928,497,2912.109375,6.419052,52.734375,60.709068,hann
2,3.114928,498,2917.968750,-4.154896,52.734375,60.709068,hann
2,3.114928,499,2923.828125,2.782011,52.734375,60.709068,hann
2,3.114928,500,2929.687500,2.117450,52.734375,60.709068,hann
2,3.114928,501,2935.546875,3.475757,52.734375,60.709068,hann
2,3.114928,502,2941.406250,8.816138,52.734375,60.709068,hann
2,3.114928,503,2947.265625,10.001899,52.734375,60.709068,hann
2,3.114928,504,2953.125000,8.077475,52.734375,60.709068,hann
2,3.114928,505,2958.984375,13.863317,52.734375,60.709068,hann
2,3.114928,506,2964.843750,9.402468,52.734375,60.709068,hann
2,3.114928,507,2970.703125,-0.619309,52.734375,60.709068,hann
2,3.114928,508,2976.562500,-1.189706,52.734375,60.709068,hann
2,3.114928,509,2982.421875,-3.655147,52.734375,60.709068,hann
2,3.114928,510,2988.281250,4.821001,52.734375,60.709068,hann
2,3.114928,511,2994.140625,13.967914,52.734375,60.709068,hann
3,4.137292,0,0.000000,29.001198,1998.046875,59.687675,hann
3,4.137292,1,5.859375,36.230659,1998.046875,59.687675,hann
3,4.137292,2,11.718750,36.706154,1998.046875,59.687675,hann
3,4.137292,3,17.578125,32.757717,1998.046875,59.687675,hann
3,4.137292,4,23.437500,28.854750,1998.046875,59.687675,hann
3,4.137292,5,29.296875,32.782658,1998.046875,59.687675,hann
3,4.137292,6,35.156250,21.030275,1998.046875,59.687675,hann
3,4.137292,7,41.015625,45.657482,1998.046875,59.687675,hann
3,4.137292,8,46.875000,58.868752,1998.046875,59.687675,hann
3,4.137292,9,52.734375,59.007271,1998.046875,59.687675,hann
3,4.137292,10,58.593750,45.741440,1998.046875,59.687675,hann
3,4.137292,11,64.453125,27.747200,1998.046875,59.687675,hann
3,4.137292,12,70.312500,17.580791,1998.046875,59.687675,hann
3,4.137292,13,76.171875,23.517504,1998.046875,59.687675,hann
3,4.137292,14,82.031250,7.705804,1998.046875,59.687675,hann
3,4.137292,15,87.890625,13.120770,1998.046875,59.687675,hann
3,4.137292,16,93.750000,46.521030,1998.046875,59.687675,hann
3,4.137292,17,99.609375,52.949883,1998.046875,59.687675,hann
3,4.137292,18,105.468750,47.271584,1998.046875,59.687675,hann
3,4.137292,19,111.328125,18.936466,1998.046875,59.687675,hann
3,4.137292,20,117.187500,1.071111,1998.046875,59.687675,hann
3,4.137292,21,123.046875,19.663116,1998.046875,59.687675,hann
3,4.137292,22,128.906250,18.178692,1998.046875,59.687675,hann
3,4.137292,23,134.765625,8.373762,1998.046875,59.687675,hann
3,4.137292,24,140.625000,29.699442,1998.046875,59.687675,hann
3,4.137292,25,146.484375,44.061565,1998.046875,59.687675,hann
3,4.137292,26,152.343750,44.786144,1998.046875,59.687675,hann
3,4.137292,27,158.203125,33.265816,1998.046875,59.687675,hann
3,4.137292,28,164.062500,13.460231,1998.046875,59.687675,hann
3,4.137292,29,169.921875,7.977337,1998.046875,59.687675,hann
3,4.137292,30,175.781250,11.172709,1998.046875,59.687675,hann
3,4.137292,31,181.640625,9.976091,1998.046875,59.687675,hann
3,4.137292,32,187.500000,7.956932,1998.046875,59.687675,hann
3,4.137292,33,193.359375,28.886440,1998.046875,59.687675,hann
3,4.137292,34,199.218750,35.986595,1998.046875,59.687675,hann
3,4.137292,35,205.078125,31.216942,1998.046875,59.687675,hann
3,4.137292,36,210.937500,-0.449271,1998.046875,59.687675,hann
3,4.137292,37,216.796875,11.791552,1998.046875,59.687675,hann
3,4.137292,38,222.656250,11.613604,1998.046875,59.687675,hann
3,4.137292,39,228.515625,18.200218,1998.046875,59.687675,hann
3,4.137292,40,234.375000,-0.875882,1998.046875,59.687675,hann
3,4.137292,41,240.234375,13.306808,1998.046875,59.687675,hann
3,4.137292,42,246.093750,23.895359,1998.046875,59.687675,hann
3,4.137292,43,251.953125,25.598726,1998.046875,59.687675,hann
3,4.137292,44,257.812500,17.293798,1998.046875,59.687675,hann
3,4.137292,45,263.671875,-1.314118,1998.046875,59.687675,hann
3,4.137292,46,269.531250,4.554132,1998.046875,59.687675,hann
3,4.137292,47,275.390625,14.641096,1998.046875,59.687675,hann
3,4.137292,48,281.250000,10.526279,1998.046875,59.687675,hann
3,4.137292,49,287.109375,13.052452,1998.046875,59.687675,hann
3,4.137292,50,292.968750,31.245419,1998.046875,59.687675,hann
3,4.137292,51,298.828125,38.526375,1998.046875,59.687675,hann
3,4.137292,52,304.687500,34.076454,1998.046875,59.687675,hann
3,4.137292,53,310.546875,16.653402,1998.046875,59.687675,hann
3,4.137292,54,316.406250,14.220860,1998.046875,59.687675,hann
3,4.137292,55,322.265625,15.849954,1998.046875,59.687675,hann
3,4.137292,56,328.125000,17.165592,1998.046875,59.687675,hann
3,4.137292,57,333.984375,9.324952,1998.046875,59.687675,hann
3,4.137292,58,339.843750,23.155342,1998.046875,59.687675,hann
3,4.137292,59,345.703125,38.752457,1998.046875,59.687675,hann
3,4.137292,60,351.562500,40.294552,1998.046875,59.687675,hann
3,4.137292,61,357.421875,29.715057,1998.046875,59.687675,hann
3,4.137292,62,363.281250,1.788322,1998.046875,59.687675,hann
3,4.137292,63,369.140625,5.570436,1998.046875,59.687675,hann
3,4.137292,64,375.000000,12.200847,1998.046875,59.687675,hann
3,4.137292,65,380.859375,8.515537,1998.046875,59.687675,hann
3,4.137292,66,386.718750,6.046149,1998.046875,59.687675,hann
3,4.137292,67,392.578125,23.702524,1998.046875,59.687675,hann
3,4.137292,68,398.437500,30.498634,1998.046875,59.687675,hann
3,4.137292,69,404.296875,26.255306,1998.046875,59.687675,hann
3,4.137292,70,410.156250,1.382280,1998.046875,59.687675,hann
3,4.137292,71,416.015625,11.372711,1998.046875,59.687675,hann
3,4.137292,72,421.875000,14.674722,1998.046875,59.687675,hann
3,4.137292,73,427.734375,15.283374,1998.046875,59.687675,hann
3,4.137292,74,433.593750,4.418602,1998.046875,59.687675,hann
3,4.137292,75,439.453125,14.558489,1998.046875,59.687675,hann
3,4.137292,76,445.312500,32.086643,1998.046875,59.687675,hann
3,4.137292,77,451.171875,33.796238,1998.046875,59.687675,hann
3,4.137292,78,457.031250,22.298107,1998.046875,59.687675,hann
3,4.137292,79,462.890625,-6.260841,1998.046875,59.687675,hann
3,4.137292,80,468.750000,12.267796,1998.046875,59.687675,hann
3,4.137292,81,474.609375,13.539939,1998.046875,59.687675,hann
3,4.137292,82,480.468750,15.003347,1998.046875,59.687675,hann
3,4.137292,83,486.328125,12.665273,1998.046875,59.687675,hann
3,4.137292,84,492.187500,23.676298,1998.046875,59.687675,hann
3,4.137292,85,498.046875,33.285774,1998.046875,59.687675,hann
3,4.137292,86,503.906250,29.947367,1998.046875,59.687675,hann
3,4.137292,87,509.765625,14.426985,1998.046875,59.687675,hann
3,4.137292,88,515.625000,7.005466,1998.046875,59.687675,hann
3,4.137292,89,521.484375,4.678130,1998.046875,59.687675,hann
3,4.137292,90,527.343750,14.323363,1998.046875,59.687675,hann
3,4.137292,91,533.203125,12.493675,1998.046875,59.687675,hann
3,4.137292,92,539.062500,18.179764,1998.046875,59.687675,hann
3,4.137292,93,544.921875,32.478985,1998.046875,59.687675,hann
3,4.137292,94,550.781250,33.994297,1998.046875,59.687675,hann
3,4.137292,95,556.640625,24.052917,1998.046875,59.687675,hann
3,4.137292,96,562.500000,4.613282,1998.046875,59.687675,hann
3,4.137292,97,568.359375,12.329569,1998.046875,59.687675,hann
3,4.137292,98,574.218750,13.798404,1998.046875,59.687675,hann
3,4.137292,99,580.078125,12.726221,1998.046875,59.687675,hann
3,4.137292,100,585.937500,0.257743,1998.046875,59.687675,hann
3,4.137292,101,591.796875,21.941154,1998.046875,59.687675,hann
3,4.137292,102,597.656250,30.228447,1998.046875,59.687675,hann
3,4.137292,103,603.515625,26.461027,1998.046875,59.687675,hann
3,4.137292,104,609.375000,6.544280,1998.046875,59.687675,hann
3,4.137292,105,615.234375,-4.327097,1998.046875,59.687675,hann
3,4.137292,106,621.093750,7.188542,1998.046875,59.687675,hann
3,4.137292,107,626.953125,13.338961,1998.046875,59.687675,hann
3,4.137292,108,632.812500,10.265847,1998.046875,59.687675,hann
3,4.137292,109,638.671875,12.576838,1998.046875,59.687675,hann
3,4.137292,110,644.531250,25.283260,1998.046875,59.687675,hann
3,4.137292,111,650.390625,27.590443,1998.046875,59.687675,hann
3,4.137292,112,656.250000,18.180302,1998.046875,59.687675,hann
3,4.137292,113,662.109375,8.671009,1998.046875,59.687675,hann
3,4.137292,114,667.968750,11.331210,1998.046875,59.687675,hann
3,4.137292,115,673.828125,10.685995,1998.046875,59.687675,hann
3,4.137292,116,679.687500,10.175465,1998.046875,59.687675,hann
3,4.137292,117,685.546875,0.343184,1998.046875,59.687675,hann
3,4.137292,118,691.406250,22.822268,1998.046875,59.687675,hann
3,4.137292,119,697.265625,31.147957,1998.046875,59.687675,hann
3,4.137292,120,703.125000,28.132187,1998.046875,59.687675,hann
3,4.137292,121,708.984375,8.878057,1998.046875,59.687675,hann
3,4.137292,122,714.843750,4.636109,1998.046875,59.687675,hann
3,4.137292,123,720.703125,6.797746,1998.046875,59.687675,hann
3,4.137292,124,726.562500,14.668655,1998.046875,59.687675,hann
3,4.137292,125,732.421875,12.675916,1998.046875,59.687675,hann
3,4.137292,126,738.281250,13.559780,1998.046875,59.687675,hann
3,4.137292,127,744.140625,21.123253,1998.046875,59.687675,hann
3,4.137292,128,750.000000,23.851173,1998.046875,59.687675,hann
3,4.137292,129,755.859375,15.078951,1998.046875,59.687675,hann
3,4.137292,130,761.718750,4.819667,1998.046875,59.687675,hann
3,4.137292,131,767.578125,3.455603,1998.046875,59.687675,hann
3,4.137292,132,773.437500,8.359193,1998.046875,59.687675,hann
3,4.137292,133,779.296875,6.748019,1998.046875,59.687675,hann
3,4.137292,134,785.156250,-3.050579,1998.046875,59.687675,hann
3,4.137292,135,791.015625,15.648955,1998.046875,59.687675,hann
3,4.137292,136,796.875000,23.697845,1998.046875,59.687675,hann
3,4.137292,137,802.734375,21.655264,1998.046875,59.687675,hann
3,4.137292,138,808.593750,10.237183,1998.046875,59.687675,hann
3,4.137292,139,814.453125,1.556102,1998.046875,59.687675,hann
3,4.137292,140,820.312500,6.885958,1998.046875,59.687675,hann
3,4.137292,141,826.171875,12.474192,1998.046875,59.687675,hann
3,4.137292,142,832.031250,12.345656,1998.046875,59.687675,hann
3,4.137292,143,837.890625,10.181485,1998.046875,59.687675,hann
3,4.137292,144,843.750000,22.842321,1998.046875,59.687675,hann
3,4.137292,145,849.609375,25.302961,1998.046875,59.687675,hann
3,4.137292,146,855.468750,19.697559,1998.046875,59.687675,hann
3,4.137292,147,861.328125,13.623586,1998.046875,59.687675,hann
3,4.137292,148,867.187500,14.791183,1998.046875,59.687675,hann
3,4.137292,149,873.046875,13.948404,1998.046875,59.687675,hann
3,4.137292,150,878.906250,16.141163,1998.046875,59.687675,hann
3,4.137292,151,884.765625,9.304511,1998.046875,59.687675,hann
3,4.137292,152,890.625000,12.324806,1998.046875,59.687675,hann
3,4.137292,153,896.484375,21.971661,1998.046875,59.687675,hann
3,4.137292,154,902.343750,19.920341,1998.046875,59.687675,hann
3,4.137292,155,908.203125,1.737906,1998.046875,59.687675,hann
3,4.137292,156,914.062500,12.823266,1998.046875,59.687675,hann
3,4.137292,157,919.921875,13.156199,1998.046875,59.687675,hann
3,4.137292,158,925.781250,-5.697354,1998.046875,59.687675,hann
3,4.137292,159,931.640625,11.595785,1998.046875,59.687675,hann
3,4.137292,160,937.500000,9.879574,1998.046875,59.687675,hann
3,4.137292,161,943.359375,8.595539,1998.046875,59.687675,hann
3,4.137292,162,949.218750,12.678266,1998.046875,59.687675,hann
3,4.137292,163,955.078125,14.560757,1998.046875,59.687675,hann
3,4.137292,164,960.937500,9.755298,1998.046875,59.687675,hann
3,4.137292,165,966.796875,8.873337,1998.046875,59.687675,hann
3,4.137292,166,972.656250,10.186254,1998.046875,59.687675,hann
3,4.137292,167,978.515625,-5.155531,1998.046875,59.687675,hann
3,4.137292,168,984.375000,7.961498,1998.046875,59.687675,hann
3,4.137292,169,990.234375,7.696987,1998.046875,59.687675,hann
3,4.137292,170,996.093750,21.523720,1998.046875,59.687675,hann
3,4.137292,171,1001.953125,19.831161,1998.046875,59.687675,hann
3,4.137292,172,1007.812500,3.547518,1998.046875,59.687675,hann
3,4.137292,173,1013.671875,13.126184,1998.046875,59.687675,hann
3,4.137292,174,1019.531250,11.815443,1998.046875,59.687675,hann
3,4.137292,175,1025.390625,13.472301,1998.046875,59.687675,hann
3,4.137292,176,1031.250000,3.806431,1998.046875,59.687675,hann
3,4.137292,177,1037.109375,10.087050,1998.046875,59.687675,hann
3,4.137292,178,1042.968750,20.300138,1998.046875,59.687675,hann
3,4.137292,179,1048.828125,23.787479,1998.046875,59.687675,hann
3,4.137292,180,1054.687500,18.940063,1998.046875,59.687675,hann
3,4.137292,181,1060.546875,6.803436,1998.046875,59.687675,hann
3,4.137292,182,1066.406250,12.029793,1998.046875,59.687675,hann
3,4.137292,183,1072.265625,12.899026,1998.046875,59.687675,hann
3,4.137292,184,1078.125000,-1.624799,1998.046875,59.687675,hann
3,4.137292,185,1083.984375,7.634265,1998.046875,59.687675,hann
3,4.137292,186,1089.843750,15.003991,1998.046875,59.687675,hann
3,4.137292,187,1095.703125,22.477154,1998.046875,59.687675,hann
3,4.137292,188,1101.562500,21.616180,1998.046875,59.687675,hann
3,4.137292,189,1107.421875,12.470320,1998.046875,59.687675,hann
3,4.137292,190,1113.281250,-3.601363,1998.046875,59.687675,hann
3,4.137292,191,1119.140625,8.004778,1998.046875,59.687675,hann
3,4.137292,192,1125.000000,10.921988,1998.046875,59.687675,hann
3,4.137292,193,1130.859375,5.306649,1998.046875,59.687675,hann
3,4.137292,194,1136.718750,4.464974,1998.046875,59.687675,hann
3,4.137292,195,1142.578125,25.764589,1998.046875,59.687675,hann
3,4.137292,196,1148.437500,29.878654,1998.046875,59.687675,hann
3,4.137292,197,1154.296875,23.154560,1998.046875,59.687675,hann
3,4.137292,198,1160.156250,10.907217,1998.046875,59.687675,hann
3,4.137292,199,1166.015625,-0.569053,1998.046875,59.687675,hann
3,4.137292,200,1171.875000,9.302670,1998.046875,59.687675,hann
3,4.137292,201,1177.734375,11.044687,1998.046875,59.687675,hann
3,4.137292,202,1183.593750,5.900477,1998.046875,59.687675,hann
3,4.137292,203,1189.453125,14.390200,1998.046875,59.687675,hann
3,4.137292,204,1195.312500,12.567514,1998.046875,59.687675,hann
3,4.137292,205,1201.171875,19.777794,1998.046875,59.687675,hann
3,4.137292,206,1207.031250,14.138447,1998.046875,59.687675,hann
3,4.137292,207,1212.890625,4.262265,1998.046875,59.687675,hann
3,4.137292,208,1218.750000,0.840876,1998.046875,59.687675,hann
3,4.137292,209,1224.609375,-0.265555,1998.046875,59.687675,hann
3,4.137292,210,1230.468750,5.328990,1998.046875,59.687675,hann
3,4.137292,211,1236.328125,11.772074,1998.046875,59.687675,hann
3,4.137292,212,1242.187500,19.037525,1998.046875,59.687675,hann
3,4.137292,213,1248.046875,19.055006,1998.046875,59.687675,hann
3,4.137292,214,1253.906250,12.997404,1998.046875,59.687675,hann
3,4.137292,215,1259.765625,0.756706,1998.046875,59.687675,hann
3,4.137292,216,1265.625000,6.282233,1998.046875,59.687675,hann
3,4.137292,217,1271.484375,3.633022,1998.046875,59.687675,hann
3,4.137292,218,1277.343750,10.375397,1998.046875,59.687675,hann
3,4.137292,219,1283.203125,-2.064626,1998.046875,59.687675,hann
3,4.137292,220,1289.062500,-1.702393,1998.046875,59.687675,hann
3,4.137292,221,1294.921875,18.160923,1998.046875,59.687675,hann
3,4.137292,222,1300.781250,21.150854,1998.046875,59.687675,hann
3,4.137292,223,1306.640625,17.587088,1998.046875,59.687675,hann
3,4.137292,224,1312.500000,13.749900,1998.046875,59.687675,hann
3,4.137292,225,1318.359375,4.195540,1998.046875,59.687675,hann
3,4.137292,226,1324.218750,3.075302,1998.046875,59.687675,hann
3,4.137292,227,1330.078125,11.689487,1998.046875,59.687675,hann
3,4.137292,228,1335.937500,13.094286,1998.046875,59.687675,hann
3,4.137292,229,1341.796875,23.332458,1998.046875,59.687675,hann
3,4.137292,230,1347.656250,25.579664,1998.046875,59.687675,hann
3,4.137292,231,1353.515625,19.343719,1998.046875,59.687675,hann
3,4.137292,232,1359.375000,4.448420,1998.046875,59.687675,hann
3,4.137292,233,1365.234375,-19.978327,1998.046875,59.687675,hann
3,4.137292,234,1371.093750,8.574224,1998.046875,59.687675,hann
3,4.137292,235,1376.953125,13.139876,1998.046875,59.687675,hann
3,4.137292,236,1382.812500,11.296616,1998.046875,59.687675,hann
3,4.137292,237,1388.671875,9.576306,1998.046875,59.687675,hann
3,4.137292,238,1394.531250,2.579987,1998.046875,59.687675,hann
3,4.137292,239,1400.390625,1.187567,1998.046875,59.687675,hann
3,4.137292,240,1406.250000,11.879290,1998.046875,59.687675,hann
3,4.137292,241,1412.109375,12.690365,1998.046875,59.687675,hann
3,4.137292,242,1417.968750,11.603226,1998.046875,59.687675,hann
3,4.137292,243,1423.828125,9.973116,1998.046875,59.687675,hann
3,4.137292,244,1429.687500,6.552596,1998.046875,59.687675,hann
3,4.137292,245,1435.546875,7.737579,1998.046875,59.687675,hann
3,4.137292,246,1441.406250,18.186317,1998.046875,59.687675,hann
3,4.137292,247,1447.265625,22.984686,1998.046875,59.687675,hann
3,4.137292,248,1453.125000,20.448868,1998.046875,59.687675,hann
3,4.137292,249,1458.984375,15.399435,1998.046875,59.687675,hann
3,4.137292,250,1464.843750,9.334475,1998.046875,59.687675,hann
3,4.137292,251,1470.703125,5.847587,1998.046875,59.687675,hann
3,4.137292,252,1476.562500,8.470387,1998.046875,59.687675,hann
3,4.137292,253,1482.421875,10.796046,1998.046875,59.687675,hann
3,4.137292,254,1488.281250,2.848302,1998.046875,59.687675,hann
3,4.137292,255,1494.140625,11.589800,1998.046875,59.687675,hann
3,4.137292,256,1500.000000,13.604034,1998.046875,59.687675,hann
3,4.137292,257,1505.859375,6.547584,1998.046875,59.687675,hann
3,4.137292,258,1511.718750,0.674404,1998.046875,59.687675,hann
3,4.137292,259,1517.578125,3.133322,1998.046875,59.687675,hann
3,4.137292,260,1523.437500,1.475553,1998.046875,59.687675,hann
3,4.137292,261,1529.296875,10.132298,1998.046875,59.687675,hann
3,4.137292,262,1535.156250,7.187737,1998.046875,59.687675,hann
3,4.137292,263,1541.015625,12.495909,1998.046875,59.687675,hann
3,4.137292,264,1546.875000,14.914360,1998.046875,59.687675,hann
3,4.137292,265,1552.734375,13.566280,1998.046875,59.687675,hann
3,4.137292,266,1558.593750,15.666906,1998.046875,59.687675,hann
3,4.137292,267,1564.453125,11.820818,1998.046875,59.687675,hann
3,4.137292,268,1570.312500,8.542975,1998.046875,59.687675,hann
3,4.137292,269,1576.171875,9.724412,1998.046875,59.687675,hann
3,4.137292,270,1582.031250,5.208736,1998.046875,59.687675,hann
3,4.137292,271,1587.890625,3.440297,1998.046875,59.687675,hann
3,4.137292,272,1593.750000,15.680092,1998.046875,59.687675,hann
3,4.137292,273,1599.609375,20.608105,1998.046875,59.687675,hann
3,4.137292,274,1605.468750,16.403341,1998.046875,59.687675,hann
3,4.137292,275,1611.328125,15.483809,1998.046875,59.687675,hann
3,4.137292,276,1617.187500,12.918862,1998.046875,59.687675,hann
3,4.137292,277,1623.046875,5.115400,1998.046875,59.687675,hann
3,4.137292,278,1628.906250,7.555030,1998.046875,59.687675,hann
3,4.137292,279,1634.765625,12.244436,1998.046875,59.687675,hann
3,4.137292,280,1640.625000,13.671922,1998.046875,59.687675,hann
3,4.137292,281,1646.484375,22.899246,1998.046875,59.687675,hann
3,4.137292,282,1652.343750,23.604277,1998.046875,59.687675,hann
3,4.137292,283,1658.203125,18.275883,1998.046875,59.687675,hann
3,4.137292,284,1664.062500,7.185227,1998.046875,59.687675,hann
3,4.137292,285,1669.921875,8.727320,1998.046875,59.687675,hann
3,4.137292,286,1675.781250,15.030354,1998.046875,59.687675,hann
3,4.137292,287,1681.640625,12.746208,1998.046875,59.687675,hann
3,4.137292,288,1687.500000,4.980984,1998.046875,59.687675,hann
3,4.137292,289,1693.359375,16.782480,1998.046875,59.687675,hann
3,4.137292,290,1699.218750,22.927658,1998.046875,59.687675,hann
3,4.137292,291,1705.078125,15.477934,1998.046875,59.687675,hann
3,4.137292,292,1710.937500,10.922993,1998.046875,59.687675,hann
3,4.137292,293,1716.796875,10.459932,1998.046875,59.687675,hann
3,4.137292,294,1722.656250,-10.887475,1998.046875,59.687675,hann
3,4.137292,295,1728.515625,8.752847,1998.046875,59.687675,hann
3,4.137292,296,1734.375000,11.565753,1998.046875,59.687675,hann
3,4.137292,297,1740.234375,8.832001,1998.046875,59.687675,hann
3,4.137292,298,1746.093750,23.806091,1998.046875,59.687675,hann
3,4.137292,299,1751.953125,24.789013,1998.046875,59.687675,hann
3,4.137292,300,1757.812500,21.609213,1998.046875,59.687675,hann
3,4.137292,301,1763.671875,3.703321,1998.046875,59.687675,hann
3,4.137292,302,1769.531250,14.890494,1998.046875,59.687675,hann
3,4.137292,303,1775.390625,14.397142,1998.046875,59.687675,hann
3,4.137292,304,1781.250000,14.131191,1998.046875,59.687675,hann
3,4.137292,305,1787.109375,19.990854,1998.046875,59.687675,hann
3,4.137292,306,1792.968750,22.643921,1998.046875,59.687675,hann
3,4.137292,307,1798.828125,26.883999,1998.046875,59.687675,hann
3,4.137292,308,1804.687500,17.858139,1998.046875,59.687675,hann
3,4.137292,309,1810.546875,-6.979747,1998.046875,59.687675,hann
3,4.137292,310,1816.406250,4.675588,1998.046875,59.687675,hann
3,4.137292,311,1822.265625,10.024251,1998.046875,59.687675,hann
3,4.137292,312,1828.125000,-7.243702,1998.046875,59.687675,hann
3,4.137292,313,1833.984375,14.951147,1998.046875,59.687675,hann
3,4.137292,314,1839.843750,16.797087,1998.046875,59.687675,hann
3,4.137292,315,1845.703125,27.278193,1998.046875,59.687675,hann
3,4.137292,316,1851.562500,26.989811,1998.046875,59.687675,hann
3,4.137292,317,1857.421875,23.225735,1998.046875,59.687675,hann
3,4.137292,318,1863.281250,9.383921,1998.046875,59.687675,hann
3,4.137292,319,1869.140625,9.035593,1998.046875,59.687675,hann
3,4.137292,320,1875.000000,13.950125,1998.046875,59.687675,hann
3,4.137292,321,1880.859375,12.973402,1998.046875,59.687675,hann
3,4.137292,322,1886.718750,19.822941,1998.046875,59.687675,hann
3,4.137292,323,1892.578125,26.398489,1998.046875,59.687675,hann
3,4.137292,324,1898.437500,31.767918,1998.046875,59.687675,hann
3,4.137292,325,1904.296875,28.657721,1998.046875,59.687675,hann
3,4.137292,326,1910.156250,19.617657,1998.046875,59.687675,hann
3,4.137292,327,1916.015625,19.841957,1998.046875,59.687675,hann
3,4.137292,328,1921.875000,15.888060,1998.046875,59.687675,hann
3,4.137292,329,1927.734375,19.690672,1998.046875,59.687675,hann
3,4.137292,330,1933.593750,27.907183,1998.046875,59.687675,hann
3,4.137292,331,1939.453125,33.479073,1998.046875,59.687675,hann
3,4.137292,332,1945.312500,43.395954,1998.046875,59.687675,hann
3,4.137292,333,1951.171875,42.415329,1998.046875,59.687675,hann
3,4.137292,334,1957.031250,33.937641,1998.046875,59.687675,hann
3,4.137292,335,1962.890625,26.136753,1998.046875,59.687675,hann
3,4.137292,336,1968.750000,22.245893,1998.046875,59.687675,hann
3,4.137292,337,1974.609375,36.455414,1998.046875,59.687675,hann
3,4.137292,338,1980.468750,34.287346,1998.046875,59.687675,hann
3,4.137292,339,1986.328125,43.827698,1998.046875,59.687675,hann
3,4.137292,340,1992.187500,53.572689,1998.046875,59.687675,hann
3,4.137292,341,1998.046875,59.687675,1998.046875,59.687675,hann
3,4.137292,342,2003.906250,55.977318,1998.046875,59.687675,hann
3,4.137292,343,2009.765625,47.609589,1998.046875,59.687675,hann
3,4.137292,344,2015.625000,33.593410,1998.046875,59.687675,hann
3,4.137292,345,2021.484375,32.457020,1998.046875,59.687675,hann
3,4.137292,346,2027.343750,23.387892,1998.046875,59.687675,hann
3,4.137292,347,2033.203125,26.538929,1998.046875,59.687675,hann
3,4.137292,348,2039.062500,29.373510,1998.046875,59.687675,hann
3,4.137292,349,2044.921875,41.821930,1998.046875,59.687675,hann
3,4.137292,350,2050.781250,42.291183,1998.046875,59.687675,hann
3,4.137292,351,2056.640625,36.735256,1998.046875,59.687675,hann
3,4.137292,352,2062.500000,22.174599,1998.046875,59.687675,hann
3,4.137292,353,2068.359375,24.113461,1998.046875,59.687675,hann
3,4.137292,354,2074.218750,18.818678,1998.046875,59.687675,hann
3,4.137292,355,2080.078125,10.265450,1998.046875,59.687675,hann
3,4.137292,356,2085.937500,21.279242,1998.046875,59.687675,hann
3,4.137292,357,2091.796875,28.878029,1998.046875,59.687675,hann
3,4.137292,358,2097.656250,32.258102,1998.046875,59.687675,hann
3,4.137292,359,2103.515625,26.441044,1998.046875,59.687675,hann
3,4.137292,360,2109.375000,21.690771,1998.046875,59.687675,hann
3,4.137292,361,2115.234375,13.508273,1998.046875,59.687675,hann
3,4.137292,362,2121.093750,17.842543,1998.046875,59.687675,hann
3,4.137292,363,2126.953125,4.668225,1998.046875,59.687675,hann
3,4.137292,364,2132.812500,14.553605,1998.046875,59.687675,hann
3,4.137292,365,2138.671875,18.049604,1998.046875,59.687675,hann
3,4.137292,366,2144.531250,26.809027,1998.046875,59.687675,hann
3,4.137292,367,2150.390625,24.926430,1998.046875,59.687675,hann
3,4.137292,368,2156.250000,16.611822,1998.046875,59.687675,hann
3,4.137292,369,2162.109375,4.296444,1998.046875,59.687675,hann
3,4.137292,370,2167.968750,14.465000,1998.046875,59.687675,hann
3,4.137292,371,2173.828125,8.916842,1998.046875,59.687675,hann
3,4.137292,372,2179.687500,11.695740,1998.046875,59.687675,hann
3,4.137292,373,2185.546875,4.335949,1998.046875,59.687675,hann
3,4.137292,374,2191.406250,9.032946,1998.046875,59.687675,hann
3,4.137292,375,2197.265625,17.369810,1998.046875,59.687675,hann
3,4.137292,376,2203.125000,19.336737,1998.046875,59.687675,hann
3,4.137292,377,2208.984375,15.019303,1998.046875,59.687675,hann
3,4.137292,378,2214.843750,7.915797,1998.046875,59.687675,hann
3,4.137292,379,2220.703125,9.350341,1998.046875,59.687675,hann
3,4.137292,380,2226.562500,7.174038,1998.046875,59.687675,hann
3,4.137292,381,2232.421875,8.514333,1998.046875,59.687675,hann
3,4.137292,382,2238.281250,3.222455,1998.046875,59.687675,hann
3,4.137292,383,2244.140625,18.503506,1998.046875,59.687675,hann
3,4.137292,384,2250.000000,19.002790,1998.046875,59.687675,hann
3,4.137292,385,2255.859375,14.468888,1998.046875,59.687675,hann
3,4.137292,386,2261.718750,12.088847,1998.046875,59.687675,hann
3,4.137292,387,2267.578125,-9.225029,1998.046875,59.687675,hann
3,4.137292,388,2273.437500,7.523594,1998.046875,59.687675,hann
3,4.137292,389,2279.296875,5.086283,1998.046875,59.687675,hann
3,4.137292,390,2285.156250,10.402668,1998.046875,59.687675,hann
3,4.137292,391,2291.015625,10.104246,1998.046875,59.687675,hann
3,4.137292,392,2296.875000,16.663662,1998.046875,59.687675,hann
3,4.137292,393,2302.734375,15.975708,1998.046875,59.687675,hann
3,4.137292,394,2308.593750,13.162426,1998.046875,59.687675,hann
3,4.137292,395,2314.453125,11.020130,1998.046875,59.687675,hann
3,4.137292,396,2320.312500,9.258600,1998.046875,59.687675,hann
3,4.137292,397,2326.171875,12.679699,1998.046875,59.687675,hann
3,4.137292,398,2332.031250,2.785283,1998.046875,59.687675,hann
3,4.137292,399,2337.890625,-5.003273,1998.046875,59.687675,hann
3,4.137292,400,2343.750000,20.161354,1998.046875,59.687675,hann
3,4.137292,401,2349.609375,23.134899,1998.046875,59.687675,hann
3,4.137292,402,2355.468750,17.915545,1998.046875,59.687675,hann
3,4.137292,403,2361.328125,7.268571,1998.046875,59.687675,hann
3,4.137292,404,2367.187500,12.151613,1998.046875,59.687675,hann
3,4.137292,405,2373.046875,3.362824,1998.046875,59.687675,hann
3,4.137292,406,2378.906250,2.858577,1998.046875,59.687675,hann
3,4.137292,407,2384.765625,5.859104,1998.046875,59.687675,hann
3,4.137292,408,2390.625000,15.271558,1998.046875,59.687675,hann
3,4.137292,409,2396.484375,19.778511,1998.046875,59.687675,hann
3,4.137292,410,2402.343750,16.647598,1998.046875,59.687675,hann
3,4.137292,411,2408.203125,6.991353,1998.046875,59.687675,hann
3,4.137292,412,2414.062500,2.198112,1998.046875,59.687675,hann
3,4.137292,413,2419.921875,6.836102,1998.046875,59.687675,hann
3,4.137292,414,2425.781250,8.164760,1998.046875,59.687675,hann
3,4.137292,415,2431.640625,9.661901,1998.046875,59.687675,hann
3,4.137292,416,2437.500000,10.604126,1998.046875,59.687675,hann
3,4.137292,417,2443.359375,14.197761,1998.046875,59.687675,hann
3,4.137292,418,2449.218750,20.113031,1998.046875,59.687675,hann
3,4.137292,419,2455.078125,13.697872,1998.046875,59.687675,hann
3,4.137292,420,2460.937500,-0.069938,1998.046875,59.687675,hann
3,4.137292,421,2466.796875,13.993063,1998.046875,59.687675,hann
3,4.137292,422,2472.656250,14.529366,1998.046875,59.687675,hann
3,4.137292,423,2478.515625,6.349769,1998.046875,59.687675,hann
3,4.137292,424,2484.375000,3.563562,1998.046875,59.687675,hann
3,4.137292,425,2490.234375,11.592196,1998.046875,59.687675,hann
3,4.137292,426,2496.093750,5.550125,1998.046875,59.687675,hann
3,4.137292,427,2501.953125,12.744890,1998.046875,59.687675,hann
3,4.137292,428,2507.812500,16.189100,1998.046875,59.687675,hann
3,4.137292,429,2513.671875,5.996500,1998.046875,59.687675,hann
3,4.137292,430,2519.531250,4.659912,1998.046875,59.687675,hann
3,4.137292,431,2525.390625,13.514624,1998.046875,59.687675,hann
3,4.137292,432,2531.250000,8.407970,1998.046875,59.687675,hann
3,4.137292,433,2537.109375,11.180285,1998.046875,59.687675,hann
3,4.137292,434,2542.968750,21.652658,1998.046875,59.687675,hann
3,4.137292,435,2548.828125,23.673977,1998.046875,59.687675,hann
3,4.137292,436,2554.687500,18.971441,1998.046875,59.687675,hann
3,4.137292,437,2560.546875,4.721680,1998.046875,59.687675,hann
3,4.137292,438,2566.406250,-3.954192,1998.046875,59.687675,hann
3,4.137292,439,2572.265625,10.178858,1998.046875,59.687675,hann
3,4.137292,440,2578.125000,1.324744,1998.046875,59.687675,hann
3,4.137292,441,2583.984375,10.848522,1998.046875,59.687675,hann
3,4.137292,442,2589.843750,3.606713,1998.046875,59.687675,hann
3,4.137292,443,2595.703125,13.411769,1998.046875,59.687675,hann
3,4.137292,444,2601.562500,7.554426,1998.046875,59.687675,hann
3,4.137292,445,2607.421875,1.414462,1998.046875,59.687675,hann
3,4.137292,446,2613.281250,1.675461,1998.046875,59.687675,hann
3,4.137292,447,2619.140625,-0.973348,1998.046875,59.687675,hann
3,4.137292,448,2625.000000,5.584941,1998.046875,59.687675,hann
3,4.137292,449,2630.859375,-4.609110,1998.046875,59.687675,hann
3,4.137292,450,2636.718750,6.217043,1998.046875,59.687675,hann
3,4.137292,451,2642.578125,20.080814,1998.046875,59.687675,hann
3,4.137292,452,2648.437500,21.443676,1998.046875,59.687675,hann
3,4.137292,453,2654.296875,19.796640,1998.046875,59.687675,hann
3,4.137292,454,2660.156250,12.588800,1998.046875,59.687675,hann
3,4.137292,455,2666.015625,9.470214,1998.046875,59.687675,hann
3,4.137292,456,2671.875000,5.113249,1998.046875,59.687675,hann
3,4.137292,457,2677.734375,11.395501,1998.046875,59.687675,hann
3,4.137292,458,2683.593750,4.698791,1998.046875,59.687675,hann
3,4.137292,459,2689.453125,0.098095,1998.046875,59.687675,hann
3,4.137292,460,2695.312500,18.594110,1998.046875,59.687675,hann
3,4.137292,461,2701.171875,14.220881,1998.046875,59.687675,hann
3,4.137292,462,2707.031250,2.858989,1998.046875,59.687675,hann
3,4.137292,463,2712.890625,9.606849,1998.046875,59.687675,hann
3,4.137292,464,2718.750000,9.772884,1998.046875,59.687675,hann
3,4.137292,465,2724.609375,8.403267,1998.046875,59.687675,hann
3,4.137292,466,2730.468750,10.621562,1998.046875,59.687675,hann
3,4.137292,467,2736.328125,11.256675,1998.046875,59.687675,hann
3,4.137292,468,2742.187500,12.044288,1998.046875,59.687675,hann
3,4.137292,469,2748.046875,15.055548,1998.046875,59.687675,hann
3,4.137292,470,2753.906250,14.956599,1998.046875,59.687675,hann
3,4.137292,471,2759.765625,7.790890,1998.046875,59.687675,hann
3,4.137292,472,2765.625000,4.599424,1998.046875,59.687675,hann
3,4.137292,473,2771.484375,-11.222625,1998.046875,59.687675,hann
3,4.137292,474,2777.343750,2.114821,1998.046875,59.687675,hann
3,4.137292,475,2783.203125,7.137437,1998.046875,59.687675,hann
3,4.137292,476,2789.062500,10.877628,1998.046875,59.687675,hann
3,4.137292,477,2794.921875,20.414021,1998.046875,59.687675,hann
3,4.137292,478,2800.781250,18.732092,1998.046875,59.687675,hann
3,4.137292,479,2806.640625,15.263985,1998.046875,59.687675,hann
3,4.137292,480,2812.500000,9.759062,1998.046875,59.687675,hann
3,4.137292,481,2818.359375,7.637678,1998.046875,59.687675,hann
3,4.137292,482,2824.218750,7.021046,1998.046875,59.687675,hann
3,4.137292,483,2830.078125,7.327912,1998.046875,59.687675,hann
3,4.137292,484,2835.937500,6.003213,1998.046875,59.687675,hann
3,4.137292,485,2841.796875,10.651428,1998.046875,59.687675,hann
3,4.137292,486,2847.656250,6.099370,1998.046875,59.687675,hann
3,4.137292,487,2853.515625,10.311841,1998.046875,59.687675,hann
3,4.137292,488,2859.375000,0.470707,1998.046875,59.687675,hann
3,4.137292,489,2865.234375,1.456974,1998.046875,59.687675,hann
3,4.137292,490,2871.093750,0.929392,1998.046875,59.687675,hann
3,4.137292,491,2876.953125,-2.612444,1998.046875,59.687675,hann
3,4.137292,492,2882.812500,-2.987492,1998.046875,59.687675,hann
3,4.137292,493,2888.671875,7.354852,1998.046875,59.687675,hann
3,4.137292,494,2894.531250,17.895576,1998.046875,59.687675,hann
3,4.137292,495,2900.390625,19.705307,1998.046875,59.687675,hann
3,4.137292,496,2906.250000,15.114627,1998.046875,59.687675,hann
3,4.137292,497,2912.109375,-4.679712,1998.046875,59.687675,hann
3,4.137292,498,2917.968750,-0.775414,1998.046875,59.687675,hann
3,4.137292,499,2923.828125,11.038860,1998.046875,59.687675,hann
3,4.137292,500,2929.687500,10.650635,1998.046875,59.687675,hann
3,4.137292,501,2935.546875,6.597982,1998.046875,59.687675,hann
3,4.137292,502,2941.406250,10.469774,1998.046875,59.687675,hann
3,4.137292,503,2947.265625,11.503197,1998.046875,59.687675,hann
3,4.137292,504,2953.125000,8.784246,1998.046875,59.687675,hann
3,4.137292,505,2958.984375,0.183029,1998.046875,59.687675,hann
3,4.137292,506,2964.843750,-2.277529,1998.046875,59.687675,hann
3,4.137292,507,2970.703125,5.106878,1998.046875,59.687675,hann
3,4.137292,508,2976.562500,2.841338,1998.046875,59.687675,hann
3,4.137292,509,2982.421875,3.759415,1998.046875,59.687675,hann
3,4.137292,510,2988.281250,5.138423,1998.046875,59.687675,hann
3,4.137292,511,2994.140625,14.606678,1998.046875,59.687675,hann
4,5.159644,0,0.000000,28.681015,1998.046875,59.657394,hann
4,5.159644,1,5.859375,35.618736,1998.046875,59.657394,hann
4,5.159644,2,11.718750,37.237545,1998.046875,59.657394,hann
4,5.159644,3,17.578125,30.295322,1998.046875,59.657394,hann
4,5.159644,4,23.437500,32.056198,1998.046875,59.657394,hann
4,5.159644,5,29.296875,29.648655,1998.046875,59.657394,hann
4,5.159644,6,35.156250,25.164864,1998.046875,59.657394,hann
4,5.159644,7,41.015625,45.772896,1998.046875,59.657394,hann
4,5.159644,8,46.875000,59.252319,1998.046875,59.657394,hann
4,5.159644,9,52.734375,59.450222,1998.046875,59.657394,hann
4,5.159644,10,58.593750,46.226692,1998.046875,59.657394,hann
4,5.159644,11,64.453125,28.570127,1998.046875,59.657394,hann
4,5.159644,12,70.312500,21.260658,1998.046875,59.657394,hann
4,5.159644,13,76.171875,21.471937,1998.046875,59.657394,hann
4,5.159644,14,82.031250,5.785709,1998.046875,59.657394,hann
4,5.159644,15,87.890625,5.556146,1998.046875,59.657394,hann
4,5.159644,16,93.750000,46.936150,1998.046875,59.657394,hann
4,5.159644,17,99.609375,53.383530,1998.046875,59.657394,hann
4,5.159644,18,105.468750,48.038101,1998.046875,59.657394,hann
4,5.159644,19,111.328125,22.885227,1998.046875,59.657394,hann
4,5.159644,20,117.187500,16.164745,1998.046875,59.657394,hann
4,5.159644,21,123.046875,13.157267,1998.046875,59.657394,hann
4,5.159644,22,128.906250,20.105026,1998.046875,59.657394,hann
4,5.159644,23,134.765625,13.477243,1998.046875,59.657394,hann
4,5.159644,24,140.625000,28.740099,1998.046875,59.657394,hann
4,5.159644,25,146.484375,43.864063,1998.046875,59.657394,hann
4,5.159644,26,152.343750,44.630035,1998.046875,59.657394,hann
4,5.159644,27,158.203125,33.007729,1998.046875,59.657394,hann
4,5.159644,28,164.062500,9.305400,1998.046875,59.657394,hann
4,5.159644,29,169.921875,10.581978,1998.046875,59.657394,hann
4,5.159644,30,175.781250,7.248112,1998.046875,59.657394,hann
4,5.159644,31,181.640625,2.873292,1998.046875,59.657394,hann
4,5.159644,32,187.500000,9.320774,1998.046875,59.657394,hann
4,5.159644,33,193.359375,28.391130,1998.046875,59.657394,hann
4,5.159644,34,199.218750,35.036617,1998.046875,59.657394,hann
4,5.159644,35,205.078125,29.603180,1998.046875,59.657394,hann
4,5.159644,36,210.937500,6.701942,1998.046875,59.657394,hann
4,5.159644,37,216.796875,10.337282,1998.046875,59.657394,hann
4,5.159644,38,222.656250,7.355516,1998.046875,59.657394,hann
4,5.159644,39,228.515625,10.952493,1998.046875,59.657394,hann
4,5.159644,40,234.375000,6.778337,1998.046875,59.657394,hann
4,5.159644,41,240.234375,13.324137,1998.046875,59.657394,hann
4,5.159644,42,246.093750,20.919897,1998.046875,59.657394,hann
4,5.159644,43,251.953125,20.659782,1998.046875,59.657394,hann
4,5.159644,44,257.812500,15.471159,1998.046875,59.657394,hann
4,5.159644,45,263.671875,6.821520,1998.046875,59.657394,hann
4,5.159644,46,269.531250,0.234867,1998.046875,59.657394,hann
4,5.159644,47,275.390625,10.428420,1998.046875,59.657394,hann
4,5.159644,48,281.250000,-0.913430,1998.046875,59.657394,hann
4,5.159644,49,287.109375,2.244135,1998.046875,59.657394,hann
4,5.159644,50,292.968750,31.066761,1998.046875,59.657394,hann
4,5.159644,51,298.828125,37.963253,1998.046875,59.657394,hann
4,5.159644,52,304.687500,33.452400,1998.046875,59.657394,hann
4,5.159644,53,310.546875,13.811310,1998.046875,59.657394,hann
4,5.159644,54,316.406250,7.032680,1998.046875,59.657394,hann
4,5.159644,55,322.265625,-2.751819,1998.046875,59.657394,hann
4,5.159644,56,328.125000,-9.043263,1998.046875,59.657394,hann
4,5.159644,57,333.984375,2.899339,1998.046875,59.657394,hann
4,5.159644,58,339.843750,19.473955,1998.046875,59.657394,hann
4,5.159644,59,345.703125,37.104038,1998.046875,59.657394,hann
4,5.159644,60,351.562500,38.643417,1998.046875,59.657394,hann
4,5.159644,61,357.421875,25.961559,1998.046875,59.657394,hann
4,5.159644,62,363.281250,17.959078,1998.046875,59.657394,hann
4,5.159644,63,369.140625,13.328205,1998.046875,59.657394,hann
4,5.159644,64,375.000000,10.938942,1998.046875,59.657394,hann
4,5.159644,65,380.859375,1.888648,1998.046875,59.657394,hann
4,5.159644,66,386.718750,8.186444,1998.046875,59.657394,hann
4,5.159644,67,392.578125,24.963146,1998.046875,59.657394,hann
4,5.159644,68,398.437500,31.365044,1998.046875,59.657394,hann
4,5.159644,69,404.296875,26.629248,1998.046875,59.657394,hann
4,5.159644,70,410.156250,4.588928,1998.046875,59.657394,hann
4,5.159644,71,416.015625,4.437064,1998.046875,59.657394,hann
4,5.159644,72,421.875000,8.439617,1998.046875,59.657394,hann
4,5.159644,73,427.734375,11.310011,1998.046875,59.657394,hann
4,5.159644,74,433.593750,14.584722,1998.046875,59.657394,hann
4,5.159644,75,439.453125,11.340884,1998.046875,59.657394,hann
4,5.159644,76,445.312500,32.534142,1998.046875,59.657394,hann
4,5.159644,77,451.171875,34.650696,1998.046875,59.657394,hann
4,5.159644,78,457.031250,23.309546,1998.046875,59.657394,hann
4,5.159644,79,462.890625,14.445480,1998.046875,59.657394,hann
4,5.159644,80,468.750000,5.906131,1998.046875,59.657394,hann
4,5.159644,81,474.609375,-5.574156,1998.046875,59.657394,hann
4,5.159644,82,480.468750,10.655254,1998.046875,59.657394,hann
4,5.159644,83,486.328125,16.310474,1998.046875,59.657394,hann
4,5.159644,84,492.187500,23.922688,1998.046875,59.657394,hann
4,5.159644,85,498.046875,32.901157,1998.046875,59.657394,hann
4,5.159644,86,503.906250,29.730392,1998.046875,59.657394,hann
4,5.159644,87,509.765625,14.265312,1998.046875,59.657394,hann
4,5.159644,88,515.625000,-4.139872,1998.046875,59.657394,hann
4,5.159644,89,521.484375,0.797160,1998.046875,59.657394,hann
4,5.159644,90,527.343750,-4.714651,1998.046875,59.657394,hann
4,5.159644,91,533.203125,6.273224,1998.046875,59.657394,hann
4,5.159644,92,539.062500,18.395039,1998.046875,59.657394,hann
4,5.159644,93,544.921875,32.069660,1998.046875,59.657394,hann
4,5.159644,94,550.781250,34.023930,1998.046875,59.657394,hann
4,5.159644,95,556.640625,23.822929,1998.046875,59.657394,hann
4,5.159644,96,562.500000,11.079005,1998.046875,59.657394,hann
4,5.159644,97,568.359375,10.464101,1998.046875,59.657394,hann
4,5.159644,98,574.218750,9.178532,1998.046875,59.657394,hann
4,5.159644,99,580.078125,7.543612,1998.046875,59.657394,hann
4,5.159644,100,585.937500,9.894567,1998.046875,59.657394,hann
4,5.159644,101,591.796875,18.178085,1998.046875,59.657394,hann
4,5.159644,102,597.656250,28.700235,1998.046875,59.657394,hann
4,5.159644,103,603.515625,25.116388,1998.046875,59.657394,hann
4,5.159644,104,609.375000,11.653014,1998.046875,59.657394,hann
4,5.159644,105,615.234375,6.717330,1998.046875,59.657394,hann
4,5.159644,106,621.093750,1.683444,1998.046875,59.657394,hann
4,5.159644,107,626.953125,7.114680,1998.046875,59.657394,hann
4,5.159644,108,632.812500,-6.465163,1998.046875,59.657394,hann
4,5.159644,109,638.671875,12.857018,1998.046875,59.657394,hann
4,5.159644,110,644.531250,25.838289,1998.046875,59.657394,hann
4,5.159644,111,650.390625,28.596725,1998.046875,59.657394,hann
4,5.159644,112,656.250000,17.943403,1998.046875,59.657394,hann
4,5.159644,113,662.109375,13.368723,1998.046875,59.657394,hann
4,5.159644,114,667.968750,0.923030,1998.046875,59.657394,hann
4,5.159644,115,673.828125,2.149938,1998.046875,59.657394,hann
4,5.159644,116,679.687500,2.668258,1998.046875,59.657394,hann
4,5.159644,117,685.546875,6.692076,1998.046875,59.657394,hann
4,5.159644,118,691.406250,21.696070,1998.046875,59.657394,hann
4,5.159644,119,697.265625,31.623924,1998.046875,59.657394,hann
4,5.159644,120,703.125000,29.473610,1998.046875,59.657394,hann
4,5.159644,121,708.984375,17.369501,1998.046875,59.657394,hann
4,5.159644,122,714.843750,3.419382,1998.046875,59.657394,hann
4,5.159644,123,720.703125,4.778950,1998.046875,59.657394,hann
4,5.159644,124,726.562500,4.519295,1998.046875,59.657394,hann
4,5.159644,125,732.421875,-0.856237,1998.046875,59.657394,hann
4,5.159644,126,738.281250,11.938138,1998.046875,59.657394,hann
4,5.159644,127,744.140625,23.225233,1998.046875,59.657394,hann
4,5.159644,128,750.000000,24.123323,1998.046875,59.657394,hann
4,5.159644,129,755.859375,13.237804,1998.046875,59.657394,hann
4,5.159644,130,761.718750,-0.098784,1998.046875,59.657394,hann
4,5.159644,131,767.578125,-4.182487,1998.046875,59.657394,hann
4,5.159644,132,773.437500,-1.372679,1998.046875,59.657394,hann
4,5.159644,133,779.296875,8.761426,1998.046875,59.657394,hann
4,5.159644,134,785.156250,3.875490,1998.046875,59.657394,hann
4,5.159644,135,791.015625,15.820084,1998.046875,59.657394,hann
4,5.159644,136,796.875000,24.015371,1998.046875,59.657394,hann
4,5.159644,137,802.734375,21.722961,1998.046875,59.657394,hann
4,5.159644,138,808.593750,9.486175,1998.046875,59.657394,hann
4,5.159644,139,814.453125,1.963078,1998.046875,59.657394,hann
4,5.159644,140,820.312500,7.385482,1998.046875,59.657394,hann
4,5.159644,141,826.171875,5.753608,1998.046875,59.657394,hann
4,5.159644,142,832.031250,4.299637,1998.046875,59.657394,hann
4,5.159644,143,837.890625,8.063620,1998.046875,59.657394,hann
4,5.159644,144,843.750000,6.108049,1998.046875,59.657394,hann
4,5.159644,145,849.609375,8.462151,1998.046875,59.657394,hann
4,5.159644,146,855.468750,2.516293,1998.046875,59.657394,hann
4,5.159644,147,861.328125,5.662954,1998.046875,59.657394,hann
4,5.159644,148,867.187500,7.402220,1998.046875,59.657394,hann
4,5.159644,149,873.046875,6.113641,1998.046875,59.657394,hann
4,5.159644,150,878.906250,-10.217229,1998.046875,59.657394,hann
4,5.159644,151,884.765625,5.679398,1998.046875,59.657394,hann
4,5.159644,152,890.625000,18.550163,1998.046875,59.657394,hann
4,5.159644,153,896.484375,26.784508,1998.046875,59.657394,hann
4,5.159644,154,902.343750,25.958529,1998.046875,59.657394,hann
4,5.159644,155,908.203125,18.505976,1998.046875,59.657394,hann
4,5.159644,156,914.062500,4.211282,1998.046875,59.657394,hann
4,5.159644,157,919.921875,10.872064,1998.046875,59.657394,hann
4,5.159644,158,925.781250,6.416928,1998.046875,59.657394,hann
4,5.159644,159,931.640625,1.647792,1998.046875,59.657394,hann
4,5.159644,160,937.500000,10.229937,1998.046875,59.657394,hann
4,5.159644,161,943.359375,19.431067,1998.046875,59.657394,hann
4,5.159644,162,949.218750,21.736729,1998.046875,59.657394,hann
4,5.159644,163,955.078125,14.906665,1998.046875,59.657394,hann
4,5.159644,164,960.937500,2.954985,1998.046875,59.657394,hann
4,5.159644,165,966.796875,6.196972,1998.046875,59.657394,hann
4,5.159644,166,972.656250,-2.520322,1998.046875,59.657394,hann
4,5.159644,167,978.515625,-1.955997,1998.046875,59.657394,hann
4,5.159644,168,984.375000,7.203362,1998.046875,59.657394,hann
4,5.159644,169,990.234375,13.489795,1998.046875,59.657394,hann
4,5.159644,170,996.093750,25.945152,1998.046875,59.657394,hann
4,5.159644,171,1001.953125,25.423624,1998.046875,59.657394,hann
4,5.159644,172,1007.812500,16.335918,1998.046875,59.657394,hann
4,5.159644,173,1013.671875,5.818888,1998.046875,59.657394,hann
4,5.159644,174,1019.531250,2.455283,1998.046875,59.657394,hann
4,5.159644,175,1025.390625,13.701924,1998.046875,59.657394,hann
4,5.159644,176,1031.250000,11.087408,1998.046875,59.657394,hann
4,5.159644,177,1037.109375,5.063054,1998.046875,59.657394,hann
4,5.159644,178,1042.968750,20.830652,1998.046875,59.657394,hann
4,5.159644,179,1048.828125,24.485229,1998.046875,59.657394,hann
4,5.159644,180,1054.687500,17.129004,1998.046875,59.657394,hann
4,5.159644,181,1060.546875,3.538068,1998.046875,59.657394,hann
4,5.159644,182,1066.406250,5.413084,1998.046875,59.657394,hann
4,5.159644,183,1072.265625,7.937410,1998.046875,59.657394,hann
4,5.159644,184,1078.125000,6.760804,1998.046875,59.657394,hann
4,5.159644,185,1083.984375,11.024691,1998.046875,59.657394,hann
4,5.159644,186,1089.843750,6.392243,1998.046875,59.657394,hann
4,5.159644,187,1095.703125,26.694448,1998.046875,59.657394,hann
4,5.159644,188,1101.562500,27.588802,1998.046875,59.657394,hann
4,5.159644,189,1107.421875,20.739101,1998.046875,59.657394,hann
4,5.159644,190,1113.281250,9.776114,1998.046875,59.657394,hann
4,5.159644,191,1119.140625,5.533033,1998.046875,59.657394,hann
4,5.159644,192,1125.000000,-3.447044,1998.046875,59.657394,hann
4,5.159644,193,1130.859375,2.269781,1998.046875,59.657394,hann
4,5.159644,194,1136.718750,14.087204,1998.046875,59.657394,hann
4,5.159644,195,1142.578125,8.900678,1998.046875,59.657394,hann
4,5.159644,196,1148.437500,23.117781,1998.046875,59.657394,hann
4,5.159644,197,1154.296875,16.947762,1998.046875,59.657394,hann
4,5.159644,198,1160.156250,6.527481,1998.046875,59.657394,hann
4,5.159644,199,1166.015625,7.710005,1998.046875,59.657394,hann
4,5.159644,200,1171.875000,8.283352,1998.046875,59.657394,hann
4,5.159644,201,1177.734375,-4.258126,1998.046875,59.657394,hann
4,5.159644,202,1183.593750,-13.213630,1998.046875,59.657394,hann
4,5.159644,203,1189.453125,9.464055,1998.046875,59.657394,hann
4,5.159644,204,1195.312500,23.335340,1998.046875,59.657394,hann
4,5.159644,205,1201.171875,23.547169,1998.046875,59.657394,hann
4,5.159644,206,1207.031250,11.794473,1998.046875,59.657394,hann
4,5.159644,207,1212.890625,0.222859,1998.046875,59.657394,hann
4,5.159644,208,1218.750000,3.041377,1998.046875,59.657394,hann
4,5.159644,209,1224.609375,5.614844,1998.046875,59.657394,hann
4,5.159644,210,1230.468750,7.112451,1998.046875,59.657394,hann
4,5.159644,211,1236.328125,7.268989,1998.046875,59.657394,hann
4,5.159644,212,1242.187500,23.177238,1998.046875,59.657394,hann
4,5.159644,213,1248.046875,27.941734,1998.046875,59.657394,hann
4,5.159644,214,1253.906250,22.350620,1998.046875,59.657394,hann
4,5.159644,215,1259.765625,10.987883,1998.046875,59.657394,hann
4,5.159644,216,1265.625000,2.143527,1998.046875,59.657394,hann
4,5.159644,217,1271.484375,5.129085,1998.046875,59.657394,hann
4,5.159644,218,1277.343750,6.581948,1998.046875,59.657394,hann
4,5.159644,219,1283.203125,4.301392,1998.046875,59.657394,hann
4,5.159644,220,1289.062500,11.071216,1998.046875,59.657394,hann
4,5.159644,221,1294.921875,20.624718,1998.046875,59.657394,hann
4,5.159644,222,1300.781250,21.546032,1998.046875,59.657394,hann
4,5.159644,223,1306.640625,11.823993,1998.046875,59.657394,hann
4,5.159644,224,1312.500000,5.086593,1998.046875,59.657394,hann
4,5.159644,225,1318.359375,9.099645,1998.046875,59.657394,hann
4,5.159644,226,1324.218750,-6.202736,1998.046875,59.657394,hann
4,5.159644,227,1330.078125,8.629566,1998.046875,59.657394,hann
4,5.159644,228,1335.937500,13.367809,1998.046875,59.657394,hann
4,5.159644,229,1341.796875,6.141994,1998.046875,59.657394,hann
4,5.159644,230,1347.656250,22.851465,1998.046875,59.657394,hann
4,5.159644,231,1353.515625,19.692289,1998.046875,59.657394,hann
4,5.159644,232,1359.375000,-4.409265,1998.046875,59.657394,hann
4,5.159644,233,1365.234375,10.265352,1998.046875,59.657394,hann
4,5.159644,234,1371.093750,3.299534,1998.046875,59.657394,hann
4,5.159644,235,1376.953125,-6.133174,1998.046875,59.657394,hann
4,5.159644,236,1382.812500,-12.488012,1998.046875,59.657394,hann
4,5.159644,237,1388.671875,4.528246,1998.046875,59.657394,hann
4,5.159644,238,1394.531250,19.783073,1998.046875,59.657394,hann
4,5.159644,239,1400.390625,21.328745,1998.046875,59.657394,hann
4,5.159644,240,1406.250000,12.987606,1998.046875,59.657394,hann
4,5.159644,241,1412.109375,-10.925385,1998.046875,59.657394,hann
4,5.159644,242,1417.968750,8.244513,1998.046875,59.657394,hann
4,5.159644,243,1423.828125,-2.435466,1998.046875,59.657394,hann
4,5.159644,244,1429.687500,6.014855,1998.046875,59.657394,hann
4,5.159644,245,1435.546875,3.820312,1998.046875,59.657394,hann
4,5.159644,246,1441.406250,18.819559,1998.046875,59.657394,hann
4,5.159644,247,1447.265625,27.242077,1998.046875,59.657394,hann
4,5.159644,248,1453.125000,24.888182,1998.046875,59.657394,hann
4,5.159644,249,1458.984375,16.369366,1998.046875,59.657394,hann
4,5.159644,250,1464.843750,0.696314,1998.046875,59.657394,hann
4,5.159644,251,1470.703125,9.245343,1998.046875,59.657394,hann
4,5.159644,252,1476.562500,4.585278,1998.046875,59.657394,hann
4,5.159644,253,1482.421875,2.301136,1998.046875,59.657394,hann
4,5.159644,254,1488.281250,7.093831,1998.046875,59.657394,hann
4,5.159644,255,1494.140625,20.263044,1998.046875,59.657394,hann
4,5.159644,256,1500.000000,22.308887,1998.046875,59.657394,hann
4,5.159644,257,1505.859375,11.063089,1998.046875,59.657394,hann
4,5.159644,258,1511.718750,-6.193738,1998.046875,59.657394,hann
4,5.159644,259,1517.578125,-6.097641,1998.046875,59.657394,hann
4,5.159644,260,1523.437500,0.569380,1998.046875,59.657394,hann
4,5.159644,261,1529.296875,-3.951298,1998.046875,59.657394,hann
4,5.159644,262,1535.156250,13.252739,1998.046875,59.657394,hann
4,5.159644,263,1541.015625,13.596663,1998.046875,59.657394,hann
4,5.159644,264,1546.875000,22.486162,1998.046875,59.657394,hann
4,5.159644,265,1552.734375,22.090683,1998.046875,59.657394,hann
4,5.159644,266,1558.593750,14.867327,1998.046875,59.657394,hann
4,5.159644,267,1564.453125,11.383503,1998.046875,59.657394,hann
4,5.159644,268,1570.312500,12.742912,1998.046875,59.657394,hann
4,5.159644,269,1576.171875,1.999409,1998.046875,59.657394,hann
4,5.159644,270,1582.031250,1.526197,1998.046875,59.657394,hann
4,5.159644,271,1587.890625,13.431998,1998.046875,59.657394,hann
4,5.159644,272,1593.750000,22.142401,1998.046875,59.657394,hann
4,5.159644,273,1599.609375,24.207962,1998.046875,59.657394,hann
4,5.159644,274,1605.468750,17.785624,1998.046875,59.657394,hann
4,5.159644,275,1611.328125,12.802611,1998.046875,59.657394,hann
4,5.159644,276,1617.187500,3.954605,1998.046875,59.657394,hann
4,5.159644,277,1623.046875,4.182560,1998.046875,59.657394,hann
4,5.159644,278,1628.906250,2.150317,1998.046875,59.657394,hann
4,5.159644,279,1634.765625,11.513525,1998.046875,59.657394,hann
4,5.159644,280,1640.625000,20.999840,1998.046875,59.657394,hann
4,5.159644,281,1646.484375,23.318733,1998.046875,59.657394,hann
4,5.159644,282,1652.343750,20.656342,1998.046875,59.657394,hann
4,5.159644,283,1658.203125,8.955704,1998.046875,59.657394,hann
4,5.159644,284,1664.062500,15.237312,1998.046875,59.657394,hann
4,5.159644,285,1669.921875,4.083950,1998.046875,59.657394,hann
4,5.159644,286,1675.781250,15.066962,1998.046875,59.657394,hann
4,5.159644,287,1681.640625,13.790905,1998.046875,59.657394,hann
4,5.159644,288,1687.500000,4.192499,1998.046875,59.657394,hann
4,5.159644,289,1693.359375,20.413246,1998.046875,59.657394,hann
4,5.159644,290,1699.218750,22.726126,1998.046875,59.657394,hann
4,5.159644,291,1705.078125,19.890490,1998.046875,59.657394,hann
4,5.159644,292,1710.937500,14.782316,1998.046875,59.657394,hann
4,5.159644,293,1716.796875,7.151465,1998.046875,59.657394,hann
4,5.159644,294,1722.656250,9.416343,1998.046875,59.657394,hann
4,5.159644,295,1728.515625,8.879858,1998.046875,59.657394,hann
4,5.159644,296,1734.375000,4.718697,1998.046875,59.657394,hann
4,5.159644,297,1740.234375,14.248780,1998.046875,59.657394,hann
4,5.159644,298,1746.093750,23.856127,1998.046875,59.657394,hann
4,5.159644,299,1751.953125,24.072420,1998.046875,59.657394,hann
4,5.159644,300,1757.812500,19.579237,1998.046875,59.657394,hann
4,5.159644,301,1763.671875,3.410904,1998.046875,59.657394,hann
4,5.159644,302,1769.531250,8.905710,1998.046875,59.657394,hann
4,5.159644,303,1775.390625,17.887794,1998.046875,59.657394,hann
4,5.159644,304,1781.250000,14.627814,1998.046875,59.657394,hann
4,5.159644,305,1787.109375,17.376471,1998.046875,59.657394,hann
4,5.159644,306,1792.968750,24.410765,1998.046875,59.657394,hann
4,5.159644,307,1798.828125,29.033672,1998.046875,59.657394,hann
4,5.159644,308,1804.687500,20.647219,1998.046875,59.657394,hann
4,5.159644,309,1810.546875,6.037643,1998.046875,59.657394,hann
4,5.159644,310,1816.406250,5.597147,1998.046875,59.657394,hann
4,5.159644,311,1822.265625,3.930927,1998.046875,59.657394,hann
4,5.159644,312,1828.125000,4.958155,1998.046875,59.657394,hann
4,5.159644,313,1833.984375,12.854681,1998.046875,59.657394,hann
4,5.159644,314,1839.843750,13.210717,1998.046875,59.657394,hann
4,5.159644,315,1845.703125,25.444172,1998.046875,59.657394,hann
4,5.159644,316,1851.562500,26.303186,1998.046875,59.657394,hann
4,5.159644,317,1857.421875,24.260771,1998.046875,59.657394,hann
4,5.159644,318,1863.281250,8.889265,1998.046875,59.657394,hann
4,5.159644,319,1869.140625,5.864488,1998.046875,59.657394,hann
4,5.159644,320,1875.000000,18.151770,1998.046875,59.657394,hann
4,5.159644,321,1880.859375,6.412228,1998.046875,59.657394,hann
4,5.159644,322,1886.718750,18.804857,1998.046875,59.657394,hann
4,5.159644,323,1892.578125,28.262814,1998.046875,59.657394,hann
4,5.159644,324,1898.437500,33.412952,1998.046875,59.657394,hann
4,5.159644,325,1904.296875,29.560385,1998.046875,59.657394,hann
4,5.159644,326,1910.156250,19.208622,1998.046875,59.657394,hann
4,5.159644,327,1916.015625,16.962677,1998.046875,59.657394,hann
4,5.159644,328,1921.875000,14.735871,1998.046875,59.657394,hann
4,5.159644,329,1927.734375,22.563803,1998.046875,59.657394,hann
4,5.159644,330,1933.593750,27.340923,1998.046875,59.657394,hann
4,5.159644,331,1939.453125,32.049957,1998.046875,59.657394,hann
4,5.159644,332,1945.312500,42.748840,1998.046875,59.657394,hann
4,5.159644,333,1951.171875,41.923157,1998.046875,59.657394,hann
4,5.159644,334,1957.031250,34.101494,1998.046875,59.657394,hann
4,5.159644,335,1962.890625,28.546925,1998.046875,59.657394,hann
4,5.159644,336,1968.750000,18.513935,1998.046875,59.657394,hann
4,5.159644,337,1974.609375,37.914261,1998.046875,59.657394,hann
4,5.159644,338,1980.468750,33.485550,1998.046875,59.657394,hann
4,5.159644,339,1986.328125,43.768047,1998.046875,59.657394,hann
4,5.159644,340,1992.187500,53.816788,1998.046875,59.657394,hann
4,5.159644,341,1998.046875,59.657394,1998.046875,59.657394,hann
4,5.159644,342,2003.906250,55.925880,1998.046875,59.657394,hann
4,5.159644,343,2009.765625,47.979820,1998.046875,59.657394,hann
4,5.159644,344,2015.625000,30.770580,1998.046875,59.657394,hann
4,5.159644,345,2021.484375,34.486343,1998.046875,59.657394,hann
4,5.159644,346,2027.343750,25.051529,1998.046875,59.657394,hann
4,5.159644,347,2033.203125,24.064323,1998.046875,59.657394,hann
4,5.159644,348,2039.062500,28.668560,1998.046875,59.657394,hann
4,5.159644,349,2044.921875,41.506767,1998.046875,59.657394,hann
4,5.159644,350,2050.781250,42.060783,1998.046875,59.657394,hann
4,5.159644,351,2056.640625,36.823666,1998.046875,59.657394,hann
4,5.159644,352,2062.500000,21.715664,1998.046875,59.657394,hann
4,5.159644,353,2068.359375,25.167183,1998.046875,59.657394,hann
4,5.159644,354,2074.218750,18.342060,1998.046875,59.657394,hann
4,5.159644,355,2080.078125,17.980425,1998.046875,59.657394,hann
4,5.159644,356,2085.937500,18.980270,1998.046875,59.657394,hann
4,5.159644,357,2091.796875,27.436697,1998.046875,59.657394,hann
4,5.159644,358,2097.656250,33.048893,1998.046875,59.657394,hann
4,5.159644,359,2103.515625,27.270454,1998.046875,59.657394,hann
4,5.159644,360,2109.375000,20.161030,1998.046875,59.657394,hann
4,5.159644,361,2115.234375,16.387671,1998.046875,59.657394,hann
4,5.159644,362,2121.093750,14.267297,1998.046875,59.657394,hann
4,5.159644,363,2126.953125,3.785851,1998.046875,59.657394,hann
4,5.159644,364,2132.812500,16.960722,1998.046875,59.657394,hann
4,5.159644,365,2138.671875,14.839601,1998.046875,59.657394,hann
4,5.159644,366,2144.531250,26.696768,1998.046875,59.657394,hann
4,5.159644,367,2150.390625,24.182014,1998.046875,59.657394,hann
4,5.159644,368,2156.250000,15.824968,1998.046875,59.657394,hann
4,5.159644,369,2162.109375,12.467207,1998.046875,59.657394,hann
4,5.159644,370,2167.968750,2.406830,1998.046875,59.657394,hann
4,5.159644,371,2173.828125,5.397294,1998.046875,59.657394,hann
4,5.159644,372,2179.687500,4.064780,1998.046875,59.657394,hann
4,5.159644,373,2185.546875,9.680016,1998.046875,59.657394,hann
4,5.159644,374,2191.406250,16.090853,1998.046875,59.657394,hann
4,5.159644,375,2197.265625,22.377743,1998.046875,59.657394,hann
4,5.159644,376,2203.125000,23.526684,1998.046875,59.657394,hann
4,5.159644,377,2208.984375,19.629860,1998.046875,59.657394,hann
4,5.159644,378,2214.843750,4.411538,1998.046875,59.657394,hann
4,5.159644,379,2220.703125,8.750517,1998.046875,59.657394,hann
4,5.159644,380,2226.562500,9.701031,1998.046875,59.657394,hann
4,5.159644,381,2232.421875,1.547939,1998.046875,59.657394,hann
4,5.159644,382,2238.281250,4.897601,1998.046875,59.657394,hann
4,5.159644,383,2244.140625,21.837105,1998.046875,59.657394,hann
4,5.159644,384,2250.000000,22.067633,1998.046875,59.657394,hann
4,5.159644,385,2255.859375,16.260855,1998.046875,59.657394,hann
4,5.159644,386,2261.718750,11.524122,1998.046875,59.657394,hann
4,5.159644,387,2267.578125,8.570622,1998.046875,59.657394,hann
4,5.159644,388,2273.437500,10.990376,1998.046875,59.657394,hann
4,5.159644,389,2279.296875,6.712291,1998.046875,59.657394,hann
4,5.159644,390,2285.156250,-5.899080,1998.046875,59.657394,hann
4,5.159644,391,2291.015625,-1.448303,1998.046875,59.657394,hann
4,5.159644,392,2296.875000,15.902834,1998.046875,59.657394,hann
4,5.159644,393,2302.734375,17.213842,1998.046875,59.657394,hann
4,5.159644,394,2308.593750,10.797915,1998.046875,59.657394,hann
4,5.159644,395,2314.453125,8.520097,1998.046875,59.657394,hann
4,5.159644,396,2320.312500,11.525452,1998.046875,59.657394,hann
4,5.159644,397,2326.171875,9.279744,1998.046875,59.657394,hann
4,5.159644,398,2332.031250,4.038594,1998.046875,59.657394,hann
4,5.159644,399,2337.890625,11.744249,1998.046875,59.657394,hann
4,5.159644,400,2343.750000,19.307228,1998.046875,59.657394,hann
4,5.159644,401,2349.609375,21.712540,1998.046875,59.657394,hann
4,5.159644,402,2355.468750,14.202076,1998.046875,59.657394,hann
4,5.159644,403,2361.328125,1.934588,1998.046875,59.657394,hann
4,5.159644,404,2367.187500,9.626254,1998.046875,59.657394,hann
4,5.159644,405,2373.046875,1.134584,1998.046875,59.657394,hann
4,5.159644,406,2378.906250,-1.315664,1998.046875,59.657394,hann
4,5.159644,407,2384.765625,-6.942306,1998.046875,59.657394,hann
4,5.159644,408,2390.625000,15.495922,1998.046875,59.657394,hann
4,5.159644,409,2396.484375,21.070656,1998.046875,59.657394,hann
4,5.159644,410,2402.343750,18.024744,1998.046875,59.657394,hann
4,5.159644,411,2408.203125,9.795760,1998.046875,59.657394,hann
4,5.159644,412,2414.062500,4.595829,1998.046875,59.657394,hann
4,5.159644,413,2419.921875,2.701195,1998.046875,59.657394,hann
4,5.159644,414,2425.781250,6.106488,1998.046875,59.657394,hann
4,5.159644,415,2431.640625,2.857416,1998.046875,59.657394,hann
4,5.159644,416,2437.500000,6.755874,1998.046875,59.657394,hann
4,5.159644,417,2443.359375,15.730409,1998.046875,59.657394,hann
4,5.159644,418,2449.218750,16.263802,1998.046875,59.657394,hann
4,5.159644,419,2455.078125,8.879656,1998.046875,59.657394,hann
4,5.159644,420,2460.937500,4.813165,1998.046875,59.657394,hann
4,5.159644,421,2466.796875,5.867630,1998.046875,59.657394,hann
4,5.159644,422,2472.656250,11.285220,1998.046875,59.657394,hann
4,5.159644,423,2478.515625,2.102731,1998.046875,59.657394,hann
4,5.159644,424,2484.375000,1.739965,1998.046875,59.657394,hann
4,5.159644,425,2490.234375,8.797318,1998.046875,59.657394,hann
4,5.159644,426,2496.093750,12.957978,1998.046875,59.657394,hann
4,5.159644,427,2501.953125,11.771312,1998.046875,59.657394,hann
4,5.159644,428,2507.812500,7.170210,1998.046875,59.657394,hann
4,5.159644,429,2513.671875,5.352235,1998.046875,59.657394,hann
4,5.159644,430,2519.531250,-2.847197,1998.046875,59.657394,hann
4,5.159644,431,2525.390625,7.746012,1998.046875,59.657394,hann
4,5.159644,432,2531.250000,2.560290,1998.046875,59.657394,hann
4,5.159644,433,2537.109375,9.505562,1998.046875,59.657394,hann
4,5.159644,434,2542.968750,17.756769,1998.046875,59.657394,hann
4,5.159644,435,2548.828125,19.943546,1998.046875,59.657394,hann
4,5.159644,436,2554.687500,13.287759,1998.046875,59.657394,hann
4,5.159644,437,2560.546875,1.049901,1998.046875,59.657394,hann
4,5.159644,438,2566.406250,8.229138,1998.046875,59.657394,hann
4,5.159644,439,2572.265625,9.067374,1998.046875,59.657394,hann
4,5.159644,440,2578.125000,10.084553,1998.046875,59.657394,hann
4,5.159644,441,2583.984375,6.075134,1998.046875,59.657394,hann
4,5.159644,442,2589.843750,3.371981,1998.046875,59.657394,hann
4,5.159644,443,2595.703125,13.213511,1998.046875,59.657394,hann
4,5.159644,444,2601.562500,14.700831,1998.046875,59.657394,hann
4,5.159644,445,2607.421875,14.349227,1998.046875,59.657394,hann
4,5.159644,446,2613.281250,9.462122,1998.046875,59.657394,hann
4,5.159644,447,2619.140625,9.893431,1998.046875,59.657394,hann
4,5.159644,448,2625.000000,10.177118,1998.046875,59.657394,hann
4,5.159644,449,2630.859375,6.485752,1998.046875,59.657394,hann
4,5.159644,450,2636.718750,-3.505733,1998.046875,59.657394,hann
4,5.159644,451,2642.578125,18.991661,1998.046875,59.657394,hann
4,5.159644,452,2648.437500,22.612066,1998.046875,59.657394,hann
4,5.159644,453,2654.296875,20.290520,1998.046875,59.657394,hann
4,5.159644,454,2660.156250,8.636963,1998.046875,59.657394,hann
4,5.159644,455,2666.015625,10.958310,1998.046875,59.657394,hann
4,5.159644,456,2671.875000,5.919295,1998.046875,59.657394,hann
4,5.159644,457,2677.734375,5.897138,1998.046875,59.657394,hann
4,5.159644,458,2683.593750,9.142061,1998.046875,59.657394,hann
4,5.159644,459,2689.453125,3.718066,1998.046875,59.657394,hann
4,5.159644,460,2695.312500,12.307371,1998.046875,59.657394,hann
4,5.159644,461,2701.171875,7.443882,1998.046875,59.657394,hann
4,5.159644,462,2707.031250,14.042540,1998.046875,59.657394,hann
4,5.159644,463,2712.890625,5.577352,1998.046875,59.657394,hann
4,5.159644,464,2718.750000,-2.318643,1998.046875,59.657394,hann
4,5.159644,465,2724.609375,10.005435,1998.046875,59.657394,hann
4,5.159644,466,2730.468750,4.317482,1998.046875,59.657394,hann
4,5.159644,467,2736.328125,8.334839,1998.046875,59.657394,hann
4,5.159644,468,2742.187500,15.288980,1998.046875,59.657394,hann
4,5.159644,469,2748.046875,19.280525,1998.046875,59.657394,hann
4,5.159644,470,2753.906250,16.448278,1998.046875,59.657394,hann
4,5.159644,471,2759.765625,11.092586,1998.046875,59.657394,hann
4,5.159644,472,2765.625000,4.202987,1998.046875,59.657394,hann
4,5.159644,473,2771.484375,1.973748,1998.046875,59.657394,hann
4,5.159644,474,2777.343750,-2.021779,1998.046875,59.657394,hann
4,5.159644,475,2783.203125,4.343616,1998.046875,59.657394,hann
4,5.159644,476,2789.062500,5.340260,1998.046875,59.657394,hann
4,5.159644,477,2794.921875,17.405781,1998.046875,59.657394,hann
4,5.159644,478,2800.781250,17.525589,1998.046875,59.657394,hann
4,5.159644,479,2806.640625,17.386497,1998.046875,59.657394,hann
4,5.159644,480,2812.500000,8.038696,1998.046875,59.657394,hann
4,5.159644,481,2818.359375,-0.409152,1998.046875,59.657394,hann
4,5.159644,482,2824.218750,10.699274,1998.046875,59.657394,hann
4,5.159644,483,2830.078125,4.648860,1998.046875,59.657394,hann
4,5.159644,484,2835.937500,1.899150,1998.046875,59.657394,hann
4,5.159644,485,2841.796875,11.633646,1998.046875,59.657394,hann
4,5.159644,486,2847.656250,15.704290,1998.046875,59.657394,hann
4,5.159644,487,2853.515625,14.432468,1998.046875,59.657394,hann
4,5.159644,488,2859.375000,6.501464,1998.046875,59.657394,hann
4,5.159644,489,2865.234375,6.509497,1998.046875,59.657394,hann
4,5.159644,490,2871.093750,7.846581,1998.046875,59.657394,hann
4,5.159644,491,2876.953125,-0.537321,1998.046875,59.657394,hann
4,5.159644,492,2882.812500,9.996210,1998.046875,59.657394,hann
4,5.159644,493,2888.671875,10.299994,1998.046875,59.657394,hann
4,5.159644,494,2894.531250,18.313696,1998.046875,59.657394,hann
4,5.159644,495,2900.390625,12.821045,1998.046875,59.657394,hann
4,5.159644,496,2906.250000,-1.887203,1998.046875,59.657394,hann
4,5.159644,497,2912.109375,-1.284534,1998.046875,59.657394,hann
4,5.159644,498,2917.968750,-0.805656,1998.046875,59.657394,hann
4,5.159644,499,2923.828125,12.009458,1998.046875,59.657394,hann
4,5.159644,500,2929.687500,3.013075,1998.046875,59.657394,hann
4,5.159644,501,2935.546875,2.460923,1998.046875,59.657394,hann
4,5.159644,502,2941.406250,10.195803,1998.046875,59.657394,hann
4,5.159644,503,2947.265625,17.019417,1998.046875,59.657394,hann
4,5.159644,504,2953.125000,15.517527,1998.046875,59.657394,hann
4,5.159644,505,2958.984375,3.579750,1998.046875,59.657394,hann
4,5.159644,506,2964.843750,13.888298,1998.046875,59.657394,hann
4,5.159644,507,2970.703125,7.000200,1998.046875,59.657394,hann
4,5.159644,508,2976.562500,7.974206,1998.046875,59.657394,hann
4,5.159644,509,2982.421875,6.084959,1998.046875,59.657394,hann
4,5.159644,510,2988.281250,1.920460,1998.046875,59.657394,hann
4,5.159644,511,2994.140625,13.144294,1998.046875,59.657394,hann
5,6.182005,0,0.000000,22.863314,1998.046875,59.771339,hann
5,6.182005,1,5.859375,36.928726,1998.046875,59.771339,hann
5,6.182005,2,11.718750,37.933453,1998.046875,59.771339,hann
5,6.182005,3,17.578125,32.652660,1998.046875,59.771339,hann
5,6.182005,4,23.437500,31.106895,1998.046875,59.771339,hann
5,6.182005,5,29.296875,32.215229,1998.046875,59.771339,hann
5,6.182005,6,35.156250,24.813927,1998.046875,59.771339,hann
5,6.182005,7,41.015625,45.582813,1998.046875,59.771339,hann
5,6.182005,8,46.875000,59.152512,1998.046875,59.771339,hann
5,6.182005,9,52.734375,59.367859,1998.046875,59.771339,hann
5,6.182005,10,58.593750,46.122051,1998.046875,59.771339,hann
5,6.182005,11,64.453125,31.072453,1998.046875,59.771339,hann
5,6.182005,12,70.312500,17.339737,1998.046875,59.771339,hann
5,6.182005,13,76.171875,15.545272,1998.046875,59.771339,hann
5,6.182005,14,82.031250,14.139641,1998.046875,59.771339,hann
5,6.182005,15,87.890625,15.539652,1998.046875,59.771339,hann
5,6.182005,16,93.750000,46.889076,1998.046875,59.771339,hann
5,6.182005,17,99.609375,53.504658,1998.046875,59.771339,hann
5,6.182005,18,105.468750,48.152176,1998.046875,59.771339,hann
5,6.182005,19,111.328125,15.575255,1998.046875,59.771339,hann
5,6.182005,20,117.187500,14.475681,1998.046875,59.771339,hann
5,6.182005,21,123.046875,6.789088,1998.046875,59.771339,hann
5,6.182005,22,128.906250,14.922903,1998.046875,59.771339,hann
5,6.182005,23,134.765625,17.149426,1998.046875,59.771339,hann
5,6.182005,24,140.625000,29.190418,1998.046875,59.771339,hann
5,6.182005,25,146.484375,44.781929,1998.046875,59.771339,hann
5,6.182005,26,152.343750,45.368149,1998.046875,59.771339,hann
5,6.182005,27,158.203125,32.760876,1998.046875,59.771339,hann
5,6.182005,28,164.062500,12.261100,1998.046875,59.771339,hann
5,6.182005,29,169.921875,12.928528,1998.046875,59.771339,hann
5,6.182005,30,175.781250,12.665144,1998.046875,59.771339,hann
5,6.182005,31,181.640625,-0.549390,1998.046875,59.771339,hann
5,6.182005,32,187.500000,12.023735,1998.046875,59.771339,hann
5,6.182005,33,193.359375,30.477654,1998.046875,59.771339,hann
5,6.182005,34,199.218750,36.276634,1998.046875,59.771339,hann
5,6.182005,35,205.078125,29.224920,1998.046875,59.771339,hann
5,6.182005,36,210.937500,5.006723,1998.046875,59.771339,hann
5,6.182005,37,216.796875,8.132282,1998.046875,59.771339,hann
5,6.182005,38,222.656250,8.877439,1998.046875,59.771339,hann
5,6.182005,39,228.515625,13.025197,1998.046875,59.771339,hann
5,6.182005,40,234.375000,10.159248,1998.046875,59.771339,hann
5,6.182005,41,240.234375,15.064673,1998.046875,59.771339,hann
5,6.182005,42,246.093750,18.456020,1998.046875,59.771339,hann
5,6.182005,43,251.953125,15.481720,1998.046875,59.771339,hann
5,6.182005,44,257.812500,1.287777,1998.046875,59.771339,hann
5,6.182005,45,263.671875,13.477078,1998.046875,59.771339,hann
5,6.182005,46,269.531250,14.809741,1998.046875,59.771339,hann
5,6.182005,47,275.390625,-3.558934,1998.046875,59.771339,hann
5,6.182005,48,281.250000,12.651503,1998.046875,59.771339,hann
5,6.182005,49,287.109375,9.972921,1998.046875,59.771339,hann
5,6.182005,50,292.968750,30.981194,1998.046875,59.771339,hann
5,6.182005,51,298.828125,38.265854,1998.046875,59.771339,hann
5,6.182005,52,304.687500,33.653942,1998.046875,59.771339,hann
5,6.182005,53,310.546875,10.383503,1998.046875,59.771339,hann
5,6.182005,54,316.406250,10.948943,1998.046875,59.771339,hann
5,6.182005,55,322.265625,2.307671,1998.046875,59.771339,hann
5,6.182005,56,328.125000,8.063902,1998.046875,59.771339,hann
5,6.182005,57,333.984375,12.695160,1998.046875,59.771339,hann
5,6.182005,58,339.843750,22.593666,1998.046875,59.771339,hann
5,6.182005,59,345.703125,38.295570,1998.046875,59.771339,hann
5,6.182005,60,351.562500,39.620331,1998.046875,59.771339,hann
5,6.182005,61,357.421875,28.616119,1998.046875,59.771339,hann
5,6.182005,62,363.281250,11.040450,1998.046875,59.771339,hann
5,6.182005,63,369.140625,-4.219513,1998.046875,59.771339,hann
5,6.182005,64,375.000000,2.591052,1998.046875,59.771339,hann
5,6.182005,65,380.859375,-0.230871,1998.046875,59.771339,hann
5,6.182005,66,386.718750,9.173301,1998.046875,59.771339,hann
5,6.182005,67,392.578125,23.707268,1998.046875,59.771339,hann
5,6.182005,68,398.437500,31.438004,1998.046875,59.771339,hann
5,6.182005,69,404.296875,27.275669,1998.046875,59.771339,hann
5,6.182005,70,410.156250,5.903720,1998.046875,59.771339,hann
5,6.182005,71,416.015625,1.349545,1998.046875,59.771339,hann
5,6.182005,72,421.875000,7.021189,1998.046875,59.771339,hann
5,6.182005,73,427.734375,4.742646,1998.046875,59.771339,hann
5,6.182005,74,433.593750,7.213262,1998.046875,59.771339,hann
5,6.182005,75,439.453125,15.931007,1998.046875,59.771339,hann
5,6.182005,76,445.312500,32.358078,1998.046875,59.771339,hann
5,6.182005,77,451.171875,33.762325,1998.046875,59.771339,hann
5,6.182005,78,457.031250,22.302923,1998.046875,59.771339,hann
5,6.182005,79,462.890625,-12.662121,1998.046875,59.771339,hann
5,6.182005,80,468.750000,8.996215,1998.046875,59.771339,hann
5,6.182005,81,474.609375,3.288499,1998.046875,59.771339,hann
5,6.182005,82,480.468750,3.851444,1998.046875,59.771339,hann
5,6.182005,83,486.328125,7.109553,1998.046875,59.771339,hann
5,6.182005,84,492.187500,24.788092,1998.046875,59.771339,hann
5,6.182005,85,498.046875,33.225418,1998.046875,59.771339,hann
5,6.182005,86,503.906250,29.346869,1998.046875,59.771339,hann
5,6.182005,87,509.765625,13.701687,1998.046875,59.771339,hann
5,6.182005,88,515.625000,10.450908,1998.046875,59.771339,hann
5,6.182005,89,521.484375,5.233827,1998.046875,59.771339,hann
5,6.182005,90,527.343750,8.119743,1998.046875,59.771339,hann
5,6.182005,91,533.203125,8.208508,1998.046875,59.771339,hann
5,6.182005,92,539.062500,16.990778,1998.046875,59.771339,hann
5,6.182005,93,544.921875,32.621670,1998.046875,59.771339,hann
5,6.182005,94,550.781250,34.217098,1998.046875,59.771339,hann
5,6.182005,95,556.640625,23.776348,1998.046875,59.771339,hann
5,6.182005,96,562.500000,-2.485840,1998.046875,59.771339,hann
5,6.182005,97,568.359375,-1.829851,1998.046875,59.771339,hann
5,6.182005,98,574.218750,4.873061,1998.046875,59.771339,hann
5,6.182005,99,580.078125,1.438051,1998.046875,59.771339,hann
5,6.182005,100,585.937500,6.677170,1998.046875,59.771339,hann
5,6.182005,101,591.796875,20.483673,1998.046875,59.771339,hann
5,6.182005,102,597.656250,29.603302,1998.046875,59.771339,hann
5,6.182005,103,603.515625,26.577080,1998.046875,59.771339,hann
5,6.182005,104,609.375000,10.155418,1998.046875,59.771339,hann
5,6.182005,105,615.234375,4.126158,1998.046875,59.771339,hann
5,6.182005,106,621.093750,4.720786,1998.046875,59.771339,hann
5,6.182005,107,626.953125,2.690841,1998.046875,59.771339,hann
5,6.182005,108,632.812500,4.215820,1998.046875,59.771339,hann
5,6.182005,109,638.671875,17.089903,1998.046875,59.771339,hann
5,6.182005,110,644.531250,27.194160,1998.046875,59.771339,hann
5,6.182005,111,650.390625,27.743597,1998.046875,59.771339,hann
5,6.182005,112,656.250000,17.627724,1998.046875,59.771339,hann
5,6.182005,113,662.109375,9.930571,1998.046875,59.771339,hann
5,6.182005,114,667.968750,2.106389,1998.046875,59.771339,hann
5,6.182005,115,673.828125,8.872566,1998.046875,59.771339,hann
5,6.182005,116,679.687500,8.579684,1998.046875,59.771339,hann
5,6.182005,117,685.546875,8.181675,1998.046875,59.771339,hann
5,6.182005,118,691.406250,21.625566,1998.046875,59.771339,hann
5,6.182005,119,697.265625,29.913759,1998.046875,59.771339,hann
5,6.182005,120,703.125000,26.324644,1998.046875,59.771339,hann
5,6.182005,121,708.984375,7.756442,1998.046875,59.771339,hann
5,6.182005,122,714.843750,8.689054,1998.046875,59.771339,hann
5,6.182005,123,720.703125,9.929157,1998.046875,59.771339,hann
5,6.182005,124,726.562500,8.961520,1998.046875,59.771339,hann
5,6.182005,125,732.421875,9.966503,1998.046875,59.771339,hann
5,6.182005,126,738.281250,0.783748,1998.046875,59.771339,hann
5,6.182005,127,744.140625,23.790005,1998.046875,59.771339,hann
5,6.182005,128,750.000000,26.163788,1998.046875,59.771339,hann
5,6.182005,129,755.859375,16.188000,1998.046875,59.771339,hann
5,6.182005,130,761.718750,2.073165,1998.046875,59.771339,hann
5,6.182005,131,767.578125,1.310096,1998.046875,59.771339,hann
5,6.182005,132,773.437500,0.464334,1998.046875,59.771339,hann
5,6.182005,133,779.296875,4.068077,1998.046875,59.771339,hann
5,6.182005,134,785.156250,10.242142,1998.046875,59.771339,hann
5,6.182005,135,791.015625,13.988394,1998.046875,59.771339,hann
5,6.182005,136,796.875000,18.502699,1998.046875,59.771339,hann
5,6.182005,137,802.734375,16.922649,1998.046875,59.771339,hann
5,6.182005,138,808.593750,10.860882,1998.046875,59.771339,hann
5,6.182005,139,814.453125,2.968759,1998.046875,59.771339,hann
5,6.182005,140,820.312500,5.925073,1998.046875,59.771339,hann
5,6.182005,141,826.171875,1.336914,1998.046875,59.771339,hann
5,6.182005,142,832.031250,5.087391,1998.046875,59.771339,hann
5,6.182005,143,837.890625,15.396097,1998.046875,59.771339,hann
5,6.182005,144,843.750000,17.800564,1998.046875,59.771339,hann
5,6.182005,145,849.609375,11.428719,1998.046875,59.771339,hann
5,6.182005,146,855.468750,12.338658,1998.046875,59.771339,hann
5,6.182005,147,861.328125,12.941304,1998.046875,59.771339,hann
5,6.182005,148,867.187500,-4.936602,1998.046875,59.771339,hann
5,6.182005,149,873.046875,-5.488945,1998.046875,59.771339,hann
5,6.182005,150,878.906250,4.230064,1998.046875,59.771339,hann
5,6.182005,151,884.765625,4.678789,1998.046875,59.771339,hann
5,6.182005,152,890.625000,14.904113,1998.046875,59.771339,hann
5,6.182005,153,896.484375,23.904173,1998.046875,59.771339,hann
5,6.182005,154,902.343750,21.898861,1998.046875,59.771339,hann
5,6.182005,155,908.203125,8.911404,1998.046875,59.771339,hann
5,6.182005,156,914.062500,1.685436,1998.046875,59.771339,hann
5,6.182005,157,919.921875,-18.112947,1998.046875,59.771339,hann
5,6.182005,158,925.781250,4.603757,1998.046875,59.771339,hann
5,6.182005,159,931.640625,8.562397,1998.046875,59.771339,hann
5,6.182005,160,937.500000,11.985262,1998.046875,59.771339,hann
5,6.182005,161,943.359375,14.136499,1998.046875,59.771339,hann
5,6.182005,162,949.218750,20.640049,1998.046875,59.771339,hann
5,6.182005,163,955.078125,10.188914,1998.046875,59.771339,hann
5,6.182005,164,960.937500,3.508926,1998.046875,59.771339,hann
5,6.182005,165,966.796875,4.553074,1998.046875,59.771339,hann
5,6.182005,166,972.656250,2.850627,1998.046875,59.771339,hann
5,6.182005,167,978.515625,2.960505,1998.046875,59.771339,hann
5,6.182005,168,984.375000,-6.102699,1998.046875,59.771339,hann
5,6.182005,169,990.234375,0.508572,1998.046875,59.771339,hann
5,6.182005,170,996.093750,22.218163,1998.046875,59.771339,hann
5,6.182005,171,1001.953125,23.211437,1998.046875,59.771339,hann
5,6.182005,172,1007.812500,14.860072,1998.046875,59.771339,hann
5,6.182005,173,1013.671875,3.939251,1998.046875,59.771339,hann
5,6.182005,174,1019.531250,4.424607,1998.046875,59.771339,hann
5,6.182005,175,1025.390625,8.270983,1998.046875,59.771339,hann
5,6.182005,176,1031.250000,7.579522,1998.046875,59.771339,hann
5,6.182005,177,1037.109375,14.570873,1998.046875,59.771339,hann
5,6.182005,178,1042.968750,12.456091,1998.046875,59.771339,hann
5,6.182005,179,1048.828125,17.856701,1998.046875,59.771339,hann
5,6.182005,180,1054.687500,6.794882,1998.046875,59.771339,hann
5,6.182005,181,1060.546875,7.762788,1998.046875,59.771339,hann
5,6.182005,182,1066.406250,7.287858,1998.046875,59.771339,hann
5,6.182005,183,1072.265625,3.468102,1998.046875,59.771339,hann
5,6.182005,184,1078.125000,4.087920,1998.046875,59.771339,hann
5,6.182005,185,1083.984375,-0.303797,1998.046875,59.771339,hann
5,6.182005,186,1089.843750,7.009048,1998.046875,59.771339,hann
5,6.182005,187,1095.703125,24.583954,1998.046875,59.771339,hann
5,6.182005,188,1101.562500,25.156088,1998.046875,59.771339,hann
5,6.182005,189,1107.421875,15.045940,1998.046875,59.771339,hann
5,6.182005,190,1113.281250,9.664296,1998.046875,59.771339,hann
5,6.182005,191,1119.140625,10.395334,1998.046875,59.771339,hann
5,6.182005,192,1125.000000,9.749779,1998.046875,59.771339,hann
5,6.182005,193,1130.859375,5.054812,1998.046875,59.771339,hann
5,6.182005,194,1136.718750,9.248491,1998.046875,59.771339,hann
5,6.182005,195,1142.578125,24.028761,1998.046875,59.771339,hann
5,6.182005,196,1148.437500,26.199705,1998.046875,59.771339,hann
5,6.182005,197,1154.296875,17.788548,1998.046875,59.771339,hann
5,6.182005,198,1160.156250,0.257703,1998.046875,59.771339,hann
5,6.182005,199,1166.015625,-1.967317,1998.046875,59.771339,hann
5,6.182005,200,1171.875000,-4.098374,1998.046875,59.771339,hann
5,6.182005,201,1177.734375,4.695504,1998.046875,59.771339,hann
5,6.182005,202,1183.593750,-17.655632,1998.046875,59.771339,hann
5,6.182005,203,1189.453125,7.136339,1998.046875,59.771339,hann
5,6.182005,204,1195.312500,23.890327,1998.046875,59.771339,hann
5,6.182005,205,1201.171875,24.875839,1998.046875,59.771339,hann
5,6.182005,206,1207.031250,15.227370,1998.046875,59.771339,hann
5,6.182005,207,1212.890625,4.293462,1998.046875,59.771339,hann
5,6.182005,208,1218.750000,-5.165751,1998.046875,59.771339,hann
5,6.182005,209,1224.609375,-0.644558,1998.046875,59.771339,hann
5,6.182005,210,1230.468750,-5.284099,1998.046875,59.771339,hann
5,6.182005,211,1236.328125,12.726048,1998.046875,59.771339,hann
5,6.182005,212,1242.187500,7.239835,1998.046875,59.771339,hann
5,6.182005,213,1248.046875,22.591908,1998.046875,59.771339,hann
5,6.182005,214,1253.906250,17.921755,1998.046875,59.771339,hann
5,6.182005,215,1259.765625,4.682097,1998.046875,59.771339,hann
5,6.182005,216,1265.625000,4.765501,1998.046875,59.771339,hann
5,6.182005,217,1271.484375,-0.396452,1998.046875,59.771339,hann
5,6.182005,218,1277.343750,0.520432,1998.046875,59.771339,hann
5,6.182005,219,1283.203125,5.456456,1998.046875,59.771339,hann
5,6.182005,220,1289.062500,9.839115,1998.046875,59.771339,hann
5,6.182005,221,1294.921875,21.377172,1998.046875,59.771339,hann
5,6.182005,222,1300.781250,21.276260,1998.046875,59.771339,hann
5,6.182005,223,1306.640625,12.933685,1998.046875,59.771339,hann
5,6.182005,224,1312.500000,-2.856828,1998.046875,59.771339,hann
5,6.182005,225,1318.359375,6.210252,1998.046875,59.771339,hann
5,6.182005,226,1324.218750,5.671910,1998.046875,59.771339,hann
5,6.182005,227,1330.078125,-22.573227,1998.046875,59.771339,hann
5,6.182005,228,1335.937500,5.057072,1998.046875,59.771339,hann
5,6.182005,229,1341.796875,22.101229,1998.046875,59.771339,hann
5,6.182005,230,1347.656250,26.313522,1998.046875,59.771339,hann
5,6.182005,231,1353.515625,18.372295,1998.046875,59.771339,hann
5,6.182005,232,1359.375000,6.762767,1998.046875,59.771339,hann
5,6.182005,233,1365.234375,6.695257,1998.046875,59.771339,hann
5,6.182005,234,1371.093750,5.317689,1998.046875,59.771339,hann
5,6.182005,235,1376.953125,6.639008,1998.046875,59.771339,hann
5,6.182005,236,1382.812500,10.447865,1998.046875,59.771339,hann
5,6.182005,237,1388.671875,5.772612,1998.046875,59.771339,hann
5,6.182005,238,1394.531250,18.933809,1998.046875,59.771339,hann
5,6.182005,239,1400.390625,20.876881,1998.046875,59.771339,hann
5,6.182005,240,1406.250000,16.437115,1998.046875,59.771339,hann
5,6.182005,241,1412.109375,10.859489,1998.046875,59.771339,hann
5,6.182005,242,1417.968750,5.998259,1998.046875,59.771339,hann
5,6.182005,243,1423.828125,-8.562889,1998.046875,59.771339,hann
5,6.182005,244,1429.687500,7.663775,1998.046875,59.771339,hann
5,6.182005,245,1435.546875,15.139305,1998.046875,59.771339,hann
5,6.182005,246,1441.406250,15.655208,1998.046875,59.771339,hann
5,6.182005,247,1447.265625,21.508684,1998.046875,59.771339,hann
5,6.182005,248,1453.125000,20.872469,1998.046875,59.771339,hann
5,6.182005,249,1458.984375,15.902610,1998.046875,59.771339,hann
5,6.182005,250,1464.843750,2.752053,1998.046875,59.771339,hann
5,6.182005,251,1470.703125,5.758049,1998.046875,59.771339,hann
5,6.182005,252,1476.562500,-3.848815,1998.046875,59.771339,hann
5,6.182005,253,1482.421875,1.651084,1998.046875,59.771339,hann
5,6.182005,254,1488.281250,12.137066,1998.046875,59.771339,hann
5,6.182005,255,1494.140625,21.031654,1998.046875,59.771339,hann
5,6.182005,256,1500.000000,20.492237,1998.046875,59.771339,hann
5,6.182005,257,1505.859375,9.706057,1998.046875,59.771339,hann
5,6.182005,258,1511.718750,-8.355028,1998.046875,59.771339,hann
5,6.182005,259,1517.578125,3.963120,1998.046875,59.771339,hann
5,6.182005,260,1523.437500,2.116564,1998.046875,59.771339,hann
5,6.182005,261,1529.296875,-2.170071,1998.046875,59.771339,hann
5,6.182005,262,1535.156250,-6.737504,1998.046875,59.771339,hann
5,6.182005,263,1541.015625,18.503771,1998.046875,59.771339,hann
5,6.182005,264,1546.875000,24.782295,1998.046875,59.771339,hann
5,6.182005,265,1552.734375,22.001537,1998.046875,59.771339,hann
5,6.182005,266,1558.593750,13.513807,1998.046875,59.771339,hann
5,6.182005,267,1564.453125,8.470776,1998.046875,59.771339,hann
5,6.182005,268,1570.312500,11.154606,1998.046875,59.771339,hann
5,6.182005,269,1576.171875,3.719661,1998.046875,59.771339,hann
5,6.182005,270,1582.031250,4.837471,1998.046875,59.771339,hann
5,6.182005,271,1587.890625,-9.445082,1998.046875,59.771339,hann
5,6.182005,272,1593.750000,19.118988,1998.046875,59.771339,hann
5,6.182005,273,1599.609375,21.218323,1998.046875,59.771339,hann
5,6.182005,274,1605.468750,10.161674,1998.046875,59.771339,hann
5,6.182005,275,1611.328125,-11.415445,1998.046875,59.771339,hann
5,6.182005,276,1617.187500,4.943657,1998.046875,59.771339,hann
5,6.182005,277,1623.046875,2.577615,1998.046875,59.771339,hann
5,6.182005,278,1628.906250,6.796194,1998.046875,59.771339,hann
5,6.182005,279,1634.765625,12.711527,1998.046875,59.771339,hann
5,6.182005,280,1640.625000,-6.391879,1998.046875,59.771339,hann
5,6.182005,281,1646.484375,22.107403,1998.046875,59.771339,hann
5,6.182005,282,1652.343750,22.994156,1998.046875,59.771339,hann
5,6.182005,283,1658.203125,16.231464,1998.046875,59.771339,hann
5,6.182005,284,1664.062500,-13.131083,1998.046875,59.771339,hann
5,6.182005,285,1669.921875,7.451449,1998.046875,59.771339,hann
5,6.182005,286,1675.781250,12.255683,1998.046875,59.771339,hann
5,6.182005,287,1681.640625,9.582786,1998.046875,59.771339,hann
5,6.182005,288,1687.500000,13.155937,1998.046875,59.771339,hann
5,6.182005,289,1693.359375,9.013511,1998.046875,59.771339,hann
5,6.182005,290,1699.218750,18.147083,1998.046875,59.771339,hann
5,6.182005,291,1705.078125,16.773628,1998.046875,59.771339,hann
5,6.182005,292,1710.937500,13.648861,1998.046875,59.771339,hann
5,6.182005,293,1716.796875,6.241079,1998.046875,59.771339,hann
5,6.182005,294,1722.656250,13.641989,1998.046875,59.771339,hann
5,6.182005,295,1728.515625,5.781427,1998.046875,59.771339,hann
5,6.182005,296,1734.375000,16.488853,1998.046875,59.771339,hann
5,6.182005,297,1740.234375,17.055227,1998.046875,59.771339,hann
5,6.182005,298,1746.093750,25.777285,1998.046875,59.771339,hann
5,6.182005,299,1751.953125,24.621372,1998.046875,59.771339,hann
5,6.182005,300,1757.812500,19.477537,1998.046875,59.771339,hann
5,6.182005,301,1763.671875,6.973121,1998.046875,59.771339,hann
5,6.182005,302,1769.531250,9.201620,1998.046875,59.771339,hann
5,6.182005,303,1775.390625,13.832025,1998.046875,59.771339,hann
5,6.182005,304,1781.250000,-0.109642,1998.046875,59.771339,hann
5,6.182005,305,1787.109375,15.126945,1998.046875,59.771339,hann
5,6.182005,306,1792.968750,22.051796,1998.046875,59.771339,hann
5,6.182005,307,1798.828125,28.286655,1998.046875,59.771339,hann
5,6.182005,308,1804.687500,21.085907,1998.046875,59.771339,hann
5,6.182005,309,1810.546875,2.665997,1998.046875,59.771339,hann
5,6.182005,310,1816.406250,4.497804,1998.046875,59.771339,hann
5,6.182005,311,1822.265625,8.956966,1998.046875,59.771339,hann
5,6.182005,312,1828.125000,7.243348,1998.046875,59.771339,hann
5,6.182005,313,1833.984375,17.035614,1998.046875,59.771339,hann
5,6.182005,314,1839.843750,17.180725,1998.046875,59.771339,hann
5,6.182005,315,1845.703125,27.273056,1998.046875,59.771339,hann
5,6.182005,316,1851.562500,27.440636,1998.046875,59.771339,hann
5,6.182005,317,1857.421875,24.631092,1998.046875,59.771339,hann
5,6.182005,318,1863.281250,15.963755,1998.046875,59.771339,hann
5,6.182005,319,1869.140625,6.790728,1998.046875,59.771339,hann
5,6.182005,320,1875.000000,17.090050,1998.046875,59.771339,hann
5,6.182005,321,1880.859375,13.710857,1998.046875,59.771339,hann
5,6.182005,322,1886.718750,17.205278,1998.046875,59.771339,hann
5,6.182005,323,1892.578125,28.493504,1998.046875,59.771339,hann
5,6.182005,324,1898.437500,32.123104,1998.046875,59.771339,hann
5,6.182005,325,1904.296875,28.155689,1998.046875,59.771339,hann
5,6.182005,326,1910.156250,18.784769,1998.046875,59.771339,hann
5,6.182005,327,1916.015625,18.118486,1998.046875,59.771339,hann
5,6.182005,328,1921.875000,5.426044,1998.046875,59.771339,hann
5,6.182005,329,1927.734375,21.120945,1998.046875,59.771339,hann
5,6.182005,330,1933.593750,26.598194,1998.046875,59.771339,hann
5,6.182005,331,1939.453125,29.377159,1998.046875,59.771339,hann
5,6.182005,332,1945.312500,42.821884,1998.046875,59.771339,hann
5,6.182005,333,1951.171875,42.369900,1998.046875,59.771339,hann
5,6.182005,334,1957.031250,34.324612,1998.046875,59.771339,hann
5,6.182005,335,1962.890625,25.740337,1998.046875,59.771339,hann
5,6.182005,336,1968.750000,9.507463,1998.046875,59.771339,hann
5,6.182005,337,1974.609375,37.413677,1998.046875,59.771339,hann
5,6.182005,338,1980.468750,31.636515,1998.046875,59.771339,hann
5,6.182005,339,1986.328125,43.717533,1998.046875,59.771339,hann
5,6.182005,340,1992.187500,53.723660,1998.046875,59.771339,hann
5,6.182005,341,1998.046875,59.771339,1998.046875,59.771339,hann
5,6.182005,342,2003.906250,56.027340,1998.046875,59.771339,hann
5,6.182005,343,2009.765625,47.614323,1998.046875,59.771339,hann
5,6.182005,344,2015.625000,24.711401,1998.046875,59.771339,hann
5,6.182005,345,2021.484375,33.487267,1998.046875,59.771339,hann
5,6.182005,346,2027.343750,25.082483,1998.046875,59.771339,hann
5,6.182005,347,2033.203125,22.570648,1998.046875,59.771339,hann
5,6.182005,348,2039.062500,29.946606,1998.046875,59.771339,hann
5,6.182005,349,2044.921875,41.926605,1998.046875,59.771339,hann
5,6.182005,350,2050.781250,42.269142,1998.046875,59.771339,hann
5,6.182005,351,2056.640625,36.881161,1998.046875,59.771339,hann
5,6.182005,352,2062.500000,23.607651,1998.046875,59.771339,hann
5,6.182005,353,2068.359375,23.545179,1998.046875,59.771339,hann
5,6.182005,354,2074.218750,13.447448,1998.046875,59.771339,hann
5,6.182005,355,2080.078125,10.371548,1998.046875,59.771339,hann
5,6.182005,356,2085.937500,15.405354,1998.046875,59.771339,hann
5,6.182005,357,2091.796875,27.523762,1998.046875,59.771339,hann
5,6.182005,358,2097.656250,33.011517,1998.046875,59.771339,hann
5,6.182005,359,2103.515625,29.497910,1998.046875,59.771339,hann
5,6.182005,360,2109.375000,20.404102,1998.046875,59.771339,hann
5,6.182005,361,2115.234375,18.388088,1998.046875,59.771339,hann
5,6.182005,362,2121.093750,15.799142,1998.046875,59.771339,hann
5,6.182005,363,2126.953125,10.791231,1998.046875,59.771339,hann
5,6.182005,364,2132.812500,14.338456,1998.046875,59.771339,hann
5,6.182005,365,2138.671875,9.835117,1998.046875,59.771339,hann
5,6.182005,366,2144.531250,25.696686,1998.046875,59.771339,hann
5,6.182005,367,2150.390625,25.492125,1998.046875,59.771339,hann
5,6.182005,368,2156.250000,21.687183,1998.046875,59.771339,hann
5,6.182005,369,2162.109375,9.367124,1998.046875,59.771339,hann
5,6.182005,370,2167.968750,12.013551,1998.046875,59.771339,hann
5,6.182005,371,2173.828125,9.641260,1998.046875,59.771339,hann
5,6.182005,372,2179.687500,1.976279,1998.046875,59.771339,hann
5,6.182005,373,2185.546875,12.891663,1998.046875,59.771339,hann
5,6.182005,374,2191.406250,17.215988,1998.046875,59.771339,hann
5,6.182005,375,2197.265625,17.888702,1998.046875,59.771339,hann
5,6.182005,376,2203.125000,15.325472,1998.046875,59.771339,hann
5,6.182005,377,2208.984375,15.501842,1998.046875,59.771339,hann
5,6.182005,378,2214.843750,9.822441,1998.046875,59.771339,hann
5,6.182005,379,2220.703125,14.554187,1998.046875,59.771339,hann
5,6.182005,380,2226.562500,7.015172,1998.046875,59.771339,hann
5,6.182005,381,2232.421875,7.224084,1998.046875,59.771339,hann
5,6.182005,382,2238.281250,12.212300,1998.046875,59.771339,hann
5,6.182005,383,2244.140625,21.560452,1998.046875,59.771339,hann
5,6.182005,384,2250.000000,20.420856,1998.046875,59.771339,hann
5,6.182005,385,2255.859375,15.724895,1998.046875,59.771339,hann
5,6.182005,386,2261.718750,9.218014,1998.046875,59.771339,hann
5,6.182005,387,2267.578125,6.347303,1998.046875,59.771339,hann
5,6.182005,388,2273.437500,5.302684,1998.046875,59.771339,hann
5,6.182005,389,2279.296875,6.910660,1998.046875,59.771339,hann
5,6.182005,390,2285.156250,7.076615,1998.046875,59.771339,hann
5,6.182005,391,2291.015625,8.468233,1998.046875,59.771339,hann
5,6.182005,392,2296.875000,14.741066,1998.046875,59.771339,hann
5,6.182005,393,2302.734375,13.968711,1998.046875,59.771339,hann
5,6.182005,394,2308.593750,13.493526,1998.046875,59.771339,hann
5,6.182005,395,2314.453125,-0.757799,1998.046875,59.771339,hann
5,6.182005,396,2320.312500,-5.350144,1998.046875,59.771339,hann
5,6.182005,397,2326.171875,12.182751,1998.046875,59.771339,hann
5,6.182005,398,2332.031250,3.791836,1998.046875,59.771339,hann
5,6.182005,399,2337.890625,3.597660,1998.046875,59.771339,hann
5,6.182005,400,2343.750000,23.679352,1998.046875,59.771339,hann
5,6.182005,401,2349.609375,24.647919,1998.046875,59.771339,hann
5,6.182005,402,2355.468750,20.276564,1998.046875,59.771339,hann
5,6.182005,403,2361.328125,9.211379,1998.046875,59.771339,hann
5,6.182005,404,2367.187500,12.602718,1998.046875,59.771339,hann
5,6.182005,405,2373.046875,4.021116,1998.046875,59.771339,hann
5,6.182005,406,2378.906250,10.162920,1998.046875,59.771339,hann
5,6.182005,407,2384.765625,4.617723,1998.046875,59.771339,hann
5,6.182005,408,2390.625000,16.541798,1998.046875,59.771339,hann
5,6.182005,409,2396.484375,18.931553,1998.046875,59.771339,hann
5,6.182005,410,2402.343750,13.278283,1998.046875,59.771339,hann
5,6.182005,411,2408.203125,4.202951,1998.046875,59.771339,hann
5,6.182005,412,2414.062500,-8.039343,1998.046875,59.771339,hann
5,6.182005,413,2419.921875,0.078187,1998.046875,59.771339,hann
5,6.182005,414,2425.781250,6.986165,1998.046875,59.771339,hann
5,6.182005,415,2431.640625,-7.059338,1998.046875,59.771339,hann
5,6.182005,416,2437.500000,4.671667,1998.046875,59.771339,hann
5,6.182005,417,2443.359375,11.401210,1998.046875,59.771339,hann
5,6.182005,418,2449.218750,16.364548,1998.046875,59.771339,hann
5,6.182005,419,2455.078125,12.138193,1998.046875,59.771339,hann
5,6.182005,420,2460.937500,10.735819,1998.046875,59.771339,hann
5,6.182005,421,2466.796875,11.278638,1998.046875,59.771339,hann
5,6.182005,422,2472.656250,9.184283,1998.046875,59.771339,hann
5,6.182005,423,2478.515625,7.119403,1998.046875,59.771339,hann
5,6.182005,424,2484.375000,9.486597,1998.046875,59.771339,hann
5,6.182005,425,2490.234375,2.478364,1998.046875,59.771339,hann
5,6.182005,426,2496.093750,17.337994,1998.046875,59.771339,hann
5,6.182005,427,2501.953125,17.138660,1998.046875,59.771339,hann
5,6.182005,428,2507.812500,12.651100,1998.046875,59.771339,hann
5,6.182005,429,2513.671875,6.973833,1998.046875,59.771339,hann
5,6.182005,430,2519.531250,-3.607318,1998.046875,59.771339,hann
5,6.182005,431,2525.390625,4.534287,1998.046875,59.771339,hann
5,6.182005,432,2531.250000,6.389270,1998.046875,59.771339,hann
5,6.182005,433,2537.109375,5.455491,1998.046875,59.771339,hann
5,6.182005,434,2542.968750,22.143295,1998.046875,59.771339,hann
5,6.182005,435,2548.828125,23.754715,1998.046875,59.771339,hann
5,6.182005,436,2554.687500,19.127991,1998.046875,59.771339,hann
5,6.182005,437,2560.546875,10.722500,1998.046875,59.771339,hann
5,6.182005,438,2566.406250,-3.366445,1998.046875,59.771339,hann
5,6.182005,439,2572.265625,2.425457,1998.046875,59.771339,hann
5,6.182005,440,2578.125000,6.058786,1998.046875,59.771339,hann
5,6.182005,441,2583.984375,2.312830,1998.046875,59.771339,hann
5,6.182005,442,2589.843750,0.279388,1998.046875,59.771339,hann
5,6.182005,443,2595.703125,15.072125,1998.046875,59.771339,hann
5,6.182005,444,2601.562500,11.495981,1998.046875,59.771339,hann
5,6.182005,445,2607.421875,12.685768,1998.046875,59.771339,hann
5,6.182005,446,2613.281250,-6.248879,1998.046875,59.771339,hann
5,6.182005,447,2619.140625,10.120460,1998.046875,59.771339,hann
5,6.182005,448,2625.000000,1.848114,1998.046875,59.771339,hann
5,6.182005,449,2630.859375,5.188417,1998.046875,59.771339,hann
5,6.182005,450,2636.718750,6.195056,1998.046875,59.771339,hann
5,6.182005,451,2642.578125,18.651464,1998.046875,59.771339,hann
5,6.182005,452,2648.437500,20.195704,1998.046875,59.771339,hann
5,6.182005,453,2654.296875,17.091135,1998.046875,59.771339,hann
5,6.182005,454,2660.156250,2.616258,1998.046875,59.771339,hann
5,6.182005,455,2666.015625,11.872265,1998.046875,59.771339,hann
5,6.182005,456,2671.875000,-4.095903,1998.046875,59.771339,hann
5,6.182005,457,2677.734375,10.535832,1998.046875,59.771339,hann
5,6.182005,458,2683.593750,0.040560,1998.046875,59.771339,hann
5,6.182005,459,2689.453125,10.753922,1998.046875,59.771339,hann
5,6.182005,460,2695.312500,18.099247,1998.046875,59.771339,hann
5,6.182005,461,2701.171875,13.410052,1998.046875,59.771339,hann
5,6.182005,462,2707.031250,13.580142,1998.046875,59.771339,hann
5,6.182005,463,2712.890625,5.182301,1998.046875,59.771339,hann
5,6.182005,464,2718.750000,2.686177,1998.046875,59.771339,hann
5,6.182005,465,2724.609375,0.882796,1998.046875,59.771339,hann
5,6.182005,466,2730.468750,5.980841,1998.046875,59.771339,hann
5,6.182005,467,2736.328125,10.414824,1998.046875,59.771339,hann
5,6.182005,468,2742.187500,14.153681,1998.046875,59.771339,hann
5,6.182005,469,2748.046875,16.441439,1998.046875,59.771339,hann
5,6.182005,470,2753.906250,11.776395,1998.046875,59.771339,hann
5,6.182005,471,2759.765625,9.245762,1998.046875,59.771339,hann
5,6.182005,472,2765.625000,1.694651,1998.046875,59.771339,hann
5,6.182005,473,2771.484375,-2.972437,1998.046875,59.771339,hann
5,6.182005,474,2777.343750,2.088435,1998.046875,59.771339,hann
5,6.182005,475,2783.203125,7.852434,1998.046875,59.771339,hann
5,6.182005,476,2789.062500,14.206319,1998.046875,59.771339,hann
5,6.182005,477,2794.921875,17.301779,1998.046875,59.771339,hann
5,6.182005,478,2800.781250,14.166265,1998.046875,59.771339,hann
5,6.182005,479,2806.640625,15.129045,1998.046875,59.771339,hann
5,6.182005,480,2812.500000,9.201366,1998.046875,59.771339,hann
5,6.182005,481,2818.359375,5.113845,1998.046875,59.771339,hann
5,6.182005,482,2824.218750,5.656071,1998.046875,59.771339,hann
5,6.182005,483,2830.078125,4.482167,1998.046875,59.771339,hann
5,6.182005,484,2835.937500,5.544962,1998.046875,59.771339,hann
5,6.182005,485,2841.796875,12.319128,1998.046875,59.771339,hann
5,6.182005,486,2847.656250,11.859480,1998.046875,59.771339,hann
5,6.182005,487,2853.515625,12.182990,1998.046875,59.771339,hann
5,6.182005,488,2859.375000,6.546773,1998.046875,59.771339,hann
5,6.182005,489,2865.234375,6.972461,1998.046875,59.771339,hann
5,6.182005,490,2871.093750,3.235092,1998.046875,59.771339,hann
5,6.182005,491,2876.953125,6.328564,1998.046875,59.771339,hann
5,6.182005,492,2882.812500,6.477946,1998.046875,59.771339,hann
5,6.182005,493,2888.671875,5.346585,1998.046875,59.771339,hann
5,6.182005,494,2894.531250,19.465843,1998.046875,59.771339,hann
5,6.182005,495,2900.390625,15.605937,1998.046875,59.771339,hann
5,6.182005,496,2906.250000,9.136541,1998.046875,59.771339,hann
5,6.182005,497,2912.109375,5.206129,1998.046875,59.771339,hann
5,6.182005,498,2917.968750,5.575359,1998.046875,59.771339,hann
5,6.182005,499,2923.828125,-8.614809,1998.046875,59.771339,hann
5,6.182005,500,2929.687500,1.963533,1998.046875,59.771339,hann
5,6.182005,501,2935.546875,6.977675,1998.046875,59.771339,hann
5,6.182005,502,2941.406250,12.015567,1998.046875,59.771339,hann
5,6.182005,503,2947.265625,18.009588,1998.046875,59.771339,hann
5,6.182005,504,2953.125000,16.827587,1998.046875,59.771339,hann
5,6.182005,505,2958.984375,12.638218,1998.046875,59.771339,hann
5,6.182005,506,2964.843750,-0.097191,1998.046875,59.771339,hann
5,6.182005,507,2970.703125,-26.216549,1998.046875,59.771339,hann
5,6.182005,508,2976.562500,1.489673,1998.046875,59.771339,hann
5,6.182005,509,2982.421875,-2.254892,1998.046875,59.771339,hann
5,6.182005,510,2988.281250,11.571174,1998.046875,59.771339,hann
5,6.182005,511,2994.140625,17.385952,1998.046875,59.771339,hann
6,7.204372,0,0.000000,8.287519,1998.046875,59.795715,hann
6,7.204372,1,5.859375,38.948360,1998.046875,59.795715,hann
6,7.204372,2,11.718750,39.979485,1998.046875,59.795715,hann
6,7.204372,3,17.578125,31.949741,1998.046875,59.795715,hann
6,7.204372,4,23.437500,34.147533,1998.046875,59.795715,hann
6,7.204372,5,29.296875,30.707949,1998.046875,59.795715,hann
6,7.204372,6,35.156250,28.418758,1998.046875,59.795715,hann
6,7.204372,7,41.015625,45.405449,1998.046875,59.795715,hann
6,7.204372,8,46.875000,59.462681,1998.046875,59.795715,hann
6,7.204372,9,52.734375,59.627892,1998.046875,59.795715,hann
6,7.204372,10,58.593750,46.008461,1998.046875,59.795715,hann
6,7.204372,11,64.453125,31.085945,1998.046875,59.795715,hann
6,7.204372,12,70.312500,19.143841,1998.046875,59.795715,hann
6,7.204372,13,76.171875,15.254822,1998.046875,59.795715,hann
6,7.204372,14,82.031250,14.549706,1998.046875,59.795715,hann
6,7.204372,15,87.890625,18.976522,1998.046875,59.795715,hann
6,7.204372,16,93.750000,47.155884,1998.046875,59.795715,hann
6,7.204372,17,99.609375,53.700272,1998.046875,59.795715,hann
6,7.204372,18,105.468750,48.238983,1998.046875,59.795715,hann
6,7.204372,19,111.328125,20.017464,1998.046875,59.795715,hann
6,7.204372,20,117.187500,12.587362,1998.046875,59.795715,hann
6,7.204372,21,123.046875,19.822184,1998.046875,59.795715,hann
6,7.204372,22,128.906250,14.123040,1998.046875,59.795715,hann
6,7.204372,23,134.765625,15.886887,1998.046875,59.795715,hann
6,7.204372,24,140.625000,28.956129,1998.046875,59.795715,hann
6,7.204372,25,146.484375,44.943233,1998.046875,59.795715,hann
6,7.204372,26,152.343750,45.451958,1998.046875,59.795715,hann
6,7.204372,27,158.203125,32.414902,1998.046875,59.795715,hann
6,7.204372,28,164.062500,7.015361,1998.046875,59.795715,hann
6,7.204372,29,169.921875,8.833779,1998.046875,59.795715,hann
6,7.204372,30,175.781250,16.778521,1998.046875,59.795715,hann
6,7.204372,31,181.640625,6.176072,1998.046875,59.795715,hann
6,7.204372,32,187.500000,5.472198,1998.046875,59.795715,hann
6,7.204372,33,193.359375,29.272648,1998.046875,59.795715,hann
6,7.204372,34,199.218750,36.134449,1998.046875,59.795715,hann
6,7.204372,35,205.078125,29.837713,1998.046875,59.795715,hann
6,7.204372,36,210.937500,18.167883,1998.046875,59.795715,hann
6,7.204372,37,216.796875,12.774639,1998.046875,59.795715,hann
6,7.204372,38,222.656250,12.187193,1998.046875,59.795715,hann
6,7.204372,39,228.515625,13.493399,1998.046875,59.795715,hann
6,7.204372,40,234.375000,14.022301,1998.046875,59.795715,hann
6,7.204372,41,240.234375,12.776704,1998.046875,59.795715,hann
6,7.204372,42,246.093750,17.606020,1998.046875,59.795715,hann
6,7.204372,43,251.953125,18.859003,1998.046875,59.795715,hann
6,7.204372,44,257.812500,19.575970,1998.046875,59.795715,hann
6,7.204372,45,263.671875,16.644379,1998.046875,59.795715,hann
6,7.204372,46,269.531250,18.033539,1998.046875,59.795715,hann
6,7.204372,47,275.390625,13.017366,1998.046875,59.795715,hann
6,7.204372,48,281.250000,18.786520,1998.046875,59.795715,hann
6,7.204372,49,287.109375,14.344426,1998.046875,59.795715,hann
6,7.204372,50,292.968750,31.456556,1998.046875,59.795715,hann
6,7.204372,51,298.828125,37.721886,1998.046875,59.795715,hann
6,7.204372,52,304.687500,33.191582,1998.046875,59.795715,hann
6,7.204372,53,310.546875,18.056326,1998.046875,59.795715,hann
6,7.204372,54,316.406250,-2.213177,1998.046875,59.795715,hann
6,7.204372,55,322.265625,14.939357,1998.046875,59.795715,hann
6,7.204372,56,328.125000,15.163223,1998.046875,59.795715,hann
6,7.204372,57,333.984375,19.914570,1998.046875,59.795715,hann
6,7.204372,58,339.843750,21.737621,1998.046875,59.795715,hann
6,7.204372,59,345.703125,39.021591,1998.046875,59.795715,hann
6,7.204372,60,351.562500,39.646030,1998.046875,59.795715,hann
6,7.204372,61,357.421875,26.028072,1998.046875,59.795715,hann
6,7.204372,62,363.281250,12.068047,1998.046875,59.795715,hann
6,7.204372,63,369.140625,17.586067,1998.046875,59.795715,hann
6,7.204372,64,375.000000,10.590406,1998.046875,59.795715,hann
6,7.204372,65,380.859375,16.101170,1998.046875,59.795715,hann
6,7.204372,66,386.718750,16.441841,1998.046875,59.795715,hann
6,7.204372,67,392.578125,22.330231,1998.046875,59.795715,hann
6,7.204372,68,398.437500,32.930164,1998.046875,59.795715,hann
6,7.204372,69,404.296875,28.487417,1998.046875,59.795715,hann
6,7.204372,70,410.156250,20.072685,1998.046875,59.795715,hann
6,7.204372,71,416.015625,20.131668,1998.046875,59.795715,hann
6,7.204372,72,421.875000,23.902491,1998.046875,59.795715,hann
6,7.204372,73,427.734375,22.078627,1998.046875,59.795715,hann
6,7.204372,74,433.593750,24.191315,1998.046875,59.795715,hann
6,7.204372,75,439.453125,17.794006,1998.046875,59.795715,hann
6,7.204372,76,445.312500,31.962227,1998.046875,59.795715,hann
6,7.204372,77,451.171875,35.135311,1998.046875,59.795715,hann
6,7.204372,78,457.031250,25.431911,1998.046875,59.795715,hann
6,7.204372,79,462.890625,10.022783,1998.046875,59.795715,hann
6,7.204372,80,468.750000,10.479389,1998.046875,59.795715,hann
6,7.204372,81,474.609375,18.939440,1998.046875,59.795715,hann
6,7.204372,82,480.468750,14.411315,1998.046875,59.795715,hann
6,7.204372,83,486.328125,19.902046,1998.046875,59.795715,hann
6,7.204372,84,492.187500,27.696896,1998.046875,59.795715,hann
6,7.204372,85,498.046875,32.826485,1998.046875,59.795715,hann
6,7.204372,86,503.906250,28.534374,1998.046875,59.795715,hann
6,7.204372,87,509.765625,17.836166,1998.046875,59.795715,hann
6,7.204372,88,515.625000,19.506124,1998.046875,59.795715,hann
6,7.204372,89,521.484375,17.332804,1998.046875,59.795715,hann
6,7.204372,90,527.343750,15.825230,1998.046875,59.795715,hann
6,7.204372,91,533.203125,14.551925,1998.046875,59.795715,hann
6,7.204372,92,539.062500,20.845804,1998.046875,59.795715,hann
6,7.204372,93,544.921875,32.258762,1998.046875,59.795715,hann
6,7.204372,94,550.781250,33.579258,1998.046875,59.795715,hann
6,7.204372,95,556.640625,22.261362,1998.046875,59.795715,hann
6,7.204372,96,562.500000,8.634385,1998.046875,59.795715,hann
6,7.204372,97,568.359375,15.312940,1998.046875,59.795715,hann
6,7.204372,98,574.218750,11.671706,1998.046875,59.795715,hann
6,7.204372,99,580.078125,12.043906,1998.046875,59.795715,hann
6,7.204372,100,585.937500,9.733420,1998.046875,59.795715,hann
6,7.204372,101,591.796875,19.034647,1998.046875,59.795715,hann
6,7.204372,102,597.656250,28.621357,1998.046875,59.795715,hann
6,7.204372,103,603.515625,26.558378,1998.046875,59.795715,hann
6,7.204372,104,609.375000,9.400334,1998.046875,59.795715,hann
6,7.204372,105,615.234375,6.263231,1998.046875,59.795715,hann
6,7.204372,106,621.093750,12.099899,1998.046875,59.795715,hann
6,7.204372,107,626.953125,8.288193,1998.046875,59.795715,hann
6,7.204372,108,632.812500,10.979728,1998.046875,59.795715,hann
6,7.204372,109,638.671875,13.437153,1998.046875,59.795715,hann
6,7.204372,110,644.531250,25.813793,1998.046875,59.795715,hann
6,7.204372,111,650.390625,26.856579,1998.046875,59.795715,hann
6,7.204372,112,656.250000,17.494905,1998.046875,59.795715,hann
6,7.204372,113,662.109375,4.889910,1998.046875,59.795715,hann
6,7.204372,114,667.968750,5.274405,1998.046875,59.795715,hann
6,7.204372,115,673.828125,8.137741,1998.046875,59.795715,hann
6,7.204372,116,679.687500,15.458536,1998.046875,59.795715,hann
6,7.204372,117,685.546875,10.601480,1998.046875,59.795715,hann
6,7.204372,118,691.406250,22.285789,1998.046875,59.795715,hann
6,7.204372,119,697.265625,29.868879,1998.046875,59.795715,hann
6,7.204372,120,703.125000,25.911289,1998.046875,59.795715,hann
6,7.204372,121,708.984375,6.332536,1998.046875,59.795715,hann
6,7.204372,122,714.843750,10.742113,1998.046875,59.795715,hann
6,7.204372,123,720.703125,9.273296,1998.046875,59.795715,hann
6,7.204372,124,726.562500,14.444594,1998.046875,59.795715,hann
6,7.204372,125,732.421875,2.631298,1998.046875,59.795715,hann
6,7.204372,126,738.281250,7.458505,1998.046875,59.795715,hann
6,7.204372,127,744.140625,22.982798,1998.046875,59.795715,hann
6,7.204372,128,750.000000,24.601116,1998.046875,59.795715,hann
6,7.204372,129,755.859375,16.053240,1998.046875,59.795715,hann
6,7.204372,130,761.718750,12.337846,1998.046875,59.795715,hann
6,7.204372,131,767.578125,11.939683,1998.046875,59.795715,hann
6,7.204372,132,773.437500,-0.550940,1998.046875,59.795715,hann
6,7.204372,133,779.296875,10.559230,1998.046875,59.795715,hann
6,7.204372,134,785.156250,-0.229850,1998.046875,59.795715,hann
6,7.204372,135,791.015625,8.598132,1998.046875,59.795715,hann
6,7.204372,136,796.875000,11.890301,1998.046875,59.795715,hann
6,7.204372,137,802.734375,9.037811,1998.046875,59.795715,hann
6,7.204372,138,808.593750,-2.666788,1998.046875,59.795715,hann
6,7.204372,139,814.453125,4.068020,1998.046875,59.795715,hann
6,7.204372,140,820.312500,6.552017,1998.046875,59.795715,hann
6,7.204372,141,826.171875,-5.359241,1998.046875,59.795715,hann
6,7.204372,142,832.031250,11.613478,1998.046875,59.795715,hann
6,7.204372,143,837.890625,-3.041245,1998.046875,59.795715,hann
6,7.204372,144,843.750000,11.020155,1998.046875,59.795715,hann
6,7.204372,145,849.609375,11.111814,1998.046875,59.795715,hann
6,7.204372,146,855.468750,2.951267,1998.046875,59.795715,hann
6,7.204372,147,861.328125,2.000656,1998.046875,59.795715,hann
6,7.204372,148,867.187500,-6.510257,1998.046875,59.795715,hann
6,7.204372,149,873.046875,7.663035,1998.046875,59.795715,hann
6,7.204372,150,878.906250,1.577824,1998.046875,59.795715,hann
6,7.204372,151,884.765625,7.320427,1998.046875,59.795715,hann
6,7.204372,152,890.625000,14.727495,1998.046875,59.795715,hann
6,7.204372,153,896.484375,23.890324,1998.046875,59.795715,hann
6,7.204372,154,902.343750,23.005945,1998.046875,59.795715,hann
6,7.204372,155,908.203125,10.337906,1998.046875,59.795715,hann
6,7.204372,156,914.062500,-6.132769,1998.046875,59.795715,hann
6,7.204372,157,919.921875,-0.172069,1998.046875,59.795715,hann
6,7.204372,158,925.781250,8.529769,1998.046875,59.795715,hann
6,7.204372,159,931.640625,7.457343,1998.046875,59.795715,hann
6,7.204372,160,937.500000,-1.109408,1998.046875,59.795715,hann
6,7.204372,161,943.359375,20.958738,1998.046875,59.795715,hann
6,7.204372,162,949.218750,23.209951,1998.046875,59.795715,hann
6,7.204372,163,955.078125,13.013609,1998.046875,59.795715,hann
6,7.204372,164,960.937500,8.736481,1998.046875,59.795715,hann
6,7.204372,165,966.796875,9.198950,1998.046875,59.795715,hann
6,7.204372,166,972.656250,10.285244,1998.046875,59.795715,hann
6,7.204372,167,978.515625,10.562839,1998.046875,59.795715,hann
6,7.204372,168,984.375000,7.780117,1998.046875,59.795715,hann
6,7.204372,169,990.234375,14.704531,1998.046875,59.795715,hann
6,7.204372,170,996.093750,25.388491,1998.046875,59.795715,hann
6,7.204372,171,1001.953125,22.692780,1998.046875,59.795715,hann
6,7.204372,172,1007.812500,12.269026,1998.046875,59.795715,hann
6,7.204372,173,1013.671875,8.682146,1998.046875,59.795715,hann
6,7.204372,174,1019.531250,-2.812559,1998.046875,59.795715,hann
6,7.204372,175,1025.390625,5.255870,1998.046875,59.795715,hann
6,7.204372,176,1031.250000,8.501165,1998.046875,59.795715,hann
6,7.204372,177,1037.109375,5.071982,1998.046875,59.795715,hann
6,7.204372,178,1042.968750,18.905661,1998.046875,59.795715,hann
6,7.204372,179,1048.828125,19.690050,1998.046875,59.795715,hann
6,7.204372,180,1054.687500,10.108424,1998.046875,59.795715,hann
6,7.204372,181,1060.546875,0.603085,1998.046875,59.795715,hann
6,7.204372,182,1066.406250,11.220882,1998.046875,59.795715,hann
6,7.204372,183,1072.265625,11.990078,1998.046875,59.795715,hann
6,7.204372,184,1078.125000,14.554214,1998.046875,59.795715,hann
6,7.204372,185,1083.984375,14.340338,1998.046875,59.795715,hann
6,7.204372,186,1089.843750,14.583645,1998.046875,59.795715,hann
6,7.204372,187,1095.703125,26.349728,1998.046875,59.795715,hann
6,7.204372,188,1101.562500,25.720461,1998.046875,59.795715,hann
6,7.204372,189,1107.421875,12.779085,1998.046875,59.795715,hann
6,7.204372,190,1113.281250,4.294874,1998.046875,59.795715,hann
6,7.204372,191,1119.140625,5.252897,1998.046875,59.795715,hann
6,7.204372,192,1125.000000,6.625381,1998.046875,59.795715,hann
6,7.204372,193,1130.859375,8.185932,1998.046875,59.795715,hann
6,7.204372,194,1136.718750,-5.615174,1998.046875,59.795715,hann
6,7.204372,195,1142.578125,16.924719,1998.046875,59.795715,hann
6,7.204372,196,1148.437500,19.379217,1998.046875,59.795715,hann
6,7.204372,197,1154.296875,15.111347,1998.046875,59.795715,hann
6,7.204372,198,1160.156250,16.233503,1998.046875,59.795715,hann
6,7.204372,199,1166.015625,7.774423,1998.046875,59.795715,hann
6,7.204372,200,1171.875000,5.971793,1998.046875,59.795715,hann
6,7.204372,201,1177.734375,0.645424,1998.046875,59.795715,hann
6,7.204372,202,1183.593750,-2.073429,1998.046875,59.795715,hann
6,7.204372,203,1189.453125,9.626075,1998.046875,59.795715,hann
6,7.204372,204,1195.312500,20.570213,1998.046875,59.795715,hann
6,7.204372,205,1201.171875,23.685987,1998.046875,59.795715,hann
6,7.204372,206,1207.031250,14.793541,1998.046875,59.795715,hann
6,7.204372,207,1212.890625,5.519362,1998.046875,59.795715,hann
6,7.204372,208,1218.750000,1.135787,1998.046875,59.795715,hann
6,7.204372,209,1224.609375,8.138830,1998.046875,59.795715,hann
6,7.204372,210,1230.468750,0.825863,1998.046875,59.795715,hann
6,7.204372,211,1236.328125,12.995012,1998.046875,59.795715,hann
6,7.204372,212,1242.187500,21.816895,1998.046875,59.795715,hann
6,7.204372,213,1248.046875,24.603523,1998.046875,59.795715,hann
6,7.204372,214,1253.906250,18.948959,1998.046875,59.795715,hann
6,7.204372,215,1259.765625,3.083660,1998.046875,59.795715,hann
6,7.204372,216,1265.625000,8.483356,1998.046875,59.795715,hann
6,7.204372,217,1271.484375,6.161471,1998.046875,59.795715,hann
6,7.204372,218,1277.343750,11.412448,1998.046875,59.795715,hann
6,7.204372,219,1283.203125,8.434172,1998.046875,59.795715,hann
6,7.204372,220,1289.062500,14.903470,1998.046875,59.795715,hann
6,7.204372,221,1294.921875,22.267038,1998.046875,59.795715,hann
6,7.204372,222,1300.781250,19.679197,1998.046875,59.795715,hann
6,7.204372,223,1306.640625,13.356802,1998.046875,59.795715,hann
6,7.204372,224,1312.500000,8.912879,1998.046875,59.795715,hann
6,7.204372,225,1318.359375,8.215560,1998.046875,59.795715,hann
6,7.204372,226,1324.218750,14.208936,1998.046875,59.795715,hann
6,7.204372,227,1330.078125,12.969371,1998.046875,59.795715,hann
6,7.204372,228,1335.937500,9.901518,1998.046875,59.795715,hann
6,7.204372,229,1341.796875,18.299189,1998.046875,59.795715,hann
6,7.204372,230,1347.656250,23.802492,1998.046875,59.795715,hann
6,7.204372,231,1353.515625,19.150192,1998.046875,59.795715,hann
6,7.204372,232,1359.375000,8.692388,1998.046875,59.795715,hann
6,7.204372,233,1365.234375,0.396488,1998.046875,59.795715,hann
6,7.204372,234,1371.093750,7.635964,1998.046875,59.795715,hann
6,7.204372,235,1376.953125,7.217665,1998.046875,59.795715,hann
6,7.204372,236,1382.812500,13.746614,1998.046875,59.795715,hann
6,7.204372,237,1388.671875,13.296466,1998.046875,59.795715,hann
6,7.204372,238,1394.531250,9.855917,1998.046875,59.795715,hann
6,7.204372,239,1400.390625,19.028818,1998.046875,59.795715,hann
6,7.204372,240,1406.250000,6.691126,1998.046875,59.795715,hann
6,7.204372,241,1412.109375,14.053734,1998.046875,59.795715,hann
6,7.204372,242,1417.968750,7.395674,1998.046875,59.795715,hann
6,7.204372,243,1423.828125,7.815981,1998.046875,59.795715,hann
6,7.204372,244,1429.687500,-5.171404,1998.046875,59.795715,hann
6,7.204372,245,1435.546875,19.203625,1998.046875,59.795715,hann
6,7.204372,246,1441.406250,20.922073,1998.046875,59.795715,hann
6,7.204372,247,1447.265625,23.903320,1998.046875,59.795715,hann
6,7.204372,248,1453.125000,22.834019,1998.046875,59.795715,hann
6,7.204372,249,1458.984375,15.043883,1998.046875,59.795715,hann
6,7.204372,250,1464.843750,16.141035,1998.046875,59.795715,hann
6,7.204372,251,1470.703125,7.840733,1998.046875,59.795715,hann
6,7.204372,252,1476.562500,16.337002,1998.046875,59.795715,hann
6,7.204372,253,1482.421875,13.051134,1998.046875,59.795715,hann
6,7.204372,254,1488.281250,18.777964,1998.046875,59.795715,hann
6,7.204372,255,1494.140625,20.680344,1998.046875,59.795715,hann
6,7.204372,256,1500.000000,20.599649,1998.046875,59.795715,hann
6,7.204372,257,1505.859375,15.109253,1998.046875,59.795715,hann
6,7.204372,258,1511.718750,14.367023,1998.046875,59.795715,hann
6,7.204372,259,1517.578125,10.183655,1998.046875,59.795715,hann
6,7.204372,260,1523.437500,18.821308,1998.046875,59.795715,hann
6,7.204372,261,1529.296875,11.489470,1998.046875,59.795715,hann
6,7.204372,262,1535.156250,19.174950,1998.046875,59.795715,hann
6,7.204372,263,1541.015625,16.601576,1998.046875,59.795715,hann
6,7.204372,264,1546.875000,23.121632,1998.046875,59.795715,hann
6,7.204372,265,1552.734375,20.611717,1998.046875,59.795715,hann
6,7.204372,266,1558.593750,19.632254,1998.046875,59.795715,hann
6,7.204372,267,1564.453125,16.167543,1998.046875,59.795715,hann
6,7.204372,268,1570.312500,22.661993,1998.046875,59.795715,hann
6,7.204372,269,1576.171875,21.254883,1998.046875,59.795715,hann
6,7.204372,270,1582.031250,22.834215,1998.046875,59.795715,hann
6,7.204372,271,1587.890625,18.604801,1998.046875,59.795715,hann
6,7.204372,272,1593.750000,25.333445,1998.046875,59.795715,hann
6,7.204372,273,1599.609375,23.703611,1998.046875,59.795715,hann
6,7.204372,274,1605.468750,17.070518,1998.046875,59.795715,hann
6,7.204372,275,1611.328125,8.183686,1998.046875,59.795715,hann
6,7.204372,276,1617.187500,16.311705,1998.046875,59.795715,hann
6,7.204372,277,1623.046875,7.759392,1998.046875,59.795715,hann
6,7.204372,278,1628.906250,12.103381,1998.046875,59.795715,hann
6,7.204372,279,1634.765625,13.938049,1998.046875,59.795715,hann
6,7.204372,280,1640.625000,16.974442,1998.046875,59.795715,hann
6,7.204372,281,1646.484375,19.963102,1998.046875,59.795715,hann
6,7.204372,282,1652.343750,24.160776,1998.046875,59.795715,hann
6,7.204372,283,1658.203125,22.504063,1998.046875,59.795715,hann
6,7.204372,284,1664.062500,14.930428,1998.046875,59.795715,hann
6,7.204372,285,1669.921875,16.628334,1998.046875,59.795715,hann
6,7.204372,286,1675.781250,5.768758,1998.046875,59.795715,hann
6,7.204372,287,1681.640625,15.697981,1998.046875,59.795715,hann
6,7.204372,288,1687.500000,15.631137,1998.046875,59.795715,hann
6,7.204372,289,1693.359375,21.905361,1998.046875,59.795715,hann
6,7.204372,290,1699.218750,25.625631,1998.046875,59.795715,hann
6,7.204372,291,1705.078125,19.053394,1998.046875,59.795715,hann
6,7.204372,292,1710.937500,14.546050,1998.046875,59.795715,hann
6,7.204372,293,1716.796875,14.747572,1998.046875,59.795715,hann
6,7.204372,294,1722.656250,8.003832,1998.046875,59.795715,hann
6,7.204372,295,1728.515625,13.967154,1998.046875,59.795715,hann
6,7.204372,296,1734.375000,9.989374,1998.046875,59.795715,hann
6,7.204372,297,1740.234375,13.863127,1998.046875,59.795715,hann
6,7.204372,298,1746.093750,25.573181,1998.046875,59.795715,hann
6,7.204372,299,1751.953125,26.564934,1998.046875,59.795715,hann
6,7.204372,300,1757.812500,17.251627,1998.046875,59.795715,hann
6,7.204372,301,1763.671875,13.644751,1998.046875,59.795715,hann
6,7.204372,302,1769.531250,1.356530,1998.046875,59.795715,hann
6,7.204372,303,1775.390625,18.383974,1998.046875,59.795715,hann
6,7.204372,304,1781.250000,8.343478,1998.046875,59.795715,hann
6,7.204372,305,1787.109375,14.521493,1998.046875,59.795715,hann
6,7.204372,306,1792.968750,23.188953,1998.046875,59.795715,hann
6,7.204372,307,1798.828125,27.303850,1998.046875,59.795715,hann
6,7.204372,308,1804.687500,19.542475,1998.046875,59.795715,hann
6,7.204372,309,1810.546875,14.298601,1998.046875,59.795715,hann
6,7.204372,310,1816.406250,13.974110,1998.046875,59.795715,hann
6,7.204372,311,1822.265625,-0.024306,1998.046875,59.795715,hann
6,7.204372,312,1828.125000,5.950421,1998.046875,59.795715,hann
6,7.204372,313,1833.984375,12.549908,1998.046875,59.795715,hann
6,7.204372,314,1839.843750,16.153473,1998.046875,59.795715,hann
6,7.204372,315,1845.703125,27.543083,1998.046875,59.795715,hann
6,7.204372,316,1851.562500,27.790730,1998.046875,59.795715,hann
6,7.204372,317,1857.421875,23.007950,1998.046875,59.795715,hann
6,7.204372,318,1863.281250,14.917827,1998.046875,59.795715,hann
6,7.204372,319,1869.140625,15.535374,1998.046875,59.795715,hann
6,7.204372,320,1875.000000,12.848245,1998.046875,59.795715,hann
6,7.204372,321,1880.859375,14.005937,1998.046875,59.795715,hann
6,7.204372,322,1886.718750,15.204897,1998.046875,59.795715,hann
6,7.204372,323,1892.578125,29.335934,1998.046875,59.795715,hann
6,7.204372,324,1898.437500,32.774174,1998.046875,59.795715,hann
6,7.204372,325,1904.296875,26.557373,1998.046875,59.795715,hann
6,7.204372,326,1910.156250,18.916851,1998.046875,59.795715,hann
6,7.204372,327,1916.015625,6.903178,1998.046875,59.795715,hann
6,7.204372,328,1921.875000,10.842834,1998.046875,59.795715,hann
6,7.204372,329,1927.734375,16.033997,1998.046875,59.795715,hann
6,7.204372,330,1933.593750,26.650770,1998.046875,59.795715,hann
6,7.204372,331,1939.453125,26.493273,1998.046875,59.795715,hann
6,7.204372,332,1945.312500,42.703060,1998.046875,59.795715,hann
6,7.204372,333,1951.171875,42.446651,1998.046875,59.795715,hann
6,7.204372,334,1957.031250,34.962036,1998.046875,59.795715,hann
6,7.204372,335,1962.890625,23.419514,1998.046875,59.795715,hann
6,7.204372,336,1968.750000,19.139637,1998.046875,59.795715,hann
6,7.204372,337,1974.609375,36.654129,1998.046875,59.795715,hann
6,7.204372,338,1980.468750,32.909081,1998.046875,59.795715,hann
6,7.204372,339,1986.328125,43.486485,1998.046875,59.795715,hann
6,7.204372,340,1992.187500,53.985580,1998.046875,59.795715,hann
6,7.204372,341,1998.046875,59.795715,1998.046875,59.795715,hann
6,7.204372,342,2003.906250,55.914532,1998.046875,59.795715,hann
6,7.204372,343,2009.765625,47.481457,1998.046875,59.795715,hann
6,7.204372,344,2015.625000,25.808249,1998.046875,59.795715,hann
6,7.204372,345,2021.484375,32.826443,1998.046875,59.795715,hann
6,7.204372,346,2027.343750,20.208483,1998.046875,59.795715,hann
6,7.204372,347,2033.203125,21.552498,1998.046875,59.795715,hann
6,7.204372,348,2039.062500,29.681736,1998.046875,59.795715,hann
6,7.204372,349,2044.921875,41.442722,1998.046875,59.795715,hann
6,7.204372,350,2050.781250,41.470127,1998.046875,59.795715,hann
6,7.204372,351,2056.640625,35.390450,1998.046875,59.795715,hann
6,7.204372,352,2062.500000,20.597067,1998.046875,59.795715,hann
6,7.204372,353,2068.359375,21.765541,1998.046875,59.795715,hann
6,7.204372,354,2074.218750,-13.621503,1998.046875,59.795715,hann
6,7.204372,355,2080.078125,4.411135,1998.046875,59.795715,hann
6,7.204372,356,2085.937500,7.054281,1998.046875,59.795715,hann
6,7.204372,357,2091.796875,27.467228,1998.046875,59.795715,hann
6,7.204372,358,2097.656250,33.178818,1998.046875,59.795715,hann
6,7.204372,359,2103.515625,30.624706,1998.046875,59.795715,hann
6,7.204372,360,2109.375000,21.717546,1998.046875,59.795715,hann
6,7.204372,361,2115.234375,17.966883,1998.046875,59.795715,hann
6,7.204372,362,2121.093750,13.165779,1998.046875,59.795715,hann
6,7.204372,363,2126.953125,19.989342,1998.046875,59.795715,hann
6,7.204372,364,2132.812500,15.400837,1998.046875,59.795715,hann
6,7.204372,365,2138.671875,16.825169,1998.046875,59.795715,hann
6,7.204372,366,2144.531250,25.159210,1998.046875,59.795715,hann
6,7.204372,367,2150.390625,25.958267,1998.046875,59.795715,hann
6,7.204372,368,2156.250000,21.814459,1998.046875,59.795715,hann
6,7.204372,369,2162.109375,8.974403,1998.046875,59.795715,hann
6,7.204372,370,2167.968750,10.822607,1998.046875,59.795715,hann
6,7.204372,371,2173.828125,13.525619,1998.046875,59.795715,hann
6,7.204372,372,2179.687500,14.992943,1998.046875,59.795715,hann
6,7.204372,373,2185.546875,-1.432734,1998.046875,59.795715,hann
6,7.204372,374,2191.406250,14.305984,1998.046875,59.795715,hann
6,7.204372,375,2197.265625,21.002819,1998.046875,59.795715,hann
6,7.204372,376,2203.125000,19.571831,1998.046875,59.795715,hann
6,7.204372,377,2208.984375,17.207478,1998.046875,59.795715,hann
6,7.204372,378,2214.843750,9.473744,1998.046875,59.795715,hann
6,7.204372,379,2220.703125,16.497261,1998.046875,59.795715,hann
6,7.204372,380,2226.562500,8.821420,1998.046875,59.795715,hann
6,7.204372,381,2232.421875,11.930761,1998.046875,59.795715,hann
6,7.204372,382,2238.281250,5.015842,1998.046875,59.795715,hann
6,7.204372,383,2244.140625,21.971218,1998.046875,59.795715,hann
6,7.204372,384,2250.000000,23.132383,1998.046875,59.795715,hann
6,7.204372,385,2255.859375,11.741680,1998.046875,59.795715,hann
6,7.204372,386,2261.718750,9.738966,1998.046875,59.795715,hann
6,7.204372,387,2267.578125,13.751859,1998.046875,59.795715,hann
6,7.204372,388,2273.437500,13.721084,1998.046875,59.795715,hann
6,7.204372,389,2279.296875,19.238054,1998.046875,59.795715,hann
6,7.204372,390,2285.156250,11.147512,1998.046875,59.795715,hann
6,7.204372,391,2291.015625,17.557777,1998.046875,59.795715,hann
6,7.204372,392,2296.875000,16.950649,1998.046875,59.795715,hann
6,7.204372,393,2302.734375,14.507654,1998.046875,59.795715,hann
6,7.204372,394,2308.593750,15.962900,1998.046875,59.795715,hann
6,7.204372,395,2314.453125,10.052927,1998.046875,59.795715,hann
6,7.204372,396,2320.312500,15.994004,1998.046875,59.795715,hann
6,7.204372,397,2326.171875,17.362062,1998.046875,59.795715,hann
6,7.204372,398,2332.031250,8.733012,1998.046875,59.795715,hann
6,7.204372,399,2337.890625,16.528509,1998.046875,59.795715,hann
6,7.204372,400,2343.750000,23.098812,1998.046875,59.795715,hann
6,7.204372,401,2349.609375,27.809586,1998.046875,59.795715,hann
6,7.204372,402,2355.468750,20.025272,1998.046875,59.795715,hann
6,7.204372,403,2361.328125,9.304601,1998.046875,59.795715,hann
6,7.204372,404,2367.187500,10.828197,1998.046875,59.795715,hann
6,7.204372,405,2373.046875,13.512770,1998.046875,59.795715,hann
6,7.204372,406,2378.906250,17.772591,1998.046875,59.795715,hann
6,7.204372,407,2384.765625,12.296919,1998.046875,59.795715,hann
6,7.204372,408,2390.625000,19.260021,1998.046875,59.795715,hann
6,7.204372,409,2396.484375,6.132667,1998.046875,59.795715,hann
6,7.204372,410,2402.343750,10.395521,1998.046875,59.795715,hann
6,7.204372,411,2408.203125,17.503101,1998.046875,59.795715,hann
6,7.204372,412,2414.062500,15.105822,1998.046875,59.795715,hann
6,7.204372,413,2419.921875,17.257191,1998.046875,59.795715,hann
6,7.204372,414,2425.781250,20.195379,1998.046875,59.795715,hann
6,7.204372,415,2431.640625,13.607596,1998.046875,59.795715,hann
6,7.204372,416,2437.500000,21.382408,1998.046875,59.795715,hann
6,7.204372,417,2443.359375,16.253393,1998.046875,59.795715,hann
6,7.204372,418,2449.218750,23.294804,1998.046875,59.795715,hann
6,7.204372,419,2455.078125,22.321291,1998.046875,59.795715,hann
6,7.204372,420,2460.937500,17.347528,1998.046875,59.795715,hann
6,7.204372,421,2466.796875,10.393128,1998.046875,59.795715,hann
6,7.204372,422,2472.656250,15.686249,1998.046875,59.795715,hann
6,7.204372,423,2478.515625,13.720107,1998.046875,59.795715,hann
6,7.204372,424,2484.375000,14.727034,1998.046875,59.795715,hann
6,7.204372,425,2490.234375,17.303366,1998.046875,59.795715,hann
6,7.204372,426,2496.093750,16.714817,1998.046875,59.795715,hann
6,7.204372,427,2501.953125,22.398108,1998.046875,59.795715,hann
6,7.204372,428,2507.812500,10.791119,1998.046875,59.795715,hann
6,7.204372,429,2513.671875,13.919613,1998.046875,59.795715,hann
6,7.204372,430,2519.531250,17.945604,1998.046875,59.795715,hann
6,7.204372,431,2525.390625,18.500002,1998.046875,59.795715,hann
6,7.204372,432,2531.250000,11.757817,1998.046875,59.795715,hann
6,7.204372,433,2537.109375,14.303415,1998.046875,59.795715,hann
6,7.204372,434,2542.968750,21.715523,1998.046875,59.795715,hann
6,7.204372,435,2548.828125,22.828209,1998.046875,59.795715,hann
6,7.204372,436,2554.687500,17.032530,1998.046875,59.795715,hann
6,7.204372,437,2560.546875,14.984995,1998.046875,59.795715,hann
6,7.204372,438,2566.406250,5.154707,1998.046875,59.795715,hann
6,7.204372,439,2572.265625,10.645494,1998.046875,59.795715,hann
6,7.204372,440,2578.125000,13.477725,1998.046875,59.795715,hann
6,7.204372,441,2583.984375,0.064106,1998.046875,59.795715,hann
6,7.204372,442,2589.843750,14.132811,1998.046875,59.795715,hann
6,7.204372,443,2595.703125,16.892727,1998.046875,59.795715,hann
6,7.204372,444,2601.562500,-8.344237,1998.046875,59.795715,hann
6,7.204372,445,2607.421875,8.828704,1998.046875,59.795715,hann
6,7.204372,446,2613.281250,2.147138,1998.046875,59.795715,hann
6,7.204372,447,2619.140625,-4.773018,1998.046875,59.795715,hann
6,7.204372,448,2625.000000,12.756535,1998.046875,59.795715,hann
6,7.204372,449,2630.859375,7.051195,1998.046875,59.795715,hann
6,7.204372,450,2636.718750,11.655240,1998.046875,59.795715,hann
6,7.204372,451,2642.578125,18.463514,1998.046875,59.795715,hann
6,7.204372,452,2648.437500,21.463602,1998.046875,59.795715,hann
6,7.204372,453,2654.296875,17.050068,1998.046875,59.795715,hann
6,7.204372,454,2660.156250,7.391948,1998.046875,59.795715,hann
6,7.204372,455,2666.015625,-4.869463,1998.046875,59.795715,hann
6,7.204372,456,2671.875000,-3.582315,1998.046875,59.795715,hann
6,7.204372,457,2677.734375,2.650943,1998.046875,59.795715,hann
6,7.204372,458,2683.593750,3.195714,1998.046875,59.795715,hann
6,7.204372,459,2689.453125,9.038630,1998.046875,59.795715,hann
6,7.204372,460,2695.312500,14.867219,1998.046875,59.795715,hann
6,7.204372,461,2701.171875,8.635388,1998.046875,59.795715,hann
6,7.204372,462,2707.031250,10.184684,1998.046875,59.795715,hann
6,7.204372,463,2712.890625,11.438371,1998.046875,59.795715,hann
6,7.204372,464,2718.750000,13.440847,1998.046875,59.795715,hann
6,7.204372,465,2724.609375,2.653964,1998.046875,59.795715,hann
6,7.204372,466,2730.468750,15.131551,1998.046875,59.795715,hann
6,7.204372,467,2736.328125,15.858009,1998.046875,59.795715,hann
6,7.204372,468,2742.187500,17.238647,1998.046875,59.795715,hann
6,7.204372,469,2748.046875,20.493195,1998.046875,59.795715,hann
6,7.204372,470,2753.906250,11.512984,1998.046875,59.795715,hann
6,7.204372,471,2759.765625,12.347116,1998.046875,59.795715,hann
6,7.204372,472,2765.625000,4.220546,1998.046875,59.795715,hann
6,7.204372,473,2771.484375,8.592733,1998.046875,59.795715,hann
6,7.204372,474,2777.343750,-11.245608,1998.046875,59.795715,hann
6,7.204372,475,2783.203125,5.960486,1998.046875,59.795715,hann
6,7.204372,476,2789.062500,12.186097,1998.046875,59.795715,hann
6,7.204372,477,2794.921875,19.245079,1998.046875,59.795715,hann
6,7.204372,478,2800.781250,17.168207,1998.046875,59.795715,hann
6,7.204372,479,2806.640625,13.608177,1998.046875,59.795715,hann
6,7.204372,480,2812.500000,-11.479243,1998.046875,59.795715,hann
6,7.204372,481,2818.359375,5.185874,1998.046875,59.795715,hann
6,7.204372,482,2824.218750,5.194952,1998.046875,59.795715,hann
6,7.204372,483,2830.078125,-15.824059,1998.046875,59.795715,hann
6,7.204372,484,2835.937500,7.800852,1998.046875,59.795715,hann
6,7.204372,485,2841.796875,11.702122,1998.046875,59.795715,hann
6,7.204372,486,2847.656250,4.737470,1998.046875,59.795715,hann
6,7.204372,487,2853.515625,10.680473,1998.046875,59.795715,hann
6,7.204372,488,2859.375000,8.642570,1998.046875,59.795715,hann
6,7.204372,489,2865.234375,4.602647,1998.046875,59.795715,hann
6,7.204372,490,2871.093750,13.503420,1998.046875,59.795715,hann
6,7.204372,491,2876.953125,8.918418,1998.046875,59.795715,hann
6,7.204372,492,2882.812500,-11.807113,1998.046875,59.795715,hann
6,7.204372,493,2888.671875,12.535068,1998.046875,59.795715,hann
6,7.204372,494,2894.531250,18.688377,1998.046875,59.795715,hann
6,7.204372,495,2900.390625,10.991101,1998.046875,59.795715,hann
6,7.204372,496,2906.250000,10.533916,1998.046875,59.795715,hann
6,7.204372,497,2912.109375,11.246489,1998.046875,59.795715,hann
6,7.204372,498,2917.968750,5.669144,1998.046875,59.795715,hann
6,7.204372,499,2923.828125,4.827099,1998.046875,59.795715,hann
6,7.204372,500,2929.687500,2.079101,1998.046875,59.795715,hann
6,7.204372,501,2935.546875,8.292500,1998.046875,59.795715,hann
6,7.204372,502,2941.406250,17.266174,1998.046875,59.795715,hann
6,7.204372,503,2947.265625,18.551434,1998.046875,59.795715,hann
6,7.204372,504,2953.125000,15.313944,1998.046875,59.795715,hann
6,7.204372,505,2958.984375,-4.673497,1998.046875,59.795715,hann
6,7.204372,506,2964.843750,8.240710,1998.046875,59.795715,hann
6,7.204372,507,2970.703125,-14.308213,1998.046875,59.795715,hann
6,7.204372,508,2976.562500,9.352906,1998.046875,59.795715,hann
6,7.204372,509,2982.421875,15.431641,1998.046875,59.795715,hann
6,7.204372,510,2988.281250,11.094172,1998.046875,59.795715,hann
6,7.204372,511,2994.140625,16.854025,1998.046875,59.795715,hann
7,8.226737,0,0.000000,34.733547,52.734375,58.758106,hann
7,8.226737,1,5.859375,35.367138,52.734375,58.758106,hann
7,8.226737,2,11.718750,25.604855,52.734375,58.758106,hann
7,8.226737,3,17.578125,18.458452,52.734375,58.758106,hann
7,8.226737,4,23.437500,20.615860,52.734375,58.758106,hann
7,8.226737,5,29.296875,19.260275,52.734375,58.758106,hann
7,8.226737,6,35.156250,24.474106,52.734375,58.758106,hann
7,8.226737,7,41.015625,44.605080,52.734375,58.758106,hann
7,8.226737,8,46.875000,58.590256,52.734375,58.758106,hann
7,8.226737,9,52.734375,58.758106,52.734375,58.758106,hann
7,8.226737,10,58.593750,45.392418,52.734375,58.758106,hann
7,8.226737,11,64.453125,25.047110,52.734375,58.758106,hann
7,8.226737,12,70.312500,19.254868,52.734375,58.758106,hann
7,8.226737,13,76.171875,12.887506,52.734375,58.758106,hann
7,8.226737,14,82.031250,21.092144,52.734375,58.758106,hann
7,8.226737,15,87.890625,8.532860,52.734375,58.758106,hann
7,8.226737,16,93.750000,45.486969,52.734375,58.758106,hann
7,8.226737,17,99.609375,51.907700,52.734375,58.758106,hann
7,8.226737,18,105.468750,46.363979,52.734375,58.758106,hann
7,8.226737,19,111.328125,17.646929,52.734375,58.758106,hann
7,8.226737,20,117.187500,-7.916386,52.734375,58.758106,hann
7,8.226737,21,123.046875,17.288391,52.734375,58.758106,hann
7,8.226737,22,128.906250,-1.862787,52.734375,58.758106,hann
7,8.226737,23,134.765625,15.348764,52.734375,58.758106,hann
7,8.226737,24,140.625000,29.717045,52.734375,58.758106,hann
7,8.226737,25,146.484375,45.110283,52.734375,58.758106,hann
7,8.226737,26,152.343750,45.619274,52.734375,58.758106,hann
7,8.226737,27,158.203125,33.483013,52.734375,58.758106,hann
7,8.226737,28,164.062500,15.036483,52.734375,58.758106,hann
7,8.226737,29,169.921875,-0.728816,52.734375,58.758106,hann
7,8.226737,30,175.781250,8.422071,52.734375,58.758106,hann
7,8.226737,31,181.640625,6.108354,52.734375,58.758106,hann
7,8.226737,32,187.500000,17.915920,52.734375,58.758106,hann
7,8.226737,33,193.359375,37.228233,52.734375,58.758106,hann
7,8.226737,34,199.218750,44.027924,52.734375,58.758106,hann
7,8.226737,35,205.078125,39.216187,52.734375,58.758106,hann
7,8.226737,36,210.937500,14.588280,52.734375,58.758106,hann
7,8.226737,37,216.796875,5.524336,52.734375,58.758106,hann
7,8.226737,38,222.656250,7.787667,52.734375,58.758106,hann
7,8.226737,39,228.515625,0.220520,52.734375,58.758106,hann
7,8.226737,40,234.375000,13.412185,52.734375,58.758106,hann
7,8.226737,41,240.234375,24.586678,52.734375,58.758106,hann
7,8.226737,42,246.093750,39.532639,52.734375,58.758106,hann
7,8.226737,43,251.953125,40.413517,52.734375,58.758106,hann
7,8.226737,44,257.812500,29.431061,52.734375,58.758106,hann
7,8.226737,45,263.671875,8.490881,52.734375,58.758106,hann
7,8.226737,46,269.531250,11.222116,52.734375,58.758106,hann
7,8.226737,47,275.390625,5.315915,52.734375,58.758106,hann
7,8.226737,48,281.250000,14.082647,52.734375,58.758106,hann
7,8.226737,49,287.109375,11.308731,52.734375,58.758106,hann
7,8.226737,50,292.968750,19.306168,52.734375,58.758106,hann
7,8.226737,51,298.828125,24.311789,52.734375,58.758106,hann
7,8.226737,52,304.687500,19.183786,52.734375,58.758106,hann
7,8.226737,53,310.546875,15.390934,52.734375,58.758106,hann
7,8.226737,54,316.406250,13.539305,52.734375,58.758106,hann
7,8.226737,55,322.265625,16.198776,52.734375,58.758106,hann
7,8.226737,56,328.125000,14.403347,52.734375,58.758106,hann
7,8.226737,57,333.984375,18.903749,52.734375,58.758106,hann
7,8.226737,58,339.843750,26.106419,52.734375,58.758106,hann
7,8.226737,59,345.703125,37.853443,52.734375,58.758106,hann
7,8.226737,60,351.562500,38.275700,52.734375,58.758106,hann
7,8.226737,61,357.421875,27.201180,52.734375,58.758106,hann
7,8.226737,62,363.281250,5.487399,52.734375,58.758106,hann
7,8.226737,63,369.140625,7.698760,52.734375,58.758106,hann
7,8.226737,64,375.000000,-9.143407,52.734375,58.758106,hann
7,8.226737,65,380.859375,14.869621,52.734375,58.758106,hann
7,8.226737,66,386.718750,14.389532,52.734375,58.758106,hann
7,8.226737,67,392.578125,28.283537,52.734375,58.758106,hann
7,8.226737,68,398.437500,34.176029,52.734375,58.758106,hann
7,8.226737,69,404.296875,28.961205,52.734375,58.758106,hann
7,8.226737,70,410.156250,-4.139800,52.734375,58.758106,hann
7,8.226737,71,416.015625,11.536322,52.734375,58.758106,hann
7,8.226737,72,421.875000,9.470522,52.734375,58.758106,hann
7,8.226737,73,427.734375,15.323558,52.734375,58.758106,hann
7,8.226737,74,433.593750,17.752316,52.734375,58.758106,hann
7,8.226737,75,439.453125,13.957321,52.734375,58.758106,hann
7,8.226737,76,445.312500,31.829634,52.734375,58.758106,hann
7,8.226737,77,451.171875,32.400299,52.734375,58.758106,hann
7,8.226737,78,457.031250,21.999023,52.734375,58.758106,hann
7,8.226737,79,462.890625,2.823574,52.734375,58.758106,hann
7,8.226737,80,468.750000,12.695146,52.734375,58.758106,hann
7,8.226737,81,474.609375,14.709869,52.734375,58.758106,hann
7,8.226737,82,480.468750,17.325525,52.734375,58.758106,hann
7,8.226737,83,486.328125,19.544222,52.734375,58.758106,hann
7,8.226737,84,492.187500,16.564728,52.734375,58.758106,hann
7,8.226737,85,498.046875,24.019115,52.734375,58.758106,hann
7,8.226737,86,503.906250,20.206165,52.734375,58.758106,hann
7,8.226737,87,509.765625,13.052005,52.734375,58.758106,hann
7,8.226737,88,515.625000,-7.204463,52.734375,58.758106,hann
7,8.226737,89,521.484375,0.086208,52.734375,58.758106,hann
7,8.226737,90,527.343750,6.248844,52.734375,58.758106,hann
7,8.226737,91,533.203125,12.320040,52.734375,58.758106,hann
7,8.226737,92,539.062500,10.356151,52.734375,58.758106,hann
7,8.226737,93,544.921875,22.349304,52.734375,58.758106,hann
7,8.226737,94,550.781250,23.385624,52.734375,58.758106,hann
7,8.226737,95,556.640625,18.283985,52.734375,58.758106,hann
7,8.226737,96,562.500000,10.207260,52.734375,58.758106,hann
7,8.226737,97,568.359375,5.655853,52.734375,58.758106,hann
7,8.226737,98,574.218750,8.921042,52.734375,58.758106,hann
7,8.226737,99,580.078125,10.408288,52.734375,58.758106,hann
7,8.226737,100,585.937500,7.069250,52.734375,58.758106,hann
7,8.226737,101,591.796875,22.955389,52.734375,58.758106,hann
7,8.226737,102,597.656250,29.269989,52.734375,58.758106,hann
7,8.226737,103,603.515625,25.688799,52.734375,58.758106,hann
7,8.226737,104,609.375000,10.226158,52.734375,58.758106,hann
7,8.226737,105,615.234375,15.612900,52.734375,58.758106,hann
7,8.226737,106,621.093750,16.110626,52.734375,58.758106,hann
7,8.226737,107,626.953125,7.065135,52.734375,58.758106,hann
7,8.226737,108,632.812500,6.170761,52.734375,58.758106,hann
7,8.226737,109,638.671875,11.215832,52.734375,58.758106,hann
7,8.226737,110,644.531250,30.175510,52.734375,58.758106,hann
7,8.226737,111,650.390625,32.523922,52.734375,58.758106,hann
7,8.226737,112,656.250000,24.934368,52.734375,58.758106,hann
7,8.226737,113,662.109375,-0.215499,52.734375,58.758106,hann
7,8.226737,114,667.968750,18.942207,52.734375,58.758106,hann
7,8.226737,115,673.828125,18.712185,52.734375,58.758106,hann
7,8.226737,116,679.687500,13.317038,52.734375,58.758106,hann
7,8.226737,117,685.546875,9.790411,52.734375,58.758106,hann
7,8.226737,118,691.406250,22.285032,52.734375,58.758106,hann
7,8.226737,119,697.265625,29.024982,52.734375,58.758106,hann
7,8.226737,120,703.125000,26.041241,52.734375,58.758106,hann
7,8.226737,121,708.984375,2.459178,52.734375,58.758106,hann
7,8.226737,122,714.843750,12.377563,52.734375,58.758106,hann
7,8.226737,123,720.703125,11.732856,52.734375,58.758106,hann
7,8.226737,124,726.562500,10.750026,52.734375,58.758106,hann
7,8.226737,125,732.421875,-0.674968,52.734375,58.758106,hann
7,8.226737,126,738.281250,14.633879,52.734375,58.758106,hann
7,8.226737,127,744.140625,25.411489,52.734375,58.758106,hann
7,8.226737,128,750.000000,27.178850,52.734375,58.758106,hann
7,8.226737,129,755.859375,15.851662,52.734375,58.758106,hann
7,8.226737,130,761.718750,13.305170,52.734375,58.758106,hann
7,8.226737,131,767.578125,5.814051,52.734375,58.758106,hann
7,8.226737,132,773.437500,8.493074,52.734375,58.758106,hann
7,8.226737,133,779.296875,-7.736504,52.734375,58.758106,hann
7,8.226737,134,785.156250,4.951668,52.734375,58.758106,hann
7,8.226737,135,791.015625,17.675234,52.734375,58.758106,hann
7,8.226737,136,796.875000,26.868326,52.734375,58.758106,hann
7,8.226737,137,802.734375,24.596306,52.734375,58.758106,hann
7,8.226737,138,808.593750,13.329813,52.734375,58.758106,hann
7,8.226737,139,814.453125,8.807549,52.734375,58.758106,hann
7,8.226737,140,820.312500,-4.963837,52.734375,58.758106,hann
7,8.226737,141,826.171875,4.478605,52.734375,58.758106,hann
7,8.226737,142,832.031250,0.330482,52.734375,58.758106,hann
7,8.226737,143,837.890625,8.488731,52.734375,58.758106,hann
7,8.226737,144,843.750000,27.880756,52.734375,58.758106,hann
7,8.226737,145,849.609375,29.833820,52.734375,58.758106,hann
7,8.226737,146,855.468750,19.859900,52.734375,58.758106,hann
7,8.226737,147,861.328125,-3.230952,52.734375,58.758106,hann
7,8.226737,148,867.187500,5.050771,52.734375,58.758106,hann
7,8.226737,149,873.046875,5.086977,52.734375,58.758106,hann
7,8.226737,150,878.906250,-1.206727,52.734375,58.758106,hann
7,8.226737,151,884.765625,2.960794,52.734375,58.758106,hann
7,8.226737,152,890.625000,18.222887,52.734375,58.758106,hann
7,8.226737,153,896.484375,26.757389,52.734375,58.758106,hann
7,8.226737,154,902.343750,24.317320,52.734375,58.758106,hann
7,8.226737,155,908.203125,10.652836,52.734375,58.758106,hann
7,8.226737,156,914.062500,3.356023,52.734375,58.758106,hann
7,8.226737,157,919.921875,4.827163,52.734375,58.758106,hann
7,8.226737,158,925.781250,-0.442075,52.734375,58.758106,hann
7,8.226737,159,931.640625,1.276871,52.734375,58.758106,hann
7,8.226737,160,937.500000,10.891562,52.734375,58.758106,hann
7,8.226737,161,943.359375,26.198547,52.734375,58.758106,hann
7,8.226737,162,949.218750,29.260735,52.734375,58.758106,hann
7,8.226737,163,955.078125,23.166527,52.734375,58.758106,hann
7,8.226737,164,960.937500,10.956783,52.734375,58.758106,hann
7,8.226737,165,966.796875,1.905743,52.734375,58.758106,hann
7,8.226737,166,972.656250,-4.144113,52.734375,58.758106,hann
7,8.226737,167,978.515625,-0.210790,52.734375,58.758106,hann
7,8.226737,168,984.375000,1.633978,52.734375,58.758106,hann
7,8.226737,169,990.234375,4.631660,52.734375,58.758106,hann
7,8.226737,170,996.093750,18.972893,52.734375,58.758106,hann
7,8.226737,171,1001.953125,19.410042,52.734375,58.758106,hann
7,8.226737,172,1007.812500,7.617023,52.734375,58.758106,hann
7,8.226737,173,1013.671875,2.506968,52.734375,58.758106,hann
7,8.226737,174,1019.531250,11.247310,52.734375,58.758106,hann
7,8.226737,175,1025.390625,12.861892,52.734375,58.758106,hann
7,8.226737,176,1031.250000,7.403821,52.734375,58.758106,hann
7,8.226737,177,1037.109375,5.044257,52.734375,58.758106,hann
7,8.226737,178,1042.968750,20.888935,52.734375,58.758106,hann
7,8.226737,179,1048.828125,19.943125,52.734375,58.758106,hann
7,8.226737,180,1054.687500,5.048355,52.734375,58.758106,hann
7,8.226737,181,1060.546875,-4.810519,52.734375,58.758106,hann
7,8.226737,182,1066.406250,-14.308176,52.734375,58.758106,hann
7,8.226737,183,1072.265625,-0.104143,52.734375,58.758106,hann
7,8.226737,184,1078.125000,6.463521,52.734375,58.758106,hann
7,8.226737,185,1083.984375,3.493569,52.734375,58.758106,hann
7,8.226737,186,1089.843750,-0.788278,52.734375,58.758106,hann
7,8.226737,187,1095.703125,-2.108943,52.734375,58.758106,hann
7,8.226737,188,1101.562500,5.276654,52.734375,58.758106,hann
7,8.226737,189,1107.421875,6.455607,52.734375,58.758106,hann
7,8.226737,190,1113.281250,9.412074,52.734375,58.758106,hann
7,8.226737,191,1119.140625,6.313624,52.734375,58.758106,hann
7,8.226737,192,1125.000000,0.672328,52.734375,58.758106,hann
7,8.226737,193,1130.859375,0.434485,52.734375,58.758106,hann
7,8.226737,194,1136.718750,8.979971,52.734375,58.758106,hann
7,8.226737,195,1142.578125,18.810080,52.734375,58.758106,hann
7,8.226737,196,1148.437500,20.352247,52.734375,58.758106,hann
7,8.226737,197,1154.296875,14.483131,52.734375,58.758106,hann
7,8.226737,198,1160.156250,3.877105,52.734375,58.758106,hann
7,8.226737,199,1166.015625,-15.780451,52.734375,58.758106,hann
7,8.226737,200,1171.875000,-4.322826,52.734375,58.758106,hann
7,8.226737,201,1177.734375,1.493403,52.734375,58.758106,hann
7,8.226737,202,1183.593750,1.171931,52.734375,58.758106,hann
7,8.226737,203,1189.453125,9.656054,52.734375,58.758106,hann
7,8.226737,204,1195.312500,17.201437,52.734375,58.758106,hann
7,8.226737,205,1201.171875,15.325437,52.734375,58.758106,hann
7,8.226737,206,1207.031250,11.149933,52.734375,58.758106,hann
7,8.226737,207,1212.890625,9.711905,52.734375,58.758106,hann
7,8.226737,208,1218.750000,3.781624,52.734375,58.758106,hann
7,8.226737,209,1224.609375,0.062793,52.734375,58.758106,hann
7,8.226737,210,1230.468750,-5.567772,52.734375,58.758106,hann
7,8.226737,211,1236.328125,5.035703,52.734375,58.758106,hann
7,8.226737,212,1242.187500,21.268513,52.734375,58.758106,hann
7,8.226737,213,1248.046875,21.065346,52.734375,58.758106,hann
7,8.226737,214,1253.906250,-2.164567,52.734375,58.758106,hann
7,8.226737,215,1259.765625,0.314486,52.734375,58.758106,hann
7,8.226737,216,1265.625000,-1.144605,52.734375,58.758106,hann
7,8.226737,217,1271.484375,7.145019,52.734375,58.758106,hann
7,8.226737,218,1277.343750,5.866217,52.734375,58.758106,hann
7,8.226737,219,1283.203125,6.858235,52.734375,58.758106,hann
7,8.226737,220,1289.062500,9.516689,52.734375,58.758106,hann
7,8.226737,221,1294.921875,10.214744,52.734375,58.758106,hann
7,8.226737,222,1300.781250,7.991810,52.734375,58.758106,hann
7,8.226737,223,1306.640625,0.949335,52.734375,58.758106,hann
7,8.226737,224,1312.500000,6.766999,52.734375,58.758106,hann
7,8.226737,225,1318.359375,5.271203,52.734375,58.758106,hann
7,8.226737,226,1324.218750,7.476701,52.734375,58.758106,hann
7,8.226737,227,1330.078125,-3.711307,52.734375,58.758106,hann
7,8.226737,228,1335.937500,13.355989,52.734375,58.758106,hann
7,8.226737,229,1341.796875,18.019974,52.734375,58.758106,hann
7,8.226737,230,1347.656250,14.489811,52.734375,58.758106,hann
7,8.226737,231,1353.515625,5.741130,52.734375,58.758106,hann
7,8.226737,232,1359.375000,5.562915,52.734375,58.758106,hann
7,8.226737,233,1365.234375,4.727780,52.734375,58.758106,hann
7,8.226737,234,1371.093750,-1.353049,52.734375,58.758106,hann
7,8.226737,235,1376.953125,-1.961170,52.734375,58.758106,hann
7,8.226737,236,1382.812500,2.376150,52.734375,58.758106,hann
7,8.226737,237,1388.671875,-0.619246,52.734375,58.758106,hann
7,8.226737,238,1394.531250,-9.801600,52.734375,58.758106,hann
7,8.226737,239,1400.390625,-2.029217,52.734375,58.758106,hann
7,8.226737,240,1406.250000,-7.884624,52.734375,58.758106,hann
7,8.226737,241,1412.109375,-2.730460,52.734375,58.758106,hann
7,8.226737,242,1417.968750,5.830233,52.734375,58.758106,hann
7,8.226737,243,1423.828125,9.343994,52.734375,58.758106,hann
7,8.226737,244,1429.687500,7.466457,52.734375,58.758106,hann
7,8.226737,245,1435.546875,2.710313,52.734375,58.758106,hann
7,8.226737,246,1441.406250,3.533905,52.734375,58.758106,hann
7,8.226737,247,1447.265625,5.515029,52.734375,58.758106,hann
7,8.226737,248,1453.125000,7.208474,52.734375,58.758106,hann
7,8.226737,249,1458.984375,2.512316,52.734375,58.758106,hann
7,8.226737,250,1464.843750,-9.285756,52.734375,58.758106,hann
7,8.226737,251,1470.703125,-1.419237,52.734375,58.758106,hann
7,8.226737,252,1476.562500,-4.481650,52.734375,58.758106,hann
7,8.226737,253,1482.421875,-5.858413,52.734375,58.758106,hann
7,8.226737,254,1488.281250,-13.758314,52.734375,58.758106,hann
7,8.226737,255,1494.140625,0.153796,52.734375,58.758106,hann
7,8.226737,256,1500.000000,1.104271,52.734375,58.758106,hann
7,8.226737,257,1505.859375,5.007514,52.734375,58.758106,hann
7,8.226737,258,1511.718750,6.875093,52.734375,58.758106,hann
7,8.226737,259,1517.578125,3.923044,52.734375,58.758106,hann
7,8.226737,260,1523.437500,4.371814,52.734375,58.758106,hann
7,8.226737,261,1529.296875,6.788345,52.734375,58.758106,hann
7,8.226737,262,1535.156250,9.068558,52.734375,58.758106,hann
7,8.226737,263,1541.015625,17.250914,52.734375,58.758106,hann
7,8.226737,264,1546.875000,19.171825,52.734375,58.758106,hann
7,8.226737,265,1552.734375,6.348313,52.734375,58.758106,hann
7,8.226737,266,1558.593750,10.824126,52.734375,58.758106,hann
7,8.226737,267,1564.453125,1.979727,52.734375,58.758106,hann
7,8.226737,268,1570.312500,-6.416760,52.734375,58.758106,hann
7,8.226737,269,1576.171875,2.872988,52.734375,58.758106,hann
7,8.226737,270,1582.031250,0.522751,52.734375,58.758106,hann
7,8.226737,271,1587.890625,6.313794,52.734375,58.758106,hann
7,8.226737,272,1593.750000,8.029690,52.734375,58.758106,hann
7,8.226737,273,1599.609375,8.154658,52.734375,58.758106,hann
7,8.226737,274,1605.468750,8.193987,52.734375,58.758106,hann
7,8.226737,275,1611.328125,3.276532,52.734375,58.758106,hann
7,8.226737,276,1617.187500,4.501130,52.734375,58.758106,hann
7,8.226737,277,1623.046875,-0.793749,52.734375,58.758106,hann
7,8.226737,278,1628.906250,1.742278,52.734375,58.758106,hann
7,8.226737,279,1634.765625,0.048928,52.734375,58.758106,hann
7,8.226737,280,1640.625000,7.505060,52.734375,58.758106,hann
7,8.226737,281,1646.484375,14.821362,52.734375,58.758106,hann
7,8.226737,282,1652.343750,10.539850,52.734375,58.758106,hann
7,8.226737,283,1658.203125,4.737487,52.734375,58.758106,hann
7,8.226737,284,1664.062500,8.928939,52.734375,58.758106,hann
7,8.226737,285,1669.921875,6.411306,52.734375,58.758106,hann
7,8.226737,286,1675.781250,5.068111,52.734375,58.758106,hann
7,8.226737,287,1681.640625,7.455642,52.734375,58.758106,hann
7,8.226737,288,1687.500000,4.290982,52.734375,58.758106,hann
7,8.226737,289,1693.359375,20.954512,52.734375,58.758106,hann
7,8.226737,290,1699.218750,22.358448,52.734375,58.758106,hann
7,8.226737,291,1705.078125,14.775010,52.734375,58.758106,hann
7,8.226737,292,1710.937500,3.006082,52.734375,58.758106,hann
7,8.226737,293,1716.796875,-2.815422,52.734375,58.758106,hann
7,8.226737,294,1722.656250,3.933713,52.734375,58.758106,hann
7,8.226737,295,1728.515625,2.084861,52.734375,58.758106,hann
7,8.226737,296,1734.375000,4.895342,52.734375,58.758106,hann
7,8.226737,297,1740.234375,7.987177,52.734375,58.758106,hann
7,8.226737,298,1746.093750,15.596506,52.734375,58.758106,hann
7,8.226737,299,1751.953125,10.809519,52.734375,58.758106,hann
7,8.226737,300,1757.812500,7.917743,52.734375,58.758106,hann
7,8.226737,301,1763.671875,6.495461,52.734375,58.758106,hann
7,8.226737,302,1769.531250,1.646815,52.734375,58.758106,hann
7,8.226737,303,1775.390625,-9.848329,52.734375,58.758106,hann
7,8.226737,304,1781.250000,8.721066,52.734375,58.758106,hann
7,8.226737,305,1787.109375,-0.167885,52.734375,58.758106,hann
7,8.226737,306,1792.968750,20.253990,52.734375,58.758106,hann
7,8.226737,307,1798.828125,23.173666,52.734375,58.758106,hann
7,8.226737,308,1804.687500,8.663919,52.734375,58.758106,hann
7,8.226737,309,1810.546875,7.740549,52.734375,58.758106,hann
7,8.226737,310,1816.406250,-5.818023,52.734375,58.758106,hann
7,8.226737,311,1822.265625,6.660313,52.734375,58.758106,hann
7,8.226737,312,1828.125000,5.337996,52.734375,58.758106,hann
7,8.226737,313,1833.984375,1.356575,52.734375,58.758106,hann
7,8.226737,314,1839.843750,2.269068,52.734375,58.758106,hann
7,8.226737,315,1845.703125,11.529238,52.734375,58.758106,hann
7,8.226737,316,1851.562500,13.573095,52.734375,58.758106,hann
7,8.226737,317,1857.421875,7.611673,52.734375,58.758106,hann
7,8.226737,318,1863.281250,-18.586952,52.734375,58.758106,hann
7,8.226737,319,1869.140625,-0.882645,52.734375,58.758106,hann
7,8.226737,320,1875.000000,-1.814978,52.734375,58.758106,hann
7,8.226737,321,1880.859375,1.512689,52.734375,58.758106,hann
7,8.226737,322,1886.718750,5.645658,52.734375,58.758106,hann
7,8.226737,323,1892.578125,22.358517,52.734375,58.758106,hann
7,8.226737,324,1898.437500,22.935160,52.734375,58.758106,hann
7,8.226737,325,1904.296875,3.847749,52.734375,58.758106,hann
7,8.226737,326,1910.156250,14.345998,52.734375,58.758106,hann
7,8.226737,327,1916.015625,6.841680,52.734375,58.758106,hann
7,8.226737,328,1921.875000,12.666721,52.734375,58.758106,hann
7,8.226737,329,1927.734375,4.071136,52.734375,58.758106,hann
7,8.226737,330,1933.593750,-5.153005,52.734375,58.758106,hann
7,8.226737,331,1939.453125,21.638599,52.734375,58.758106,hann
7,8.226737,332,1945.312500,29.229097,52.734375,58.758106,hann
7,8.226737,333,1951.171875,23.155327,52.734375,58.758106,hann
7,8.226737,334,1957.031250,20.101906,52.734375,58.758106,hann
7,8.226737,335,1962.890625,16.058634,52.734375,58.758106,hann
7,8.226737,336,1968.750000,10.692156,52.734375,58.758106,hann
7,8.226737,337,1974.609375,11.524822,52.734375,58.758106,hann
7,8.226737,338,1980.468750,9.345737,52.734375,58.758106,hann
7,8.226737,339,1986.328125,7.499870,52.734375,58.758106,hann
7,8.226737,340,1992.187500,35.724255,52.734375,58.758106,hann
7,8.226737,341,1998.046875,37.072510,52.734375,58.758106,hann
7,8.226737,342,2003.906250,12.199480,52.734375,58.758106,hann
7,8.226737,343,2009.765625,24.295073,52.734375,58.758106,hann
7,8.226737,344,2015.625000,14.269125,52.734375,58.758106,hann
7,8.226737,345,2021.484375,10.916990,52.734375,58.758106,hann
7,8.226737,346,2027.343750,10.305291,52.734375,58.758106,hann
7,8.226737,347,2033.203125,13.441647,52.734375,58.758106,hann
7,8.226737,348,2039.062500,18.305994,52.734375,58.758106,hann
7,8.226737,349,2044.921875,27.440977,52.734375,58.758106,hann
7,8.226737,350,2050.781250,21.693590,52.734375,58.758106,hann
7,8.226737,351,2056.640625,15.069914,52.734375,58.758106,hann
7,8.226737,352,2062.500000,12.620745,52.734375,58.758106,hann
7,8.226737,353,2068.359375,6.094102,52.734375,58.758106,hann
7,8.226737,354,2074.218750,5.411123,52.734375,58.758106,hann
7,8.226737,355,2080.078125,5.426993,52.734375,58.758106,hann
7,8.226737,356,2085.937500,0.680946,52.734375,58.758106,hann
7,8.226737,357,2091.796875,22.803648,52.734375,58.758106,hann
7,8.226737,358,2097.656250,25.168819,52.734375,58.758106,hann
7,8.226737,359,2103.515625,7.993884,52.734375,58.758106,hann
7,8.226737,360,2109.375000,13.643982,52.734375,58.758106,hann
7,8.226737,361,2115.234375,3.584073,52.734375,58.758106,hann
7,8.226737,362,2121.093750,9.759626,52.734375,58.758106,hann
7,8.226737,363,2126.953125,5.328791,52.734375,58.758106,hann
7,8.226737,364,2132.812500,6.506683,52.734375,58.758106,hann
7,8.226737,365,2138.671875,-1.903811,52.734375,58.758106,hann
7,8.226737,366,2144.531250,13.080389,52.734375,58.758106,hann
7,8.226737,367,2150.390625,10.265056,52.734375,58.758106,hann
7,8.226737,368,2156.250000,-3.641407,52.734375,58.758106,hann
7,8.226737,369,2162.109375,2.680311,52.734375,58.758106,hann
7,8.226737,370,2167.968750,4.469119,52.734375,58.758106,hann
7,8.226737,371,2173.828125,0.746416,52.734375,58.758106,hann
7,8.226737,372,2179.687500,7.876457,52.734375,58.758106,hann
7,8.226737,373,2185.546875,5.955369,52.734375,58.758106,hann
7,8.226737,374,2191.406250,16.371668,52.734375,58.758106,hann
7,8.226737,375,2197.265625,17.720654,52.734375,58.758106,hann
7,8.226737,376,2203.125000,8.137520,52.734375,58.758106,hann
7,8.226737,377,2208.984375,-8.495377,52.734375,58.758106,hann
7,8.226737,378,2214.843750,4.957935,52.734375,58.758106,hann
7,8.226737,379,2220.703125,-0.001635,52.734375,58.758106,hann
7,8.226737,380,2226.562500,-6.890600,52.734375,58.758106,hann
7,8.226737,381,2232.421875,1.507553,52.734375,58.758106,hann
7,8.226737,382,2238.281250,11.890219,52.734375,58.758106,hann
7,8.226737,383,2244.140625,16.851942,52.734375,58.758106,hann
7,8.226737,384,2250.000000,8.590345,52.734375,58.758106,hann
7,8.226737,385,2255.859375,9.229788,52.734375,58.758106,hann
7,8.226737,386,2261.718750,7.974877,52.734375,58.758106,hann
7,8.226737,387,2267.578125,3.651243,52.734375,58.758106,hann
7,8.226737,388,2273.437500,1.968784,52.734375,58.758106,hann
7,8.226737,389,2279.296875,5.841918,52.734375,58.758106,hann
7,8.226737,390,2285.156250,8.242269,52.734375,58.758106,hann
7,8.226737,391,2291.015625,2.258499,52.734375,58.758106,hann
7,8.226737,392,2296.875000,8.316575,52.734375,58.758106,hann
7,8.226737,393,2302.734375,3.249883,52.734375,58.758106,hann
7,8.226737,394,2308.593750,11.114588,52.734375,58.758106,hann
7,8.226737,395,2314.453125,5.595591,52.734375,58.758106,hann
7,8.226737,396,2320.312500,-1.635024,52.734375,58.758106,hann
7,8.226737,397,2326.171875,4.772802,52.734375,58.758106,hann
7,8.226737,398,2332.031250,8.522522,52.734375,58.758106,hann
7,8.226737,399,2337.890625,-5.454946,52.734375,58.758106,hann
7,8.226737,400,2343.750000,17.252474,52.734375,58.758106,hann
7,8.226737,401,2349.609375,16.079586,52.734375,58.758106,hann
7,8.226737,402,2355.468750,9.798952,52.734375,58.758106,hann
7,8.226737,403,2361.328125,9.506367,52.734375,58.758106,hann
7,8.226737,404,2367.187500,6.096692,52.734375,58.758106,hann
7,8.226737,405,2373.046875,6.311347,52.734375,58.758106,hann
7,8.226737,406,2378.906250,2.414892,52.734375,58.758106,hann
7,8.226737,407,2384.765625,-10.339624,52.734375,58.758106,hann
7,8.226737,408,2390.625000,13.757110,52.734375,58.758106,hann
7,8.226737,409,2396.484375,16.569822,52.734375,58.758106,hann
7,8.226737,410,2402.343750,7.496333,52.734375,58.758106,hann
7,8.226737,411,2408.203125,2.385880,52.734375,58.758106,hann
7,8.226737,412,2414.062500,0.931669,52.734375,58.758106,hann
7,8.226737,413,2419.921875,-0.340025,52.734375,58.758106,hann
7,8.226737,414,2425.781250,5.596944,52.734375,58.758106,hann
7,8.226737,415,2431.640625,12.000273,52.734375,58.758106,hann
7,8.226737,416,2437.500000,13.063026,52.734375,58.758106,hann
7,8.226737,417,2443.359375,13.792660,52.734375,58.758106,hann
7,8.226737,418,2449.218750,9.133392,52.734375,58.758106,hann
7,8.226737,419,2455.078125,2.651422,52.734375,58.758106,hann
7,8.226737,420,2460.937500,7.860651,52.734375,58.758106,hann
7,8.226737,421,2466.796875,4.538513,52.734375,58.758106,hann
7,8.226737,422,2472.656250,-5.347945,52.734375,58.758106,hann
7,8.226737,423,2478.515625,-4.481120,52.734375,58.758106,hann
7,8.226737,424,2484.375000,-4.403898,52.734375,58.758106,hann
7,8.226737,425,2490.234375,11.817655,52.734375,58.758106,hann
7,8.226737,426,2496.093750,12.372502,52.734375,58.758106,hann
7,8.226737,427,2501.953125,-2.582683,52.734375,58.758106,hann
7,8.226737,428,2507.812500,3.195564,52.734375,58.758106,hann
7,8.226737,429,2513.671875,-0.407184,52.734375,58.758106,hann
7,8.226737,430,2519.531250,4.035131,52.734375,58.758106,hann
7,8.226737,431,2525.390625,4.662337,52.734375,58.758106,hann
7,8.226737,432,2531.250000,10.049421,52.734375,58.758106,hann
7,8.226737,433,2537.109375,10.918467,52.734375,58.758106,hann
7,8.226737,434,2542.968750,6.059669,52.734375,58.758106,hann
7,8.226737,435,2548.828125,12.027359,52.734375,58.758106,hann
7,8.226737,436,2554.687500,10.649206,52.734375,58.758106,hann
7,8.226737,437,2560.546875,13.532351,52.734375,58.758106,hann
7,8.226737,438,2566.406250,8.699142,52.734375,58.758106,hann
7,8.226737,439,2572.265625,1.385337,52.734375,58.758106,hann
7,8.226737,440,2578.125000,0.746989,52.734375,58.758106,hann
7,8.226737,441,2583.984375,3.588108,52.734375,58.758106,hann
7,8.226737,442,2589.843750,13.130070,52.734375,58.758106,hann
7,8.226737,443,2595.703125,16.158279,52.734375,58.758106,hann
7,8.226737,444,2601.562500,7.446005,52.734375,58.758106,hann
7,8.226737,445,2607.421875,-1.458307,52.734375,58.758106,hann
7,8.226737,446,2613.281250,3.257962,52.734375,58.758106,hann
7,8.226737,447,2619.140625,0.060134,52.734375,58.758106,hann
7,8.226737,448,2625.000000,-3.237282,52.734375,58.758106,hann
7,8.226737,449,2630.859375,-18.441574,52.734375,58.758106,hann
7,8.226737,450,2636.718750,8.619389,52.734375,58.758106,hann
7,8.226737,451,2642.578125,14.990722,52.734375,58.758106,hann
7,8.226737,452,2648.437500,8.133953,52.734375,58.758106,hann
7,8.226737,453,2654.296875,4.501636,52.734375,58.758106,hann
7,8.226737,454,2660.156250,4.844729,52.734375,58.758106,hann
7,8.226737,455,2666.015625,-4.795932,52.734375,58.758106,hann
7,8.226737,456,2671.875000,3.170604,52.734375,58.758106,hann
7,8.226737,457,2677.734375,-3.545185,52.734375,58.758106,hann
7,8.226737,458,2683.593750,-6.161355,52.734375,58.758106,hann
7,8.226737,459,2689.453125,9.929529,52.734375,58.758106,hann
7,8.226737,460,2695.312500,10.977404,52.734375,58.758106,hann
7,8.226737,461,2701.171875,-1.220283,52.734375,58.758106,hann
7,8.226737,462,2707.031250,0.069866,52.734375,58.758106,hann
7,8.226737,463,2712.890625,3.120408,52.734375,58.758106,hann
7,8.226737,464,2718.750000,2.309654,52.734375,58.758106,hann
7,8.226737,465,2724.609375,-3.046403,52.734375,58.758106,hann
7,8.226737,466,2730.468750,-1.958410,52.734375,58.758106,hann
7,8.226737,467,2736.328125,0.353277,52.734375,58.758106,hann
7,8.226737,468,2742.187500,14.381506,52.734375,58.758106,hann
7,8.226737,469,2748.046875,13.097080,52.734375,58.758106,hann
7,8.226737,470,2753.906250,-0.588208,52.734375,58.758106,hann
7,8.226737,471,2759.765625,3.548293,52.734375,58.758106,hann
7,8.226737,472,2765.625000,-0.753229,52.734375,58.758106,hann
7,8.226737,473,2771.484375,-1.562518,52.734375,58.758106,hann
7,8.226737,474,2777.343750,-2.729540,52.734375,58.758106,hann
7,8.226737,475,2783.203125,0.749101,52.734375,58.758106,hann
7,8.226737,476,2789.062500,4.225089,52.734375,58.758106,hann
7,8.226737,477,2794.921875,5.196121,52.734375,58.758106,hann
7,8.226737,478,2800.781250,3.448599,52.734375,58.758106,hann
7,8.226737,479,2806.640625,3.818431,52.734375,58.758106,hann
7,8.226737,480,2812.500000,4.885883,52.734375,58.758106,hann
7,8.226737,481,2818.359375,-2.232085,52.734375,58.758106,hann
7,8.226737,482,2824.218750,-0.824395,52.734375,58.758106,hann
7,8.226737,483,2830.078125,7.489402,52.734375,58.758106,hann
7,8.226737,484,2835.937500,1.830674,52.734375,58.758106,hann
7,8.226737,485,2841.796875,6.205370,52.734375,58.758106,hann
7,8.226737,486,2847.656250,8.568804,52.734375,58.758106,hann
7,8.226737,487,2853.515625,-2.808278,52.734375,58.758106,hann
7,8.226737,488,2859.375000,7.292298,52.734375,58.758106,hann
7,8.226737,489,2865.234375,3.873602,52.734375,58.758106,hann
7,8.226737,490,2871.093750,6.089051,52.734375,58.758106,hann
7,8.226737,491,2876.953125,-1.316453,52.734375,58.758106,hann
7,8.226737,492,2882.812500,4.234636,52.734375,58.758106,hann
7,8.226737,493,2888.671875,5.049899,52.734375,58.758106,hann
7,8.226737,494,2894.531250,0.055105,52.734375,58.758106,hann
7,8.226737,495,2900.390625,3.828292,52.734375,58.758106,hann
7,8.226737,496,2906.250000,-0.146098,52.734375,58.758106,hann
7,8.226737,497,2912.109375,-1.820348,52.734375,58.758106,hann
7,8.226737,498,2917.968750,3.101702,52.734375,58.758106,hann
7,8.226737,499,2923.828125,3.819058,52.734375,58.758106,hann
7,8.226737,500,2929.687500,1.741919,52.734375,58.758106,hann
7,8.226737,501,2935.546875,-0.255899,52.734375,58.758106,hann
7,8.226737,502,2941.406250,9.272207,52.734375,58.758106,hann
7,8.226737,503,2947.265625,7.869862,52.734375,58.758106,hann
7,8.226737,504,2953.125000,-10.674685,52.734375,58.758106,hann
7,8.226737,505,2958.984375,-0.629023,52.734375,58.758106,hann
7,8.226737,506,2964.843750,2.649488,52.734375,58.758106,hann
7,8.226737,507,2970.703125,-2.188809,52.734375,58.758106,hann
7,8.226737,508,2976.562500,2.994129,52.734375,58.758106,hann
7,8.226737,509,2982.421875,0.842651,52.734375,58.758106,hann
7,8.226737,510,2988.281250,9.400579,52.734375,58.758106,hann
7,8.226737,511,2994.140625,8.811611,52.734375,58.758106,hann
8,9.249092,0,0.000000,31.071365,52.734375,60.034489,hann
8,9.249092,1,5.859375,32.738495,52.734375,60.034489,hann
8,9.249092,2,11.718750,23.268015,52.734375,60.034489,hann
8,9.249092,3,17.578125,16.599562,52.734375,60.034489,hann
8,9.249092,4,23.437500,1.701627,52.734375,60.034489,hann
8,9.249092,5,29.296875,23.798679,52.734375,60.034489,hann
8,9.249092,6,35.156250,27.552002,52.734375,60.034489,hann
8,9.249092,7,41.015625,45.742439,52.734375,60.034489,hann
8,9.249092,8,46.875000,59.844341,52.734375,60.034489,hann
8,9.249092,9,52.734375,60.034489,52.734375,60.034489,hann
8,9.249092,10,58.593750,46.434513,52.734375,60.034489,hann
8,9.249092,11,64.453125,30.260115,52.734375,60.034489,hann
8,9.249092,12,70.312500,16.581253,52.734375,60.034489,hann
8,9.249092,13,76.171875,18.848970,52.734375,60.034489,hann
8,9.249092,14,82.031250,-8.268282,52.734375,60.034489,hann
8,9.249092,15,87.890625,12.988624,52.734375,60.034489,hann
8,9.249092,16,93.750000,45.487598,52.734375,60.034489,hann
8,9.249092,17,99.609375,52.145973,52.734375,60.034489,hann
8,9.249092,18,105.468750,46.778435,52.734375,60.034489,hann
8,9.249092,19,111.328125,20.297890,52.734375,60.034489,hann
8,9.249092,20,117.187500,7.056387,52.734375,60.034489,hann
8,9.249092,21,123.046875,2.862867,52.734375,60.034489,hann
8,9.249092,22,128.906250,17.125246,52.734375,60.034489,hann
8,9.249092,23,134.765625,20.015198,52.734375,60.034489,hann
8,9.249092,24,140.625000,27.778198,52.734375,60.034489,hann
8,9.249092,25,146.484375,43.129959,52.734375,60.034489,hann
8,9.249092,26,152.343750,43.611069,52.734375,60.034489,hann
8,9.249092,27,158.203125,30.254078,52.734375,60.034489,hann
8,9.249092,28,164.062500,17.272179,52.734375,60.034489,hann
8,9.249092,29,169.921875,8.499911,52.734375,60.034489,hann
8,9.249092,30,175.781250,-1.607383,52.734375,60.034489,hann
8,9.249092,31,181.640625,5.195384,52.734375,60.034489,hann
8,9.249092,32,187.500000,14.414392,52.734375,60.034489,hann
8,9.249092,33,193.359375,34.078419,52.734375,60.034489,hann
8,9.249092,34,199.218750,40.321407,52.734375,60.034489,hann
8,9.249092,35,205.078125,34.361580,52.734375,60.034489,hann
8,9.249092,36,210.937500,12.630966,52.734375,60.034489,hann
8,9.249092,37,216.796875,10.602683,52.734375,60.034489,hann
8,9.249092,38,222.656250,8.670491,52.734375,60.034489,hann
8,9.249092,39,228.515625,7.282869,52.734375,60.034489,hann
8,9.249092,40,234.375000,8.386580,52.734375,60.034489,hann
8,9.249092,41,240.234375,23.298910,52.734375,60.034489,hann
8,9.249092,42,246.093750,34.521946,52.734375,60.034489,hann
8,9.249092,43,251.953125,34.648228,52.734375,60.034489,hann
8,9.249092,44,257.812500,23.015717,52.734375,60.034489,hann
8,9.249092,45,263.671875,12.519723,52.734375,60.034489,hann
8,9.249092,46,269.531250,14.233642,52.734375,60.034489,hann
8,9.249092,47,275.390625,8.200980,52.734375,60.034489,hann
8,9.249092,48,281.250000,9.923733,52.734375,60.034489,hann
8,9.249092,49,287.109375,6.007679,52.734375,60.034489,hann
8,9.249092,50,292.968750,27.524036,52.734375,60.034489,hann
8,9.249092,51,298.828125,34.434532,52.734375,60.034489,hann
8,9.249092,52,304.687500,28.647783,52.734375,60.034489,hann
8,9.249092,53,310.546875,12.241838,52.734375,60.034489,hann
8,9.249092,54,316.406250,12.611503,52.734375,60.034489,hann
8,9.249092,55,322.265625,4.621241,52.734375,60.034489,hann
8,9.249092,56,328.125000,7.855785,52.734375,60.034489,hann
8,9.249092,57,333.984375,7.516145,52.734375,60.034489,hann
8,9.249092,58,339.843750,25.080311,52.734375,60.034489,hann
8,9.249092,59,345.703125,38.852310,52.734375,60.034489,hann
8,9.249092,60,351.562500,39.544800,52.734375,60.034489,hann
8,9.249092,61,357.421875,26.859491,52.734375,60.034489,hann
8,9.249092,62,363.281250,11.326085,52.734375,60.034489,hann
8,9.249092,63,369.140625,11.715073,52.734375,60.034489,hann
8,9.249092,64,375.000000,12.185737,52.734375,60.034489,hann
8,9.249092,65,380.859375,11.474990,52.734375,60.034489,hann
8,9.249092,66,386.718750,11.925721,52.734375,60.034489,hann
8,9.249092,67,392.578125,26.923132,52.734375,60.034489,hann
8,9.249092,68,398.437500,33.174953,52.734375,60.034489,hann
8,9.249092,69,404.296875,28.000702,52.734375,60.034489,hann
8,9.249092,70,410.156250,5.543921,52.734375,60.034489,hann
8,9.249092,71,416.015625,5.181324,52.734375,60.034489,hann
8,9.249092,72,421.875000,15.300727,52.734375,60.034489,hann
8,9.249092,73,427.734375,12.244339,52.734375,60.034489,hann
8,9.249092,74,433.593750,6.479589,52.734375,60.034489,hann
8,9.249092,75,439.453125,19.190195,52.734375,60.034489,hann
8,9.249092,76,445.312500,33.970303,52.734375,60.034489,hann
8,9.249092,77,451.171875,35.625439,52.734375,60.034489,hann
8,9.249092,78,457.031250,25.709442,52.734375,60.034489,hann
8,9.249092,79,462.890625,-1.548721,52.734375,60.034489,hann
8,9.249092,80,468.750000,1.331353,52.734375,60.034489,hann
8,9.249092,81,474.609375,12.098272,52.734375,60.034489,hann
8,9.249092,82,480.468750,13.203758,52.734375,60.034489,hann
8,9.249092,83,486.328125,13.354121,52.734375,60.034489,hann
8,9.249092,84,492.187500,28.140495,52.734375,60.034489,hann
8,9.249092,85,498.046875,35.016674,52.734375,60.034489,hann
8,9.249092,86,503.906250,30.452631,52.734375,60.034489,hann
8,9.249092,87,509.765625,12.143204,52.734375,60.034489,hann
8,9.249092,88,515.625000,1.221959,52.734375,60.034489,hann
8,9.249092,89,521.484375,5.086910,52.734375,60.034489,hann
8,9.249092,90,527.343750,3.315354,52.734375,60.034489,hann
8,9.249092,91,533.203125,0.932141,52.734375,60.034489,hann
8,9.249092,92,539.062500,16.455233,52.734375,60.034489,hann
8,9.249092,93,544.921875,32.182243,52.734375,60.034489,hann
8,9.249092,94,550.781250,33.764576,52.734375,60.034489,hann
8,9.249092,95,556.640625,21.652882,52.734375,60.034489,hann
8,9.249092,96,562.500000,11.036625,52.734375,60.034489,hann
8,9.249092,97,568.359375,5.182304,52.734375,60.034489,hann
8,9.249092,98,574.218750,8.132049,52.734375,60.034489,hann
8,9.249092,99,580.078125,8.041891,52.734375,60.034489,hann
8,9.249092,100,585.937500,5.701941,52.734375,60.034489,hann
8,9.249092,101,591.796875,25.345226,52.734375,60.034489,hann
8,9.249092,102,597.656250,33.052677,52.734375,60.034489,hann
8,9.249092,103,603.515625,29.371914,52.734375,60.034489,hann
8,9.249092,104,609.375000,8.561048,52.734375,60.034489,hann
8,9.249092,105,615.234375,-6.717780,52.734375,60.034489,hann
8,9.249092,106,621.093750,5.087920,52.734375,60.034489,hann
8,9.249092,107,626.953125,3.227381,52.734375,60.034489,hann
8,9.249092,108,632.812500,6.212592,52.734375,60.034489,hann
8,9.249092,109,638.671875,-0.307903,52.734375,60.034489,hann
8,9.249092,110,644.531250,11.970556,52.734375,60.034489,hann
8,9.249092,111,650.390625,19.097347,52.734375,60.034489,hann
8,9.249092,112,656.250000,12.422268,52.734375,60.034489,hann
8,9.249092,113,662.109375,-3.540588,52.734375,60.034489,hann
8,9.249092,114,667.968750,10.473304,52.734375,60.034489,hann
8,9.249092,115,673.828125,7.233132,52.734375,60.034489,hann
8,9.249092,116,679.687500,1.716483,52.734375,60.034489,hann
8,9.249092,117,685.546875,6.981183,52.734375,60.034489,hann
8,9.249092,118,691.406250,25.047356,52.734375,60.034489,hann
8,9.249092,119,697.265625,32.603821,52.734375,60.034489,hann
8,9.249092,120,703.125000,28.980503,52.734375,60.034489,hann
8,9.249092,121,708.984375,13.819656,52.734375,60.034489,hann
8,9.249092,122,714.843750,3.459221,52.734375,60.034489,hann
8,9.249092,123,720.703125,13.042869,52.734375,60.034489,hann
8,9.249092,124,726.562500,9.678293,52.734375,60.034489,hann
8,9.249092,125,732.421875,9.189943,52.734375,60.034489,hann
8,9.249092,126,738.281250,8.541924,52.734375,60.034489,hann
8,9.249092,127,744.140625,23.071507,52.734375,60.034489,hann
8,9.249092,128,750.000000,24.574097,52.734375,60.034489,hann
8,9.249092,129,755.859375,14.440870,52.734375,60.034489,hann
8,9.249092,130,761.718750,8.148490,52.734375,60.034489,hann
8,9.249092,131,767.578125,10.235016,52.734375,60.034489,hann
8,9.249092,132,773.437500,3.678744,52.734375,60.034489,hann
8,9.249092,133,779.296875,-0.786456,52.734375,60.034489,hann
8,9.249092,134,785.156250,5.191073,52.734375,60.034489,hann
8,9.249092,135,791.015625,22.024725,52.734375,60.034489,hann
8,9.249092,136,796.875000,32.498013,52.734375,60.034489,hann
8,9.249092,137,802.734375,30.235706,52.734375,60.034489,hann
8,9.249092,138,808.593750,11.278379,52.734375,60.034489,hann
8,9.249092,139,814.453125,-20.976971,52.734375,60.034489,hann
8,9.249092,140,820.312500,0.877956,52.734375,60.034489,hann
8,9.249092,141,826.171875,4.409698,52.734375,60.034489,hann
8,9.249092,142,832.031250,12.293383,52.734375,60.034489,hann
8,9.249092,143,837.890625,15.861897,52.734375,60.034489,hann
8,9.249092,144,843.750000,6.289375,52.734375,60.034489,hann
8,9.249092,145,849.609375,14.855075,52.734375,60.034489,hann
8,9.249092,146,855.468750,5.603046,52.734375,60.034489,hann
8,9.249092,147,861.328125,2.677235,52.734375,60.034489,hann
8,9.249092,148,867.187500,1.659965,52.734375,60.034489,hann
8,9.249092,149,873.046875,7.929285,52.734375,60.034489,hann
8,9.249092,150,878.906250,8.825612,52.734375,60.034489,hann
8,9.249092,151,884.765625,8.162554,52.734375,60.034489,hann
8,9.249092,152,890.625000,26.178637,52.734375,60.034489,hann
8,9.249092,153,896.484375,36.143478,52.734375,60.034489,hann
8,9.249092,154,902.343750,34.445831,52.734375,60.034489,hann
8,9.249092,155,908.203125,23.331947,52.734375,60.034489,hann
8,9.249092,156,914.062500,17.560366,52.734375,60.034489,hann
8,9.249092,157,919.921875,6.954522,52.734375,60.034489,hann
8,9.249092,158,925.781250,-1.113264,52.734375,60.034489,hann
8,9.249092,159,931.640625,15.559306,52.734375,60.034489,hann
8,9.249092,160,937.500000,15.058865,52.734375,60.034489,hann
8,9.249092,161,943.359375,41.416275,52.734375,60.034489,hann
8,9.249092,162,949.218750,46.546455,52.734375,60.034489,hann
8,9.249092,163,955.078125,39.929146,52.734375,60.034489,hann
8,9.249092,164,960.937500,21.519518,52.734375,60.034489,hann
8,9.249092,165,966.796875,5.546903,52.734375,60.034489,hann
8,9.249092,166,972.656250,11.725948,52.734375,60.034489,hann
8,9.249092,167,978.515625,-1.718988,52.734375,60.034489,hann
8,9.249092,168,984.375000,31.728289,52.734375,60.034489,hann
8,9.249092,169,990.234375,45.461292,52.734375,60.034489,hann
8,9.249092,170,996.093750,57.866287,52.734375,60.034489,hann
8,9.249092,171,1001.953125,56.504875,52.734375,60.034489,hann
8,9.249092,172,1007.812500,38.946960,52.734375,60.034489,hann
8,9.249092,173,1013.671875,28.810364,52.734375,60.034489,hann
8,9.249092,174,1019.531250,26.874664,52.734375,60.034489,hann
8,9.249092,175,1025.390625,-1.413917,52.734375,60.034489,hann
8,9.249092,176,1031.250000,11.661356,52.734375,60.034489,hann
8,9.249092,177,1037.109375,14.593143,52.734375,60.034489,hann
8,9.249092,178,1042.968750,40.495682,52.734375,60.034489,hann
8,9.249092,179,1048.828125,45.318878,52.734375,60.034489,hann
8,9.249092,180,1054.687500,38.928265,52.734375,60.034489,hann
8,9.249092,181,1060.546875,24.505644,52.734375,60.034489,hann
8,9.249092,182,1066.406250,16.951601,52.734375,60.034489,hann
8,9.249092,183,1072.265625,8.848010,52.734375,60.034489,hann
8,9.249092,184,1078.125000,2.718562,52.734375,60.034489,hann
8,9.249092,185,1083.984375,10.924656,52.734375,60.034489,hann
8,9.249092,186,1089.843750,23.657139,52.734375,60.034489,hann
8,9.249092,187,1095.703125,37.080734,52.734375,60.034489,hann
8,9.249092,188,1101.562500,36.325672,52.734375,60.034489,hann
8,9.249092,189,1107.421875,21.312153,52.734375,60.034489,hann
8,9.249092,190,1113.281250,16.691093,52.734375,60.034489,hann
8,9.249092,191,1119.140625,8.663281,52.734375,60.034489,hann
8,9.249092,192,1125.000000,12.018091,52.734375,60.034489,hann
8,9.249092,193,1130.859375,2.111651,52.734375,60.034489,hann
8,9.249092,194,1136.718750,7.803795,52.734375,60.034489,hann
8,9.249092,195,1142.578125,22.941795,52.734375,60.034489,hann
8,9.249092,196,1148.437500,26.185167,52.734375,60.034489,hann
8,9.249092,197,1154.296875,21.923882,52.734375,60.034489,hann
8,9.249092,198,1160.156250,15.841104,52.734375,60.034489,hann
8,9.249092,199,1166.015625,-5.048889,52.734375,60.034489,hann
8,9.249092,200,1171.875000,4.804252,52.734375,60.034489,hann
8,9.249092,201,1177.734375,5.367765,52.734375,60.034489,hann
8,9.249092,202,1183.593750,12.292708,52.734375,60.034489,hann
8,9.249092,203,1189.453125,15.886301,52.734375,60.034489,hann
8,9.249092,204,1195.312500,30.484468,52.734375,60.034489,hann
8,9.249092,205,1201.171875,29.645287,52.734375,60.034489,hann
8,9.249092,206,1207.031250,9.501712,52.734375,60.034489,hann
8,9.249092,207,1212.890625,8.147365,52.734375,60.034489,hann
8,9.249092,208,1218.750000,7.156561,52.734375,60.034489,hann
8,9.249092,209,1224.609375,2.322956,52.734375,60.034489,hann
8,9.249092,210,1230.468750,1.529593,52.734375,60.034489,hann
8,9.249092,211,1236.328125,6.273961,52.734375,60.034489,hann
8,9.249092,212,1242.187500,20.818146,52.734375,60.034489,hann
8,9.249092,213,1248.046875,28.956623,52.734375,60.034489,hann
8,9.249092,214,1253.906250,24.826694,52.734375,60.034489,hann
8,9.249092,215,1259.765625,9.069261,52.734375,60.034489,hann
8,9.249092,216,1265.625000,10.016279,52.734375,60.034489,hann
8,9.249092,217,1271.484375,13.869738,52.734375,60.034489,hann
8,9.249092,218,1277.343750,11.347642,52.734375,60.034489,hann
8,9.249092,219,1283.203125,8.308565,52.734375,60.034489,hann
8,9.249092,220,1289.062500,10.430231,52.734375,60.034489,hann
8,9.249092,221,1294.921875,23.568087,52.734375,60.034489,hann
8,9.249092,222,1300.781250,23.927994,52.734375,60.034489,hann
8,9.249092,223,1306.640625,6.908533,52.734375,60.034489,hann
8,9.249092,224,1312.500000,2.115386,52.734375,60.034489,hann
8,9.249092,225,1318.359375,3.110247,52.734375,60.034489,hann
8,9.249092,226,1324.218750,10.532142,52.734375,60.034489,hann
8,9.249092,227,1330.078125,8.187140,52.734375,60.034489,hann
8,9.249092,228,1335.937500,6.330289,52.734375,60.034489,hann
8,9.249092,229,1341.796875,25.190104,52.734375,60.034489,hann
8,9.249092,230,1347.656250,30.719320,52.734375,60.034489,hann
8,9.249092,231,1353.515625,24.404974,52.734375,60.034489,hann
8,9.249092,232,1359.375000,5.147452,52.734375,60.034489,hann
8,9.249092,233,1365.234375,6.965896,52.734375,60.034489,hann
8,9.249092,234,1371.093750,6.079884,52.734375,60.034489,hann
8,9.249092,235,1376.953125,-3.904684,52.734375,60.034489,hann
8,9.249092,236,1382.812500,3.757967,52.734375,60.034489,hann
8,9.249092,237,1388.671875,11.508227,52.734375,60.034489,hann
8,9.249092,238,1394.531250,25.665230,52.734375,60.034489,hann
8,9.249092,239,1400.390625,26.472752,52.734375,60.034489,hann
8,9.249092,240,1406.250000,12.755875,52.734375,60.034489,hann
8,9.249092,241,1412.109375,4.438966,52.734375,60.034489,hann
8,9.249092,242,1417.968750,-2.457124,52.734375,60.034489,hann
8,9.249092,243,1423.828125,8.657183,52.734375,60.034489,hann
8,9.249092,244,1429.687500,9.752007,52.734375,60.034489,hann
8,9.249092,245,1435.546875,-0.180938,52.734375,60.034489,hann
8,9.249092,246,1441.406250,10.044948,52.734375,60.034489,hann
8,9.249092,247,1447.265625,21.716043,52.734375,60.034489,hann
8,9.249092,248,1453.125000,15.861656,52.734375,60.034489,hann
8,9.249092,249,1458.984375,13.857306,52.734375,60.034489,hann
8,9.249092,250,1464.843750,5.082073,52.734375,60.034489,hann
8,9.249092,251,1470.703125,9.252554,52.734375,60.034489,hann
8,9.249092,252,1476.562500,5.226626,52.734375,60.034489,hann
8,9.249092,253,1482.421875,-1.526354,52.734375,60.034489,hann
8,9.249092,254,1488.281250,4.847367,52.734375,60.034489,hann
8,9.249092,255,1494.140625,21.211094,52.734375,60.034489,hann
8,9.249092,256,1500.000000,23.209801,52.734375,60.034489,hann
8,9.249092,257,1505.859375,10.915514,52.734375,60.034489,hann
8,9.249092,258,1511.718750,6.339612,52.734375,60.034489,hann
8,9.249092,259,1517.578125,5.828733,52.734375,60.034489,hann
8,9.249092,260,1523.437500,9.749011,52.734375,60.034489,hann
8,9.249092,261,1529.296875,10.015731,52.734375,60.034489,hann
8,9.249092,262,1535.156250,11.180285,52.734375,60.034489,hann
8,9.249092,263,1541.015625,25.080891,52.734375,60.034489,hann
8,9.249092,264,1546.875000,29.975138,52.734375,60.034489,hann
8,9.249092,265,1552.734375,22.062120,52.734375,60.034489,hann
8,9.249092,266,1558.593750,13.178511,52.734375,60.034489,hann
8,9.249092,267,1564.453125,-1.766840,52.734375,60.034489,hann
8,9.249092,268,1570.312500,11.986591,52.734375,60.034489,hann
8,9.249092,269,1576.171875,9.913157,52.734375,60.034489,hann
8,9.249092,270,1582.031250,2.329031,52.734375,60.034489,hann
8,9.249092,271,1587.890625,14.089560,52.734375,60.034489,hann
8,9.249092,272,1593.750000,22.158680,52.734375,60.034489,hann
8,9.249092,273,1599.609375,21.841681,52.734375,60.034489,hann
8,9.249092,274,1605.468750,8.125895,52.734375,60.034489,hann
8,9.249092,275,1611.328125,12.806318,52.734375,60.034489,hann
8,9.249092,276,1617.187500,7.881961,52.734375,60.034489,hann
8,9.249092,277,1623.046875,7.141130,52.734375,60.034489,hann
8,9.249092,278,1628.906250,6.548266,52.734375,60.034489,hann
8,9.249092,279,1634.765625,10.767521,52.734375,60.034489,hann
8,9.249092,280,1640.625000,15.112920,52.734375,60.034489,hann
8,9.249092,281,1646.484375,25.360250,52.734375,60.034489,hann
8,9.249092,282,1652.343750,19.867073,52.734375,60.034489,hann
8,9.249092,283,1658.203125,14.830879,52.734375,60.034489,hann
8,9.249092,284,1664.062500,5.991082,52.734375,60.034489,hann
8,9.249092,285,1669.921875,6.948174,52.734375,60.034489,hann
8,9.249092,286,1675.781250,8.893406,52.734375,60.034489,hann
8,9.249092,287,1681.640625,3.965099,52.734375,60.034489,hann
8,9.249092,288,1687.500000,13.962422,52.734375,60.034489,hann
8,9.249092,289,1693.359375,24.491751,52.734375,60.034489,hann
8,9.249092,290,1699.218750,24.050793,52.734375,60.034489,hann
8,9.249092,291,1705.078125,5.755026,52.734375,60.034489,hann
8,9.249092,292,1710.937500,12.528055,52.734375,60.034489,hann
8,9.249092,293,1716.796875,3.920622,52.734375,60.034489,hann
8,9.249092,294,1722.656250,5.640602,52.734375,60.034489,hann
8,9.249092,295,1728.515625,4.551812,52.734375,60.034489,hann
8,9.249092,296,1734.375000,7.697268,52.734375,60.034489,hann
8,9.249092,297,1740.234375,17.714403,52.734375,60.034489,hann
8,9.249092,298,1746.093750,25.918531,52.734375,60.034489,hann
8,9.249092,299,1751.953125,17.012213,52.734375,60.034489,hann
8,9.249092,300,1757.812500,17.955053,52.734375,60.034489,hann
8,9.249092,301,1763.671875,4.768934,52.734375,60.034489,hann
8,9.249092,302,1769.531250,9.481220,52.734375,60.034489,hann
8,9.249092,303,1775.390625,9.217823,52.734375,60.034489,hann
8,9.249092,304,1781.250000,12.087957,52.734375,60.034489,hann
8,9.249092,305,1787.109375,13.882361,52.734375,60.034489,hann
8,9.249092,306,1792.968750,23.279724,52.734375,60.034489,hann
8,9.249092,307,1798.828125,26.466494,52.734375,60.034489,hann
8,9.249092,308,1804.687500,18.031887,52.734375,60.034489,hann
8,9.249092,309,1810.546875,-1.572134,52.734375,60.034489,hann
8,9.249092,310,1816.406250,6.331453,52.734375,60.034489,hann
8,9.249092,311,1822.265625,4.569463,52.734375,60.034489,hann
8,9.249092,312,1828.125000,6.970686,52.734375,60.034489,hann
8,9.249092,313,1833.984375,0.165152,52.734375,60.034489,hann
8,9.249092,314,1839.843750,11.104765,52.734375,60.034489,hann
8,9.249092,315,1845.703125,16.602146,52.734375,60.034489,hann
8,9.249092,316,1851.562500,8.954000,52.734375,60.034489,hann
8,9.249092,317,1857.421875,13.481865,52.734375,60.034489,hann
8,9.249092,318,1863.281250,2.162320,52.734375,60.034489,hann
8,9.249092,319,1869.140625,5.316729,52.734375,60.034489,hann
8,9.249092,320,1875.000000,-1.182748,52.734375,60.034489,hann
8,9.249092,321,1880.859375,11.902311,52.734375,60.034489,hann
8,9.249092,322,1886.718750,16.716055,52.734375,60.034489,hann
8,9.249092,323,1892.578125,16.109499,52.734375,60.034489,hann
8,9.249092,324,1898.437500,16.657663,52.734375,60.034489,hann
8,9.249092,325,1904.296875,16.372164,52.734375,60.034489,hann
8,9.249092,326,1910.156250,17.677338,52.734375,60.034489,hann
8,9.249092,327,1916.015625,5.101863,52.734375,60.034489,hann
8,9.249092,328,1921.875000,8.690537,52.734375,60.034489,hann
8,9.249092,329,1927.734375,8.604774,52.734375,60.034489,hann
8,9.249092,330,1933.593750,11.791122,52.734375,60.034489,hann
8,9.249092,331,1939.453125,27.275742,52.734375,60.034489,hann
8,9.249092,332,1945.312500,37.216297,52.734375,60.034489,hann
8,9.249092,333,1951.171875,36.213646,52.734375,60.034489,hann
8,9.249092,334,1957.031250,29.247971,52.734375,60.034489,hann
8,9.249092,335,1962.890625,23.249819,52.734375,60.034489,hann
8,9.249092,336,1968.750000,19.664324,52.734375,60.034489,hann
8,9.249092,337,1974.609375,19.971622,52.734375,60.034489,hann
8,9.249092,338,1980.468750,6.393869,52.734375,60.034489,hann
8,9.249092,339,1986.328125,25.043354,52.734375,60.034489,hann
8,9.249092,340,1992.187500,41.670670,52.734375,60.034489,hann
8,9.249092,341,1998.046875,44.711895,52.734375,60.034489,hann
8,9.249092,342,2003.906250,39.367580,52.734375,60.034489,hann
8,9.249092,343,2009.765625,37.264687,52.734375,60.034489,hann
8,9.249092,344,2015.625000,24.266722,52.734375,60.034489,hann
8,9.249092,345,2021.484375,10.924331,52.734375,60.034489,hann
8,9.249092,346,2027.343750,20.129930,52.734375,60.034489,hann
8,9.249092,347,2033.203125,16.354713,52.734375,60.034489,hann
8,9.249092,348,2039.062500,27.072758,52.734375,60.034489,hann
8,9.249092,349,2044.921875,35.953117,52.734375,60.034489,hann
8,9.249092,350,2050.781250,35.909229,52.734375,60.034489,hann
8,9.249092,351,2056.640625,30.821213,52.734375,60.034489,hann
8,9.249092,352,2062.500000,20.252617,52.734375,60.034489,hann
8,9.249092,353,2068.359375,3.771434,52.734375,60.034489,hann
8,9.249092,354,2074.218750,0.444814,52.734375,60.034489,hann
8,9.249092,355,2080.078125,7.445693,52.734375,60.034489,hann
8,9.249092,356,2085.937500,8.648914,52.734375,60.034489,hann
8,9.249092,357,2091.796875,22.652037,52.734375,60.034489,hann
8,9.249092,358,2097.656250,27.686642,52.734375,60.034489,hann
8,9.249092,359,2103.515625,23.355684,52.734375,60.034489,hann
8,9.249092,360,2109.375000,15.197371,52.734375,60.034489,hann
8,9.249092,361,2115.234375,9.807108,52.734375,60.034489,hann
8,9.249092,362,2121.093750,9.113314,52.734375,60.034489,hann
8,9.249092,363,2126.953125,9.712118,52.734375,60.034489,hann
8,9.249092,364,2132.812500,10.755468,52.734375,60.034489,hann
8,9.249092,365,2138.671875,11.500656,52.734375,60.034489,hann
8,9.249092,366,2144.531250,26.246872,52.734375,60.034489,hann
8,9.249092,367,2150.390625,24.124678,52.734375,60.034489,hann
8,9.249092,368,2156.250000,12.036599,52.734375,60.034489,hann
8,9.249092,369,2162.109375,9.441769,52.734375,60.034489,hann
8,9.249092,370,2167.968750,7.040346,52.734375,60.034489,hann
8,9.249092,371,2173.828125,7.422755,52.734375,60.034489,hann
8,9.249092,372,2179.687500,3.787414,52.734375,60.034489,hann
8,9.249092,373,2185.546875,-0.391192,52.734375,60.034489,hann
8,9.249092,374,2191.406250,9.058575,52.734375,60.034489,hann
8,9.249092,375,2197.265625,14.180888,52.734375,60.034489,hann
8,9.249092,376,2203.125000,20.227272,52.734375,60.034489,hann
8,9.249092,377,2208.984375,18.217865,52.734375,60.034489,hann
8,9.249092,378,2214.843750,5.215046,52.734375,60.034489,hann
8,9.249092,379,2220.703125,9.358137,52.734375,60.034489,hann
8,9.249092,380,2226.562500,5.056866,52.734375,60.034489,hann
8,9.249092,381,2232.421875,8.585093,52.734375,60.034489,hann
8,9.249092,382,2238.281250,8.533164,52.734375,60.034489,hann
8,9.249092,383,2244.140625,22.877682,52.734375,60.034489,hann
8,9.249092,384,2250.000000,17.700939,52.734375,60.034489,hann
8,9.249092,385,2255.859375,18.595425,52.734375,60.034489,hann
8,9.249092,386,2261.718750,12.715516,52.734375,60.034489,hann
8,9.249092,387,2267.578125,5.480403,52.734375,60.034489,hann
8,9.249092,388,2273.437500,1.370095,52.734375,60.034489,hann
8,9.249092,389,2279.296875,6.976448,52.734375,60.034489,hann
8,9.249092,390,2285.156250,8.913602,52.734375,60.034489,hann
8,9.249092,391,2291.015625,11.638726,52.734375,60.034489,hann
8,9.249092,392,2296.875000,6.776228,52.734375,60.034489,hann
8,9.249092,393,2302.734375,16.443138,52.734375,60.034489,hann
8,9.249092,394,2308.593750,19.484190,52.734375,60.034489,hann
8,9.249092,395,2314.453125,12.836803,52.734375,60.034489,hann
8,9.249092,396,2320.312500,5.771746,52.734375,60.034489,hann
8,9.249092,397,2326.171875,11.794576,52.734375,60.034489,hann
8,9.249092,398,2332.031250,7.064558,52.734375,60.034489,hann
8,9.249092,399,2337.890625,-5.057732,52.734375,60.034489,hann
8,9.249092,400,2343.750000,11.234132,52.734375,60.034489,hann
8,9.249092,401,2349.609375,11.115742,52.734375,60.034489,hann
8,9.249092,402,2355.468750,18.164589,52.734375,60.034489,hann
8,9.249092,403,2361.328125,14.041404,52.734375,60.034489,hann
8,9.249092,404,2367.187500,3.723932,52.734375,60.034489,hann
8,9.249092,405,2373.046875,10.604307,52.734375,60.034489,hann
8,9.249092,406,2378.906250,11.500072,52.734375,60.034489,hann
8,9.249092,407,2384.765625,7.835462,52.734375,60.034489,hann
8,9.249092,408,2390.625000,13.423904,52.734375,60.034489,hann
8,9.249092,409,2396.484375,12.596517,52.734375,60.034489,hann
8,9.249092,410,2402.343750,17.214754,52.734375,60.034489,hann
8,9.249092,411,2408.203125,20.011570,52.734375,60.034489,hann
8,9.249092,412,2414.062500,10.459777,52.734375,60.034489,hann
8,9.249092,413,2419.921875,6.676729,52.734375,60.034489,hann
8,9.249092,414,2425.781250,11.548452,52.734375,60.034489,hann
8,9.249092,415,2431.640625,11.786329,52.734375,60.034489,hann
8,9.249092,416,2437.500000,2.716302,52.734375,60.034489,hann
8,9.249092,417,2443.359375,16.438234,52.734375,60.034489,hann
8,9.249092,418,2449.218750,4.795570,52.734375,60.034489,hann
8,9.249092,419,2455.078125,17.167160,52.734375,60.034489,hann
8,9.249092,420,2460.937500,10.026203,52.734375,60.034489,hann
8,9.249092,421,2466.796875,3.088452,52.734375,60.034489,hann
8,9.249092,422,2472.656250,6.131689,52.734375,60.034489,hann
8,9.249092,423,2478.515625,2.977266,52.734375,60.034489,hann
8,9.249092,424,2484.375000,7.539623,52.734375,60.034489,hann
8,9.249092,425,2490.234375,6.861155,52.734375,60.034489,hann
8,9.249092,426,2496.093750,1.738968,52.734375,60.034489,hann
8,9.249092,427,2501.953125,14.969187,52.734375,60.034489,hann
8,9.249092,428,2507.812500,18.283123,52.734375,60.034489,hann
8,9.249092,429,2513.671875,12.402321,52.734375,60.034489,hann
8,9.249092,430,2519.531250,2.138844,52.734375,60.034489,hann
8,9.249092,431,2525.390625,-1.581780,52.734375,60.034489,hann
8,9.249092,432,2531.250000,-6.017155,52.734375,60.034489,hann
8,9.249092,433,2537.109375,10.724010,52.734375,60.034489,hann
8,9.249092,434,2542.968750,19.180033,52.734375,60.034489,hann
8,9.249092,435,2548.828125,14.820800,52.734375,60.034489,hann
8,9.249092,436,2554.687500,13.969074,52.734375,60.034489,hann
8,9.249092,437,2560.546875,15.244732,52.734375,60.034489,hann
8,9.249092,438,2566.406250,4.499721,52.734375,60.034489,hann
8,9.249092,439,2572.265625,8.977287,52.734375,60.034489,hann
8,9.249092,440,2578.125000,10.765895,52.734375,60.034489,hann
8,9.249092,441,2583.984375,6.156461,52.734375,60.034489,hann
8,9.249092,442,2589.843750,10.820749,52.734375,60.034489,hann
8,9.249092,443,2595.703125,14.132582,52.734375,60.034489,hann
8,9.249092,444,2601.562500,16.382233,52.734375,60.034489,hann
8,9.249092,445,2607.421875,15.971687,52.734375,60.034489,hann
8,9.249092,446,2613.281250,4.412041,52.734375,60.034489,hann
8,9.249092,447,2619.140625,3.861686,52.734375,60.034489,hann
8,9.249092,448,2625.000000,0.918018,52.734375,60.034489,hann
8,9.249092,449,2630.859375,7.176002,52.734375,60.034489,hann
8,9.249092,450,2636.718750,6.901948,52.734375,60.034489,hann
8,9.249092,451,2642.578125,12.593550,52.734375,60.034489,hann
8,9.249092,452,2648.437500,6.110759,52.734375,60.034489,hann
8,9.249092,453,2654.296875,18.835697,52.734375,60.034489,hann
8,9.249092,454,2660.156250,14.192327,52.734375,60.034489,hann
8,9.249092,455,2666.015625,6.489537,52.734375,60.034489,hann
8,9.249092,456,2671.875000,3.245691,52.734375,60.034489,hann
8,9.249092,457,2677.734375,4.546914,52.734375,60.034489,hann
8,9.249092,458,2683.593750,5.768061,52.734375,60.034489,hann
8,9.249092,459,2689.453125,11.503183,52.734375,60.034489,hann
8,9.249092,460,2695.312500,18.425915,52.734375,60.034489,hann
8,9.249092,461,2701.171875,14.431087,52.734375,60.034489,hann
8,9.249092,462,2707.031250,15.704365,52.734375,60.034489,hann
8,9.249092,463,2712.890625,9.286536,52.734375,60.034489,hann
8,9.249092,464,2718.750000,2.049516,52.734375,60.034489,hann
8,9.249092,465,2724.609375,4.122124,52.734375,60.034489,hann
8,9.249092,466,2730.468750,4.013103,52.734375,60.034489,hann
8,9.249092,467,2736.328125,9.491558,52.734375,60.034489,hann
8,9.249092,468,2742.187500,5.882864,52.734375,60.034489,hann
8,9.249092,469,2748.046875,4.166390,52.734375,60.034489,hann
8,9.249092,470,2753.906250,9.162552,52.734375,60.034489,hann
8,9.249092,471,2759.765625,-0.537926,52.734375,60.034489,hann
8,9.249092,472,2765.625000,6.202622,52.734375,60.034489,hann
8,9.249092,473,2771.484375,0.610887,52.734375,60.034489,hann
8,9.249092,474,2777.343750,-18.684290,52.734375,60.034489,hann
8,9.249092,475,2783.203125,8.887196,52.734375,60.034489,hann
8,9.249092,476,2789.062500,17.456619,52.734375,60.034489,hann
8,9.249092,477,2794.921875,21.213318,52.734375,60.034489,hann
8,9.249092,478,2800.781250,13.912603,52.734375,60.034489,hann
8,9.249092,479,2806.640625,19.103830,52.734375,60.034489,hann
8,9.249092,480,2812.500000,7.407622,52.734375,60.034489,hann
8,9.249092,481,2818.359375,2.952650,52.734375,60.034489,hann
8,9.249092,482,2824.218750,5.605246,52.734375,60.034489,hann
8,9.249092,483,2830.078125,1.287585,52.734375,60.034489,hann
8,9.249092,484,2835.937500,-0.636538,52.734375,60.034489,hann
8,9.249092,485,2841.796875,16.989769,52.734375,60.034489,hann
8,9.249092,486,2847.656250,18.179186,52.734375,60.034489,hann
8,9.249092,487,2853.515625,11.860839,52.734375,60.034489,hann
8,9.249092,488,2859.375000,13.208953,52.734375,60.034489,hann
8,9.249092,489,2865.234375,8.951856,52.734375,60.034489,hann
8,9.249092,490,2871.093750,7.456028,52.734375,60.034489,hann
8,9.249092,491,2876.953125,4.022546,52.734375,60.034489,hann
8,9.249092,492,2882.812500,12.237022,52.734375,60.034489,hann
8,9.249092,493,2888.671875,12.858862,52.734375,60.034489,hann
8,9.249092,494,2894.531250,23.919693,52.734375,60.034489,hann
8,9.249092,495,2900.390625,20.252407,52.734375,60.034489,hann
8,9.249092,496,2906.250000,22.924177,52.734375,60.034489,hann
8,9.249092,497,2912.109375,14.994134,52.734375,60.034489,hann
8,9.249092,498,2917.968750,5.741482,52.734375,60.034489,hann
8,9.249092,499,2923.828125,10.331484,52.734375,60.034489,hann
8,9.249092,500,2929.687500,10.412059,52.734375,60.034489,hann
8,9.249092,501,2935.546875,13.692174,52.734375,60.034489,hann
8,9.249092,502,2941.406250,29.407764,52.734375,60.034489,hann
8,9.249092,503,2947.265625,33.068501,52.734375,60.034489,hann
8,9.249092,504,2953.125000,32.656803,52.734375,60.034489,hann
8,9.249092,505,2958.984375,29.216919,52.734375,60.034489,hann
8,9.249092,506,2964.843750,18.219458,52.734375,60.034489,hann
8,9.249092,507,2970.703125,4.760138,52.734375,60.034489,hann
8,9.249092,508,2976.562500,10.077585,52.734375,60.034489,hann
8,9.249092,509,2982.421875,27.973021,52.734375,60.034489,hann
8,9.249092,510,2988.281250,35.126778,52.734375,60.034489,hann
8,9.249092,511,2994.140625,44.665924,52.734375,60.034489,hann
9,10.271450,0,0.000000,32.328014,52.734375,59.388004,hann
9,10.271450,1,5.859375,34.459629,52.734375,59.388004,hann
9,10.271450,2,11.718750,31.068188,52.734375,59.388004,hann
9,10.271450,3,17.578125,21.468945,52.734375,59.388004,hann
9,10.271450,4,23.437500,15.242725,52.734375,59.388004,hann
9,10.271450,5,29.296875,22.569445,52.734375,59.388004,hann
9,10.271450,6,35.156250,28.761631,52.734375,59.388004,hann
9,10.271450,7,41.015625,44.784660,52.734375,59.388004,hann
9,10.271450,8,46.875000,59.224735,52.734375,59.388004,hann
9,10.271450,9,52.734375,59.388004,52.734375,59.388004,hann
9,10.271450,10,58.593750,45.622196,52.734375,59.388004,hann
9,10.271450,11,64.453125,29.402309,52.734375,59.388004,hann
9,10.271450,12,70.312500,20.127625,52.734375,59.388004,hann
9,10.271450,13,76.171875,12.440609,52.734375,59.388004,hann
9,10.271450,14,82.031250,12.281038,52.734375,59.388004,hann
9,10.271450,15,87.890625,20.190037,52.734375,59.388004,hann
9,10.271450,16,93.750000,45.244488,52.734375,59.388004,hann
9,10.271450,17,99.609375,52.036057,52.734375,59.388004,hann
9,10.271450,18,105.468750,46.572437,52.734375,59.388004,hann
9,10.271450,19,111.328125,22.164696,52.734375,59.388004,hann
9,10.271450,20,117.187500,14.700689,52.734375,59.388004,hann
9,10.271450,21,123.046875,4.028228,52.734375,59.388004,hann
9,10.271450,22,128.906250,7.582371,52.734375,59.388004,hann
9,10.271450,23,134.765625,16.023899,52.734375,59.388004,hann
9,10.271450,24,140.625000,28.304808,52.734375,59.388004,hann
9,10.271450,25,146.484375,44.371090,52.734375,59.388004,hann
9,10.271450,26,152.343750,44.885216,52.734375,59.388004,hann
9,10.271450,27,158.203125,31.425209,52.734375,59.388004,hann
9,10.271450,28,164.062500,13.819175,52.734375,59.388004,hann
9,10.271450,29,169.921875,15.541800,52.734375,59.388004,hann
9,10.271450,30,175.781250,12.209140,52.734375,59.388004,hann
9,10.271450,31,181.640625,9.259604,52.734375,59.388004,hann
9,10.271450,32,187.500000,14.620342,52.734375,59.388004,hann
9,10.271450,33,193.359375,29.966230,52.734375,59.388004,hann
9,10.271450,34,199.218750,36.882294,52.734375,59.388004,hann
9,10.271450,35,205.078125,31.011438,52.734375,59.388004,hann
9,10.271450,36,210.937500,13.269072,52.734375,59.388004,hann
9,10.271450,37,216.796875,0.271676,52.734375,59.388004,hann
9,10.271450,38,222.656250,11.474700,52.734375,59.388004,hann
9,10.271450,39,228.515625,10.685751,52.734375,59.388004,hann
9,10.271450,40,234.375000,-9.261952,52.734375,59.388004,hann
9,10.271450,41,240.234375,17.057316,52.734375,59.388004,hann
9,10.271450,42,246.093750,27.458704,52.734375,59.388004,hann
9,10.271450,43,251.953125,27.726208,52.734375,59.388004,hann
9,10.271450,44,257.812500,15.286784,52.734375,59.388004,hann
9,10.271450,45,263.671875,12.403296,52.734375,59.388004,hann
9,10.271450,46,269.531250,13.130479,52.734375,59.388004,hann
9,10.271450,47,275.390625,2.024716,52.734375,59.388004,hann
9,10.271450,48,281.250000,-4.900932,52.734375,59.388004,hann
9,10.271450,49,287.109375,8.089603,52.734375,59.388004,hann
9,10.271450,50,292.968750,28.447817,52.734375,59.388004,hann
9,10.271450,51,298.828125,35.849693,52.734375,59.388004,hann
9,10.271450,52,304.687500,30.315321,52.734375,59.388004,hann
9,10.271450,53,310.546875,1.170096,52.734375,59.388004,hann
9,10.271450,54,316.406250,3.332276,52.734375,59.388004,hann
9,10.271450,55,322.265625,0.578998,52.734375,59.388004,hann
9,10.271450,56,328.125000,11.385456,52.734375,59.388004,hann
9,10.271450,57,333.984375,7.016994,52.734375,59.388004,hann
9,10.271450,58,339.843750,23.853540,52.734375,59.388004,hann
9,10.271450,59,345.703125,38.784000,52.734375,59.388004,hann
9,10.271450,60,351.562500,39.822376,52.734375,59.388004,hann
9,10.271450,61,357.421875,27.292795,52.734375,59.388004,hann
9,10.271450,62,363.281250,13.240372,52.734375,59.388004,hann
9,10.271450,63,369.140625,9.942456,52.734375,59.388004,hann
9,10.271450,64,375.000000,6.446771,52.734375,59.388004,hann
9,10.271450,65,380.859375,8.582391,52.734375,59.388004,hann
9,10.271450,66,386.718750,11.581254,52.734375,59.388004,hann
9,10.271450,67,392.578125,21.210472,52.734375,59.388004,hann
9,10.271450,68,398.437500,28.016251,52.734375,59.388004,hann
9,10.271450,69,404.296875,20.413601,52.734375,59.388004,hann
9,10.271450,70,410.156250,11.828407,52.734375,59.388004,hann
9,10.271450,71,416.015625,-2.148110,52.734375,59.388004,hann
9,10.271450,72,421.875000,2.434781,52.734375,59.388004,hann
9,10.271450,73,427.734375,-3.960159,52.734375,59.388004,hann
9,10.271450,74,433.593750,10.413880,52.734375,59.388004,hann
9,10.271450,75,439.453125,1.942451,52.734375,59.388004,hann
9,10.271450,76,445.312500,28.504967,52.734375,59.388004,hann
9,10.271450,77,451.171875,30.226112,52.734375,59.388004,hann
9,10.271450,78,457.031250,17.768711,52.734375,59.388004,hann
9,10.271450,79,462.890625,10.010229,52.734375,59.388004,hann
9,10.271450,80,468.750000,7.412878,52.734375,59.388004,hann
9,10.271450,81,474.609375,6.321217,52.734375,59.388004,hann
9,10.271450,82,480.468750,11.340685,52.734375,59.388004,hann
9,10.271450,83,486.328125,15.310449,52.734375,59.388004,hann
9,10.271450,84,492.187500,21.616833,52.734375,59.388004,hann
9,10.271450,85,498.046875,30.871410,52.734375,59.388004,hann
9,10.271450,86,503.906250,25.861443,52.734375,59.388004,hann
9,10.271450,87,509.765625,3.880516,52.734375,59.388004,hann
9,10.271450,88,515.625000,4.634004,52.734375,59.388004,hann
9,10.271450,89,521.484375,2.541703,52.734375,59.388004,hann
9,10.271450,90,527.343750,6.416673,52.734375,59.388004,hann
9,10.271450,91,533.203125,1.558068,52.734375,59.388004,hann
9,10.271450,92,539.062500,6.331140,52.734375,59.388004,hann
9,10.271450,93,544.921875,29.287233,52.734375,59.388004,hann
9,10.271450,94,550.781250,31.020241,52.734375,59.388004,hann
9,10.271450,95,556.640625,19.827435,52.734375,59.388004,hann
9,10.271450,96,562.500000,10.909712,52.734375,59.388004,hann
9,10.271450,97,568.359375,-0.107750,52.734375,59.388004,hann
9,10.271450,98,574.218750,2.356732,52.734375,59.388004,hann
9,10.271450,99,580.078125,2.027251,52.734375,59.388004,hann
9,10.271450,100,585.937500,10.118782,52.734375,59.388004,hann
9,10.271450,101,591.796875,15.771093,52.734375,59.388004,hann
9,10.271450,102,597.656250,26.227219,52.734375,59.388004,hann
9,10.271450,103,603.515625,23.261421,52.734375,59.388004,hann
9,10.271450,104,609.375000,8.141867,52.734375,59.388004,hann
9,10.271450,105,615.234375,6.438690,52.734375,59.388004,hann
9,10.271450,106,621.093750,6.328506,52.734375,59.388004,hann
9,10.271450,107,626.953125,-1.844049,52.734375,59.388004,hann
9,10.271450,108,632.812500,5.377104,52.734375,59.388004,hann
9,10.271450,109,638.671875,9.792422,52.734375,59.388004,hann
9,10.271450,110,644.531250,26.404192,52.734375,59.388004,hann
9,10.271450,111,650.390625,29.617968,52.734375,59.388004,hann
9,10.271450,112,656.250000,21.776466,52.734375,59.388004,hann
9,10.271450,113,662.109375,7.056461,52.734375,59.388004,hann
9,10.271450,114,667.968750,5.526756,52.734375,59.388004,hann
9,10.271450,115,673.828125,-5.261228,52.734375,59.388004,hann
9,10.271450,116,679.687500,-17.256052,52.734375,59.388004,hann
9,10.271450,117,685.546875,-1.465725,52.734375,59.388004,hann
9,10.271450,118,691.406250,16.260929,52.734375,59.388004,hann
9,10.271450,119,697.265625,25.848055,52.734375,59.388004,hann
9,10.271450,120,703.125000,23.459997,52.734375,59.388004,hann
9,10.271450,121,708.984375,11.872596,52.734375,59.388004,hann
9,10.271450,122,714.843750,12.294020,52.734375,59.388004,hann
9,10.271450,123,720.703125,9.653546,52.734375,59.388004,hann
9,10.271450,124,726.562500,9.372381,52.734375,59.388004,hann
9,10.271450,125,732.421875,9.563888,52.734375,59.388004,hann
9,10.271450,126,738.281250,8.426464,52.734375,59.388004,hann
9,10.271450,127,744.140625,12.127604,52.734375,59.388004,hann
9,10.271450,128,750.000000,18.166328,52.734375,59.388004,hann
9,10.271450,129,755.859375,14.542431,52.734375,59.388004,hann
9,10.271450,130,761.718750,14.108538,52.734375,59.388004,hann
9,10.271450,131,767.578125,14.898348,52.734375,59.388004,hann
9,10.271450,132,773.437500,3.063950,52.734375,59.388004,hann
9,10.271450,133,779.296875,4.834731,52.734375,59.388004,hann
9,10.271450,134,785.156250,10.790111,52.734375,59.388004,hann
9,10.271450,135,791.015625,14.194288,52.734375,59.388004,hann
9,10.271450,136,796.875000,27.534163,52.734375,59.388004,hann
9,10.271450,137,802.734375,27.171783,52.734375,59.388004,hann
9,10.271450,138,808.593750,17.797266,52.734375,59.388004,hann
9,10.271450,139,814.453125,-0.825923,52.734375,59.388004,hann
9,10.271450,140,820.312500,1.916087,52.734375,59.388004,hann
9,10.271450,141,826.171875,7.504317,52.734375,59.388004,hann
9,10.271450,142,832.031250,-9.642921,52.734375,59.388004,hann
9,10.271450,143,837.890625,16.809446,52.734375,59.388004,hann
9,10.271450,144,843.750000,28.084763,52.734375,59.388004,hann
9,10.271450,145,849.609375,30.534708,52.734375,59.388004,hann
9,10.271450,146,855.468750,22.340015,52.734375,59.388004,hann
9,10.271450,147,861.328125,10.503173,52.734375,59.388004,hann
9,10.271450,148,867.187500,3.923656,52.734375,59.388004,hann
9,10.271450,149,873.046875,12.786283,52.734375,59.388004,hann
9,10.271450,150,878.906250,10.070595,52.734375,59.388004,hann
9,10.271450,151,884.765625,6.588446,52.734375,59.388004,hann
9,10.271450,152,890.625000,21.563547,52.734375,59.388004,hann
9,10.271450,153,896.484375,33.358341,52.734375,59.388004,hann
9,10.271450,154,902.343750,32.845367,52.734375,59.388004,hann
9,10.271450,155,908.203125,24.086491,52.734375,59.388004,hann
9,10.271450,156,914.062500,13.536216,52.734375,59.388004,hann
9,10.271450,157,919.921875,7.044354,52.734375,59.388004,hann
9,10.271450,158,925.781250,10.494746,52.734375,59.388004,hann
9,10.271450,159,931.640625,10.742138,52.734375,59.388004,hann
9,10.271450,160,937.500000,15.751840,52.734375,59.388004,hann
9,10.271450,161,943.359375,41.633488,52.734375,59.388004,hann
9,10.271450,162,949.218750,46.866241,52.734375,59.388004,hann
9,10.271450,163,955.078125,40.317238,52.734375,59.388004,hann
9,10.271450,164,960.937500,23.074188,52.734375,59.388004,hann
9,10.271450,165,966.796875,15.306057,52.734375,59.388004,hann
9,10.271450,166,972.656250,6.944425,52.734375,59.388004,hann
9,10.271450,167,978.515625,5.116432,52.734375,59.388004,hann
9,10.271450,168,984.375000,32.052711,52.734375,59.388004,hann
9,10.271450,169,990.234375,45.566425,52.734375,59.388004,hann
9,10.271450,170,996.093750,58.023216,52.734375,59.388004,hann
9,10.271450,171,1001.953125,56.738621,52.734375,59.388004,hann
9,10.271450,172,1007.812500,40.161156,52.734375,59.388004,hann
9,10.271450,173,1013.671875,22.720491,52.734375,59.388004,hann
9,10.271450,174,1019.531250,26.894650,52.734375,59.388004,hann
9,10.271450,175,1025.390625,16.834805,52.734375,59.388004,hann
9,10.271450,176,1031.250000,17.384687,52.734375,59.388004,hann
9,10.271450,177,1037.109375,17.122995,52.734375,59.388004,hann
9,10.271450,178,1042.968750,40.641678,52.734375,59.388004,hann
9,10.271450,179,1048.828125,45.881363,52.734375,59.388004,hann
9,10.271450,180,1054.687500,39.820915,52.734375,59.388004,hann
9,10.271450,181,1060.546875,28.031837,52.734375,59.388004,hann
9,10.271450,182,1066.406250,22.602657,52.734375,59.388004,hann
9,10.271450,183,1072.265625,7.787274,52.734375,59.388004,hann
9,10.271450,184,1078.125000,3.059292,52.734375,59.388004,hann
9,10.271450,185,1083.984375,13.208051,52.734375,59.388004,hann
9,10.271450,186,1089.843750,24.850418,52.734375,59.388004,hann
9,10.271450,187,1095.703125,37.324760,52.734375,59.388004,hann
9,10.271450,188,1101.562500,36.459000,52.734375,59.388004,hann
9,10.271450,189,1107.421875,22.260849,52.734375,59.388004,hann
9,10.271450,190,1113.281250,14.826727,52.734375,59.388004,hann
9,10.271450,191,1119.140625,5.319925,52.734375,59.388004,hann
9,10.271450,192,1125.000000,10.594765,52.734375,59.388004,hann
9,10.271450,193,1130.859375,6.087934,52.734375,59.388004,hann
9,10.271450,194,1136.718750,9.237118,52.734375,59.388004,hann
9,10.271450,195,1142.578125,26.717394,52.734375,59.388004,hann
9,10.271450,196,1148.437500,32.709774,52.734375,59.388004,hann
9,10.271450,197,1154.296875,25.288696,52.734375,59.388004,hann
9,10.271450,198,1160.156250,10.036739,52.734375,59.388004,hann
9,10.271450,199,1166.015625,8.548489,52.734375,59.388004,hann
9,10.271450,200,1171.875000,11.080742,52.734375,59.388004,hann
9,10.271450,201,1177.734375,10.641048,52.734375,59.388004,hann
9,10.271450,202,1183.593750,5.385000,52.734375,59.388004,hann
9,10.271450,203,1189.453125,10.219150,52.734375,59.388004,hann
9,10.271450,204,1195.312500,20.866676,52.734375,59.388004,hann
9,10.271450,205,1201.171875,21.332020,52.734375,59.388004,hann
9,10.271450,206,1207.031250,13.466901,52.734375,59.388004,hann
9,10.271450,207,1212.890625,7.293390,52.734375,59.388004,hann
9,10.271450,208,1218.750000,5.857781,52.734375,59.388004,hann
9,10.271450,209,1224.609375,4.807317,52.734375,59.388004,hann
9,10.271450,210,1230.468750,-6.381036,52.734375,59.388004,hann
9,10.271450,211,1236.328125,10.108099,52.734375,59.388004,hann
9,10.271450,212,1242.187500,18.108362,52.734375,59.388004,hann
9,10.271450,213,1248.046875,22.267342,52.734375,59.388004,hann
9,10.271450,214,1253.906250,14.504199,52.734375,59.388004,hann
9,10.271450,215,1259.765625,4.057753,52.734375,59.388004,hann
9,10.271450,216,1265.625000,6.506548,52.734375,59.388004,hann
9,10.271450,217,1271.484375,2.308218,52.734375,59.388004,hann
9,10.271450,218,1277.343750,9.156765,52.734375,59.388004,hann
9,10.271450,219,1283.203125,5.173045,52.734375,59.388004,hann
9,10.271450,220,1289.062500,8.926899,52.734375,59.388004,hann
9,10.271450,221,1294.921875,21.976276,52.734375,59.388004,hann
9,10.271450,222,1300.781250,21.458933,52.734375,59.388004,hann
9,10.271450,223,1306.640625,-0.733041,52.734375,59.388004,hann
9,10.271450,224,1312.500000,9.316207,52.734375,59.388004,hann
9,10.271450,225,1318.359375,1.898906,52.734375,59.388004,hann
9,10.271450,226,1324.218750,2.423783,52.734375,59.388004,hann
9,10.271450,227,1330.078125,-1.455446,52.734375,59.388004,hann
9,10.271450,228,1335.937500,4.354002,52.734375,59.388004,hann
9,10.271450,229,1341.796875,24.561768,52.734375,59.388004,hann
9,10.271450,230,1347.656250,29.229548,52.734375,59.388004,hann
9,10.271450,231,1353.515625,22.401794,52.734375,59.388004,hann
9,10.271450,232,1359.375000,3.236543,52.734375,59.388004,hann
9,10.271450,233,1365.234375,5.398759,52.734375,59.388004,hann
9,10.271450,234,1371.093750,5.957110,52.734375,59.388004,hann
9,10.271450,235,1376.953125,6.145115,52.734375,59.388004,hann
9,10.271450,236,1382.812500,4.986928,52.734375,59.388004,hann
9,10.271450,237,1388.671875,13.224098,52.734375,59.388004,hann
9,10.271450,238,1394.531250,19.345778,52.734375,59.388004,hann
9,10.271450,239,1400.390625,15.960510,52.734375,59.388004,hann
9,10.271450,240,1406.250000,10.078569,52.734375,59.388004,hann
9,10.271450,241,1412.109375,13.924083,52.734375,59.388004,hann
9,10.271450,242,1417.968750,6.792312,52.734375,59.388004,hann
9,10.271450,243,1423.828125,-4.518680,52.734375,59.388004,hann
9,10.271450,244,1429.687500,5.388575,52.734375,59.388004,hann
9,10.271450,245,1435.546875,5.116482,52.734375,59.388004,hann
9,10.271450,246,1441.406250,18.770208,52.734375,59.388004,hann
9,10.271450,247,1447.265625,25.290068,52.734375,59.388004,hann
9,10.271450,248,1453.125000,19.230068,52.734375,59.388004,hann
9,10.271450,249,1458.984375,10.055124,52.734375,59.388004,hann
9,10.271450,250,1464.843750,9.463881,52.734375,59.388004,hann
9,10.271450,251,1470.703125,3.290895,52.734375,59.388004,hann
9,10.271450,252,1476.562500,-0.459043,52.734375,59.388004,hann
9,10.271450,253,1482.421875,-1.382955,52.734375,59.388004,hann
9,10.271450,254,1488.281250,5.894513,52.734375,59.388004,hann
9,10.271450,255,1494.140625,21.247675,52.734375,59.388004,hann
9,10.271450,256,1500.000000,21.882589,52.734375,59.388004,hann
9,10.271450,257,1505.859375,-1.402840,52.734375,59.388004,hann
9,10.271450,258,1511.718750,6.883888,52.734375,59.388004,hann
9,10.271450,259,1517.578125,7.185934,52.734375,59.388004,hann
9,10.271450,260,1523.437500,9.064228,52.734375,59.388004,hann
9,10.271450,261,1529.296875,-2.953231,52.734375,59.388004,hann
9,10.271450,262,1535.156250,3.417098,52.734375,59.388004,hann
9,10.271450,263,1541.015625,21.035011,52.734375,59.388004,hann
9,10.271450,264,1546.875000,26.486061,52.734375,59.388004,hann
9,10.271450,265,1552.734375,19.496513,52.734375,59.388004,hann
9,10.271450,266,1558.593750,7.053149,52.734375,59.388004,hann
9,10.271450,267,1564.453125,3.437854,52.734375,59.388004,hann
9,10.271450,268,1570.312500,3.358159,52.734375,59.388004,hann
9,10.271450,269,1576.171875,5.469099,52.734375,59.388004,hann
9,10.271450,270,1582.031250,-2.052472,52.734375,59.388004,hann
9,10.271450,271,1587.890625,8.043646,52.734375,59.388004,hann
9,10.271450,272,1593.750000,20.397501,52.734375,59.388004,hann
9,10.271450,273,1599.609375,19.763144,52.734375,59.388004,hann
9,10.271450,274,1605.468750,9.809816,52.734375,59.388004,hann
9,10.271450,275,1611.328125,13.069534,52.734375,59.388004,hann
9,10.271450,276,1617.187500,12.061130,52.734375,59.388004,hann
9,10.271450,277,1623.046875,6.935850,52.734375,59.388004,hann
9,10.271450,278,1628.906250,1.275404,52.734375,59.388004,hann
9,10.271450,279,1634.765625,3.934575,52.734375,59.388004,hann
9,10.271450,280,1640.625000,7.818110,52.734375,59.388004,hann
9,10.271450,281,1646.484375,17.237679,52.734375,59.388004,hann
9,10.271450,282,1652.343750,14.041902,52.734375,59.388004,hann
9,10.271450,283,1658.203125,6.813656,52.734375,59.388004,hann
9,10.271450,284,1664.062500,2.004319,52.734375,59.388004,hann
9,10.271450,285,1669.921875,6.770242,52.734375,59.388004,hann
9,10.271450,286,1675.781250,1.563141,52.734375,59.388004,hann
9,10.271450,287,1681.640625,1.222261,52.734375,59.388004,hann
9,10.271450,288,1687.500000,16.916283,52.734375,59.388004,hann
9,10.271450,289,1693.359375,23.715822,52.734375,59.388004,hann
9,10.271450,290,1699.218750,20.479301,52.734375,59.388004,hann
9,10.271450,291,1705.078125,14.749367,52.734375,59.388004,hann
9,10.271450,292,1710.937500,16.733967,52.734375,59.388004,hann
9,10.271450,293,1716.796875,8.573441,52.734375,59.388004,hann
9,10.271450,294,1722.656250,7.625785,52.734375,59.388004,hann
9,10.271450,295,1728.515625,7.120411,52.734375,59.388004,hann
9,10.271450,296,1734.375000,0.328808,52.734375,59.388004,hann
9,10.271450,297,1740.234375,14.972100,52.734375,59.388004,hann
9,10.271450,298,1746.093750,17.712685,52.734375,59.388004,hann
9,10.271450,299,1751.953125,4.254117,52.734375,59.388004,hann
9,10.271450,300,1757.812500,12.547699,52.734375,59.388004,hann
9,10.271450,301,1763.671875,-2.698539,52.734375,59.388004,hann
9,10.271450,302,1769.531250,10.414373,52.734375,59.388004,hann
9,10.271450,303,1775.390625,3.931807,52.734375,59.388004,hann
9,10.271450,304,1781.250000,0.728704,52.734375,59.388004,hann
9,10.271450,305,1787.109375,-0.507805,52.734375,59.388004,hann
9,10.271450,306,1792.968750,18.028244,52.734375,59.388004,hann
9,10.271450,307,1798.828125,21.483133,52.734375,59.388004,hann
9,10.271450,308,1804.687500,17.776175,52.734375,59.388004,hann
9,10.271450,309,1810.546875,14.776263,52.734375,59.388004,hann
9,10.271450,310,1816.406250,8.206863,52.734375,59.388004,hann
9,10.271450,311,1822.265625,6.208683,52.734375,59.388004,hann
9,10.271450,312,1828.125000,1.142684,52.734375,59.388004,hann
9,10.271450,313,1833.984375,6.460163,52.734375,59.388004,hann
9,10.271450,314,1839.843750,14.294404,52.734375,59.388004,hann
9,10.271450,315,1845.703125,22.051136,52.734375,59.388004,hann
9,10.271450,316,1851.562500,19.645243,52.734375,59.388004,hann
9,10.271450,317,1857.421875,18.931158,52.734375,59.388004,hann
9,10.271450,318,1863.281250,14.253359,52.734375,59.388004,hann
9,10.271450,319,1869.140625,-0.782825,52.734375,59.388004,hann
9,10.271450,320,1875.000000,5.443808,52.734375,59.388004,hann
9,10.271450,321,1880.859375,10.811853,52.734375,59.388004,hann
9,10.271450,322,1886.718750,17.940161,52.734375,59.388004,hann
9,10.271450,323,1892.578125,22.566660,52.734375,59.388004,hann
9,10.271450,324,1898.437500,23.935318,52.734375,59.388004,hann
9,10.271450,325,1904.296875,21.530798,52.734375,59.388004,hann
9,10.271450,326,1910.156250,18.725670,52.734375,59.388004,hann
9,10.271450,327,1916.015625,15.523869,52.734375,59.388004,hann
9,10.271450,328,1921.875000,14.711595,52.734375,59.388004,hann
9,10.271450,329,1927.734375,13.060905,52.734375,59.388004,hann
9,10.271450,330,1933.593750,10.908979,52.734375,59.388004,hann
9,10.271450,331,1939.453125,28.008400,52.734375,59.388004,hann
9,10.271450,332,1945.312500,37.721619,52.734375,59.388004,hann
9,10.271450,333,1951.171875,36.706589,52.734375,59.388004,hann
9,10.271450,334,1957.031250,29.002892,52.734375,59.388004,hann
9,10.271450,335,1962.890625,17.904545,52.734375,59.388004,hann
9,10.271450,336,1968.750000,8.354872,52.734375,59.388004,hann
9,10.271450,337,1974.609375,15.174984,52.734375,59.388004,hann
9,10.271450,338,1980.468750,19.550255,52.734375,59.388004,hann
9,10.271450,339,1986.328125,20.890453,52.734375,59.388004,hann
9,10.271450,340,1992.187500,43.340065,52.734375,59.388004,hann
9,10.271450,341,1998.046875,46.157650,52.734375,59.388004,hann
9,10.271450,342,2003.906250,39.549843,52.734375,59.388004,hann
9,10.271450,343,2009.765625,39.176247,52.734375,59.388004,hann
9,10.271450,344,2015.625000,13.868789,52.734375,59.388004,hann
9,10.271450,345,2021.484375,21.307579,52.734375,59.388004,hann
9,10.271450,346,2027.343750,17.260063,52.734375,59.388004,hann
9,10.271450,347,2033.203125,-9.368620,52.734375,59.388004,hann
9,10.271450,348,2039.062500,25.017578,52.734375,59.388004,hann
9,10.271450,349,2044.921875,35.866196,52.734375,59.388004,hann
9,10.271450,350,2050.781250,36.107285,52.734375,59.388004,hann
9,10.271450,351,2056.640625,31.522867,52.734375,59.388004,hann
9,10.271450,352,2062.500000,22.562056,52.734375,59.388004,hann
9,10.271450,353,2068.359375,8.618899,52.734375,59.388004,hann
9,10.271450,354,2074.218750,11.924833,52.734375,59.388004,hann
9,10.271450,355,2080.078125,14.389993,52.734375,59.388004,hann
9,10.271450,356,2085.937500,14.879148,52.734375,59.388004,hann
9,10.271450,357,2091.796875,17.459854,52.734375,59.388004,hann
9,10.271450,358,2097.656250,24.223892,52.734375,59.388004,hann
9,10.271450,359,2103.515625,24.695965,52.734375,59.388004,hann
9,10.271450,360,2109.375000,20.875359,52.734375,59.388004,hann
9,10.271450,361,2115.234375,12.899111,52.734375,59.388004,hann
9,10.271450,362,2121.093750,7.885704,52.734375,59.388004,hann
9,10.271450,363,2126.953125,1.690506,52.734375,59.388004,hann
9,10.271450,364,2132.812500,7.208376,52.734375,59.388004,hann
9,10.271450,365,2138.671875,16.798883,52.734375,59.388004,hann
9,10.271450,366,2144.531250,25.633440,52.734375,59.388004,hann
9,10.271450,367,2150.390625,25.302952,52.734375,59.388004,hann
9,10.271450,368,2156.250000,20.697300,52.734375,59.388004,hann
9,10.271450,369,2162.109375,14.888256,52.734375,59.388004,hann
9,10.271450,370,2167.968750,-3.786438,52.734375,59.388004,hann
9,10.271450,371,2173.828125,-18.411802,52.734375,59.388004,hann
9,10.271450,372,2179.687500,4.213289,52.734375,59.388004,hann
9,10.271450,373,2185.546875,7.985771,52.734375,59.388004,hann
9,10.271450,374,2191.406250,15.256540,52.734375,59.388004,hann
9,10.271450,375,2197.265625,15.791922,52.734375,59.388004,hann
9,10.271450,376,2203.125000,16.097591,52.734375,59.388004,hann
9,10.271450,377,2208.984375,14.570784,52.734375,59.388004,hann
9,10.271450,378,2214.843750,5.223559,52.734375,59.388004,hann
9,10.271450,379,2220.703125,10.532299,52.734375,59.388004,hann
9,10.271450,380,2226.562500,13.073103,52.734375,59.388004,hann
9,10.271450,381,2232.421875,9.090786,52.734375,59.388004,hann
9,10.271450,382,2238.281250,13.722536,52.734375,59.388004,hann
9,10.271450,383,2244.140625,21.200367,52.734375,59.388004,hann
9,10.271450,384,2250.000000,17.719711,52.734375,59.388004,hann
9,10.271450,385,2255.859375,8.457649,52.734375,59.388004,hann
9,10.271450,386,2261.718750,9.839135,52.734375,59.388004,hann
9,10.271450,387,2267.578125,7.171807,52.734375,59.388004,hann
9,10.271450,388,2273.437500,5.399542,52.734375,59.388004,hann
9,10.271450,389,2279.296875,3.777021,52.734375,59.388004,hann
9,10.271450,390,2285.156250,1.777007,52.734375,59.388004,hann
9,10.271450,391,2291.015625,12.163900,52.734375,59.388004,hann
9,10.271450,392,2296.875000,15.955767,52.734375,59.388004,hann
9,10.271450,393,2302.734375,-11.328658,52.734375,59.388004,hann
9,10.271450,394,2308.593750,12.882668,52.734375,59.388004,hann
9,10.271450,395,2314.453125,6.031820,52.734375,59.388004,hann
9,10.271450,396,2320.312500,3.159554,52.734375,59.388004,hann
9,10.271450,397,2326.171875,6.770805,52.734375,59.388004,hann
9,10.271450,398,2332.031250,9.821764,52.734375,59.388004,hann
9,10.271450,399,2337.890625,11.431170,52.734375,59.388004,hann
9,10.271450,400,2343.750000,6.152732,52.734375,59.388004,hann
9,10.271450,401,2349.609375,8.737471,52.734375,59.388004,hann
9,10.271450,402,2355.468750,13.435619,52.734375,59.388004,hann
9,10.271450,403,2361.328125,12.210460,52.734375,59.388004,hann
9,10.271450,404,2367.187500,8.020267,52.734375,59.388004,hann
9,10.271450,405,2373.046875,7.980862,52.734375,59.388004,hann
9,10.271450,406,2378.906250,7.460857,52.734375,59.388004,hann
9,10.271450,407,2384.765625,3.275111,52.734375,59.388004,hann
9,10.271450,408,2390.625000,6.436742,52.734375,59.388004,hann
9,10.271450,409,2396.484375,4.931375,52.734375,59.388004,hann
9,10.271450,410,2402.343750,15.444759,52.734375,59.388004,hann
9,10.271450,411,2408.203125,15.499451,52.734375,59.388004,hann
9,10.271450,412,2414.062500,2.307165,52.734375,59.388004,hann
9,10.271450,413,2419.921875,-10.617401,52.734375,59.388004,hann
9,10.271450,414,2425.781250,-5.589826,52.734375,59.388004,hann
9,10.271450,415,2431.640625,0.670904,52.734375,59.388004,hann
9,10.271450,416,2437.500000,10.072446,52.734375,59.388004,hann
9,10.271450,417,2443.359375,15.624397,52.734375,59.388004,hann
9,10.271450,418,2449.218750,15.150600,52.734375,59.388004,hann
9,10.271450,419,2455.078125,16.950024,52.734375,59.388004,hann
9,10.271450,420,2460.937500,11.045525,52.734375,59.388004,hann
9,10.271450,421,2466.796875,1.211182,52.734375,59.388004,hann
9,10.271450,422,2472.656250,11.211886,52.734375,59.388004,hann
9,10.271450,423,2478.515625,11.264282,52.734375,59.388004,hann
9,10.271450,424,2484.375000,7.796412,52.734375,59.388004,hann
9,10.271450,425,2490.234375,4.818820,52.734375,59.388004,hann
9,10.271450,426,2496.093750,-1.836143,52.734375,59.388004,hann
9,10.271450,427,2501.953125,6.214775,52.734375,59.388004,hann
9,10.271450,428,2507.812500,9.663213,52.734375,59.388004,hann
9,10.271450,429,2513.671875,-0.591248,52.734375,59.388004,hann
9,10.271450,430,2519.531250,5.037961,52.734375,59.388004,hann
9,10.271450,431,2525.390625,-2.969444,52.734375,59.388004,hann
9,10.271450,432,2531.250000,-0.928725,52.734375,59.388004,hann
9,10.271450,433,2537.109375,8.987760,52.734375,59.388004,hann
9,10.271450,434,2542.968750,13.619094,52.734375,59.388004,hann
9,10.271450,435,2548.828125,4.488967,52.734375,59.388004,hann
9,10.271450,436,2554.687500,10.202132,52.734375,59.388004,hann
9,10.271450,437,2560.546875,6.880028,52.734375,59.388004,hann
9,10.271450,438,2566.406250,-1.643123,52.734375,59.388004,hann
9,10.271450,439,2572.265625,5.024798,52.734375,59.388004,hann
9,10.271450,440,2578.125000,11.019905,52.734375,59.388004,hann
9,10.271450,441,2583.984375,6.583842,52.734375,59.388004,hann
9,10.271450,442,2589.843750,5.647425,52.734375,59.388004,hann
9,10.271450,443,2595.703125,10.620783,52.734375,59.388004,hann
9,10.271450,444,2601.562500,12.913226,52.734375,59.388004,hann
9,10.271450,445,2607.421875,13.609018,52.734375,59.388004,hann
9,10.271450,446,2613.281250,10.462404,52.734375,59.388004,hann
9,10.271450,447,2619.140625,2.868556,52.734375,59.388004,hann
9,10.271450,448,2625.000000,-0.559460,52.734375,59.388004,hann
9,10.271450,449,2630.859375,-4.993411,52.734375,59.388004,hann
9,10.271450,450,2636.718750,0.194021,52.734375,59.388004,hann
9,10.271450,451,2642.578125,6.405749,52.734375,59.388004,hann
9,10.271450,452,2648.437500,13.740195,52.734375,59.388004,hann
9,10.271450,453,2654.296875,15.926714,52.734375,59.388004,hann
9,10.271450,454,2660.156250,8.359030,52.734375,59.388004,hann
9,10.271450,455,2666.015625,1.897780,52.734375,59.388004,hann
9,10.271450,456,2671.875000,0.807645,52.734375,59.388004,hann
9,10.271450,457,2677.734375,1.843828,52.734375,59.388004,hann
9,10.271450,458,2683.593750,4.123887,52.734375,59.388004,hann
9,10.271450,459,2689.453125,8.127808,52.734375,59.388004,hann
9,10.271450,460,2695.312500,10.815960,52.734375,59.388004,hann
9,10.271450,461,2701.171875,8.857209,52.734375,59.388004,hann
9,10.271450,462,2707.031250,-1.815856,52.734375,59.388004,hann
9,10.271450,463,2712.890625,6.143739,52.734375,59.388004,hann
9,10.271450,464,2718.750000,2.406469,52.734375,59.388004,hann
9,10.271450,465,2724.609375,-5.106600,52.734375,59.388004,hann
9,10.271450,466,2730.468750,0.545484,52.734375,59.388004,hann
9,10.271450,467,2736.328125,-2.238427,52.734375,59.388004,hann
9,10.271450,468,2742.187500,12.465669,52.734375,59.388004,hann
9,10.271450,469,2748.046875,11.008150,52.734375,59.388004,hann
9,10.271450,470,2753.906250,5.607584,52.734375,59.388004,hann
9,10.271450,471,2759.765625,3.907717,52.734375,59.388004,hann
9,10.271450,472,2765.625000,10.140808,52.734375,59.388004,hann
9,10.271450,473,2771.484375,3.574215,52.734375,59.388004,hann
9,10.271450,474,2777.343750,-2.984097,52.734375,59.388004,hann
9,10.271450,475,2783.203125,8.946568,52.734375,59.388004,hann
9,10.271450,476,2789.062500,10.495419,52.734375,59.388004,hann
9,10.271450,477,2794.921875,16.899393,52.734375,59.388004,hann
9,10.271450,478,2800.781250,16.926966,52.734375,59.388004,hann
9,10.271450,479,2806.640625,14.981097,52.734375,59.388004,hann
9,10.271450,480,2812.500000,0.308724,52.734375,59.388004,hann
9,10.271450,481,2818.359375,0.629083,52.734375,59.388004,hann
9,10.271450,482,2824.218750,5.435479,52.734375,59.388004,hann
9,10.271450,483,2830.078125,6.993471,52.734375,59.388004,hann
9,10.271450,484,2835.937500,12.373890,52.734375,59.388004,hann
9,10.271450,485,2841.796875,8.892054,52.734375,59.388004,hann
9,10.271450,486,2847.656250,4.337706,52.734375,59.388004,hann
9,10.271450,487,2853.515625,20.081852,52.734375,59.388004,hann
9,10.271450,488,2859.375000,17.990465,52.734375,59.388004,hann
9,10.271450,489,2865.234375,-15.794462,52.734375,59.388004,hann
9,10.271450,490,2871.093750,4.740617,52.734375,59.388004,hann
9,10.271450,491,2876.953125,1.716745,52.734375,59.388004,hann
9,10.271450,492,2882.812500,12.603616,52.734375,59.388004,hann
9,10.271450,493,2888.671875,15.547271,52.734375,59.388004,hann
9,10.271450,494,2894.531250,23.432684,52.734375,59.388004,hann
9,10.271450,495,2900.390625,23.703465,52.734375,59.388004,hann
9,10.271450,496,2906.250000,24.565117,52.734375,59.388004,hann
9,10.271450,497,2912.109375,15.213462,52.734375,59.388004,hann
9,10.271450,498,2917.968750,4.343693,52.734375,59.388004,hann
9,10.271450,499,2923.828125,-4.252208,52.734375,59.388004,hann
9,10.271450,500,2929.687500,11.050684,52.734375,59.388004,hann
9,10.271450,501,2935.546875,19.159418,52.734375,59.388004,hann
9,10.271450,502,2941.406250,31.505554,52.734375,59.388004,hann
9,10.271450,503,2947.265625,34.665394,52.734375,59.388004,hann
9,10.271450,504,2953.125000,33.542110,52.734375,59.388004,hann
9,10.271450,505,2958.984375,27.769642,52.734375,59.388004,hann
9,10.271450,506,2964.843750,13.404345,52.734375,59.388004,hann
9,10.271450,507,2970.703125,12.201109,52.734375,59.388004,hann
9,10.271450,508,2976.562500,11.645477,52.734375,59.388004,hann
9,10.271450,509,2982.421875,27.972424,52.734375,59.388004,hann
9,10.271450,510,2988.281250,33.880714,52.734375,59.388004,hann
9,10.271450,511,2994.140625,44.563271,52.734375,59.388004,hann
10,11.293815,0,0.000000,31.228889,52.734375,59.891415,hann
10,11.293815,1,5.859375,34.632122,52.734375,59.891415,hann
10,11.293815,2,11.718750,34.865944,52.734375,59.891415,hann
10,11.293815,3,17.578125,24.819279,52.734375,59.891415,hann
10,11.293815,4,23.437500,17.509491,52.734375,59.891415,hann
10,11.293815,5,29.296875,19.083942,52.734375,59.891415,hann
10,11.293815,6,35.156250,31.329483,52.734375,59.891415,hann
10,11.293815,7,41.015625,45.118401,52.734375,59.891415,hann
10,11.293815,8,46.875000,59.656097,52.734375,59.891415,hann
10,11.293815,9,52.734375,59.891415,52.734375,59.891415,hann
10,11.293815,10,58.593750,46.121147,52.734375,59.891415,hann
10,11.293815,11,64.453125,30.058516,52.734375,59.891415,hann
10,11.293815,12,70.312500,21.139130,52.734375,59.891415,hann
10,11.293815,13,76.171875,19.185320,52.734375,59.891415,hann
10,11.293815,14,82.031250,13.511559,52.734375,59.891415,hann
10,11.293815,15,87.890625,18.427057,52.734375,59.891415,hann
10,11.293815,16,93.750000,44.825401,52.734375,59.891415,hann
10,11.293815,17,99.609375,51.939400,52.734375,59.891415,hann
10,11.293815,18,105.468750,46.856491,52.734375,59.891415,hann
10,11.293815,19,111.328125,23.131088,52.734375,59.891415,hann
10,11.293815,20,117.187500,-4.251815,52.734375,59.891415,hann
10,11.293815,21,123.046875,2.990846,52.734375,59.891415,hann
10,11.293815,22,128.906250,11.260504,52.734375,59.891415,hann
10,11.293815,23,134.765625,9.546951,52.734375,59.891415,hann
10,11.293815,24,140.625000,27.841618,52.734375,59.891415,hann
10,11.293815,25,146.484375,43.285194,52.734375,59.891415,hann
10,11.293815,26,152.343750,43.806313,52.734375,59.891415,hann
10,11.293815,27,158.203125,29.869106,52.734375,59.891415,hann
10,11.293815,28,164.062500,10.734868,52.734375,59.891415,hann
10,11.293815,29,169.921875,18.688465,52.734375,59.891415,hann
10,11.293815,30,175.781250,6.021906,52.734375,59.891415,hann
10,11.293815,31,181.640625,9.904733,52.734375,59.891415,hann
10,11.293815,32,187.500000,11.989647,52.734375,59.891415,hann
10,11.293815,33,193.359375,33.663116,52.734375,59.891415,hann
10,11.293815,34,199.218750,39.952271,52.734375,59.891415,hann
10,11.293815,35,205.078125,34.824692,52.734375,59.891415,hann
10,11.293815,36,210.937500,13.880366,52.734375,59.891415,hann
10,11.293815,37,216.796875,10.386652,52.734375,59.891415,hann
10,11.293815,38,222.656250,11.036349,52.734375,59.891415,hann
10,11.293815,39,228.515625,6.649355,52.734375,59.891415,hann
10,11.293815,40,234.375000,1.772305,52.734375,59.891415,hann
10,11.293815,41,240.234375,22.028677,52.734375,59.891415,hann
10,11.293815,42,246.093750,33.882053,52.734375,59.891415,hann
10,11.293815,43,251.953125,34.518131,52.734375,59.891415,hann
10,11.293815,44,257.812500,24.220287,52.734375,59.891415,hann
10,11.293815,45,263.671875,-1.670181,52.734375,59.891415,hann
10,11.293815,46,269.531250,-12.736048,52.734375,59.891415,hann
10,11.293815,47,275.390625,-1.108700,52.734375,59.891415,hann
10,11.293815,48,281.250000,-1.652417,52.734375,59.891415,hann
10,11.293815,49,287.109375,12.204226,52.734375,59.891415,hann
10,11.293815,50,292.968750,27.350046,52.734375,59.891415,hann
10,11.293815,51,298.828125,34.991112,52.734375,59.891415,hann
10,11.293815,52,304.687500,29.633984,52.734375,59.891415,hann
10,11.293815,53,310.546875,8.583755,52.734375,59.891415,hann
10,11.293815,54,316.406250,3.707438,52.734375,59.891415,hann
10,11.293815,55,322.265625,6.636337,52.734375,59.891415,hann
10,11.293815,56,328.125000,7.117684,52.734375,59.891415,hann
10,11.293815,57,333.984375,0.048385,52.734375,59.891415,hann
10,11.293815,58,339.843750,24.991817,52.734375,59.891415,hann
10,11.293815,59,345.703125,38.398930,52.734375,59.891415,hann
10,11.293815,60,351.562500,39.497749,52.734375,59.891415,hann
10,11.293815,61,357.421875,28.713741,52.734375,59.891415,hann
10,11.293815,62,363.281250,10.532771,52.734375,59.891415,hann
10,11.293815,63,369.140625,10.992004,52.734375,59.891415,hann
10,11.293815,64,375.000000,3.653803,52.734375,59.891415,hann
10,11.293815,65,380.859375,3.938892,52.734375,59.891415,hann
10,11.293815,66,386.718750,8.731563,52.734375,59.891415,hann
10,11.293815,67,392.578125,25.931164,52.734375,59.891415,hann
10,11.293815,68,398.437500,33.088932,52.734375,59.891415,hann
10,11.293815,69,404.296875,28.300972,52.734375,59.891415,hann
10,11.293815,70,410.156250,14.264946,52.734375,59.891415,hann
10,11.293815,71,416.015625,12.354650,52.734375,59.891415,hann
10,11.293815,72,421.875000,3.551762,52.734375,59.891415,hann
10,11.293815,73,427.734375,10.531654,52.734375,59.891415,hann
10,11.293815,74,433.593750,16.128296,52.734375,59.891415,hann
10,11.293815,75,439.453125,13.155002,52.734375,59.891415,hann
10,11.293815,76,445.312500,32.960354,52.734375,59.891415,hann
10,11.293815,77,451.171875,34.882607,52.734375,59.891415,hann
10,11.293815,78,457.031250,22.886621,52.734375,59.891415,hann
10,11.293815,79,462.890625,12.080922,52.734375,59.891415,hann
10,11.293815,80,468.750000,7.568734,52.734375,59.891415,hann
10,11.293815,81,474.609375,5.143998,52.734375,59.891415,hann
10,11.293815,82,480.468750,11.879760,52.734375,59.891415,hann
10,11.293815,83,486.328125,3.127047,52.734375,59.891415,hann
10,11.293815,84,492.187500,27.243471,52.734375,59.891415,hann
10,11.293815,85,498.046875,34.517635,52.734375,59.891415,hann
10,11.293815,86,503.906250,30.221613,52.734375,59.891415,hann
10,11.293815,87,509.765625,5.205144,52.734375,59.891415,hann
10,11.293815,88,515.625000,-0.982187,52.734375,59.891415,hann
10,11.293815,89,521.484375,-9.375942,52.734375,59.891415,hann
10,11.293815,90,527.343750,2.275750,52.734375,59.891415,hann
10,11.293815,91,533.203125,6.394510,52.734375,59.891415,hann
10,11.293815,92,539.062500,14.595119,52.734375,59.891415,hann
10,11.293815,93,544.921875,31.942137,52.734375,59.891415,hann
10,11.293815,94,550.781250,33.786789,52.734375,59.891415,hann
10,11.293815,95,556.640625,21.683735,52.734375,59.891415,hann
10,11.293815,96,562.500000,10.655987,52.734375,59.891415,hann
10,11.293815,97,568.359375,-1.570635,52.734375,59.891415,hann
10,11.293815,98,574.218750,1.323796,52.734375,59.891415,hann
10,11.293815,99,580.078125,5.280426,52.734375,59.891415,hann
10,11.293815,100,585.937500,-0.529320,52.734375,59.891415,hann
10,11.293815,101,591.796875,24.790972,52.734375,59.891415,hann
10,11.293815,102,597.656250,32.663837,52.734375,59.891415,hann
10,11.293815,103,603.515625,28.789597,52.734375,59.891415,hann
10,11.293815,104,609.375000,0.068793,52.734375,59.891415,hann
10,11.293815,105,615.234375,4.418800,52.734375,59.891415,hann
10,11.293815,106,621.093750,10.543821,52.734375,59.891415,hann
10,11.293815,107,626.953125,12.948627,52.734375,59.891415,hann
10,11.293815,108,632.812500,8.035115,52.734375,59.891415,hann
10,11.293815,109,638.671875,3.966103,52.734375,59.891415,hann
10,11.293815,110,644.531250,19.122517,52.734375,59.891415,hann
10,11.293815,111,650.390625,20.896837,52.734375,59.891415,hann
10,11.293815,112,656.250000,11.727237,52.734375,59.891415,hann
10,11.293815,113,662.109375,4.707029,52.734375,59.891415,hann
10,11.293815,114,667.968750,7.096559,52.734375,59.891415,hann
10,11.293815,115,673.828125,-2.747927,52.734375,59.891415,hann
10,11.293815,116,679.687500,7.771237,52.734375,59.891415,hann
10,11.293815,117,685.546875,4.966542,52.734375,59.891415,hann
10,11.293815,118,691.406250,25.229679,52.734375,59.891415,hann
10,11.293815,119,697.265625,32.558712,52.734375,59.891415,hann
10,11.293815,120,703.125000,28.876301,52.734375,59.891415,hann
10,11.293815,121,708.984375,11.767199,52.734375,59.891415,hann
10,11.293815,122,714.843750,-1.506922,52.734375,59.891415,hann
10,11.293815,123,720.703125,5.455134,52.734375,59.891415,hann
10,11.293815,124,726.562500,3.965036,52.734375,59.891415,hann
10,11.293815,125,732.421875,6.471483,52.734375,59.891415,hann
10,11.293815,126,738.281250,15.221019,52.734375,59.891415,hann
10,11.293815,127,744.140625,23.596476,52.734375,59.891415,hann
10,11.293815,128,750.000000,25.805082,52.734375,59.891415,hann
10,11.293815,129,755.859375,18.302378,52.734375,59.891415,hann
10,11.293815,130,761.718750,1.403764,52.734375,59.891415,hann
10,11.293815,131,767.578125,11.360851,52.734375,59.891415,hann
10,11.293815,132,773.437500,5.612256,52.734375,59.891415,hann
10,11.293815,133,779.296875,12.313562,52.734375,59.891415,hann
10,11.293815,134,785.156250,-2.436583,52.734375,59.891415,hann
10,11.293815,135,791.015625,23.392475,52.734375,59.891415,hann
10,11.293815,136,796.875000,31.861549,52.734375,59.891415,hann
10,11.293815,137,802.734375,29.741220,52.734375,59.891415,hann
10,11.293815,138,808.593750,16.947594,52.734375,59.891415,hann
10,11.293815,139,814.453125,5.463768,52.734375,59.891415,hann
10,11.293815,140,820.312500,4.072995,52.734375,59.891415,hann
10,11.293815,141,826.171875,3.305992,52.734375,59.891415,hann
10,11.293815,142,832.031250,8.992676,52.734375,59.891415,hann
10,11.293815,143,837.890625,17.140371,52.734375,59.891415,hann
10,11.293815,144,843.750000,15.474354,52.734375,59.891415,hann
10,11.293815,145,849.609375,16.897823,52.734375,59.891415,hann
10,11.293815,146,855.468750,3.587562,52.734375,59.891415,hann
10,11.293815,147,861.328125,5.586329,52.734375,59.891415,hann
10,11.293815,148,867.187500,-5.647212,52.734375,59.891415,hann
10,11.293815,149,873.046875,-4.409815,52.734375,59.891415,hann
10,11.293815,150,878.906250,10.910866,52.734375,59.891415,hann
10,11.293815,151,884.765625,6.634082,52.734375,59.891415,hann
10,11.293815,152,890.625000,25.527971,52.734375,59.891415,hann
10,11.293815,153,896.484375,36.057800,52.734375,59.891415,hann
10,11.293815,154,902.343750,34.832832,52.734375,59.891415,hann
10,11.293815,155,908.203125,23.116247,52.734375,59.891415,hann
10,11.293815,156,914.062500,-3.883071,52.734375,59.891415,hann
10,11.293815,157,919.921875,11.084869,52.734375,59.891415,hann
10,11.293815,158,925.781250,-4.692231,52.734375,59.891415,hann
10,11.293815,159,931.640625,16.293232,52.734375,59.891415,hann
10,11.293815,160,937.500000,22.006237,52.734375,59.891415,hann
10,11.293815,161,943.359375,41.750828,52.734375,59.891415,hann
10,11.293815,162,949.218750,47.020630,52.734375,59.891415,hann
10,11.293815,163,955.078125,40.672127,52.734375,59.891415,hann
10,11.293815,164,960.937500,26.421015,52.734375,59.891415,hann
10,11.293815,165,966.796875,4.227656,52.734375,59.891415,hann
10,11.293815,166,972.656250,10.491735,52.734375,59.891415,hann
10,11.293815,167,978.515625,14.319800,52.734375,59.891415,hann
10,11.293815,168,984.375000,31.884920,52.734375,59.891415,hann
10,11.293815,169,990.234375,45.140911,52.734375,59.891415,hann
10,11.293815,170,996.093750,57.663654,52.734375,59.891415,hann
10,11.293815,171,1001.953125,56.420738,52.734375,59.891415,hann
10,11.293815,172,1007.812500,40.020638,52.734375,59.891415,hann
10,11.293815,173,1013.671875,20.459873,52.734375,59.891415,hann
10,11.293815,174,1019.531250,22.539471,52.734375,59.891415,hann
10,11.293815,175,1025.390625,17.087881,52.734375,59.891415,hann
10,11.293815,176,1031.250000,17.829350,52.734375,59.891415,hann
10,11.293815,177,1037.109375,17.694818,52.734375,59.891415,hann
10,11.293815,178,1042.968750,40.326248,52.734375,59.891415,hann
10,11.293815,179,1048.828125,45.740299,52.734375,59.891415,hann
10,11.293815,180,1054.687500,39.081032,52.734375,59.891415,hann
10,11.293815,181,1060.546875,27.344936,52.734375,59.891415,hann
10,11.293815,182,1066.406250,14.493723,52.734375,59.891415,hann
10,11.293815,183,1072.265625,8.732619,52.734375,59.891415,hann
10,11.293815,184,1078.125000,17.480417,52.734375,59.891415,hann
10,11.293815,185,1083.984375,6.656251,52.734375,59.891415,hann
10,11.293815,186,1089.843750,21.439949,52.734375,59.891415,hann
10,11.293815,187,1095.703125,36.664330,52.734375,59.891415,hann
10,11.293815,188,1101.562500,36.343235,52.734375,59.891415,hann
10,11.293815,189,1107.421875,23.577839,52.734375,59.891415,hann
10,11.293815,190,1113.281250,13.068676,52.734375,59.891415,hann
10,11.293815,191,1119.140625,9.030848,52.734375,59.891415,hann
10,11.293815,192,1125.000000,5.258992,52.734375,59.891415,hann
10,11.293815,193,1130.859375,3.631920,52.734375,59.891415,hann
10,11.293815,194,1136.718750,13.015373,52.734375,59.891415,hann
10,11.293815,195,1142.578125,24.525139,52.734375,59.891415,hann
10,11.293815,196,1148.437500,26.290352,52.734375,59.891415,hann
10,11.293815,197,1154.296875,19.912819,52.734375,59.891415,hann
10,11.293815,198,1160.156250,10.941704,52.734375,59.891415,hann
10,11.293815,199,1166.015625,7.561180,52.734375,59.891415,hann
10,11.293815,200,1171.875000,3.758202,52.734375,59.891415,hann
10,11.293815,201,1177.734375,-4.318886,52.734375,59.891415,hann
10,11.293815,202,1183.593750,14.093951,52.734375,59.891415,hann
10,11.293815,203,1189.453125,16.417171,52.734375,59.891415,hann
10,11.293815,204,1195.312500,29.357376,52.734375,59.891415,hann
10,11.293815,205,1201.171875,28.002254,52.734375,59.891415,hann
10,11.293815,206,1207.031250,4.632380,52.734375,59.891415,hann
10,11.293815,207,1212.890625,8.953509,52.734375,59.891415,hann
10,11.293815,208,1218.750000,5.570936,52.734375,59.891415,hann
10,11.293815,209,1224.609375,5.081549,52.734375,59.891415,hann
10,11.293815,210,1230.468750,-5.593815,52.734375,59.891415,hann
10,11.293815,211,1236.328125,11.106930,52.734375,59.891415,hann
10,11.293815,212,1242.187500,22.367575,52.734375,59.891415,hann
10,11.293815,213,1248.046875,28.349655,52.734375,59.891415,hann
10,11.293815,214,1253.906250,22.350275,52.734375,59.891415,hann
10,11.293815,215,1259.765625,8.366286,52.734375,59.891415,hann
10,11.293815,216,1265.625000,-3.848145,52.734375,59.891415,hann
10,11.293815,217,1271.484375,6.255398,52.734375,59.891415,hann
10,11.293815,218,1277.343750,8.459118,52.734375,59.891415,hann
10,11.293815,219,1283.203125,1.642647,52.734375,59.891415,hann
10,11.293815,220,1289.062500,5.726945,52.734375,59.891415,hann
10,11.293815,221,1294.921875,22.602539,52.734375,59.891415,hann
10,11.293815,222,1300.781250,21.998415,52.734375,59.891415,hann
10,11.293815,223,1306.640625,9.094746,52.734375,59.891415,hann
10,11.293815,224,1312.500000,10.674396,52.734375,59.891415,hann
10,11.293815,225,1318.359375,3.619717,52.734375,59.891415,hann
10,11.293815,226,1324.218750,5.225550,52.734375,59.891415,hann
10,11.293815,227,1330.078125,4.191329,52.734375,59.891415,hann
10,11.293815,228,1335.937500,5.560529,52.734375,59.891415,hann
10,11.293815,229,1341.796875,25.789188,52.734375,59.891415,hann
10,11.293815,230,1347.656250,30.263218,52.734375,59.891415,hann
10,11.293815,231,1353.515625,21.440813,52.734375,59.891415,hann
10,11.293815,232,1359.375000,12.941433,52.734375,59.891415,hann
10,11.293815,233,1365.234375,4.273633,52.734375,59.891415,hann
10,11.293815,234,1371.093750,5.007723,52.734375,59.891415,hann
10,11.293815,235,1376.953125,4.003291,52.734375,59.891415,hann
10,11.293815,236,1382.812500,8.322963,52.734375,59.891415,hann
10,11.293815,237,1388.671875,15.589378,52.734375,59.891415,hann
10,11.293815,238,1394.531250,25.097591,52.734375,59.891415,hann
10,11.293815,239,1400.390625,24.311703,52.734375,59.891415,hann
10,11.293815,240,1406.250000,-4.420987,52.734375,59.891415,hann
10,11.293815,241,1412.109375,6.306971,52.734375,59.891415,hann
10,11.293815,242,1417.968750,1.623682,52.734375,59.891415,hann
10,11.293815,243,1423.828125,5.075168,52.734375,59.891415,hann
10,11.293815,244,1429.687500,8.522860,52.734375,59.891415,hann
10,11.293815,245,1435.546875,11.389078,52.734375,59.891415,hann
10,11.293815,246,1441.406250,14.565620,52.734375,59.891415,hann
10,11.293815,247,1447.265625,21.494835,52.734375,59.891415,hann
10,11.293815,248,1453.125000,12.534909,52.734375,59.891415,hann
10,11.293815,249,1458.984375,15.925491,52.734375,59.891415,hann
10,11.293815,250,1464.843750,8.001391,52.734375,59.891415,hann
10,11.293815,251,1470.703125,1.802113,52.734375,59.891415,hann
10,11.293815,252,1476.562500,-0.014310,52.734375,59.891415,hann
10,11.293815,253,1482.421875,4.897767,52.734375,59.891415,hann
10,11.293815,254,1488.281250,13.586830,52.734375,59.891415,hann
10,11.293815,255,1494.140625,21.721933,52.734375,59.891415,hann
10,11.293815,256,1500.000000,20.224104,52.734375,59.891415,hann
10,11.293815,257,1505.859375,12.493084,52.734375,59.891415,hann
10,11.293815,258,1511.718750,14.435039,52.734375,59.891415,hann
10,11.293815,259,1517.578125,4.317275,52.734375,59.891415,hann
10,11.293815,260,1523.437500,5.908460,52.734375,59.891415,hann
10,11.293815,261,1529.296875,2.111651,52.734375,59.891415,hann
10,11.293815,262,1535.156250,7.464503,52.734375,59.891415,hann
10,11.293815,263,1541.015625,24.314304,52.734375,59.891415,hann
10,11.293815,264,1546.875000,28.870384,52.734375,59.891415,hann
10,11.293815,265,1552.734375,20.739058,52.734375,59.891415,hann
10,11.293815,266,1558.593750,12.850708,52.734375,59.891415,hann
10,11.293815,267,1564.453125,4.654865,52.734375,59.891415,hann
10,11.293815,268,1570.312500,7.206583,52.734375,59.891415,hann
10,11.293815,269,1576.171875,0.871265,52.734375,59.891415,hann
10,11.293815,270,1582.031250,5.094018,52.734375,59.891415,hann
10,11.293815,271,1587.890625,11.643852,52.734375,59.891415,hann
10,11.293815,272,1593.750000,22.893234,52.734375,59.891415,hann
10,11.293815,273,1599.609375,23.143873,52.734375,59.891415,hann
10,11.293815,274,1605.468750,9.220850,52.734375,59.891415,hann
10,11.293815,275,1611.328125,9.624265,52.734375,59.891415,hann
10,11.293815,276,1617.187500,0.967080,52.734375,59.891415,hann
10,11.293815,277,1623.046875,-1.047109,52.734375,59.891415,hann
10,11.293815,278,1628.906250,-8.160382,52.734375,59.891415,hann
10,11.293815,279,1634.765625,2.282326,52.734375,59.891415,hann
10,11.293815,280,1640.625000,18.260328,52.734375,59.891415,hann
10,11.293815,281,1646.484375,27.089632,52.734375,59.891415,hann
10,11.293815,282,1652.343750,21.801031,52.734375,59.891415,hann
10,11.293815,283,1658.203125,14.418101,52.734375,59.891415,hann
10,11.293815,284,1664.062500,6.001025,52.734375,59.891415,hann
10,11.293815,285,1669.921875,6.531913,52.734375,59.891415,hann
10,11.293815,286,1675.781250,11.788507,52.734375,59.891415,hann
10,11.293815,287,1681.640625,11.514894,52.734375,59.891415,hann
10,11.293815,288,1687.500000,15.743070,52.734375,59.891415,hann
10,11.293815,289,1693.359375,24.201241,52.734375,59.891415,hann
10,11.293815,290,1699.218750,23.781998,52.734375,59.891415,hann
10,11.293815,291,1705.078125,17.229881,52.734375,59.891415,hann
10,11.293815,292,1710.937500,18.316944,52.734375,59.891415,hann
10,11.293815,293,1716.796875,11.125674,52.734375,59.891415,hann
10,11.293815,294,1722.656250,4.670821,52.734375,59.891415,hann
10,11.293815,295,1728.515625,10.329449,52.734375,59.891415,hann
10,11.293815,296,1734.375000,7.923576,52.734375,59.891415,hann
10,11.293815,297,1740.234375,18.036812,52.734375,59.891415,hann
10,11.293815,298,1746.093750,25.594709,52.734375,59.891415,hann
10,11.293815,299,1751.953125,14.215553,52.734375,59.891415,hann
10,11.293815,300,1757.812500,20.297640,52.734375,59.891415,hann
10,11.293815,301,1763.671875,11.641488,52.734375,59.891415,hann
10,11.293815,302,1769.531250,8.833102,52.734375,59.891415,hann
10,11.293815,303,1775.390625,0.079594,52.734375,59.891415,hann
10,11.293815,304,1781.250000,-6.559598,52.734375,59.891415,hann
10,11.293815,305,1787.109375,3.008621,52.734375,59.891415,hann
10,11.293815,306,1792.968750,23.330273,52.734375,59.891415,hann
10,11.293815,307,1798.828125,25.924591,52.734375,59.891415,hann
10,11.293815,308,1804.687500,12.714603,52.734375,59.891415,hann
10,11.293815,309,1810.546875,9.272166,52.734375,59.891415,hann
10,11.293815,310,1816.406250,6.800162,52.734375,59.891415,hann
10,11.293815,311,1822.265625,10.151620,52.734375,59.891415,hann
10,11.293815,312,1828.125000,8.924908,52.734375,59.891415,hann
10,11.293815,313,1833.984375,7.882326,52.734375,59.891415,hann
10,11.293815,314,1839.843750,-10.308224,52.734375,59.891415,hann
10,11.293815,315,1845.703125,14.404583,52.734375,59.891415,hann
10,11.293815,316,1851.562500,8.043049,52.734375,59.891415,hann
10,11.293815,317,1857.421875,18.876547,52.734375,59.891415,hann
10,11.293815,318,1863.281250,15.077186,52.734375,59.891415,hann
10,11.293815,319,1869.140625,7.536836,52.734375,59.891415,hann
10,11.293815,320,1875.000000,10.739102,52.734375,59.891415,hann
10,11.293815,321,1880.859375,5.903590,52.734375,59.891415,hann
10,11.293815,322,1886.718750,19.733599,52.734375,59.891415,hann
10,11.293815,323,1892.578125,20.730398,52.734375,59.891415,hann
10,11.293815,324,1898.437500,12.067204,52.734375,59.891415,hann
10,11.293815,325,1904.296875,19.294188,52.734375,59.891415,hann
10,11.293815,326,1910.156250,17.842854,52.734375,59.891415,hann
10,11.293815,327,1916.015625,12.702912,52.734375,59.891415,hann
10,11.293815,328,1921.875000,10.385450,52.734375,59.891415,hann
10,11.293815,329,1927.734375,7.424780,52.734375,59.891415,hann
10,11.293815,330,1933.593750,19.254007,52.734375,59.891415,hann
10,11.293815,331,1939.453125,28.500019,52.734375,59.891415,hann
10,11.293815,332,1945.312500,37.382908,52.734375,59.891415,hann
10,11.293815,333,1951.171875,36.429008,52.734375,59.891415,hann
10,11.293815,334,1957.031250,29.475004,52.734375,59.891415,hann
10,11.293815,335,1962.890625,16.562937,52.734375,59.891415,hann
10,11.293815,336,1968.750000,14.246986,52.734375,59.891415,hann
10,11.293815,337,1974.609375,20.015186,52.734375,59.891415,hann
10,11.293815,338,1980.468750,25.168911,52.734375,59.891415,hann
10,11.293815,339,1986.328125,22.822994,52.734375,59.891415,hann
10,11.293815,340,1992.187500,43.954010,52.734375,59.891415,hann
10,11.293815,341,1998.046875,46.987785,52.734375,59.891415,hann
10,11.293815,342,2003.906250,41.243034,52.734375,59.891415,hann
10,11.293815,343,2009.765625,40.368706,52.734375,59.891415,hann
10,11.293815,344,2015.625000,16.790741,52.734375,59.891415,hann
10,11.293815,345,2021.484375,24.186176,52.734375,59.891415,hann
10,11.293815,346,2027.343750,17.375696,52.734375,59.891415,hann
10,11.293815,347,2033.203125,20.384716,52.734375,59.891415,hann
10,11.293815,348,2039.062500,21.827621,52.734375,59.891415,hann
10,11.293815,349,2044.921875,36.314137,52.734375,59.891415,hann
10,11.293815,350,2050.781250,36.429245,52.734375,59.891415,hann
10,11.293815,351,2056.640625,31.121735,52.734375,59.891415,hann
10,11.293815,352,2062.500000,21.278036,52.734375,59.891415,hann
10,11.293815,353,2068.359375,11.241585,52.734375,59.891415,hann
10,11.293815,354,2074.218750,8.993255,52.734375,59.891415,hann
10,11.293815,355,2080.078125,5.707543,52.734375,59.891415,hann
10,11.293815,356,2085.937500,14.304753,52.734375,59.891415,hann
10,11.293815,357,2091.796875,21.450064,52.734375,59.891415,hann
10,11.293815,358,2097.656250,27.410690,52.734375,59.891415,hann
10,11.293815,359,2103.515625,23.288652,52.734375,59.891415,hann
10,11.293815,360,2109.375000,15.403032,52.734375,59.891415,hann
10,11.293815,361,2115.234375,14.304300,52.734375,59.891415,hann
10,11.293815,362,2121.093750,9.294614,52.734375,59.891415,hann
10,11.293815,363,2126.953125,4.529111,52.734375,59.891415,hann
10,11.293815,364,2132.812500,4.486263,52.734375,59.891415,hann
10,11.293815,365,2138.671875,16.249573,52.734375,59.891415,hann
10,11.293815,366,2144.531250,26.604998,52.734375,59.891415,hann
10,11.293815,367,2150.390625,22.763680,52.734375,59.891415,hann
10,11.293815,368,2156.250000,13.124088,52.734375,59.891415,hann
10,11.293815,369,2162.109375,1.873198,52.734375,59.891415,hann
10,11.293815,370,2167.968750,10.040133,52.734375,59.891415,hann
10,11.293815,371,2173.828125,1.282581,52.734375,59.891415,hann
10,11.293815,372,2179.687500,-6.315582,52.734375,59.891415,hann
10,11.293815,373,2185.546875,9.424263,52.734375,59.891415,hann
10,11.293815,374,2191.406250,11.453526,52.734375,59.891415,hann
10,11.293815,375,2197.265625,16.561392,52.734375,59.891415,hann
10,11.293815,376,2203.125000,17.694019,52.734375,59.891415,hann
10,11.293815,377,2208.984375,18.563301,52.734375,59.891415,hann
10,11.293815,378,2214.843750,3.821726,52.734375,59.891415,hann
10,11.293815,379,2220.703125,10.651999,52.734375,59.891415,hann
10,11.293815,380,2226.562500,11.747809,52.734375,59.891415,hann
10,11.293815,381,2232.421875,1.365181,52.734375,59.891415,hann
10,11.293815,382,2238.281250,12.855615,52.734375,59.891415,hann
10,11.293815,383,2244.140625,24.581240,52.734375,59.891415,hann
10,11.293815,384,2250.000000,20.442104,52.734375,59.891415,hann
10,11.293815,385,2255.859375,16.282101,52.734375,59.891415,hann
10,11.293815,386,2261.718750,14.523911,52.734375,59.891415,hann
10,11.293815,387,2267.578125,2.745240,52.734375,59.891415,hann
10,11.293815,388,2273.437500,11.034755,52.734375,59.891415,hann
10,11.293815,389,2279.296875,12.117939,52.734375,59.891415,hann
10,11.293815,390,2285.156250,9.487128,52.734375,59.891415,hann
10,11.293815,391,2291.015625,15.200757,52.734375,59.891415,hann
10,11.293815,392,2296.875000,18.481480,52.734375,59.891415,hann
10,11.293815,393,2302.734375,3.140569,52.734375,59.891415,hann
10,11.293815,394,2308.593750,16.882465,52.734375,59.891415,hann
10,11.293815,395,2314.453125,11.954002,52.734375,59.891415,hann
10,11.293815,396,2320.312500,-0.318175,52.734375,59.891415,hann
10,11.293815,397,2326.171875,11.216702,52.734375,59.891415,hann
10,11.293815,398,2332.031250,5.453742,52.734375,59.891415,hann
10,11.293815,399,2337.890625,3.486575,52.734375,59.891415,hann
10,11.293815,400,2343.750000,14.962398,52.734375,59.891415,hann
10,11.293815,401,2349.609375,7.403383,52.734375,59.891415,hann
10,11.293815,402,2355.468750,19.223471,52.734375,59.891415,hann
10,11.293815,403,2361.328125,16.539295,52.734375,59.891415,hann
10,11.293815,404,2367.187500,7.615533,52.734375,59.891415,hann
10,11.293815,405,2373.046875,4.109937,52.734375,59.891415,hann
10,11.293815,406,2378.906250,-0.754560,52.734375,59.891415,hann
10,11.293815,407,2384.765625,3.988981,52.734375,59.891415,hann
10,11.293815,408,2390.625000,12.071529,52.734375,59.891415,hann
10,11.293815,409,2396.484375,17.777290,52.734375,59.891415,hann
10,11.293815,410,2402.343750,14.545815,52.734375,59.891415,hann
10,11.293815,411,2408.203125,21.199625,52.734375,59.891415,hann
10,11.293815,412,2414.062500,15.416411,52.734375,59.891415,hann
10,11.293815,413,2419.921875,5.037673,52.734375,59.891415,hann
10,11.293815,414,2425.781250,8.910143,52.734375,59.891415,hann
10,11.293815,415,2431.640625,6.839937,52.734375,59.891415,hann
10,11.293815,416,2437.500000,11.321175,52.734375,59.891415,hann
10,11.293815,417,2443.359375,20.046833,52.734375,59.891415,hann
10,11.293815,418,2449.218750,17.098169,52.734375,59.891415,hann
10,11.293815,419,2455.078125,15.881057,52.734375,59.891415,hann
10,11.293815,420,2460.937500,17.092894,52.734375,59.891415,hann
10,11.293815,421,2466.796875,10.525682,52.734375,59.891415,hann
10,11.293815,422,2472.656250,5.463135,52.734375,59.891415,hann
10,11.293815,423,2478.515625,7.769454,52.734375,59.891415,hann
10,11.293815,424,2484.375000,-1.907782,52.734375,59.891415,hann
10,11.293815,425,2490.234375,2.599998,52.734375,59.891415,hann
10,11.293815,426,2496.093750,3.036889,52.734375,59.891415,hann
10,11.293815,427,2501.953125,14.439139,52.734375,59.891415,hann
10,11.293815,428,2507.812500,18.546530,52.734375,59.891415,hann
10,11.293815,429,2513.671875,12.545959,52.734375,59.891415,hann
10,11.293815,430,2519.531250,1.631346,52.734375,59.891415,hann
10,11.293815,431,2525.390625,9.705400,52.734375,59.891415,hann
10,11.293815,432,2531.250000,3.879564,52.734375,59.891415,hann
10,11.293815,433,2537.109375,-4.106424,52.734375,59.891415,hann
10,11.293815,434,2542.968750,16.318607,52.734375,59.891415,hann
10,11.293815,435,2548.828125,10.403110,52.734375,59.891415,hann
10,11.293815,436,2554.687500,18.306881,52.734375,59.891415,hann
10,11.293815,437,2560.546875,17.624363,52.734375,59.891415,hann
10,11.293815,438,2566.406250,11.060161,52.734375,59.891415,hann
10,11.293815,439,2572.265625,6.119120,52.734375,59.891415,hann
10,11.293815,440,2578.125000,-5.590637,52.734375,59.891415,hann
10,11.293815,441,2583.984375,7.707759,52.734375,59.891415,hann
10,11.293815,442,2589.843750,13.603873,52.734375,59.891415,hann
10,11.293815,443,2595.703125,16.474964,52.734375,59.891415,hann
10,11.293815,444,2601.562500,17.157747,52.734375,59.891415,hann
10,11.293815,445,2607.421875,17.343975,52.734375,59.891415,hann
10,11.293815,446,2613.281250,12.553974,52.734375,59.891415,hann
10,11.293815,447,2619.140625,5.953907,52.734375,59.891415,hann
10,11.293815,448,2625.000000,-1.084900,52.734375,59.891415,hann
10,11.293815,449,2630.859375,5.118940,52.734375,59.891415,hann
10,11.293815,450,2636.718750,4.219332,52.734375,59.891415,hann
10,11.293815,451,2642.578125,16.705921,52.734375,59.891415,hann
10,11.293815,452,2648.437500,14.219971,52.734375,59.891415,hann
10,11.293815,453,2654.296875,15.014997,52.734375,59.891415,hann
10,11.293815,454,2660.156250,11.048421,52.734375,59.891415,hann
10,11.293815,455,2666.015625,8.297844,52.734375,59.891415,hann
10,11.293815,456,2671.875000,9.944229,52.734375,59.891415,hann
10,11.293815,457,2677.734375,4.099515,52.734375,59.891415,hann
10,11.293815,458,2683.593750,-0.225291,52.734375,59.891415,hann
10,11.293815,459,2689.453125,8.503230,52.734375,59.891415,hann
10,11.293815,460,2695.312500,16.337671,52.734375,59.891415,hann
10,11.293815,461,2701.171875,13.083506,52.734375,59.891415,hann
10,11.293815,462,2707.031250,14.035596,52.734375,59.891415,hann
10,11.293815,463,2712.890625,11.679645,52.734375,59.891415,hann
10,11.293815,464,2718.750000,6.683475,52.734375,59.891415,hann
10,11.293815,465,2724.609375,0.254327,52.734375,59.891415,hann
10,11.293815,466,2730.468750,4.537853,52.734375,59.891415,hann
10,11.293815,467,2736.328125,12.084164,52.734375,59.891415,hann
10,11.293815,468,2742.187500,13.029608,52.734375,59.891415,hann
10,11.293815,469,2748.046875,9.768971,52.734375,59.891415,hann
10,11.293815,470,2753.906250,8.167131,52.734375,59.891415,hann
10,11.293815,471,2759.765625,13.401857,52.734375,59.891415,hann
10,11.293815,472,2765.625000,14.530021,52.734375,59.891415,hann
10,11.293815,473,2771.484375,1.501741,52.734375,59.891415,hann
10,11.293815,474,2777.343750,5.831723,52.734375,59.891415,hann
10,11.293815,475,2783.203125,9.587362,52.734375,59.891415,hann
10,11.293815,476,2789.062500,19.221207,52.734375,59.891415,hann
10,11.293815,477,2794.921875,21.772329,52.734375,59.891415,hann
10,11.293815,478,2800.781250,14.405078,52.734375,59.891415,hann
10,11.293815,479,2806.640625,18.063049,52.734375,59.891415,hann
10,11.293815,480,2812.500000,11.173536,52.734375,59.891415,hann
10,11.293815,481,2818.359375,-0.264357,52.734375,59.891415,hann
10,11.293815,482,2824.218750,-0.679376,52.734375,59.891415,hann
10,11.293815,483,2830.078125,4.937401,52.734375,59.891415,hann
10,11.293815,484,2835.937500,7.808497,52.734375,59.891415,hann
10,11.293815,485,2841.796875,15.354296,52.734375,59.891415,hann
10,11.293815,486,2847.656250,15.700726,52.734375,59.891415,hann
10,11.293815,487,2853.515625,12.588072,52.734375,59.891415,hann
10,11.293815,488,2859.375000,16.318312,52.734375,59.891415,hann
10,11.293815,489,2865.234375,13.208413,52.734375,59.891415,hann
10,11.293815,490,2871.093750,8.395609,52.734375,59.891415,hann
10,11.293815,491,2876.953125,7.956471,52.734375,59.891415,hann
10,11.293815,492,2882.812500,13.761036,52.734375,59.891415,hann
10,11.293815,493,2888.671875,12.496529,52.734375,59.891415,hann
10,11.293815,494,2894.531250,24.167835,52.734375,59.891415,hann
10,11.293815,495,2900.390625,23.743378,52.734375,59.891415,hann
10,11.293815,496,2906.250000,23.504068,52.734375,59.891415,hann
10,11.293815,497,2912.109375,15.224939,52.734375,59.891415,hann
10,11.293815,498,2917.968750,5.249383,52.734375,59.891415,hann
10,11.293815,499,2923.828125,7.392314,52.734375,59.891415,hann
10,11.293815,500,2929.687500,7.230071,52.734375,59.891415,hann
10,11.293815,501,2935.546875,-12.395170,52.734375,59.891415,hann
10,11.293815,502,2941.406250,30.277288,52.734375,59.891415,hann
10,11.293815,503,2947.265625,34.070248,52.734375,59.891415,hann
10,11.293815,504,2953.125000,34.435089,52.734375,59.891415,hann
10,11.293815,505,2958.984375,30.847208,52.734375,59.891415,hann
10,11.293815,506,2964.843750,13.682017,52.734375,59.891415,hann
10,11.293815,507,2970.703125,16.732771,52.734375,59.891415,hann
10,11.293815,508,2976.562500,13.458141,52.734375,59.891415,hann
10,11.293815,509,2982.421875,25.209578,52.734375,59.891415,hann
10,11.293815,510,2988.281250,32.469994,52.734375,59.891415,hann
10,11.293815,511,2994.140625,43.386551,52.734375,59.891415,hann
11,12.316184,0,0.000000,35.048626,52.734375,57.665237,hann
11,12.316184,1,5.859375,43.165619,52.734375,57.665237,hann
11,12.316184,2,11.718750,42.641178,52.734375,57.665237,hann
11,12.316184,3,17.578125,38.125111,52.734375,57.665237,hann
11,12.316184,4,23.437500,28.713310,52.734375,57.665237,hann
11,12.316184,5,29.296875,26.954254,52.734375,57.665237,hann
11,12.316184,6,35.156250,34.700527,52.734375,57.665237,hann
11,12.316184,7,41.015625,43.891045,52.734375,57.665237,hann
11,12.316184,8,46.875000,57.519737,52.734375,57.665237,hann
11,12.316184,9,52.734375,57.665237,52.734375,57.665237,hann
11,12.316184,10,58.593750,44.474236,52.734375,57.665237,hann
11,12.316184,11,64.453125,24.803288,52.734375,57.665237,hann
11,12.316184,12,70.312500,23.584736,52.734375,57.665237,hann
11,12.316184,13,76.171875,16.214571,52.734375,57.665237,hann
11,12.316184,14,82.031250,8.058249,52.734375,57.665237,hann
11,12.316184,15,87.890625,8.905545,52.734375,57.665237,hann
11,12.316184,16,93.750000,42.238632,52.734375,57.665237,hann
11,12.316184,17,99.609375,48.854984,52.734375,57.665237,hann
11,12.316184,18,105.468750,42.856346,52.734375,57.665237,hann
11,12.316184,19,111.328125,17.138247,52.734375,57.665237,hann
11,12.316184,20,117.187500,15.292281,52.734375,57.665237,hann
11,12.316184,21,123.046875,4.168272,52.734375,57.665237,hann
11,12.316184,22,128.906250,10.139998,52.734375,57.665237,hann
11,12.316184,23,134.765625,0.764377,52.734375,57.665237,hann
11,12.316184,24,140.625000,28.400360,52.734375,57.665237,hann
11,12.316184,25,146.484375,41.340454,52.734375,57.665237,hann
11,12.316184,26,152.343750,41.290623,52.734375,57.665237,hann
11,12.316184,27,158.203125,25.760250,52.734375,57.665237,hann
11,12.316184,28,164.062500,15.149521,52.734375,57.665237,hann
11,12.316184,29,169.921875,15.423845,52.734375,57.665237,hann
11,12.316184,30,175.781250,12.605175,52.734375,57.665237,hann
11,12.316184,31,181.640625,10.608046,52.734375,57.665237,hann
11,12.316184,32,187.500000,12.109824,52.734375,57.665237,hann
11,12.316184,33,193.359375,27.402016,52.734375,57.665237,hann
11,12.316184,34,199.218750,34.429707,52.734375,57.665237,hann
11,12.316184,35,205.078125,29.055874,52.734375,57.665237,hann
11,12.316184,36,210.937500,9.613128,52.734375,57.665237,hann
11,12.316184,37,216.796875,10.815072,52.734375,57.665237,hann
11,12.316184,38,222.656250,9.575020,52.734375,57.665237,hann
11,12.316184,39,228.515625,9.563130,52.734375,57.665237,hann
11,12.316184,40,234.375000,9.824303,52.734375,57.665237,hann
11,12.316184,41,240.234375,4.992983,52.734375,57.665237,hann
11,12.316184,42,246.093750,25.579773,52.734375,57.665237,hann
11,12.316184,43,251.953125,27.441149,52.734375,57.665237,hann
11,12.316184,44,257.812500,19.327766,52.734375,57.665237,hann
11,12.316184,45,263.671875,10.024105,52.734375,57.665237,hann
11,12.316184,46,269.531250,9.068144,52.734375,57.665237,hann
11,12.316184,47,275.390625,10.301283,52.734375,57.665237,hann
11,12.316184,48,281.250000,14.097814,52.734375,57.665237,hann
11,12.316184,49,287.109375,5.703006,52.734375,57.665237,hann
11,12.316184,50,292.968750,28.180317,52.734375,57.665237,hann
11,12.316184,51,298.828125,35.720020,52.734375,57.665237,hann
11,12.316184,52,304.687500,31.181091,52.734375,57.665237,hann
11,12.316184,53,310.546875,11.265521,52.734375,57.665237,hann
11,12.316184,54,316.406250,11.545021,52.734375,57.665237,hann
11,12.316184,55,322.265625,8.540224,52.734375,57.665237,hann
11,12.316184,56,328.125000,11.899829,52.734375,57.665237,hann
11,12.316184,57,333.984375,11.094197,52.734375,57.665237,hann
11,12.316184,58,339.843750,24.504211,52.734375,57.665237,hann
11,12.316184,59,345.703125,38.717533,52.734375,57.665237,hann
11,12.316184,60,351.562500,40.053844,52.734375,57.665237,hann
11,12.316184,61,357.421875,28.965063,52.734375,57.665237,hann
11,12.316184,62,363.281250,10.677953,52.734375,57.665237,hann
11,12.316184,63,369.140625,6.258546,52.734375,57.665237,hann
11,12.316184,64,375.000000,4.758751,52.734375,57.665237,hann
11,12.316184,65,380.859375,-2.948593,52.734375,57.665237,hann
11,12.316184,66,386.718750,3.793478,52.734375,57.665237,hann
11,12.316184,67,392.578125,22.534557,52.734375,57.665237,hann
11,12.316184,68,398.437500,30.872856,52.734375,57.665237,hann
11,12.316184,69,404.296875,27.307884,52.734375,57.665237,hann
11,12.316184,70,410.156250,15.797682,52.734375,57.665237,hann
11,12.316184,71,416.015625,11.596722,52.734375,57.665237,hann
11,12.316184,72,421.875000,8.805694,52.734375,57.665237,hann
11,12.316184,73,427.734375,8.712461,52.734375,57.665237,hann
11,12.316184,74,433.593750,2.614816,52.734375,57.665237,hann
11,12.316184,75,439.453125,13.095104,52.734375,57.665237,hann
11,12.316184,76,445.312500,30.695141,52.734375,57.665237,hann
11,12.316184,77,451.171875,32.935623,52.734375,57.665237,hann
11,12.316184,78,457.031250,21.965076,52.734375,57.665237,hann
11,12.316184,79,462.890625,12.033753,52.734375,57.665237,hann
11,12.316184,80,468.750000,6.387228,52.734375,57.665237,hann
11,12.316184,81,474.609375,9.838978,52.734375,57.665237,hann
11,12.316184,82,480.468750,15.381756,52.734375,57.665237,hann
11,12.316184,83,486.328125,12.073373,52.734375,57.665237,hann
11,12.316184,84,492.187500,24.467285,52.734375,57.665237,hann
11,12.316184,85,498.046875,32.446251,52.734375,57.665237,hann
11,12.316184,86,503.906250,29.368160,52.734375,57.665237,hann
11,12.316184,87,509.765625,14.704178,52.734375,57.665237,hann
11,12.316184,88,515.625000,8.215229,52.734375,57.665237,hann
11,12.316184,89,521.484375,5.290624,52.734375,57.665237,hann
11,12.316184,90,527.343750,8.707735,52.734375,57.665237,hann
11,12.316184,91,533.203125,10.429234,52.734375,57.665237,hann
11,12.316184,92,539.062500,17.994057,52.734375,57.665237,hann
11,12.316184,93,544.921875,32.272343,52.734375,57.665237,hann
11,12.316184,94,550.781250,34.026878,52.734375,57.665237,hann
11,12.316184,95,556.640625,22.786629,52.734375,57.665237,hann
11,12.316184,96,562.500000,13.056239,52.734375,57.665237,hann
11,12.316184,97,568.359375,9.886553,52.734375,57.665237,hann
11,12.316184,98,574.218750,6.985907,52.734375,57.665237,hann
11,12.316184,99,580.078125,5.526108,52.734375,57.665237,hann
11,12.316184,100,585.937500,9.378706,52.734375,57.665237,hann
11,12.316184,101,591.796875,21.883505,52.734375,57.665237,hann
11,12.316184,102,597.656250,28.873013,52.734375,57.665237,hann
11,12.316184,103,603.515625,24.835312,52.734375,57.665237,hann
11,12.316184,104,609.375000,7.336767,52.734375,57.665237,hann
11,12.316184,105,615.234375,12.079431,52.734375,57.665237,hann
11,12.316184,106,621.093750,11.140980,52.734375,57.665237,hann
11,12.316184,107,626.953125,10.774220,52.734375,57.665237,hann
11,12.316184,108,632.812500,11.882298,52.734375,57.665237,hann
11,12.316184,109,638.671875,15.666586,52.734375,57.665237,hann
11,12.316184,110,644.531250,30.324017,52.734375,57.665237,hann
11,12.316184,111,650.390625,32.202141,52.734375,57.665237,hann
11,12.316184,112,656.250000,20.271500,52.734375,57.665237,hann
11,12.316184,113,662.109375,15.181877,52.734375,57.665237,hann
11,12.316184,114,667.968750,5.232052,52.734375,57.665237,hann
11,12.316184,115,673.828125,1.589603,52.734375,57.665237,hann
11,12.316184,116,679.687500,9.265091,52.734375,57.665237,hann
11,12.316184,117,685.546875,12.982502,52.734375,57.665237,hann
11,12.316184,118,691.406250,20.365040,52.734375,57.665237,hann
11,12.316184,119,697.265625,27.639849,52.734375,57.665237,hann
11,12.316184,120,703.125000,24.074982,52.734375,57.665237,hann
11,12.316184,121,708.984375,9.603740,52.734375,57.665237,hann
11,12.316184,122,714.843750,3.604145,52.734375,57.665237,hann
11,12.316184,123,720.703125,6.775604,52.734375,57.665237,hann
11,12.316184,124,726.562500,0.663055,52.734375,57.665237,hann
11,12.316184,125,732.421875,6.933138,52.734375,57.665237,hann
11,12.316184,126,738.281250,11.582554,52.734375,57.665237,hann
11,12.316184,127,744.140625,24.434511,52.734375,57.665237,hann
11,12.316184,128,750.000000,24.765358,52.734375,57.665237,hann
11,12.316184,129,755.859375,13.046876,52.734375,57.665237,hann
11,12.316184,130,761.718750,2.282980,52.734375,57.665237,hann
11,12.316184,131,767.578125,7.803888,52.734375,57.665237,hann
11,12.316184,132,773.437500,6.203110,52.734375,57.665237,hann
11,12.316184,133,779.296875,10.806637,52.734375,57.665237,hann
11,12.316184,134,785.156250,14.110929,52.734375,57.665237,hann
11,12.316184,135,791.015625,17.544439,52.734375,57.665237,hann
11,12.316184,136,796.875000,27.937351,52.734375,57.665237,hann
11,12.316184,137,802.734375,26.469978,52.734375,57.665237,hann
11,12.316184,138,808.593750,13.536691,52.734375,57.665237,hann
11,12.316184,139,814.453125,9.180560,52.734375,57.665237,hann
11,12.316184,140,820.312500,11.591318,52.734375,57.665237,hann
11,12.316184,141,826.171875,8.521040,52.734375,57.665237,hann
11,12.316184,142,832.031250,14.086002,52.734375,57.665237,hann
11,12.316184,143,837.890625,13.361039,52.734375,57.665237,hann
11,12.316184,144,843.750000,25.749514,52.734375,57.665237,hann
11,12.316184,145,849.609375,28.682068,52.734375,57.665237,hann
11,12.316184,146,855.468750,20.737644,52.734375,57.665237,hann
11,12.316184,147,861.328125,14.194559,52.734375,57.665237,hann
11,12.316184,148,867.187500,0.284313,52.734375,57.665237,hann
11,12.316184,149,873.046875,3.546210,52.734375,57.665237,hann
11,12.316184,150,878.906250,14.923047,52.734375,57.665237,hann
11,12.316184,151,884.765625,11.591198,52.734375,57.665237,hann
11,12.316184,152,890.625000,23.168764,52.734375,57.665237,hann
11,12.316184,153,896.484375,33.132084,52.734375,57.665237,hann
11,12.316184,154,902.343750,30.436600,52.734375,57.665237,hann
11,12.316184,155,908.203125,3.633134,52.734375,57.665237,hann
11,12.316184,156,914.062500,16.375864,52.734375,57.665237,hann
11,12.316184,157,919.921875,20.407276,52.734375,57.665237,hann
11,12.316184,158,925.781250,20.496675,52.734375,57.665237,hann
11,12.316184,159,931.640625,20.870054,52.734375,57.665237,hann
11,12.316184,160,937.500000,27.272903,52.734375,57.665237,hann
11,12.316184,161,943.359375,43.790573,52.734375,57.665237,hann
11,12.316184,162,949.218750,47.158646,52.734375,57.665237,hann
11,12.316184,163,955.078125,35.904457,52.734375,57.665237,hann
11,12.316184,164,960.937500,32.605701,52.734375,57.665237,hann
11,12.316184,165,966.796875,28.103827,52.734375,57.665237,hann
11,12.316184,166,972.656250,33.567661,52.734375,57.665237,hann
11,12.316184,167,978.515625,37.036118,52.734375,57.665237,hann
11,12.316184,168,984.375000,37.087860,52.734375,57.665237,hann
11,12.316184,169,990.234375,41.818909,52.734375,57.665237,hann
11,12.316184,170,996.093750,56.274582,52.734375,57.665237,hann
11,12.316184,171,1001.953125,55.449654,52.734375,57.665237,hann
11,12.316184,172,1007.812500,45.838470,52.734375,57.665237,hann
11,12.316184,173,1013.671875,37.789978,52.734375,57.665237,hann
11,12.316184,174,1019.531250,18.017105,52.734375,57.665237,hann
11,12.316184,175,1025.390625,33.317226,52.734375,57.665237,hann
11,12.316184,176,1031.250000,33.735794,52.734375,57.665237,hann
11,12.316184,177,1037.109375,33.580551,52.734375,57.665237,hann
11,12.316184,178,1042.968750,43.400948,52.734375,57.665237,hann
11,12.316184,179,1048.828125,47.161819,52.734375,57.665237,hann
11,12.316184,180,1054.687500,38.164925,52.734375,57.665237,hann
11,12.316184,181,1060.546875,29.438057,52.734375,57.665237,hann
11,12.316184,182,1066.406250,22.944725,52.734375,57.665237,hann
11,12.316184,183,1072.265625,17.149651,52.734375,57.665237,hann
11,12.316184,184,1078.125000,15.544355,52.734375,57.665237,hann
11,12.316184,185,1083.984375,15.777575,52.734375,57.665237,hann
11,12.316184,186,1089.843750,23.099030,52.734375,57.665237,hann
11,12.316184,187,1095.703125,34.302849,52.734375,57.665237,hann
11,12.316184,188,1101.562500,32.892582,52.734375,57.665237,hann
11,12.316184,189,1107.421875,11.045193,52.734375,57.665237,hann
11,12.316184,190,1113.281250,15.700985,52.734375,57.665237,hann
11,12.316184,191,1119.140625,0.669048,52.734375,57.665237,hann
11,12.316184,192,1125.000000,13.432266,52.734375,57.665237,hann
11,12.316184,193,1130.859375,14.706645,52.734375,57.665237,hann
11,12.316184,194,1136.718750,15.872454,52.734375,57.665237,hann
11,12.316184,195,1142.578125,29.767096,52.734375,57.665237,hann
11,12.316184,196,1148.437500,34.119328,52.734375,57.665237,hann
11,12.316184,197,1154.296875,26.977701,52.734375,57.665237,hann
11,12.316184,198,1160.156250,0.934587,52.734375,57.665237,hann
11,12.316184,199,1166.015625,7.308434,52.734375,57.665237,hann
11,12.316184,200,1171.875000,8.978526,52.734375,57.665237,hann
11,12.316184,201,1177.734375,-0.029356,52.734375,57.665237,hann
11,12.316184,202,1183.593750,10.554934,52.734375,57.665237,hann
11,12.316184,203,1189.453125,8.426411,52.734375,57.665237,hann
11,12.316184,204,1195.312500,17.352272,52.734375,57.665237,hann
11,12.316184,205,1201.171875,16.570080,52.734375,57.665237,hann
11,12.316184,206,1207.031250,6.948076,52.734375,57.665237,hann
11,12.316184,207,1212.890625,1.531807,52.734375,57.665237,hann
11,12.316184,208,1218.750000,2.773363,52.734375,57.665237,hann
11,12.316184,209,1224.609375,6.084332,52.734375,57.665237,hann
11,12.316184,210,1230.468750,1.967343,52.734375,57.665237,hann
11,12.316184,211,1236.328125,9.423837,52.734375,57.665237,hann
11,12.316184,212,1242.187500,17.628630,52.734375,57.665237,hann
11,12.316184,213,1248.046875,18.748402,52.734375,57.665237,hann
11,12.316184,214,1253.906250,12.383122,52.734375,57.665237,hann
11,12.316184,215,1259.765625,9.129525,52.734375,57.665237,hann
11,12.316184,216,1265.625000,3.833432,52.734375,57.665237,hann
11,12.316184,217,1271.484375,1.736728,52.734375,57.665237,hann
11,12.316184,218,1277.343750,3.713261,52.734375,57.665237,hann
11,12.316184,219,1283.203125,5.901475,52.734375,57.665237,hann
11,12.316184,220,1289.062500,10.063872,52.734375,57.665237,hann
11,12.316184,221,1294.921875,18.645916,52.734375,57.665237,hann
11,12.316184,222,1300.781250,16.118031,52.734375,57.665237,hann
11,12.316184,223,1306.640625,9.940766,52.734375,57.665237,hann
11,12.316184,224,1312.500000,13.190001,52.734375,57.665237,hann
11,12.316184,225,1318.359375,7.126318,52.734375,57.665237,hann
11,12.316184,226,1324.218750,8.062384,52.734375,57.665237,hann
11,12.316184,227,1330.078125,4.790950,52.734375,57.665237,hann
11,12.316184,228,1335.937500,9.971047,52.734375,57.665237,hann
11,12.316184,229,1341.796875,25.746712,52.734375,57.665237,hann
11,12.316184,230,1347.656250,29.328384,52.734375,57.665237,hann
11,12.316184,231,1353.515625,20.548925,52.734375,57.665237,hann
11,12.316184,232,1359.375000,13.044921,52.734375,57.665237,hann
11,12.316184,233,1365.234375,7.504866,52.734375,57.665237,hann
11,12.316184,234,1371.093750,5.322694,52.734375,57.665237,hann
11,12.316184,235,1376.953125,-5.361724,52.734375,57.665237,hann
11,12.316184,236,1382.812500,5.752322,52.734375,57.665237,hann
11,12.316184,237,1388.671875,10.417290,52.734375,57.665237,hann
11,12.316184,238,1394.531250,17.390316,52.734375,57.665237,hann
11,12.316184,239,1400.390625,14.387615,52.734375,57.665237,hann
11,12.316184,240,1406.250000,1.672807,52.734375,57.665237,hann
11,12.316184,241,1412.109375,11.257803,52.734375,57.665237,hann
11,12.316184,242,1417.968750,11.582249,52.734375,57.665237,hann
11,12.316184,243,1423.828125,6.693237,52.734375,57.665237,hann
11,12.316184,244,1429.687500,4.443647,52.734375,57.665237,hann
11,12.316184,245,1435.546875,7.335678,52.734375,57.665237,hann
11,12.316184,246,1441.406250,9.226137,52.734375,57.665237,hann
11,12.316184,247,1447.265625,18.250820,52.734375,57.665237,hann
11,12.316184,248,1453.125000,11.025633,52.734375,57.665237,hann
11,12.316184,249,1458.984375,14.215115,52.734375,57.665237,hann
11,12.316184,250,1464.843750,10.442843,52.734375,57.665237,hann
11,12.316184,251,1470.703125,1.761891,52.734375,57.665237,hann
11,12.316184,252,1476.562500,-3.086388,52.734375,57.665237,hann
11,12.316184,253,1482.421875,4.567565,52.734375,57.665237,hann
11,12.316184,254,1488.281250,-4.879765,52.734375,57.665237,hann
11,12.316184,255,1494.140625,16.873676,52.734375,57.665237,hann
11,12.316184,256,1500.000000,18.017597,52.734375,57.665237,hann
11,12.316184,257,1505.859375,5.416000,52.734375,57.665237,hann
11,12.316184,258,1511.718750,12.741195,52.734375,57.665237,hann
11,12.316184,259,1517.578125,-1.143626,52.734375,57.665237,hann
11,12.316184,260,1523.437500,8.979248,52.734375,57.665237,hann
11,12.316184,261,1529.296875,14.457933,52.734375,57.665237,hann
11,12.316184,262,1535.156250,16.384371,52.734375,57.665237,hann
11,12.316184,263,1541.015625,23.620052,52.734375,57.665237,hann
11,12.316184,264,1546.875000,26.546562,52.734375,57.665237,hann
11,12.316184,265,1552.734375,18.484360,52.734375,57.665237,hann
11,12.316184,266,1558.593750,12.985298,52.734375,57.665237,hann
11,12.316184,267,1564.453125,13.559799,52.734375,57.665237,hann
11,12.316184,268,1570.312500,9.404253,52.734375,57.665237,hann
11,12.316184,269,1576.171875,8.172564,52.734375,57.665237,hann
11,12.316184,270,1582.031250,12.850523,52.734375,57.665237,hann
11,12.316184,271,1587.890625,15.080852,52.734375,57.665237,hann
11,12.316184,272,1593.750000,17.377575,52.734375,57.665237,hann
11,12.316184,273,1599.609375,15.522734,52.734375,57.665237,hann
11,12.316184,274,1605.468750,-0.464588,52.734375,57.665237,hann
11,12.316184,275,1611.328125,4.588572,52.734375,57.665237,hann
11,12.316184,276,1617.187500,9.636911,52.734375,57.665237,hann
11,12.316184,277,1623.046875,13.023873,52.734375,57.665237,hann
11,12.316184,278,1628.906250,9.428150,52.734375,57.665237,hann
11,12.316184,279,1634.765625,-2.419810,52.734375,57.665237,hann
11,12.316184,280,1640.625000,11.150787,52.734375,57.665237,hann
11,12.316184,281,1646.484375,18.557499,52.734375,57.665237,hann
11,12.316184,282,1652.343750,13.011569,52.734375,57.665237,hann
11,12.316184,283,1658.203125,11.124092,52.734375,57.665237,hann
11,12.316184,284,1664.062500,10.848733,52.734375,57.665237,hann
11,12.316184,285,1669.921875,11.871298,52.734375,57.665237,hann
11,12.316184,286,1675.781250,11.979595,52.734375,57.665237,hann
11,12.316184,287,1681.640625,13.721480,52.734375,57.665237,hann
11,12.316184,288,1687.500000,22.334511,52.734375,57.665237,hann
11,12.316184,289,1693.359375,24.199335,52.734375,57.665237,hann
11,12.316184,290,1699.218750,22.168106,52.734375,57.665237,hann
11,12.316184,291,1705.078125,12.229365,52.734375,57.665237,hann
11,12.316184,292,1710.937500,10.070710,52.734375,57.665237,hann
11,12.316184,293,1716.796875,0.358609,52.734375,57.665237,hann
11,12.316184,294,1722.656250,8.215654,52.734375,57.665237,hann
11,12.316184,295,1728.515625,7.798786,52.734375,57.665237,hann
11,12.316184,296,1734.375000,7.544822,52.734375,57.665237,hann
11,12.316184,297,1740.234375,13.134156,52.734375,57.665237,hann
11,12.316184,298,1746.093750,11.851130,52.734375,57.665237,hann
11,12.316184,299,1751.953125,4.312166,52.734375,57.665237,hann
11,12.316184,300,1757.812500,6.042985,52.734375,57.665237,hann
11,12.316184,301,1763.671875,4.148448,52.734375,57.665237,hann
11,12.316184,302,1769.531250,-2.748557,52.734375,57.665237,hann
11,12.316184,303,1775.390625,-0.444897,52.734375,57.665237,hann
11,12.316184,304,1781.250000,2.567932,52.734375,57.665237,hann
11,12.316184,305,1787.109375,7.683023,52.734375,57.665237,hann
11,12.316184,306,1792.968750,9.846509,52.734375,57.665237,hann
11,12.316184,307,1798.828125,11.288542,52.734375,57.665237,hann
11,12.316184,308,1804.687500,5.538859,52.734375,57.665237,hann
11,12.316184,309,1810.546875,12.187768,52.734375,57.665237,hann
11,12.316184,310,1816.406250,11.409402,52.734375,57.665237,hann
11,12.316184,311,1822.265625,9.662306,52.734375,57.665237,hann
11,12.316184,312,1828.125000,9.690755,52.734375,57.665237,hann
11,12.316184,313,1833.984375,6.211114,52.734375,57.665237,hann
11,12.316184,314,1839.843750,10.921896,52.734375,57.665237,hann
11,12.316184,315,1845.703125,20.486629,52.734375,57.665237,hann
11,12.316184,316,1851.562500,17.078297,52.734375,57.665237,hann
11,12.316184,317,1857.421875,-0.823804,52.734375,57.665237,hann
11,12.316184,318,1863.281250,6.445086,52.734375,57.665237,hann
11,12.316184,319,1869.140625,16.952826,52.734375,57.665237,hann
11,12.316184,320,1875.000000,16.912066,52.734375,57.665237,hann
11,12.316184,321,1880.859375,7.245925,52.734375,57.665237,hann
11,12.316184,322,1886.718750,14.462559,52.734375,57.665237,hann
11,12.316184,323,1892.578125,21.928892,52.734375,57.665237,hann
11,12.316184,324,1898.437500,22.672001,52.734375,57.665237,hann
11,12.316184,325,1904.296875,8.793598,52.734375,57.665237,hann
11,12.316184,326,1910.156250,18.111660,52.734375,57.665237,hann
11,12.316184,327,1916.015625,16.270147,52.734375,57.665237,hann
11,12.316184,328,1921.875000,13.886456,52.734375,57.665237,hann
11,12.316184,329,1927.734375,19.254190,52.734375,57.665237,hann
11,12.316184,330,1933.593750,22.938776,52.734375,57.665237,hann
11,12.316184,331,1939.453125,31.058065,52.734375,57.665237,hann
11,12.316184,332,1945.312500,37.303120,52.734375,57.665237,hann
11,12.316184,333,1951.171875,28.752691,52.734375,57.665237,hann
11,12.316184,334,1957.031250,32.734055,52.734375,57.665237,hann
11,12.316184,335,1962.890625,34.312153,52.734375,57.665237,hann
11,12.316184,336,1968.750000,34.498650,52.734375,57.665237,hann
11,12.316184,337,1974.609375,33.140743,52.734375,57.665237,hann
11,12.316184,338,1980.468750,19.575716,52.734375,57.665237,hann
11,12.316184,339,1986.328125,37.082573,52.734375,57.665237,hann
11,12.316184,340,1992.187500,50.137665,52.734375,57.665237,hann
11,12.316184,341,1998.046875,53.385803,52.734375,57.665237,hann
11,12.316184,342,2003.906250,46.237720,52.734375,57.665237,hann
11,12.316184,343,2009.765625,31.711948,52.734375,57.665237,hann
11,12.316184,344,2015.625000,35.327408,52.734375,57.665237,hann
11,12.316184,345,2021.484375,36.526840,52.734375,57.665237,hann
11,12.316184,346,2027.343750,33.827728,52.734375,57.665237,hann
11,12.316184,347,2033.203125,26.340271,52.734375,57.665237,hann
11,12.316184,348,2039.062500,33.307770,52.734375,57.665237,hann
11,12.316184,349,2044.921875,39.778618,52.734375,57.665237,hann
11,12.316184,350,2050.781250,33.567158,52.734375,57.665237,hann
11,12.316184,351,2056.640625,30.521385,52.734375,57.665237,hann
11,12.316184,352,2062.500000,28.895546,52.734375,57.665237,hann
11,12.316184,353,2068.359375,20.071472,52.734375,57.665237,hann
11,12.316184,354,2074.218750,19.091825,52.734375,57.665237,hann
11,12.316184,355,2080.078125,15.683059,52.734375,57.665237,hann
11,12.316184,356,2085.937500,8.592571,52.734375,57.665237,hann
11,12.316184,357,2091.796875,16.980589,52.734375,57.665237,hann
11,12.316184,358,2097.656250,18.064827,52.734375,57.665237,hann
11,12.316184,359,2103.515625,-19.138691,52.734375,57.665237,hann
11,12.316184,360,2109.375000,12.262221,52.734375,57.665237,hann
11,12.316184,361,2115.234375,14.496811,52.734375,57.665237,hann
11,12.316184,362,2121.093750,14.535227,52.734375,57.665237,hann
11,12.316184,363,2126.953125,10.342136,52.734375,57.665237,hann
11,12.316184,364,2132.812500,-7.485025,52.734375,57.665237,hann
11,12.316184,365,2138.671875,16.990835,52.734375,57.665237,hann
11,12.316184,366,2144.531250,25.011055,52.734375,57.665237,hann
11,12.316184,367,2150.390625,23.606926,52.734375,57.665237,hann
11,12.316184,368,2156.250000,5.976427,52.734375,57.665237,hann
11,12.316184,369,2162.109375,5.690655,52.734375,57.665237,hann
11,12.316184,370,2167.968750,5.194478,52.734375,57.665237,hann
11,12.316184,371,2173.828125,8.503898,52.734375,57.665237,hann
11,12.316184,372,2179.687500,4.088896,52.734375,57.665237,hann
11,12.316184,373,2185.546875,7.732130,52.734375,57.665237,hann
11,12.316184,374,2191.406250,13.222142,52.734375,57.665237,hann
11,12.316184,375,2197.265625,17.147442,52.734375,57.665237,hann
11,12.316184,376,2203.125000,17.624098,52.734375,57.665237,hann
11,12.316184,377,2208.984375,16.164146,52.734375,57.665237,hann
11,12.316184,378,2214.843750,10.527494,52.734375,57.665237,hann
11,12.316184,379,2220.703125,8.684722,52.734375,57.665237,hann
11,12.316184,380,2226.562500,10.663956,52.734375,57.665237,hann
11,12.316184,381,2232.421875,12.648325,52.734375,57.665237,hann
11,12.316184,382,2238.281250,15.781454,52.734375,57.665237,hann
11,12.316184,383,2244.140625,18.586143,52.734375,57.665237,hann
11,12.316184,384,2250.000000,16.244009,52.734375,57.665237,hann
11,12.316184,385,2255.859375,6.701152,52.734375,57.665237,hann
11,12.316184,386,2261.718750,1.597009,52.734375,57.665237,hann
11,12.316184,387,2267.578125,7.971747,52.734375,57.665237,hann
11,12.316184,388,2273.437500,8.948522,52.734375,57.665237,hann
11,12.316184,389,2279.296875,-4.468495,52.734375,57.665237,hann
11,12.316184,390,2285.156250,7.779305,52.734375,57.665237,hann
11,12.316184,391,2291.015625,16.923899,52.734375,57.665237,hann
11,12.316184,392,2296.875000,17.257742,52.734375,57.665237,hann
11,12.316184,393,2302.734375,3.086059,52.734375,57.665237,hann
11,12.316184,394,2308.593750,10.840185,52.734375,57.665237,hann
11,12.316184,395,2314.453125,9.569323,52.734375,57.665237,hann
11,12.316184,396,2320.312500,0.821321,52.734375,57.665237,hann
11,12.316184,397,2326.171875,2.510048,52.734375,57.665237,hann
11,12.316184,398,2332.031250,6.514430,52.734375,57.665237,hann
11,12.316184,399,2337.890625,12.574055,52.734375,57.665237,hann
11,12.316184,400,2343.750000,19.566372,52.734375,57.665237,hann
11,12.316184,401,2349.609375,16.599060,52.734375,57.665237,hann
11,12.316184,402,2355.468750,12.452610,52.734375,57.665237,hann
11,12.316184,403,2361.328125,12.691374,52.734375,57.665237,hann
11,12.316184,404,2367.187500,0.170713,52.734375,57.665237,hann
11,12.316184,405,2373.046875,6.679986,52.734375,57.665237,hann
11,12.316184,406,2378.906250,8.664892,52.734375,57.665237,hann
11,12.316184,407,2384.765625,2.793936,52.734375,57.665237,hann
11,12.316184,408,2390.625000,2.108325,52.734375,57.665237,hann
11,12.316184,409,2396.484375,2.017323,52.734375,57.665237,hann
11,12.316184,410,2402.343750,10.760773,52.734375,57.665237,hann
11,12.316184,411,2408.203125,12.267471,52.734375,57.665237,hann
11,12.316184,412,2414.062500,4.563971,52.734375,57.665237,hann
11,12.316184,413,2419.921875,0.105271,52.734375,57.665237,hann
11,12.316184,414,2425.781250,-2.356587,52.734375,57.665237,hann
11,12.316184,415,2431.640625,6.065427,52.734375,57.665237,hann
11,12.316184,416,2437.500000,13.764673,52.734375,57.665237,hann
11,12.316184,417,2443.359375,17.597126,52.734375,57.665237,hann
11,12.316184,418,2449.218750,9.647094,52.734375,57.665237,hann
11,12.316184,419,2455.078125,13.326350,52.734375,57.665237,hann
11,12.316184,420,2460.937500,13.686483,52.734375,57.665237,hann
11,12.316184,421,2466.796875,14.054663,52.734375,57.665237,hann
11,12.316184,422,2472.656250,12.257228,52.734375,57.665237,hann
11,12.316184,423,2478.515625,5.207531,52.734375,57.665237,hann
11,12.316184,424,2484.375000,1.182159,52.734375,57.665237,hann
11,12.316184,425,2490.234375,10.594398,52.734375,57.665237,hann
11,12.316184,426,2496.093750,14.405302,52.734375,57.665237,hann
11,12.316184,427,2501.953125,6.396970,52.734375,57.665237,hann
11,12.316184,428,2507.812500,1.382371,52.734375,57.665237,hann
11,12.316184,429,2513.671875,9.686005,52.734375,57.665237,hann
11,12.316184,430,2519.531250,11.480921,52.734375,57.665237,hann
11,12.316184,431,2525.390625,8.566395,52.734375,57.665237,hann
11,12.316184,432,2531.250000,1.585100,52.734375,57.665237,hann
11,12.316184,433,2537.109375,6.347175,52.734375,57.665237,hann
11,12.316184,434,2542.968750,14.872203,52.734375,57.665237,hann
11,12.316184,435,2548.828125,4.133895,52.734375,57.665237,hann
11,12.316184,436,2554.687500,16.252319,52.734375,57.665237,hann
11,12.316184,437,2560.546875,12.361703,52.734375,57.665237,hann
11,12.316184,438,2566.406250,2.085801,52.734375,57.665237,hann
11,12.316184,439,2572.265625,9.019962,52.734375,57.665237,hann
11,12.316184,440,2578.125000,11.741691,52.734375,57.665237,hann
11,12.316184,441,2583.984375,10.353348,52.734375,57.665237,hann
11,12.316184,442,2589.843750,8.790613,52.734375,57.665237,hann
11,12.316184,443,2595.703125,9.571419,52.734375,57.665237,hann
11,12.316184,444,2601.562500,9.363374,52.734375,57.665237,hann
11,12.316184,445,2607.421875,14.864707,52.734375,57.665237,hann
11,12.316184,446,2613.281250,7.181067,52.734375,57.665237,hann
11,12.316184,447,2619.140625,1.775987,52.734375,57.665237,hann
11,12.316184,448,2625.000000,8.416015,52.734375,57.665237,hann
11,12.316184,449,2630.859375,10.240904,52.734375,57.665237,hann
11,12.316184,450,2636.718750,9.629315,52.734375,57.665237,hann
11,12.316184,451,2642.578125,11.874792,52.734375,57.665237,hann
11,12.316184,452,2648.437500,8.792422,52.734375,57.665237,hann
11,12.316184,453,2654.296875,13.902302,52.734375,57.665237,hann
11,12.316184,454,2660.156250,15.036850,52.734375,57.665237,hann
11,12.316184,455,2666.015625,12.894024,52.734375,57.665237,hann
11,12.316184,456,2671.875000,10.910269,52.734375,57.665237,hann
11,12.316184,457,2677.734375,5.658411,52.734375,57.665237,hann
11,12.316184,458,2683.593750,8.488751,52.734375,57.665237,hann
11,12.316184,459,2689.453125,14.807483,52.734375,57.665237,hann
11,12.316184,460,2695.312500,16.404791,52.734375,57.665237,hann
11,12.316184,461,2701.171875,6.397188,52.734375,57.665237,hann
11,12.316184,462,2707.031250,11.698586,52.734375,57.665237,hann
11,12.316184,463,2712.890625,12.211515,52.734375,57.665237,hann
11,12.316184,464,2718.750000,10.143402,52.734375,57.665237,hann
11,12.316184,465,2724.609375,5.117406,52.734375,57.665237,hann
11,12.316184,466,2730.468750,4.568351,52.734375,57.665237,hann
11,12.316184,467,2736.328125,8.067573,52.734375,57.665237,hann
11,12.316184,468,2742.187500,2.426125,52.734375,57.665237,hann
11,12.316184,469,2748.046875,11.578627,52.734375,57.665237,hann
11,12.316184,470,2753.906250,10.008482,52.734375,57.665237,hann
11,12.316184,471,2759.765625,1.867011,52.734375,57.665237,hann
11,12.316184,472,2765.625000,-1.378298,52.734375,57.665237,hann
11,12.316184,473,2771.484375,-3.295609,52.734375,57.665237,hann
11,12.316184,474,2777.343750,5.895533,52.734375,57.665237,hann
11,12.316184,475,2783.203125,9.971089,52.734375,57.665237,hann
11,12.316184,476,2789.062500,13.294304,52.734375,57.665237,hann
11,12.316184,477,2794.921875,13.172770,52.734375,57.665237,hann
11,12.316184,478,2800.781250,7.827704,52.734375,57.665237,hann
11,12.316184,479,2806.640625,7.610878,52.734375,57.665237,hann
11,12.316184,480,2812.500000,8.245911,52.734375,57.665237,hann
11,12.316184,481,2818.359375,10.898042,52.734375,57.665237,hann
11,12.316184,482,2824.218750,9.261780,52.734375,57.665237,hann
11,12.316184,483,2830.078125,-2.264740,52.734375,57.665237,hann
11,12.316184,484,2835.937500,2.737320,52.734375,57.665237,hann
11,12.316184,485,2841.796875,15.475007,52.734375,57.665237,hann
11,12.316184,486,2847.656250,17.485195,52.734375,57.665237,hann
11,12.316184,487,2853.515625,18.627684,52.734375,57.665237,hann
11,12.316184,488,2859.375000,20.158714,52.734375,57.665237,hann
11,12.316184,489,2865.234375,15.731583,52.734375,57.665237,hann
11,12.316184,490,2871.093750,10.336414,52.734375,57.665237,hann
11,12.316184,491,2876.953125,10.125523,52.734375,57.665237,hann
11,12.316184,492,2882.812500,12.672505,52.734375,57.665237,hann
11,12.316184,493,2888.671875,19.308594,52.734375,57.665237,hann
11,12.316184,494,2894.531250,19.573193,52.734375,57.665237,hann
11,12.316184,495,2900.390625,12.622428,52.734375,57.665237,hann
11,12.316184,496,2906.250000,17.840483,52.734375,57.665237,hann
11,12.316184,497,2912.109375,8.783067,52.734375,57.665237,hann
11,12.316184,498,2917.968750,10.357885,52.734375,57.665237,hann
11,12.316184,499,2923.828125,16.617657,52.734375,57.665237,hann
11,12.316184,500,2929.687500,21.135609,52.734375,57.665237,hann
11,12.316184,501,2935.546875,25.522234,52.734375,57.665237,hann
11,12.316184,502,2941.406250,33.070267,52.734375,57.665237,hann
11,12.316184,503,2947.265625,30.072075,52.734375,57.665237,hann
11,12.316184,504,2953.125000,33.480492,52.734375,57.665237,hann
11,12.316184,505,2958.984375,36.972271,52.734375,57.665237,hann
11,12.316184,506,2964.843750,33.282169,52.734375,57.665237,hann
11,12.316184,507,2970.703125,25.749025,52.734375,57.665237,hann
11,12.316184,508,2976.562500,28.975582,52.734375,57.665237,hann
11,12.316184,509,2982.421875,38.489311,52.734375,57.665237,hann
11,12.316184,510,2988.281250,41.991844,52.734375,57.665237,hann
11,12.316184,511,2994.140625,45.945030,52.734375,57.665237,hann
12,13.338534,0,0.000000,28.465328,52.734375,58.399387,hann
12,13.338534,1,5.859375,41.223736,52.734375,58.399387,hann
12,13.338534,2,11.718750,42.598957,52.734375,58.399387,hann
12,13.338534,3,17.578125,29.949318,52.734375,58.399387,hann
12,13.338534,4,23.437500,30.575018,52.734375,58.399387,hann
12,13.338534,5,29.296875,29.372101,52.734375,58.399387,hann
12,13.338534,6,35.156250,26.582417,52.734375,58.399387,hann
12,13.338534,7,41.015625,45.609379,52.734375,58.399387,hann
12,13.338534,8,46.875000,58.336746,52.734375,58.399387,hann
12,13.338534,9,52.734375,58.399387,52.734375,58.399387,hann
12,13.338534,10,58.593750,45.619820,52.734375,58.399387,hann
12,13.338534,11,64.453125,25.093603,52.734375,58.399387,hann
12,13.338534,12,70.312500,21.097450,52.734375,58.399387,hann
12,13.338534,13,76.171875,23.392010,52.734375,58.399387,hann
12,13.338534,14,82.031250,17.260920,52.734375,58.399387,hann
12,13.338534,15,87.890625,14.223698,52.734375,58.399387,hann
12,13.338534,16,93.750000,43.670250,52.734375,58.399387,hann
12,13.338534,17,99.609375,49.983597,52.734375,58.399387,hann
12,13.338534,18,105.468750,44.261909,52.734375,58.399387,hann
12,13.338534,19,111.328125,17.211554,52.734375,58.399387,hann
12,13.338534,20,117.187500,6.795930,52.734375,58.399387,hann
12,13.338534,21,123.046875,14.953313,52.734375,58.399387,hann
12,13.338534,22,128.906250,16.322720,52.734375,58.399387,hann
12,13.338534,23,134.765625,16.645998,52.734375,58.399387,hann
12,13.338534,24,140.625000,27.662552,52.734375,58.399387,hann
12,13.338534,25,146.484375,42.732960,52.734375,58.399387,hann
12,13.338534,26,152.343750,43.350010,52.734375,58.399387,hann
12,13.338534,27,158.203125,31.537989,52.734375,58.399387,hann
12,13.338534,28,164.062500,0.894350,52.734375,58.399387,hann
12,13.338534,29,169.921875,9.528509,52.734375,58.399387,hann
12,13.338534,30,175.781250,8.396026,52.734375,58.399387,hann
12,13.338534,31,181.640625,7.846509,52.734375,58.399387,hann
12,13.338534,32,187.500000,7.721245,52.734375,58.399387,hann
12,13.338534,33,193.359375,28.824739,52.734375,58.399387,hann
12,13.338534,34,199.218750,34.571777,52.734375,58.399387,hann
12,13.338534,35,205.078125,27.997324,52.734375,58.399387,hann
12,13.338534,36,210.937500,16.380789,52.734375,58.399387,hann
12,13.338534,37,216.796875,13.990345,52.734375,58.399387,hann
12,13.338534,38,222.656250,15.168514,52.734375,58.399387,hann
12,13.338534,39,228.515625,9.986088,52.734375,58.399387,hann
12,13.338534,40,234.375000,13.379341,52.734375,58.399387,hann
12,13.338534,41,240.234375,8.234877,52.734375,58.399387,hann
12,13.338534,42,246.093750,26.082722,52.734375,58.399387,hann
12,13.338534,43,251.953125,28.324186,52.734375,58.399387,hann
12,13.338534,44,257.812500,16.582329,52.734375,58.399387,hann
12,13.338534,45,263.671875,-10.353170,52.734375,58.399387,hann
12,13.338534,46,269.531250,11.760567,52.734375,58.399387,hann
12,13.338534,47,275.390625,8.692076,52.734375,58.399387,hann
12,13.338534,48,281.250000,12.841301,52.734375,58.399387,hann
12,13.338534,49,287.109375,14.058943,52.734375,58.399387,hann
12,13.338534,50,292.968750,28.758862,52.734375,58.399387,hann
12,13.338534,51,298.828125,35.846992,52.734375,58.399387,hann
12,13.338534,52,304.687500,31.378593,52.734375,58.399387,hann
12,13.338534,53,310.546875,12.841990,52.734375,58.399387,hann
12,13.338534,54,316.406250,10.534647,52.734375,58.399387,hann
12,13.338534,55,322.265625,4.531954,52.734375,58.399387,hann
12,13.338534,56,328.125000,5.271199,52.734375,58.399387,hann
12,13.338534,57,333.984375,4.475030,52.734375,58.399387,hann
12,13.338534,58,339.843750,23.924330,52.734375,58.399387,hann
12,13.338534,59,345.703125,38.133099,52.734375,58.399387,hann
12,13.338534,60,351.562500,39.519428,52.734375,58.399387,hann
12,13.338534,61,357.421875,28.735630,52.734375,58.399387,hann
12,13.338534,62,363.281250,-0.529108,52.734375,58.399387,hann
12,13.338534,63,369.140625,12.464887,52.734375,58.399387,hann
12,13.338534,64,375.000000,7.641163,52.734375,58.399387,hann
12,13.338534,65,380.859375,10.035390,52.734375,58.399387,hann
12,13.338534,66,386.718750,7.852247,52.734375,58.399387,hann
12,13.338534,67,392.578125,22.260445,52.734375,58.399387,hann
12,13.338534,68,398.437500,29.262054,52.734375,58.399387,hann
12,13.338534,69,404.296875,24.987181,52.734375,58.399387,hann
12,13.338534,70,410.156250,15.365158,52.734375,58.399387,hann
12,13.338534,71,416.015625,6.360498,52.734375,58.399387,hann
12,13.338534,72,421.875000,14.130672,52.734375,58.399387,hann
12,13.338534,73,427.734375,12.682303,52.734375,58.399387,hann
12,13.338534,74,433.593750,11.147495,52.734375,58.399387,hann
12,13.338534,75,439.453125,19.105133,52.734375,58.399387,hann
12,13.338534,76,445.312500,28.602192,52.734375,58.399387,hann
12,13.338534,77,451.171875,30.103331,52.734375,58.399387,hann
12,13.338534,78,457.031250,23.767601,52.734375,58.399387,hann
12,13.338534,79,462.890625,14.847334,52.734375,58.399387,hann
12,13.338534,80,468.750000,2.125751,52.734375,58.399387,hann
12,13.338534,81,474.609375,14.288484,52.734375,58.399387,hann
12,13.338534,82,480.468750,10.475287,52.734375,58.399387,hann
12,13.338534,83,486.328125,12.248142,52.734375,58.399387,hann
12,13.338534,84,492.187500,25.511814,52.734375,58.399387,hann
12,13.338534,85,498.046875,32.239269,52.734375,58.399387,hann
12,13.338534,86,503.906250,28.367479,52.734375,58.399387,hann
12,13.338534,87,509.765625,10.792673,52.734375,58.399387,hann
12,13.338534,88,515.625000,5.590157,52.734375,58.399387,hann
12,13.338534,89,521.484375,10.159463,52.734375,58.399387,hann
12,13.338534,90,527.343750,10.328905,52.734375,58.399387,hann
12,13.338534,91,533.203125,7.627258,52.734375,58.399387,hann
12,13.338534,92,539.062500,16.833380,52.734375,58.399387,hann
12,13.338534,93,544.921875,30.525587,52.734375,58.399387,hann
12,13.338534,94,550.781250,32.181087,52.734375,58.399387,hann
12,13.338534,95,556.640625,21.729572,52.734375,58.399387,hann
12,13.338534,96,562.500000,7.355412,52.734375,58.399387,hann
12,13.338534,97,568.359375,2.279714,52.734375,58.399387,hann
12,13.338534,98,574.218750,3.613014,52.734375,58.399387,hann
12,13.338534,99,580.078125,15.270175,52.734375,58.399387,hann
12,13.338534,100,585.937500,18.184988,52.734375,58.399387,hann
12,13.338534,101,591.796875,21.132435,52.734375,58.399387,hann
12,13.338534,102,597.656250,24.873198,52.734375,58.399387,hann
12,13.338534,103,603.515625,19.951651,52.734375,58.399387,hann
12,13.338534,104,609.375000,1.676212,52.734375,58.399387,hann
12,13.338534,105,615.234375,-2.875996,52.734375,58.399387,hann
12,13.338534,106,621.093750,-2.241200,52.734375,58.399387,hann
12,13.338534,107,626.953125,4.523647,52.734375,58.399387,hann
12,13.338534,108,632.812500,7.408286,52.734375,58.399387,hann
12,13.338534,109,638.671875,11.764359,52.734375,58.399387,hann
12,13.338534,110,644.531250,27.372219,52.734375,58.399387,hann
12,13.338534,111,650.390625,30.350426,52.734375,58.399387,hann
12,13.338534,112,656.250000,21.373690,52.734375,58.399387,hann
12,13.338534,113,662.109375,8.893328,52.734375,58.399387,hann
12,13.338534,114,667.968750,5.446999,52.734375,58.399387,hann
12,13.338534,115,673.828125,0.219991,52.734375,58.399387,hann
12,13.338534,116,679.687500,-3.155984,52.734375,58.399387,hann
12,13.338534,117,685.546875,5.220122,52.734375,58.399387,hann
12,13.338534,118,691.406250,15.198586,52.734375,58.399387,hann
12,13.338534,119,697.265625,21.974928,52.734375,58.399387,hann
12,13.338534,120,703.125000,18.244793,52.734375,58.399387,hann
12,13.338534,121,708.984375,10.779411,52.734375,58.399387,hann
12,13.338534,122,714.843750,-1.548190,52.734375,58.399387,hann
12,13.338534,123,720.703125,3.092599,52.734375,58.399387,hann
12,13.338534,124,726.562500,-1.299501,52.734375,58.399387,hann
12,13.338534,125,732.421875,1.997436,52.734375,58.399387,hann
12,13.338534,126,738.281250,10.972038,52.734375,58.399387,hann
12,13.338534,127,744.140625,26.277592,52.734375,58.399387,hann
12,13.338534,128,750.000000,28.869799,52.734375,58.399387,hann
12,13.338534,129,755.859375,20.406971,52.734375,58.399387,hann
12,13.338534,130,761.718750,9.607956,52.734375,58.399387,hann
12,13.338534,131,767.578125,11.230886,52.734375,58.399387,hann
12,13.338534,132,773.437500,0.765597,52.734375,58.399387,hann
12,13.338534,133,779.296875,10.497797,52.734375,58.399387,hann
12,13.338534,134,785.156250,10.611378,52.734375,58.399387,hann
12,13.338534,135,791.015625,17.424738,52.734375,58.399387,hann
12,13.338534,136,796.875000,26.148073,52.734375,58.399387,hann
12,13.338534,137,802.734375,23.684761,52.734375,58.399387,hann
12,13.338534,138,808.593750,8.548651,52.734375,58.399387,hann
12,13.338534,139,814.453125,7.363965,52.734375,58.399387,hann
12,13.338534,140,820.312500,10.127072,52.734375,58.399387,hann
12,13.338534,141,826.171875,10.740785,52.734375,58.399387,hann
12,13.338534,142,832.031250,6.466654,52.734375,58.399387,hann
12,13.338534,143,837.890625,13.556877,52.734375,58.399387,hann
12,13.338534,144,843.750000,23.203644,52.734375,58.399387,hann
12,13.338534,145,849.609375,28.259733,52.734375,58.399387,hann
12,13.338534,146,855.468750,21.410816,52.734375,58.399387,hann
12,13.338534,147,861.328125,14.312707,52.734375,58.399387,hann
12,13.338534,148,867.187500,15.986714,52.734375,58.399387,hann
12,13.338534,149,873.046875,15.640203,52.734375,58.399387,hann
12,13.338534,150,878.906250,15.441309,52.734375,58.399387,hann
12,13.338534,151,884.765625,15.888156,52.734375,58.399387,hann
12,13.338534,152,890.625000,21.506233,52.734375,58.399387,hann
12,13.338534,153,896.484375,31.289637,52.734375,58.399387,hann
12,13.338534,154,902.343750,29.955904,52.734375,58.399387,hann
12,13.338534,155,908.203125,8.200432,52.734375,58.399387,hann
12,13.338534,156,914.062500,18.978348,52.734375,58.399387,hann
12,13.338534,157,919.921875,18.696146,52.734375,58.399387,hann
12,13.338534,158,925.781250,21.641829,52.734375,58.399387,hann
12,13.338534,159,931.640625,21.225971,52.734375,58.399387,hann
12,13.338534,160,937.500000,24.226936,52.734375,58.399387,hann
12,13.338534,161,943.359375,43.213543,52.734375,58.399387,hann
12,13.338534,162,949.218750,47.396843,52.734375,58.399387,hann
12,13.338534,163,955.078125,39.704563,52.734375,58.399387,hann
12,13.338534,164,960.937500,30.176212,52.734375,58.399387,hann
12,13.338534,165,966.796875,29.644869,52.734375,58.399387,hann
12,13.338534,166,972.656250,22.745586,52.734375,58.399387,hann
12,13.338534,167,978.515625,27.380140,52.734375,58.399387,hann
12,13.338534,168,984.375000,40.193932,52.734375,58.399387,hann
12,13.338534,169,990.234375,40.331787,52.734375,58.399387,hann
12,13.338534,170,996.093750,55.304073,52.734375,58.399387,hann
12,13.338534,171,1001.953125,53.937714,52.734375,58.399387,hann
12,13.338534,172,1007.812500,40.002167,52.734375,58.399387,hann
12,13.338534,173,1013.671875,31.786011,52.734375,58.399387,hann
12,13.338534,174,1019.531250,35.443890,52.734375,58.399387,hann
12,13.338534,175,1025.390625,30.821411,52.734375,58.399387,hann
12,13.338534,176,1031.250000,21.980137,52.734375,58.399387,hann
12,13.338534,177,1037.109375,30.548214,52.734375,58.399387,hann
12,13.338534,178,1042.968750,42.583279,52.734375,58.399387,hann
12,13.338534,179,1048.828125,47.131687,52.734375,58.399387,hann
12,13.338534,180,1054.687500,39.948940,52.734375,58.399387,hann
12,13.338534,181,1060.546875,30.778011,52.734375,58.399387,hann
12,13.338534,182,1066.406250,22.122711,52.734375,58.399387,hann
12,13.338534,183,1072.265625,22.493895,52.734375,58.399387,hann
12,13.338534,184,1078.125000,4.525710,52.734375,58.399387,hann
12,13.338534,185,1083.984375,13.401908,52.734375,58.399387,hann
12,13.338534,186,1089.843750,24.553576,52.734375,58.399387,hann
12,13.338534,187,1095.703125,33.803677,52.734375,58.399387,hann
12,13.338534,188,1101.562500,31.215042,52.734375,58.399387,hann
12,13.338534,189,1107.421875,6.259315,52.734375,58.399387,hann
12,13.338534,190,1113.281250,14.477520,52.734375,58.399387,hann
12,13.338534,191,1119.140625,8.767840,52.734375,58.399387,hann
12,13.338534,192,1125.000000,16.290401,52.734375,58.399387,hann
12,13.338534,193,1130.859375,17.061649,52.734375,58.399387,hann
12,13.338534,194,1136.718750,17.002331,52.734375,58.399387,hann
12,13.338534,195,1142.578125,28.138435,52.734375,58.399387,hann
12,13.338534,196,1148.437500,32.894249,52.734375,58.399387,hann
12,13.338534,197,1154.296875,26.171179,52.734375,58.399387,hann
12,13.338534,198,1160.156250,10.541753,52.734375,58.399387,hann
12,13.338534,199,1166.015625,10.806570,52.734375,58.399387,hann
12,13.338534,200,1171.875000,15.505852,52.734375,58.399387,hann
12,13.338534,201,1177.734375,9.564672,52.734375,58.399387,hann
12,13.338534,202,1183.593750,12.153023,52.734375,58.399387,hann
12,13.338534,203,1189.453125,3.867975,52.734375,58.399387,hann
12,13.338534,204,1195.312500,10.765123,52.734375,58.399387,hann
12,13.338534,205,1201.171875,15.541154,52.734375,58.399387,hann
12,13.338534,206,1207.031250,15.860587,52.734375,58.399387,hann
12,13.338534,207,1212.890625,8.478813,52.734375,58.399387,hann
12,13.338534,208,1218.750000,12.096725,52.734375,58.399387,hann
12,13.338534,209,1224.609375,12.949018,52.734375,58.399387,hann
12,13.338534,210,1230.468750,8.151341,52.734375,58.399387,hann
12,13.338534,211,1236.328125,7.676273,52.734375,58.399387,hann
12,13.338534,212,1242.187500,9.561106,52.734375,58.399387,hann
12,13.338534,213,1248.046875,10.826096,52.734375,58.399387,hann
12,13.338534,214,1253.906250,9.037812,52.734375,58.399387,hann
12,13.338534,215,1259.765625,4.132172,52.734375,58.399387,hann
12,13.338534,216,1265.625000,-8.898561,52.734375,58.399387,hann
12,13.338534,217,1271.484375,7.354057,52.734375,58.399387,hann
12,13.338534,218,1277.343750,11.354337,52.734375,58.399387,hann
12,13.338534,219,1283.203125,8.814631,52.734375,58.399387,hann
12,13.338534,220,1289.062500,12.186409,52.734375,58.399387,hann
12,13.338534,221,1294.921875,23.729580,52.734375,58.399387,hann
12,13.338534,222,1300.781250,20.643099,52.734375,58.399387,hann
12,13.338534,223,1306.640625,7.017665,52.734375,58.399387,hann
12,13.338534,224,1312.500000,11.995301,52.734375,58.399387,hann
12,13.338534,225,1318.359375,4.909044,52.734375,58.399387,hann
12,13.338534,226,1324.218750,3.146713,52.734375,58.399387,hann
12,13.338534,227,1330.078125,4.114429,52.734375,58.399387,hann
12,13.338534,228,1335.937500,7.794282,52.734375,58.399387,hann
12,13.338534,229,1341.796875,25.063076,52.734375,58.399387,hann
12,13.338534,230,1347.656250,28.386261,52.734375,58.399387,hann
12,13.338534,231,1353.515625,17.763468,52.734375,58.399387,hann
12,13.338534,232,1359.375000,16.458168,52.734375,58.399387,hann
12,13.338534,233,1365.234375,13.474510,52.734375,58.399387,hann
12,13.338534,234,1371.093750,1.592043,52.734375,58.399387,hann
12,13.338534,235,1376.953125,10.863465,52.734375,58.399387,hann
12,13.338534,236,1382.812500,8.314809,52.734375,58.399387,hann
12,13.338534,237,1388.671875,4.706260,52.734375,58.399387,hann
12,13.338534,238,1394.531250,8.688069,52.734375,58.399387,hann
12,13.338534,239,1400.390625,6.593604,52.734375,58.399387,hann
12,13.338534,240,1406.250000,14.790378,52.734375,58.399387,hann
12,13.338534,241,1412.109375,12.293215,52.734375,58.399387,hann
12,13.338534,242,1417.968750,9.392603,52.734375,58.399387,hann
12,13.338534,243,1423.828125,11.204997,52.734375,58.399387,hann
12,13.338534,244,1429.687500,4.380199,52.734375,58.399387,hann
12,13.338534,245,1435.546875,14.155725,52.734375,58.399387,hann
12,13.338534,246,1441.406250,16.942982,52.734375,58.399387,hann
12,13.338534,247,1447.265625,24.228161,52.734375,58.399387,hann
12,13.338534,248,1453.125000,17.233601,52.734375,58.399387,hann
12,13.338534,249,1458.984375,14.197368,52.734375,58.399387,hann
12,13.338534,250,1464.843750,7.102034,52.734375,58.399387,hann
12,13.338534,251,1470.703125,5.144886,52.734375,58.399387,hann
12,13.338534,252,1476.562500,8.124422,52.734375,58.399387,hann
12,13.338534,253,1482.421875,8.774536,52.734375,58.399387,hann
12,13.338534,254,1488.281250,1.257289,52.734375,58.399387,hann
12,13.338534,255,1494.140625,19.650795,52.734375,58.399387,hann
12,13.338534,256,1500.000000,19.735163,52.734375,58.399387,hann
12,13.338534,257,1505.859375,9.608519,52.734375,58.399387,hann
12,13.338534,258,1511.718750,4.309567,52.734375,58.399387,hann
12,13.338534,259,1517.578125,6.911549,52.734375,58.399387,hann
12,13.338534,260,1523.437500,10.246806,52.734375,58.399387,hann
12,13.338534,261,1529.296875,-1.729258,52.734375,58.399387,hann
12,13.338534,262,1535.156250,10.090474,52.734375,58.399387,hann
12,13.338534,263,1541.015625,21.933800,52.734375,58.399387,hann
12,13.338534,264,1546.875000,27.113972,52.734375,58.399387,hann
12,13.338534,265,1552.734375,20.352535,52.734375,58.399387,hann
12,13.338534,266,1558.593750,3.482871,52.734375,58.399387,hann
12,13.338534,267,1564.453125,7.390654,52.734375,58.399387,hann
12,13.338534,268,1570.312500,12.307172,52.734375,58.399387,hann
12,13.338534,269,1576.171875,7.237635,52.734375,58.399387,hann
12,13.338534,270,1582.031250,5.030705,52.734375,58.399387,hann
12,13.338534,271,1587.890625,1.590881,52.734375,58.399387,hann
12,13.338534,272,1593.750000,19.529341,52.734375,58.399387,hann
12,13.338534,273,1599.609375,20.806728,52.734375,58.399387,hann
12,13.338534,274,1605.468750,12.976030,52.734375,58.399387,hann
12,13.338534,275,1611.328125,-0.606906,52.734375,58.399387,hann
12,13.338534,276,1617.187500,1.806884,52.734375,58.399387,hann
12,13.338534,277,1623.046875,2.527848,52.734375,58.399387,hann
12,13.338534,278,1628.906250,10.842166,52.734375,58.399387,hann
12,13.338534,279,1634.765625,10.196428,52.734375,58.399387,hann
12,13.338534,280,1640.625000,19.758265,52.734375,58.399387,hann
12,13.338534,281,1646.484375,22.968512,52.734375,58.399387,hann
12,13.338534,282,1652.343750,13.351088,52.734375,58.399387,hann
12,13.338534,283,1658.203125,10.769079,52.734375,58.399387,hann
12,13.338534,284,1664.062500,1.963534,52.734375,58.399387,hann
12,13.338534,285,1669.921875,3.960073,52.734375,58.399387,hann
12,13.338534,286,1675.781250,13.918023,52.734375,58.399387,hann
12,13.338534,287,1681.640625,15.593934,52.734375,58.399387,hann
12,13.338534,288,1687.500000,20.639126,52.734375,58.399387,hann
12,13.338534,289,1693.359375,24.850855,52.734375,58.399387,hann
12,13.338534,290,1699.218750,19.789743,52.734375,58.399387,hann
12,13.338534,291,1705.078125,11.714619,52.734375,58.399387,hann
12,13.338534,292,1710.937500,11.356575,52.734375,58.399387,hann
12,13.338534,293,1716.796875,-1.299145,52.734375,58.399387,hann
12,13.338534,294,1722.656250,7.229860,52.734375,58.399387,hann
12,13.338534,295,1728.515625,0.204998,52.734375,58.399387,hann
12,13.338534,296,1734.375000,10.160070,52.734375,58.399387,hann
12,13.338534,297,1740.234375,-7.152276,52.734375,58.399387,hann
12,13.338534,298,1746.093750,13.918278,52.734375,58.399387,hann
12,13.338534,299,1751.953125,6.586049,52.734375,58.399387,hann
12,13.338534,300,1757.812500,8.820725,52.734375,58.399387,hann
12,13.338534,301,1763.671875,12.694715,52.734375,58.399387,hann
12,13.338534,302,1769.531250,7.893986,52.734375,58.399387,hann
12,13.338534,303,1775.390625,16.274193,52.734375,58.399387,hann
12,13.338534,304,1781.250000,14.592252,52.734375,58.399387,hann
12,13.338534,305,1787.109375,10.785298,52.734375,58.399387,hann
12,13.338534,306,1792.968750,13.900785,52.734375,58.399387,hann
12,13.338534,307,1798.828125,14.801157,52.734375,58.399387,hann
12,13.338534,308,1804.687500,4.997632,52.734375,58.399387,hann
12,13.338534,309,1810.546875,7.700784,52.734375,58.399387,hann
12,13.338534,310,1816.406250,10.146015,52.734375,58.399387,hann
12,13.338534,311,1822.265625,5.847712,52.734375,58.399387,hann
12,13.338534,312,1828.125000,10.688573,52.734375,58.399387,hann
12,13.338534,313,1833.984375,13.142908,52.734375,58.399387,hann
12,13.338534,314,1839.843750,12.010865,52.734375,58.399387,hann
12,13.338534,315,1845.703125,24.455914,52.734375,58.399387,hann
12,13.338534,316,1851.562500,21.962481,52.734375,58.399387,hann
12,13.338534,317,1857.421875,20.258743,52.734375,58.399387,hann
12,13.338534,318,1863.281250,19.135115,52.734375,58.399387,hann
12,13.338534,319,1869.140625,11.753120,52.734375,58.399387,hann
12,13.338534,320,1875.000000,15.766555,52.734375,58.399387,hann
12,13.338534,321,1880.859375,13.187080,52.734375,58.399387,hann
12,13.338534,322,1886.718750,13.115806,52.734375,58.399387,hann
12,13.338534,323,1892.578125,23.994633,52.734375,58.399387,hann
12,13.338534,324,1898.437500,24.538887,52.734375,58.399387,hann
12,13.338534,325,1904.296875,9.664168,52.734375,58.399387,hann
12,13.338534,326,1910.156250,21.799553,52.734375,58.399387,hann
12,13.338534,327,1916.015625,17.001366,52.734375,58.399387,hann
12,13.338534,328,1921.875000,16.189688,52.734375,58.399387,hann
12,13.338534,329,1927.734375,16.668795,52.734375,58.399387,hann
12,13.338534,330,1933.593750,26.608334,52.734375,58.399387,hann
12,13.338534,331,1939.453125,30.034061,52.734375,58.399387,hann
12,13.338534,332,1945.312500,39.003216,52.734375,58.399387,hann
12,13.338534,333,1951.171875,36.399387,52.734375,58.399387,hann
12,13.338534,334,1957.031250,32.496983,52.734375,58.399387,hann
12,13.338534,335,1962.890625,29.899673,52.734375,58.399387,hann
12,13.338534,336,1968.750000,25.008694,52.734375,58.399387,hann
12,13.338534,337,1974.609375,29.949873,52.734375,58.399387,hann
12,13.338534,338,1980.468750,33.488461,52.734375,58.399387,hann
12,13.338534,339,1986.328125,27.821274,52.734375,58.399387,hann
12,13.338534,340,1992.187500,49.702011,52.734375,58.399387,hann
12,13.338534,341,1998.046875,52.916241,52.734375,58.399387,hann
12,13.338534,342,2003.906250,45.422855,52.734375,58.399387,hann
12,13.338534,343,2009.765625,34.899574,52.734375,58.399387,hann
12,13.338534,344,2015.625000,37.375866,52.734375,58.399387,hann
12,13.338534,345,2021.484375,32.416664,52.734375,58.399387,hann
12,13.338534,346,2027.343750,21.611767,52.734375,58.399387,hann
12,13.338534,347,2033.203125,30.216026,52.734375,58.399387,hann
12,13.338534,348,2039.062500,30.153156,52.734375,58.399387,hann
12,13.338534,349,2044.921875,39.293171,52.734375,58.399387,hann
12,13.338534,350,2050.781250,36.472256,52.734375,58.399387,hann
12,13.338534,351,2056.640625,32.700268,52.734375,58.399387,hann
12,13.338534,352,2062.500000,26.252039,52.734375,58.399387,hann
12,13.338534,353,2068.359375,22.084940,52.734375,58.399387,hann
12,13.338534,354,2074.218750,16.079700,52.734375,58.399387,hann
12,13.338534,355,2080.078125,22.112673,52.734375,58.399387,hann
12,13.338534,356,2085.937500,18.720207,52.734375,58.399387,hann
12,13.338534,357,2091.796875,15.720787,52.734375,58.399387,hann
12,13.338534,358,2097.656250,12.288086,52.734375,58.399387,hann
12,13.338534,359,2103.515625,11.275096,52.734375,58.399387,hann
12,13.338534,360,2109.375000,2.649534,52.734375,58.399387,hann
12,13.338534,361,2115.234375,16.200888,52.734375,58.399387,hann
12,13.338534,362,2121.093750,14.242645,52.734375,58.399387,hann
12,13.338534,363,2126.953125,11.390163,52.734375,58.399387,hann
12,13.338534,364,2132.812500,19.486824,52.734375,58.399387,hann
12,13.338534,365,2138.671875,11.672221,52.734375,58.399387,hann
12,13.338534,366,2144.531250,25.657600,52.734375,58.399387,hann
12,13.338534,367,2150.390625,24.617867,52.734375,58.399387,hann
12,13.338534,368,2156.250000,17.243063,52.734375,58.399387,hann
12,13.338534,369,2162.109375,12.804647,52.734375,58.399387,hann
12,13.338534,370,2167.968750,12.856202,52.734375,58.399387,hann
12,13.338534,371,2173.828125,1.104884,52.734375,58.399387,hann
12,13.338534,372,2179.687500,9.659247,52.734375,58.399387,hann
12,13.338534,373,2185.546875,2.469347,52.734375,58.399387,hann
12,13.338534,374,2191.406250,15.582147,52.734375,58.399387,hann
12,13.338534,375,2197.265625,17.488045,52.734375,58.399387,hann
12,13.338534,376,2203.125000,12.390844,52.734375,58.399387,hann
12,13.338534,377,2208.984375,8.534536,52.734375,58.399387,hann
12,13.338534,378,2214.843750,11.533008,52.734375,58.399387,hann
12,13.338534,379,2220.703125,12.070336,52.734375,58.399387,hann
12,13.338534,380,2226.562500,6.465184,52.734375,58.399387,hann
12,13.338534,381,2232.421875,10.345730,52.734375,58.399387,hann
12,13.338534,382,2238.281250,12.431135,52.734375,58.399387,hann
12,13.338534,383,2244.140625,17.830366,52.734375,58.399387,hann
12,13.338534,384,2250.000000,15.548345,52.734375,58.399387,hann
12,13.338534,385,2255.859375,6.939302,52.734375,58.399387,hann
12,13.338534,386,2261.718750,10.445778,52.734375,58.399387,hann
12,13.338534,387,2267.578125,10.792565,52.734375,58.399387,hann
12,13.338534,388,2273.437500,12.503393,52.734375,58.399387,hann
12,13.338534,389,2279.296875,8.479405,52.734375,58.399387,hann
12,13.338534,390,2285.156250,-3.342948,52.734375,58.399387,hann
12,13.338534,391,2291.015625,11.514243,52.734375,58.399387,hann
12,13.338534,392,2296.875000,16.090410,52.734375,58.399387,hann
12,13.338534,393,2302.734375,7.309870,52.734375,58.399387,hann
12,13.338534,394,2308.593750,-1.511902,52.734375,58.399387,hann
12,13.338534,395,2314.453125,1.508096,52.734375,58.399387,hann
12,13.338534,396,2320.312500,-6.183261,52.734375,58.399387,hann
12,13.338534,397,2326.171875,1.333602,52.734375,58.399387,hann
12,13.338534,398,2332.031250,-1.920632,52.734375,58.399387,hann
12,13.338534,399,2337.890625,12.686308,52.734375,58.399387,hann
12,13.338534,400,2343.750000,19.807220,52.734375,58.399387,hann
12,13.338534,401,2349.609375,16.600101,52.734375,58.399387,hann
12,13.338534,402,2355.468750,16.367552,52.734375,58.399387,hann
12,13.338534,403,2361.328125,15.601212,52.734375,58.399387,hann
12,13.338534,404,2367.187500,11.029343,52.734375,58.399387,hann
12,13.338534,405,2373.046875,3.778851,52.734375,58.399387,hann
12,13.338534,406,2378.906250,3.288992,52.734375,58.399387,hann
12,13.338534,407,2384.765625,1.676093,52.734375,58.399387,hann
12,13.338534,408,2390.625000,6.955232,52.734375,58.399387,hann
12,13.338534,409,2396.484375,7.042313,52.734375,58.399387,hann
12,13.338534,410,2402.343750,7.463255,52.734375,58.399387,hann
12,13.338534,411,2408.203125,13.099874,52.734375,58.399387,hann
12,13.338534,412,2414.062500,9.092606,52.734375,58.399387,hann
12,13.338534,413,2419.921875,5.031302,52.734375,58.399387,hann
12,13.338534,414,2425.781250,7.076933,52.734375,58.399387,hann
12,13.338534,415,2431.640625,3.062438,52.734375,58.399387,hann
12,13.338534,416,2437.500000,5.741367,52.734375,58.399387,hann
12,13.338534,417,2443.359375,19.027884,52.734375,58.399387,hann
12,13.338534,418,2449.218750,19.307434,52.734375,58.399387,hann
12,13.338534,419,2455.078125,13.009722,52.734375,58.399387,hann
12,13.338534,420,2460.937500,4.931245,52.734375,58.399387,hann
12,13.338534,421,2466.796875,11.621372,52.734375,58.399387,hann
12,13.338534,422,2472.656250,11.303480,52.734375,58.399387,hann
12,13.338534,423,2478.515625,2.696256,52.734375,58.399387,hann
12,13.338534,424,2484.375000,-3.140499,52.734375,58.399387,hann
12,13.338534,425,2490.234375,6.325929,52.734375,58.399387,hann
12,13.338534,426,2496.093750,12.083786,52.734375,58.399387,hann
12,13.338534,427,2501.953125,13.030046,52.734375,58.399387,hann
12,13.338534,428,2507.812500,15.662018,52.734375,58.399387,hann
12,13.338534,429,2513.671875,15.997134,52.734375,58.399387,hann
12,13.338534,430,2519.531250,12.401077,52.734375,58.399387,hann
12,13.338534,431,2525.390625,0.780592,52.734375,58.399387,hann
12,13.338534,432,2531.250000,11.494228,52.734375,58.399387,hann
12,13.338534,433,2537.109375,11.877464,52.734375,58.399387,hann
12,13.338534,434,2542.968750,18.671196,52.734375,58.399387,hann
12,13.338534,435,2548.828125,19.741333,52.734375,58.399387,hann
12,13.338534,436,2554.687500,19.376724,52.734375,58.399387,hann
12,13.338534,437,2560.546875,18.263132,52.734375,58.399387,hann
12,13.338534,438,2566.406250,7.819944,52.734375,58.399387,hann
12,13.338534,439,2572.265625,7.741509,52.734375,58.399387,hann
12,13.338534,440,2578.125000,11.458429,52.734375,58.399387,hann
12,13.338534,441,2583.984375,12.831965,52.734375,58.399387,hann
12,13.338534,442,2589.843750,16.177570,52.734375,58.399387,hann
12,13.338534,443,2595.703125,15.764315,52.734375,58.399387,hann
12,13.338534,444,2601.562500,7.747190,52.734375,58.399387,hann
12,13.338534,445,2607.421875,9.403876,52.734375,58.399387,hann
12,13.338534,446,2613.281250,10.031662,52.734375,58.399387,hann
12,13.338534,447,2619.140625,7.011650,52.734375,58.399387,hann
12,13.338534,448,2625.000000,1.054353,52.734375,58.399387,hann
12,13.338534,449,2630.859375,0.131715,52.734375,58.399387,hann
12,13.338534,450,2636.718750,8.663887,52.734375,58.399387,hann
12,13.338534,451,2642.578125,14.313321,52.734375,58.399387,hann
12,13.338534,452,2648.437500,13.859222,52.734375,58.399387,hann
12,13.338534,453,2654.296875,14.423923,52.734375,58.399387,hann
12,13.338534,454,2660.156250,12.157654,52.734375,58.399387,hann
12,13.338534,455,2666.015625,7.300462,52.734375,58.399387,hann
12,13.338534,456,2671.875000,7.413369,52.734375,58.399387,hann
12,13.338534,457,2677.734375,-0.458902,52.734375,58.399387,hann
12,13.338534,458,2683.593750,7.297238,52.734375,58.399387,hann
12,13.338534,459,2689.453125,10.903902,52.734375,58.399387,hann
12,13.338534,460,2695.312500,9.224297,52.734375,58.399387,hann
12,13.338534,461,2701.171875,15.390988,52.734375,58.399387,hann
12,13.338534,462,2707.031250,16.702291,52.734375,58.399387,hann
12,13.338534,463,2712.890625,14.565057,52.734375,58.399387,hann
12,13.338534,464,2718.750000,15.586757,52.734375,58.399387,hann
12,13.338534,465,2724.609375,12.876229,52.734375,58.399387,hann
12,13.338534,466,2730.468750,5.717459,52.734375,58.399387,hann
12,13.338534,467,2736.328125,8.422626,52.734375,58.399387,hann
12,13.338534,468,2742.187500,14.137230,52.734375,58.399387,hann
12,13.338534,469,2748.046875,15.516607,52.734375,58.399387,hann
12,13.338534,470,2753.906250,15.981275,52.734375,58.399387,hann
12,13.338534,471,2759.765625,15.566507,52.734375,58.399387,hann
12,13.338534,472,2765.625000,11.531033,52.734375,58.399387,hann
12,13.338534,473,2771.484375,11.630054,52.734375,58.399387,hann
12,13.338534,474,2777.343750,5.749500,52.734375,58.399387,hann
12,13.338534,475,2783.203125,11.041151,52.734375,58.399387,hann
12,13.338534,476,2789.062500,14.876583,52.734375,58.399387,hann
12,13.338534,477,2794.921875,11.246109,52.734375,58.399387,hann
12,13.338534,478,2800.781250,3.541290,52.734375,58.399387,hann
12,13.338534,479,2806.640625,14.831163,52.734375,58.399387,hann
12,13.338534,480,2812.500000,9.662114,52.734375,58.399387,hann
12,13.338534,481,2818.359375,3.013597,52.734375,58.399387,hann
12,13.338534,482,2824.218750,-6.159430,52.734375,58.399387,hann
12,13.338534,483,2830.078125,11.198916,52.734375,58.399387,hann
12,13.338534,484,2835.937500,6.682435,52.734375,58.399387,hann
12,13.338534,485,2841.796875,14.926559,52.734375,58.399387,hann
12,13.338534,486,2847.656250,21.996328,52.734375,58.399387,hann
12,13.338534,487,2853.515625,24.298069,52.734375,58.399387,hann
12,13.338534,488,2859.375000,19.574703,52.734375,58.399387,hann
12,13.338534,489,2865.234375,13.424202,52.734375,58.399387,hann
12,13.338534,490,2871.093750,15.108605,52.734375,58.399387,hann
12,13.338534,491,2876.953125,13.664712,52.734375,58.399387,hann
12,13.338534,492,2882.812500,15.085793,52.734375,58.399387,hann
12,13.338534,493,2888.671875,17.263550,52.734375,58.399387,hann
12,13.338534,494,2894.531250,15.146736,52.734375,58.399387,hann
12,13.338534,495,2900.390625,-1.420409,52.734375,58.399387,hann
12,13.338534,496,2906.250000,15.898182,52.734375,58.399387,hann
12,13.338534,497,2912.109375,10.919001,52.734375,58.399387,hann
12,13.338534,498,2917.968750,19.258377,52.734375,58.399387,hann
12,13.338534,499,2923.828125,19.152803,52.734375,58.399387,hann
12,13.338534,500,2929.687500,23.399338,52.734375,58.399387,hann
12,13.338534,501,2935.546875,24.277666,52.734375,58.399387,hann
12,13.338534,502,2941.406250,32.095142,52.734375,58.399387,hann
12,13.338534,503,2947.265625,33.457207,52.734375,58.399387,hann
12,13.338534,504,2953.125000,34.730827,52.734375,58.399387,hann
12,13.338534,505,2958.984375,33.460190,52.734375,58.399387,hann
12,13.338534,506,2964.843750,23.781881,52.734375,58.399387,hann
12,13.338534,507,2970.703125,32.133270,52.734375,58.399387,hann
12,13.338534,508,2976.562500,27.991713,52.734375,58.399387,hann
12,13.338534,509,2982.421875,27.104141,52.734375,58.399387,hann
12,13.338534,510,2988.281250,42.039661,52.734375,58.399387,hann
12,13.338534,511,2994.140625,47.933861,52.734375,58.399387,hann
13,14.360898,0,0.000000,22.781590,52.734375,58.773071,hann
13,14.360898,1,5.859375,27.292000,52.734375,58.773071,hann
13,14.360898,2,11.718750,33.059269,52.734375,58.773071,hann
13,14.360898,3,17.578125,22.397680,52.734375,58.773071,hann
13,14.360898,4,23.437500,4.290438,52.734375,58.773071,hann
13,14.360898,5,29.296875,22.969654,52.734375,58.773071,hann
13,14.360898,6,35.156250,28.537865,52.734375,58.773071,hann
13,14.360898,7,41.015625,44.402615,52.734375,58.773071,hann
13,14.360898,8,46.875000,58.578064,52.734375,58.773071,hann
13,14.360898,9,52.734375,58.773071,52.734375,58.773071,hann
13,14.360898,10,58.593750,45.047451,52.734375,58.773071,hann
13,14.360898,11,64.453125,30.375565,52.734375,58.773071,hann
13,14.360898,12,70.312500,21.299995,52.734375,58.773071,hann
13,14.360898,13,76.171875,2.790373,52.734375,58.773071,hann
13,14.360898,14,82.031250,8.740515,52.734375,58.773071,hann
13,14.360898,15,87.890625,18.449408,52.734375,58.773071,hann
13,14.360898,16,93.750000,44.484184,52.734375,58.773071,hann
13,14.360898,17,99.609375,51.152512,52.734375,58.773071,hann
13,14.360898,18,105.468750,45.729031,52.734375,58.773071,hann
13,14.360898,19,111.328125,18.792702,52.734375,58.773071,hann
13,14.360898,20,117.187500,13.853707,52.734375,58.773071,hann
13,14.360898,21,123.046875,15.618154,52.734375,58.773071,hann
13,14.360898,22,128.906250,3.966404,52.734375,58.773071,hann
13,14.360898,23,134.765625,14.544143,52.734375,58.773071,hann
13,14.360898,24,140.625000,26.747000,52.734375,58.773071,hann
13,14.360898,25,146.484375,43.130932,52.734375,58.773071,hann
13,14.360898,26,152.343750,43.939674,52.734375,58.773071,hann
13,14.360898,27,158.203125,31.706560,52.734375,58.773071,hann
13,14.360898,28,164.062500,5.083905,52.734375,58.773071,hann
13,14.360898,29,169.921875,12.042775,52.734375,58.773071,hann
13,14.360898,30,175.781250,7.326560,52.734375,58.773071,hann
13,14.360898,31,181.640625,10.480810,52.734375,58.773071,hann
13,14.360898,32,187.500000,-1.951182,52.734375,58.773071,hann
13,14.360898,33,193.359375,30.565989,52.734375,58.773071,hann
13,14.360898,34,199.218750,36.732796,52.734375,58.773071,hann
13,14.360898,35,205.078125,31.372213,52.734375,58.773071,hann
13,14.360898,36,210.937500,9.173032,52.734375,58.773071,hann
13,14.360898,37,216.796875,5.925613,52.734375,58.773071,hann
13,14.360898,38,222.656250,7.280931,52.734375,58.773071,hann
13,14.360898,39,228.515625,2.619377,52.734375,58.773071,hann
13,14.360898,40,234.375000,6.429180,52.734375,58.773071,hann
13,14.360898,41,240.234375,16.328606,52.734375,58.773071,hann
13,14.360898,42,246.093750,28.015083,52.734375,58.773071,hann
13,14.360898,43,251.953125,28.696732,52.734375,58.773071,hann
13,14.360898,44,257.812500,17.777250,52.734375,58.773071,hann
13,14.360898,45,263.671875,1.716488,52.734375,58.773071,hann
13,14.360898,46,269.531250,4.831074,52.734375,58.773071,hann
13,14.360898,47,275.390625,8.639144,52.734375,58.773071,hann
13,14.360898,48,281.250000,10.770172,52.734375,58.773071,hann
13,14.360898,49,287.109375,9.631210,52.734375,58.773071,hann
13,14.360898,50,292.968750,27.901199,52.734375,58.773071,hann
13,14.360898,51,298.828125,35.575008,52.734375,58.773071,hann
13,14.360898,52,304.687500,30.801184,52.734375,58.773071,hann
13,14.360898,53,310.546875,1.068768,52.734375,58.773071,hann
13,14.360898,54,316.406250,-27.331905,52.734375,58.773071,hann
13,14.360898,55,322.265625,2.841078,52.734375,58.773071,hann
13,14.360898,56,328.125000,2.860065,52.734375,58.773071,hann
13,14.360898,57,333.984375,5.380938,52.734375,58.773071,hann
13,14.360898,58,339.843750,22.872768,52.734375,58.773071,hann
13,14.360898,59,345.703125,39.029472,52.734375,58.773071,hann
13,14.360898,60,351.562500,40.582890,52.734375,58.773071,hann
13,14.360898,61,357.421875,29.934704,52.734375,58.773071,hann
13,14.360898,62,363.281250,2.298275,52.734375,58.773071,hann
13,14.360898,63,369.140625,5.126224,52.734375,58.773071,hann
13,14.360898,64,375.000000,4.104320,52.734375,58.773071,hann
13,14.360898,65,380.859375,10.897022,52.734375,58.773071,hann
13,14.360898,66,386.718750,8.356704,52.734375,58.773071,hann
13,14.360898,67,392.578125,18.711674,52.734375,58.773071,hann
13,14.360898,68,398.437500,27.818665,52.734375,58.773071,hann
13,14.360898,69,404.296875,23.535433,52.734375,58.773071,hann
13,14.360898,70,410.156250,5.034275,52.734375,58.773071,hann
13,14.360898,71,416.015625,9.916340,52.734375,58.773071,hann
13,14.360898,72,421.875000,8.599516,52.734375,58.773071,hann
13,14.360898,73,427.734375,5.286269,52.734375,58.773071,hann
13,14.360898,74,433.593750,1.437448,52.734375,58.773071,hann
13,14.360898,75,439.453125,9.047107,52.734375,58.773071,hann
13,14.360898,76,445.312500,28.873539,52.734375,58.773071,hann
13,14.360898,77,451.171875,30.810745,52.734375,58.773071,hann
13,14.360898,78,457.031250,20.536602,52.734375,58.773071,hann
13,14.360898,79,462.890625,4.599707,52.734375,58.773071,hann
13,14.360898,80,468.750000,-1.427090,52.734375,58.773071,hann
13,14.360898,81,474.609375,5.853004,52.734375,58.773071,hann
13,14.360898,82,480.468750,9.754238,52.734375,58.773071,hann
13,14.360898,83,486.328125,2.938909,52.734375,58.773071,hann
13,14.360898,84,492.187500,23.340385,52.734375,58.773071,hann
13,14.360898,85,498.046875,31.689140,52.734375,58.773071,hann
13,14.360898,86,503.906250,28.042068,52.734375,58.773071,hann
13,14.360898,87,509.765625,9.509254,52.734375,58.773071,hann
13,14.360898,88,515.625000,-0.950145,52.734375,58.773071,hann
13,14.360898,89,521.484375,-6.363369,52.734375,58.773071,hann
13,14.360898,90,527.343750,-0.405023,52.734375,58.773071,hann
13,14.360898,91,533.203125,-10.946239,52.734375,58.773071,hann
13,14.360898,92,539.062500,12.783817,52.734375,58.773071,hann
13,14.360898,93,544.921875,29.062458,52.734375,58.773071,hann
13,14.360898,94,550.781250,31.436062,52.734375,58.773071,hann
13,14.360898,95,556.640625,20.524818,52.734375,58.773071,hann
13,14.360898,96,562.500000,10.086679,52.734375,58.773071,hann
13,14.360898,97,568.359375,-0.116400,52.734375,58.773071,hann
13,14.360898,98,574.218750,-6.050807,52.734375,58.773071,hann
13,14.360898,99,580.078125,3.158993,52.734375,58.773071,hann
13,14.360898,100,585.937500,4.232049,52.734375,58.773071,hann
13,14.360898,101,591.796875,18.056637,52.734375,58.773071,hann
13,14.360898,102,597.656250,27.179409,52.734375,58.773071,hann
13,14.360898,103,603.515625,23.798958,52.734375,58.773071,hann
13,14.360898,104,609.375000,5.126207,52.734375,58.773071,hann
13,14.360898,105,615.234375,8.572609,52.734375,58.773071,hann
13,14.360898,106,621.093750,8.715583,52.734375,58.773071,hann
13,14.360898,107,626.953125,4.864045,52.734375,58.773071,hann
13,14.360898,108,632.812500,6.112090,52.734375,58.773071,hann
13,14.360898,109,638.671875,6.996340,52.734375,58.773071,hann
13,14.360898,110,644.531250,28.322876,52.734375,58.773071,hann
13,14.360898,111,650.390625,30.887398,52.734375,58.773071,hann
13,14.360898,112,656.250000,21.831209,52.734375,58.773071,hann
13,14.360898,113,662.109375,10.307265,52.734375,58.773071,hann
13,14.360898,114,667.968750,3.893416,52.734375,58.773071,hann
13,14.360898,115,673.828125,8.428727,52.734375,58.773071,hann
13,14.360898,116,679.687500,9.805953,52.734375,58.773071,hann
13,14.360898,117,685.546875,3.226370,52.734375,58.773071,hann
13,14.360898,118,691.406250,17.201578,52.734375,58.773071,hann
13,14.360898,119,697.265625,24.610657,52.734375,58.773071,hann
13,14.360898,120,703.125000,20.752314,52.734375,58.773071,hann
13,14.360898,121,708.984375,7.547979,52.734375,58.773071,hann
13,14.360898,122,714.843750,10.117834,52.734375,58.773071,hann
13,14.360898,123,720.703125,10.456276,52.734375,58.773071,hann
13,14.360898,124,726.562500,1.086893,52.734375,58.773071,hann
13,14.360898,125,732.421875,7.951951,52.734375,58.773071,hann
13,14.360898,126,738.281250,9.535693,52.734375,58.773071,hann
13,14.360898,127,744.140625,19.207998,52.734375,58.773071,hann
13,14.360898,128,750.000000,21.918098,52.734375,58.773071,hann
13,14.360898,129,755.859375,10.436110,52.734375,58.773071,hann
13,14.360898,130,761.718750,4.286443,52.734375,58.773071,hann
13,14.360898,131,767.578125,5.081290,52.734375,58.773071,hann
13,14.360898,132,773.437500,8.801007,52.734375,58.773071,hann
13,14.360898,133,779.296875,10.572085,52.734375,58.773071,hann
13,14.360898,134,785.156250,8.335105,52.734375,58.773071,hann
13,14.360898,135,791.015625,11.106242,52.734375,58.773071,hann
13,14.360898,136,796.875000,24.526436,52.734375,58.773071,hann
13,14.360898,137,802.734375,23.720684,52.734375,58.773071,hann
13,14.360898,138,808.593750,12.289852,52.734375,58.773071,hann
13,14.360898,139,814.453125,7.924952,52.734375,58.773071,hann
13,14.360898,140,820.312500,7.858726,52.734375,58.773071,hann
13,14.360898,141,826.171875,-0.074041,52.734375,58.773071,hann
13,14.360898,142,832.031250,9.487223,52.734375,58.773071,hann
13,14.360898,143,837.890625,7.143988,52.734375,58.773071,hann
13,14.360898,144,843.750000,25.351990,52.734375,58.773071,hann
13,14.360898,145,849.609375,30.670074,52.734375,58.773071,hann
13,14.360898,146,855.468750,24.948290,52.734375,58.773071,hann
13,14.360898,147,861.328125,11.738005,52.734375,58.773071,hann
13,14.360898,148,867.187500,1.159353,52.734375,58.773071,hann
13,14.360898,149,873.046875,3.704307,52.734375,58.773071,hann
13,14.360898,150,878.906250,11.100927,52.734375,58.773071,hann
13,14.360898,151,884.765625,12.988283,52.734375,58.773071,hann
13,14.360898,152,890.625000,20.428736,52.734375,58.773071,hann
13,14.360898,153,896.484375,32.239487,52.734375,58.773071,hann
13,14.360898,154,902.343750,31.607618,52.734375,58.773071,hann
13,14.360898,155,908.203125,22.162346,52.734375,58.773071,hann
13,14.360898,156,914.062500,14.603597,52.734375,58.773071,hann
13,14.360898,157,919.921875,13.086109,52.734375,58.773071,hann
13,14.360898,158,925.781250,16.328337,52.734375,58.773071,hann
13,14.360898,159,931.640625,16.395702,52.734375,58.773071,hann
13,14.360898,160,937.500000,22.793667,52.734375,58.773071,hann
13,14.360898,161,943.359375,42.694820,52.734375,58.773071,hann
13,14.360898,162,949.218750,47.462624,52.734375,58.773071,hann
13,14.360898,163,955.078125,41.095509,52.734375,58.773071,hann
13,14.360898,164,960.937500,22.098316,52.734375,58.773071,hann
13,14.360898,165,966.796875,18.715237,52.734375,58.773071,hann
13,14.360898,166,972.656250,10.317436,52.734375,58.773071,hann
13,14.360898,167,978.515625,24.675110,52.734375,58.773071,hann
13,14.360898,168,984.375000,36.772366,52.734375,58.773071,hann
13,14.360898,169,990.234375,42.965107,52.734375,58.773071,hann
13,14.360898,170,996.093750,57.475327,52.734375,58.773071,hann
13,14.360898,171,1001.953125,56.935890,52.734375,58.773071,hann
13,14.360898,172,1007.812500,45.022198,52.734375,58.773071,hann
13,14.360898,173,1013.671875,29.298048,52.734375,58.773071,hann
13,14.360898,174,1019.531250,22.560890,52.734375,58.773071,hann
13,14.360898,175,1025.390625,0.740612,52.734375,58.773071,hann
13,14.360898,176,1031.250000,13.010744,52.734375,58.773071,hann
13,14.360898,177,1037.109375,17.731188,52.734375,58.773071,hann
13,14.360898,178,1042.968750,40.386814,52.734375,58.773071,hann
13,14.360898,179,1048.828125,46.304848,52.734375,58.773071,hann
13,14.360898,180,1054.687500,41.253021,52.734375,58.773071,hann
13,14.360898,181,1060.546875,27.325094,52.734375,58.773071,hann
13,14.360898,182,1066.406250,1.762833,52.734375,58.773071,hann
13,14.360898,183,1072.265625,15.490746,52.734375,58.773071,hann
13,14.360898,184,1078.125000,1.221221,52.734375,58.773071,hann
13,14.360898,185,1083.984375,16.768789,52.734375,58.773071,hann
13,14.360898,186,1089.843750,21.225307,52.734375,58.773071,hann
13,14.360898,187,1095.703125,36.347649,52.734375,58.773071,hann
13,14.360898,188,1101.562500,35.872181,52.734375,58.773071,hann
13,14.360898,189,1107.421875,23.042109,52.734375,58.773071,hann
13,14.360898,190,1113.281250,8.526833,52.734375,58.773071,hann
13,14.360898,191,1119.140625,8.752916,52.734375,58.773071,hann
13,14.360898,192,1125.000000,11.284957,52.734375,58.773071,hann
13,14.360898,193,1130.859375,9.303219,52.734375,58.773071,hann
13,14.360898,194,1136.718750,-0.138314,52.734375,58.773071,hann
13,14.360898,195,1142.578125,28.023285,52.734375,58.773071,hann
13,14.360898,196,1148.437500,33.712708,52.734375,58.773071,hann
13,14.360898,197,1154.296875,28.161776,52.734375,58.773071,hann
13,14.360898,198,1160.156250,13.977832,52.734375,58.773071,hann
13,14.360898,199,1166.015625,11.315027,52.734375,58.773071,hann
13,14.360898,200,1171.875000,-1.760879,52.734375,58.773071,hann
13,14.360898,201,1177.734375,10.717793,52.734375,58.773071,hann
13,14.360898,202,1183.593750,5.200544,52.734375,58.773071,hann
13,14.360898,203,1189.453125,8.386246,52.734375,58.773071,hann
13,14.360898,204,1195.312500,17.686535,52.734375,58.773071,hann
13,14.360898,205,1201.171875,19.605633,52.734375,58.773071,hann
13,14.360898,206,1207.031250,13.931238,52.734375,58.773071,hann
13,14.360898,207,1212.890625,3.387971,52.734375,58.773071,hann
13,14.360898,208,1218.750000,8.625177,52.734375,58.773071,hann
13,14.360898,209,1224.609375,5.549296,52.734375,58.773071,hann
13,14.360898,210,1230.468750,11.951921,52.734375,58.773071,hann
13,14.360898,211,1236.328125,9.553637,52.734375,58.773071,hann
13,14.360898,212,1242.187500,18.688759,52.734375,58.773071,hann
13,14.360898,213,1248.046875,21.347755,52.734375,58.773071,hann
13,14.360898,214,1253.906250,13.987400,52.734375,58.773071,hann
13,14.360898,215,1259.765625,6.609345,52.734375,58.773071,hann
13,14.360898,216,1265.625000,9.386519,52.734375,58.773071,hann
13,14.360898,217,1271.484375,7.240047,52.734375,58.773071,hann
13,14.360898,218,1277.343750,5.384180,52.734375,58.773071,hann
13,14.360898,219,1283.203125,3.950791,52.734375,58.773071,hann
13,14.360898,220,1289.062500,14.293592,52.734375,58.773071,hann
13,14.360898,221,1294.921875,24.195908,52.734375,58.773071,hann
13,14.360898,222,1300.781250,22.324125,52.734375,58.773071,hann
13,14.360898,223,1306.640625,3.686448,52.734375,58.773071,hann
13,14.360898,224,1312.500000,7.371964,52.734375,58.773071,hann
13,14.360898,225,1318.359375,10.077946,52.734375,58.773071,hann
13,14.360898,226,1324.218750,6.570215,52.734375,58.773071,hann
13,14.360898,227,1330.078125,12.859575,52.734375,58.773071,hann
13,14.360898,228,1335.937500,8.359787,52.734375,58.773071,hann
13,14.360898,229,1341.796875,19.657848,52.734375,58.773071,hann
13,14.360898,230,1347.656250,27.277735,52.734375,58.773071,hann
13,14.360898,231,1353.515625,24.384119,52.734375,58.773071,hann
13,14.360898,232,1359.375000,9.343287,52.734375,58.773071,hann
13,14.360898,233,1365.234375,0.342900,52.734375,58.773071,hann
13,14.360898,234,1371.093750,5.675921,52.734375,58.773071,hann
13,14.360898,235,1376.953125,3.341379,52.734375,58.773071,hann
13,14.360898,236,1382.812500,5.111837,52.734375,58.773071,hann
13,14.360898,237,1388.671875,7.133861,52.734375,58.773071,hann
13,14.360898,238,1394.531250,-1.672993,52.734375,58.773071,hann
13,14.360898,239,1400.390625,11.997009,52.734375,58.773071,hann
13,14.360898,240,1406.250000,14.735491,52.734375,58.773071,hann
13,14.360898,241,1412.109375,11.389341,52.734375,58.773071,hann
13,14.360898,242,1417.968750,-2.167536,52.734375,58.773071,hann
13,14.360898,243,1423.828125,5.497055,52.734375,58.773071,hann
13,14.360898,244,1429.687500,7.060987,52.734375,58.773071,hann
13,14.360898,245,1435.546875,8.698969,52.734375,58.773071,hann
13,14.360898,246,1441.406250,23.829185,52.734375,58.773071,hann
13,14.360898,247,1447.265625,27.678799,52.734375,58.773071,hann
13,14.360898,248,1453.125000,21.865740,52.734375,58.773071,hann
13,14.360898,249,1458.984375,9.010497,52.734375,58.773071,hann
13,14.360898,250,1464.843750,-0.840292,52.734375,58.773071,hann
13,14.360898,251,1470.703125,8.086555,52.734375,58.773071,hann
13,14.360898,252,1476.562500,7.461526,52.734375,58.773071,hann
13,14.360898,253,1482.421875,-13.889016,52.734375,58.773071,hann
13,14.360898,254,1488.281250,9.859855,52.734375,58.773071,hann
13,14.360898,255,1494.140625,21.685764,52.734375,58.773071,hann
13,14.360898,256,1500.000000,21.699638,52.734375,58.773071,hann
13,14.360898,257,1505.859375,6.211947,52.734375,58.773071,hann
13,14.360898,258,1511.718750,4.708490,52.734375,58.773071,hann
13,14.360898,259,1517.578125,12.443987,52.734375,58.773071,hann
13,14.360898,260,1523.437500,7.364543,52.734375,58.773071,hann
13,14.360898,261,1529.296875,4.691055,52.734375,58.773071,hann
13,14.360898,262,1535.156250,9.628792,52.734375,58.773071,hann
13,14.360898,263,1541.015625,11.546623,52.734375,58.773071,hann
13,14.360898,264,1546.875000,24.096893,52.734375,58.773071,hann
13,14.360898,265,1552.734375,20.962788,52.734375,58.773071,hann
13,14.360898,266,1558.593750,1.030003,52.734375,58.773071,hann
13,14.360898,267,1564.453125,2.106758,52.734375,58.773071,hann
13,14.360898,268,1570.312500,8.287403,52.734375,58.773071,hann
13,14.360898,269,1576.171875,2.422752,52.734375,58.773071,hann
13,14.360898,270,1582.031250,5.786672,52.734375,58.773071,hann
13,14.360898,271,1587.890625,0.564397,52.734375,58.773071,hann
13,14.360898,272,1593.750000,18.848930,52.734375,58.773071,hann
13,14.360898,273,1599.609375,21.537268,52.734375,58.773071,hann
13,14.360898,274,1605.468750,13.941242,52.734375,58.773071,hann
13,14.360898,275,1611.328125,9.231358,52.734375,58.773071,hann
13,14.360898,276,1617.187500,10.971579,52.734375,58.773071,hann
13,14.360898,277,1623.046875,8.666843,52.734375,58.773071,hann
13,14.360898,278,1628.906250,2.227169,52.734375,58.773071,hann
13,14.360898,279,1634.765625,-0.395619,52.734375,58.773071,hann
13,14.360898,280,1640.625000,15.994058,52.734375,58.773071,hann
13,14.360898,281,1646.484375,22.402727,52.734375,58.773071,hann
13,14.360898,282,1652.343750,20.033031,52.734375,58.773071,hann
13,14.360898,283,1658.203125,13.933558,52.734375,58.773071,hann
13,14.360898,284,1664.062500,5.134589,52.734375,58.773071,hann
13,14.360898,285,1669.921875,6.652266,52.734375,58.773071,hann
13,14.360898,286,1675.781250,9.374632,52.734375,58.773071,hann
13,14.360898,287,1681.640625,5.505305,52.734375,58.773071,hann
13,14.360898,288,1687.500000,12.681886,52.734375,58.773071,hann
13,14.360898,289,1693.359375,15.949623,52.734375,58.773071,hann
13,14.360898,290,1699.218750,21.830070,52.734375,58.773071,hann
13,14.360898,291,1705.078125,12.553934,52.734375,58.773071,hann
13,14.360898,292,1710.937500,8.336486,52.734375,58.773071,hann
13,14.360898,293,1716.796875,5.108875,52.734375,58.773071,hann
13,14.360898,294,1722.656250,9.853343,52.734375,58.773071,hann
13,14.360898,295,1728.515625,4.651221,52.734375,58.773071,hann
13,14.360898,296,1734.375000,-0.020063,52.734375,58.773071,hann
13,14.360898,297,1740.234375,5.553114,52.734375,58.773071,hann
13,14.360898,298,1746.093750,12.617697,52.734375,58.773071,hann
13,14.360898,299,1751.953125,16.257601,52.734375,58.773071,hann
13,14.360898,300,1757.812500,12.342718,52.734375,58.773071,hann
13,14.360898,301,1763.671875,11.332251,52.734375,58.773071,hann
13,14.360898,302,1769.531250,11.041351,52.734375,58.773071,hann
13,14.360898,303,1775.390625,12.371523,52.734375,58.773071,hann
13,14.360898,304,1781.250000,10.561565,52.734375,58.773071,hann
13,14.360898,305,1787.109375,5.695608,52.734375,58.773071,hann
13,14.360898,306,1792.968750,16.402464,52.734375,58.773071,hann
13,14.360898,307,1798.828125,19.728357,52.734375,58.773071,hann
13,14.360898,308,1804.687500,12.390180,52.734375,58.773071,hann
13,14.360898,309,1810.546875,-7.789300,52.734375,58.773071,hann
13,14.360898,310,1816.406250,7.782287,52.734375,58.773071,hann
13,14.360898,311,1822.265625,8.339859,52.734375,58.773071,hann
13,14.360898,312,1828.125000,10.947992,52.734375,58.773071,hann
13,14.360898,313,1833.984375,5.750097,52.734375,58.773071,hann
13,14.360898,314,1839.843750,15.541878,52.734375,58.773071,hann
13,14.360898,315,1845.703125,23.746666,52.734375,58.773071,hann
13,14.360898,316,1851.562500,23.217247,52.734375,58.773071,hann
13,14.360898,317,1857.421875,17.679483,52.734375,58.773071,hann
13,14.360898,318,1863.281250,11.550083,52.734375,58.773071,hann
13,14.360898,319,1869.140625,8.274106,52.734375,58.773071,hann
13,14.360898,320,1875.000000,9.375259,52.734375,58.773071,hann
13,14.360898,321,1880.859375,13.791910,52.734375,58.773071,hann
13,14.360898,322,1886.718750,9.415119,52.734375,58.773071,hann
13,14.360898,323,1892.578125,21.089056,52.734375,58.773071,hann
13,14.360898,324,1898.437500,25.006943,52.734375,58.773071,hann
13,14.360898,325,1904.296875,23.192348,52.734375,58.773071,hann
13,14.360898,326,1910.156250,15.008830,52.734375,58.773071,hann
13,14.360898,327,1916.015625,10.794812,52.734375,58.773071,hann
13,14.360898,328,1921.875000,8.847866,52.734375,58.773071,hann
13,14.360898,329,1927.734375,3.966768,52.734375,58.773071,hann
13,14.360898,330,1933.593750,23.967392,52.734375,58.773071,hann
13,14.360898,331,1939.453125,18.521507,52.734375,58.773071,hann
13,14.360898,332,1945.312500,36.919830,52.734375,58.773071,hann
13,14.360898,333,1951.171875,36.864941,52.734375,58.773071,hann
13,14.360898,334,1957.031250,30.407055,52.734375,58.773071,hann
13,14.360898,335,1962.890625,19.859213,52.734375,58.773071,hann
13,14.360898,336,1968.750000,11.260681,52.734375,58.773071,hann
13,14.360898,337,1974.609375,17.944555,52.734375,58.773071,hann
13,14.360898,338,1980.468750,19.497032,52.734375,58.773071,hann
13,14.360898,339,1986.328125,16.539684,52.734375,58.773071,hann
13,14.360898,340,1992.187500,46.737915,52.734375,58.773071,hann
13,14.360898,341,1998.046875,51.451687,52.734375,58.773071,hann
13,14.360898,342,2003.906250,48.988209,52.734375,58.773071,hann
13,14.360898,343,2009.765625,42.557541,52.734375,58.773071,hann
13,14.360898,344,2015.625000,22.754559,52.734375,58.773071,hann
13,14.360898,345,2021.484375,23.995995,52.734375,58.773071,hann
13,14.360898,346,2027.343750,21.574183,52.734375,58.773071,hann
13,14.360898,347,2033.203125,18.086075,52.734375,58.773071,hann
13,14.360898,348,2039.062500,21.342705,52.734375,58.773071,hann
13,14.360898,349,2044.921875,35.706860,52.734375,58.773071,hann
13,14.360898,350,2050.781250,36.930405,52.734375,58.773071,hann
13,14.360898,351,2056.640625,32.852970,52.734375,58.773071,hann
13,14.360898,352,2062.500000,24.105694,52.734375,58.773071,hann
13,14.360898,353,2068.359375,18.511255,52.734375,58.773071,hann
13,14.360898,354,2074.218750,12.109840,52.734375,58.773071,hann
13,14.360898,355,2080.078125,1.589872,52.734375,58.773071,hann
13,14.360898,356,2085.937500,16.611353,52.734375,58.773071,hann
13,14.360898,357,2091.796875,19.528315,52.734375,58.773071,hann
13,14.360898,358,2097.656250,24.163282,52.734375,58.773071,hann
13,14.360898,359,2103.515625,24.592150,52.734375,58.773071,hann
13,14.360898,360,2109.375000,19.561298,52.734375,58.773071,hann
13,14.360898,361,2115.234375,9.179754,52.734375,58.773071,hann
13,14.360898,362,2121.093750,10.603571,52.734375,58.773071,hann
13,14.360898,363,2126.953125,3.901046,52.734375,58.773071,hann
13,14.360898,364,2132.812500,8.458637,52.734375,58.773071,hann
13,14.360898,365,2138.671875,9.470419,52.734375,58.773071,hann
13,14.360898,366,2144.531250,23.953497,52.734375,58.773071,hann
13,14.360898,367,2150.390625,23.905334,52.734375,58.773071,hann
13,14.360898,368,2156.250000,18.384747,52.734375,58.773071,hann
13,14.360898,369,2162.109375,13.646407,52.734375,58.773071,hann
13,14.360898,370,2167.968750,0.822181,52.734375,58.773071,hann
13,14.360898,371,2173.828125,10.252028,52.734375,58.773071,hann
13,14.360898,372,2179.687500,5.200698,52.734375,58.773071,hann
13,14.360898,373,2185.546875,8.333426,52.734375,58.773071,hann
13,14.360898,374,2191.406250,9.134187,52.734375,58.773071,hann
13,14.360898,375,2197.265625,11.595368,52.734375,58.773071,hann
13,14.360898,376,2203.125000,6.369906,52.734375,58.773071,hann
13,14.360898,377,2208.984375,6.484739,52.734375,58.773071,hann
13,14.360898,378,2214.843750,12.012988,52.734375,58.773071,hann
13,14.360898,379,2220.703125,-8.909384,52.734375,58.773071,hann
13,14.360898,380,2226.562500,8.990831,52.734375,58.773071,hann
13,14.360898,381,2232.421875,10.328151,52.734375,58.773071,hann
13,14.360898,382,2238.281250,9.652611,52.734375,58.773071,hann
13,14.360898,383,2244.140625,16.570738,52.734375,58.773071,hann
13,14.360898,384,2250.000000,20.571476,52.734375,58.773071,hann
13,14.360898,385,2255.859375,17.664011,52.734375,58.773071,hann
13,14.360898,386,2261.718750,10.769461,52.734375,58.773071,hann
13,14.360898,387,2267.578125,-1.764258,52.734375,58.773071,hann
13,14.360898,388,2273.437500,2.340857,52.734375,58.773071,hann
13,14.360898,389,2279.296875,5.081354,52.734375,58.773071,hann
13,14.360898,390,2285.156250,-1.673996,52.734375,58.773071,hann
13,14.360898,391,2291.015625,14.055829,52.734375,58.773071,hann
13,14.360898,392,2296.875000,17.660879,52.734375,58.773071,hann
13,14.360898,393,2302.734375,13.501891,52.734375,58.773071,hann
13,14.360898,394,2308.593750,8.260272,52.734375,58.773071,hann
13,14.360898,395,2314.453125,10.007284,52.734375,58.773071,hann
13,14.360898,396,2320.312500,9.615454,52.734375,58.773071,hann
13,14.360898,397,2326.171875,4.307580,52.734375,58.773071,hann
13,14.360898,398,2332.031250,3.822876,52.734375,58.773071,hann
13,14.360898,399,2337.890625,15.608773,52.734375,58.773071,hann
13,14.360898,400,2343.750000,20.938368,52.734375,58.773071,hann
13,14.360898,401,2349.609375,20.360472,52.734375,58.773071,hann
13,14.360898,402,2355.468750,13.972624,52.734375,58.773071,hann
13,14.360898,403,2361.328125,9.039953,52.734375,58.773071,hann
13,14.360898,404,2367.187500,4.282630,52.734375,58.773071,hann
13,14.360898,405,2373.046875,-0.195232,52.734375,58.773071,hann
13,14.360898,406,2378.906250,9.445900,52.734375,58.773071,hann
13,14.360898,407,2384.765625,8.886969,52.734375,58.773071,hann
13,14.360898,408,2390.625000,11.129175,52.734375,58.773071,hann
13,14.360898,409,2396.484375,9.819443,52.734375,58.773071,hann
13,14.360898,410,2402.343750,4.403018,52.734375,58.773071,hann
13,14.360898,411,2408.203125,-3.044693,52.734375,58.773071,hann
13,14.360898,412,2414.062500,6.261549,52.734375,58.773071,hann
13,14.360898,413,2419.921875,6.111540,52.734375,58.773071,hann
13,14.360898,414,2425.781250,7.388790,52.734375,58.773071,hann
13,14.360898,415,2431.640625,8.344327,52.734375,58.773071,hann
13,14.360898,416,2437.500000,10.929045,52.734375,58.773071,hann
13,14.360898,417,2443.359375,12.803637,52.734375,58.773071,hann
13,14.360898,418,2449.218750,17.160337,52.734375,58.773071,hann
13,14.360898,419,2455.078125,17.441031,52.734375,58.773071,hann
13,14.360898,420,2460.937500,6.496576,52.734375,58.773071,hann
13,14.360898,421,2466.796875,11.208788,52.734375,58.773071,hann
13,14.360898,422,2472.656250,6.443333,52.734375,58.773071,hann
13,14.360898,423,2478.515625,8.742052,52.734375,58.773071,hann
13,14.360898,424,2484.375000,3.250335,52.734375,58.773071,hann
13,14.360898,425,2490.234375,11.670349,52.734375,58.773071,hann
13,14.360898,426,2496.093750,16.369289,52.734375,58.773071,hann
13,14.360898,427,2501.953125,15.269227,52.734375,58.773071,hann
13,14.360898,428,2507.812500,11.733274,52.734375,58.773071,hann
13,14.360898,429,2513.671875,-0.490427,52.734375,58.773071,hann
13,14.360898,430,2519.531250,8.752339,52.734375,58.773071,hann
13,14.360898,431,2525.390625,2.751137,52.734375,58.773071,hann
13,14.360898,432,2531.250000,0.465514,52.734375,58.773071,hann
13,14.360898,433,2537.109375,-0.214120,52.734375,58.773071,hann
13,14.360898,434,2542.968750,14.203491,52.734375,58.773071,hann
13,14.360898,435,2548.828125,13.274715,52.734375,58.773071,hann
13,14.360898,436,2554.687500,7.816147,52.734375,58.773071,hann
13,14.360898,437,2560.546875,-6.006818,52.734375,58.773071,hann
13,14.360898,438,2566.406250,5.580898,52.734375,58.773071,hann
13,14.360898,439,2572.265625,8.823462,52.734375,58.773071,hann
13,14.360898,440,2578.125000,2.230881,52.734375,58.773071,hann
13,14.360898,441,2583.984375,1.479965,52.734375,58.773071,hann
13,14.360898,442,2589.843750,8.718502,52.734375,58.773071,hann
13,14.360898,443,2595.703125,12.734478,52.734375,58.773071,hann
13,14.360898,444,2601.562500,10.792013,52.734375,58.773071,hann
13,14.360898,445,2607.421875,8.508023,52.734375,58.773071,hann
13,14.360898,446,2613.281250,7.820783,52.734375,58.773071,hann
13,14.360898,447,2619.140625,-8.047620,52.734375,58.773071,hann
13,14.360898,448,2625.000000,5.870512,52.734375,58.773071,hann
13,14.360898,449,2630.859375,2.502111,52.734375,58.773071,hann
13,14.360898,450,2636.718750,4.119416,52.734375,58.773071,hann
13,14.360898,451,2642.578125,4.794606,52.734375,58.773071,hann
13,14.360898,452,2648.437500,5.260139,52.734375,58.773071,hann
13,14.360898,453,2654.296875,12.606553,52.734375,58.773071,hann
13,14.360898,454,2660.156250,9.960351,52.734375,58.773071,hann
13,14.360898,455,2666.015625,3.585361,52.734375,58.773071,hann
13,14.360898,456,2671.875000,-2.910949,52.734375,58.773071,hann
13,14.360898,457,2677.734375,4.791027,52.734375,58.773071,hann
13,14.360898,458,2683.593750,-0.818778,52.734375,58.773071,hann
13,14.360898,459,2689.453125,4.019071,52.734375,58.773071,hann
13,14.360898,460,2695.312500,5.804453,52.734375,58.773071,hann
13,14.360898,461,2701.171875,3.216683,52.734375,58.773071,hann
13,14.360898,462,2707.031250,-6.510670,52.734375,58.773071,hann
13,14.360898,463,2712.890625,6.114810,52.734375,58.773071,hann
13,14.360898,464,2718.750000,11.425089,52.734375,58.773071,hann
13,14.360898,465,2724.609375,6.259466,52.734375,58.773071,hann
13,14.360898,466,2730.468750,8.776120,52.734375,58.773071,hann
13,14.360898,467,2736.328125,9.660092,52.734375,58.773071,hann
13,14.360898,468,2742.187500,14.907663,52.734375,58.773071,hann
13,14.360898,469,2748.046875,13.733934,52.734375,58.773071,hann
13,14.360898,470,2753.906250,6.667842,52.734375,58.773071,hann
13,14.360898,471,2759.765625,9.892196,52.734375,58.773071,hann
13,14.360898,472,2765.625000,7.289503,52.734375,58.773071,hann
13,14.360898,473,2771.484375,8.195749,52.734375,58.773071,hann
13,14.360898,474,2777.343750,-5.685084,52.734375,58.773071,hann
13,14.360898,475,2783.203125,12.120974,52.734375,58.773071,hann
13,14.360898,476,2789.062500,9.784971,52.734375,58.773071,hann
13,14.360898,477,2794.921875,8.624470,52.734375,58.773071,hann
13,14.360898,478,2800.781250,7.479729,52.734375,58.773071,hann
13,14.360898,479,2806.640625,14.480275,52.734375,58.773071,hann
13,14.360898,480,2812.500000,8.246165,52.734375,58.773071,hann
13,14.360898,481,2818.359375,5.529552,52.734375,58.773071,hann
13,14.360898,482,2824.218750,8.474552,52.734375,58.773071,hann
13,14.360898,483,2830.078125,7.185900,52.734375,58.773071,hann
13,14.360898,484,2835.937500,6.471630,52.734375,58.773071,hann
13,14.360898,485,2841.796875,13.430206,52.734375,58.773071,hann
13,14.360898,486,2847.656250,16.970680,52.734375,58.773071,hann
13,14.360898,487,2853.515625,17.093218,52.734375,58.773071,hann
13,14.360898,488,2859.375000,10.935070,52.734375,58.773071,hann
13,14.360898,489,2865.234375,-0.205881,52.734375,58.773071,hann
13,14.360898,490,2871.093750,9.034591,52.734375,58.773071,hann
13,14.360898,491,2876.953125,13.076267,52.734375,58.773071,hann
13,14.360898,492,2882.812500,14.061804,52.734375,58.773071,hann
13,14.360898,493,2888.671875,16.466698,52.734375,58.773071,hann
13,14.360898,494,2894.531250,14.589200,52.734375,58.773071,hann
13,14.360898,495,2900.390625,19.348055,52.734375,58.773071,hann
13,14.360898,496,2906.250000,20.328304,52.734375,58.773071,hann
13,14.360898,497,2912.109375,6.234047,52.734375,58.773071,hann
13,14.360898,498,2917.968750,2.326158,52.734375,58.773071,hann
13,14.360898,499,2923.828125,10.137325,52.734375,58.773071,hann
13,14.360898,500,2929.687500,15.712014,52.734375,58.773071,hann
13,14.360898,501,2935.546875,9.250946,52.734375,58.773071,hann
13,14.360898,502,2941.406250,31.361448,52.734375,58.773071,hann
13,14.360898,503,2947.265625,35.562550,52.734375,58.773071,hann
13,14.360898,504,2953.125000,35.437115,52.734375,58.773071,hann
13,14.360898,505,2958.984375,30.862312,52.734375,58.773071,hann
13,14.360898,506,2964.843750,11.249551,52.734375,58.773071,hann
13,14.360898,507,2970.703125,16.228312,52.734375,58.773071,hann
13,14.360898,508,2976.562500,20.709793,52.734375,58.773071,hann
13,14.360898,509,2982.421875,26.742945,52.734375,58.773071,hann
13,14.360898,510,2988.281250,29.516006,52.734375,58.773071,hann
13,14.360898,511,2994.140625,39.688019,52.734375,58.773071,hann
14,15.383261,0,0.000000,28.456509,52.734375,58.800560,hann
14,15.383261,1,5.859375,18.860687,52.734375,58.800560,hann
14,15.383261,2,11.718750,31.557695,52.734375,58.800560,hann
14,15.383261,3,17.578125,23.561420,52.734375,58.800560,hann
14,15.383261,4,23.437500,20.602844,52.734375,58.800560,hann
14,15.383261,5,29.296875,20.284979,52.734375,58.800560,hann
14,15.383261,6,35.156250,29.384708,52.734375,58.800560,hann
14,15.383261,7,41.015625,44.520855,52.734375,58.800560,hann
14,15.383261,8,46.875000,58.665501,52.734375,58.800560,hann
14,15.383261,9,52.734375,58.800560,52.734375,58.800560,hann
14,15.383261,10,58.593750,44.684402,52.734375,58.800560,hann
14,15.383261,11,64.453125,30.378305,52.734375,58.800560,hann
14,15.383261,12,70.312500,21.219847,52.734375,58.800560,hann
14,15.383261,13,76.171875,-2.319690,52.734375,58.800560,hann
14,15.383261,14,82.031250,10.269265,52.734375,58.800560,hann
14,15.383261,15,87.890625,20.808783,52.734375,58.800560,hann
14,15.383261,16,93.750000,44.534286,52.734375,58.800560,hann
14,15.383261,17,99.609375,51.193195,52.734375,58.800560,hann
14,15.383261,18,105.468750,45.512604,52.734375,58.800560,hann
14,15.383261,19,111.328125,19.375704,52.734375,58.800560,hann
14,15.383261,20,117.187500,7.305203,52.734375,58.800560,hann
14,15.383261,21,123.046875,14.246402,52.734375,58.800560,hann
14,15.383261,22,128.906250,8.405305,52.734375,58.800560,hann
14,15.383261,23,134.765625,17.296589,52.734375,58.800560,hann
14,15.383261,24,140.625000,27.422455,52.734375,58.800560,hann
14,15.383261,25,146.484375,43.609676,52.734375,58.800560,hann
14,15.383261,26,152.343750,44.313015,52.734375,58.800560,hann
14,15.383261,27,158.203125,31.527527,52.734375,58.800560,hann
14,15.383261,28,164.062500,11.450047,52.734375,58.800560,hann
14,15.383261,29,169.921875,10.058109,52.734375,58.800560,hann
14,15.383261,30,175.781250,-0.408542,52.734375,58.800560,hann
14,15.383261,31,181.640625,-6.620340,52.734375,58.800560,hann
14,15.383261,32,187.500000,11.741757,52.734375,58.800560,hann
14,15.383261,33,193.359375,29.802702,52.734375,58.800560,hann
14,15.383261,34,199.218750,36.788322,52.734375,58.800560,hann
14,15.383261,35,205.078125,31.570564,52.734375,58.800560,hann
14,15.383261,36,210.937500,8.496237,52.734375,58.800560,hann
14,15.383261,37,216.796875,8.858577,52.734375,58.800560,hann
14,15.383261,38,222.656250,3.173414,52.734375,58.800560,hann
14,15.383261,39,228.515625,7.079787,52.734375,58.800560,hann
14,15.383261,40,234.375000,5.046797,52.734375,58.800560,hann
14,15.383261,41,240.234375,13.840457,52.734375,58.800560,hann
14,15.383261,42,246.093750,27.514046,52.734375,58.800560,hann
14,15.383261,43,251.953125,27.997299,52.734375,58.800560,hann
14,15.383261,44,257.812500,16.326736,52.734375,58.800560,hann
14,15.383261,45,263.671875,6.558818,52.734375,58.800560,hann
14,15.383261,46,269.531250,3.766338,52.734375,58.800560,hann
14,15.383261,47,275.390625,-1.919752,52.734375,58.800560,hann
14,15.383261,48,281.250000,4.663476,52.734375,58.800560,hann
14,15.383261,49,287.109375,9.083771,52.734375,58.800560,hann
14,15.383261,50,292.968750,27.297411,52.734375,58.800560,hann
14,15.383261,51,298.828125,35.184875,52.734375,58.800560,hann
14,15.383261,52,304.687500,30.485918,52.734375,58.800560,hann
14,15.383261,53,310.546875,3.823767,52.734375,58.800560,hann
14,15.383261,54,316.406250,5.694207,52.734375,58.800560,hann
14,15.383261,55,322.265625,7.822835,52.734375,58.800560,hann
14,15.383261,56,328.125000,7.819016,52.734375,58.800560,hann
14,15.383261,57,333.984375,10.830753,52.734375,58.800560,hann
14,15.383261,58,339.843750,22.834513,52.734375,58.800560,hann
14,15.383261,59,345.703125,38.524277,52.734375,58.800560,hann
14,15.383261,60,351.562500,39.869251,52.734375,58.800560,hann
14,15.383261,61,357.421875,29.126127,52.734375,58.800560,hann
14,15.383261,62,363.281250,-5.067533,52.734375,58.800560,hann
14,15.383261,63,369.140625,5.460689,52.734375,58.800560,hann
14,15.383261,64,375.000000,5.538473,52.734375,58.800560,hann
14,15.383261,65,380.859375,5.460456,52.734375,58.800560,hann
14,15.383261,66,386.718750,6.360406,52.734375,58.800560,hann
14,15.383261,67,392.578125,21.106379,52.734375,58.800560,hann
14,15.383261,68,398.437500,27.722675,52.734375,58.800560,hann
14,15.383261,69,404.296875,23.858852,52.734375,58.800560,hann
14,15.383261,70,410.156250,3.182034,52.734375,58.800560,hann
14,15.383261,71,416.015625,-4.241528,52.734375,58.800560,hann
14,15.383261,72,421.875000,3.927563,52.734375,58.800560,hann
14,15.383261,73,427.734375,6.206901,52.734375,58.800560,hann
14,15.383261,74,433.593750,11.943111,52.734375,58.800560,hann
14,15.383261,75,439.453125,18.371613,52.734375,58.800560,hann
14,15.383261,76,445.312500,27.663162,52.734375,58.800560,hann
14,15.383261,77,451.171875,28.584152,52.734375,58.800560,hann
14,15.383261,78,457.031250,16.964725,52.734375,58.800560,hann
14,15.383261,79,462.890625,5.180389,52.734375,58.800560,hann
14,15.383261,80,468.750000,-5.924716,52.734375,58.800560,hann
14,15.383261,81,474.609375,2.427651,52.734375,58.800560,hann
14,15.383261,82,480.468750,8.702699,52.734375,58.800560,hann
14,15.383261,83,486.328125,10.293368,52.734375,58.800560,hann
14,15.383261,84,492.187500,24.145275,52.734375,58.800560,hann
14,15.383261,85,498.046875,30.578873,52.734375,58.800560,hann
14,15.383261,86,503.906250,26.593655,52.734375,58.800560,hann
14,15.383261,87,509.765625,9.236263,52.734375,58.800560,hann
14,15.383261,88,515.625000,11.353308,52.734375,58.800560,hann
14,15.383261,89,521.484375,8.221221,52.734375,58.800560,hann
14,15.383261,90,527.343750,-5.082409,52.734375,58.800560,hann
14,15.383261,91,533.203125,-5.348372,52.734375,58.800560,hann
14,15.383261,92,539.062500,8.680882,52.734375,58.800560,hann
14,15.383261,93,544.921875,27.896278,52.734375,58.800560,hann
14,15.383261,94,550.781250,30.370638,52.734375,58.800560,hann
14,15.383261,95,556.640625,19.308031,52.734375,58.800560,hann
14,15.383261,96,562.500000,10.853042,52.734375,58.800560,hann
14,15.383261,97,568.359375,8.128096,52.734375,58.800560,hann
14,15.383261,98,574.218750,7.086426,52.734375,58.800560,hann
14,15.383261,99,580.078125,5.728989,52.734375,58.800560,hann
14,15.383261,100,585.937500,4.223999,52.734375,58.800560,hann
14,15.383261,101,591.796875,17.923836,52.734375,58.800560,hann
14,15.383261,102,597.656250,25.528690,52.734375,58.800560,hann
14,15.383261,103,603.515625,21.805403,52.734375,58.800560,hann
14,15.383261,104,609.375000,10.921422,52.734375,58.800560,hann
14,15.383261,105,615.234375,8.155488,52.734375,58.800560,hann
14,15.383261,106,621.093750,6.582968,52.734375,58.800560,hann
14,15.383261,107,626.953125,6.234076,52.734375,58.800560,hann
14,15.383261,108,632.812500,8.789808,52.734375,58.800560,hann
14,15.383261,109,638.671875,11.547192,52.734375,58.800560,hann
14,15.383261,110,644.531250,25.166107,52.734375,58.800560,hann
14,15.383261,111,650.390625,29.312111,52.734375,58.800560,hann
14,15.383261,112,656.250000,19.444244,52.734375,58.800560,hann
14,15.383261,113,662.109375,8.868811,52.734375,58.800560,hann
14,15.383261,114,667.968750,-1.874912,52.734375,58.800560,hann
14,15.383261,115,673.828125,0.031076,52.734375,58.800560,hann
14,15.383261,116,679.687500,-1.914573,52.734375,58.800560,hann
14,15.383261,117,685.546875,14.271994,52.734375,58.800560,hann
14,15.383261,118,691.406250,15.989219,52.734375,58.800560,hann
14,15.383261,119,697.265625,17.766430,52.734375,58.800560,hann
14,15.383261,120,703.125000,12.356963,52.734375,58.800560,hann
14,15.383261,121,708.984375,11.402226,52.734375,58.800560,hann
14,15.383261,122,714.843750,8.252138,52.734375,58.800560,hann
14,15.383261,123,720.703125,4.802739,52.734375,58.800560,hann
14,15.383261,124,726.562500,7.704648,52.734375,58.800560,hann
14,15.383261,125,732.421875,-8.270675,52.734375,58.800560,hann
14,15.383261,126,738.281250,6.131344,52.734375,58.800560,hann
14,15.383261,127,744.140625,18.294771,52.734375,58.800560,hann
14,15.383261,128,750.000000,22.475578,52.734375,58.800560,hann
14,15.383261,129,755.859375,14.619577,52.734375,58.800560,hann
14,15.383261,130,761.718750,10.789078,52.734375,58.800560,hann
14,15.383261,131,767.578125,-4.369463,52.734375,58.800560,hann
14,15.383261,132,773.437500,-7.018917,52.734375,58.800560,hann
14,15.383261,133,779.296875,7.173636,52.734375,58.800560,hann
14,15.383261,134,785.156250,11.919737,52.734375,58.800560,hann
14,15.383261,135,791.015625,16.575581,52.734375,58.800560,hann
14,15.383261,136,796.875000,23.095797,52.734375,58.800560,hann
14,15.383261,137,802.734375,20.763168,52.734375,58.800560,hann
14,15.383261,138,808.593750,13.868407,52.734375,58.800560,hann
14,15.383261,139,814.453125,11.131823,52.734375,58.800560,hann
14,15.383261,140,820.312500,10.038124,52.734375,58.800560,hann
14,15.383261,141,826.171875,9.004236,52.734375,58.800560,hann
14,15.383261,142,832.031250,9.254970,52.734375,58.800560,hann
14,15.383261,143,837.890625,12.016282,52.734375,58.800560,hann
14,15.383261,144,843.750000,25.769512,52.734375,58.800560,hann
14,15.383261,145,849.609375,30.616291,52.734375,58.800560,hann
14,15.383261,146,855.468750,24.569445,52.734375,58.800560,hann
14,15.383261,147,861.328125,13.765908,52.734375,58.800560,hann
14,15.383261,148,867.187500,5.257010,52.734375,58.800560,hann
14,15.383261,149,873.046875,5.842966,52.734375,58.800560,hann
14,15.383261,150,878.906250,3.953404,52.734375,58.800560,hann
14,15.383261,151,884.765625,12.533177,52.734375,58.800560,hann
14,15.383261,152,890.625000,16.668369,52.734375,58.800560,hann
14,15.383261,153,896.484375,32.022175,52.734375,58.800560,hann
14,15.383261,154,902.343750,31.863745,52.734375,58.800560,hann
14,15.383261,155,908.203125,22.050493,52.734375,58.800560,hann
14,15.383261,156,914.062500,9.701048,52.734375,58.800560,hann
14,15.383261,157,919.921875,7.055444,52.734375,58.800560,hann
14,15.383261,158,925.781250,8.503313,52.734375,58.800560,hann
14,15.383261,159,931.640625,17.137230,52.734375,58.800560,hann
14,15.383261,160,937.500000,18.292757,52.734375,58.800560,hann
14,15.383261,161,943.359375,42.040642,52.734375,58.800560,hann
14,15.383261,162,949.218750,47.078556,52.734375,58.800560,hann
14,15.383261,163,955.078125,41.060402,52.734375,58.800560,hann
14,15.383261,164,960.937500,27.278566,52.734375,58.800560,hann
14,15.383261,165,966.796875,23.625412,52.734375,58.800560,hann
14,15.383261,166,972.656250,3.925805,52.734375,58.800560,hann
14,15.383261,167,978.515625,24.497936,52.734375,58.800560,hann
14,15.383261,168,984.375000,36.970554,52.734375,58.800560,hann
14,15.383261,169,990.234375,43.097439,52.734375,58.800560,hann
14,15.383261,170,996.093750,57.497505,52.734375,58.800560,hann
14,15.383261,171,1001.953125,56.892208,52.734375,58.800560,hann
14,15.383261,172,1007.812500,44.945530,52.734375,58.800560,hann
14,15.383261,173,1013.671875,29.853649,52.734375,58.800560,hann
14,15.383261,174,1019.531250,24.066689,52.734375,58.800560,hann
14,15.383261,175,1025.390625,5.841751,52.734375,58.800560,hann
14,15.383261,176,1031.250000,2.229101,52.734375,58.800560,hann
14,15.383261,177,1037.109375,8.753908,52.734375,58.800560,hann
14,15.383261,178,1042.968750,41.446594,52.734375,58.800560,hann
14,15.383261,179,1048.828125,46.486019,52.734375,58.800560,hann
14,15.383261,180,1054.687500,41.189770,52.734375,58.800560,hann
14,15.383261,181,1060.546875,27.101559,52.734375,58.800560,hann
14,15.383261,182,1066.406250,2.962684,52.734375,58.800560,hann
14,15.383261,183,1072.265625,16.635172,52.734375,58.800560,hann
14,15.383261,184,1078.125000,8.532248,52.734375,58.800560,hann
14,15.383261,185,1083.984375,17.211428,52.734375,58.800560,hann
14,15.383261,186,1089.843750,20.584251,52.734375,58.800560,hann
14,15.383261,187,1095.703125,36.641212,52.734375,58.800560,hann
14,15.383261,188,1101.562500,36.203182,52.734375,58.800560,hann
14,15.383261,189,1107.421875,22.996254,52.734375,58.800560,hann
14,15.383261,190,1113.281250,8.740460,52.734375,58.800560,hann
14,15.383261,191,1119.140625,12.564325,52.734375,58.800560,hann
14,15.383261,192,1125.000000,5.578759,52.734375,58.800560,hann
14,15.383261,193,1130.859375,0.719686,52.734375,58.800560,hann
14,15.383261,194,1136.718750,16.435839,52.734375,58.800560,hann
14,15.383261,195,1142.578125,24.621735,52.734375,58.800560,hann
14,15.383261,196,1148.437500,32.298161,52.734375,58.800560,hann
14,15.383261,197,1154.296875,27.455561,52.734375,58.800560,hann
14,15.383261,198,1160.156250,10.065484,52.734375,58.800560,hann
14,15.383261,199,1166.015625,7.949216,52.734375,58.800560,hann
14,15.383261,200,1171.875000,5.402594,52.734375,58.800560,hann
14,15.383261,201,1177.734375,4.447237,52.734375,58.800560,hann
14,15.383261,202,1183.593750,8.352262,52.734375,58.800560,hann
14,15.383261,203,1189.453125,12.614075,52.734375,58.800560,hann
14,15.383261,204,1195.312500,19.742636,52.734375,58.800560,hann
14,15.383261,205,1201.171875,19.790798,52.734375,58.800560,hann
14,15.383261,206,1207.031250,14.767877,52.734375,58.800560,hann
14,15.383261,207,1212.890625,3.569782,52.734375,58.800560,hann
14,15.383261,208,1218.750000,4.922494,52.734375,58.800560,hann
14,15.383261,209,1224.609375,0.515849,52.734375,58.800560,hann
14,15.383261,210,1230.468750,8.078570,52.734375,58.800560,hann
14,15.383261,211,1236.328125,16.151840,52.734375,58.800560,hann
14,15.383261,212,1242.187500,19.749413,52.734375,58.800560,hann
14,15.383261,213,1248.046875,20.014431,52.734375,58.800560,hann
14,15.383261,214,1253.906250,9.560431,52.734375,58.800560,hann
14,15.383261,215,1259.765625,9.305014,52.734375,58.800560,hann
14,15.383261,216,1265.625000,7.251480,52.734375,58.800560,hann
14,15.383261,217,1271.484375,3.439421,52.734375,58.800560,hann
14,15.383261,218,1277.343750,5.486147,52.734375,58.800560,hann
14,15.383261,219,1283.203125,10.267869,52.734375,58.800560,hann
14,15.383261,220,1289.062500,2.633412,52.734375,58.800560,hann
14,15.383261,221,1294.921875,21.516821,52.734375,58.800560,hann
14,15.383261,222,1300.781250,20.345879,52.734375,58.800560,hann
14,15.383261,223,1306.640625,9.398814,52.734375,58.800560,hann
14,15.383261,224,1312.500000,7.809606,52.734375,58.800560,hann
14,15.383261,225,1318.359375,5.492262,52.734375,58.800560,hann
14,15.383261,226,1324.218750,3.231313,52.734375,58.800560,hann
14,15.383261,227,1330.078125,-8.064275,52.734375,58.800560,hann
14,15.383261,228,1335.937500,7.334612,52.734375,58.800560,hann
14,15.383261,229,1341.796875,20.899946,52.734375,58.800560,hann
14,15.383261,230,1347.656250,27.424772,52.734375,58.800560,hann
14,15.383261,231,1353.515625,22.240826,52.734375,58.800560,hann
14,15.383261,232,1359.375000,8.774457,52.734375,58.800560,hann
14,15.383261,233,1365.234375,0.391571,52.734375,58.800560,hann
14,15.383261,234,1371.093750,0.534838,52.734375,58.800560,hann
14,15.383261,235,1376.953125,7.416181,52.734375,58.800560,hann
14,15.383261,236,1382.812500,4.451246,52.734375,58.800560,hann
14,15.383261,237,1388.671875,8.220950,52.734375,58.800560,hann
14,15.383261,238,1394.531250,16.794538,52.734375,58.800560,hann
14,15.383261,239,1400.390625,17.810328,52.734375,58.800560,hann
14,15.383261,240,1406.250000,13.370031,52.734375,58.800560,hann
14,15.383261,241,1412.109375,5.910361,52.734375,58.800560,hann
14,15.383261,242,1417.968750,7.500643,52.734375,58.800560,hann
14,15.383261,243,1423.828125,12.208900,52.734375,58.800560,hann
14,15.383261,244,1429.687500,8.600286,52.734375,58.800560,hann
14,15.383261,245,1435.546875,7.743843,52.734375,58.800560,hann
14,15.383261,246,1441.406250,18.486105,52.734375,58.800560,hann
14,15.383261,247,1447.265625,26.385328,52.734375,58.800560,hann
14,15.383261,248,1453.125000,22.843224,52.734375,58.800560,hann
14,15.383261,249,1458.984375,11.950314,52.734375,58.800560,hann
14,15.383261,250,1464.843750,5.001240,52.734375,58.800560,hann
14,15.383261,251,1470.703125,-2.395259,52.734375,58.800560,hann
14,15.383261,252,1476.562500,7.232961,52.734375,58.800560,hann
14,15.383261,253,1482.421875,8.642920,52.734375,58.800560,hann
14,15.383261,254,1488.281250,3.821488,52.734375,58.800560,hann
14,15.383261,255,1494.140625,20.945864,52.734375,58.800560,hann
14,15.383261,256,1500.000000,21.922691,52.734375,58.800560,hann
14,15.383261,257,1505.859375,11.032398,52.734375,58.800560,hann
14,15.383261,258,1511.718750,11.933350,52.734375,58.800560,hann
14,15.383261,259,1517.578125,8.169830,52.734375,58.800560,hann
14,15.383261,260,1523.437500,5.537024,52.734375,58.800560,hann
14,15.383261,261,1529.296875,3.875743,52.734375,58.800560,hann
14,15.383261,262,1535.156250,10.805916,52.734375,58.800560,hann
14,15.383261,263,1541.015625,18.402512,52.734375,58.800560,hann
14,15.383261,264,1546.875000,26.341171,52.734375,58.800560,hann
14,15.383261,265,1552.734375,21.834890,52.734375,58.800560,hann
14,15.383261,266,1558.593750,9.921656,52.734375,58.800560,hann
14,15.383261,267,1564.453125,4.620180,52.734375,58.800560,hann
14,15.383261,268,1570.312500,-12.017912,52.734375,58.800560,hann
14,15.383261,269,1576.171875,4.342500,52.734375,58.800560,hann
14,15.383261,270,1582.031250,4.120231,52.734375,58.800560,hann
14,15.383261,271,1587.890625,3.376050,52.734375,58.800560,hann
14,15.383261,272,1593.750000,20.809551,52.734375,58.800560,hann
14,15.383261,273,1599.609375,21.887358,52.734375,58.800560,hann
14,15.383261,274,1605.468750,13.878061,52.734375,58.800560,hann
14,15.383261,275,1611.328125,7.380276,52.734375,58.800560,hann
14,15.383261,276,1617.187500,9.497567,52.734375,58.800560,hann
14,15.383261,277,1623.046875,7.636531,52.734375,58.800560,hann
14,15.383261,278,1628.906250,2.343668,52.734375,58.800560,hann
14,15.383261,279,1634.765625,4.003294,52.734375,58.800560,hann
14,15.383261,280,1640.625000,13.576221,52.734375,58.800560,hann
14,15.383261,281,1646.484375,22.174858,52.734375,58.800560,hann
14,15.383261,282,1652.343750,22.037018,52.734375,58.800560,hann
14,15.383261,283,1658.203125,17.710751,52.734375,58.800560,hann
14,15.383261,284,1664.062500,9.828207,52.734375,58.800560,hann
14,15.383261,285,1669.921875,3.673167,52.734375,58.800560,hann
14,15.383261,286,1675.781250,7.034968,52.734375,58.800560,hann
14,15.383261,287,1681.640625,4.577803,52.734375,58.800560,hann
14,15.383261,288,1687.500000,3.889862,52.734375,58.800560,hann
14,15.383261,289,1693.359375,18.158989,52.734375,58.800560,hann
14,15.383261,290,1699.218750,18.312061,52.734375,58.800560,hann
14,15.383261,291,1705.078125,9.810261,52.734375,58.800560,hann
14,15.383261,292,1710.937500,9.258207,52.734375,58.800560,hann
14,15.383261,293,1716.796875,-5.489978,52.734375,58.800560,hann
14,15.383261,294,1722.656250,2.396689,52.734375,58.800560,hann
14,15.383261,295,1728.515625,3.720205,52.734375,58.800560,hann
14,15.383261,296,1734.375000,8.114202,52.734375,58.800560,hann
14,15.383261,297,1740.234375,12.499453,52.734375,58.800560,hann
14,15.383261,298,1746.093750,13.432682,52.734375,58.800560,hann
14,15.383261,299,1751.953125,13.563759,52.734375,58.800560,hann
14,15.383261,300,1757.812500,14.530968,52.734375,58.800560,hann
14,15.383261,301,1763.671875,7.947209,52.734375,58.800560,hann
14,15.383261,302,1769.531250,8.277195,52.734375,58.800560,hann
14,15.383261,303,1775.390625,12.366850,52.734375,58.800560,hann
14,15.383261,304,1781.250000,13.049954,52.734375,58.800560,hann
14,15.383261,305,1787.109375,14.677755,52.734375,58.800560,hann
14,15.383261,306,1792.968750,20.153404,52.734375,58.800560,hann
14,15.383261,307,1798.828125,20.607819,52.734375,58.800560,hann
14,15.383261,308,1804.687500,10.959163,52.734375,58.800560,hann
14,15.383261,309,1810.546875,1.802126,52.734375,58.800560,hann
14,15.383261,310,1816.406250,11.018589,52.734375,58.800560,hann
14,15.383261,311,1822.265625,13.341482,52.734375,58.800560,hann
14,15.383261,312,1828.125000,10.706035,52.734375,58.800560,hann
14,15.383261,313,1833.984375,10.873489,52.734375,58.800560,hann
14,15.383261,314,1839.843750,2.440815,52.734375,58.800560,hann
14,15.383261,315,1845.703125,21.670580,52.734375,58.800560,hann
14,15.383261,316,1851.562500,23.634958,52.734375,58.800560,hann
14,15.383261,317,1857.421875,19.443583,52.734375,58.800560,hann
14,15.383261,318,1863.281250,-3.294283,52.734375,58.800560,hann
14,15.383261,319,1869.140625,12.728374,52.734375,58.800560,hann
14,15.383261,320,1875.000000,10.089703,52.734375,58.800560,hann
14,15.383261,321,1880.859375,2.640790,52.734375,58.800560,hann
14,15.383261,322,1886.718750,12.647404,52.734375,58.800560,hann
14,15.383261,323,1892.578125,21.799438,52.734375,58.800560,hann
14,15.383261,324,1898.437500,24.477060,52.734375,58.800560,hann
14,15.383261,325,1904.296875,23.088017,52.734375,58.800560,hann
14,15.383261,326,1910.156250,15.275645,52.734375,58.800560,hann
14,15.383261,327,1916.015625,15.230267,52.734375,58.800560,hann
14,15.383261,328,1921.875000,15.027929,52.734375,58.800560,hann
14,15.383261,329,1927.734375,5.136753,52.734375,58.800560,hann
14,15.383261,330,1933.593750,21.967548,52.734375,58.800560,hann
14,15.383261,331,1939.453125,20.369240,52.734375,58.800560,hann
14,15.383261,332,1945.312500,36.808220,52.734375,58.800560,hann
14,15.383261,333,1951.171875,36.595558,52.734375,58.800560,hann
14,15.383261,334,1957.031250,29.524986,52.734375,58.800560,hann
14,15.383261,335,1962.890625,19.383511,52.734375,58.800560,hann
14,15.383261,336,1968.750000,16.427458,52.734375,58.800560,hann
14,15.383261,337,1974.609375,15.937555,52.734375,58.800560,hann
14,15.383261,338,1980.468750,23.122683,52.734375,58.800560,hann
14,15.383261,339,1986.328125,17.388866,52.734375,58.800560,hann
14,15.383261,340,1992.187500,46.917435,52.734375,58.800560,hann
14,15.383261,341,1998.046875,51.448822,52.734375,58.800560,hann
14,15.383261,342,2003.906250,48.889275,52.734375,58.800560,hann
14,15.383261,343,2009.765625,42.748337,52.734375,58.800560,hann
14,15.383261,344,2015.625000,24.470551,52.734375,58.800560,hann
14,15.383261,345,2021.484375,25.371819,52.734375,58.800560,hann
14,15.383261,346,2027.343750,23.752541,52.734375,58.800560,hann
14,15.383261,347,2033.203125,23.528872,52.734375,58.800560,hann
14,15.383261,348,2039.062500,22.528532,52.734375,58.800560,hann
14,15.383261,349,2044.921875,36.190041,52.734375,58.800560,hann
14,15.383261,350,2050.781250,36.496685,52.734375,58.800560,hann
14,15.383261,351,2056.640625,31.731787,52.734375,58.800560,hann
14,15.383261,352,2062.500000,23.881992,52.734375,58.800560,hann
14,15.383261,353,2068.359375,12.646070,52.734375,58.800560,hann
14,15.383261,354,2074.218750,6.309340,52.734375,58.800560,hann
14,15.383261,355,2080.078125,2.917648,52.734375,58.800560,hann
14,15.383261,356,2085.937500,11.235926,52.734375,58.800560,hann
14,15.383261,357,2091.796875,17.502209,52.734375,58.800560,hann
14,15.383261,358,2097.656250,24.290049,52.734375,58.800560,hann
14,15.383261,359,2103.515625,23.852371,52.734375,58.800560,hann
14,15.383261,360,2109.375000,17.445118,52.734375,58.800560,hann
14,15.383261,361,2115.234375,10.168575,52.734375,58.800560,hann
14,15.383261,362,2121.093750,8.573549,52.734375,58.800560,hann
14,15.383261,363,2126.953125,3.508927,52.734375,58.800560,hann
14,15.383261,364,2132.812500,0.573319,52.734375,58.800560,hann
14,15.383261,365,2138.671875,10.068178,52.734375,58.800560,hann
14,15.383261,366,2144.531250,25.302336,52.734375,58.800560,hann
14,15.383261,367,2150.390625,26.053799,52.734375,58.800560,hann
14,15.383261,368,2156.250000,20.100412,52.734375,58.800560,hann
14,15.383261,369,2162.109375,7.139607,52.734375,58.800560,hann
14,15.383261,370,2167.968750,11.784472,52.734375,58.800560,hann
14,15.383261,371,2173.828125,7.108409,52.734375,58.800560,hann
14,15.383261,372,2179.687500,11.543709,52.734375,58.800560,hann
14,15.383261,373,2185.546875,16.466768,52.734375,58.800560,hann
14,15.383261,374,2191.406250,13.591850,52.734375,58.800560,hann
14,15.383261,375,2197.265625,16.175865,52.734375,58.800560,hann
14,15.383261,376,2203.125000,2.228477,52.734375,58.800560,hann
14,15.383261,377,2208.984375,9.949560,52.734375,58.800560,hann
14,15.383261,378,2214.843750,-0.122037,52.734375,58.800560,hann
14,15.383261,379,2220.703125,4.149261,52.734375,58.800560,hann
14,15.383261,380,2226.562500,2.177692,52.734375,58.800560,hann
14,15.383261,381,2232.421875,5.252006,52.734375,58.800560,hann
14,15.383261,382,2238.281250,0.166717,52.734375,58.800560,hann
14,15.383261,383,2244.140625,19.988802,52.734375,58.800560,hann
14,15.383261,384,2250.000000,19.805103,52.734375,58.800560,hann
14,15.383261,385,2255.859375,10.937164,52.734375,58.800560,hann
14,15.383261,386,2261.718750,12.485014,52.734375,58.800560,hann
14,15.383261,387,2267.578125,9.681269,52.734375,58.800560,hann
14,15.383261,388,2273.437500,-12.687302,52.734375,58.800560,hann
14,15.383261,389,2279.296875,4.725566,52.734375,58.800560,hann
14,15.383261,390,2285.156250,9.496812,52.734375,58.800560,hann
14,15.383261,391,2291.015625,5.182120,52.734375,58.800560,hann
14,15.383261,392,2296.875000,16.824493,52.734375,58.800560,hann
14,15.383261,393,2302.734375,14.133064,52.734375,58.800560,hann
14,15.383261,394,2308.593750,9.482876,52.734375,58.800560,hann
14,15.383261,395,2314.453125,9.004118,52.734375,58.800560,hann
14,15.383261,396,2320.312500,6.504061,52.734375,58.800560,hann
14,15.383261,397,2326.171875,3.774068,52.734375,58.800560,hann
14,15.383261,398,2332.031250,5.461143,52.734375,58.800560,hann
14,15.383261,399,2337.890625,9.668465,52.734375,58.800560,hann
14,15.383261,400,2343.750000,17.017956,52.734375,58.800560,hann
14,15.383261,401,2349.609375,19.208614,52.734375,58.800560,hann
14,15.383261,402,2355.468750,19.000694,52.734375,58.800560,hann
14,15.383261,403,2361.328125,12.019413,52.734375,58.800560,hann
14,15.383261,404,2367.187500,0.914189,52.734375,58.800560,hann
14,15.383261,405,2373.046875,5.689202,52.734375,58.800560,hann
14,15.383261,406,2378.906250,4.399957,52.734375,58.800560,hann
14,15.383261,407,2384.765625,-4.417706,52.734375,58.800560,hann
14,15.383261,408,2390.625000,-2.877180,52.734375,58.800560,hann
14,15.383261,409,2396.484375,9.699410,52.734375,58.800560,hann
14,15.383261,410,2402.343750,11.387086,52.734375,58.800560,hann
14,15.383261,411,2408.203125,11.165598,52.734375,58.800560,hann
14,15.383261,412,2414.062500,6.908646,52.734375,58.800560,hann
14,15.383261,413,2419.921875,-3.585518,52.734375,58.800560,hann
14,15.383261,414,2425.781250,-14.183981,52.734375,58.800560,hann
14,15.383261,415,2431.640625,6.784313,52.734375,58.800560,hann
14,15.383261,416,2437.500000,15.713697,52.734375,58.800560,hann
14,15.383261,417,2443.359375,19.152712,52.734375,58.800560,hann
14,15.383261,418,2449.218750,17.609964,52.734375,58.800560,hann
14,15.383261,419,2455.078125,13.816495,52.734375,58.800560,hann
14,15.383261,420,2460.937500,3.555327,52.734375,58.800560,hann
14,15.383261,421,2466.796875,4.217991,52.734375,58.800560,hann
14,15.383261,422,2472.656250,5.150750,52.734375,58.800560,hann
14,15.383261,423,2478.515625,6.035259,52.734375,58.800560,hann
14,15.383261,424,2484.375000,7.774685,52.734375,58.800560,hann
14,15.383261,425,2490.234375,7.641027,52.734375,58.800560,hann
14,15.383261,426,2496.093750,14.913332,52.734375,58.800560,hann
14,15.383261,427,2501.953125,13.496704,52.734375,58.800560,hann
14,15.383261,428,2507.812500,9.385678,52.734375,58.800560,hann
14,15.383261,429,2513.671875,7.239416,52.734375,58.800560,hann
14,15.383261,430,2519.531250,6.381025,52.734375,58.800560,hann
14,15.383261,431,2525.390625,-2.595567,52.734375,58.800560,hann
14,15.383261,432,2531.250000,-1.590071,52.734375,58.800560,hann
14,15.383261,433,2537.109375,5.222738,52.734375,58.800560,hann
14,15.383261,434,2542.968750,6.015279,52.734375,58.800560,hann
14,15.383261,435,2548.828125,8.345325,52.734375,58.800560,hann
14,15.383261,436,2554.687500,7.925677,52.734375,58.800560,hann
14,15.383261,437,2560.546875,9.229806,52.734375,58.800560,hann
14,15.383261,438,2566.406250,-0.075430,52.734375,58.800560,hann
14,15.383261,439,2572.265625,6.799612,52.734375,58.800560,hann
14,15.383261,440,2578.125000,11.825144,52.734375,58.800560,hann
14,15.383261,441,2583.984375,4.904652,52.734375,58.800560,hann
14,15.383261,442,2589.843750,3.932328,52.734375,58.800560,hann
14,15.383261,443,2595.703125,14.497187,52.734375,58.800560,hann
14,15.383261,444,2601.562500,15.555854,52.734375,58.800560,hann
14,15.383261,445,2607.421875,13.625928,52.734375,58.800560,hann
14,15.383261,446,2613.281250,7.188602,52.734375,58.800560,hann
14,15.383261,447,2619.140625,2.651917,52.734375,58.800560,hann
14,15.383261,448,2625.000000,-2.523133,52.734375,58.800560,hann
14,15.383261,449,2630.859375,9.438537,52.734375,58.800560,hann
14,15.383261,450,2636.718750,10.671611,52.734375,58.800560,hann
14,15.383261,451,2642.578125,-1.686219,52.734375,58.800560,hann
14,15.383261,452,2648.437500,8.260280,52.734375,58.800560,hann
14,15.383261,453,2654.296875,0.451776,52.734375,58.800560,hann
14,15.383261,454,2660.156250,5.706982,52.734375,58.800560,hann
14,15.383261,455,2666.015625,5.698901,52.734375,58.800560,hann
14,15.383261,456,2671.875000,-3.627650,52.734375,58.800560,hann
14,15.383261,457,2677.734375,7.264534,52.734375,58.800560,hann
14,15.383261,458,2683.593750,11.989298,52.734375,58.800560,hann
14,15.383261,459,2689.453125,10.526967,52.734375,58.800560,hann
14,15.383261,460,2695.312500,13.688312,52.734375,58.800560,hann
14,15.383261,461,2701.171875,11.608618,52.734375,58.800560,hann
14,15.383261,462,2707.031250,2.862934,52.734375,58.800560,hann
14,15.383261,463,2712.890625,0.002019,52.734375,58.800560,hann
14,15.383261,464,2718.750000,-1.645444,52.734375,58.800560,hann
14,15.383261,465,2724.609375,10.967078,52.734375,58.800560,hann
14,15.383261,466,2730.468750,2.078547,52.734375,58.800560,hann
14,15.383261,467,2736.328125,11.643364,52.734375,58.800560,hann
14,15.383261,468,2742.187500,16.387472,52.734375,58.800560,hann
14,15.383261,469,2748.046875,12.414476,52.734375,58.800560,hann
14,15.383261,470,2753.906250,5.802074,52.734375,58.800560,hann
14,15.383261,471,2759.765625,5.908280,52.734375,58.800560,hann
14,15.383261,472,2765.625000,5.487524,52.734375,58.800560,hann
14,15.383261,473,2771.484375,10.989550,52.734375,58.800560,hann
14,15.383261,474,2777.343750,11.315609,52.734375,58.800560,hann
14,15.383261,475,2783.203125,-7.050719,52.734375,58.800560,hann
14,15.383261,476,2789.062500,5.144790,52.734375,58.800560,hann
14,15.383261,477,2794.921875,9.051184,52.734375,58.800560,hann
14,15.383261,478,2800.781250,11.147008,52.734375,58.800560,hann
14,15.383261,479,2806.640625,17.001089,52.734375,58.800560,hann
14,15.383261,480,2812.500000,11.945242,52.734375,58.800560,hann
14,15.383261,481,2818.359375,6.274028,52.734375,58.800560,hann
14,15.383261,482,2824.218750,0.189207,52.734375,58.800560,hann
14,15.383261,483,2830.078125,-8.075856,52.734375,58.800560,hann
14,15.383261,484,2835.937500,2.513836,52.734375,58.800560,hann
14,15.383261,485,2841.796875,7.865723,52.734375,58.800560,hann
14,15.383261,486,2847.656250,12.779560,52.734375,58.800560,hann
14,15.383261,487,2853.515625,17.122231,52.734375,58.800560,hann
14,15.383261,488,2859.375000,15.612954,52.734375,58.800560,hann
14,15.383261,489,2865.234375,9.428356,52.734375,58.800560,hann
14,15.383261,490,2871.093750,1.943924,52.734375,58.800560,hann
14,15.383261,491,2876.953125,5.170539,52.734375,58.800560,hann
14,15.383261,492,2882.812500,15.905648,52.734375,58.800560,hann
14,15.383261,493,2888.671875,9.759920,52.734375,58.800560,hann
14,15.383261,494,2894.531250,14.896392,52.734375,58.800560,hann
14,15.383261,495,2900.390625,16.154282,52.734375,58.800560,hann
14,15.383261,496,2906.250000,22.757828,52.734375,58.800560,hann
14,15.383261,497,2912.109375,7.141486,52.734375,58.800560,hann
14,15.383261,498,2917.968750,16.801844,52.734375,58.800560,hann
14,15.383261,499,2923.828125,9.304566,52.734375,58.800560,hann
14,15.383261,500,2929.687500,15.750981,52.734375,58.800560,hann
14,15.383261,501,2935.546875,15.875140,52.734375,58.800560,hann
14,15.383261,502,2941.406250,30.905382,52.734375,58.800560,hann
14,15.383261,503,2947.265625,35.779743,52.734375,58.800560,hann
14,15.383261,504,2953.125000,35.617462,52.734375,58.800560,hann
14,15.383261,505,2958.984375,31.003181,52.734375,58.800560,hann
14,15.383261,506,2964.843750,14.759424,52.734375,58.800560,hann
14,15.383261,507,2970.703125,16.397318,52.734375,58.800560,hann
14,15.383261,508,2976.562500,23.001318,52.734375,58.800560,hann
14,15.383261,509,2982.421875,28.078711,52.734375,58.800560,hann
14,15.383261,510,2988.281250,29.144394,52.734375,58.800560,hann
14,15.383261,511,2994.140625,39.539143,52.734375,58.800560,hann
15,16.405629,0,0.000000,29.802460,52.734375,58.534576,hann
15,16.405629,1,5.859375,30.000723,52.734375,58.534576,hann
15,16.405629,2,11.718750,16.437595,52.734375,58.534576,hann
15,16.405629,3,17.578125,13.809072,52.734375,58.534576,hann
15,16.405629,4,23.437500,14.330226,52.734375,58.534576,hann
15,16.405629,5,29.296875,15.996042,52.734375,58.534576,hann
15,16.405629,6,35.156250,27.669832,52.734375,58.534576,hann
15,16.405629,7,41.015625,44.013290,52.734375,58.534576,hann
15,16.405629,8,46.875000,58.353203,52.734375,58.534576,hann
15,16.405629,9,52.734375,58.534576,52.734375,58.534576,hann
15,16.405629,10,58.593750,44.761082,52.734375,58.534576,hann
15,16.405629,11,64.453125,28.112789,52.734375,58.534576,hann
15,16.405629,12,70.312500,19.402040,52.734375,58.534576,hann
15,16.405629,13,76.171875,12.413801,52.734375,58.534576,hann
15,16.405629,14,82.031250,5.236759,52.734375,58.534576,hann
15,16.405629,15,87.890625,14.147539,52.734375,58.534576,hann
15,16.405629,16,93.750000,45.282902,52.734375,58.534576,hann
15,16.405629,17,99.609375,51.761337,52.734375,58.534576,hann
15,16.405629,18,105.468750,46.213715,52.734375,58.534576,hann
15,16.405629,19,111.328125,-0.909658,52.734375,58.534576,hann
15,16.405629,20,117.187500,0.709066,52.734375,58.534576,hann
15,16.405629,21,123.046875,10.669025,52.734375,58.534576,hann
15,16.405629,22,128.906250,6.553216,52.734375,58.534576,hann
15,16.405629,23,134.765625,12.832453,52.734375,58.534576,hann
15,16.405629,24,140.625000,29.151768,52.734375,58.534576,hann
15,16.405629,25,146.484375,44.697765,52.734375,58.534576,hann
15,16.405629,26,152.343750,45.519047,52.734375,58.534576,hann
15,16.405629,27,158.203125,32.434650,52.734375,58.534576,hann
15,16.405629,28,164.062500,17.692486,52.734375,58.534576,hann
15,16.405629,29,169.921875,-0.822684,52.734375,58.534576,hann
15,16.405629,30,175.781250,9.373524,52.734375,58.534576,hann
15,16.405629,31,181.640625,8.876771,52.734375,58.534576,hann
15,16.405629,32,187.500000,-3.468275,52.734375,58.534576,hann
15,16.405629,33,193.359375,37.213997,52.734375,58.534576,hann
15,16.405629,34,199.218750,44.325962,52.734375,58.534576,hann
15,16.405629,35,205.078125,39.594418,52.734375,58.534576,hann
15,16.405629,36,210.937500,12.548580,52.734375,58.534576,hann
15,16.405629,37,216.796875,8.770670,52.734375,58.534576,hann
15,16.405629,38,222.656250,4.986320,52.734375,58.534576,hann
15,16.405629,39,228.515625,7.217137,52.734375,58.534576,hann
15,16.405629,40,234.375000,-13.859341,52.734375,58.534576,hann
15,16.405629,41,240.234375,23.907581,52.734375,58.534576,hann
15,16.405629,42,246.093750,39.372791,52.734375,58.534576,hann
15,16.405629,43,251.953125,40.529213,52.734375,58.534576,hann
15,16.405629,44,257.812500,29.129751,52.734375,58.534576,hann
15,16.405629,45,263.671875,4.454254,52.734375,58.534576,hann
15,16.405629,46,269.531250,0.054603,52.734375,58.534576,hann
15,16.405629,47,275.390625,11.643199,52.734375,58.534576,hann
15,16.405629,48,281.250000,0.736857,52.734375,58.534576,hann
15,16.405629,49,287.109375,11.206322,52.734375,58.534576,hann
15,16.405629,50,292.968750,17.026581,52.734375,58.534576,hann
15,16.405629,51,298.828125,21.190022,52.734375,58.534576,hann
15,16.405629,52,304.687500,16.332445,52.734375,58.534576,hann
15,16.405629,53,310.546875,-0.906360,52.734375,58.534576,hann
15,16.405629,54,316.406250,-2.589977,52.734375,58.534576,hann
15,16.405629,55,322.265625,9.270478,52.734375,58.534576,hann
15,16.405629,56,328.125000,7.850809,52.734375,58.534576,hann
15,16.405629,57,333.984375,15.793579,52.734375,58.534576,hann
15,16.405629,58,339.843750,22.216156,52.734375,58.534576,hann
15,16.405629,59,345.703125,37.067577,52.734375,58.534576,hann
15,16.405629,60,351.562500,38.462349,52.734375,58.534576,hann
15,16.405629,61,357.421875,27.172718,52.734375,58.534576,hann
15,16.405629,62,363.281250,9.089555,52.734375,58.534576,hann
15,16.405629,63,369.140625,11.626878,52.734375,58.534576,hann
15,16.405629,64,375.000000,14.303442,52.734375,58.534576,hann
15,16.405629,65,380.859375,14.099344,52.734375,58.534576,hann
15,16.405629,66,386.718750,10.297565,52.734375,58.534576,hann
15,16.405629,67,392.578125,26.178797,52.734375,58.534576,hann
15,16.405629,68,398.437500,33.801273,52.734375,58.534576,hann
15,16.405629,69,404.296875,29.392584,52.734375,58.534576,hann
15,16.405629,70,410.156250,3.273027,52.734375,58.534576,hann
15,16.405629,71,416.015625,11.247181,52.734375,58.534576,hann
15,16.405629,72,421.875000,8.025547,52.734375,58.534576,hann
15,16.405629,73,427.734375,9.604394,52.734375,58.534576,hann
15,16.405629,74,433.593750,9.762020,52.734375,58.534576,hann
15,16.405629,75,439.453125,10.356968,52.734375,58.534576,hann
15,16.405629,76,445.312500,30.502251,52.734375,58.534576,hann
15,16.405629,77,451.171875,32.817360,52.734375,58.534576,hann
15,16.405629,78,457.031250,21.852001,52.734375,58.534576,hann
15,16.405629,79,462.890625,11.523332,52.734375,58.534576,hann
15,16.405629,80,468.750000,6.948998,52.734375,58.534576,hann
15,16.405629,81,474.609375,5.409222,52.734375,58.534576,hann
15,16.405629,82,480.468750,9.483282,52.734375,58.534576,hann
15,16.405629,83,486.328125,7.829003,52.734375,58.534576,hann
15,16.405629,84,492.187500,15.419168,52.734375,58.534576,hann
15,16.405629,85,498.046875,23.987518,52.734375,58.534576,hann
15,16.405629,86,503.906250,19.802034,52.734375,58.534576,hann
15,16.405629,87,509.765625,1.286442,52.734375,58.534576,hann
15,16.405629,88,515.625000,5.407302,52.734375,58.534576,hann
15,16.405629,89,521.484375,10.150196,52.734375,58.534576,hann
15,16.405629,90,527.343750,6.805054,52.734375,58.534576,hann
15,16.405629,91,533.203125,3.076892,52.734375,58.534576,hann
15,16.405629,92,539.062500,-0.579805,52.734375,58.534576,hann
15,16.405629,93,544.921875,21.931396,52.734375,58.534576,hann
15,16.405629,94,550.781250,25.320000,52.734375,58.534576,hann
15,16.405629,95,556.640625,15.628119,52.734375,58.534576,hann
15,16.405629,96,562.500000,1.689963,52.734375,58.534576,hann
15,16.405629,97,568.359375,5.078503,52.734375,58.534576,hann
15,16.405629,98,574.218750,6.285663,52.734375,58.534576,hann
15,16.405629,99,580.078125,-14.245018,52.734375,58.534576,hann
15,16.405629,100,585.937500,3.391835,52.734375,58.534576,hann
15,16.405629,101,591.796875,18.881786,52.734375,58.534576,hann
15,16.405629,102,597.656250,29.375484,52.734375,58.534576,hann
15,16.405629,103,603.515625,25.763226,52.734375,58.534576,hann
15,16.405629,104,609.375000,-1.442721,52.734375,58.534576,hann
15,16.405629,105,615.234375,10.847049,52.734375,58.534576,hann
15,16.405629,106,621.093750,15.031920,52.734375,58.534576,hann
15,16.405629,107,626.953125,6.710289,52.734375,58.534576,hann
15,16.405629,108,632.812500,-0.570535,52.734375,58.534576,hann
15,16.405629,109,638.671875,9.107025,52.734375,58.534576,hann
15,16.405629,110,644.531250,29.811419,52.734375,58.534576,hann
15,16.405629,111,650.390625,32.968132,52.734375,58.534576,hann
15,16.405629,112,656.250000,22.398596,52.734375,58.534576,hann
15,16.405629,113,662.109375,10.582989,52.734375,58.534576,hann
15,16.405629,114,667.968750,18.649958,52.734375,58.534576,hann
15,16.405629,115,673.828125,16.163414,52.734375,58.534576,hann
15,16.405629,116,679.687500,8.068072,52.734375,58.534576,hann
15,16.405629,117,685.546875,4.767338,52.734375,58.534576,hann
15,16.405629,118,691.406250,20.063007,52.734375,58.534576,hann
15,16.405629,119,697.265625,29.087715,52.734375,58.534576,hann
15,16.405629,120,703.125000,26.529150,52.734375,58.534576,hann
15,16.405629,121,708.984375,9.281346,52.734375,58.534576,hann
15,16.405629,122,714.843750,8.423389,52.734375,58.534576,hann
15,16.405629,123,720.703125,12.731089,52.734375,58.534576,hann
15,16.405629,124,726.562500,5.152746,52.734375,58.534576,hann
15,16.405629,125,732.421875,7.719642,52.734375,58.534576,hann
15,16.405629,126,738.281250,4.745150,52.734375,58.534576,hann
15,16.405629,127,744.140625,24.429800,52.734375,58.534576,hann
15,16.405629,128,750.000000,27.623146,52.734375,58.534576,hann
15,16.405629,129,755.859375,18.476242,52.734375,58.534576,hann
15,16.405629,130,761.718750,11.040317,52.734375,58.534576,hann
15,16.405629,131,767.578125,3.993667,52.734375,58.534576,hann
15,16.405629,132,773.437500,10.627689,52.734375,58.534576,hann
15,16.405629,133,779.296875,-15.482267,52.734375,58.534576,hann
15,16.405629,134,785.156250,6.936006,52.734375,58.534576,hann
15,16.405629,135,791.015625,7.773308,52.734375,58.534576,hann
15,16.405629,136,796.875000,23.660015,52.734375,58.534576,hann
15,16.405629,137,802.734375,22.935312,52.734375,58.534576,hann
15,16.405629,138,808.593750,8.600338,52.734375,58.534576,hann
15,16.405629,139,814.453125,4.836922,52.734375,58.534576,hann
15,16.405629,140,820.312500,6.496000,52.734375,58.534576,hann
15,16.405629,141,826.171875,-2.317882,52.734375,58.534576,hann
15,16.405629,142,832.031250,-7.615429,52.734375,58.534576,hann
15,16.405629,143,837.890625,4.323627,52.734375,58.534576,hann
15,16.405629,144,843.750000,24.687744,52.734375,58.534576,hann
15,16.405629,145,849.609375,29.563646,52.734375,58.534576,hann
15,16.405629,146,855.468750,22.621876,52.734375,58.534576,hann
15,16.405629,147,861.328125,3.259905,52.734375,58.534576,hann
15,16.405629,148,867.187500,2.228233,52.734375,58.534576,hann
15,16.405629,149,873.046875,-1.189646,52.734375,58.534576,hann
15,16.405629,150,878.906250,-2.236596,52.734375,58.534576,hann
15,16.405629,151,884.765625,8.112621,52.734375,58.534576,hann
15,16.405629,152,890.625000,11.386044,52.734375,58.534576,hann
15,16.405629,153,896.484375,26.249483,52.734375,58.534576,hann
15,16.405629,154,902.343750,23.733059,52.734375,58.534576,hann
15,16.405629,155,908.203125,11.209401,52.734375,58.534576,hann
15,16.405629,156,914.062500,13.163645,52.734375,58.534576,hann
15,16.405629,157,919.921875,13.668901,52.734375,58.534576,hann
15,16.405629,158,925.781250,6.923616,52.734375,58.534576,hann
15,16.405629,159,931.640625,6.377943,52.734375,58.534576,hann
15,16.405629,160,937.500000,18.651241,52.734375,58.534576,hann
15,16.405629,161,943.359375,31.818144,52.734375,58.534576,hann
15,16.405629,162,949.218750,33.245293,52.734375,58.534576,hann
15,16.405629,163,955.078125,23.201653,52.734375,58.534576,hann
15,16.405629,164,960.937500,9.430102,52.734375,58.534576,hann
15,16.405629,165,966.796875,16.661837,52.734375,58.534576,hann
15,16.405629,166,972.656250,13.799344,52.734375,58.534576,hann
15,16.405629,167,978.515625,-5.282217,52.734375,58.534576,hann
15,16.405629,168,984.375000,12.846270,52.734375,58.534576,hann
15,16.405629,169,990.234375,29.987892,52.734375,58.534576,hann
15,16.405629,170,996.093750,35.208961,52.734375,58.534576,hann
15,16.405629,171,1001.953125,30.908611,52.734375,58.534576,hann
15,16.405629,172,1007.812500,25.729744,52.734375,58.534576,hann
15,16.405629,173,1013.671875,20.913734,52.734375,58.534576,hann
15,16.405629,174,1019.531250,4.104429,52.734375,58.534576,hann
15,16.405629,175,1025.390625,0.829269,52.734375,58.534576,hann
15,16.405629,176,1031.250000,3.586673,52.734375,58.534576,hann
15,16.405629,177,1037.109375,9.217194,52.734375,58.534576,hann
15,16.405629,178,1042.968750,18.560675,52.734375,58.534576,hann
15,16.405629,179,1048.828125,22.722235,52.734375,58.534576,hann
15,16.405629,180,1054.687500,17.398540,52.734375,58.534576,hann
15,16.405629,181,1060.546875,20.340034,52.734375,58.534576,hann
15,16.405629,182,1066.406250,12.338875,52.734375,58.534576,hann
15,16.405629,183,1072.265625,-9.044525,52.734375,58.534576,hann
15,16.405629,184,1078.125000,6.085716,52.734375,58.534576,hann
15,16.405629,185,1083.984375,-0.319922,52.734375,58.534576,hann
15,16.405629,186,1089.843750,14.886267,52.734375,58.534576,hann
15,16.405629,187,1095.703125,21.181541,52.734375,58.534576,hann
15,16.405629,188,1101.562500,17.704737,52.734375,58.534576,hann
15,16.405629,189,1107.421875,13.682583,52.734375,58.534576,hann
15,16.405629,190,1113.281250,11.949356,52.734375,58.534576,hann
15,16.405629,191,1119.140625,9.991676,52.734375,58.534576,hann
15,16.405629,192,1125.000000,6.803112,52.734375,58.534576,hann
15,16.405629,193,1130.859375,-2.045902,52.734375,58.534576,hann
15,16.405629,194,1136.718750,11.766359,52.734375,58.534576,hann
15,16.405629,195,1142.578125,19.745924,52.734375,58.534576,hann
15,16.405629,196,1148.437500,19.580854,52.734375,58.534576,hann
15,16.405629,197,1154.296875,13.201372,52.734375,58.534576,hann
15,16.405629,198,1160.156250,10.199994,52.734375,58.534576,hann
15,16.405629,199,1166.015625,9.400755,52.734375,58.534576,hann
15,16.405629,200,1171.875000,4.655153,52.734375,58.534576,hann
15,16.405629,201,1177.734375,-1.179811,52.734375,58.534576,hann
15,16.405629,202,1183.593750,-1.460974,52.734375,58.534576,hann
15,16.405629,203,1189.453125,14.988833,52.734375,58.534576,hann
15,16.405629,204,1195.312500,23.315571,52.734375,58.534576,hann
15,16.405629,205,1201.171875,22.359524,52.734375,58.534576,hann
15,16.405629,206,1207.031250,13.116720,52.734375,58.534576,hann
15,16.405629,207,1212.890625,9.408939,52.734375,58.534576,hann
15,16.405629,208,1218.750000,-6.069541,52.734375,58.534576,hann
15,16.405629,209,1224.609375,5.279114,52.734375,58.534576,hann
15,16.405629,210,1230.468750,-13.018293,52.734375,58.534576,hann
15,16.405629,211,1236.328125,6.896194,52.734375,58.534576,hann
15,16.405629,212,1242.187500,20.028381,52.734375,58.534576,hann
15,16.405629,213,1248.046875,19.975082,52.734375,58.534576,hann
15,16.405629,214,1253.906250,13.284506,52.734375,58.534576,hann
15,16.405629,215,1259.765625,10.687456,52.734375,58.534576,hann
15,16.405629,216,1265.625000,0.872380,52.734375,58.534576,hann
15,16.405629,217,1271.484375,4.725303,52.734375,58.534576,hann
15,16.405629,218,1277.343750,2.873833,52.734375,58.534576,hann
15,16.405629,219,1283.203125,-5.174512,52.734375,58.534576,hann
15,16.405629,220,1289.062500,2.938247,52.734375,58.534576,hann
15,16.405629,221,1294.921875,10.481683,52.734375,58.534576,hann
15,16.405629,222,1300.781250,10.956957,52.734375,58.534576,hann
15,16.405629,223,1306.640625,-9.576512,52.734375,58.534576,hann
15,16.405629,224,1312.500000,4.287673,52.734375,58.534576,hann
15,16.405629,225,1318.359375,7.297046,52.734375,58.534576,hann
15,16.405629,226,1324.218750,9.503506,52.734375,58.534576,hann
15,16.405629,227,1330.078125,4.764136,52.734375,58.534576,hann
15,16.405629,228,1335.937500,12.891104,52.734375,58.534576,hann
15,16.405629,229,1341.796875,21.014915,52.734375,58.534576,hann
15,16.405629,230,1347.656250,17.974035,52.734375,58.534576,hann
15,16.405629,231,1353.515625,5.924227,52.734375,58.534576,hann
15,16.405629,232,1359.375000,-0.080696,52.734375,58.534576,hann
15,16.405629,233,1365.234375,-2.848601,52.734375,58.534576,hann
15,16.405629,234,1371.093750,1.230548,52.734375,58.534576,hann
15,16.405629,235,1376.953125,6.296673,52.734375,58.534576,hann
15,16.405629,236,1382.812500,3.921504,52.734375,58.534576,hann
15,16.405629,237,1388.671875,8.108238,52.734375,58.534576,hann
15,16.405629,238,1394.531250,10.477881,52.734375,58.534576,hann
15,16.405629,239,1400.390625,7.356701,52.734375,58.534576,hann
15,16.405629,240,1406.250000,5.270646,52.734375,58.534576,hann
15,16.405629,241,1412.109375,8.721580,52.734375,58.534576,hann
15,16.405629,242,1417.968750,4.401982,52.734375,58.534576,hann
15,16.405629,243,1423.828125,-4.480001,52.734375,58.534576,hann
15,16.405629,244,1429.687500,-1.021062,52.734375,58.534576,hann
15,16.405629,245,1435.546875,8.248307,52.734375,58.534576,hann
15,16.405629,246,1441.406250,17.797440,52.734375,58.534576,hann
15,16.405629,247,1447.265625,14.683365,52.734375,58.534576,hann
15,16.405629,248,1453.125000,9.521999,52.734375,58.534576,hann
15,16.405629,249,1458.984375,7.097117,52.734375,58.534576,hann
15,16.405629,250,1464.843750,5.937927,52.734375,58.534576,hann
15,16.405629,251,1470.703125,5.977719,52.734375,58.534576,hann
15,16.405629,252,1476.562500,2.461280,52.734375,58.534576,hann
15,16.405629,253,1482.421875,-2.194078,52.734375,58.534576,hann
15,16.405629,254,1488.281250,3.036095,52.734375,58.534576,hann
15,16.405629,255,1494.140625,5.678922,52.734375,58.534576,hann
15,16.405629,256,1500.000000,7.453114,52.734375,58.534576,hann
15,16.405629,257,1505.859375,8.659338,52.734375,58.534576,hann
15,16.405629,258,1511.718750,5.287886,52.734375,58.534576,hann
15,16.405629,259,1517.578125,9.262517,52.734375,58.534576,hann
15,16.405629,260,1523.437500,6.647677,52.734375,58.534576,hann
15,16.405629,261,1529.296875,3.941770,52.734375,58.534576,hann
15,16.405629,262,1535.156250,1.576661,52.734375,58.534576,hann
15,16.405629,263,1541.015625,12.825303,52.734375,58.534576,hann
15,16.405629,264,1546.875000,14.427635,52.734375,58.534576,hann
15,16.405629,265,1552.734375,0.622436,52.734375,58.534576,hann
15,16.405629,266,1558.593750,-3.173809,52.734375,58.534576,hann
15,16.405629,267,1564.453125,1.634288,52.734375,58.534576,hann
15,16.405629,268,1570.312500,6.730771,52.734375,58.534576,hann
15,16.405629,269,1576.171875,3.736965,52.734375,58.534576,hann
15,16.405629,270,1582.031250,-6.152005,52.734375,58.534576,hann
15,16.405629,271,1587.890625,2.319321,52.734375,58.534576,hann
15,16.405629,272,1593.750000,9.212940,52.734375,58.534576,hann
15,16.405629,273,1599.609375,9.430548,52.734375,58.534576,hann
15,16.405629,274,1605.468750,0.265614,52.734375,58.534576,hann
15,16.405629,275,1611.328125,3.884472,52.734375,58.534576,hann
15,16.405629,276,1617.187500,3.882971,52.734375,58.534576,hann
15,16.405629,277,1623.046875,-5.844724,52.734375,58.534576,hann
15,16.405629,278,1628.906250,4.217693,52.734375,58.534576,hann
15,16.405629,279,1634.765625,-0.617586,52.734375,58.534576,hann
15,16.405629,280,1640.625000,7.957160,52.734375,58.534576,hann
15,16.405629,281,1646.484375,-6.428061,52.734375,58.534576,hann
15,16.405629,282,1652.343750,7.882463,52.734375,58.534576,hann
15,16.405629,283,1658.203125,9.756313,52.734375,58.534576,hann
15,16.405629,284,1664.062500,10.423300,52.734375,58.534576,hann
15,16.405629,285,1669.921875,4.794058,52.734375,58.534576,hann
15,16.405629,286,1675.781250,1.521172,52.734375,58.534576,hann
15,16.405629,287,1681.640625,2.925137,52.734375,58.534576,hann
15,16.405629,288,1687.500000,2.249019,52.734375,58.534576,hann
15,16.405629,289,1693.359375,12.093624,52.734375,58.534576,hann
15,16.405629,290,1699.218750,15.233740,52.734375,58.534576,hann
15,16.405629,291,1705.078125,4.355613,52.734375,58.534576,hann
15,16.405629,292,1710.937500,6.134222,52.734375,58.534576,hann
15,16.405629,293,1716.796875,2.858087,52.734375,58.534576,hann
15,16.405629,294,1722.656250,-0.006376,52.734375,58.534576,hann
15,16.405629,295,1728.515625,-13.114339,52.734375,58.534576,hann
15,16.405629,296,1734.375000,-0.828543,52.734375,58.534576,hann
15,16.405629,297,1740.234375,12.913531,52.734375,58.534576,hann
15,16.405629,298,1746.093750,16.786787,52.734375,58.534576,hann
15,16.405629,299,1751.953125,12.924060,52.734375,58.534576,hann
15,16.405629,300,1757.812500,-0.006087,52.734375,58.534576,hann
15,16.405629,301,1763.671875,-1.182338,52.734375,58.534576,hann
15,16.405629,302,1769.531250,-0.707063,52.734375,58.534576,hann
15,16.405629,303,1775.390625,4.702807,52.734375,58.534576,hann
15,16.405629,304,1781.250000,4.065234,52.734375,58.534576,hann
15,16.405629,305,1787.109375,3.636751,52.734375,58.534576,hann
15,16.405629,306,1792.968750,14.098115,52.734375,58.534576,hann
15,16.405629,307,1798.828125,13.459633,52.734375,58.534576,hann
15,16.405629,308,1804.687500,0.106317,52.734375,58.534576,hann
15,16.405629,309,1810.546875,-2.366642,52.734375,58.534576,hann
15,16.405629,310,1816.406250,2.209543,52.734375,58.534576,hann
15,16.405629,311,1822.265625,7.299995,52.734375,58.534576,hann
15,16.405629,312,1828.125000,3.949806,52.734375,58.534576,hann
15,16.405629,313,1833.984375,-10.722120,52.734375,58.534576,hann
15,16.405629,314,1839.843750,7.262585,52.734375,58.534576,hann
15,16.405629,315,1845.703125,13.190588,52.734375,58.534576,hann
15,16.405629,316,1851.562500,1.512996,52.734375,58.534576,hann
15,16.405629,317,1857.421875,7.596861,52.734375,58.534576,hann
15,16.405629,318,1863.281250,7.210816,52.734375,58.534576,hann
15,16.405629,319,1869.140625,1.807395,52.734375,58.534576,hann
15,16.405629,320,1875.000000,1.003572,52.734375,58.534576,hann
15,16.405629,321,1880.859375,6.127754,52.734375,58.534576,hann
15,16.405629,322,1886.718750,2.577969,52.734375,58.534576,hann
15,16.405629,323,1892.578125,8.204011,52.734375,58.534576,hann
15,16.405629,324,1898.437500,10.285358,52.734375,58.534576,hann
15,16.405629,325,1904.296875,2.692223,52.734375,58.534576,hann
15,16.405629,326,1910.156250,6.914811,52.734375,58.534576,hann
15,16.405629,327,1916.015625,4.863527,52.734375,58.534576,hann
15,16.405629,328,1921.875000,-2.348131,52.734375,58.534576,hann
15,16.405629,329,1927.734375,2.155632,52.734375,58.534576,hann
15,16.405629,330,1933.593750,8.560337,52.734375,58.534576,hann
15,16.405629,331,1939.453125,10.643274,52.734375,58.534576,hann
15,16.405629,332,1945.312500,12.519612,52.734375,58.534576,hann
15,16.405629,333,1951.171875,10.039284,52.734375,58.534576,hann
15,16.405629,334,1957.031250,9.928732,52.734375,58.534576,hann
15,16.405629,335,1962.890625,9.510936,52.734375,58.534576,hann
15,16.405629,336,1968.750000,4.403534,52.734375,58.534576,hann
15,16.405629,337,1974.609375,-2.996145,52.734375,58.534576,hann
15,16.405629,338,1980.468750,7.720673,52.734375,58.534576,hann
15,16.405629,339,1986.328125,14.097653,52.734375,58.534576,hann
15,16.405629,340,1992.187500,17.097389,52.734375,58.534576,hann
15,16.405629,341,1998.046875,15.394606,52.734375,58.534576,hann
15,16.405629,342,2003.906250,6.433415,52.734375,58.534576,hann
15,16.405629,343,2009.765625,2.829807,52.734375,58.534576,hann
15,16.405629,344,2015.625000,6.151274,52.734375,58.534576,hann
15,16.405629,345,2021.484375,2.962082,52.734375,58.534576,hann
15,16.405629,346,2027.343750,4.452397,52.734375,58.534576,hann
15,16.405629,347,2033.203125,5.779520,52.734375,58.534576,hann
15,16.405629,348,2039.062500,6.378169,52.734375,58.534576,hann
15,16.405629,349,2044.921875,9.836485,52.734375,58.534576,hann
15,16.405629,350,2050.781250,6.659210,52.734375,58.534576,hann
15,16.405629,351,2056.640625,-9.188155,52.734375,58.534576,hann
15,16.405629,352,2062.500000,7.521478,52.734375,58.534576,hann
15,16.405629,353,2068.359375,10.570772,52.734375,58.534576,hann
15,16.405629,354,2074.218750,9.195391,52.734375,58.534576,hann
15,16.405629,355,2080.078125,2.118169,52.734375,58.534576,hann
15,16.405629,356,2085.937500,-2.778199,52.734375,58.534576,hann
15,16.405629,357,2091.796875,4.224564,52.734375,58.534576,hann
15,16.405629,358,2097.656250,6.029553,52.734375,58.534576,hann
15,16.405629,359,2103.515625,0.998226,52.734375,58.534576,hann
15,16.405629,360,2109.375000,7.357685,52.734375,58.534576,hann
15,16.405629,361,2115.234375,4.310094,52.734375,58.534576,hann
15,16.405629,362,2121.093750,-11.257730,52.734375,58.534576,hann
15,16.405629,363,2126.953125,-1.535378,52.734375,58.534576,hann
15,16.405629,364,2132.812500,-0.097381,52.734375,58.534576,hann
15,16.405629,365,2138.671875,-0.189117,52.734375,58.534576,hann
15,16.405629,366,2144.531250,9.955355,52.734375,58.534576,hann
15,16.405629,367,2150.390625,4.284615,52.734375,58.534576,hann
15,16.405629,368,2156.250000,10.778255,52.734375,58.534576,hann
15,16.405629,369,2162.109375,10.252014,52.734375,58.534576,hann
15,16.405629,370,2167.968750,2.053448,52.734375,58.534576,hann
15,16.405629,371,2173.828125,-2.500724,52.734375,58.534576,hann
15,16.405629,372,2179.687500,0.714101,52.734375,58.534576,hann
15,16.405629,373,2185.546875,-11.347376,52.734375,58.534576,hann
15,16.405629,374,2191.406250,7.163203,52.734375,58.534576,hann
15,16.405629,375,2197.265625,11.211096,52.734375,58.534576,hann
15,16.405629,376,2203.125000,8.126619,52.734375,58.534576,hann
15,16.405629,377,2208.984375,2.647459,52.734375,58.534576,hann
15,16.405629,378,2214.843750,5.775267,52.734375,58.534576,hann
15,16.405629,379,2220.703125,5.478994,52.734375,58.534576,hann
15,16.405629,380,2226.562500,-2.204390,52.734375,58.534576,hann
15,16.405629,381,2232.421875,7.972373,52.734375,58.534576,hann
15,16.405629,382,2238.281250,4.437338,52.734375,58.534576,hann
15,16.405629,383,2244.140625,8.160494,52.734375,58.534576,hann
15,16.405629,384,2250.000000,4.776387,52.734375,58.534576,hann
15,16.405629,385,2255.859375,4.689859,52.734375,58.534576,hann
15,16.405629,386,2261.718750,2.194813,52.734375,58.534576,hann
15,16.405629,387,2267.578125,4.997061,52.734375,58.534576,hann
15,16.405629,388,2273.437500,2.296040,52.734375,58.534576,hann
15,16.405629,389,2279.296875,1.940264,52.734375,58.534576,hann
15,16.405629,390,2285.156250,-0.739554,52.734375,58.534576,hann
15,16.405629,391,2291.015625,-8.733186,52.734375,58.534576,hann
15,16.405629,392,2296.875000,8.520764,52.734375,58.534576,hann
15,16.405629,393,2302.734375,7.413621,52.734375,58.534576,hann
15,16.405629,394,2308.593750,3.146404,52.734375,58.534576,hann
15,16.405629,395,2314.453125,5.602875,52.734375,58.534576,hann
15,16.405629,396,2320.312500,4.641417,52.734375,58.534576,hann
15,16.405629,397,2326.171875,2.592248,52.734375,58.534576,hann
15,16.405629,398,2332.031250,6.673427,52.734375,58.534576,hann
15,16.405629,399,2337.890625,9.720030,52.734375,58.534576,hann
15,16.405629,400,2343.750000,15.106321,52.734375,58.534576,hann
15,16.405629,401,2349.609375,15.810423,52.734375,58.534576,hann
15,16.405629,402,2355.468750,4.005939,52.734375,58.534576,hann
15,16.405629,403,2361.328125,9.575263,52.734375,58.534576,hann
15,16.405629,404,2367.187500,9.204141,52.734375,58.534576,hann
15,16.405629,405,2373.046875,6.058442,52.734375,58.534576,hann
15,16.405629,406,2378.906250,-0.420453,52.734375,58.534576,hann
15,16.405629,407,2384.765625,0.739985,52.734375,58.534576,hann
15,16.405629,408,2390.625000,-3.281593,52.734375,58.534576,hann
15,16.405629,409,2396.484375,8.791365,52.734375,58.534576,hann
15,16.405629,410,2402.343750,1.730420,52.734375,58.534576,hann
15,16.405629,411,2408.203125,6.487700,52.734375,58.534576,hann
15,16.405629,412,2414.062500,11.059050,52.734375,58.534576,hann
15,16.405629,413,2419.921875,11.202579,52.734375,58.534576,hann
15,16.405629,414,2425.781250,6.665661,52.734375,58.534576,hann
15,16.405629,415,2431.640625,3.562897,52.734375,58.534576,hann
15,16.405629,416,2437.500000,-0.262392,52.734375,58.534576,hann
15,16.405629,417,2443.359375,-4.904047,52.734375,58.534576,hann
15,16.405629,418,2449.218750,5.659190,52.734375,58.534576,hann
15,16.405629,419,2455.078125,11.409836,52.734375,58.534576,hann
15,16.405629,420,2460.937500,13.248623,52.734375,58.534576,hann
15,16.405629,421,2466.796875,9.518424,52.734375,58.534576,hann
15,16.405629,422,2472.656250,-1.490077,52.734375,58.534576,hann
15,16.405629,423,2478.515625,-9.118937,52.734375,58.534576,hann
15,16.405629,424,2484.375000,-5.974117,52.734375,58.534576,hann
15,16.405629,425,2490.234375,1.692634,52.734375,58.534576,hann
15,16.405629,426,2496.093750,-0.275142,52.734375,58.534576,hann
15,16.405629,427,2501.953125,-2.407170,52.734375,58.534576,hann
15,16.405629,428,2507.812500,3.809000,52.734375,58.534576,hann
15,16.405629,429,2513.671875,2.110990,52.734375,58.534576,hann
15,16.405629,430,2519.531250,6.867004,52.734375,58.534576,hann
15,16.405629,431,2525.390625,3.508454,52.734375,58.534576,hann
15,16.405629,432,2531.250000,3.973321,52.734375,58.534576,hann
15,16.405629,433,2537.109375,9.253101,52.734375,58.534576,hann
15,16.405629,434,2542.968750,0.482186,52.734375,58.534576,hann
15,16.405629,435,2548.828125,-1.534053,52.734375,58.534576,hann
15,16.405629,436,2554.687500,5.838765,52.734375,58.534576,hann
15,16.405629,437,2560.546875,-3.164381,52.734375,58.534576,hann
15,16.405629,438,2566.406250,-9.053524,52.734375,58.534576,hann
15,16.405629,439,2572.265625,4.678261,52.734375,58.534576,hann
15,16.405629,440,2578.125000,-2.898382,52.734375,58.534576,hann
15,16.405629,441,2583.984375,-3.658880,52.734375,58.534576,hann
15,16.405629,442,2589.843750,-3.879385,52.734375,58.534576,hann
15,16.405629,443,2595.703125,2.175886,52.734375,58.534576,hann
15,16.405629,444,2601.562500,1.291150,52.734375,58.534576,hann
15,16.405629,445,2607.421875,1.551680,52.734375,58.534576,hann
15,16.405629,446,2613.281250,0.277638,52.734375,58.534576,hann
15,16.405629,447,2619.140625,-2.367104,52.734375,58.534576,hann
15,16.405629,448,2625.000000,-2.360050,52.734375,58.534576,hann
15,16.405629,449,2630.859375,0.798632,52.734375,58.534576,hann
15,16.405629,450,2636.718750,5.426855,52.734375,58.534576,hann
15,16.405629,451,2642.578125,4.622576,52.734375,58.534576,hann
15,16.405629,452,2648.437500,-1.616531,52.734375,58.534576,hann
15,16.405629,453,2654.296875,5.268764,52.734375,58.534576,hann
15,16.405629,454,2660.156250,0.181721,52.734375,58.534576,hann
15,16.405629,455,2666.015625,-0.325688,52.734375,58.534576,hann
15,16.405629,456,2671.875000,1.988325,52.734375,58.534576,hann
15,16.405629,457,2677.734375,2.326888,52.734375,58.534576,hann
15,16.405629,458,2683.593750,-7.543477,52.734375,58.534576,hann
15,16.405629,459,2689.453125,-10.869415,52.734375,58.534576,hann
15,16.405629,460,2695.312500,-9.253755,52.734375,58.534576,hann
15,16.405629,461,2701.171875,-3.511806,52.734375,58.534576,hann
15,16.405629,462,2707.031250,2.403322,52.734375,58.534576,hann
15,16.405629,463,2712.890625,-4.516414,52.734375,58.534576,hann
15,16.405629,464,2718.750000,3.530870,52.734375,58.534576,hann
15,16.405629,465,2724.609375,-3.339185,52.734375,58.534576,hann
15,16.405629,466,2730.468750,-2.580322,52.734375,58.534576,hann
15,16.405629,467,2736.328125,1.005053,52.734375,58.534576,hann
15,16.405629,468,2742.187500,2.334158,52.734375,58.534576,hann
15,16.405629,469,2748.046875,3.980496,52.734375,58.534576,hann
15,16.405629,470,2753.906250,1.742774,52.734375,58.534576,hann
15,16.405629,471,2759.765625,2.612946,52.734375,58.534576,hann
15,16.405629,472,2765.625000,-17.898752,52.734375,58.534576,hann
15,16.405629,473,2771.484375,-24.592535,52.734375,58.534576,hann
15,16.405629,474,2777.343750,-0.640093,52.734375,58.534576,hann
15,16.405629,475,2783.203125,3.201150,52.734375,58.534576,hann
15,16.405629,476,2789.062500,-1.532255,52.734375,58.534576,hann
15,16.405629,477,2794.921875,-1.617659,52.734375,58.534576,hann
15,16.405629,478,2800.781250,-3.589412,52.734375,58.534576,hann
15,16.405629,479,2806.640625,-2.600186,52.734375,58.534576,hann
15,16.405629,480,2812.500000,-1.373711,52.734375,58.534576,hann
15,16.405629,481,2818.359375,-0.220463,52.734375,58.534576,hann
15,16.405629,482,2824.218750,0.834995,52.734375,58.534576,hann
15,16.405629,483,2830.078125,-8.175869,52.734375,58.534576,hann
15,16.405629,484,2835.937500,-0.078574,52.734375,58.534576,hann
15,16.405629,485,2841.796875,7.829432,52.734375,58.534576,hann
15,16.405629,486,2847.656250,7.645299,52.734375,58.534576,hann
15,16.405629,487,2853.515625,0.409343,52.734375,58.534576,hann
15,16.405629,488,2859.375000,3.636543,52.734375,58.534576,hann
15,16.405629,489,2865.234375,6.111576,52.734375,58.534576,hann
15,16.405629,490,2871.093750,-7.873081,52.734375,58.534576,hann
15,16.405629,491,2876.953125,-11.826152,52.734375,58.534576,hann
15,16.405629,492,2882.812500,3.458274,52.734375,58.534576,hann
15,16.405629,493,2888.671875,7.085914,52.734375,58.534576,hann
15,16.405629,494,2894.531250,6.375284,52.734375,58.534576,hann
15,16.405629,495,2900.390625,-0.279693,52.734375,58.534576,hann
15,16.405629,496,2906.250000,12.298090,52.734375,58.534576,hann
15,16.405629,497,2912.109375,8.816960,52.734375,58.534576,hann
15,16.405629,498,2917.968750,7.852309,52.734375,58.534576,hann
15,16.405629,499,2923.828125,0.793177,52.734375,58.534576,hann
15,16.405629,500,2929.687500,0.883893,52.734375,58.534576,hann
15,16.405629,501,2935.546875,7.560064,52.734375,58.534576,hann
15,16.405629,502,2941.406250,8.411172,52.734375,58.534576,hann
15,16.405629,503,2947.265625,8.533993,52.734375,58.534576,hann
15,16.405629,504,2953.125000,16.244215,52.734375,58.534576,hann
15,16.405629,505,2958.984375,16.137388,52.734375,58.534576,hann
15,16.405629,506,2964.843750,9.132059,52.734375,58.534576,hann
15,16.405629,507,2970.703125,3.546743,52.734375,58.534576,hann
15,16.405629,508,2976.562500,-29.330549,52.734375,58.534576,hann
15,16.405629,509,2982.421875,4.441957,52.734375,58.534576,hann
15,16.405629,510,2988.281250,10.679914,52.734375,58.534576,hann
15,16.405629,511,2994.140625,12.324995,52.734375,58.534576,hann
16,17.427983,0,0.000000,23.160465,52.734375,58.935593,hann
16,17.427983,1,5.859375,22.018251,52.734375,58.935593,hann
16,17.427983,2,11.718750,16.612398,52.734375,58.935593,hann
16,17.427983,3,17.578125,10.833072,52.734375,58.935593,hann
16,17.427983,4,23.437500,11.964434,52.734375,58.935593,hann
16,17.427983,5,29.296875,19.784733,52.734375,58.935593,hann
16,17.427983,6,35.156250,27.603739,52.734375,58.935593,hann
16,17.427983,7,41.015625,44.499168,52.734375,58.935593,hann
16,17.427983,8,46.875000,58.747597,52.734375,58.935593,hann
16,17.427983,9,52.734375,58.935593,52.734375,58.935593,hann
16,17.427983,10,58.593750,45.273521,52.734375,58.935593,hann
16,17.427983,11,64.453125,29.663458,52.734375,58.935593,hann
16,17.427983,12,70.312500,10.927052,52.734375,58.935593,hann
16,17.427983,13,76.171875,18.030819,52.734375,58.935593,hann
16,17.427983,14,82.031250,5.447889,52.734375,58.935593,hann
16,17.427983,15,87.890625,16.516758,52.734375,58.935593,hann
16,17.427983,16,93.750000,44.237122,52.734375,58.935593,hann
16,17.427983,17,99.609375,50.772507,52.734375,58.935593,hann
16,17.427983,18,105.468750,45.230160,52.734375,58.935593,hann
16,17.427983,19,111.328125,14.787083,52.734375,58.935593,hann
16,17.427983,20,117.187500,14.817373,52.734375,58.935593,hann
16,17.427983,21,123.046875,8.999215,52.734375,58.935593,hann
16,17.427983,22,128.906250,1.095477,52.734375,58.935593,hann
16,17.427983,23,134.765625,13.626778,52.734375,58.935593,hann
16,17.427983,24,140.625000,28.213612,52.734375,58.935593,hann
16,17.427983,25,146.484375,43.794590,52.734375,58.935593,hann
16,17.427983,26,152.343750,44.539482,52.734375,58.935593,hann
16,17.427983,27,158.203125,31.616041,52.734375,58.935593,hann
16,17.427983,28,164.062500,15.337057,52.734375,58.935593,hann
16,17.427983,29,169.921875,1.897701,52.734375,58.935593,hann
16,17.427983,30,175.781250,1.417446,52.734375,58.935593,hann
16,17.427983,31,181.640625,11.516834,52.734375,58.935593,hann
16,17.427983,32,187.500000,6.709429,52.734375,58.935593,hann
16,17.427983,33,193.359375,29.976618,52.734375,58.935593,hann
16,17.427983,34,199.218750,36.890434,52.734375,58.935593,hann
16,17.427983,35,205.078125,31.980848,52.734375,58.935593,hann
16,17.427983,36,210.937500,4.920255,52.734375,58.935593,hann
16,17.427983,37,216.796875,9.546546,52.734375,58.935593,hann
16,17.427983,38,222.656250,10.238404,52.734375,58.935593,hann
16,17.427983,39,228.515625,7.235106,52.734375,58.935593,hann
16,17.427983,40,234.375000,-0.994005,52.734375,58.935593,hann
16,17.427983,41,240.234375,17.829288,52.734375,58.935593,hann
16,17.427983,42,246.093750,32.582664,52.734375,58.935593,hann
16,17.427983,43,251.953125,33.758045,52.734375,58.935593,hann
16,17.427983,44,257.812500,21.819971,52.734375,58.935593,hann
16,17.427983,45,263.671875,7.373667,52.734375,58.935593,hann
16,17.427983,46,269.531250,5.698308,52.734375,58.935593,hann
16,17.427983,47,275.390625,9.112430,52.734375,58.935593,hann
16,17.427983,48,281.250000,11.379524,52.734375,58.935593,hann
16,17.427983,49,287.109375,12.544920,52.734375,58.935593,hann
16,17.427983,50,292.968750,30.003799,52.734375,58.935593,hann
16,17.427983,51,298.828125,37.681374,52.734375,58.935593,hann
16,17.427983,52,304.687500,33.242935,52.734375,58.935593,hann
16,17.427983,53,310.546875,7.129724,52.734375,58.935593,hann
16,17.427983,54,316.406250,8.692119,52.734375,58.935593,hann
16,17.427983,55,322.265625,7.310438,52.734375,58.935593,hann
16,17.427983,56,328.125000,7.838111,52.734375,58.935593,hann
16,17.427983,57,333.984375,10.159525,52.734375,58.935593,hann
16,17.427983,58,339.843750,18.357733,52.734375,58.935593,hann
16,17.427983,59,345.703125,36.200241,52.734375,58.935593,hann
16,17.427983,60,351.562500,37.792290,52.734375,58.935593,hann
16,17.427983,61,357.421875,26.825657,52.734375,58.935593,hann
16,17.427983,62,363.281250,2.400568,52.734375,58.935593,hann
16,17.427983,63,369.140625,-2.725900,52.734375,58.935593,hann
16,17.427983,64,375.000000,11.369872,52.734375,58.935593,hann
16,17.427983,65,380.859375,10.797052,52.734375,58.935593,hann
16,17.427983,66,386.718750,3.485520,52.734375,58.935593,hann
16,17.427983,67,392.578125,23.152122,52.734375,58.935593,hann
16,17.427983,68,398.437500,28.944660,52.734375,58.935593,hann
16,17.427983,69,404.296875,24.067945,52.734375,58.935593,hann
16,17.427983,70,410.156250,0.023716,52.734375,58.935593,hann
16,17.427983,71,416.015625,2.244387,52.734375,58.935593,hann
16,17.427983,72,421.875000,9.103379,52.734375,58.935593,hann
16,17.427983,73,427.734375,13.598790,52.734375,58.935593,hann
16,17.427983,74,433.593750,12.113767,52.734375,58.935593,hann
16,17.427983,75,439.453125,30.249077,52.734375,58.935593,hann
16,17.427983,76,445.312500,47.881641,52.734375,58.935593,hann
16,17.427983,77,451.171875,49.877609,52.734375,58.935593,hann
16,17.427983,78,457.031250,39.094578,52.734375,58.935593,hann
16,17.427983,79,462.890625,19.389904,52.734375,58.935593,hann
16,17.427983,80,468.750000,9.334567,52.734375,58.935593,hann
16,17.427983,81,474.609375,11.073454,52.734375,58.935593,hann
16,17.427983,82,480.468750,5.459700,52.734375,58.935593,hann
16,17.427983,83,486.328125,24.355846,52.734375,58.935593,hann
16,17.427983,84,492.187500,47.776192,52.734375,58.935593,hann
16,17.427983,85,498.046875,56.535782,52.734375,58.935593,hann
16,17.427983,86,503.906250,53.029255,52.734375,58.935593,hann
16,17.427983,87,509.765625,30.977005,52.734375,58.935593,hann
16,17.427983,88,515.625000,11.568316,52.734375,58.935593,hann
16,17.427983,89,521.484375,11.914381,52.734375,58.935593,hann
16,17.427983,90,527.343750,2.111749,52.734375,58.935593,hann
16,17.427983,91,533.203125,3.228717,52.734375,58.935593,hann
16,17.427983,92,539.062500,23.865234,52.734375,58.935593,hann
16,17.427983,93,544.921875,42.851730,52.734375,58.935593,hann
16,17.427983,94,550.781250,45.261833,52.734375,58.935593,hann
16,17.427983,95,556.640625,34.982838,52.734375,58.935593,hann
16,17.427983,96,562.500000,18.277813,52.734375,58.935593,hann
16,17.427983,97,568.359375,7.119329,52.734375,58.935593,hann
16,17.427983,98,574.218750,8.484696,52.734375,58.935593,hann
16,17.427983,99,580.078125,9.945423,52.734375,58.935593,hann
16,17.427983,100,585.937500,2.272603,52.734375,58.935593,hann
16,17.427983,101,591.796875,32.384323,52.734375,58.935593,hann
16,17.427983,102,597.656250,41.632240,52.734375,58.935593,hann
16,17.427983,103,603.515625,38.736973,52.734375,58.935593,hann
16,17.427983,104,609.375000,19.933737,52.734375,58.935593,hann
16,17.427983,105,615.234375,10.252209,52.734375,58.935593,hann
16,17.427983,106,621.093750,8.788460,52.734375,58.935593,hann
16,17.427983,107,626.953125,3.978686,52.734375,58.935593,hann
16,17.427983,108,632.812500,5.101421,52.734375,58.935593,hann
16,17.427983,109,638.671875,13.040344,52.734375,58.935593,hann
16,17.427983,110,644.531250,26.774340,52.734375,58.935593,hann
16,17.427983,111,650.390625,28.694759,52.734375,58.935593,hann
16,17.427983,112,656.250000,17.607615,52.734375,58.935593,hann
16,17.427983,113,662.109375,8.203684,52.734375,58.935593,hann
16,17.427983,114,667.968750,13.642106,52.734375,58.935593,hann
16,17.427983,115,673.828125,11.985078,52.734375,58.935593,hann
16,17.427983,116,679.687500,-6.308026,52.734375,58.935593,hann
16,17.427983,117,685.546875,7.092437,52.734375,58.935593,hann
16,17.427983,118,691.406250,21.821812,52.734375,58.935593,hann
16,17.427983,119,697.265625,31.942074,52.734375,58.935593,hann
16,17.427983,120,703.125000,28.961380,52.734375,58.935593,hann
16,17.427983,121,708.984375,3.772026,52.734375,58.935593,hann
16,17.427983,122,714.843750,5.735431,52.734375,58.935593,hann
16,17.427983,123,720.703125,1.335021,52.734375,58.935593,hann
16,17.427983,124,726.562500,-9.437202,52.734375,58.935593,hann
16,17.427983,125,732.421875,-0.521843,52.734375,58.935593,hann
16,17.427983,126,738.281250,10.681011,52.734375,58.935593,hann
16,17.427983,127,744.140625,23.493738,52.734375,58.935593,hann
16,17.427983,128,750.000000,26.845591,52.734375,58.935593,hann
16,17.427983,129,755.859375,19.786617,52.734375,58.935593,hann
16,17.427983,130,761.718750,7.777544,52.734375,58.935593,hann
16,17.427983,131,767.578125,3.660310,52.734375,58.935593,hann
16,17.427983,132,773.437500,-4.744165,52.734375,58.935593,hann
16,17.427983,133,779.296875,-2.997669,52.734375,58.935593,hann
16,17.427983,134,785.156250,3.722316,52.734375,58.935593,hann
16,17.427983,135,791.015625,21.792719,52.734375,58.935593,hann
16,17.427983,136,796.875000,30.560535,52.734375,58.935593,hann
16,17.427983,137,802.734375,28.125887,52.734375,58.935593,hann
16,17.427983,138,808.593750,15.044436,52.734375,58.935593,hann
16,17.427983,139,814.453125,9.290781,52.734375,58.935593,hann
16,17.427983,140,820.312500,6.069340,52.734375,58.935593,hann
16,17.427983,141,826.171875,3.846228,52.734375,58.935593,hann
16,17.427983,142,832.031250,7.220321,52.734375,58.935593,hann
16,17.427983,143,837.890625,9.370720,52.734375,58.935593,hann
16,17.427983,144,843.750000,21.220417,52.734375,58.935593,hann
16,17.427983,145,849.609375,26.387905,52.734375,58.935593,hann
16,17.427983,146,855.468750,19.213083,52.734375,58.935593,hann
16,17.427983,147,861.328125,9.050426,52.734375,58.935593,hann
16,17.427983,148,867.187500,-0.962771,52.734375,58.935593,hann
16,17.427983,149,873.046875,-1.172351,52.734375,58.935593,hann
16,17.427983,150,878.906250,-1.753200,52.734375,58.935593,hann
16,17.427983,151,884.765625,-2.745638,52.734375,58.935593,hann
16,17.427983,152,890.625000,6.061077,52.734375,58.935593,hann
16,17.427983,153,896.484375,21.672571,52.734375,58.935593,hann
16,17.427983,154,902.343750,22.772657,52.734375,58.935593,hann
16,17.427983,155,908.203125,16.749550,52.734375,58.935593,hann
16,17.427983,156,914.062500,11.061737,52.734375,58.935593,hann
16,17.427983,157,919.921875,11.417161,52.734375,58.935593,hann
16,17.427983,158,925.781250,7.560955,52.734375,58.935593,hann
16,17.427983,159,931.640625,-5.318588,52.734375,58.935593,hann
16,17.427983,160,937.500000,12.329281,52.734375,58.935593,hann
16,17.427983,161,943.359375,28.842764,52.734375,58.935593,hann
16,17.427983,162,949.218750,34.226059,52.734375,58.935593,hann
16,17.427983,163,955.078125,27.488516,52.734375,58.935593,hann
16,17.427983,164,960.937500,5.391826,52.734375,58.935593,hann
16,17.427983,165,966.796875,0.582651,52.734375,58.935593,hann
16,17.427983,166,972.656250,2.220851,52.734375,58.935593,hann
16,17.427983,167,978.515625,-7.430040,52.734375,58.935593,hann
16,17.427983,168,984.375000,10.210436,52.734375,58.935593,hann
16,17.427983,169,990.234375,24.305340,52.734375,58.935593,hann
16,17.427983,170,996.093750,35.211075,52.734375,58.935593,hann
16,17.427983,171,1001.953125,32.933113,52.734375,58.935593,hann
16,17.427983,172,1007.812500,12.855443,52.734375,58.935593,hann
16,17.427983,173,1013.671875,15.609054,52.734375,58.935593,hann
16,17.427983,174,1019.531250,11.931522,52.734375,58.935593,hann
16,17.427983,175,1025.390625,11.041338,52.734375,58.935593,hann
16,17.427983,176,1031.250000,2.275065,52.734375,58.935593,hann
16,17.427983,177,1037.109375,-2.884073,52.734375,58.935593,hann
16,17.427983,178,1042.968750,24.829168,52.734375,58.935593,hann
16,17.427983,179,1048.828125,31.029417,52.734375,58.935593,hann
16,17.427983,180,1054.687500,25.109053,52.734375,58.935593,hann
16,17.427983,181,1060.546875,-3.998160,52.734375,58.935593,hann
16,17.427983,182,1066.406250,5.435180,52.734375,58.935593,hann
16,17.427983,183,1072.265625,8.079211,52.734375,58.935593,hann
16,17.427983,184,1078.125000,6.445571,52.734375,58.935593,hann
16,17.427983,185,1083.984375,2.216027,52.734375,58.935593,hann
16,17.427983,186,1089.843750,18.201635,52.734375,58.935593,hann
16,17.427983,187,1095.703125,30.202320,52.734375,58.935593,hann
16,17.427983,188,1101.562500,29.326271,52.734375,58.935593,hann
16,17.427983,189,1107.421875,12.197776,52.734375,58.935593,hann
16,17.427983,190,1113.281250,3.584129,52.734375,58.935593,hann
16,17.427983,191,1119.140625,-13.158537,52.734375,58.935593,hann
16,17.427983,192,1125.000000,5.290989,52.734375,58.935593,hann
16,17.427983,193,1130.859375,8.252485,52.734375,58.935593,hann
16,17.427983,194,1136.718750,6.777595,52.734375,58.935593,hann
16,17.427983,195,1142.578125,13.956929,52.734375,58.935593,hann
16,17.427983,196,1148.437500,11.638735,52.734375,58.935593,hann
16,17.427983,197,1154.296875,9.547913,52.734375,58.935593,hann
16,17.427983,198,1160.156250,-14.111168,52.734375,58.935593,hann
16,17.427983,199,1166.015625,1.704982,52.734375,58.935593,hann
16,17.427983,200,1171.875000,9.637455,52.734375,58.935593,hann
16,17.427983,201,1177.734375,8.831045,52.734375,58.935593,hann
16,17.427983,202,1183.593750,7.463389,52.734375,58.935593,hann
16,17.427983,203,1189.453125,13.506666,52.734375,58.935593,hann
16,17.427983,204,1195.312500,26.766079,52.734375,58.935593,hann
16,17.427983,205,1201.171875,26.275141,52.734375,58.935593,hann
16,17.427983,206,1207.031250,14.783672,52.734375,58.935593,hann
16,17.427983,207,1212.890625,8.794724,52.734375,58.935593,hann
16,17.427983,208,1218.750000,-1.159926,52.734375,58.935593,hann
16,17.427983,209,1224.609375,3.674388,52.734375,58.935593,hann
16,17.427983,210,1230.468750,1.126008,52.734375,58.935593,hann
16,17.427983,211,1236.328125,7.834706,52.734375,58.935593,hann
16,17.427983,212,1242.187500,20.212170,52.734375,58.935593,hann
16,17.427983,213,1248.046875,21.857349,52.734375,58.935593,hann
16,17.427983,214,1253.906250,8.468389,52.734375,58.935593,hann
16,17.427983,215,1259.765625,8.341925,52.734375,58.935593,hann
16,17.427983,216,1265.625000,-2.259739,52.734375,58.935593,hann
16,17.427983,217,1271.484375,-6.927482,52.734375,58.935593,hann
16,17.427983,218,1277.343750,-9.184299,52.734375,58.935593,hann
16,17.427983,219,1283.203125,2.565861,52.734375,58.935593,hann
16,17.427983,220,1289.062500,-0.570168,52.734375,58.935593,hann
16,17.427983,221,1294.921875,17.059526,52.734375,58.935593,hann
16,17.427983,222,1300.781250,18.163139,52.734375,58.935593,hann
16,17.427983,223,1306.640625,9.700037,52.734375,58.935593,hann
16,17.427983,224,1312.500000,7.042463,52.734375,58.935593,hann
16,17.427983,225,1318.359375,-10.133681,52.734375,58.935593,hann
16,17.427983,226,1324.218750,-5.885029,52.734375,58.935593,hann
16,17.427983,227,1330.078125,0.974457,52.734375,58.935593,hann
16,17.427983,228,1335.937500,9.589845,52.734375,58.935593,hann
16,17.427983,229,1341.796875,20.496605,52.734375,58.935593,hann
16,17.427983,230,1347.656250,24.917566,52.734375,58.935593,hann
16,17.427983,231,1353.515625,18.028297,52.734375,58.935593,hann
16,17.427983,232,1359.375000,10.206322,52.734375,58.935593,hann
16,17.427983,233,1365.234375,6.900821,52.734375,58.935593,hann
16,17.427983,234,1371.093750,10.061999,52.734375,58.935593,hann
16,17.427983,235,1376.953125,12.973079,52.734375,58.935593,hann
16,17.427983,236,1382.812500,13.048187,52.734375,58.935593,hann
16,17.427983,237,1388.671875,11.035605,52.734375,58.935593,hann
16,17.427983,238,1394.531250,27.427326,52.734375,58.935593,hann
16,17.427983,239,1400.390625,28.519142,52.734375,58.935593,hann
16,17.427983,240,1406.250000,18.109192,52.734375,58.935593,hann
16,17.427983,241,1412.109375,5.161243,52.734375,58.935593,hann
16,17.427983,242,1417.968750,10.574226,52.734375,58.935593,hann
16,17.427983,243,1423.828125,8.218455,52.734375,58.935593,hann
16,17.427983,244,1429.687500,7.619550,52.734375,58.935593,hann
16,17.427983,245,1435.546875,4.139988,52.734375,58.935593,hann
16,17.427983,246,1441.406250,16.331478,52.734375,58.935593,hann
16,17.427983,247,1447.265625,27.343447,52.734375,58.935593,hann
16,17.427983,248,1453.125000,23.811750,52.734375,58.935593,hann
16,17.427983,249,1458.984375,-1.170543,52.734375,58.935593,hann
16,17.427983,250,1464.843750,3.061262,52.734375,58.935593,hann
16,17.427983,251,1470.703125,-0.310289,52.734375,58.935593,hann
16,17.427983,252,1476.562500,6.640095,52.734375,58.935593,hann
16,17.427983,253,1482.421875,7.774171,52.734375,58.935593,hann
16,17.427983,254,1488.281250,22.688431,52.734375,58.935593,hann
16,17.427983,255,1494.140625,38.454098,52.734375,58.935593,hann
16,17.427983,256,1500.000000,39.565079,52.734375,58.935593,hann
16,17.427983,257,1505.859375,28.267628,52.734375,58.935593,hann
16,17.427983,258,1511.718750,9.707951,52.734375,58.935593,hann
16,17.427983,259,1517.578125,10.180288,52.734375,58.935593,hann
16,17.427983,260,1523.437500,7.751084,52.734375,58.935593,hann
16,17.427983,261,1529.296875,5.098977,52.734375,58.935593,hann
16,17.427983,262,1535.156250,2.393334,52.734375,58.935593,hann
16,17.427983,263,1541.015625,21.414627,52.734375,58.935593,hann
16,17.427983,264,1546.875000,29.342083,52.734375,58.935593,hann
16,17.427983,265,1552.734375,25.625942,52.734375,58.935593,hann
16,17.427983,266,1558.593750,8.404902,52.734375,58.935593,hann
16,17.427983,267,1564.453125,-9.574543,52.734375,58.935593,hann
16,17.427983,268,1570.312500,2.135246,52.734375,58.935593,hann
16,17.427983,269,1576.171875,7.860754,52.734375,58.935593,hann
16,17.427983,270,1582.031250,3.353240,52.734375,58.935593,hann
16,17.427983,271,1587.890625,-1.041564,52.734375,58.935593,hann
16,17.427983,272,1593.750000,13.771993,52.734375,58.935593,hann
16,17.427983,273,1599.609375,16.952831,52.734375,58.935593,hann
16,17.427983,274,1605.468750,11.216096,52.734375,58.935593,hann
16,17.427983,275,1611.328125,2.924147,52.734375,58.935593,hann
16,17.427983,276,1617.187500,9.350868,52.734375,58.935593,hann
16,17.427983,277,1623.046875,10.562850,52.734375,58.935593,hann
16,17.427983,278,1628.906250,6.989893,52.734375,58.935593,hann
16,17.427983,279,1634.765625,5.770144,52.734375,58.935593,hann
16,17.427983,280,1640.625000,-0.446552,52.734375,58.935593,hann
16,17.427983,281,1646.484375,15.830794,52.734375,58.935593,hann
16,17.427983,282,1652.343750,10.487181,52.734375,58.935593,hann
16,17.427983,283,1658.203125,5.708134,52.734375,58.935593,hann
16,17.427983,284,1664.062500,6.676291,52.734375,58.935593,hann
16,17.427983,285,1669.921875,6.260705,52.734375,58.935593,hann
16,17.427983,286,1675.781250,1.226474,52.734375,58.935593,hann
16,17.427983,287,1681.640625,-3.022195,52.734375,58.935593,hann
16,17.427983,288,1687.500000,-5.732768,52.734375,58.935593,hann
16,17.427983,289,1693.359375,10.189239,52.734375,58.935593,hann
16,17.427983,290,1699.218750,13.224220,52.734375,58.935593,hann
16,17.427983,291,1705.078125,1.281633,52.734375,58.935593,hann
16,17.427983,292,1710.937500,-7.773658,52.734375,58.935593,hann
16,17.427983,293,1716.796875,5.745649,52.734375,58.935593,hann
16,17.427983,294,1722.656250,-2.471426,52.734375,58.935593,hann
16,17.427983,295,1728.515625,2.876248,52.734375,58.935593,hann
16,17.427983,296,1734.375000,7.442577,52.734375,58.935593,hann
16,17.427983,297,1740.234375,7.492171,52.734375,58.935593,hann
16,17.427983,298,1746.093750,16.795267,52.734375,58.935593,hann
16,17.427983,299,1751.953125,11.264812,52.734375,58.935593,hann
16,17.427983,300,1757.812500,5.349612,52.734375,58.935593,hann
16,17.427983,301,1763.671875,7.816662,52.734375,58.935593,hann
16,17.427983,302,1769.531250,2.933840,52.734375,58.935593,hann
16,17.427983,303,1775.390625,5.576662,52.734375,58.935593,hann
16,17.427983,304,1781.250000,4.891290,52.734375,58.935593,hann
16,17.427983,305,1787.109375,5.369686,52.734375,58.935593,hann
16,17.427983,306,1792.968750,14.960947,52.734375,58.935593,hann
16,17.427983,307,1798.828125,15.708823,52.734375,58.935593,hann
16,17.427983,308,1804.687500,11.048721,52.734375,58.935593,hann
16,17.427983,309,1810.546875,6.096950,52.734375,58.935593,hann
16,17.427983,310,1816.406250,2.994139,52.734375,58.935593,hann
16,17.427983,311,1822.265625,1.909731,52.734375,58.935593,hann
16,17.427983,312,1828.125000,-0.813848,52.734375,58.935593,hann
16,17.427983,313,1833.984375,0.371044,52.734375,58.935593,hann
16,17.427983,314,1839.843750,12.559372,52.734375,58.935593,hann
16,17.427983,315,1845.703125,18.134783,52.734375,58.935593,hann
16,17.427983,316,1851.562500,11.871788,52.734375,58.935593,hann
16,17.427983,317,1857.421875,4.674408,52.734375,58.935593,hann
16,17.427983,318,1863.281250,-3.917269,52.734375,58.935593,hann
16,17.427983,319,1869.140625,3.067077,52.734375,58.935593,hann
16,17.427983,320,1875.000000,5.427212,52.734375,58.935593,hann
16,17.427983,321,1880.859375,6.670229,52.734375,58.935593,hann
16,17.427983,322,1886.718750,2.587116,52.734375,58.935593,hann
16,17.427983,323,1892.578125,4.591193,52.734375,58.935593,hann
16,17.427983,324,1898.437500,9.556465,52.734375,58.935593,hann
16,17.427983,325,1904.296875,12.792624,52.734375,58.935593,hann
16,17.427983,326,1910.156250,12.374330,52.734375,58.935593,hann
16,17.427983,327,1916.015625,10.094479,52.734375,58.935593,hann
16,17.427983,328,1921.875000,9.894056,52.734375,58.935593,hann
16,17.427983,329,1927.734375,7.188044,52.734375,58.935593,hann
16,17.427983,330,1933.593750,3.584349,52.734375,58.935593,hann
16,17.427983,331,1939.453125,11.705893,52.734375,58.935593,hann
16,17.427983,332,1945.312500,19.451296,52.734375,58.935593,hann
16,17.427983,333,1951.171875,16.027504,52.734375,58.935593,hann
16,17.427983,334,1957.031250,7.321744,52.734375,58.935593,hann
16,17.427983,335,1962.890625,1.066704,52.734375,58.935593,hann
16,17.427983,336,1968.750000,8.443844,52.734375,58.935593,hann
16,17.427983,337,1974.609375,10.204291,52.734375,58.935593,hann
16,17.427983,338,1980.468750,2.295259,52.734375,58.935593,hann
16,17.427983,339,1986.328125,6.930573,52.734375,58.935593,hann
16,17.427983,340,1992.187500,23.776941,52.734375,58.935593,hann
16,17.427983,341,1998.046875,27.836971,52.734375,58.935593,hann
16,17.427983,342,2003.906250,23.629929,52.734375,58.935593,hann
16,17.427983,343,2009.765625,13.874582,52.734375,58.935593,hann
16,17.427983,344,2015.625000,4.261429,52.734375,58.935593,hann
16,17.427983,345,2021.484375,-1.874415,52.734375,58.935593,hann
16,17.427983,346,2027.343750,5.631455,52.734375,58.935593,hann
16,17.427983,347,2033.203125,4.265974,52.734375,58.935593,hann
16,17.427983,348,2039.062500,10.645690,52.734375,58.935593,hann
16,17.427983,349,2044.921875,19.661009,52.734375,58.935593,hann
16,17.427983,350,2050.781250,14.976754,52.734375,58.935593,hann
16,17.427983,351,2056.640625,4.832831,52.734375,58.935593,hann
16,17.427983,352,2062.500000,7.647613,52.734375,58.935593,hann
16,17.427983,353,2068.359375,9.408963,52.734375,58.935593,hann
16,17.427983,354,2074.218750,2.565778,52.734375,58.935593,hann
16,17.427983,355,2080.078125,3.592854,52.734375,58.935593,hann
16,17.427983,356,2085.937500,8.259307,52.734375,58.935593,hann
16,17.427983,357,2091.796875,11.190506,52.734375,58.935593,hann
16,17.427983,358,2097.656250,19.520563,52.734375,58.935593,hann
16,17.427983,359,2103.515625,18.320957,52.734375,58.935593,hann
16,17.427983,360,2109.375000,12.871465,52.734375,58.935593,hann
16,17.427983,361,2115.234375,-14.278278,52.734375,58.935593,hann
16,17.427983,362,2121.093750,-5.446804,52.734375,58.935593,hann
16,17.427983,363,2126.953125,0.115043,52.734375,58.935593,hann
16,17.427983,364,2132.812500,1.872727,52.734375,58.935593,hann
16,17.427983,365,2138.671875,6.302305,52.734375,58.935593,hann
16,17.427983,366,2144.531250,11.614483,52.734375,58.935593,hann
16,17.427983,367,2150.390625,3.975567,52.734375,58.935593,hann
16,17.427983,368,2156.250000,3.300737,52.734375,58.935593,hann
16,17.427983,369,2162.109375,-0.104762,52.734375,58.935593,hann
16,17.427983,370,2167.968750,1.268082,52.734375,58.935593,hann
16,17.427983,371,2173.828125,1.433705,52.734375,58.935593,hann
16,17.427983,372,2179.687500,2.894962,52.734375,58.935593,hann
16,17.427983,373,2185.546875,-5.419692,52.734375,58.935593,hann
16,17.427983,374,2191.406250,11.530303,52.734375,58.935593,hann
16,17.427983,375,2197.265625,16.405869,52.734375,58.935593,hann
16,17.427983,376,2203.125000,9.457739,52.734375,58.935593,hann
16,17.427983,377,2208.984375,-5.741087,52.734375,58.935593,hann
16,17.427983,378,2214.843750,-0.750067,52.734375,58.935593,hann
16,17.427983,379,2220.703125,7.946562,52.734375,58.935593,hann
16,17.427983,380,2226.562500,10.745021,52.734375,58.935593,hann
16,17.427983,381,2232.421875,10.757254,52.734375,58.935593,hann
16,17.427983,382,2238.281250,1.369216,52.734375,58.935593,hann
16,17.427983,383,2244.140625,14.151368,52.734375,58.935593,hann
16,17.427983,384,2250.000000,13.826476,52.734375,58.935593,hann
16,17.427983,385,2255.859375,2.202243,52.734375,58.935593,hann
16,17.427983,386,2261.718750,0.507188,52.734375,58.935593,hann
16,17.427983,387,2267.578125,6.191518,52.734375,58.935593,hann
16,17.427983,388,2273.437500,4.667999,52.734375,58.935593,hann
16,17.427983,389,2279.296875,-3.761406,52.734375,58.935593,hann
16,17.427983,390,2285.156250,-5.158983,52.734375,58.935593,hann
16,17.427983,391,2291.015625,-2.385096,52.734375,58.935593,hann
16,17.427983,392,2296.875000,4.074742,52.734375,58.935593,hann
16,17.427983,393,2302.734375,9.021502,52.734375,58.935593,hann
16,17.427983,394,2308.593750,6.413587,52.734375,58.935593,hann
16,17.427983,395,2314.453125,3.641365,52.734375,58.935593,hann
16,17.427983,396,2320.312500,6.601318,52.734375,58.935593,hann
16,17.427983,397,2326.171875,8.184017,52.734375,58.935593,hann
16,17.427983,398,2332.031250,-12.120046,52.734375,58.935593,hann
16,17.427983,399,2337.890625,-4.622483,52.734375,58.935593,hann
16,17.427983,400,2343.750000,14.985347,52.734375,58.935593,hann
16,17.427983,401,2349.609375,15.397321,52.734375,58.935593,hann
16,17.427983,402,2355.468750,7.369864,52.734375,58.935593,hann
16,17.427983,403,2361.328125,5.481987,52.734375,58.935593,hann
16,17.427983,404,2367.187500,6.671309,52.734375,58.935593,hann
16,17.427983,405,2373.046875,-12.930128,52.734375,58.935593,hann
16,17.427983,406,2378.906250,0.684122,52.734375,58.935593,hann
16,17.427983,407,2384.765625,4.718334,52.734375,58.935593,hann
16,17.427983,408,2390.625000,12.715542,52.734375,58.935593,hann
16,17.427983,409,2396.484375,19.013783,52.734375,58.935593,hann
16,17.427983,410,2402.343750,17.358358,52.734375,58.935593,hann
16,17.427983,411,2408.203125,12.506257,52.734375,58.935593,hann
16,17.427983,412,2414.062500,8.165831,52.734375,58.935593,hann
16,17.427983,413,2419.921875,3.030305,52.734375,58.935593,hann
16,17.427983,414,2425.781250,1.935119,52.734375,58.935593,hann
16,17.427983,415,2431.640625,5.924551,52.734375,58.935593,hann
16,17.427983,416,2437.500000,2.369485,52.734375,58.935593,hann
16,17.427983,417,2443.359375,10.081157,52.734375,58.935593,hann
16,17.427983,418,2449.218750,9.771587,52.734375,58.935593,hann
16,17.427983,419,2455.078125,11.328157,52.734375,58.935593,hann
16,17.427983,420,2460.937500,6.535897,52.734375,58.935593,hann
16,17.427983,421,2466.796875,3.298877,52.734375,58.935593,hann
16,17.427983,422,2472.656250,-3.444300,52.734375,58.935593,hann
16,17.427983,423,2478.515625,7.803706,52.734375,58.935593,hann
16,17.427983,424,2484.375000,8.825262,52.734375,58.935593,hann
16,17.427983,425,2490.234375,21.953058,52.734375,58.935593,hann
16,17.427983,426,2496.093750,28.466599,52.734375,58.935593,hann
16,17.427983,427,2501.953125,26.903088,52.734375,58.935593,hann
16,17.427983,428,2507.812500,22.137058,52.734375,58.935593,hann
16,17.427983,429,2513.671875,15.408319,52.734375,58.935593,hann
16,17.427983,430,2519.531250,9.291334,52.734375,58.935593,hann
16,17.427983,431,2525.390625,3.895524,52.734375,58.935593,hann
16,17.427983,432,2531.250000,0.519017,52.734375,58.935593,hann
16,17.427983,433,2537.109375,5.556743,52.734375,58.935593,hann
16,17.427983,434,2542.968750,14.091841,52.734375,58.935593,hann
16,17.427983,435,2548.828125,14.314675,52.734375,58.935593,hann
16,17.427983,436,2554.687500,7.457662,52.734375,58.935593,hann
16,17.427983,437,2560.546875,3.136284,52.734375,58.935593,hann
16,17.427983,438,2566.406250,4.240446,52.734375,58.935593,hann
16,17.427983,439,2572.265625,3.744160,52.734375,58.935593,hann
16,17.427983,440,2578.125000,7.936621,52.734375,58.935593,hann
16,17.427983,441,2583.984375,6.168161,52.734375,58.935593,hann
16,17.427983,442,2589.843750,9.166178,52.734375,58.935593,hann
16,17.427983,443,2595.703125,10.003452,52.734375,58.935593,hann
16,17.427983,444,2601.562500,-0.323243,52.734375,58.935593,hann
16,17.427983,445,2607.421875,6.861023,52.734375,58.935593,hann
16,17.427983,446,2613.281250,3.782462,52.734375,58.935593,hann
16,17.427983,447,2619.140625,-3.205647,52.734375,58.935593,hann
16,17.427983,448,2625.000000,5.769156,52.734375,58.935593,hann
16,17.427983,449,2630.859375,3.061492,52.734375,58.935593,hann
16,17.427983,450,2636.718750,9.879011,52.734375,58.935593,hann
16,17.427983,451,2642.578125,16.344898,52.734375,58.935593,hann
16,17.427983,452,2648.437500,17.111929,52.734375,58.935593,hann
16,17.427983,453,2654.296875,13.237123,52.734375,58.935593,hann
16,17.427983,454,2660.156250,3.889465,52.734375,58.935593,hann
16,17.427983,455,2666.015625,2.264229,52.734375,58.935593,hann
16,17.427983,456,2671.875000,-9.847698,52.734375,58.935593,hann
16,17.427983,457,2677.734375,6.845136,52.734375,58.935593,hann
16,17.427983,458,2683.593750,4.139171,52.734375,58.935593,hann
16,17.427983,459,2689.453125,11.022436,52.734375,58.935593,hann
16,17.427983,460,2695.312500,17.755133,52.734375,58.935593,hann
16,17.427983,461,2701.171875,13.809028,52.734375,58.935593,hann
16,17.427983,462,2707.031250,3.541813,52.734375,58.935593,hann
16,17.427983,463,2712.890625,4.656129,52.734375,58.935593,hann
16,17.427983,464,2718.750000,3.053646,52.734375,58.935593,hann
16,17.427983,465,2724.609375,2.183064,52.734375,58.935593,hann
16,17.427983,466,2730.468750,-4.675071,52.734375,58.935593,hann
16,17.427983,467,2736.328125,2.377426,52.734375,58.935593,hann
16,17.427983,468,2742.187500,12.466603,52.734375,58.935593,hann
16,17.427983,469,2748.046875,16.073215,52.734375,58.935593,hann
16,17.427983,470,2753.906250,15.255342,52.734375,58.935593,hann
16,17.427983,471,2759.765625,11.061502,52.734375,58.935593,hann
16,17.427983,472,2765.625000,6.651288,52.734375,58.935593,hann
16,17.427983,473,2771.484375,-1.373102,52.734375,58.935593,hann
16,17.427983,474,2777.343750,-2.619077,52.734375,58.935593,hann
16,17.427983,475,2783.203125,3.309208,52.734375,58.935593,hann
16,17.427983,476,2789.062500,5.382807,52.734375,58.935593,hann
16,17.427983,477,2794.921875,8.846174,52.734375,58.935593,hann
16,17.427983,478,2800.781250,6.497388,52.734375,58.935593,hann
16,17.427983,479,2806.640625,14.638872,52.734375,58.935593,hann
16,17.427983,480,2812.500000,8.261160,52.734375,58.935593,hann
16,17.427983,481,2818.359375,-3.527464,52.734375,58.935593,hann
16,17.427983,482,2824.218750,4.454820,52.734375,58.935593,hann
16,17.427983,483,2830.078125,3.066020,52.734375,58.935593,hann
16,17.427983,484,2835.937500,2.390662,52.734375,58.935593,hann
16,17.427983,485,2841.796875,11.512119,52.734375,58.935593,hann
16,17.427983,486,2847.656250,8.218051,52.734375,58.935593,hann
16,17.427983,487,2853.515625,12.471895,52.734375,58.935593,hann
16,17.427983,488,2859.375000,13.005148,52.734375,58.935593,hann
16,17.427983,489,2865.234375,6.197515,52.734375,58.935593,hann
16,17.427983,490,2871.093750,12.689802,52.734375,58.935593,hann
16,17.427983,491,2876.953125,6.467262,52.734375,58.935593,hann
16,17.427983,492,2882.812500,1.599830,52.734375,58.935593,hann
16,17.427983,493,2888.671875,10.092797,52.734375,58.935593,hann
16,17.427983,494,2894.531250,17.497351,52.734375,58.935593,hann
16,17.427983,495,2900.390625,17.125580,52.734375,58.935593,hann
16,17.427983,496,2906.250000,11.146131,52.734375,58.935593,hann
16,17.427983,497,2912.109375,6.566952,52.734375,58.935593,hann
16,17.427983,498,2917.968750,8.524593,52.734375,58.935593,hann
16,17.427983,499,2923.828125,10.518471,52.734375,58.935593,hann
16,17.427983,500,2929.687500,8.532438,52.734375,58.935593,hann
16,17.427983,501,2935.546875,4.648273,52.734375,58.935593,hann
16,17.427983,502,2941.406250,14.074937,52.734375,58.935593,hann
16,17.427983,503,2947.265625,14.716480,52.734375,58.935593,hann
16,17.427983,504,2953.125000,13.943978,52.734375,58.935593,hann
16,17.427983,505,2958.984375,12.367458,52.734375,58.935593,hann
16,17.427983,506,2964.843750,5.010740,52.734375,58.935593,hann
16,17.427983,507,2970.703125,9.150259,52.734375,58.935593,hann
16,17.427983,508,2976.562500,8.275239,52.734375,58.935593,hann
16,17.427983,509,2982.421875,-2.696460,52.734375,58.935593,hann
16,17.427983,510,2988.281250,11.987173,52.734375,58.935593,hann
16,17.427983,511,2994.140625,21.126297,52.734375,58.935593,hann
17,18.450345,0,0.000000,20.104404,52.734375,59.188847,hann
17,18.450345,1,5.859375,19.897484,52.734375,59.188847,hann
17,18.450345,2,11.718750,23.302214,52.734375,59.188847,hann
17,18.450345,3,17.578125,18.836435,52.734375,59.188847,hann
17,18.450345,4,23.437500,20.776924,52.734375,59.188847,hann
17,18.450345,5,29.296875,29.445808,52.734375,59.188847,hann
17,18.450345,6,35.156250,32.409534,52.734375,59.188847,hann
17,18.450345,7,41.015625,44.595612,52.734375,59.188847,hann
17,18.450345,8,46.875000,58.841434,52.734375,59.188847,hann
17,18.450345,9,52.734375,59.188847,52.734375,59.188847,hann
17,18.450345,10,58.593750,47.071449,52.734375,59.188847,hann
17,18.450345,11,64.453125,34.272034,52.734375,59.188847,hann
17,18.450345,12,70.312500,36.461700,52.734375,59.188847,hann
17,18.450345,13,76.171875,36.037704,52.734375,59.188847,hann
17,18.450345,14,82.031250,37.764912,52.734375,59.188847,hann
17,18.450345,15,87.890625,37.869495,52.734375,59.188847,hann
17,18.450345,16,93.750000,45.810806,52.734375,59.188847,hann
17,18.450345,17,99.609375,51.477512,52.734375,59.188847,hann
17,18.450345,18,105.468750,47.325462,52.734375,59.188847,hann
17,18.450345,19,111.328125,38.373936,52.734375,59.188847,hann
17,18.450345,20,117.187500,38.345264,52.734375,59.188847,hann
17,18.450345,21,123.046875,39.141899,52.734375,59.188847,hann
17,18.450345,22,128.906250,39.926193,52.734375,59.188847,hann
17,18.450345,23,134.765625,39.794460,52.734375,59.188847,hann
17,18.450345,24,140.625000,40.605640,52.734375,59.188847,hann
17,18.450345,25,146.484375,46.059814,52.734375,59.188847,hann
17,18.450345,26,152.343750,46.274258,52.734375,59.188847,hann
17,18.450345,27,158.203125,39.303188,52.734375,59.188847,hann
17,18.450345,28,164.062500,34.275532,52.734375,59.188847,hann
17,18.450345,29,169.921875,33.291344,52.734375,59.188847,hann
17,18.450345,30,175.781250,33.504948,52.734375,59.188847,hann
17,18.450345,31,181.640625,35.060074,52.734375,59.188847,hann
17,18.450345,32,187.500000,35.144218,52.734375,59.188847,hann
17,18.450345,33,193.359375,37.548874,52.734375,59.188847,hann
17,18.450345,34,199.218750,40.791512,52.734375,59.188847,hann
17,18.450345,35,205.078125,38.481018,52.734375,59.188847,hann
17,18.450345,36,210.937500,34.530647,52.734375,59.188847,hann
17,18.450345,37,216.796875,33.174370,52.734375,59.188847,hann
17,18.450345,38,222.656250,30.837540,52.734375,59.188847,hann
17,18.450345,39,228.515625,29.535400,52.734375,59.188847,hann
17,18.450345,40,234.375000,30.895290,52.734375,59.188847,hann
17,18.450345,41,240.234375,32.612137,52.734375,59.188847,hann
17,18.450345,42,246.093750,37.342113,52.734375,59.188847,hann
17,18.450345,43,251.953125,38.468399,52.734375,59.188847,hann
17,18.450345,44,257.812500,35.070976,52.734375,59.188847,hann
17,18.450345,45,263.671875,32.889477,52.734375,59.188847,hann
17,18.450345,46,269.531250,30.833597,52.734375,59.188847,hann
17,18.450345,47,275.390625,26.218641,52.734375,59.188847,hann
17,18.450345,48,281.250000,25.981455,52.734375,59.188847,hann
17,18.450345,49,287.109375,28.250334,52.734375,59.188847,hann
17,18.450345,50,292.968750,29.933350,52.734375,59.188847,hann
17,18.450345,51,298.828125,33.467144,52.734375,59.188847,hann
17,18.450345,52,304.687500,30.641687,52.734375,59.188847,hann
17,18.450345,53,310.546875,33.507767,52.734375,59.188847,hann
17,18.450345,54,316.406250,32.578011,52.734375,59.188847,hann
17,18.450345,55,322.265625,29.653172,52.734375,59.188847,hann
17,18.450345,56,328.125000,27.313637,52.734375,59.188847,hann
17,18.450345,57,333.984375,29.818588,52.734375,59.188847,hann
17,18.450345,58,339.843750,28.676918,52.734375,59.188847,hann
17,18.450345,59,345.703125,27.003653,52.734375,59.188847,hann
17,18.450345,60,351.562500,29.497765,52.734375,59.188847,hann
17,18.450345,61,357.421875,32.477158,52.734375,59.188847,hann
17,18.450345,62,363.281250,35.760456,52.734375,59.188847,hann
17,18.450345,63,369.140625,33.982651,52.734375,59.188847,hann
17,18.450345,64,375.000000,32.225822,52.734375,59.188847,hann
17,18.450345,65,380.859375,31.011030,52.734375,59.188847,hann
17,18.450345,66,386.718750,29.709370,52.734375,59.188847,hann
17,18.450345,67,392.578125,18.831976,52.734375,59.188847,hann
17,18.450345,68,398.437500,34.830460,52.734375,59.188847,hann
17,18.450345,69,404.296875,34.313084,52.734375,59.188847,hann
17,18.450345,70,410.156250,32.125469,52.734375,59.188847,hann
17,18.450345,71,416.015625,31.714699,52.734375,59.188847,hann
17,18.450345,72,421.875000,32.341927,52.734375,59.188847,hann
17,18.450345,73,427.734375,33.562283,52.734375,59.188847,hann
17,18.450345,74,433.593750,35.390495,52.734375,59.188847,hann
17,18.450345,75,439.453125,24.355587,52.734375,59.188847,hann
17,18.450345,76,445.312500,46.510178,52.734375,59.188847,hann
17,18.450345,77,451.171875,49.201920,52.734375,59.188847,hann
17,18.450345,78,457.031250,39.131500,52.734375,59.188847,hann
17,18.450345,79,462.890625,37.036201,52.734375,59.188847,hann
17,18.450345,80,468.750000,37.274803,52.734375,59.188847,hann
17,18.450345,81,474.609375,37.676079,52.734375,59.188847,hann
17,18.450345,82,480.468750,38.789944,52.734375,59.188847,hann
17,18.450345,83,486.328125,42.286453,52.734375,59.188847,hann
17,18.450345,84,492.187500,42.094490,52.734375,59.188847,hann
17,18.450345,85,498.046875,55.113560,52.734375,59.188847,hann
17,18.450345,86,503.906250,50.907684,52.734375,59.188847,hann
17,18.450345,87,509.765625,36.153370,52.734375,59.188847,hann
17,18.450345,88,515.625000,40.282219,52.734375,59.188847,hann
17,18.450345,89,521.484375,40.040733,52.734375,59.188847,hann
17,18.450345,90,527.343750,39.076679,52.734375,59.188847,hann
17,18.450345,91,533.203125,37.086632,52.734375,59.188847,hann
17,18.450345,92,539.062500,32.543652,52.734375,59.188847,hann
17,18.450345,93,544.921875,39.162376,52.734375,59.188847,hann
17,18.450345,94,550.781250,43.170467,52.734375,59.188847,hann
17,18.450345,95,556.640625,29.709114,52.734375,59.188847,hann
17,18.450345,96,562.500000,31.270557,52.734375,59.188847,hann
17,18.450345,97,568.359375,29.459505,52.734375,59.188847,hann
17,18.450345,98,574.218750,27.944567,52.734375,59.188847,hann
17,18.450345,99,580.078125,23.872168,52.734375,59.188847,hann
17,18.450345,100,585.937500,22.885197,52.734375,59.188847,hann
17,18.450345,101,591.796875,31.345608,52.734375,59.188847,hann
17,18.450345,102,597.656250,41.195770,52.734375,59.188847,hann
17,18.450345,103,603.515625,38.353134,52.734375,59.188847,hann
17,18.450345,104,609.375000,29.724771,52.734375,59.188847,hann
17,18.450345,105,615.234375,31.176868,52.734375,59.188847,hann
17,18.450345,106,621.093750,32.057014,52.734375,59.188847,hann
17,18.450345,107,626.953125,31.877157,52.734375,59.188847,hann
17,18.450345,108,632.812500,31.270111,52.734375,59.188847,hann
17,18.450345,109,638.671875,30.822603,52.734375,59.188847,hann
17,18.450345,110,644.531250,30.731823,52.734375,59.188847,hann
17,18.450345,111,650.390625,30.622097,52.734375,59.188847,hann
17,18.450345,112,656.250000,26.893967,52.734375,59.188847,hann
17,18.450345,113,662.109375,27.639475,52.734375,59.188847,hann
17,18.450345,114,667.968750,27.234404,52.734375,59.188847,hann
17,18.450345,115,673.828125,26.257908,52.734375,59.188847,hann
17,18.450345,116,679.687500,23.049175,52.734375,59.188847,hann
17,18.450345,117,685.546875,18.798559,52.734375,59.188847,hann
17,18.450345,118,691.406250,24.358437,52.734375,59.188847,hann
17,18.450345,119,697.265625,31.011803,52.734375,59.188847,hann
17,18.450345,120,703.125000,27.443045,52.734375,59.188847,hann
17,18.450345,121,708.984375,7.172247,52.734375,59.188847,hann
17,18.450345,122,714.843750,11.536818,52.734375,59.188847,hann
17,18.450345,123,720.703125,10.375553,52.734375,59.188847,hann
17,18.450345,124,726.562500,18.377985,52.734375,59.188847,hann
17,18.450345,125,732.421875,22.833273,52.734375,59.188847,hann
17,18.450345,126,738.281250,23.072308,52.734375,59.188847,hann
17,18.450345,127,744.140625,11.806690,52.734375,59.188847,hann
17,18.450345,128,750.000000,18.090332,52.734375,59.188847,hann
17,18.450345,129,755.859375,22.224577,52.734375,59.188847,hann
17,18.450345,130,761.718750,26.831018,52.734375,59.188847,hann
17,18.450345,131,767.578125,27.541656,52.734375,59.188847,hann
17,18.450345,132,773.437500,27.313473,52.734375,59.188847,hann
17,18.450345,133,779.296875,27.093191,52.734375,59.188847,hann
17,18.450345,134,785.156250,26.869171,52.734375,59.188847,hann
17,18.450345,135,791.015625,22.540304,52.734375,59.188847,hann
17,18.450345,136,796.875000,16.962383,52.734375,59.188847,hann
17,18.450345,137,802.734375,13.925068,52.734375,59.188847,hann
17,18.450345,138,808.593750,27.024157,52.734375,59.188847,hann
17,18.450345,139,814.453125,28.561190,52.734375,59.188847,hann
17,18.450345,140,820.312500,27.756243,52.734375,59.188847,hann
17,18.450345,141,826.171875,25.678101,52.734375,59.188847,hann
17,18.450345,142,832.031250,23.313744,52.734375,59.188847,hann
17,18.450345,143,837.890625,21.634806,52.734375,59.188847,hann
17,18.450345,144,843.750000,29.401390,52.734375,59.188847,hann
17,18.450345,145,849.609375,31.694288,52.734375,59.188847,hann
17,18.450345,146,855.468750,25.906769,52.734375,59.188847,hann
17,18.450345,147,861.328125,23.594122,52.734375,59.188847,hann
17,18.450345,148,867.187500,24.423878,52.734375,59.188847,hann
17,18.450345,149,873.046875,25.256348,52.734375,59.188847,hann
17,18.450345,150,878.906250,25.161322,52.734375,59.188847,hann
17,18.450345,151,884.765625,23.734491,52.734375,59.188847,hann
17,18.450345,152,890.625000,18.290714,52.734375,59.188847,hann
17,18.450345,153,896.484375,19.742224,52.734375,59.188847,hann
17,18.450345,154,902.343750,23.598103,52.734375,59.188847,hann
17,18.450345,155,908.203125,25.522926,52.734375,59.188847,hann
17,18.450345,156,914.062500,27.640064,52.734375,59.188847,hann
17,18.450345,157,919.921875,28.832249,52.734375,59.188847,hann
17,18.450345,158,925.781250,27.518307,52.734375,59.188847,hann
17,18.450345,159,931.640625,23.635004,52.734375,59.188847,hann
17,18.450345,160,937.500000,18.097055,52.734375,59.188847,hann
17,18.450345,161,943.359375,22.740952,52.734375,59.188847,hann
17,18.450345,162,949.218750,29.277882,52.734375,59.188847,hann
17,18.450345,163,955.078125,24.376936,52.734375,59.188847,hann
17,18.450345,164,960.937500,27.492161,52.734375,59.188847,hann
17,18.450345,165,966.796875,23.563288,52.734375,59.188847,hann
17,18.450345,166,972.656250,10.370161,52.734375,59.188847,hann
17,18.450345,167,978.515625,28.745611,52.734375,59.188847,hann
17,18.450345,168,984.375000,33.838898,52.734375,59.188847,hann
17,18.450345,169,990.234375,32.223839,52.734375,59.188847,hann
17,18.450345,170,996.093750,28.350376,52.734375,59.188847,hann
17,18.450345,171,1001.953125,33.638939,52.734375,59.188847,hann
17,18.450345,172,1007.812500,30.652943,52.734375,59.188847,hann
17,18.450345,173,1013.671875,24.764040,52.734375,59.188847,hann
17,18.450345,174,1019.531250,14.870238,52.734375,59.188847,hann
17,18.450345,175,1025.390625,24.351809,52.734375,59.188847,hann
17,18.450345,176,1031.250000,25.536440,52.734375,59.188847,hann
17,18.450345,177,1037.109375,23.444101,52.734375,59.188847,hann
17,18.450345,178,1042.968750,24.612806,52.734375,59.188847,hann
17,18.450345,179,1048.828125,27.925255,52.734375,59.188847,hann
17,18.450345,180,1054.687500,22.391518,52.734375,59.188847,hann
17,18.450345,181,1060.546875,26.721468,52.734375,59.188847,hann
17,18.450345,182,1066.406250,21.022425,52.734375,59.188847,hann
17,18.450345,183,1072.265625,12.405226,52.734375,59.188847,hann
17,18.450345,184,1078.125000,25.043476,52.734375,59.188847,hann
17,18.450345,185,1083.984375,28.471249,52.734375,59.188847,hann
17,18.450345,186,1089.843750,26.768776,52.734375,59.188847,hann
17,18.450345,187,1095.703125,22.228281,52.734375,59.188847,hann
17,18.450345,188,1101.562500,19.256899,52.734375,59.188847,hann
17,18.450345,189,1107.421875,22.087769,52.734375,59.188847,hann
17,18.450345,190,1113.281250,21.706493,52.734375,59.188847,hann
17,18.450345,191,1119.140625,16.958376,52.734375,59.188847,hann
17,18.450345,192,1125.000000,15.860352,52.734375,59.188847,hann
17,18.450345,193,1130.859375,14.026577,52.734375,59.188847,hann
17,18.450345,194,1136.718750,8.888463,52.734375,59.188847,hann
17,18.450345,195,1142.578125,20.541838,52.734375,59.188847,hann
17,18.450345,196,1148.437500,26.264565,52.734375,59.188847,hann
17,18.450345,197,1154.296875,19.371998,52.734375,59.188847,hann
17,18.450345,198,1160.156250,9.162909,52.734375,59.188847,hann
17,18.450345,199,1166.015625,8.000790,52.734375,59.188847,hann
17,18.450345,200,1171.875000,6.934736,52.734375,59.188847,hann
17,18.450345,201,1177.734375,10.247584,52.734375,59.188847,hann
17,18.450345,202,1183.593750,8.680355,52.734375,59.188847,hann
17,18.450345,203,1189.453125,12.248616,52.734375,59.188847,hann
17,18.450345,204,1195.312500,19.072330,52.734375,59.188847,hann
17,18.450345,205,1201.171875,14.390099,52.734375,59.188847,hann
17,18.450345,206,1207.031250,13.317469,52.734375,59.188847,hann
17,18.450345,207,1212.890625,15.590872,52.734375,59.188847,hann
17,18.450345,208,1218.750000,15.794129,52.734375,59.188847,hann
17,18.450345,209,1224.609375,17.211308,52.734375,59.188847,hann
17,18.450345,210,1230.468750,17.984097,52.734375,59.188847,hann
17,18.450345,211,1236.328125,13.314391,52.734375,59.188847,hann
17,18.450345,212,1242.187500,15.380215,52.734375,59.188847,hann
17,18.450345,213,1248.046875,18.867134,52.734375,59.188847,hann
17,18.450345,214,1253.906250,7.884981,52.734375,59.188847,hann
17,18.450345,215,1259.765625,18.215282,52.734375,59.188847,hann
17,18.450345,216,1265.625000,19.519894,52.734375,59.188847,hann
17,18.450345,217,1271.484375,18.375645,52.734375,59.188847,hann
17,18.450345,218,1277.343750,16.868837,52.734375,59.188847,hann
17,18.450345,219,1283.203125,16.542179,52.734375,59.188847,hann
17,18.450345,220,1289.062500,14.754509,52.734375,59.188847,hann
17,18.450345,221,1294.921875,18.971703,52.734375,59.188847,hann
17,18.450345,222,1300.781250,21.098955,52.734375,59.188847,hann
17,18.450345,223,1306.640625,14.027918,52.734375,59.188847,hann
17,18.450345,224,1312.500000,10.961246,52.734375,59.188847,hann
17,18.450345,225,1318.359375,14.882875,52.734375,59.188847,hann
17,18.450345,226,1324.218750,16.761597,52.734375,59.188847,hann
17,18.450345,227,1330.078125,20.296741,52.734375,59.188847,hann
17,18.450345,228,1335.937500,20.917618,52.734375,59.188847,hann
17,18.450345,229,1341.796875,10.699186,52.734375,59.188847,hann
17,18.450345,230,1347.656250,22.587761,52.734375,59.188847,hann
17,18.450345,231,1353.515625,16.394823,52.734375,59.188847,hann
17,18.450345,232,1359.375000,16.564758,52.734375,59.188847,hann
17,18.450345,233,1365.234375,17.909096,52.734375,59.188847,hann
17,18.450345,234,1371.093750,17.909359,52.734375,59.188847,hann
17,18.450345,235,1376.953125,18.109133,52.734375,59.188847,hann
17,18.450345,236,1382.812500,17.009262,52.734375,59.188847,hann
17,18.450345,237,1388.671875,19.150446,52.734375,59.188847,hann
17,18.450345,238,1394.531250,25.841761,52.734375,59.188847,hann
17,18.450345,239,1400.390625,25.442379,52.734375,59.188847,hann
17,18.450345,240,1406.250000,12.611761,52.734375,59.188847,hann
17,18.450345,241,1412.109375,9.462660,52.734375,59.188847,hann
17,18.450345,242,1417.968750,11.490077,52.734375,59.188847,hann
17,18.450345,243,1423.828125,8.500573,52.734375,59.188847,hann
17,18.450345,244,1429.687500,10.484861,52.734375,59.188847,hann
17,18.450345,245,1435.546875,19.527626,52.734375,59.188847,hann
17,18.450345,246,1441.406250,27.040216,52.734375,59.188847,hann
17,18.450345,247,1447.265625,30.690310,52.734375,59.188847,hann
17,18.450345,248,1453.125000,26.977924,52.734375,59.188847,hann
17,18.450345,249,1458.984375,22.589115,52.734375,59.188847,hann
17,18.450345,250,1464.843750,21.495447,52.734375,59.188847,hann
17,18.450345,251,1470.703125,24.346874,52.734375,59.188847,hann
17,18.450345,252,1476.562500,26.190506,52.734375,59.188847,hann
17,18.450345,253,1482.421875,27.993301,52.734375,59.188847,hann
17,18.450345,254,1488.281250,22.200706,52.734375,59.188847,hann
17,18.450345,255,1494.140625,33.952976,52.734375,59.188847,hann
17,18.450345,256,1500.000000,35.770676,52.734375,59.188847,hann
17,18.450345,257,1505.859375,20.931959,52.734375,59.188847,hann
17,18.450345,258,1511.718750,22.804325,52.734375,59.188847,hann
17,18.450345,259,1517.578125,25.709835,52.734375,59.188847,hann
17,18.450345,260,1523.437500,28.156157,52.734375,59.188847,hann
17,18.450345,261,1529.296875,27.480867,52.734375,59.188847,hann
17,18.450345,262,1535.156250,22.635921,52.734375,59.188847,hann
17,18.450345,263,1541.015625,20.168295,52.734375,59.188847,hann
17,18.450345,264,1546.875000,26.077477,52.734375,59.188847,hann
17,18.450345,265,1552.734375,19.855915,52.734375,59.188847,hann
17,18.450345,266,1558.593750,20.071535,52.734375,59.188847,hann
17,18.450345,267,1564.453125,18.109283,52.734375,59.188847,hann
17,18.450345,268,1570.312500,18.260321,52.734375,59.188847,hann
17,18.450345,269,1576.171875,18.644169,52.734375,59.188847,hann
17,18.450345,270,1582.031250,17.254845,52.734375,59.188847,hann
17,18.450345,271,1587.890625,15.712518,52.734375,59.188847,hann
17,18.450345,272,1593.750000,19.214581,52.734375,59.188847,hann
17,18.450345,273,1599.609375,19.547562,52.734375,59.188847,hann
17,18.450345,274,1605.468750,-0.781923,52.734375,59.188847,hann
17,18.450345,275,1611.328125,13.713892,52.734375,59.188847,hann
17,18.450345,276,1617.187500,17.711460,52.734375,59.188847,hann
17,18.450345,277,1623.046875,16.089031,52.734375,59.188847,hann
17,18.450345,278,1628.906250,15.026314,52.734375,59.188847,hann
17,18.450345,279,1634.765625,14.860373,52.734375,59.188847,hann
17,18.450345,280,1640.625000,17.330233,52.734375,59.188847,hann
17,18.450345,281,1646.484375,18.055168,52.734375,59.188847,hann
17,18.450345,282,1652.343750,19.323118,52.734375,59.188847,hann
17,18.450345,283,1658.203125,20.264700,52.734375,59.188847,hann
17,18.450345,284,1664.062500,15.503401,52.734375,59.188847,hann
17,18.450345,285,1669.921875,3.396032,52.734375,59.188847,hann
17,18.450345,286,1675.781250,2.766420,52.734375,59.188847,hann
17,18.450345,287,1681.640625,10.590400,52.734375,59.188847,hann
17,18.450345,288,1687.500000,11.601826,52.734375,59.188847,hann
17,18.450345,289,1693.359375,13.426175,52.734375,59.188847,hann
17,18.450345,290,1699.218750,15.823372,52.734375,59.188847,hann
17,18.450345,291,1705.078125,4.234842,52.734375,59.188847,hann
17,18.450345,292,1710.937500,8.381085,52.734375,59.188847,hann
17,18.450345,293,1716.796875,5.760470,52.734375,59.188847,hann
17,18.450345,294,1722.656250,11.393418,52.734375,59.188847,hann
17,18.450345,295,1728.515625,13.900692,52.734375,59.188847,hann
17,18.450345,296,1734.375000,13.041047,52.734375,59.188847,hann
17,18.450345,297,1740.234375,14.219683,52.734375,59.188847,hann
17,18.450345,298,1746.093750,16.118210,52.734375,59.188847,hann
17,18.450345,299,1751.953125,10.932136,52.734375,59.188847,hann
17,18.450345,300,1757.812500,11.978750,52.734375,59.188847,hann
17,18.450345,301,1763.671875,13.981844,52.734375,59.188847,hann
17,18.450345,302,1769.531250,9.252857,52.734375,59.188847,hann
17,18.450345,303,1775.390625,-5.148239,52.734375,59.188847,hann
17,18.450345,304,1781.250000,7.847369,52.734375,59.188847,hann
17,18.450345,305,1787.109375,13.561972,52.734375,59.188847,hann
17,18.450345,306,1792.968750,14.495981,52.734375,59.188847,hann
17,18.450345,307,1798.828125,13.495378,52.734375,59.188847,hann
17,18.450345,308,1804.687500,6.786618,52.734375,59.188847,hann
17,18.450345,309,1810.546875,9.173668,52.734375,59.188847,hann
17,18.450345,310,1816.406250,13.480072,52.734375,59.188847,hann
17,18.450345,311,1822.265625,11.030916,52.734375,59.188847,hann
17,18.450345,312,1828.125000,5.345804,52.734375,59.188847,hann
17,18.450345,313,1833.984375,2.648729,52.734375,59.188847,hann
17,18.450345,314,1839.843750,10.530342,52.734375,59.188847,hann
17,18.450345,315,1845.703125,19.010437,52.734375,59.188847,hann
17,18.450345,316,1851.562500,14.816446,52.734375,59.188847,hann
17,18.450345,317,1857.421875,5.428355,52.734375,59.188847,hann
17,18.450345,318,1863.281250,11.824731,52.734375,59.188847,hann
17,18.450345,319,1869.140625,12.444158,52.734375,59.188847,hann
17,18.450345,320,1875.000000,7.998755,52.734375,59.188847,hann
17,18.450345,321,1880.859375,8.091334,52.734375,59.188847,hann
17,18.450345,322,1886.718750,14.574249,52.734375,59.188847,hann
17,18.450345,323,1892.578125,14.037042,52.734375,59.188847,hann
17,18.450345,324,1898.437500,9.147917,52.734375,59.188847,hann
17,18.450345,325,1904.296875,7.299359,52.734375,59.188847,hann
17,18.450345,326,1910.156250,8.593947,52.734375,59.188847,hann
17,18.450345,327,1916.015625,10.926287,52.734375,59.188847,hann
17,18.450345,328,1921.875000,10.198261,52.734375,59.188847,hann
17,18.450345,329,1927.734375,12.534442,52.734375,59.188847,hann
17,18.450345,330,1933.593750,13.888545,52.734375,59.188847,hann
17,18.450345,331,1939.453125,11.836782,52.734375,59.188847,hann
17,18.450345,332,1945.312500,3.526857,52.734375,59.188847,hann
17,18.450345,333,1951.171875,9.841958,52.734375,59.188847,hann
17,18.450345,334,1957.031250,12.786781,52.734375,59.188847,hann
17,18.450345,335,1962.890625,15.464763,52.734375,59.188847,hann
17,18.450345,336,1968.750000,19.177864,52.734375,59.188847,hann
17,18.450345,337,1974.609375,20.504740,52.734375,59.188847,hann
17,18.450345,338,1980.468750,20.622824,52.734375,59.188847,hann
17,18.450345,339,1986.328125,20.664673,52.734375,59.188847,hann
17,18.450345,340,1992.187500,19.461994,52.734375,59.188847,hann
17,18.450345,341,1998.046875,17.078220,52.734375,59.188847,hann
17,18.450345,342,2003.906250,10.096403,52.734375,59.188847,hann
17,18.450345,343,2009.765625,15.327974,52.734375,59.188847,hann
17,18.450345,344,2015.625000,14.677975,52.734375,59.188847,hann
17,18.450345,345,2021.484375,9.609365,52.734375,59.188847,hann
17,18.450345,346,2027.343750,8.315128,52.734375,59.188847,hann
17,18.450345,347,2033.203125,15.296394,52.734375,59.188847,hann
17,18.450345,348,2039.062500,16.590183,52.734375,59.188847,hann
17,18.450345,349,2044.921875,9.782146,52.734375,59.188847,hann
17,18.450345,350,2050.781250,-0.198506,52.734375,59.188847,hann
17,18.450345,351,2056.640625,3.463533,52.734375,59.188847,hann
17,18.450345,352,2062.500000,12.270636,52.734375,59.188847,hann
17,18.450345,353,2068.359375,13.362196,52.734375,59.188847,hann
17,18.450345,354,2074.218750,16.211599,52.734375,59.188847,hann
17,18.450345,355,2080.078125,17.250679,52.734375,59.188847,hann
17,18.450345,356,2085.937500,15.339708,52.734375,59.188847,hann
17,18.450345,357,2091.796875,12.175244,52.734375,59.188847,hann
17,18.450345,358,2097.656250,15.139600,52.734375,59.188847,hann
17,18.450345,359,2103.515625,12.242922,52.734375,59.188847,hann
17,18.450345,360,2109.375000,3.615894,52.734375,59.188847,hann
17,18.450345,361,2115.234375,6.123334,52.734375,59.188847,hann
17,18.450345,362,2121.093750,8.389370,52.734375,59.188847,hann
17,18.450345,363,2126.953125,9.357334,52.734375,59.188847,hann
17,18.450345,364,2132.812500,2.945969,52.734375,59.188847,hann
17,18.450345,365,2138.671875,-0.551422,52.734375,59.188847,hann
17,18.450345,366,2144.531250,8.894329,52.734375,59.188847,hann
17,18.450345,367,2150.390625,9.415047,52.734375,59.188847,hann
17,18.450345,368,2156.250000,12.279531,52.734375,59.188847,hann
17,18.450345,369,2162.109375,11.318580,52.734375,59.188847,hann
17,18.450345,370,2167.968750,6.670091,52.734375,59.188847,hann
17,18.450345,371,2173.828125,-0.900284,52.734375,59.188847,hann
17,18.450345,372,2179.687500,6.787660,52.734375,59.188847,hann
17,18.450345,373,2185.546875,8.253273,52.734375,59.188847,hann
17,18.450345,374,2191.406250,9.431423,52.734375,59.188847,hann
17,18.450345,375,2197.265625,9.876526,52.734375,59.188847,hann
17,18.450345,376,2203.125000,-7.008398,52.734375,59.188847,hann
17,18.450345,377,2208.984375,3.219464,52.734375,59.188847,hann
17,18.450345,378,2214.843750,9.268290,52.734375,59.188847,hann
17,18.450345,379,2220.703125,8.490925,52.734375,59.188847,hann
17,18.450345,380,2226.562500,8.397206,52.734375,59.188847,hann
17,18.450345,381,2232.421875,-15.471129,52.734375,59.188847,hann
17,18.450345,382,2238.281250,-0.839578,52.734375,59.188847,hann
17,18.450345,383,2244.140625,14.864074,52.734375,59.188847,hann
17,18.450345,384,2250.000000,15.383558,52.734375,59.188847,hann
17,18.450345,385,2255.859375,11.261092,52.734375,59.188847,hann
17,18.450345,386,2261.718750,13.511578,52.734375,59.188847,hann
17,18.450345,387,2267.578125,13.446024,52.734375,59.188847,hann
17,18.450345,388,2273.437500,11.466031,52.734375,59.188847,hann
17,18.450345,389,2279.296875,9.176434,52.734375,59.188847,hann
17,18.450345,390,2285.156250,5.235622,52.734375,59.188847,hann
17,18.450345,391,2291.015625,-1.634845,52.734375,59.188847,hann
17,18.450345,392,2296.875000,5.888585,52.734375,59.188847,hann
17,18.450345,393,2302.734375,7.152710,52.734375,59.188847,hann
17,18.450345,394,2308.593750,4.990261,52.734375,59.188847,hann
17,18.450345,395,2314.453125,1.121433,52.734375,59.188847,hann
17,18.450345,396,2320.312500,-9.420413,52.734375,59.188847,hann
17,18.450345,397,2326.171875,2.119392,52.734375,59.188847,hann
17,18.450345,398,2332.031250,7.885547,52.734375,59.188847,hann
17,18.450345,399,2337.890625,7.087038,52.734375,59.188847,hann
17,18.450345,400,2343.750000,11.365164,52.734375,59.188847,hann
17,18.450345,401,2349.609375,8.545731,52.734375,59.188847,hann
17,18.450345,402,2355.468750,6.552641,52.734375,59.188847,hann
17,18.450345,403,2361.328125,8.370275,52.734375,59.188847,hann
17,18.450345,404,2367.187500,10.281557,52.734375,59.188847,hann
17,18.450345,405,2373.046875,9.290822,52.734375,59.188847,hann
17,18.450345,406,2378.906250,9.374611,52.734375,59.188847,hann
17,18.450345,407,2384.765625,11.125731,52.734375,59.188847,hann
17,18.450345,408,2390.625000,10.901179,52.734375,59.188847,hann
17,18.450345,409,2396.484375,13.233196,52.734375,59.188847,hann
17,18.450345,410,2402.343750,4.655171,52.734375,59.188847,hann
17,18.450345,411,2408.203125,12.345647,52.734375,59.188847,hann
17,18.450345,412,2414.062500,18.514688,52.734375,59.188847,hann
17,18.450345,413,2419.921875,20.011959,52.734375,59.188847,hann
17,18.450345,414,2425.781250,18.794516,52.734375,59.188847,hann
17,18.450345,415,2431.640625,14.529675,52.734375,59.188847,hann
17,18.450345,416,2437.500000,15.595974,52.734375,59.188847,hann
17,18.450345,417,2443.359375,18.289083,52.734375,59.188847,hann
17,18.450345,418,2449.218750,14.023420,52.734375,59.188847,hann
17,18.450345,419,2455.078125,4.092741,52.734375,59.188847,hann
17,18.450345,420,2460.937500,6.435455,52.734375,59.188847,hann
17,18.450345,421,2466.796875,15.563554,52.734375,59.188847,hann
17,18.450345,422,2472.656250,14.665125,52.734375,59.188847,hann
17,18.450345,423,2478.515625,7.596228,52.734375,59.188847,hann
17,18.450345,424,2484.375000,19.673155,52.734375,59.188847,hann
17,18.450345,425,2490.234375,21.748592,52.734375,59.188847,hann
17,18.450345,426,2496.093750,17.662251,52.734375,59.188847,hann
17,18.450345,427,2501.953125,15.927616,52.734375,59.188847,hann
17,18.450345,428,2507.812500,20.666637,52.734375,59.188847,hann
17,18.450345,429,2513.671875,16.733555,52.734375,59.188847,hann
17,18.450345,430,2519.531250,3.315245,52.734375,59.188847,hann
17,18.450345,431,2525.390625,15.609440,52.734375,59.188847,hann
17,18.450345,432,2531.250000,12.572466,52.734375,59.188847,hann
17,18.450345,433,2537.109375,7.099324,52.734375,59.188847,hann
17,18.450345,434,2542.968750,8.344937,52.734375,59.188847,hann
17,18.450345,435,2548.828125,13.222394,52.734375,59.188847,hann
17,18.450345,436,2554.687500,12.425128,52.734375,59.188847,hann
17,18.450345,437,2560.546875,8.929579,52.734375,59.188847,hann
17,18.450345,438,2566.406250,6.532093,52.734375,59.188847,hann
17,18.450345,439,2572.265625,13.667358,52.734375,59.188847,hann
17,18.450345,440,2578.125000,18.113060,52.734375,59.188847,hann
17,18.450345,441,2583.984375,18.918379,52.734375,59.188847,hann
17,18.450345,442,2589.843750,15.412153,52.734375,59.188847,hann
17,18.450345,443,2595.703125,10.007028,52.734375,59.188847,hann
17,18.450345,444,2601.562500,13.016407,52.734375,59.188847,hann
17,18.450345,445,2607.421875,10.623316,52.734375,59.188847,hann
17,18.450345,446,2613.281250,12.156945,52.734375,59.188847,hann
17,18.450345,447,2619.140625,12.820032,52.734375,59.188847,hann
17,18.450345,448,2625.000000,10.677492,52.734375,59.188847,hann
17,18.450345,449,2630.859375,9.817411,52.734375,59.188847,hann
17,18.450345,450,2636.718750,9.548607,52.734375,59.188847,hann
17,18.450345,451,2642.578125,9.913189,52.734375,59.188847,hann
17,18.450345,452,2648.437500,-0.160901,52.734375,59.188847,hann
17,18.450345,453,2654.296875,10.732063,52.734375,59.188847,hann
17,18.450345,454,2660.156250,9.838399,52.734375,59.188847,hann
17,18.450345,455,2666.015625,7.611832,52.734375,59.188847,hann
17,18.450345,456,2671.875000,7.405984,52.734375,59.188847,hann
17,18.450345,457,2677.734375,9.532279,52.734375,59.188847,hann
17,18.450345,458,2683.593750,8.682923,52.734375,59.188847,hann
17,18.450345,459,2689.453125,4.097419,52.734375,59.188847,hann
17,18.450345,460,2695.312500,5.565789,52.734375,59.188847,hann
17,18.450345,461,2701.171875,6.518563,52.734375,59.188847,hann
17,18.450345,462,2707.031250,-2.362062,52.734375,59.188847,hann
17,18.450345,463,2712.890625,8.935619,52.734375,59.188847,hann
17,18.450345,464,2718.750000,8.579391,52.734375,59.188847,hann
17,18.450345,465,2724.609375,6.389028,52.734375,59.188847,hann
17,18.450345,466,2730.468750,2.932395,52.734375,59.188847,hann
17,18.450345,467,2736.328125,7.092384,52.734375,59.188847,hann
17,18.450345,468,2742.187500,13.072661,52.734375,59.188847,hann
17,18.450345,469,2748.046875,8.669747,52.734375,59.188847,hann
17,18.450345,470,2753.906250,4.522933,52.734375,59.188847,hann
17,18.450345,471,2759.765625,-8.193146,52.734375,59.188847,hann
17,18.450345,472,2765.625000,4.666590,52.734375,59.188847,hann
17,18.450345,473,2771.484375,11.602341,52.734375,59.188847,hann
17,18.450345,474,2777.343750,13.816088,52.734375,59.188847,hann
17,18.450345,475,2783.203125,8.855328,52.734375,59.188847,hann
17,18.450345,476,2789.062500,12.828882,52.734375,59.188847,hann
17,18.450345,477,2794.921875,11.858879,52.734375,59.188847,hann
17,18.450345,478,2800.781250,7.063904,52.734375,59.188847,hann
17,18.450345,479,2806.640625,-1.379949,52.734375,59.188847,hann
17,18.450345,480,2812.500000,7.721205,52.734375,59.188847,hann
17,18.450345,481,2818.359375,7.207771,52.734375,59.188847,hann
17,18.450345,482,2824.218750,3.048961,52.734375,59.188847,hann
17,18.450345,483,2830.078125,10.359661,52.734375,59.188847,hann
17,18.450345,484,2835.937500,12.528416,52.734375,59.188847,hann
17,18.450345,485,2841.796875,14.386942,52.734375,59.188847,hann
17,18.450345,486,2847.656250,14.050435,52.734375,59.188847,hann
17,18.450345,487,2853.515625,-6.090773,52.734375,59.188847,hann
17,18.450345,488,2859.375000,-4.531373,52.734375,59.188847,hann
17,18.450345,489,2865.234375,-0.820061,52.734375,59.188847,hann
17,18.450345,490,2871.093750,8.069405,52.734375,59.188847,hann
17,18.450345,491,2876.953125,9.789997,52.734375,59.188847,hann
17,18.450345,492,2882.812500,6.512954,52.734375,59.188847,hann
17,18.450345,493,2888.671875,-4.850846,52.734375,59.188847,hann
17,18.450345,494,2894.531250,6.591572,52.734375,59.188847,hann
17,18.450345,495,2900.390625,6.125348,52.734375,59.188847,hann
17,18.450345,496,2906.250000,0.683378,52.734375,59.188847,hann
17,18.450345,497,2912.109375,-5.738851,52.734375,59.188847,hann
17,18.450345,498,2917.968750,-4.243732,52.734375,59.188847,hann
17,18.450345,499,2923.828125,11.972549,52.734375,59.188847,hann
17,18.450345,500,2929.687500,14.782332,52.734375,59.188847,hann
17,18.450345,501,2935.546875,10.506882,52.734375,59.188847,hann
17,18.450345,502,2941.406250,6.739758,52.734375,59.188847,hann
17,18.450345,503,2947.265625,5.815976,52.734375,59.188847,hann
17,18.450345,504,2953.125000,15.191741,52.734375,59.188847,hann
17,18.450345,505,2958.984375,10.874768,52.734375,59.188847,hann
17,18.450345,506,2964.843750,0.213936,52.734375,59.188847,hann
17,18.450345,507,2970.703125,9.457856,52.734375,59.188847,hann
17,18.450345,508,2976.562500,2.152957,52.734375,59.188847,hann
17,18.450345,509,2982.421875,5.547717,52.734375,59.188847,hann
17,18.450345,510,2988.281250,6.642745,52.734375,59.188847,hann
17,18.450345,511,2994.140625,10.050192,52.734375,59.188847,hann
18,19.472707,0,0.000000,26.301043,52.734375,58.494148,hann
18,19.472707,1,5.859375,24.924925,52.734375,58.494148,hann
18,19.472707,2,11.718750,17.587749,52.734375,58.494148,hann
18,19.472707,3,17.578125,8.653832,52.734375,58.494148,hann
18,19.472707,4,23.437500,15.544136,52.734375,58.494148,hann
18,19.472707,5,29.296875,13.657835,52.734375,58.494148,hann
18,19.472707,6,35.156250,26.354048,52.734375,58.494148,hann
18,19.472707,7,41.015625,44.130955,52.734375,58.494148,hann
18,19.472707,8,46.875000,58.355679,52.734375,58.494148,hann
18,19.472707,9,52.734375,58.494148,52.734375,58.494148,hann
18,19.472707,10,58.593750,44.833176,52.734375,58.494148,hann
18,19.472707,11,64.453125,26.925026,52.734375,58.494148,hann
18,19.472707,12,70.312500,18.262384,52.734375,58.494148,hann
18,19.472707,13,76.171875,10.575157,52.734375,58.494148,hann
18,19.472707,14,82.031250,9.452421,52.734375,58.494148,hann
18,19.472707,15,87.890625,9.925948,52.734375,58.494148,hann
18,19.472707,16,93.750000,45.546230,52.734375,58.494148,hann
18,19.472707,17,99.609375,51.781326,52.734375,58.494148,hann
18,19.472707,18,105.468750,46.114788,52.734375,58.494148,hann
18,19.472707,19,111.328125,9.362799,52.734375,58.494148,hann
18,19.472707,20,117.187500,12.187176,52.734375,58.494148,hann
18,19.472707,21,123.046875,7.871525,52.734375,58.494148,hann
18,19.472707,22,128.906250,6.777853,52.734375,58.494148,hann
18,19.472707,23,134.765625,11.333122,52.734375,58.494148,hann
18,19.472707,24,140.625000,31.267685,52.734375,58.494148,hann
18,19.472707,25,146.484375,45.166050,52.734375,58.494148,hann
18,19.472707,26,152.343750,45.441254,52.734375,58.494148,hann
18,19.472707,27,158.203125,32.052650,52.734375,58.494148,hann
18,19.472707,28,164.062500,15.215274,52.734375,58.494148,hann
18,19.472707,29,169.921875,7.882579,52.734375,58.494148,hann
18,19.472707,30,175.781250,8.090720,52.734375,58.494148,hann
18,19.472707,31,181.640625,5.952644,52.734375,58.494148,hann
18,19.472707,32,187.500000,-3.539038,52.734375,58.494148,hann
18,19.472707,33,193.359375,38.051357,52.734375,58.494148,hann
18,19.472707,34,199.218750,44.406322,52.734375,58.494148,hann
18,19.472707,35,205.078125,38.930935,52.734375,58.494148,hann
18,19.472707,36,210.937500,3.195271,52.734375,58.494148,hann
18,19.472707,37,216.796875,12.027026,52.734375,58.494148,hann
18,19.472707,38,222.656250,3.478527,52.734375,58.494148,hann
18,19.472707,39,228.515625,4.359470,52.734375,58.494148,hann
18,19.472707,40,234.375000,7.059988,52.734375,58.494148,hann
18,19.472707,41,240.234375,25.970161,52.734375,58.494148,hann
18,19.472707,42,246.093750,40.070534,52.734375,58.494148,hann
18,19.472707,43,251.953125,40.428596,52.734375,58.494148,hann
18,19.472707,44,257.812500,27.007454,52.734375,58.494148,hann
18,19.472707,45,263.671875,12.201740,52.734375,58.494148,hann
18,19.472707,46,269.531250,11.926413,52.734375,58.494148,hann
18,19.472707,47,275.390625,7.985147,52.734375,58.494148,hann
18,19.472707,48,281.250000,5.995173,52.734375,58.494148,hann
18,19.472707,49,287.109375,10.566916,52.734375,58.494148,hann
18,19.472707,50,292.968750,13.903680,52.734375,58.494148,hann
18,19.472707,51,298.828125,23.084778,52.734375,58.494148,hann
18,19.472707,52,304.687500,20.340797,52.734375,58.494148,hann
18,19.472707,53,310.546875,5.781156,52.734375,58.494148,hann
18,19.472707,54,316.406250,9.452135,52.734375,58.494148,hann
18,19.472707,55,322.265625,4.517174,52.734375,58.494148,hann
18,19.472707,56,328.125000,5.805897,52.734375,58.494148,hann
18,19.472707,57,333.984375,2.246719,52.734375,58.494148,hann
18,19.472707,58,339.843750,23.883724,52.734375,58.494148,hann
18,19.472707,59,345.703125,37.618267,52.734375,58.494148,hann
18,19.472707,60,351.562500,38.067917,52.734375,58.494148,hann
18,19.472707,61,357.421875,25.936298,52.734375,58.494148,hann
18,19.472707,62,363.281250,7.174428,52.734375,58.494148,hann
18,19.472707,63,369.140625,6.156734,52.734375,58.494148,hann
18,19.472707,64,375.000000,11.656246,52.734375,58.494148,hann
18,19.472707,65,380.859375,12.721549,52.734375,58.494148,hann
18,19.472707,66,386.718750,9.762994,52.734375,58.494148,hann
18,19.472707,67,392.578125,28.184816,52.734375,58.494148,hann
18,19.472707,68,398.437500,34.248497,52.734375,58.494148,hann
18,19.472707,69,404.296875,28.856562,52.734375,58.494148,hann
18,19.472707,70,410.156250,12.600528,52.734375,58.494148,hann
18,19.472707,71,416.015625,8.073358,52.734375,58.494148,hann
18,19.472707,72,421.875000,11.797211,52.734375,58.494148,hann
18,19.472707,73,427.734375,13.074622,52.734375,58.494148,hann
18,19.472707,74,433.593750,16.487732,52.734375,58.494148,hann
18,19.472707,75,439.453125,18.523838,52.734375,58.494148,hann
18,19.472707,76,445.312500,31.825848,52.734375,58.494148,hann
18,19.472707,77,451.171875,34.218433,52.734375,58.494148,hann
18,19.472707,78,457.031250,26.908073,52.734375,58.494148,hann
18,19.472707,79,462.890625,17.417923,52.734375,58.494148,hann
18,19.472707,80,468.750000,16.301405,52.734375,58.494148,hann
18,19.472707,81,474.609375,13.879880,52.734375,58.494148,hann
18,19.472707,82,480.468750,20.986729,52.734375,58.494148,hann
18,19.472707,83,486.328125,4.671105,52.734375,58.494148,hann
18,19.472707,84,492.187500,22.707022,52.734375,58.494148,hann
18,19.472707,85,498.046875,23.981651,52.734375,58.494148,hann
18,19.472707,86,503.906250,31.057261,52.734375,58.494148,hann
18,19.472707,87,509.765625,22.419016,52.734375,58.494148,hann
18,19.472707,88,515.625000,19.216629,52.734375,58.494148,hann
18,19.472707,89,521.484375,16.573788,52.734375,58.494148,hann
18,19.472707,90,527.343750,16.802986,52.734375,58.494148,hann
18,19.472707,91,533.203125,14.480972,52.734375,58.494148,hann
18,19.472707,92,539.062500,10.770927,52.734375,58.494148,hann
18,19.472707,93,544.921875,25.618366,52.734375,58.494148,hann
18,19.472707,94,550.781250,22.157990,52.734375,58.494148,hann
18,19.472707,95,556.640625,23.242489,52.734375,58.494148,hann
18,19.472707,96,562.500000,18.569233,52.734375,58.494148,hann
18,19.472707,97,568.359375,-0.233044,52.734375,58.494148,hann
18,19.472707,98,574.218750,13.284813,52.734375,58.494148,hann
18,19.472707,99,580.078125,8.990566,52.734375,58.494148,hann
18,19.472707,100,585.937500,12.411894,52.734375,58.494148,hann
18,19.472707,101,591.796875,22.023941,52.734375,58.494148,hann
18,19.472707,102,597.656250,31.131136,52.734375,58.494148,hann
18,19.472707,103,603.515625,25.656834,52.734375,58.494148,hann
18,19.472707,104,609.375000,14.976540,52.734375,58.494148,hann
18,19.472707,105,615.234375,10.121535,52.734375,58.494148,hann
18,19.472707,106,621.093750,16.649897,52.734375,58.494148,hann
18,19.472707,107,626.953125,4.763618,52.734375,58.494148,hann
18,19.472707,108,632.812500,4.573927,52.734375,58.494148,hann
18,19.472707,109,638.671875,16.170795,52.734375,58.494148,hann
18,19.472707,110,644.531250,31.911659,52.734375,58.494148,hann
18,19.472707,111,650.390625,34.159382,52.734375,58.494148,hann
18,19.472707,112,656.250000,23.318573,52.734375,58.494148,hann
18,19.472707,113,662.109375,13.977946,52.734375,58.494148,hann
18,19.472707,114,667.968750,18.363804,52.734375,58.494148,hann
18,19.472707,115,673.828125,18.802572,52.734375,58.494148,hann
18,19.472707,116,679.687500,4.598631,52.734375,58.494148,hann
18,19.472707,117,685.546875,5.236574,52.734375,58.494148,hann
18,19.472707,118,691.406250,23.801672,52.734375,58.494148,hann
18,19.472707,119,697.265625,30.044205,52.734375,58.494148,hann
18,19.472707,120,703.125000,25.338697,52.734375,58.494148,hann
18,19.472707,121,708.984375,0.250941,52.734375,58.494148,hann
18,19.472707,122,714.843750,5.202723,52.734375,58.494148,hann
18,19.472707,123,720.703125,6.304509,52.734375,58.494148,hann
18,19.472707,124,726.562500,0.934882,52.734375,58.494148,hann
18,19.472707,125,732.421875,-14.567346,52.734375,58.494148,hann
18,19.472707,126,738.281250,10.881510,52.734375,58.494148,hann
18,19.472707,127,744.140625,26.615669,52.734375,58.494148,hann
18,19.472707,128,750.000000,27.700592,52.734375,58.494148,hann
18,19.472707,129,755.859375,14.513752,52.734375,58.494148,hann
18,19.472707,130,761.718750,13.096941,52.734375,58.494148,hann
18,19.472707,131,767.578125,2.953958,52.734375,58.494148,hann
18,19.472707,132,773.437500,7.010329,52.734375,58.494148,hann
18,19.472707,133,779.296875,-1.450710,52.734375,58.494148,hann
18,19.472707,134,785.156250,5.491266,52.734375,58.494148,hann
18,19.472707,135,791.015625,21.606047,52.734375,58.494148,hann
18,19.472707,136,796.875000,28.619490,52.734375,58.494148,hann
18,19.472707,137,802.734375,24.049915,52.734375,58.494148,hann
18,19.472707,138,808.593750,6.636713,52.734375,58.494148,hann
18,19.472707,139,814.453125,11.086663,52.734375,58.494148,hann
18,19.472707,140,820.312500,7.823014,52.734375,58.494148,hann
18,19.472707,141,826.171875,2.048458,52.734375,58.494148,hann
18,19.472707,142,832.031250,-1.120326,52.734375,58.494148,hann
18,19.472707,143,837.890625,11.883892,52.734375,58.494148,hann
18,19.472707,144,843.750000,27.578125,52.734375,58.494148,hann
18,19.472707,145,849.609375,29.487289,52.734375,58.494148,hann
18,19.472707,146,855.468750,19.398714,52.734375,58.494148,hann
18,19.472707,147,861.328125,0.151883,52.734375,58.494148,hann
18,19.472707,148,867.187500,-0.717266,52.734375,58.494148,hann
18,19.472707,149,873.046875,10.332020,52.734375,58.494148,hann
18,19.472707,150,878.906250,11.066196,52.734375,58.494148,hann
18,19.472707,151,884.765625,9.486053,52.734375,58.494148,hann
18,19.472707,152,890.625000,17.502384,52.734375,58.494148,hann
18,19.472707,153,896.484375,27.524435,52.734375,58.494148,hann
18,19.472707,154,902.343750,24.016396,52.734375,58.494148,hann
18,19.472707,155,908.203125,-1.324164,52.734375,58.494148,hann
18,19.472707,156,914.062500,2.267540,52.734375,58.494148,hann
18,19.472707,157,919.921875,-2.645184,52.734375,58.494148,hann
18,19.472707,158,925.781250,2.828556,52.734375,58.494148,hann
18,19.472707,159,931.640625,7.509830,52.734375,58.494148,hann
18,19.472707,160,937.500000,13.409277,52.734375,58.494148,hann
18,19.472707,161,943.359375,25.369305,52.734375,58.494148,hann
18,19.472707,162,949.218750,27.647877,52.734375,58.494148,hann
18,19.472707,163,955.078125,15.125690,52.734375,58.494148,hann
18,19.472707,164,960.937500,6.582671,52.734375,58.494148,hann
18,19.472707,165,966.796875,7.767310,52.734375,58.494148,hann
18,19.472707,166,972.656250,2.346150,52.734375,58.494148,hann
18,19.472707,167,978.515625,5.238324,52.734375,58.494148,hann
18,19.472707,168,984.375000,0.854196,52.734375,58.494148,hann
18,19.472707,169,990.234375,9.136197,52.734375,58.494148,hann
18,19.472707,170,996.093750,17.693111,52.734375,58.494148,hann
18,19.472707,171,1001.953125,8.322571,52.734375,58.494148,hann
18,19.472707,172,1007.812500,10.930482,52.734375,58.494148,hann
18,19.472707,173,1013.671875,6.079709,52.734375,58.494148,hann
18,19.472707,174,1019.531250,3.782973,52.734375,58.494148,hann
18,19.472707,175,1025.390625,4.309174,52.734375,58.494148,hann
18,19.472707,176,1031.250000,6.107519,52.734375,58.494148,hann
18,19.472707,177,1037.109375,10.625496,52.734375,58.494148,hann
18,19.472707,178,1042.968750,22.496756,52.734375,58.494148,hann
18,19.472707,179,1048.828125,20.730856,52.734375,58.494148,hann
18,19.472707,180,1054.687500,4.036354,52.734375,58.494148,hann
18,19.472707,181,1060.546875,14.354946,52.734375,58.494148,hann
18,19.472707,182,1066.406250,13.152877,52.734375,58.494148,hann
18,19.472707,183,1072.265625,10.674630,52.734375,58.494148,hann
18,19.472707,184,1078.125000,9.368936,52.734375,58.494148,hann
18,19.472707,185,1083.984375,9.247387,52.734375,58.494148,hann
18,19.472707,186,1089.843750,12.272013,52.734375,58.494148,hann
18,19.472707,187,1095.703125,14.183904,52.734375,58.494148,hann
18,19.472707,188,1101.562500,5.694700,52.734375,58.494148,hann
18,19.472707,189,1107.421875,2.905303,52.734375,58.494148,hann
18,19.472707,190,1113.281250,1.885927,52.734375,58.494148,hann
18,19.472707,191,1119.140625,3.435807,52.734375,58.494148,hann
18,19.472707,192,1125.000000,3.571347,52.734375,58.494148,hann
18,19.472707,193,1130.859375,5.487017,52.734375,58.494148,hann
18,19.472707,194,1136.718750,11.930845,52.734375,58.494148,hann
18,19.472707,195,1142.578125,19.519672,52.734375,58.494148,hann
18,19.472707,196,1148.437500,20.094004,52.734375,58.494148,hann
18,19.472707,197,1154.296875,13.750937,52.734375,58.494148,hann
18,19.472707,198,1160.156250,11.623401,52.734375,58.494148,hann
18,19.472707,199,1166.015625,10.883341,52.734375,58.494148,hann
18,19.472707,200,1171.875000,6.759224,52.734375,58.494148,hann
18,19.472707,201,1177.734375,-0.587346,52.734375,58.494148,hann
18,19.472707,202,1183.593750,6.785888,52.734375,58.494148,hann
18,19.472707,203,1189.453125,14.325321,52.734375,58.494148,hann
18,19.472707,204,1195.312500,18.202774,52.734375,58.494148,hann
18,19.472707,205,1201.171875,14.488507,52.734375,58.494148,hann
18,19.472707,206,1207.031250,3.413058,52.734375,58.494148,hann
18,19.472707,207,1212.890625,3.815334,52.734375,58.494148,hann
18,19.472707,208,1218.750000,8.621099,52.734375,58.494148,hann
18,19.472707,209,1224.609375,10.224137,52.734375,58.494148,hann
18,19.472707,210,1230.468750,6.342148,52.734375,58.494148,hann
18,19.472707,211,1236.328125,-2.513488,52.734375,58.494148,hann
18,19.472707,212,1242.187500,15.997635,52.734375,58.494148,hann
18,19.472707,213,1248.046875,16.012392,52.734375,58.494148,hann
18,19.472707,214,1253.906250,8.428677,52.734375,58.494148,hann
18,19.472707,215,1259.765625,5.938259,52.734375,58.494148,hann
18,19.472707,216,1265.625000,8.093663,52.734375,58.494148,hann
18,19.472707,217,1271.484375,5.077989,52.734375,58.494148,hann
18,19.472707,218,1277.343750,-3.687471,52.734375,58.494148,hann
18,19.472707,219,1283.203125,1.135074,52.734375,58.494148,hann
18,19.472707,220,1289.062500,7.941169,52.734375,58.494148,hann
18,19.472707,221,1294.921875,10.087999,52.734375,58.494148,hann
18,19.472707,222,1300.781250,6.284280,52.734375,58.494148,hann
18,19.472707,223,1306.640625,3.940090,52.734375,58.494148,hann
18,19.472707,224,1312.500000,2.980126,52.734375,58.494148,hann
18,19.472707,225,1318.359375,-1.747105,52.734375,58.494148,hann
18,19.472707,226,1324.218750,-9.050625,52.734375,58.494148,hann
18,19.472707,227,1330.078125,-0.377476,52.734375,58.494148,hann
18,19.472707,228,1335.937500,8.107190,52.734375,58.494148,hann
18,19.472707,229,1341.796875,19.984968,52.734375,58.494148,hann
18,19.472707,230,1347.656250,17.025467,52.734375,58.494148,hann
18,19.472707,231,1353.515625,-17.351082,52.734375,58.494148,hann
18,19.472707,232,1359.375000,0.933219,52.734375,58.494148,hann
18,19.472707,233,1365.234375,-2.583487,52.734375,58.494148,hann
18,19.472707,234,1371.093750,1.605080,52.734375,58.494148,hann
18,19.472707,235,1376.953125,-0.766064,52.734375,58.494148,hann
18,19.472707,236,1382.812500,0.144567,52.734375,58.494148,hann
18,19.472707,237,1388.671875,6.389145,52.734375,58.494148,hann
18,19.472707,238,1394.531250,12.391053,52.734375,58.494148,hann
18,19.472707,239,1400.390625,10.722897,52.734375,58.494148,hann
18,19.472707,240,1406.250000,6.227570,52.734375,58.494148,hann
18,19.472707,241,1412.109375,-3.262156,52.734375,58.494148,hann
18,19.472707,242,1417.968750,-6.316607,52.734375,58.494148,hann
18,19.472707,243,1423.828125,2.252919,52.734375,58.494148,hann
18,19.472707,244,1429.687500,-0.735479,52.734375,58.494148,hann
18,19.472707,245,1435.546875,12.714253,52.734375,58.494148,hann
18,19.472707,246,1441.406250,20.399828,52.734375,58.494148,hann
18,19.472707,247,1447.265625,20.471924,52.734375,58.494148,hann
18,19.472707,248,1453.125000,10.208694,52.734375,58.494148,hann
18,19.472707,249,1458.984375,-2.557259,52.734375,58.494148,hann
18,19.472707,250,1464.843750,-9.610001,52.734375,58.494148,hann
18,19.472707,251,1470.703125,1.364874,52.734375,58.494148,hann
18,19.472707,252,1476.562500,-5.789696,52.734375,58.494148,hann
18,19.472707,253,1482.421875,3.833848,52.734375,58.494148,hann
18,19.472707,254,1488.281250,9.176966,52.734375,58.494148,hann
18,19.472707,255,1494.140625,16.177624,52.734375,58.494148,hann
18,19.472707,256,1500.000000,13.563360,52.734375,58.494148,hann
18,19.472707,257,1505.859375,-9.486077,52.734375,58.494148,hann
18,19.472707,258,1511.718750,-9.554433,52.734375,58.494148,hann
18,19.472707,259,1517.578125,2.828544,52.734375,58.494148,hann
18,19.472707,260,1523.437500,8.003412,52.734375,58.494148,hann
18,19.472707,261,1529.296875,6.397894,52.734375,58.494148,hann
18,19.472707,262,1535.156250,10.088424,52.734375,58.494148,hann
18,19.472707,263,1541.015625,15.827816,52.734375,58.494148,hann
18,19.472707,264,1546.875000,10.710814,52.734375,58.494148,hann
18,19.472707,265,1552.734375,-0.031486,52.734375,58.494148,hann
18,19.472707,266,1558.593750,4.066305,52.734375,58.494148,hann
18,19.472707,267,1564.453125,7.119349,52.734375,58.494148,hann
18,19.472707,268,1570.312500,6.927133,52.734375,58.494148,hann
18,19.472707,269,1576.171875,8.228521,52.734375,58.494148,hann
18,19.472707,270,1582.031250,7.861475,52.734375,58.494148,hann
18,19.472707,271,1587.890625,8.438923,52.734375,58.494148,hann
18,19.472707,272,1593.750000,11.257074,52.734375,58.494148,hann
18,19.472707,273,1599.609375,6.076281,52.734375,58.494148,hann
18,19.472707,274,1605.468750,2.424424,52.734375,58.494148,hann
18,19.472707,275,1611.328125,-2.670108,52.734375,58.494148,hann
18,19.472707,276,1617.187500,0.197087,52.734375,58.494148,hann
18,19.472707,277,1623.046875,-4.776728,52.734375,58.494148,hann
18,19.472707,278,1628.906250,1.132205,52.734375,58.494148,hann
18,19.472707,279,1634.765625,1.961254,52.734375,58.494148,hann
18,19.472707,280,1640.625000,14.897064,52.734375,58.494148,hann
18,19.472707,281,1646.484375,13.227741,52.734375,58.494148,hann
18,19.472707,282,1652.343750,2.899764,52.734375,58.494148,hann
18,19.472707,283,1658.203125,-11.749374,52.734375,58.494148,hann
18,19.472707,284,1664.062500,2.321866,52.734375,58.494148,hann
18,19.472707,285,1669.921875,1.071437,52.734375,58.494148,hann
18,19.472707,286,1675.781250,6.268232,52.734375,58.494148,hann
18,19.472707,287,1681.640625,-6.706791,52.734375,58.494148,hann
18,19.472707,288,1687.500000,7.388308,52.734375,58.494148,hann
18,19.472707,289,1693.359375,10.970583,52.734375,58.494148,hann
18,19.472707,290,1699.218750,6.042779,52.734375,58.494148,hann
18,19.472707,291,1705.078125,-11.747293,52.734375,58.494148,hann
18,19.472707,292,1710.937500,1.890883,52.734375,58.494148,hann
18,19.472707,293,1716.796875,-1.379099,52.734375,58.494148,hann
18,19.472707,294,1722.656250,-4.031286,52.734375,58.494148,hann
18,19.472707,295,1728.515625,1.381597,52.734375,58.494148,hann
18,19.472707,296,1734.375000,2.623876,52.734375,58.494148,hann
18,19.472707,297,1740.234375,8.261844,52.734375,58.494148,hann
18,19.472707,298,1746.093750,9.041615,52.734375,58.494148,hann
18,19.472707,299,1751.953125,2.585457,52.734375,58.494148,hann
18,19.472707,300,1757.812500,7.864064,52.734375,58.494148,hann
18,19.472707,301,1763.671875,5.253516,52.734375,58.494148,hann
18,19.472707,302,1769.531250,8.405546,52.734375,58.494148,hann
18,19.472707,303,1775.390625,7.948548,52.734375,58.494148,hann
18,19.472707,304,1781.250000,8.689892,52.734375,58.494148,hann
18,19.472707,305,1787.109375,3.641433,52.734375,58.494148,hann
18,19.472707,306,1792.968750,8.032757,52.734375,58.494148,hann
18,19.472707,307,1798.828125,4.511777,52.734375,58.494148,hann
18,19.472707,308,1804.687500,-2.906121,52.734375,58.494148,hann
18,19.472707,309,1810.546875,2.509585,52.734375,58.494148,hann
18,19.472707,310,1816.406250,3.537564,52.734375,58.494148,hann
18,19.472707,311,1822.265625,-8.409632,52.734375,58.494148,hann
18,19.472707,312,1828.125000,-5.343330,52.734375,58.494148,hann
18,19.472707,313,1833.984375,2.756589,52.734375,58.494148,hann
18,19.472707,314,1839.843750,14.716600,52.734375,58.494148,hann
18,19.472707,315,1845.703125,14.938626,52.734375,58.494148,hann
18,19.472707,316,1851.562500,4.513305,52.734375,58.494148,hann
18,19.472707,317,1857.421875,9.477341,52.734375,58.494148,hann
18,19.472707,318,1863.281250,10.916233,52.734375,58.494148,hann
18,19.472707,319,1869.140625,5.720067,52.734375,58.494148,hann
18,19.472707,320,1875.000000,-7.285202,52.734375,58.494148,hann
18,19.472707,321,1880.859375,6.643500,52.734375,58.494148,hann
18,19.472707,322,1886.718750,4.543595,52.734375,58.494148,hann
18,19.472707,323,1892.578125,4.573441,52.734375,58.494148,hann
18,19.472707,324,1898.437500,6.005579,52.734375,58.494148,hann
18,19.472707,325,1904.296875,8.366356,52.734375,58.494148,hann
18,19.472707,326,1910.156250,5.033860,52.734375,58.494148,hann
18,19.472707,327,1916.015625,4.906376,52.734375,58.494148,hann
18,19.472707,328,1921.875000,6.914318,52.734375,58.494148,hann
18,19.472707,329,1927.734375,5.293151,52.734375,58.494148,hann
18,19.472707,330,1933.593750,3.080822,52.734375,58.494148,hann
18,19.472707,331,1939.453125,0.471241,52.734375,58.494148,hann
18,19.472707,332,1945.312500,2.568755,52.734375,58.494148,hann
18,19.472707,333,1951.171875,6.535080,52.734375,58.494148,hann
18,19.472707,334,1957.031250,5.203591,52.734375,58.494148,hann
18,19.472707,335,1962.890625,5.186036,52.734375,58.494148,hann
18,19.472707,336,1968.750000,0.316437,52.734375,58.494148,hann
18,19.472707,337,1974.609375,-0.282612,52.734375,58.494148,hann
18,19.472707,338,1980.468750,-6.146842,52.734375,58.494148,hann
18,19.472707,339,1986.328125,-14.946889,52.734375,58.494148,hann
18,19.472707,340,1992.187500,-2.632452,52.734375,58.494148,hann
18,19.472707,341,1998.046875,5.267701,52.734375,58.494148,hann
18,19.472707,342,2003.906250,1.318970,52.734375,58.494148,hann
18,19.472707,343,2009.765625,-0.073005,52.734375,58.494148,hann
18,19.472707,344,2015.625000,4.830075,52.734375,58.494148,hann
18,19.472707,345,2021.484375,2.141458,52.734375,58.494148,hann
18,19.472707,346,2027.343750,3.939752,52.734375,58.494148,hann
18,19.472707,347,2033.203125,0.127272,52.734375,58.494148,hann
18,19.472707,348,2039.062500,5.396492,52.734375,58.494148,hann
18,19.472707,349,2044.921875,11.088075,52.734375,58.494148,hann
18,19.472707,350,2050.781250,9.029351,52.734375,58.494148,hann
18,19.472707,351,2056.640625,0.282575,52.734375,58.494148,hann
18,19.472707,352,2062.500000,-10.672971,52.734375,58.494148,hann
18,19.472707,353,2068.359375,-17.938433,52.734375,58.494148,hann
18,19.472707,354,2074.218750,2.990935,52.734375,58.494148,hann
18,19.472707,355,2080.078125,5.300440,52.734375,58.494148,hann
18,19.472707,356,2085.937500,1.761820,52.734375,58.494148,hann
18,19.472707,357,2091.796875,-7.095172,52.734375,58.494148,hann
18,19.472707,358,2097.656250,3.502432,52.734375,58.494148,hann
18,19.472707,359,2103.515625,2.847505,52.734375,58.494148,hann
18,19.472707,360,2109.375000,4.045683,52.734375,58.494148,hann
18,19.472707,361,2115.234375,3.136377,52.734375,58.494148,hann
18,19.472707,362,2121.093750,-5.860074,52.734375,58.494148,hann
18,19.472707,363,2126.953125,0.674266,52.734375,58.494148,hann
18,19.472707,364,2132.812500,1.534246,52.734375,58.494148,hann
18,19.472707,365,2138.671875,11.589792,52.734375,58.494148,hann
18,19.472707,366,2144.531250,11.145000,52.734375,58.494148,hann
18,19.472707,367,2150.390625,2.912698,52.734375,58.494148,hann
18,19.472707,368,2156.250000,5.160286,52.734375,58.494148,hann
18,19.472707,369,2162.109375,1.419739,52.734375,58.494148,hann
18,19.472707,370,2167.968750,1.450784,52.734375,58.494148,hann
18,19.472707,371,2173.828125,4.988210,52.734375,58.494148,hann
18,19.472707,372,2179.687500,1.086587,52.734375,58.494148,hann
18,19.472707,373,2185.546875,5.290529,52.734375,58.494148,hann
18,19.472707,374,2191.406250,9.102624,52.734375,58.494148,hann
18,19.472707,375,2197.265625,6.244262,52.734375,58.494148,hann
18,19.472707,376,2203.125000,6.062041,52.734375,58.494148,hann
18,19.472707,377,2208.984375,6.103966,52.734375,58.494148,hann
18,19.472707,378,2214.843750,-4.355596,52.734375,58.494148,hann
18,19.472707,379,2220.703125,3.179937,52.734375,58.494148,hann
18,19.472707,380,2226.562500,0.261891,52.734375,58.494148,hann
18,19.472707,381,2232.421875,2.932353,52.734375,58.494148,hann
18,19.472707,382,2238.281250,4.817253,52.734375,58.494148,hann
18,19.472707,383,2244.140625,4.953111,52.734375,58.494148,hann
18,19.472707,384,2250.000000,5.539908,52.734375,58.494148,hann
18,19.472707,385,2255.859375,-1.974681,52.734375,58.494148,hann
18,19.472707,386,2261.718750,3.020413,52.734375,58.494148,hann
18,19.472707,387,2267.578125,3.673382,52.734375,58.494148,hann
18,19.472707,388,2273.437500,2.432159,52.734375,58.494148,hann
18,19.472707,389,2279.296875,-4.231213,52.734375,58.494148,hann
18,19.472707,390,2285.156250,4.592368,52.734375,58.494148,hann
18,19.472707,391,2291.015625,4.489159,52.734375,58.494148,hann
18,19.472707,392,2296.875000,8.773392,52.734375,58.494148,hann
18,19.472707,393,2302.734375,0.802783,52.734375,58.494148,hann
18,19.472707,394,2308.593750,3.274988,52.734375,58.494148,hann
18,19.472707,395,2314.453125,9.324515,52.734375,58.494148,hann
18,19.472707,396,2320.312500,9.076690,52.734375,58.494148,hann
18,19.472707,397,2326.171875,7.116849,52.734375,58.494148,hann
18,19.472707,398,2332.031250,7.195998,52.734375,58.494148,hann
18,19.472707,399,2337.890625,10.731472,52.734375,58.494148,hann
18,19.472707,400,2343.750000,15.549053,52.734375,58.494148,hann
18,19.472707,401,2349.609375,11.045761,52.734375,58.494148,hann
18,19.472707,402,2355.468750,-1.265431,52.734375,58.494148,hann
18,19.472707,403,2361.328125,0.796341,52.734375,58.494148,hann
18,19.472707,404,2367.187500,-0.012937,52.734375,58.494148,hann
18,19.472707,405,2373.046875,5.219958,52.734375,58.494148,hann
18,19.472707,406,2378.906250,0.309489,52.734375,58.494148,hann
18,19.472707,407,2384.765625,2.894051,52.734375,58.494148,hann
18,19.472707,408,2390.625000,8.834649,52.734375,58.494148,hann
18,19.472707,409,2396.484375,9.087021,52.734375,58.494148,hann
18,19.472707,410,2402.343750,1.465118,52.734375,58.494148,hann
18,19.472707,411,2408.203125,-0.095315,52.734375,58.494148,hann
18,19.472707,412,2414.062500,3.622238,52.734375,58.494148,hann
18,19.472707,413,2419.921875,4.564153,52.734375,58.494148,hann
18,19.472707,414,2425.781250,0.485441,52.734375,58.494148,hann
18,19.472707,415,2431.640625,3.951551,52.734375,58.494148,hann
18,19.472707,416,2437.500000,7.012851,52.734375,58.494148,hann
18,19.472707,417,2443.359375,2.224323,52.734375,58.494148,hann
18,19.472707,418,2449.218750,5.582228,52.734375,58.494148,hann
18,19.472707,419,2455.078125,0.625823,52.734375,58.494148,hann
18,19.472707,420,2460.937500,5.123386,52.734375,58.494148,hann
18,19.472707,421,2466.796875,6.057538,52.734375,58.494148,hann
18,19.472707,422,2472.656250,7.324154,52.734375,58.494148,hann
18,19.472707,423,2478.515625,9.013332,52.734375,58.494148,hann
18,19.472707,424,2484.375000,9.058207,52.734375,58.494148,hann
18,19.472707,425,2490.234375,9.312428,52.734375,58.494148,hann
18,19.472707,426,2496.093750,8.185531,52.734375,58.494148,hann
18,19.472707,427,2501.953125,-0.460084,52.734375,58.494148,hann
18,19.472707,428,2507.812500,7.251196,52.734375,58.494148,hann
18,19.472707,429,2513.671875,6.958117,52.734375,58.494148,hann
18,19.472707,430,2519.531250,1.089978,52.734375,58.494148,hann
18,19.472707,431,2525.390625,2.909708,52.734375,58.494148,hann
18,19.472707,432,2531.250000,1.708286,52.734375,58.494148,hann
18,19.472707,433,2537.109375,2.634131,52.734375,58.494148,hann
18,19.472707,434,2542.968750,10.677454,52.734375,58.494148,hann
18,19.472707,435,2548.828125,6.029522,52.734375,58.494148,hann
18,19.472707,436,2554.687500,-8.789043,52.734375,58.494148,hann
18,19.472707,437,2560.546875,7.649770,52.734375,58.494148,hann
18,19.472707,438,2566.406250,10.722496,52.734375,58.494148,hann
18,19.472707,439,2572.265625,7.168270,52.734375,58.494148,hann
18,19.472707,440,2578.125000,-0.609069,52.734375,58.494148,hann
18,19.472707,441,2583.984375,-1.731336,52.734375,58.494148,hann
18,19.472707,442,2589.843750,7.872468,52.734375,58.494148,hann
18,19.472707,443,2595.703125,5.832794,52.734375,58.494148,hann
18,19.472707,444,2601.562500,4.279263,52.734375,58.494148,hann
18,19.472707,445,2607.421875,3.076466,52.734375,58.494148,hann
18,19.472707,446,2613.281250,1.859521,52.734375,58.494148,hann
18,19.472707,447,2619.140625,-24.411621,52.734375,58.494148,hann
18,19.472707,448,2625.000000,1.849233,52.734375,58.494148,hann
18,19.472707,449,2630.859375,7.873797,52.734375,58.494148,hann
18,19.472707,450,2636.718750,10.585198,52.734375,58.494148,hann
18,19.472707,451,2642.578125,8.500070,52.734375,58.494148,hann
18,19.472707,452,2648.437500,-9.188067,52.734375,58.494148,hann
18,19.472707,453,2654.296875,2.052629,52.734375,58.494148,hann
18,19.472707,454,2660.156250,5.553351,52.734375,58.494148,hann
18,19.472707,455,2666.015625,7.260576,52.734375,58.494148,hann
18,19.472707,456,2671.875000,5.304837,52.734375,58.494148,hann
18,19.472707,457,2677.734375,4.063007,52.734375,58.494148,hann
18,19.472707,458,2683.593750,1.616405,52.734375,58.494148,hann
18,19.472707,459,2689.453125,2.052414,52.734375,58.494148,hann
18,19.472707,460,2695.312500,0.303380,52.734375,58.494148,hann
18,19.472707,461,2701.171875,-6.703857,52.734375,58.494148,hann
18,19.472707,462,2707.031250,-2.757750,52.734375,58.494148,hann
18,19.472707,463,2712.890625,-0.047702,52.734375,58.494148,hann
18,19.472707,464,2718.750000,4.171419,52.734375,58.494148,hann
18,19.472707,465,2724.609375,4.058430,52.734375,58.494148,hann
18,19.472707,466,2730.468750,6.023872,52.734375,58.494148,hann
18,19.472707,467,2736.328125,3.215142,52.734375,58.494148,hann
18,19.472707,468,2742.187500,-7.538646,52.734375,58.494148,hann
18,19.472707,469,2748.046875,-8.423402,52.734375,58.494148,hann
18,19.472707,470,2753.906250,5.036738,52.734375,58.494148,hann
18,19.472707,471,2759.765625,6.858911,52.734375,58.494148,hann
18,19.472707,472,2765.625000,3.758975,52.734375,58.494148,hann
18,19.472707,473,2771.484375,1.767083,52.734375,58.494148,hann
18,19.472707,474,2777.343750,6.996784,52.734375,58.494148,hann
18,19.472707,475,2783.203125,4.159918,52.734375,58.494148,hann
18,19.472707,476,2789.062500,-3.359843,52.734375,58.494148,hann
18,19.472707,477,2794.921875,-7.090046,52.734375,58.494148,hann
18,19.472707,478,2800.781250,-2.118091,52.734375,58.494148,hann
18,19.472707,479,2806.640625,-8.930513,52.734375,58.494148,hann
18,19.472707,480,2812.500000,4.492744,52.734375,58.494148,hann
18,19.472707,481,2818.359375,4.556743,52.734375,58.494148,hann
18,19.472707,482,2824.218750,3.148525,52.734375,58.494148,hann
18,19.472707,483,2830.078125,6.528014,52.734375,58.494148,hann
18,19.472707,484,2835.937500,1.868306,52.734375,58.494148,hann
18,19.472707,485,2841.796875,4.517456,52.734375,58.494148,hann
18,19.472707,486,2847.656250,5.521698,52.734375,58.494148,hann
18,19.472707,487,2853.515625,-0.840036,52.734375,58.494148,hann
18,19.472707,488,2859.375000,8.570293,52.734375,58.494148,hann
18,19.472707,489,2865.234375,5.355510,52.734375,58.494148,hann
18,19.472707,490,2871.093750,4.049415,52.734375,58.494148,hann
18,19.472707,491,2876.953125,1.610812,52.734375,58.494148,hann
18,19.472707,492,2882.812500,-1.457812,52.734375,58.494148,hann
18,19.472707,493,2888.671875,-9.208158,52.734375,58.494148,hann
18,19.472707,494,2894.531250,-6.567829,52.734375,58.494148,hann
18,19.472707,495,2900.390625,0.285074,52.734375,58.494148,hann
18,19.472707,496,2906.250000,2.579300,52.734375,58.494148,hann
18,19.472707,497,2912.109375,2.718551,52.734375,58.494148,hann
18,19.472707,498,2917.968750,3.093590,52.734375,58.494148,hann
18,19.472707,499,2923.828125,4.909023,52.734375,58.494148,hann
18,19.472707,500,2929.687500,8.230638,52.734375,58.494148,hann
18,19.472707,501,2935.546875,9.826716,52.734375,58.494148,hann
18,19.472707,502,2941.406250,11.467420,52.734375,58.494148,hann
18,19.472707,503,2947.265625,6.566324,52.734375,58.494148,hann
18,19.472707,504,2953.125000,-5.315704,52.734375,58.494148,hann
18,19.472707,505,2958.984375,4.740397,52.734375,58.494148,hann
18,19.472707,506,2964.843750,3.767302,52.734375,58.494148,hann
18,19.472707,507,2970.703125,-2.252567,52.734375,58.494148,hann
18,19.472707,508,2976.562500,-8.069763,52.734375,58.494148,hann
18,19.472707,509,2982.421875,3.712738,52.734375,58.494148,hann
18,19.472707,510,2988.281250,6.852548,52.734375,58.494148,hann
18,19.472707,511,2994.140625,10.855975,52.734375,58.494148,hann
19,20.495078,0,0.000000,36.265884,52.734375,59.584827,hann
19,20.495078,1,5.859375,41.969524,52.734375,59.584827,hann
19,20.495078,2,11.718750,38.867119,52.734375,59.584827,hann
19,20.495078,3,17.578125,32.917492,52.734375,59.584827,hann
19,20.495078,4,23.437500,29.664818,52.734375,59.584827,hann
19,20.495078,5,29.296875,32.286983,52.734375,59.584827,hann
19,20.495078,6,35.156250,33.314709,52.734375,59.584827,hann
19,20.495078,7,41.015625,44.153286,52.734375,59.584827,hann
19,20.495078,8,46.875000,59.575493,52.734375,59.584827,hann
19,20.495078,9,52.734375,59.584827,52.734375,59.584827,hann
19,20.495078,10,58.593750,44.402676,52.734375,59.584827,hann
19,20.495078,11,64.453125,33.706203,52.734375,59.584827,hann
19,20.495078,12,70.312500,26.804941,52.734375,59.584827,hann
19,20.495078,13,76.171875,-2.106115,52.734375,59.584827,hann
19,20.495078,14,82.031250,17.786333,52.734375,59.584827,hann
19,20.495078,15,87.890625,25.482389,52.734375,59.584827,hann
19,20.495078,16,93.750000,46.512558,52.734375,59.584827,hann
19,20.495078,17,99.609375,53.342125,52.734375,59.584827,hann
19,20.495078,18,105.468750,48.044426,52.734375,59.584827,hann
19,20.495078,19,111.328125,16.048029,52.734375,59.584827,hann
19,20.495078,20,117.187500,22.874577,52.734375,59.584827,hann
19,20.495078,21,123.046875,17.178139,52.734375,59.584827,hann
19,20.495078,22,128.906250,11.607389,52.734375,59.584827,hann
19,20.495078,23,134.765625,17.346926,52.734375,59.584827,hann
19,20.495078,24,140.625000,25.205450,52.734375,59.584827,hann
19,20.495078,25,146.484375,42.527431,52.734375,59.584827,hann
19,20.495078,26,152.343750,42.959015,52.734375,59.584827,hann
19,20.495078,27,158.203125,29.369881,52.734375,59.584827,hann
19,20.495078,28,164.062500,11.168814,52.734375,59.584827,hann
19,20.495078,29,169.921875,15.381186,52.734375,59.584827,hann
19,20.495078,30,175.781250,18.002972,52.734375,59.584827,hann
19,20.495078,31,181.640625,13.288470,52.734375,59.584827,hann
19,20.495078,32,187.500000,18.960220,52.734375,59.584827,hann
19,20.495078,33,193.359375,30.841183,52.734375,59.584827,hann
19,20.495078,34,199.218750,35.251232,52.734375,59.584827,hann
19,20.495078,35,205.078125,28.110182,52.734375,59.584827,hann
19,20.495078,36,210.937500,14.762817,52.734375,59.584827,hann
19,20.495078,37,216.796875,3.700843,52.734375,59.584827,hann
19,20.495078,38,222.656250,4.169297,52.734375,59.584827,hann
19,20.495078,39,228.515625,11.295944,52.734375,59.584827,hann
19,20.495078,40,234.375000,12.882704,52.734375,59.584827,hann
19,20.495078,41,240.234375,14.839106,52.734375,59.584827,hann
19,20.495078,42,246.093750,29.545349,52.734375,59.584827,hann
19,20.495078,43,251.953125,30.820576,52.734375,59.584827,hann
19,20.495078,44,257.812500,23.011017,52.734375,59.584827,hann
19,20.495078,45,263.671875,13.948339,52.734375,59.584827,hann
19,20.495078,46,269.531250,14.707633,52.734375,59.584827,hann
19,20.495078,47,275.390625,15.975734,52.734375,59.584827,hann
19,20.495078,48,281.250000,17.807804,52.734375,59.584827,hann
19,20.495078,49,287.109375,5.495936,52.734375,59.584827,hann
19,20.495078,50,292.968750,28.618866,52.734375,59.584827,hann
19,20.495078,51,298.828125,36.031452,52.734375,59.584827,hann
19,20.495078,52,304.687500,31.429989,52.734375,59.584827,hann
19,20.495078,53,310.546875,17.440079,52.734375,59.584827,hann
19,20.495078,54,316.406250,0.809920,52.734375,59.584827,hann
19,20.495078,55,322.265625,4.702600,52.734375,59.584827,hann
19,20.495078,56,328.125000,-4.731837,52.734375,59.584827,hann
19,20.495078,57,333.984375,3.239012,52.734375,59.584827,hann
19,20.495078,58,339.843750,24.002151,52.734375,59.584827,hann
19,20.495078,59,345.703125,37.485691,52.734375,59.584827,hann
19,20.495078,60,351.562500,37.865223,52.734375,59.584827,hann
19,20.495078,61,357.421875,23.977779,52.734375,59.584827,hann
19,20.495078,62,363.281250,11.187877,52.734375,59.584827,hann
19,20.495078,63,369.140625,9.532255,52.734375,59.584827,hann
19,20.495078,64,375.000000,9.149698,52.734375,59.584827,hann
19,20.495078,65,380.859375,8.295011,52.734375,59.584827,hann
19,20.495078,66,386.718750,1.798819,52.734375,59.584827,hann
19,20.495078,67,392.578125,21.205828,52.734375,59.584827,hann
19,20.495078,68,398.437500,27.388821,52.734375,59.584827,hann
19,20.495078,69,404.296875,17.587547,52.734375,59.584827,hann
19,20.495078,70,410.156250,12.760269,52.734375,59.584827,hann
19,20.495078,71,416.015625,10.377526,52.734375,59.584827,hann
19,20.495078,72,421.875000,8.051804,52.734375,59.584827,hann
19,20.495078,73,427.734375,9.224376,52.734375,59.584827,hann
19,20.495078,74,433.593750,6.747551,52.734375,59.584827,hann
19,20.495078,75,439.453125,14.411126,52.734375,59.584827,hann
19,20.495078,76,445.312500,31.246284,52.734375,59.584827,hann
19,20.495078,77,451.171875,31.736643,52.734375,59.584827,hann
19,20.495078,78,457.031250,16.634933,52.734375,59.584827,hann
19,20.495078,79,462.890625,4.811069,52.734375,59.584827,hann
19,20.495078,80,468.750000,8.667414,52.734375,59.584827,hann
19,20.495078,81,474.609375,9.073983,52.734375,59.584827,hann
19,20.495078,82,480.468750,8.410046,52.734375,59.584827,hann
19,20.495078,83,486.328125,6.511369,52.734375,59.584827,hann
19,20.495078,84,492.187500,26.006847,52.734375,59.584827,hann
19,20.495078,85,498.046875,32.320992,52.734375,59.584827,hann
19,20.495078,86,503.906250,27.146299,52.734375,59.584827,hann
19,20.495078,87,509.765625,-4.817937,52.734375,59.584827,hann
19,20.495078,88,515.625000,5.702346,52.734375,59.584827,hann
19,20.495078,89,521.484375,8.618789,52.734375,59.584827,hann
19,20.495078,90,527.343750,11.146125,52.734375,59.584827,hann
19,20.495078,91,533.203125,6.668487,52.734375,59.584827,hann
19,20.495078,92,539.062500,13.408274,52.734375,59.584827,hann
19,20.495078,93,544.921875,31.090982,52.734375,59.584827,hann
19,20.495078,94,550.781250,33.087811,52.734375,59.584827,hann
19,20.495078,95,556.640625,22.050438,52.734375,59.584827,hann
19,20.495078,96,562.500000,12.827799,52.734375,59.584827,hann
19,20.495078,97,568.359375,9.210340,52.734375,59.584827,hann
19,20.495078,98,574.218750,14.752406,52.734375,59.584827,hann
19,20.495078,99,580.078125,14.132927,52.734375,59.584827,hann
19,20.495078,100,585.937500,5.110023,52.734375,59.584827,hann
19,20.495078,101,591.796875,22.564014,52.734375,59.584827,hann
19,20.495078,102,597.656250,29.831528,52.734375,59.584827,hann
19,20.495078,103,603.515625,24.928648,52.734375,59.584827,hann
19,20.495078,104,609.375000,10.497519,52.734375,59.584827,hann
19,20.495078,105,615.234375,13.772144,52.734375,59.584827,hann
19,20.495078,106,621.093750,12.789467,52.734375,59.584827,hann
19,20.495078,107,626.953125,13.690298,52.734375,59.584827,hann
19,20.495078,108,632.812500,11.186777,52.734375,59.584827,hann
19,20.495078,109,638.671875,11.149031,52.734375,59.584827,hann
19,20.495078,110,644.531250,25.529940,52.734375,59.584827,hann
19,20.495078,111,650.390625,26.956963,52.734375,59.584827,hann
19,20.495078,112,656.250000,14.373264,52.734375,59.584827,hann
19,20.495078,113,662.109375,8.377745,52.734375,59.584827,hann
19,20.495078,114,667.968750,3.222610,52.734375,59.584827,hann
19,20.495078,115,673.828125,-6.297153,52.734375,59.584827,hann
19,20.495078,116,679.687500,8.309286,52.734375,59.584827,hann
19,20.495078,117,685.546875,3.543818,52.734375,59.584827,hann
19,20.495078,118,691.406250,21.783239,52.734375,59.584827,hann
19,20.495078,119,697.265625,31.514757,52.734375,59.584827,hann
19,20.495078,120,703.125000,28.433571,52.734375,59.584827,hann
19,20.495078,121,708.984375,8.372172,52.734375,59.584827,hann
19,20.495078,122,714.843750,7.713606,52.734375,59.584827,hann
19,20.495078,123,720.703125,7.004292,52.734375,59.584827,hann
19,20.495078,124,726.562500,13.487915,52.734375,59.584827,hann
19,20.495078,125,732.421875,10.738668,52.734375,59.584827,hann
19,20.495078,126,738.281250,9.161204,52.734375,59.584827,hann
19,20.495078,127,744.140625,22.882484,52.734375,59.584827,hann
19,20.495078,128,750.000000,22.888584,52.734375,59.584827,hann
19,20.495078,129,755.859375,5.714738,52.734375,59.584827,hann
19,20.495078,130,761.718750,2.253186,52.734375,59.584827,hann
19,20.495078,131,767.578125,11.509706,52.734375,59.584827,hann
19,20.495078,132,773.437500,11.967051,52.734375,59.584827,hann
19,20.495078,133,779.296875,9.619865,52.734375,59.584827,hann
19,20.495078,134,785.156250,-10.223448,52.734375,59.584827,hann
19,20.495078,135,791.015625,15.819384,52.734375,59.584827,hann
19,20.495078,136,796.875000,26.152132,52.734375,59.584827,hann
19,20.495078,137,802.734375,24.027636,52.734375,59.584827,hann
19,20.495078,138,808.593750,7.746925,52.734375,59.584827,hann
19,20.495078,139,814.453125,10.631220,52.734375,59.584827,hann
19,20.495078,140,820.312500,7.671122,52.734375,59.584827,hann
19,20.495078,141,826.171875,7.265872,52.734375,59.584827,hann
19,20.495078,142,832.031250,10.279365,52.734375,59.584827,hann
19,20.495078,143,837.890625,9.897663,52.734375,59.584827,hann
19,20.495078,144,843.750000,17.147110,52.734375,59.584827,hann
19,20.495078,145,849.609375,13.962716,52.734375,59.584827,hann
19,20.495078,146,855.468750,4.027558,52.734375,59.584827,hann
19,20.495078,147,861.328125,3.815790,52.734375,59.584827,hann
19,20.495078,148,867.187500,10.758119,52.734375,59.584827,hann
19,20.495078,149,873.046875,13.419004,52.734375,59.584827,hann
19,20.495078,150,878.906250,9.314628,52.734375,59.584827,hann
19,20.495078,151,884.765625,-6.061116,52.734375,59.584827,hann
19,20.495078,152,890.625000,17.409060,52.734375,59.584827,hann
19,20.495078,153,896.484375,27.468277,52.734375,59.584827,hann
19,20.495078,154,902.343750,25.064783,52.734375,59.584827,hann
19,20.495078,155,908.203125,6.933497,52.734375,59.584827,hann
19,20.495078,156,914.062500,3.442104,52.734375,59.584827,hann
19,20.495078,157,919.921875,8.906162,52.734375,59.584827,hann
19,20.495078,158,925.781250,4.976271,52.734375,59.584827,hann
19,20.495078,159,931.640625,0.038053,52.734375,59.584827,hann
19,20.495078,160,937.500000,10.879669,52.734375,59.584827,hann
19,20.495078,161,943.359375,12.273722,52.734375,59.584827,hann
19,20.495078,162,949.218750,7.770088,52.734375,59.584827,hann
19,20.495078,163,955.078125,5.677457,52.734375,59.584827,hann
19,20.495078,164,960.937500,-22.745049,52.734375,59.584827,hann
19,20.495078,165,966.796875,11.112190,52.734375,59.584827,hann
19,20.495078,166,972.656250,7.613705,52.734375,59.584827,hann
19,20.495078,167,978.515625,1.898995,52.734375,59.584827,hann
19,20.495078,168,984.375000,-14.632418,52.734375,59.584827,hann
19,20.495078,169,990.234375,19.700075,52.734375,59.584827,hann
19,20.495078,170,996.093750,27.179291,52.734375,59.584827,hann
19,20.495078,171,1001.953125,24.449986,52.734375,59.584827,hann
19,20.495078,172,1007.812500,8.414713,52.734375,59.584827,hann
19,20.495078,173,1013.671875,4.532287,52.734375,59.584827,hann
19,20.495078,174,1019.531250,8.230859,52.734375,59.584827,hann
19,20.495078,175,1025.390625,6.759069,52.734375,59.584827,hann
19,20.495078,176,1031.250000,5.600084,52.734375,59.584827,hann
19,20.495078,177,1037.109375,16.198242,52.734375,59.584827,hann
19,20.495078,178,1042.968750,20.548286,52.734375,59.584827,hann
19,20.495078,179,1048.828125,23.942623,52.734375,59.584827,hann
19,20.495078,180,1054.687500,18.906710,52.734375,59.584827,hann
19,20.495078,181,1060.546875,10.816814,52.734375,59.584827,hann
19,20.495078,182,1066.406250,6.295715,52.734375,59.584827,hann
19,20.495078,183,1072.265625,0.437633,52.734375,59.584827,hann
19,20.495078,184,1078.125000,1.291849,52.734375,59.584827,hann
19,20.495078,185,1083.984375,2.351370,52.734375,59.584827,hann
19,20.495078,186,1089.843750,19.669401,52.734375,59.584827,hann
19,20.495078,187,1095.703125,28.856297,52.734375,59.584827,hann
19,20.495078,188,1101.562500,27.865711,52.734375,59.584827,hann
19,20.495078,189,1107.421875,17.197937,52.734375,59.584827,hann
19,20.495078,190,1113.281250,12.526942,52.734375,59.584827,hann
19,20.495078,191,1119.140625,10.728031,52.734375,59.584827,hann
19,20.495078,192,1125.000000,0.992817,52.734375,59.584827,hann
19,20.495078,193,1130.859375,-1.026988,52.734375,59.584827,hann
19,20.495078,194,1136.718750,9.919084,52.734375,59.584827,hann
19,20.495078,195,1142.578125,26.407619,52.734375,59.584827,hann
19,20.495078,196,1148.437500,29.648224,52.734375,59.584827,hann
19,20.495078,197,1154.296875,22.275414,52.734375,59.584827,hann
19,20.495078,198,1160.156250,4.200631,52.734375,59.584827,hann
19,20.495078,199,1166.015625,7.124005,52.734375,59.584827,hann
19,20.495078,200,1171.875000,7.425151,52.734375,59.584827,hann
19,20.495078,201,1177.734375,10.226145,52.734375,59.584827,hann
19,20.495078,202,1183.593750,9.802822,52.734375,59.584827,hann
19,20.495078,203,1189.453125,15.802753,52.734375,59.584827,hann
19,20.495078,204,1195.312500,24.330765,52.734375,59.584827,hann
19,20.495078,205,1201.171875,23.810772,52.734375,59.584827,hann
19,20.495078,206,1207.031250,12.910367,52.734375,59.584827,hann
19,20.495078,207,1212.890625,13.928980,52.734375,59.584827,hann
19,20.495078,208,1218.750000,10.454523,52.734375,59.584827,hann
19,20.495078,209,1224.609375,7.981720,52.734375,59.584827,hann
19,20.495078,210,1230.468750,4.923041,52.734375,59.584827,hann
19,20.495078,211,1236.328125,15.112608,52.734375,59.584827,hann
19,20.495078,212,1242.187500,21.579826,52.734375,59.584827,hann
19,20.495078,213,1248.046875,26.967871,52.734375,59.584827,hann
19,20.495078,214,1253.906250,21.664192,52.734375,59.584827,hann
19,20.495078,215,1259.765625,6.121603,52.734375,59.584827,hann
19,20.495078,216,1265.625000,12.732454,52.734375,59.584827,hann
19,20.495078,217,1271.484375,13.803898,52.734375,59.584827,hann
19,20.495078,218,1277.343750,10.049544,52.734375,59.584827,hann
19,20.495078,219,1283.203125,4.687895,52.734375,59.584827,hann
19,20.495078,220,1289.062500,13.730756,52.734375,59.584827,hann
19,20.495078,221,1294.921875,22.071083,52.734375,59.584827,hann
19,20.495078,222,1300.781250,21.992348,52.734375,59.584827,hann
19,20.495078,223,1306.640625,10.819921,52.734375,59.584827,hann
19,20.495078,224,1312.500000,-2.334950,52.734375,59.584827,hann
19,20.495078,225,1318.359375,5.089751,52.734375,59.584827,hann
19,20.495078,226,1324.218750,8.985773,52.734375,59.584827,hann
19,20.495078,227,1330.078125,3.037662,52.734375,59.584827,hann
19,20.495078,228,1335.937500,4.693632,52.734375,59.584827,hann
19,20.495078,229,1341.796875,20.963470,52.734375,59.584827,hann
19,20.495078,230,1347.656250,28.521191,52.734375,59.584827,hann
19,20.495078,231,1353.515625,24.986126,52.734375,59.584827,hann
19,20.495078,232,1359.375000,12.732905,52.734375,59.584827,hann
19,20.495078,233,1365.234375,12.029324,52.734375,59.584827,hann
19,20.495078,234,1371.093750,9.567507,52.734375,59.584827,hann
19,20.495078,235,1376.953125,10.364960,52.734375,59.584827,hann
19,20.495078,236,1382.812500,12.156701,52.734375,59.584827,hann
19,20.495078,237,1388.671875,14.744841,52.734375,59.584827,hann
19,20.495078,238,1394.531250,23.250309,52.734375,59.584827,hann
19,20.495078,239,1400.390625,24.131538,52.734375,59.584827,hann
19,20.495078,240,1406.250000,11.874729,52.734375,59.584827,hann
19,20.495078,241,1412.109375,-4.450576,52.734375,59.584827,hann
19,20.495078,242,1417.968750,7.695843,52.734375,59.584827,hann
19,20.495078,243,1423.828125,7.412238,52.734375,59.584827,hann
19,20.495078,244,1429.687500,11.601145,52.734375,59.584827,hann
19,20.495078,245,1435.546875,11.341872,52.734375,59.584827,hann
19,20.495078,246,1441.406250,24.929359,52.734375,59.584827,hann
19,20.495078,247,1447.265625,29.781141,52.734375,59.584827,hann
19,20.495078,248,1453.125000,25.361423,52.734375,59.584827,hann
19,20.495078,249,1458.984375,13.556154,52.734375,59.584827,hann
19,20.495078,250,1464.843750,10.013045,52.734375,59.584827,hann
19,20.495078,251,1470.703125,1.938805,52.734375,59.584827,hann
19,20.495078,252,1476.562500,6.962805,52.734375,59.584827,hann
19,20.495078,253,1482.421875,7.463542,52.734375,59.584827,hann
19,20.495078,254,1488.281250,12.617666,52.734375,59.584827,hann
19,20.495078,255,1494.140625,24.398802,52.734375,59.584827,hann
19,20.495078,256,1500.000000,25.534174,52.734375,59.584827,hann
19,20.495078,257,1505.859375,16.092331,52.734375,59.584827,hann
19,20.495078,258,1511.718750,-15.209772,52.734375,59.584827,hann
19,20.495078,259,1517.578125,4.657511,52.734375,59.584827,hann
19,20.495078,260,1523.437500,3.978417,52.734375,59.584827,hann
19,20.495078,261,1529.296875,11.303616,52.734375,59.584827,hann
19,20.495078,262,1535.156250,8.656459,52.734375,59.584827,hann
19,20.495078,263,1541.015625,17.753899,52.734375,59.584827,hann
19,20.495078,264,1546.875000,23.381508,52.734375,59.584827,hann
19,20.495078,265,1552.734375,19.892342,52.734375,59.584827,hann
19,20.495078,266,1558.593750,12.605135,52.734375,59.584827,hann
19,20.495078,267,1564.453125,0.274205,52.734375,59.584827,hann
19,20.495078,268,1570.312500,7.533464,52.734375,59.584827,hann
19,20.495078,269,1576.171875,13.404846,52.734375,59.584827,hann
19,20.495078,270,1582.031250,1.423812,52.734375,59.584827,hann
19,20.495078,271,1587.890625,10.036627,52.734375,59.584827,hann
19,20.495078,272,1593.750000,24.349367,52.734375,59.584827,hann
19,20.495078,273,1599.609375,26.997742,52.734375,59.584827,hann
19,20.495078,274,1605.468750,21.108910,52.734375,59.584827,hann
19,20.495078,275,1611.328125,15.068349,52.734375,59.584827,hann
19,20.495078,276,1617.187500,10.668491,52.734375,59.584827,hann
19,20.495078,277,1623.046875,6.398628,52.734375,59.584827,hann
19,20.495078,278,1628.906250,6.905144,52.734375,59.584827,hann
19,20.495078,279,1634.765625,1.973690,52.734375,59.584827,hann
19,20.495078,280,1640.625000,18.983309,52.734375,59.584827,hann
19,20.495078,281,1646.484375,25.746521,52.734375,59.584827,hann
19,20.495078,282,1652.343750,21.861794,52.734375,59.584827,hann
19,20.495078,283,1658.203125,11.894905,52.734375,59.584827,hann
19,20.495078,284,1664.062500,2.012620,52.734375,59.584827,hann
19,20.495078,285,1669.921875,10.135811,52.734375,59.584827,hann
19,20.495078,286,1675.781250,2.160370,52.734375,59.584827,hann
19,20.495078,287,1681.640625,-5.291463,52.734375,59.584827,hann
19,20.495078,288,1687.500000,11.083697,52.734375,59.584827,hann
19,20.495078,289,1693.359375,24.383690,52.734375,59.584827,hann
19,20.495078,290,1699.218750,27.331455,52.734375,59.584827,hann
19,20.495078,291,1705.078125,20.131693,52.734375,59.584827,hann
19,20.495078,292,1710.937500,-3.205402,52.734375,59.584827,hann
19,20.495078,293,1716.796875,11.080294,52.734375,59.584827,hann
19,20.495078,294,1722.656250,9.043054,52.734375,59.584827,hann
19,20.495078,295,1728.515625,13.736138,52.734375,59.584827,hann
19,20.495078,296,1734.375000,2.773241,52.734375,59.584827,hann
19,20.495078,297,1740.234375,9.976723,52.734375,59.584827,hann
19,20.495078,298,1746.093750,20.911102,52.734375,59.584827,hann
19,20.495078,299,1751.953125,22.780155,52.734375,59.584827,hann
19,20.495078,300,1757.812500,19.671093,52.734375,59.584827,hann
19,20.495078,301,1763.671875,11.429903,52.734375,59.584827,hann
19,20.495078,302,1769.531250,11.447615,52.734375,59.584827,hann
19,20.495078,303,1775.390625,7.237061,52.734375,59.584827,hann
19,20.495078,304,1781.250000,7.710831,52.734375,59.584827,hann
19,20.495078,305,1787.109375,12.143899,52.734375,59.584827,hann
19,20.495078,306,1792.968750,24.496754,52.734375,59.584827,hann
19,20.495078,307,1798.828125,28.655746,52.734375,59.584827,hann
19,20.495078,308,1804.687500,25.000067,52.734375,59.584827,hann
19,20.495078,309,1810.546875,16.231297,52.734375,59.584827,hann
19,20.495078,310,1816.406250,11.206980,52.734375,59.584827,hann
19,20.495078,311,1822.265625,12.197466,52.734375,59.584827,hann
19,20.495078,312,1828.125000,12.681293,52.734375,59.584827,hann
19,20.495078,313,1833.984375,7.656581,52.734375,59.584827,hann
19,20.495078,314,1839.843750,19.647858,52.734375,59.584827,hann
19,20.495078,315,1845.703125,26.709179,52.734375,59.584827,hann
19,20.495078,316,1851.562500,24.320757,52.734375,59.584827,hann
19,20.495078,317,1857.421875,23.316257,52.734375,59.584827,hann
19,20.495078,318,1863.281250,17.200018,52.734375,59.584827,hann
19,20.495078,319,1869.140625,13.902987,52.734375,59.584827,hann
19,20.495078,320,1875.000000,0.046459,52.734375,59.584827,hann
19,20.495078,321,1880.859375,8.934668,52.734375,59.584827,hann
19,20.495078,322,1886.718750,16.435173,52.734375,59.584827,hann
19,20.495078,323,1892.578125,27.267147,52.734375,59.584827,hann
19,20.495078,324,1898.437500,34.172424,52.734375,59.584827,hann
19,20.495078,325,1904.296875,29.449886,52.734375,59.584827,hann
19,20.495078,326,1910.156250,15.364298,52.734375,59.584827,hann
19,20.495078,327,1916.015625,14.648067,52.734375,59.584827,hann
19,20.495078,328,1921.875000,15.353523,52.734375,59.584827,hann
19,20.495078,329,1927.734375,21.744862,52.734375,59.584827,hann
19,20.495078,330,1933.593750,26.615019,52.734375,59.584827,hann
19,20.495078,331,1939.453125,32.511326,52.734375,59.584827,hann
19,20.495078,332,1945.312500,42.718754,52.734375,59.584827,hann
19,20.495078,333,1951.171875,40.962242,52.734375,59.584827,hann
19,20.495078,334,1957.031250,36.638611,52.734375,59.584827,hann
19,20.495078,335,1962.890625,21.581419,52.734375,59.584827,hann
19,20.495078,336,1968.750000,30.930058,52.734375,59.584827,hann
19,20.495078,337,1974.609375,35.824131,52.734375,59.584827,hann
19,20.495078,338,1980.468750,37.187981,52.734375,59.584827,hann
19,20.495078,339,1986.328125,44.647312,52.734375,59.584827,hann
19,20.495078,340,1992.187500,54.533787,52.734375,59.584827,hann
19,20.495078,341,1998.046875,59.398476,52.734375,59.584827,hann
19,20.495078,342,2003.906250,55.506973,52.734375,59.584827,hann
19,20.495078,343,2009.765625,48.549904,52.734375,59.584827,hann
19,20.495078,344,2015.625000,37.821766,52.734375,59.584827,hann
19,20.495078,345,2021.484375,33.519894,52.734375,59.584827,hann
19,20.495078,346,2027.343750,25.181475,52.734375,59.584827,hann
19,20.495078,347,2033.203125,27.200945,52.734375,59.584827,hann
19,20.495078,348,2039.062500,28.877308,52.734375,59.584827,hann
19,20.495078,349,2044.921875,42.709053,52.734375,59.584827,hann
19,20.495078,350,2050.781250,41.034679,52.734375,59.584827,hann
19,20.495078,351,2056.640625,35.652805,52.734375,59.584827,hann
19,20.495078,352,2062.500000,26.475327,52.734375,59.584827,hann
19,20.495078,353,2068.359375,26.523428,52.734375,59.584827,hann
19,20.495078,354,2074.218750,21.965370,52.734375,59.584827,hann
19,20.495078,355,2080.078125,15.015614,52.734375,59.584827,hann
19,20.495078,356,2085.937500,16.334902,52.734375,59.584827,hann
19,20.495078,357,2091.796875,26.762104,52.734375,59.584827,hann
19,20.495078,358,2097.656250,32.683258,52.734375,59.584827,hann
19,20.495078,359,2103.515625,26.925974,52.734375,59.584827,hann
19,20.495078,360,2109.375000,15.274479,52.734375,59.584827,hann
19,20.495078,361,2115.234375,0.854458,52.734375,59.584827,hann
19,20.495078,362,2121.093750,7.370401,52.734375,59.584827,hann
19,20.495078,363,2126.953125,3.510799,52.734375,59.584827,hann
19,20.495078,364,2132.812500,14.697794,52.734375,59.584827,hann
19,20.495078,365,2138.671875,4.090337,52.734375,59.584827,hann
19,20.495078,366,2144.531250,23.911486,52.734375,59.584827,hann
19,20.495078,367,2150.390625,23.214134,52.734375,59.584827,hann
19,20.495078,368,2156.250000,10.222006,52.734375,59.584827,hann
19,20.495078,369,2162.109375,12.041500,52.734375,59.584827,hann
19,20.495078,370,2167.968750,9.797624,52.734375,59.584827,hann
19,20.495078,371,2173.828125,4.648744,52.734375,59.584827,hann
19,20.495078,372,2179.687500,2.373509,52.734375,59.584827,hann
19,20.495078,373,2185.546875,10.099237,52.734375,59.584827,hann
19,20.495078,374,2191.406250,22.883125,52.734375,59.584827,hann
19,20.495078,375,2197.265625,26.542301,52.734375,59.584827,hann
19,20.495078,376,2203.125000,20.158943,52.734375,59.584827,hann
19,20.495078,377,2208.984375,17.573524,52.734375,59.584827,hann
19,20.495078,378,2214.843750,13.578571,52.734375,59.584827,hann
19,20.495078,379,2220.703125,-19.146351,52.734375,59.584827,hann
19,20.495078,380,2226.562500,7.910175,52.734375,59.584827,hann
19,20.495078,381,2232.421875,7.767888,52.734375,59.584827,hann
19,20.495078,382,2238.281250,16.680885,52.734375,59.584827,hann
19,20.495078,383,2244.140625,22.103474,52.734375,59.584827,hann
19,20.495078,384,2250.000000,22.252195,52.734375,59.584827,hann
19,20.495078,385,2255.859375,12.432637,52.734375,59.584827,hann
19,20.495078,386,2261.718750,8.911192,52.734375,59.584827,hann
19,20.495078,387,2267.578125,7.545844,52.734375,59.584827,hann
19,20.495078,388,2273.437500,11.796027,52.734375,59.584827,hann
19,20.495078,389,2279.296875,-4.682420,52.734375,59.584827,hann
19,20.495078,390,2285.156250,2.792858,52.734375,59.584827,hann
19,20.495078,391,2291.015625,13.171446,52.734375,59.584827,hann
19,20.495078,392,2296.875000,20.320463,52.734375,59.584827,hann
19,20.495078,393,2302.734375,19.622433,52.734375,59.584827,hann
19,20.495078,394,2308.593750,14.982988,52.734375,59.584827,hann
19,20.495078,395,2314.453125,1.499713,52.734375,59.584827,hann
19,20.495078,396,2320.312500,8.151712,52.734375,59.584827,hann
19,20.495078,397,2326.171875,9.742085,52.734375,59.584827,hann
19,20.495078,398,2332.031250,16.987434,52.734375,59.584827,hann
19,20.495078,399,2337.890625,16.656672,52.734375,59.584827,hann
19,20.495078,400,2343.750000,17.997276,52.734375,59.584827,hann
19,20.495078,401,2349.609375,17.732983,52.734375,59.584827,hann
19,20.495078,402,2355.468750,15.851098,52.734375,59.584827,hann
19,20.495078,403,2361.328125,15.001649,52.734375,59.584827,hann
19,20.495078,404,2367.187500,9.340703,52.734375,59.584827,hann
19,20.495078,405,2373.046875,1.196548,52.734375,59.584827,hann
19,20.495078,406,2378.906250,6.724088,52.734375,59.584827,hann
19,20.495078,407,2384.765625,4.764676,52.734375,59.584827,hann
19,20.495078,408,2390.625000,21.053761,52.734375,59.584827,hann
19,20.495078,409,2396.484375,25.573332,52.734375,59.584827,hann
19,20.495078,410,2402.343750,22.368881,52.734375,59.584827,hann
19,20.495078,411,2408.203125,17.055817,52.734375,59.584827,hann
19,20.495078,412,2414.062500,13.054697,52.734375,59.584827,hann
19,20.495078,413,2419.921875,11.725176,52.734375,59.584827,hann
19,20.495078,414,2425.781250,3.928304,52.734375,59.584827,hann
19,20.495078,415,2431.640625,-12.969541,52.734375,59.584827,hann
19,20.495078,416,2437.500000,11.742546,52.734375,59.584827,hann
19,20.495078,417,2443.359375,17.507975,52.734375,59.584827,hann
19,20.495078,418,2449.218750,19.145929,52.734375,59.584827,hann
19,20.495078,419,2455.078125,15.537547,52.734375,59.584827,hann
19,20.495078,420,2460.937500,10.269464,52.734375,59.584827,hann
19,20.495078,421,2466.796875,7.972847,52.734375,59.584827,hann
19,20.495078,422,2472.656250,9.852236,52.734375,59.584827,hann
19,20.495078,423,2478.515625,5.913678,52.734375,59.584827,hann
19,20.495078,424,2484.375000,8.822414,52.734375,59.584827,hann
19,20.495078,425,2490.234375,17.690269,52.734375,59.584827,hann
19,20.495078,426,2496.093750,22.264915,52.734375,59.584827,hann
19,20.495078,427,2501.953125,21.984713,52.734375,59.584827,hann
19,20.495078,428,2507.812500,17.235025,52.734375,59.584827,hann
19,20.495078,429,2513.671875,11.492132,52.734375,59.584827,hann
19,20.495078,430,2519.531250,6.365898,52.734375,59.584827,hann
19,20.495078,431,2525.390625,9.962231,52.734375,59.584827,hann
19,20.495078,432,2531.250000,3.756276,52.734375,59.584827,hann
19,20.495078,433,2537.109375,13.059532,52.734375,59.584827,hann
19,20.495078,434,2542.968750,20.974323,52.734375,59.584827,hann
19,20.495078,435,2548.828125,22.751995,52.734375,59.584827,hann
19,20.495078,436,2554.687500,18.219280,52.734375,59.584827,hann
19,20.495078,437,2560.546875,9.249842,52.734375,59.584827,hann
19,20.495078,438,2566.406250,4.281692,52.734375,59.584827,hann
19,20.495078,439,2572.265625,4.054693,52.734375,59.584827,hann
19,20.495078,440,2578.125000,0.898046,52.734375,59.584827,hann
19,20.495078,441,2583.984375,10.238321,52.734375,59.584827,hann
19,20.495078,442,2589.843750,17.403219,52.734375,59.584827,hann
19,20.495078,443,2595.703125,19.558186,52.734375,59.584827,hann
19,20.495078,444,2601.562500,19.581501,52.734375,59.584827,hann
19,20.495078,445,2607.421875,19.082544,52.734375,59.584827,hann
19,20.495078,446,2613.281250,14.181158,52.734375,59.584827,hann
19,20.495078,447,2619.140625,6.505834,52.734375,59.584827,hann
19,20.495078,448,2625.000000,5.002277,52.734375,59.584827,hann
19,20.495078,449,2630.859375,1.963053,52.734375,59.584827,hann
19,20.495078,450,2636.718750,17.626772,52.734375,59.584827,hann
19,20.495078,451,2642.578125,25.416641,52.734375,59.584827,hann
19,20.495078,452,2648.437500,27.038553,52.734375,59.584827,hann
19,20.495078,453,2654.296875,23.485098,52.734375,59.584827,hann
19,20.495078,454,2660.156250,18.097689,52.734375,59.584827,hann
19,20.495078,455,2666.015625,15.912477,52.734375,59.584827,hann
19,20.495078,456,2671.875000,9.537947,52.734375,59.584827,hann
19,20.495078,457,2677.734375,-3.221221,52.734375,59.584827,hann
19,20.495078,458,2683.593750,2.947175,52.734375,59.584827,hann
19,20.495078,459,2689.453125,6.964365,52.734375,59.584827,hann
19,20.495078,460,2695.312500,14.466109,52.734375,59.584827,hann
19,20.495078,461,2701.171875,18.230988,52.734375,59.584827,hann
19,20.495078,462,2707.031250,18.787758,52.734375,59.584827,hann
19,20.495078,463,2712.890625,12.784685,52.734375,59.584827,hann
19,20.495078,464,2718.750000,5.709925,52.734375,59.584827,hann
19,20.495078,465,2724.609375,9.205410,52.734375,59.584827,hann
19,20.495078,466,2730.468750,4.177129,52.734375,59.584827,hann
19,20.495078,467,2736.328125,10.497662,52.734375,59.584827,hann
19,20.495078,468,2742.187500,17.836483,52.734375,59.584827,hann
19,20.495078,469,2748.046875,21.666622,52.734375,59.584827,hann
19,20.495078,470,2753.906250,22.475384,52.734375,59.584827,hann
19,20.495078,471,2759.765625,20.319403,52.734375,59.584827,hann
19,20.495078,472,2765.625000,11.261540,52.734375,59.584827,hann
19,20.495078,473,2771.484375,3.227479,52.734375,59.584827,hann
19,20.495078,474,2777.343750,2.045481,52.734375,59.584827,hann
19,20.495078,475,2783.203125,10.797838,52.734375,59.584827,hann
19,20.495078,476,2789.062500,14.065365,52.734375,59.584827,hann
19,20.495078,477,2794.921875,16.309875,52.734375,59.584827,hann
19,20.495078,478,2800.781250,16.302334,52.734375,59.584827,hann
19,20.495078,479,2806.640625,16.929131,52.734375,59.584827,hann
19,20.495078,480,2812.500000,11.138094,52.734375,59.584827,hann
19,20.495078,481,2818.359375,-0.617397,52.734375,59.584827,hann
19,20.495078,482,2824.218750,6.210544,52.734375,59.584827,hann
19,20.495078,483,2830.078125,-1.568302,52.734375,59.584827,hann
19,20.495078,484,2835.937500,14.521732,52.734375,59.584827,hann
19,20.495078,485,2841.796875,22.824038,52.734375,59.584827,hann
19,20.495078,486,2847.656250,24.567900,52.734375,59.584827,hann
19,20.495078,487,2853.515625,21.220827,52.734375,59.584827,hann
19,20.495078,488,2859.375000,15.086237,52.734375,59.584827,hann
19,20.495078,489,2865.234375,-1.981266,52.734375,59.584827,hann
19,20.495078,490,2871.093750,10.144229,52.734375,59.584827,hann
19,20.495078,491,2876.953125,8.383476,52.734375,59.584827,hann
19,20.495078,492,2882.812500,-1.097259,52.734375,59.584827,hann
19,20.495078,493,2888.671875,13.535168,52.734375,59.584827,hann
19,20.495078,494,2894.531250,18.103441,52.734375,59.584827,hann
19,20.495078,495,2900.390625,19.127943,52.734375,59.584827,hann
19,20.495078,496,2906.250000,20.425272,52.734375,59.584827,hann
19,20.495078,497,2912.109375,17.493942,52.734375,59.584827,hann
19,20.495078,498,2917.968750,13.258443,52.734375,59.584827,hann
19,20.495078,499,2923.828125,3.017108,52.734375,59.584827,hann
19,20.495078,500,2929.687500,6.773081,52.734375,59.584827,hann
19,20.495078,501,2935.546875,13.775846,52.734375,59.584827,hann
19,20.495078,502,2941.406250,19.425959,52.734375,59.584827,hann
19,20.495078,503,2947.265625,21.512403,52.734375,59.584827,hann
19,20.495078,504,2953.125000,20.220301,52.734375,59.584827,hann
19,20.495078,505,2958.984375,15.950867,52.734375,59.584827,hann
19,20.495078,506,2964.843750,2.204860,52.734375,59.584827,hann
19,20.495078,507,2970.703125,3.774500,52.734375,59.584827,hann
19,20.495078,508,2976.562500,5.387859,52.734375,59.584827,hann
19,20.495078,509,2982.421875,10.371847,52.734375,59.584827,hann
19,20.495078,510,2988.281250,15.845558,52.734375,59.584827,hann
19,20.495078,511,2994.140625,18.914402,52.734375,59.584827,hann
20,21.517431,0,0.000000,38.052788,1998.046875,59.790871,hann
20,21.517431,1,5.859375,44.458595,1998.046875,59.790871,hann
20,21.517431,2,11.718750,41.248680,1998.046875,59.790871,hann
20,21.517431,3,17.578125,38.058563,1998.046875,59.790871,hann
20,21.517431,4,23.437500,33.449131,1998.046875,59.790871,hann
20,21.517431,5,29.296875,33.040699,1998.046875,59.790871,hann
20,21.517431,6,35.156250,31.529186,1998.046875,59.790871,hann
20,21.517431,7,41.015625,44.243919,1998.046875,59.790871,hann
20,21.517431,8,46.875000,59.173527,1998.046875,59.790871,hann
20,21.517431,9,52.734375,59.190449,1998.046875,59.790871,hann
20,21.517431,10,58.593750,44.778336,1998.046875,59.790871,hann
20,21.517431,11,64.453125,27.384493,1998.046875,59.790871,hann
20,21.517431,12,70.312500,29.330408,1998.046875,59.790871,hann
20,21.517431,13,76.171875,21.870037,1998.046875,59.790871,hann
20,21.517431,14,82.031250,10.272800,1998.046875,59.790871,hann
20,21.517431,15,87.890625,27.298862,1998.046875,59.790871,hann
20,21.517431,16,93.750000,46.489491,1998.046875,59.790871,hann
20,21.517431,17,99.609375,53.353725,1998.046875,59.790871,hann
20,21.517431,18,105.468750,48.017612,1998.046875,59.790871,hann
20,21.517431,19,111.328125,25.690229,1998.046875,59.790871,hann
20,21.517431,20,117.187500,12.101042,1998.046875,59.790871,hann
20,21.517431,21,123.046875,8.069619,1998.046875,59.790871,hann
20,21.517431,22,128.906250,16.488136,1998.046875,59.790871,hann
20,21.517431,23,134.765625,14.591293,1998.046875,59.790871,hann
20,21.517431,24,140.625000,28.382591,1998.046875,59.790871,hann
20,21.517431,25,146.484375,43.343719,1998.046875,59.790871,hann
20,21.517431,26,152.343750,43.463348,1998.046875,59.790871,hann
20,21.517431,27,158.203125,30.242598,1998.046875,59.790871,hann
20,21.517431,28,164.062500,18.666628,1998.046875,59.790871,hann
20,21.517431,29,169.921875,3.484088,1998.046875,59.790871,hann
20,21.517431,30,175.781250,14.568624,1998.046875,59.790871,hann
20,21.517431,31,181.640625,14.854382,1998.046875,59.790871,hann
20,21.517431,32,187.500000,19.749454,1998.046875,59.790871,hann
20,21.517431,33,193.359375,28.867952,1998.046875,59.790871,hann
20,21.517431,34,199.218750,34.198372,1998.046875,59.790871,hann
20,21.517431,35,205.078125,26.869783,1998.046875,59.790871,hann
20,21.517431,36,210.937500,19.603600,1998.046875,59.790871,hann
20,21.517431,37,216.796875,11.856342,1998.046875,59.790871,hann
20,21.517431,38,222.656250,4.030835,1998.046875,59.790871,hann
20,21.517431,39,228.515625,8.210644,1998.046875,59.790871,hann
20,21.517431,40,234.375000,-3.507032,1998.046875,59.790871,hann
20,21.517431,41,240.234375,12.007601,1998.046875,59.790871,hann
20,21.517431,42,246.093750,23.480682,1998.046875,59.790871,hann
20,21.517431,43,251.953125,26.386892,1998.046875,59.790871,hann
20,21.517431,44,257.812500,19.280416,1998.046875,59.790871,hann
20,21.517431,45,263.671875,12.490993,1998.046875,59.790871,hann
20,21.517431,46,269.531250,14.927272,1998.046875,59.790871,hann
20,21.517431,47,275.390625,7.173564,1998.046875,59.790871,hann
20,21.517431,48,281.250000,11.761963,1998.046875,59.790871,hann
20,21.517431,49,287.109375,17.443989,1998.046875,59.790871,hann
20,21.517431,50,292.968750,29.349430,1998.046875,59.790871,hann
20,21.517431,51,298.828125,37.363655,1998.046875,59.790871,hann
20,21.517431,52,304.687500,31.979939,1998.046875,59.790871,hann
20,21.517431,53,310.546875,13.284534,1998.046875,59.790871,hann
20,21.517431,54,316.406250,10.711142,1998.046875,59.790871,hann
20,21.517431,55,322.265625,2.309921,1998.046875,59.790871,hann
20,21.517431,56,328.125000,7.912856,1998.046875,59.790871,hann
20,21.517431,57,333.984375,-0.120115,1998.046875,59.790871,hann
20,21.517431,58,339.843750,23.162403,1998.046875,59.790871,hann
20,21.517431,59,345.703125,38.038948,1998.046875,59.790871,hann
20,21.517431,60,351.562500,38.334167,1998.046875,59.790871,hann
20,21.517431,61,357.421875,21.595762,1998.046875,59.790871,hann
20,21.517431,62,363.281250,17.598146,1998.046875,59.790871,hann
20,21.517431,63,369.140625,5.204127,1998.046875,59.790871,hann
20,21.517431,64,375.000000,9.372273,1998.046875,59.790871,hann
20,21.517431,65,380.859375,3.402150,1998.046875,59.790871,hann
20,21.517431,66,386.718750,1.474439,1998.046875,59.790871,hann
20,21.517431,67,392.578125,25.303997,1998.046875,59.790871,hann
20,21.517431,68,398.437500,30.111435,1998.046875,59.790871,hann
20,21.517431,69,404.296875,19.146002,1998.046875,59.790871,hann
20,21.517431,70,410.156250,8.155859,1998.046875,59.790871,hann
20,21.517431,71,416.015625,12.721846,1998.046875,59.790871,hann
20,21.517431,72,421.875000,6.916957,1998.046875,59.790871,hann
20,21.517431,73,427.734375,6.376247,1998.046875,59.790871,hann
20,21.517431,74,433.593750,11.915524,1998.046875,59.790871,hann
20,21.517431,75,439.453125,17.856302,1998.046875,59.790871,hann
20,21.517431,76,445.312500,32.749947,1998.046875,59.790871,hann
20,21.517431,77,451.171875,32.882442,1998.046875,59.790871,hann
20,21.517431,78,457.031250,19.586693,1998.046875,59.790871,hann
20,21.517431,79,462.890625,5.380995,1998.046875,59.790871,hann
20,21.517431,80,468.750000,7.115704,1998.046875,59.790871,hann
20,21.517431,81,474.609375,13.207747,1998.046875,59.790871,hann
20,21.517431,82,480.468750,13.136051,1998.046875,59.790871,hann
20,21.517431,83,486.328125,6.568498,1998.046875,59.790871,hann
20,21.517431,84,492.187500,25.924923,1998.046875,59.790871,hann
20,21.517431,85,498.046875,32.950645,1998.046875,59.790871,hann
20,21.517431,86,503.906250,27.653187,1998.046875,59.790871,hann
20,21.517431,87,509.765625,5.128719,1998.046875,59.790871,hann
20,21.517431,88,515.625000,8.958875,1998.046875,59.790871,hann
20,21.517431,89,521.484375,8.087246,1998.046875,59.790871,hann
20,21.517431,90,527.343750,13.447255,1998.046875,59.790871,hann
20,21.517431,91,533.203125,10.310595,1998.046875,59.790871,hann
20,21.517431,92,539.062500,15.915730,1998.046875,59.790871,hann
20,21.517431,93,544.921875,31.695820,1998.046875,59.790871,hann
20,21.517431,94,550.781250,33.006557,1998.046875,59.790871,hann
20,21.517431,95,556.640625,20.421427,1998.046875,59.790871,hann
20,21.517431,96,562.500000,8.042111,1998.046875,59.790871,hann
20,21.517431,97,568.359375,-1.769251,1998.046875,59.790871,hann
20,21.517431,98,574.218750,12.191380,1998.046875,59.790871,hann
20,21.517431,99,580.078125,-6.967218,1998.046875,59.790871,hann
20,21.517431,100,585.937500,4.966157,1998.046875,59.790871,hann
20,21.517431,101,591.796875,22.749992,1998.046875,59.790871,hann
20,21.517431,102,597.656250,29.032940,1998.046875,59.790871,hann
20,21.517431,103,603.515625,22.295771,1998.046875,59.790871,hann
20,21.517431,104,609.375000,8.786390,1998.046875,59.790871,hann
20,21.517431,105,615.234375,5.374084,1998.046875,59.790871,hann
20,21.517431,106,621.093750,1.959093,1998.046875,59.790871,hann
20,21.517431,107,626.953125,4.613309,1998.046875,59.790871,hann
20,21.517431,108,632.812500,-3.983382,1998.046875,59.790871,hann
20,21.517431,109,638.671875,15.223942,1998.046875,59.790871,hann
20,21.517431,110,644.531250,26.695101,1998.046875,59.790871,hann
20,21.517431,111,650.390625,28.637604,1998.046875,59.790871,hann
20,21.517431,112,656.250000,17.169239,1998.046875,59.790871,hann
20,21.517431,113,662.109375,10.221308,1998.046875,59.790871,hann
20,21.517431,114,667.968750,7.764972,1998.046875,59.790871,hann
20,21.517431,115,673.828125,6.898335,1998.046875,59.790871,hann
20,21.517431,116,679.687500,15.022652,1998.046875,59.790871,hann
20,21.517431,117,685.546875,8.549789,1998.046875,59.790871,hann
20,21.517431,118,691.406250,21.875208,1998.046875,59.790871,hann
20,21.517431,119,697.265625,32.079391,1998.046875,59.790871,hann
20,21.517431,120,703.125000,29.258430,1998.046875,59.790871,hann
20,21.517431,121,708.984375,8.159327,1998.046875,59.790871,hann
20,21.517431,122,714.843750,10.127815,1998.046875,59.790871,hann
20,21.517431,123,720.703125,1.130030,1998.046875,59.790871,hann
20,21.517431,124,726.562500,-8.595554,1998.046875,59.790871,hann
20,21.517431,125,732.421875,-10.439072,1998.046875,59.790871,hann
20,21.517431,126,738.281250,13.390692,1998.046875,59.790871,hann
20,21.517431,127,744.140625,23.548660,1998.046875,59.790871,hann
20,21.517431,128,750.000000,22.265179,1998.046875,59.790871,hann
20,21.517431,129,755.859375,2.577402,1998.046875,59.790871,hann
20,21.517431,130,761.718750,13.531838,1998.046875,59.790871,hann
20,21.517431,131,767.578125,9.035429,1998.046875,59.790871,hann
20,21.517431,132,773.437500,1.550034,1998.046875,59.790871,hann
20,21.517431,133,779.296875,-0.840478,1998.046875,59.790871,hann
20,21.517431,134,785.156250,-3.840382,1998.046875,59.790871,hann
20,21.517431,135,791.015625,17.073132,1998.046875,59.790871,hann
20,21.517431,136,796.875000,26.653683,1998.046875,59.790871,hann
20,21.517431,137,802.734375,25.443184,1998.046875,59.790871,hann
20,21.517431,138,808.593750,15.071712,1998.046875,59.790871,hann
20,21.517431,139,814.453125,-6.320365,1998.046875,59.790871,hann
20,21.517431,140,820.312500,0.143278,1998.046875,59.790871,hann
20,21.517431,141,826.171875,10.602208,1998.046875,59.790871,hann
20,21.517431,142,832.031250,10.907378,1998.046875,59.790871,hann
20,21.517431,143,837.890625,11.661295,1998.046875,59.790871,hann
20,21.517431,144,843.750000,17.226555,1998.046875,59.790871,hann
20,21.517431,145,849.609375,15.203980,1998.046875,59.790871,hann
20,21.517431,146,855.468750,7.587791,1998.046875,59.790871,hann
20,21.517431,147,861.328125,10.917430,1998.046875,59.790871,hann
20,21.517431,148,867.187500,-2.357937,1998.046875,59.790871,hann
20,21.517431,149,873.046875,0.828693,1998.046875,59.790871,hann
20,21.517431,150,878.906250,6.355761,1998.046875,59.790871,hann
20,21.517431,151,884.765625,8.976394,1998.046875,59.790871,hann
20,21.517431,152,890.625000,20.947058,1998.046875,59.790871,hann
20,21.517431,153,896.484375,27.303183,1998.046875,59.790871,hann
20,21.517431,154,902.343750,24.987480,1998.046875,59.790871,hann
20,21.517431,155,908.203125,13.275583,1998.046875,59.790871,hann
20,21.517431,156,914.062500,-1.307016,1998.046875,59.790871,hann
20,21.517431,157,919.921875,7.329121,1998.046875,59.790871,hann
20,21.517431,158,925.781250,6.745379,1998.046875,59.790871,hann
20,21.517431,159,931.640625,6.180705,1998.046875,59.790871,hann
20,21.517431,160,937.500000,14.173811,1998.046875,59.790871,hann
20,21.517431,161,943.359375,19.075043,1998.046875,59.790871,hann
20,21.517431,162,949.218750,12.090434,1998.046875,59.790871,hann
20,21.517431,163,955.078125,10.784367,1998.046875,59.790871,hann
20,21.517431,164,960.937500,8.968962,1998.046875,59.790871,hann
20,21.517431,165,966.796875,1.884161,1998.046875,59.790871,hann
20,21.517431,166,972.656250,4.583704,1998.046875,59.790871,hann
20,21.517431,167,978.515625,-11.307114,1998.046875,59.790871,hann
20,21.517431,168,984.375000,7.029815,1998.046875,59.790871,hann
20,21.517431,169,990.234375,17.855291,1998.046875,59.790871,hann
20,21.517431,170,996.093750,27.319134,1998.046875,59.790871,hann
20,21.517431,171,1001.953125,24.714832,1998.046875,59.790871,hann
20,21.517431,172,1007.812500,-0.379133,1998.046875,59.790871,hann
20,21.517431,173,1013.671875,13.187595,1998.046875,59.790871,hann
20,21.517431,174,1019.531250,1.842472,1998.046875,59.790871,hann
20,21.517431,175,1025.390625,4.151311,1998.046875,59.790871,hann
20,21.517431,176,1031.250000,10.020100,1998.046875,59.790871,hann
20,21.517431,177,1037.109375,17.824734,1998.046875,59.790871,hann
20,21.517431,178,1042.968750,20.719894,1998.046875,59.790871,hann
20,21.517431,179,1048.828125,23.096676,1998.046875,59.790871,hann
20,21.517431,180,1054.687500,19.316145,1998.046875,59.790871,hann
20,21.517431,181,1060.546875,11.700132,1998.046875,59.790871,hann
20,21.517431,182,1066.406250,-11.492633,1998.046875,59.790871,hann
20,21.517431,183,1072.265625,3.175446,1998.046875,59.790871,hann
20,21.517431,184,1078.125000,-3.047393,1998.046875,59.790871,hann
20,21.517431,185,1083.984375,8.622349,1998.046875,59.790871,hann
20,21.517431,186,1089.843750,18.337568,1998.046875,59.790871,hann
20,21.517431,187,1095.703125,28.163881,1998.046875,59.790871,hann
20,21.517431,188,1101.562500,27.366713,1998.046875,59.790871,hann
20,21.517431,189,1107.421875,15.914118,1998.046875,59.790871,hann
20,21.517431,190,1113.281250,0.186776,1998.046875,59.790871,hann
20,21.517431,191,1119.140625,2.960857,1998.046875,59.790871,hann
20,21.517431,192,1125.000000,5.319805,1998.046875,59.790871,hann
20,21.517431,193,1130.859375,8.552988,1998.046875,59.790871,hann
20,21.517431,194,1136.718750,13.586007,1998.046875,59.790871,hann
20,21.517431,195,1142.578125,22.351656,1998.046875,59.790871,hann
20,21.517431,196,1148.437500,27.035721,1998.046875,59.790871,hann
20,21.517431,197,1154.296875,19.270962,1998.046875,59.790871,hann
20,21.517431,198,1160.156250,10.674128,1998.046875,59.790871,hann
20,21.517431,199,1166.015625,4.228620,1998.046875,59.790871,hann
20,21.517431,200,1171.875000,2.763464,1998.046875,59.790871,hann
20,21.517431,201,1177.734375,1.527078,1998.046875,59.790871,hann
20,21.517431,202,1183.593750,-1.777217,1998.046875,59.790871,hann
20,21.517431,203,1189.453125,13.636483,1998.046875,59.790871,hann
20,21.517431,204,1195.312500,23.974398,1998.046875,59.790871,hann
20,21.517431,205,1201.171875,25.088242,1998.046875,59.790871,hann
20,21.517431,206,1207.031250,14.876771,1998.046875,59.790871,hann
20,21.517431,207,1212.890625,6.501713,1998.046875,59.790871,hann
20,21.517431,208,1218.750000,6.403551,1998.046875,59.790871,hann
20,21.517431,209,1224.609375,5.601188,1998.046875,59.790871,hann
20,21.517431,210,1230.468750,6.236928,1998.046875,59.790871,hann
20,21.517431,211,1236.328125,10.827332,1998.046875,59.790871,hann
20,21.517431,212,1242.187500,24.068474,1998.046875,59.790871,hann
20,21.517431,213,1248.046875,27.973173,1998.046875,59.790871,hann
20,21.517431,214,1253.906250,22.323549,1998.046875,59.790871,hann
20,21.517431,215,1259.765625,8.131052,1998.046875,59.790871,hann
20,21.517431,216,1265.625000,-2.253846,1998.046875,59.790871,hann
20,21.517431,217,1271.484375,-4.654988,1998.046875,59.790871,hann
20,21.517431,218,1277.343750,3.394425,1998.046875,59.790871,hann
20,21.517431,219,1283.203125,-4.196624,1998.046875,59.790871,hann
20,21.517431,220,1289.062500,15.506599,1998.046875,59.790871,hann
20,21.517431,221,1294.921875,22.536097,1998.046875,59.790871,hann
20,21.517431,222,1300.781250,21.401842,1998.046875,59.790871,hann
20,21.517431,223,1306.640625,7.531688,1998.046875,59.790871,hann
20,21.517431,224,1312.500000,-2.116706,1998.046875,59.790871,hann
20,21.517431,225,1318.359375,2.680244,1998.046875,59.790871,hann
20,21.517431,226,1324.218750,13.568248,1998.046875,59.790871,hann
20,21.517431,227,1330.078125,13.992414,1998.046875,59.790871,hann
20,21.517431,228,1335.937500,16.786018,1998.046875,59.790871,hann
20,21.517431,229,1341.796875,16.286194,1998.046875,59.790871,hann
20,21.517431,230,1347.656250,26.955881,1998.046875,59.790871,hann
20,21.517431,231,1353.515625,24.474611,1998.046875,59.790871,hann
20,21.517431,232,1359.375000,12.384254,1998.046875,59.790871,hann
20,21.517431,233,1365.234375,12.009439,1998.046875,59.790871,hann
20,21.517431,234,1371.093750,7.094984,1998.046875,59.790871,hann
20,21.517431,235,1376.953125,5.833258,1998.046875,59.790871,hann
20,21.517431,236,1382.812500,7.544842,1998.046875,59.790871,hann
20,21.517431,237,1388.671875,15.487199,1998.046875,59.790871,hann
20,21.517431,238,1394.531250,22.053747,1998.046875,59.790871,hann
20,21.517431,239,1400.390625,23.146996,1998.046875,59.790871,hann
20,21.517431,240,1406.250000,13.057237,1998.046875,59.790871,hann
20,21.517431,241,1412.109375,2.114736,1998.046875,59.790871,hann
20,21.517431,242,1417.968750,9.300832,1998.046875,59.790871,hann
20,21.517431,243,1423.828125,7.874332,1998.046875,59.790871,hann
20,21.517431,244,1429.687500,10.709450,1998.046875,59.790871,hann
20,21.517431,245,1435.546875,5.773666,1998.046875,59.790871,hann
20,21.517431,246,1441.406250,23.002043,1998.046875,59.790871,hann
20,21.517431,247,1447.265625,28.749392,1998.046875,59.790871,hann
20,21.517431,248,1453.125000,24.627502,1998.046875,59.790871,hann
20,21.517431,249,1458.984375,13.216112,1998.046875,59.790871,hann
20,21.517431,250,1464.843750,7.688517,1998.046875,59.790871,hann
20,21.517431,251,1470.703125,9.705443,1998.046875,59.790871,hann
20,21.517431,252,1476.562500,11.670971,1998.046875,59.790871,hann
20,21.517431,253,1482.421875,8.549766,1998.046875,59.790871,hann
20,21.517431,254,1488.281250,18.106842,1998.046875,59.790871,hann
20,21.517431,255,1494.140625,23.014229,1998.046875,59.790871,hann
20,21.517431,256,1500.000000,24.553698,1998.046875,59.790871,hann
20,21.517431,257,1505.859375,17.667025,1998.046875,59.790871,hann
20,21.517431,258,1511.718750,4.324625,1998.046875,59.790871,hann
20,21.517431,259,1517.578125,5.803597,1998.046875,59.790871,hann
20,21.517431,260,1523.437500,8.539335,1998.046875,59.790871,hann
20,21.517431,261,1529.296875,6.585913,1998.046875,59.790871,hann
20,21.517431,262,1535.156250,11.528675,1998.046875,59.790871,hann
20,21.517431,263,1541.015625,13.259758,1998.046875,59.790871,hann
20,21.517431,264,1546.875000,19.496185,1998.046875,59.790871,hann
20,21.517431,265,1552.734375,18.247593,1998.046875,59.790871,hann
20,21.517431,266,1558.593750,7.809415,1998.046875,59.790871,hann
20,21.517431,267,1564.453125,2.131768,1998.046875,59.790871,hann
20,21.517431,268,1570.312500,6.821444,1998.046875,59.790871,hann
20,21.517431,269,1576.171875,4.764109,1998.046875,59.790871,hann
20,21.517431,270,1582.031250,2.996280,1998.046875,59.790871,hann
20,21.517431,271,1587.890625,10.593509,1998.046875,59.790871,hann
20,21.517431,272,1593.750000,20.291489,1998.046875,59.790871,hann
20,21.517431,273,1599.609375,26.314899,1998.046875,59.790871,hann
20,21.517431,274,1605.468750,19.523819,1998.046875,59.790871,hann
20,21.517431,275,1611.328125,3.844533,1998.046875,59.790871,hann
20,21.517431,276,1617.187500,-3.676761,1998.046875,59.790871,hann
20,21.517431,277,1623.046875,-1.461337,1998.046875,59.790871,hann
20,21.517431,278,1628.906250,12.032508,1998.046875,59.790871,hann
20,21.517431,279,1634.765625,7.357410,1998.046875,59.790871,hann
20,21.517431,280,1640.625000,16.905996,1998.046875,59.790871,hann
20,21.517431,281,1646.484375,22.736778,1998.046875,59.790871,hann
20,21.517431,282,1652.343750,20.486753,1998.046875,59.790871,hann
20,21.517431,283,1658.203125,20.338556,1998.046875,59.790871,hann
20,21.517431,284,1664.062500,13.864067,1998.046875,59.790871,hann
20,21.517431,285,1669.921875,9.959129,1998.046875,59.790871,hann
20,21.517431,286,1675.781250,5.789776,1998.046875,59.790871,hann
20,21.517431,287,1681.640625,-2.806158,1998.046875,59.790871,hann
20,21.517431,288,1687.500000,13.594053,1998.046875,59.790871,hann
20,21.517431,289,1693.359375,22.901915,1998.046875,59.790871,hann
20,21.517431,290,1699.218750,25.293270,1998.046875,59.790871,hann
20,21.517431,291,1705.078125,19.715363,1998.046875,59.790871,hann
20,21.517431,292,1710.937500,14.053772,1998.046875,59.790871,hann
20,21.517431,293,1716.796875,11.739084,1998.046875,59.790871,hann
20,21.517431,294,1722.656250,1.501597,1998.046875,59.790871,hann
20,21.517431,295,1728.515625,12.576391,1998.046875,59.790871,hann
20,21.517431,296,1734.375000,10.416105,1998.046875,59.790871,hann
20,21.517431,297,1740.234375,12.482557,1998.046875,59.790871,hann
20,21.517431,298,1746.093750,22.161896,1998.046875,59.790871,hann
20,21.517431,299,1751.953125,22.062292,1998.046875,59.790871,hann
20,21.517431,300,1757.812500,18.345322,1998.046875,59.790871,hann
20,21.517431,301,1763.671875,9.294344,1998.046875,59.790871,hann
20,21.517431,302,1769.531250,9.712564,1998.046875,59.790871,hann
20,21.517431,303,1775.390625,3.085707,1998.046875,59.790871,hann
20,21.517431,304,1781.250000,-0.056423,1998.046875,59.790871,hann
20,21.517431,305,1787.109375,16.589767,1998.046875,59.790871,hann
20,21.517431,306,1792.968750,21.636820,1998.046875,59.790871,hann
20,21.517431,307,1798.828125,28.099731,1998.046875,59.790871,hann
20,21.517431,308,1804.687500,23.481911,1998.046875,59.790871,hann
20,21.517431,309,1810.546875,15.755948,1998.046875,59.790871,hann
20,21.517431,310,1816.406250,7.936263,1998.046875,59.790871,hann
20,21.517431,311,1822.265625,12.629753,1998.046875,59.790871,hann
20,21.517431,312,1828.125000,0.566562,1998.046875,59.790871,hann
20,21.517431,313,1833.984375,7.598536,1998.046875,59.790871,hann
20,21.517431,314,1839.843750,18.912607,1998.046875,59.790871,hann
20,21.517431,315,1845.703125,25.805998,1998.046875,59.790871,hann
20,21.517431,316,1851.562500,22.724182,1998.046875,59.790871,hann
20,21.517431,317,1857.421875,21.270525,1998.046875,59.790871,hann
20,21.517431,318,1863.281250,15.768229,1998.046875,59.790871,hann
20,21.517431,319,1869.140625,17.037960,1998.046875,59.790871,hann
20,21.517431,320,1875.000000,15.958721,1998.046875,59.790871,hann
20,21.517431,321,1880.859375,11.201018,1998.046875,59.790871,hann
20,21.517431,322,1886.718750,19.429134,1998.046875,59.790871,hann
20,21.517431,323,1892.578125,29.213837,1998.046875,59.790871,hann
20,21.517431,324,1898.437500,33.620075,1998.046875,59.790871,hann
20,21.517431,325,1904.296875,27.584785,1998.046875,59.790871,hann
20,21.517431,326,1910.156250,13.011868,1998.046875,59.790871,hann
20,21.517431,327,1916.015625,19.353374,1998.046875,59.790871,hann
20,21.517431,328,1921.875000,5.533395,1998.046875,59.790871,hann
20,21.517431,329,1927.734375,25.111893,1998.046875,59.790871,hann
20,21.517431,330,1933.593750,25.326111,1998.046875,59.790871,hann
20,21.517431,331,1939.453125,24.324224,1998.046875,59.790871,hann
20,21.517431,332,1945.312500,42.948494,1998.046875,59.790871,hann
20,21.517431,333,1951.171875,42.379112,1998.046875,59.790871,hann
20,21.517431,334,1957.031250,34.278835,1998.046875,59.790871,hann
20,21.517431,335,1962.890625,24.335255,1998.046875,59.790871,hann
20,21.517431,336,1968.750000,28.460808,1998.046875,59.790871,hann
20,21.517431,337,1974.609375,37.091179,1998.046875,59.790871,hann
20,21.517431,338,1980.468750,36.562195,1998.046875,59.790871,hann
20,21.517431,339,1986.328125,44.967289,1998.046875,59.790871,hann
20,21.517431,340,1992.187500,54.453133,1998.046875,59.790871,hann
20,21.517431,341,1998.046875,59.790871,1998.046875,59.790871,hann
20,21.517431,342,2003.906250,55.667023,1998.046875,59.790871,hann
20,21.517431,343,2009.765625,47.755131,1998.046875,59.790871,hann
20,21.517431,344,2015.625000,33.663872,1998.046875,59.790871,hann
20,21.517431,345,2021.484375,32.858105,1998.046875,59.790871,hann
20,21.517431,346,2027.343750,20.746960,1998.046875,59.790871,hann
20,21.517431,347,2033.203125,14.766705,1998.046875,59.790871,hann
20,21.517431,348,2039.062500,27.064289,1998.046875,59.790871,hann
20,21.517431,349,2044.921875,41.242924,1998.046875,59.790871,hann
20,21.517431,350,2050.781250,41.709511,1998.046875,59.790871,hann
20,21.517431,351,2056.640625,35.692047,1998.046875,59.790871,hann
20,21.517431,352,2062.500000,5.005789,1998.046875,59.790871,hann
20,21.517431,353,2068.359375,24.706823,1998.046875,59.790871,hann
20,21.517431,354,2074.218750,17.706116,1998.046875,59.790871,hann
20,21.517431,355,2080.078125,13.886005,1998.046875,59.790871,hann
20,21.517431,356,2085.937500,20.305004,1998.046875,59.790871,hann
20,21.517431,357,2091.796875,28.726408,1998.046875,59.790871,hann
20,21.517431,358,2097.656250,32.454258,1998.046875,59.790871,hann
20,21.517431,359,2103.515625,25.870543,1998.046875,59.790871,hann
20,21.517431,360,2109.375000,19.946686,1998.046875,59.790871,hann
20,21.517431,361,2115.234375,6.387603,1998.046875,59.790871,hann
20,21.517431,362,2121.093750,12.684525,1998.046875,59.790871,hann
20,21.517431,363,2126.953125,11.721434,1998.046875,59.790871,hann
20,21.517431,364,2132.812500,13.066731,1998.046875,59.790871,hann
20,21.517431,365,2138.671875,4.426099,1998.046875,59.790871,hann
20,21.517431,366,2144.531250,24.767281,1998.046875,59.790871,hann
20,21.517431,367,2150.390625,24.897881,1998.046875,59.790871,hann
20,21.517431,368,2156.250000,19.350632,1998.046875,59.790871,hann
20,21.517431,369,2162.109375,7.908752,1998.046875,59.790871,hann
20,21.517431,370,2167.968750,5.375752,1998.046875,59.790871,hann
20,21.517431,371,2173.828125,-0.759287,1998.046875,59.790871,hann
20,21.517431,372,2179.687500,-0.407250,1998.046875,59.790871,hann
20,21.517431,373,2185.546875,11.859612,1998.046875,59.790871,hann
20,21.517431,374,2191.406250,15.953215,1998.046875,59.790871,hann
20,21.517431,375,2197.265625,25.392979,1998.046875,59.790871,hann
20,21.517431,376,2203.125000,24.263321,1998.046875,59.790871,hann
20,21.517431,377,2208.984375,10.294728,1998.046875,59.790871,hann
20,21.517431,378,2214.843750,13.398467,1998.046875,59.790871,hann
20,21.517431,379,2220.703125,1.644706,1998.046875,59.790871,hann
20,21.517431,380,2226.562500,3.259653,1998.046875,59.790871,hann
20,21.517431,381,2232.421875,16.989765,1998.046875,59.790871,hann
20,21.517431,382,2238.281250,15.447773,1998.046875,59.790871,hann
20,21.517431,383,2244.140625,21.255997,1998.046875,59.790871,hann
20,21.517431,384,2250.000000,22.643620,1998.046875,59.790871,hann
20,21.517431,385,2255.859375,13.300481,1998.046875,59.790871,hann
20,21.517431,386,2261.718750,6.464705,1998.046875,59.790871,hann
20,21.517431,387,2267.578125,6.122189,1998.046875,59.790871,hann
20,21.517431,388,2273.437500,0.335525,1998.046875,59.790871,hann
20,21.517431,389,2279.296875,1.977835,1998.046875,59.790871,hann
20,21.517431,390,2285.156250,7.865667,1998.046875,59.790871,hann
20,21.517431,391,2291.015625,12.276631,1998.046875,59.790871,hann
20,21.517431,392,2296.875000,17.133028,1998.046875,59.790871,hann
20,21.517431,393,2302.734375,15.486696,1998.046875,59.790871,hann
20,21.517431,394,2308.593750,13.086185,1998.046875,59.790871,hann
20,21.517431,395,2314.453125,13.889308,1998.046875,59.790871,hann
20,21.517431,396,2320.312500,4.892053,1998.046875,59.790871,hann
20,21.517431,397,2326.171875,16.827457,1998.046875,59.790871,hann
20,21.517431,398,2332.031250,15.407473,1998.046875,59.790871,hann
20,21.517431,399,2337.890625,15.288214,1998.046875,59.790871,hann
20,21.517431,400,2343.750000,16.027281,1998.046875,59.790871,hann
20,21.517431,401,2349.609375,19.057158,1998.046875,59.790871,hann
20,21.517431,402,2355.468750,19.081324,1998.046875,59.790871,hann
20,21.517431,403,2361.328125,15.376468,1998.046875,59.790871,hann
20,21.517431,404,2367.187500,4.546738,1998.046875,59.790871,hann
20,21.517431,405,2373.046875,9.242929,1998.046875,59.790871,hann
20,21.517431,406,2378.906250,9.756812,1998.046875,59.790871,hann
20,21.517431,407,2384.765625,6.712787,1998.046875,59.790871,hann
20,21.517431,408,2390.625000,17.723576,1998.046875,59.790871,hann
20,21.517431,409,2396.484375,23.658310,1998.046875,59.790871,hann
20,21.517431,410,2402.343750,23.432886,1998.046875,59.790871,hann
20,21.517431,411,2408.203125,14.602669,1998.046875,59.790871,hann
20,21.517431,412,2414.062500,10.941118,1998.046875,59.790871,hann
20,21.517431,413,2419.921875,5.976640,1998.046875,59.790871,hann
20,21.517431,414,2425.781250,7.522053,1998.046875,59.790871,hann
20,21.517431,415,2431.640625,4.175835,1998.046875,59.790871,hann
20,21.517431,416,2437.500000,13.499371,1998.046875,59.790871,hann
20,21.517431,417,2443.359375,14.097724,1998.046875,59.790871,hann
20,21.517431,418,2449.218750,19.898830,1998.046875,59.790871,hann
20,21.517431,419,2455.078125,17.030050,1998.046875,59.790871,hann
20,21.517431,420,2460.937500,15.832420,1998.046875,59.790871,hann
20,21.517431,421,2466.796875,16.010883,1998.046875,59.790871,hann
20,21.517431,422,2472.656250,5.901431,1998.046875,59.790871,hann
20,21.517431,423,2478.515625,0.543258,1998.046875,59.790871,hann
20,21.517431,424,2484.375000,14.196986,1998.046875,59.790871,hann
20,21.517431,425,2490.234375,11.698070,1998.046875,59.790871,hann
20,21.517431,426,2496.093750,15.408745,1998.046875,59.790871,hann
20,21.517431,427,2501.953125,19.839632,1998.046875,59.790871,hann
20,21.517431,428,2507.812500,17.996586,1998.046875,59.790871,hann
20,21.517431,429,2513.671875,11.363504,1998.046875,59.790871,hann
20,21.517431,430,2519.531250,-8.147178,1998.046875,59.790871,hann
20,21.517431,431,2525.390625,6.033047,1998.046875,59.790871,hann
20,21.517431,432,2531.250000,6.585332,1998.046875,59.790871,hann
20,21.517431,433,2537.109375,7.766961,1998.046875,59.790871,hann
20,21.517431,434,2542.968750,14.311687,1998.046875,59.790871,hann
20,21.517431,435,2548.828125,19.348408,1998.046875,59.790871,hann
20,21.517431,436,2554.687500,18.725395,1998.046875,59.790871,hann
20,21.517431,437,2560.546875,6.710662,1998.046875,59.790871,hann
20,21.517431,438,2566.406250,3.440876,1998.046875,59.790871,hann
20,21.517431,439,2572.265625,6.667310,1998.046875,59.790871,hann
20,21.517431,440,2578.125000,7.862499,1998.046875,59.790871,hann
20,21.517431,441,2583.984375,4.969863,1998.046875,59.790871,hann
20,21.517431,442,2589.843750,13.950434,1998.046875,59.790871,hann
20,21.517431,443,2595.703125,11.257271,1998.046875,59.790871,hann
20,21.517431,444,2601.562500,17.512541,1998.046875,59.790871,hann
20,21.517431,445,2607.421875,17.725676,1998.046875,59.790871,hann
20,21.517431,446,2613.281250,14.586640,1998.046875,59.790871,hann
20,21.517431,447,2619.140625,10.687041,1998.046875,59.790871,hann
20,21.517431,448,2625.000000,6.593277,1998.046875,59.790871,hann
20,21.517431,449,2630.859375,8.272624,1998.046875,59.790871,hann
20,21.517431,450,2636.718750,15.367462,1998.046875,59.790871,hann
20,21.517431,451,2642.578125,22.046062,1998.046875,59.790871,hann
20,21.517431,452,2648.437500,23.570147,1998.046875,59.790871,hann
20,21.517431,453,2654.296875,21.805294,1998.046875,59.790871,hann
20,21.517431,454,2660.156250,17.082428,1998.046875,59.790871,hann
20,21.517431,455,2666.015625,6.209266,1998.046875,59.790871,hann
20,21.517431,456,2671.875000,-5.295489,1998.046875,59.790871,hann
20,21.517431,457,2677.734375,8.145821,1998.046875,59.790871,hann
20,21.517431,458,2683.593750,8.653211,1998.046875,59.790871,hann
20,21.517431,459,2689.453125,4.053688,1998.046875,59.790871,hann
20,21.517431,460,2695.312500,3.034811,1998.046875,59.790871,hann
20,21.517431,461,2701.171875,9.619246,1998.046875,59.790871,hann
20,21.517431,462,2707.031250,11.262097,1998.046875,59.790871,hann
20,21.517431,463,2712.890625,-0.035815,1998.046875,59.790871,hann
20,21.517431,464,2718.750000,1.616642,1998.046875,59.790871,hann
20,21.517431,465,2724.609375,-2.860230,1998.046875,59.790871,hann
20,21.517431,466,2730.468750,-0.475942,1998.046875,59.790871,hann
20,21.517431,467,2736.328125,6.489886,1998.046875,59.790871,hann
20,21.517431,468,2742.187500,11.860885,1998.046875,59.790871,hann
20,21.517431,469,2748.046875,19.391649,1998.046875,59.790871,hann
20,21.517431,470,2753.906250,17.270718,1998.046875,59.790871,hann
20,21.517431,471,2759.765625,6.161572,1998.046875,59.790871,hann
20,21.517431,472,2765.625000,-3.402574,1998.046875,59.790871,hann
20,21.517431,473,2771.484375,2.840805,1998.046875,59.790871,hann
20,21.517431,474,2777.343750,6.614037,1998.046875,59.790871,hann
20,21.517431,475,2783.203125,8.338296,1998.046875,59.790871,hann
20,21.517431,476,2789.062500,0.693212,1998.046875,59.790871,hann
20,21.517431,477,2794.921875,10.822640,1998.046875,59.790871,hann
20,21.517431,478,2800.781250,14.537982,1998.046875,59.790871,hann
20,21.517431,479,2806.640625,13.509021,1998.046875,59.790871,hann
20,21.517431,480,2812.500000,5.618392,1998.046875,59.790871,hann
20,21.517431,481,2818.359375,2.098225,1998.046875,59.790871,hann
20,21.517431,482,2824.218750,-5.565681,1998.046875,59.790871,hann
20,21.517431,483,2830.078125,9.295928,1998.046875,59.790871,hann
20,21.517431,484,2835.937500,12.575707,1998.046875,59.790871,hann
20,21.517431,485,2841.796875,17.340502,1998.046875,59.790871,hann
20,21.517431,486,2847.656250,19.187981,1998.046875,59.790871,hann
20,21.517431,487,2853.515625,19.550371,1998.046875,59.790871,hann
20,21.517431,488,2859.375000,16.953985,1998.046875,59.790871,hann
20,21.517431,489,2865.234375,8.336640,1998.046875,59.790871,hann
20,21.517431,490,2871.093750,0.280374,1998.046875,59.790871,hann
20,21.517431,491,2876.953125,6.436567,1998.046875,59.790871,hann
20,21.517431,492,2882.812500,11.208891,1998.046875,59.790871,hann
20,21.517431,493,2888.671875,6.294544,1998.046875,59.790871,hann
20,21.517431,494,2894.531250,13.291864,1998.046875,59.790871,hann
20,21.517431,495,2900.390625,13.407016,1998.046875,59.790871,hann
20,21.517431,496,2906.250000,11.104664,1998.046875,59.790871,hann
20,21.517431,497,2912.109375,5.778499,1998.046875,59.790871,hann
20,21.517431,498,2917.968750,4.493151,1998.046875,59.790871,hann
20,21.517431,499,2923.828125,8.486393,1998.046875,59.790871,hann
20,21.517431,500,2929.687500,8.928936,1998.046875,59.790871,hann
20,21.517431,501,2935.546875,11.636370,1998.046875,59.790871,hann
20,21.517431,502,2941.406250,16.186543,1998.046875,59.790871,hann
20,21.517431,503,2947.265625,18.009130,1998.046875,59.790871,hann
20,21.517431,504,2953.125000,15.160130,1998.046875,59.790871,hann
20,21.517431,505,2958.984375,9.649786,1998.046875,59.790871,hann
20,21.517431,506,2964.843750,2.440318,1998.046875,59.790871,hann
20,21.517431,507,2970.703125,4.887426,1998.046875,59.790871,hann
20,21.517431,508,2976.562500,10.257808,1998.046875,59.790871,hann
20,21.517431,509,2982.421875,8.809577,1998.046875,59.790871,hann
20,21.517431,510,2988.281250,8.613289,1998.046875,59.790871,hann
20,21.517431,511,2994.140625,10.979968,1998.046875,59.790871,hann
21,22.539791,0,0.000000,36.772186,1998.046875,59.649689,hann
21,22.539791,1,5.859375,42.830902,1998.046875,59.649689,hann
21,22.539791,2,11.718750,39.353420,1998.046875,59.649689,hann
21,22.539791,3,17.578125,34.433784,1998.046875,59.649689,hann
21,22.539791,4,23.437500,33.810535,1998.046875,59.649689,hann
21,22.539791,5,29.296875,33.796257,1998.046875,59.649689,hann
21,22.539791,6,35.156250,33.798794,1998.046875,59.649689,hann
21,22.539791,7,41.015625,43.859940,1998.046875,59.649689,hann
21,22.539791,8,46.875000,59.313587,1998.046875,59.649689,hann
21,22.539791,9,52.734375,59.387115,1998.046875,59.649689,hann
21,22.539791,10,58.593750,44.194916,1998.046875,59.649689,hann
21,22.539791,11,64.453125,32.079483,1998.046875,59.649689,hann
21,22.539791,12,70.312500,28.273472,1998.046875,59.649689,hann
21,22.539791,13,76.171875,11.771729,1998.046875,59.649689,hann
21,22.539791,14,82.031250,17.827150,1998.046875,59.649689,hann
21,22.539791,15,87.890625,24.210670,1998.046875,59.649689,hann
21,22.539791,16,93.750000,46.658268,1998.046875,59.649689,hann
21,22.539791,17,99.609375,53.576553,1998.046875,59.649689,hann
21,22.539791,18,105.468750,48.276997,1998.046875,59.649689,hann
21,22.539791,19,111.328125,23.515837,1998.046875,59.649689,hann
21,22.539791,20,117.187500,20.291973,1998.046875,59.649689,hann
21,22.539791,21,123.046875,13.684319,1998.046875,59.649689,hann
21,22.539791,22,128.906250,8.927696,1998.046875,59.649689,hann
21,22.539791,23,134.765625,3.079166,1998.046875,59.649689,hann
21,22.539791,24,140.625000,30.313709,1998.046875,59.649689,hann
21,22.539791,25,146.484375,44.048080,1998.046875,59.649689,hann
21,22.539791,26,152.343750,44.132034,1998.046875,59.649689,hann
21,22.539791,27,158.203125,31.934322,1998.046875,59.649689,hann
21,22.539791,28,164.062500,13.873824,1998.046875,59.649689,hann
21,22.539791,29,169.921875,20.430449,1998.046875,59.649689,hann
21,22.539791,30,175.781250,4.241265,1998.046875,59.649689,hann
21,22.539791,31,181.640625,5.794456,1998.046875,59.649689,hann
21,22.539791,32,187.500000,13.035365,1998.046875,59.649689,hann
21,22.539791,33,193.359375,32.097565,1998.046875,59.649689,hann
21,22.539791,34,199.218750,35.690945,1998.046875,59.649689,hann
21,22.539791,35,205.078125,24.466557,1998.046875,59.649689,hann
21,22.539791,36,210.937500,18.364590,1998.046875,59.649689,hann
21,22.539791,37,216.796875,14.217566,1998.046875,59.649689,hann
21,22.539791,38,222.656250,9.511001,1998.046875,59.649689,hann
21,22.539791,39,228.515625,9.536886,1998.046875,59.649689,hann
21,22.539791,40,234.375000,15.662108,1998.046875,59.649689,hann
21,22.539791,41,240.234375,16.421772,1998.046875,59.649689,hann
21,22.539791,42,246.093750,27.445713,1998.046875,59.649689,hann
21,22.539791,43,251.953125,25.525198,1998.046875,59.649689,hann
21,22.539791,44,257.812500,20.782566,1998.046875,59.649689,hann
21,22.539791,45,263.671875,16.533869,1998.046875,59.649689,hann
21,22.539791,46,269.531250,9.139498,1998.046875,59.649689,hann
21,22.539791,47,275.390625,12.457705,1998.046875,59.649689,hann
21,22.539791,48,281.250000,10.509062,1998.046875,59.649689,hann
21,22.539791,49,287.109375,12.605819,1998.046875,59.649689,hann
21,22.539791,50,292.968750,29.864883,1998.046875,59.649689,hann
21,22.539791,51,298.828125,37.121368,1998.046875,59.649689,hann
21,22.539791,52,304.687500,32.804321,1998.046875,59.649689,hann
21,22.539791,53,310.546875,18.200939,1998.046875,59.649689,hann
21,22.539791,54,316.406250,-0.946994,1998.046875,59.649689,hann
21,22.539791,55,322.265625,8.101812,1998.046875,59.649689,hann
21,22.539791,56,328.125000,5.822933,1998.046875,59.649689,hann
21,22.539791,57,333.984375,10.184053,1998.046875,59.649689,hann
21,22.539791,58,339.843750,24.778458,1998.046875,59.649689,hann
21,22.539791,59,345.703125,38.433727,1998.046875,59.649689,hann
21,22.539791,60,351.562500,37.853271,1998.046875,59.649689,hann
21,22.539791,61,357.421875,21.908998,1998.046875,59.649689,hann
21,22.539791,62,363.281250,6.113724,1998.046875,59.649689,hann
21,22.539791,63,369.140625,8.538555,1998.046875,59.649689,hann
21,22.539791,64,375.000000,2.461378,1998.046875,59.649689,hann
21,22.539791,65,380.859375,2.373387,1998.046875,59.649689,hann
21,22.539791,66,386.718750,11.658874,1998.046875,59.649689,hann
21,22.539791,67,392.578125,26.820318,1998.046875,59.649689,hann
21,22.539791,68,398.437500,30.566422,1998.046875,59.649689,hann
21,22.539791,69,404.296875,22.611759,1998.046875,59.649689,hann
21,22.539791,70,410.156250,15.675339,1998.046875,59.649689,hann
21,22.539791,71,416.015625,11.043683,1998.046875,59.649689,hann
21,22.539791,72,421.875000,8.004099,1998.046875,59.649689,hann
21,22.539791,73,427.734375,6.902575,1998.046875,59.649689,hann
21,22.539791,74,433.593750,-1.362673,1998.046875,59.649689,hann
21,22.539791,75,439.453125,20.048744,1998.046875,59.649689,hann
21,22.539791,76,445.312500,32.495560,1998.046875,59.649689,hann
21,22.539791,77,451.171875,32.510456,1998.046875,59.649689,hann
21,22.539791,78,457.031250,17.670197,1998.046875,59.649689,hann
21,22.539791,79,462.890625,12.596902,1998.046875,59.649689,hann
21,22.539791,80,468.750000,10.135870,1998.046875,59.649689,hann
21,22.539791,81,474.609375,9.155347,1998.046875,59.649689,hann
21,22.539791,82,480.468750,4.723709,1998.046875,59.649689,hann
21,22.539791,83,486.328125,6.575944,1998.046875,59.649689,hann
21,22.539791,84,492.187500,27.564772,1998.046875,59.649689,hann
21,22.539791,85,498.046875,32.767063,1998.046875,59.649689,hann
21,22.539791,86,503.906250,25.782202,1998.046875,59.649689,hann
21,22.539791,87,509.765625,15.446786,1998.046875,59.649689,hann
21,22.539791,88,515.625000,9.209031,1998.046875,59.649689,hann
21,22.539791,89,521.484375,0.342799,1998.046875,59.649689,hann
21,22.539791,90,527.343750,5.507812,1998.046875,59.649689,hann
21,22.539791,91,533.203125,10.167098,1998.046875,59.649689,hann
21,22.539791,92,539.062500,22.381680,1998.046875,59.649689,hann
21,22.539791,93,544.921875,33.130077,1998.046875,59.649689,hann
21,22.539791,94,550.781250,32.966202,1998.046875,59.649689,hann
21,22.539791,95,556.640625,19.830040,1998.046875,59.649689,hann
21,22.539791,96,562.500000,7.561784,1998.046875,59.649689,hann
21,22.539791,97,568.359375,7.963978,1998.046875,59.649689,hann
21,22.539791,98,574.218750,5.670245,1998.046875,59.649689,hann
21,22.539791,99,580.078125,9.888341,1998.046875,59.649689,hann
21,22.539791,100,585.937500,7.725616,1998.046875,59.649689,hann
21,22.539791,101,591.796875,24.303865,1998.046875,59.649689,hann
21,22.539791,102,597.656250,29.528053,1998.046875,59.649689,hann
21,22.539791,103,603.515625,23.557327,1998.046875,59.649689,hann
21,22.539791,104,609.375000,5.088580,1998.046875,59.649689,hann
21,22.539791,105,615.234375,0.263715,1998.046875,59.649689,hann
21,22.539791,106,621.093750,4.845085,1998.046875,59.649689,hann
21,22.539791,107,626.953125,10.998373,1998.046875,59.649689,hann
21,22.539791,108,632.812500,9.263746,1998.046875,59.649689,hann
21,22.539791,109,638.671875,18.372995,1998.046875,59.649689,hann
21,22.539791,110,644.531250,25.916872,1998.046875,59.649689,hann
21,22.539791,111,650.390625,27.927059,1998.046875,59.649689,hann
21,22.539791,112,656.250000,18.588356,1998.046875,59.649689,hann
21,22.539791,113,662.109375,-8.066167,1998.046875,59.649689,hann
21,22.539791,114,667.968750,1.613636,1998.046875,59.649689,hann
21,22.539791,115,673.828125,3.554654,1998.046875,59.649689,hann
21,22.539791,116,679.687500,-1.376936,1998.046875,59.649689,hann
21,22.539791,117,685.546875,-12.132780,1998.046875,59.649689,hann
21,22.539791,118,691.406250,24.793453,1998.046875,59.649689,hann
21,22.539791,119,697.265625,31.056536,1998.046875,59.649689,hann
21,22.539791,120,703.125000,26.126814,1998.046875,59.649689,hann
21,22.539791,121,708.984375,-2.256115,1998.046875,59.649689,hann
21,22.539791,122,714.843750,13.387709,1998.046875,59.649689,hann
21,22.539791,123,720.703125,14.152220,1998.046875,59.649689,hann
21,22.539791,124,726.562500,15.618605,1998.046875,59.649689,hann
21,22.539791,125,732.421875,6.174356,1998.046875,59.649689,hann
21,22.539791,126,738.281250,17.974838,1998.046875,59.649689,hann
21,22.539791,127,744.140625,26.362989,1998.046875,59.649689,hann
21,22.539791,128,750.000000,25.000004,1998.046875,59.649689,hann
21,22.539791,129,755.859375,2.482115,1998.046875,59.649689,hann
21,22.539791,130,761.718750,13.042009,1998.046875,59.649689,hann
21,22.539791,131,767.578125,6.372075,1998.046875,59.649689,hann
21,22.539791,132,773.437500,-0.213436,1998.046875,59.649689,hann
21,22.539791,133,779.296875,-4.392561,1998.046875,59.649689,hann
21,22.539791,134,785.156250,6.779181,1998.046875,59.649689,hann
21,22.539791,135,791.015625,19.116417,1998.046875,59.649689,hann
21,22.539791,136,796.875000,25.008068,1998.046875,59.649689,hann
21,22.539791,137,802.734375,23.096001,1998.046875,59.649689,hann
21,22.539791,138,808.593750,11.111315,1998.046875,59.649689,hann
21,22.539791,139,814.453125,-8.692806,1998.046875,59.649689,hann
21,22.539791,140,820.312500,8.705758,1998.046875,59.649689,hann
21,22.539791,141,826.171875,5.244095,1998.046875,59.649689,hann
21,22.539791,142,832.031250,15.509738,1998.046875,59.649689,hann
21,22.539791,143,837.890625,16.569080,1998.046875,59.649689,hann
21,22.539791,144,843.750000,18.491131,1998.046875,59.649689,hann
21,22.539791,145,849.609375,17.929157,1998.046875,59.649689,hann
21,22.539791,146,855.468750,6.815954,1998.046875,59.649689,hann
21,22.539791,147,861.328125,10.868128,1998.046875,59.649689,hann
21,22.539791,148,867.187500,12.816078,1998.046875,59.649689,hann
21,22.539791,149,873.046875,10.748076,1998.046875,59.649689,hann
21,22.539791,150,878.906250,1.786905,1998.046875,59.649689,hann
21,22.539791,151,884.765625,9.075878,1998.046875,59.649689,hann
21,22.539791,152,890.625000,21.358498,1998.046875,59.649689,hann
21,22.539791,153,896.484375,26.121351,1998.046875,59.649689,hann
21,22.539791,154,902.343750,23.482969,1998.046875,59.649689,hann
21,22.539791,155,908.203125,15.348692,1998.046875,59.649689,hann
21,22.539791,156,914.062500,9.289474,1998.046875,59.649689,hann
21,22.539791,157,919.921875,2.117262,1998.046875,59.649689,hann
21,22.539791,158,925.781250,1.048004,1998.046875,59.649689,hann
21,22.539791,159,931.640625,5.148520,1998.046875,59.649689,hann
21,22.539791,160,937.500000,7.267503,1998.046875,59.649689,hann
21,22.539791,161,943.359375,3.430745,1998.046875,59.649689,hann
21,22.539791,162,949.218750,13.300315,1998.046875,59.649689,hann
21,22.539791,163,955.078125,17.346222,1998.046875,59.649689,hann
21,22.539791,164,960.937500,9.675664,1998.046875,59.649689,hann
21,22.539791,165,966.796875,6.461470,1998.046875,59.649689,hann
21,22.539791,166,972.656250,5.467284,1998.046875,59.649689,hann
21,22.539791,167,978.515625,3.372910,1998.046875,59.649689,hann
21,22.539791,168,984.375000,14.554461,1998.046875,59.649689,hann
21,22.539791,169,990.234375,19.038679,1998.046875,59.649689,hann
21,22.539791,170,996.093750,26.804810,1998.046875,59.649689,hann
21,22.539791,171,1001.953125,25.197392,1998.046875,59.649689,hann
21,22.539791,172,1007.812500,15.560779,1998.046875,59.649689,hann
21,22.539791,173,1013.671875,6.394172,1998.046875,59.649689,hann
21,22.539791,174,1019.531250,0.161490,1998.046875,59.649689,hann
21,22.539791,175,1025.390625,7.099767,1998.046875,59.649689,hann
21,22.539791,176,1031.250000,5.677824,1998.046875,59.649689,hann
21,22.539791,177,1037.109375,14.419061,1998.046875,59.649689,hann
21,22.539791,178,1042.968750,8.785882,1998.046875,59.649689,hann
21,22.539791,179,1048.828125,19.820940,1998.046875,59.649689,hann
21,22.539791,180,1054.687500,14.115934,1998.046875,59.649689,hann
21,22.539791,181,1060.546875,6.442411,1998.046875,59.649689,hann
21,22.539791,182,1066.406250,7.262738,1998.046875,59.649689,hann
21,22.539791,183,1072.265625,4.802777,1998.046875,59.649689,hann
21,22.539791,184,1078.125000,-1.467409,1998.046875,59.649689,hann
21,22.539791,185,1083.984375,11.284351,1998.046875,59.649689,hann
21,22.539791,186,1089.843750,18.774584,1998.046875,59.649689,hann
21,22.539791,187,1095.703125,26.981518,1998.046875,59.649689,hann
21,22.539791,188,1101.562500,25.579098,1998.046875,59.649689,hann
21,22.539791,189,1107.421875,12.028547,1998.046875,59.649689,hann
21,22.539791,190,1113.281250,9.317857,1998.046875,59.649689,hann
21,22.539791,191,1119.140625,9.038540,1998.046875,59.649689,hann
21,22.539791,192,1125.000000,6.507323,1998.046875,59.649689,hann
21,22.539791,193,1130.859375,14.838376,1998.046875,59.649689,hann
21,22.539791,194,1136.718750,17.066727,1998.046875,59.649689,hann
21,22.539791,195,1142.578125,27.529804,1998.046875,59.649689,hann
21,22.539791,196,1148.437500,27.943935,1998.046875,59.649689,hann
21,22.539791,197,1154.296875,17.201077,1998.046875,59.649689,hann
21,22.539791,198,1160.156250,9.548746,1998.046875,59.649689,hann
21,22.539791,199,1166.015625,8.892287,1998.046875,59.649689,hann
21,22.539791,200,1171.875000,10.344581,1998.046875,59.649689,hann
21,22.539791,201,1177.734375,6.225719,1998.046875,59.649689,hann
21,22.539791,202,1183.593750,4.935448,1998.046875,59.649689,hann
21,22.539791,203,1189.453125,10.898923,1998.046875,59.649689,hann
21,22.539791,204,1195.312500,25.594786,1998.046875,59.649689,hann
21,22.539791,205,1201.171875,26.322601,1998.046875,59.649689,hann
21,22.539791,206,1207.031250,17.522058,1998.046875,59.649689,hann
21,22.539791,207,1212.890625,7.940152,1998.046875,59.649689,hann
21,22.539791,208,1218.750000,-3.327530,1998.046875,59.649689,hann
21,22.539791,209,1224.609375,6.202849,1998.046875,59.649689,hann
21,22.539791,210,1230.468750,11.137085,1998.046875,59.649689,hann
21,22.539791,211,1236.328125,14.443518,1998.046875,59.649689,hann
21,22.539791,212,1242.187500,17.273525,1998.046875,59.649689,hann
21,22.539791,213,1248.046875,24.740543,1998.046875,59.649689,hann
21,22.539791,214,1253.906250,18.605259,1998.046875,59.649689,hann
21,22.539791,215,1259.765625,-1.770466,1998.046875,59.649689,hann
21,22.539791,216,1265.625000,5.962460,1998.046875,59.649689,hann
21,22.539791,217,1271.484375,8.218304,1998.046875,59.649689,hann
21,22.539791,218,1277.343750,3.329901,1998.046875,59.649689,hann
21,22.539791,219,1283.203125,10.362461,1998.046875,59.649689,hann
21,22.539791,220,1289.062500,14.958899,1998.046875,59.649689,hann
21,22.539791,221,1294.921875,20.169594,1998.046875,59.649689,hann
21,22.539791,222,1300.781250,18.003326,1998.046875,59.649689,hann
21,22.539791,223,1306.640625,9.559974,1998.046875,59.649689,hann
21,22.539791,224,1312.500000,0.981100,1998.046875,59.649689,hann
21,22.539791,225,1318.359375,9.286124,1998.046875,59.649689,hann
21,22.539791,226,1324.218750,9.542156,1998.046875,59.649689,hann
21,22.539791,227,1330.078125,8.936706,1998.046875,59.649689,hann
21,22.539791,228,1335.937500,16.113340,1998.046875,59.649689,hann
21,22.539791,229,1341.796875,26.790161,1998.046875,59.649689,hann
21,22.539791,230,1347.656250,29.288685,1998.046875,59.649689,hann
21,22.539791,231,1353.515625,23.667257,1998.046875,59.649689,hann
21,22.539791,232,1359.375000,10.812716,1998.046875,59.649689,hann
21,22.539791,233,1365.234375,-1.794813,1998.046875,59.649689,hann
21,22.539791,234,1371.093750,3.073424,1998.046875,59.649689,hann
21,22.539791,235,1376.953125,10.871723,1998.046875,59.649689,hann
21,22.539791,236,1382.812500,12.818955,1998.046875,59.649689,hann
21,22.539791,237,1388.671875,13.641361,1998.046875,59.649689,hann
21,22.539791,238,1394.531250,22.809706,1998.046875,59.649689,hann
21,22.539791,239,1400.390625,22.357204,1998.046875,59.649689,hann
21,22.539791,240,1406.250000,6.039233,1998.046875,59.649689,hann
21,22.539791,241,1412.109375,6.783012,1998.046875,59.649689,hann
21,22.539791,242,1417.968750,3.083378,1998.046875,59.649689,hann
21,22.539791,243,1423.828125,7.060259,1998.046875,59.649689,hann
21,22.539791,244,1429.687500,2.947850,1998.046875,59.649689,hann
21,22.539791,245,1435.546875,14.795732,1998.046875,59.649689,hann
21,22.539791,246,1441.406250,16.161072,1998.046875,59.649689,hann
21,22.539791,247,1447.265625,24.578478,1998.046875,59.649689,hann
21,22.539791,248,1453.125000,22.237768,1998.046875,59.649689,hann
21,22.539791,249,1458.984375,10.621690,1998.046875,59.649689,hann
21,22.539791,250,1464.843750,2.789439,1998.046875,59.649689,hann
21,22.539791,251,1470.703125,13.408632,1998.046875,59.649689,hann
21,22.539791,252,1476.562500,11.778805,1998.046875,59.649689,hann
21,22.539791,253,1482.421875,11.281257,1998.046875,59.649689,hann
21,22.539791,254,1488.281250,16.656952,1998.046875,59.649689,hann
21,22.539791,255,1494.140625,23.361500,1998.046875,59.649689,hann
21,22.539791,256,1500.000000,22.731392,1998.046875,59.649689,hann
21,22.539791,257,1505.859375,8.776694,1998.046875,59.649689,hann
21,22.539791,258,1511.718750,5.133294,1998.046875,59.649689,hann
21,22.539791,259,1517.578125,-1.606350,1998.046875,59.649689,hann
21,22.539791,260,1523.437500,3.086565,1998.046875,59.649689,hann
21,22.539791,261,1529.296875,11.839712,1998.046875,59.649689,hann
21,22.539791,262,1535.156250,11.864548,1998.046875,59.649689,hann
21,22.539791,263,1541.015625,23.372171,1998.046875,59.649689,hann
21,22.539791,264,1546.875000,25.630053,1998.046875,59.649689,hann
21,22.539791,265,1552.734375,17.744827,1998.046875,59.649689,hann
21,22.539791,266,1558.593750,9.425667,1998.046875,59.649689,hann
21,22.539791,267,1564.453125,4.520551,1998.046875,59.649689,hann
21,22.539791,268,1570.312500,8.642275,1998.046875,59.649689,hann
21,22.539791,269,1576.171875,9.865549,1998.046875,59.649689,hann
21,22.539791,270,1582.031250,2.092277,1998.046875,59.649689,hann
21,22.539791,271,1587.890625,15.666410,1998.046875,59.649689,hann
21,22.539791,272,1593.750000,24.033945,1998.046875,59.649689,hann
21,22.539791,273,1599.609375,26.148664,1998.046875,59.649689,hann
21,22.539791,274,1605.468750,16.665003,1998.046875,59.649689,hann
21,22.539791,275,1611.328125,-6.872249,1998.046875,59.649689,hann
21,22.539791,276,1617.187500,1.757333,1998.046875,59.649689,hann
21,22.539791,277,1623.046875,-2.444577,1998.046875,59.649689,hann
21,22.539791,278,1628.906250,9.160840,1998.046875,59.649689,hann
21,22.539791,279,1634.765625,14.685076,1998.046875,59.649689,hann
21,22.539791,280,1640.625000,10.752850,1998.046875,59.649689,hann
21,22.539791,281,1646.484375,21.547081,1998.046875,59.649689,hann
21,22.539791,282,1652.343750,18.672924,1998.046875,59.649689,hann
21,22.539791,283,1658.203125,14.517879,1998.046875,59.649689,hann
21,22.539791,284,1664.062500,6.764888,1998.046875,59.649689,hann
21,22.539791,285,1669.921875,8.313835,1998.046875,59.649689,hann
21,22.539791,286,1675.781250,13.167325,1998.046875,59.649689,hann
21,22.539791,287,1681.640625,13.144705,1998.046875,59.649689,hann
21,22.539791,288,1687.500000,15.654585,1998.046875,59.649689,hann
21,22.539791,289,1693.359375,22.036619,1998.046875,59.649689,hann
21,22.539791,290,1699.218750,25.139181,1998.046875,59.649689,hann
21,22.539791,291,1705.078125,19.070723,1998.046875,59.649689,hann
21,22.539791,292,1710.937500,11.385431,1998.046875,59.649689,hann
21,22.539791,293,1716.796875,6.504502,1998.046875,59.649689,hann
21,22.539791,294,1722.656250,6.936882,1998.046875,59.649689,hann
21,22.539791,295,1728.515625,12.015099,1998.046875,59.649689,hann
21,22.539791,296,1734.375000,11.184376,1998.046875,59.649689,hann
21,22.539791,297,1740.234375,16.668190,1998.046875,59.649689,hann
21,22.539791,298,1746.093750,19.582191,1998.046875,59.649689,hann
21,22.539791,299,1751.953125,23.001083,1998.046875,59.649689,hann
21,22.539791,300,1757.812500,19.459112,1998.046875,59.649689,hann
21,22.539791,301,1763.671875,6.181795,1998.046875,59.649689,hann
21,22.539791,302,1769.531250,5.380850,1998.046875,59.649689,hann
21,22.539791,303,1775.390625,15.122280,1998.046875,59.649689,hann
21,22.539791,304,1781.250000,12.564428,1998.046875,59.649689,hann
21,22.539791,305,1787.109375,16.836241,1998.046875,59.649689,hann
21,22.539791,306,1792.968750,21.827190,1998.046875,59.649689,hann
21,22.539791,307,1798.828125,27.681171,1998.046875,59.649689,hann
21,22.539791,308,1804.687500,22.898102,1998.046875,59.649689,hann
21,22.539791,309,1810.546875,15.500135,1998.046875,59.649689,hann
21,22.539791,310,1816.406250,10.842176,1998.046875,59.649689,hann
21,22.539791,311,1822.265625,9.821889,1998.046875,59.649689,hann
21,22.539791,312,1828.125000,11.424099,1998.046875,59.649689,hann
21,22.539791,313,1833.984375,14.347805,1998.046875,59.649689,hann
21,22.539791,314,1839.843750,22.717020,1998.046875,59.649689,hann
21,22.539791,315,1845.703125,26.502304,1998.046875,59.649689,hann
21,22.539791,316,1851.562500,24.569202,1998.046875,59.649689,hann
21,22.539791,317,1857.421875,26.075270,1998.046875,59.649689,hann
21,22.539791,318,1863.281250,13.662106,1998.046875,59.649689,hann
21,22.539791,319,1869.140625,16.198635,1998.046875,59.649689,hann
21,22.539791,320,1875.000000,17.205898,1998.046875,59.649689,hann
21,22.539791,321,1880.859375,14.826036,1998.046875,59.649689,hann
21,22.539791,322,1886.718750,21.939890,1998.046875,59.649689,hann
21,22.539791,323,1892.578125,28.687326,1998.046875,59.649689,hann
21,22.539791,324,1898.437500,33.864120,1998.046875,59.649689,hann
21,22.539791,325,1904.296875,27.732973,1998.046875,59.649689,hann
21,22.539791,326,1910.156250,17.891308,1998.046875,59.649689,hann
21,22.539791,327,1916.015625,17.165524,1998.046875,59.649689,hann
21,22.539791,328,1921.875000,-2.667209,1998.046875,59.649689,hann
21,22.539791,329,1927.734375,21.088303,1998.046875,59.649689,hann
21,22.539791,330,1933.593750,26.627247,1998.046875,59.649689,hann
21,22.539791,331,1939.453125,27.527058,1998.046875,59.649689,hann
21,22.539791,332,1945.312500,43.142868,1998.046875,59.649689,hann
21,22.539791,333,1951.171875,41.971695,1998.046875,59.649689,hann
21,22.539791,334,1957.031250,34.206970,1998.046875,59.649689,hann
21,22.539791,335,1962.890625,26.243589,1998.046875,59.649689,hann
21,22.539791,336,1968.750000,26.031092,1998.046875,59.649689,hann
21,22.539791,337,1974.609375,37.065186,1998.046875,59.649689,hann
21,22.539791,338,1980.468750,37.288559,1998.046875,59.649689,hann
21,22.539791,339,1986.328125,44.822166,1998.046875,59.649689,hann
21,22.539791,340,1992.187500,54.716152,1998.046875,59.649689,hann
21,22.539791,341,1998.046875,59.649689,1998.046875,59.649689,hann
21,22.539791,342,2003.906250,55.415146,1998.046875,59.649689,hann
21,22.539791,343,2009.765625,48.091026,1998.046875,59.649689,hann
21,22.539791,344,2015.625000,34.530167,1998.046875,59.649689,hann
21,22.539791,345,2021.484375,32.757538,1998.046875,59.649689,hann
21,22.539791,346,2027.343750,10.323386,1998.046875,59.649689,hann
21,22.539791,347,2033.203125,15.602727,1998.046875,59.649689,hann
21,22.539791,348,2039.062500,30.969345,1998.046875,59.649689,hann
21,22.539791,349,2044.921875,41.742279,1998.046875,59.649689,hann
21,22.539791,350,2050.781250,41.313980,1998.046875,59.649689,hann
21,22.539791,351,2056.640625,36.219002,1998.046875,59.649689,hann
21,22.539791,352,2062.500000,16.988445,1998.046875,59.649689,hann
21,22.539791,353,2068.359375,25.685293,1998.046875,59.649689,hann
21,22.539791,354,2074.218750,15.440842,1998.046875,59.649689,hann
21,22.539791,355,2080.078125,14.013482,1998.046875,59.649689,hann
21,22.539791,356,2085.937500,16.240099,1998.046875,59.649689,hann
21,22.539791,357,2091.796875,28.314621,1998.046875,59.649689,hann
21,22.539791,358,2097.656250,32.903572,1998.046875,59.649689,hann
21,22.539791,359,2103.515625,27.062199,1998.046875,59.649689,hann
21,22.539791,360,2109.375000,21.304853,1998.046875,59.649689,hann
21,22.539791,361,2115.234375,19.316446,1998.046875,59.649689,hann
21,22.539791,362,2121.093750,11.416245,1998.046875,59.649689,hann
21,22.539791,363,2126.953125,-1.520558,1998.046875,59.649689,hann
21,22.539791,364,2132.812500,11.874680,1998.046875,59.649689,hann
21,22.539791,365,2138.671875,12.868566,1998.046875,59.649689,hann
21,22.539791,366,2144.531250,24.755421,1998.046875,59.649689,hann
21,22.539791,367,2150.390625,24.635395,1998.046875,59.649689,hann
21,22.539791,368,2156.250000,19.856155,1998.046875,59.649689,hann
21,22.539791,369,2162.109375,11.684479,1998.046875,59.649689,hann
21,22.539791,370,2167.968750,4.021845,1998.046875,59.649689,hann
21,22.539791,371,2173.828125,10.085791,1998.046875,59.649689,hann
21,22.539791,372,2179.687500,11.842964,1998.046875,59.649689,hann
21,22.539791,373,2185.546875,6.296668,1998.046875,59.649689,hann
21,22.539791,374,2191.406250,22.331226,1998.046875,59.649689,hann
21,22.539791,375,2197.265625,24.468201,1998.046875,59.649689,hann
21,22.539791,376,2203.125000,18.041040,1998.046875,59.649689,hann
21,22.539791,377,2208.984375,17.124613,1998.046875,59.649689,hann
21,22.539791,378,2214.843750,7.004012,1998.046875,59.649689,hann
21,22.539791,379,2220.703125,8.442680,1998.046875,59.649689,hann
21,22.539791,380,2226.562500,3.810198,1998.046875,59.649689,hann
21,22.539791,381,2232.421875,10.306951,1998.046875,59.649689,hann
21,22.539791,382,2238.281250,13.726818,1998.046875,59.649689,hann
21,22.539791,383,2244.140625,22.462463,1998.046875,59.649689,hann
21,22.539791,384,2250.000000,23.804127,1998.046875,59.649689,hann
21,22.539791,385,2255.859375,14.835902,1998.046875,59.649689,hann
21,22.539791,386,2261.718750,14.793816,1998.046875,59.649689,hann
21,22.539791,387,2267.578125,11.064175,1998.046875,59.649689,hann
21,22.539791,388,2273.437500,12.256417,1998.046875,59.649689,hann
21,22.539791,389,2279.296875,-1.801525,1998.046875,59.649689,hann
21,22.539791,390,2285.156250,4.982618,1998.046875,59.649689,hann
21,22.539791,391,2291.015625,1.964009,1998.046875,59.649689,hann
21,22.539791,392,2296.875000,11.293552,1998.046875,59.649689,hann
21,22.539791,393,2302.734375,10.411289,1998.046875,59.649689,hann
21,22.539791,394,2308.593750,11.576502,1998.046875,59.649689,hann
21,22.539791,395,2314.453125,10.612817,1998.046875,59.649689,hann
21,22.539791,396,2320.312500,9.213992,1998.046875,59.649689,hann
21,22.539791,397,2326.171875,7.115569,1998.046875,59.649689,hann
21,22.539791,398,2332.031250,13.588153,1998.046875,59.649689,hann
21,22.539791,399,2337.890625,8.070604,1998.046875,59.649689,hann
21,22.539791,400,2343.750000,20.364796,1998.046875,59.649689,hann
21,22.539791,401,2349.609375,21.978146,1998.046875,59.649689,hann
21,22.539791,402,2355.468750,15.531157,1998.046875,59.649689,hann
21,22.539791,403,2361.328125,9.253746,1998.046875,59.649689,hann
21,22.539791,404,2367.187500,7.106413,1998.046875,59.649689,hann
21,22.539791,405,2373.046875,1.027868,1998.046875,59.649689,hann
21,22.539791,406,2378.906250,8.456961,1998.046875,59.649689,hann
21,22.539791,407,2384.765625,8.646133,1998.046875,59.649689,hann
21,22.539791,408,2390.625000,16.488388,1998.046875,59.649689,hann
21,22.539791,409,2396.484375,21.694202,1998.046875,59.649689,hann
21,22.539791,410,2402.343750,19.007648,1998.046875,59.649689,hann
21,22.539791,411,2408.203125,14.667133,1998.046875,59.649689,hann
21,22.539791,412,2414.062500,6.568520,1998.046875,59.649689,hann
21,22.539791,413,2419.921875,11.331074,1998.046875,59.649689,hann
21,22.539791,414,2425.781250,-0.125581,1998.046875,59.649689,hann
21,22.539791,415,2431.640625,10.352258,1998.046875,59.649689,hann
21,22.539791,416,2437.500000,11.764208,1998.046875,59.649689,hann
21,22.539791,417,2443.359375,17.744774,1998.046875,59.649689,hann
21,22.539791,418,2449.218750,17.389450,1998.046875,59.649689,hann
21,22.539791,419,2455.078125,8.532281,1998.046875,59.649689,hann
21,22.539791,420,2460.937500,6.969522,1998.046875,59.649689,hann
21,22.539791,421,2466.796875,2.890100,1998.046875,59.649689,hann
21,22.539791,422,2472.656250,1.168689,1998.046875,59.649689,hann
21,22.539791,423,2478.515625,2.775334,1998.046875,59.649689,hann
21,22.539791,424,2484.375000,12.009624,1998.046875,59.649689,hann
21,22.539791,425,2490.234375,11.528325,1998.046875,59.649689,hann
21,22.539791,426,2496.093750,14.865360,1998.046875,59.649689,hann
21,22.539791,427,2501.953125,15.854618,1998.046875,59.649689,hann
21,22.539791,428,2507.812500,15.882312,1998.046875,59.649689,hann
21,22.539791,429,2513.671875,13.319693,1998.046875,59.649689,hann
21,22.539791,430,2519.531250,5.543478,1998.046875,59.649689,hann
21,22.539791,431,2525.390625,5.421188,1998.046875,59.649689,hann
21,22.539791,432,2531.250000,9.191147,1998.046875,59.649689,hann
21,22.539791,433,2537.109375,-0.740621,1998.046875,59.649689,hann
21,22.539791,434,2542.968750,20.142712,1998.046875,59.649689,hann
21,22.539791,435,2548.828125,20.641636,1998.046875,59.649689,hann
21,22.539791,436,2554.687500,15.007854,1998.046875,59.649689,hann
21,22.539791,437,2560.546875,7.908861,1998.046875,59.649689,hann
21,22.539791,438,2566.406250,5.406708,1998.046875,59.649689,hann
21,22.539791,439,2572.265625,8.242567,1998.046875,59.649689,hann
21,22.539791,440,2578.125000,-6.505097,1998.046875,59.649689,hann
21,22.539791,441,2583.984375,10.169600,1998.046875,59.649689,hann
21,22.539791,442,2589.843750,4.389936,1998.046875,59.649689,hann
21,22.539791,443,2595.703125,13.276171,1998.046875,59.649689,hann
21,22.539791,444,2601.562500,14.691782,1998.046875,59.649689,hann
21,22.539791,445,2607.421875,15.676929,1998.046875,59.649689,hann
21,22.539791,446,2613.281250,12.006441,1998.046875,59.649689,hann
21,22.539791,447,2619.140625,4.496360,1998.046875,59.649689,hann
21,22.539791,448,2625.000000,9.548749,1998.046875,59.649689,hann
21,22.539791,449,2630.859375,14.371935,1998.046875,59.649689,hann
21,22.539791,450,2636.718750,13.233742,1998.046875,59.649689,hann
21,22.539791,451,2642.578125,22.415159,1998.046875,59.649689,hann
21,22.539791,452,2648.437500,22.392475,1998.046875,59.649689,hann
21,22.539791,453,2654.296875,14.524048,1998.046875,59.649689,hann
21,22.539791,454,2660.156250,3.609491,1998.046875,59.649689,hann
21,22.539791,455,2666.015625,9.114001,1998.046875,59.649689,hann
21,22.539791,456,2671.875000,10.002451,1998.046875,59.649689,hann
21,22.539791,457,2677.734375,11.378317,1998.046875,59.649689,hann
21,22.539791,458,2683.593750,11.939888,1998.046875,59.649689,hann
21,22.539791,459,2689.453125,2.364316,1998.046875,59.649689,hann
21,22.539791,460,2695.312500,13.451750,1998.046875,59.649689,hann
21,22.539791,461,2701.171875,2.065757,1998.046875,59.649689,hann
21,22.539791,462,2707.031250,13.466510,1998.046875,59.649689,hann
21,22.539791,463,2712.890625,15.270065,1998.046875,59.649689,hann
21,22.539791,464,2718.750000,12.998175,1998.046875,59.649689,hann
21,22.539791,465,2724.609375,-9.681900,1998.046875,59.649689,hann
21,22.539791,466,2730.468750,15.478984,1998.046875,59.649689,hann
21,22.539791,467,2736.328125,17.487293,1998.046875,59.649689,hann
21,22.539791,468,2742.187500,18.821119,1998.046875,59.649689,hann
21,22.539791,469,2748.046875,19.187643,1998.046875,59.649689,hann
21,22.539791,470,2753.906250,14.942922,1998.046875,59.649689,hann
21,22.539791,471,2759.765625,10.250818,1998.046875,59.649689,hann
21,22.539791,472,2765.625000,1.004869,1998.046875,59.649689,hann
21,22.539791,473,2771.484375,10.079598,1998.046875,59.649689,hann
21,22.539791,474,2777.343750,6.657434,1998.046875,59.649689,hann
21,22.539791,475,2783.203125,11.990509,1998.046875,59.649689,hann
21,22.539791,476,2789.062500,10.630674,1998.046875,59.649689,hann
21,22.539791,477,2794.921875,18.242010,1998.046875,59.649689,hann
21,22.539791,478,2800.781250,9.827098,1998.046875,59.649689,hann
21,22.539791,479,2806.640625,14.312584,1998.046875,59.649689,hann
21,22.539791,480,2812.500000,11.460294,1998.046875,59.649689,hann
21,22.539791,481,2818.359375,5.071907,1998.046875,59.649689,hann
21,22.539791,482,2824.218750,5.208601,1998.046875,59.649689,hann
21,22.539791,483,2830.078125,9.583061,1998.046875,59.649689,hann
21,22.539791,484,2835.937500,14.271973,1998.046875,59.649689,hann
21,22.539791,485,2841.796875,16.600641,1998.046875,59.649689,hann
21,22.539791,486,2847.656250,16.229656,1998.046875,59.649689,hann
21,22.539791,487,2853.515625,12.112552,1998.046875,59.649689,hann
21,22.539791,488,2859.375000,5.285523,1998.046875,59.649689,hann
21,22.539791,489,2865.234375,9.078100,1998.046875,59.649689,hann
21,22.539791,490,2871.093750,6.206629,1998.046875,59.649689,hann
21,22.539791,491,2876.953125,5.981887,1998.046875,59.649689,hann
21,22.539791,492,2882.812500,13.844452,1998.046875,59.649689,hann
21,22.539791,493,2888.671875,3.308483,1998.046875,59.649689,hann
21,22.539791,494,2894.531250,16.406326,1998.046875,59.649689,hann
21,22.539791,495,2900.390625,11.609993,1998.046875,59.649689,hann
21,22.539791,496,2906.250000,5.079146,1998.046875,59.649689,hann
21,22.539791,497,2912.109375,4.603961,1998.046875,59.649689,hann
21,22.539791,498,2917.968750,0.191132,1998.046875,59.649689,hann
21,22.539791,499,2923.828125,7.770187,1998.046875,59.649689,hann
21,22.539791,500,2929.687500,10.523318,1998.046875,59.649689,hann
21,22.539791,501,2935.546875,-3.901179,1998.046875,59.649689,hann
21,22.539791,502,2941.406250,16.369688,1998.046875,59.649689,hann
21,22.539791,503,2947.265625,16.488956,1998.046875,59.649689,hann
21,22.539791,504,2953.125000,15.403714,1998.046875,59.649689,hann
21,22.539791,505,2958.984375,14.347618,1998.046875,59.649689,hann
21,22.539791,506,2964.843750,12.952606,1998.046875,59.649689,hann
21,22.539791,507,2970.703125,8.198288,1998.046875,59.649689,hann
21,22.539791,508,2976.562500,7.114298,1998.046875,59.649689,hann
21,22.539791,509,2982.421875,11.944227,1998.046875,59.649689,hann
21,22.539791,510,2988.281250,4.034800,1998.046875,59.649689,hann
21,22.539791,511,2994.140625,16.079924,1998.046875,59.649689,hann
22,23.562157,0,0.000000,34.695717,52.734375,59.650990,hann
22,23.562157,1,5.859375,40.378937,52.734375,59.650990,hann
22,23.562157,2,11.718750,42.053101,52.734375,59.650990,hann
22,23.562157,3,17.578125,37.630585,52.734375,59.650990,hann
22,23.562157,4,23.437500,37.761356,52.734375,59.650990,hann
22,23.562157,5,29.296875,31.547089,52.734375,59.650990,hann
22,23.562157,6,35.156250,27.881338,52.734375,59.650990,hann
22,23.562157,7,41.015625,43.758335,52.734375,59.650990,hann
22,23.562157,8,46.875000,59.533504,52.734375,59.650990,hann
22,23.562157,9,52.734375,59.650990,52.734375,59.650990,hann
22,23.562157,10,58.593750,44.699905,52.734375,59.650990,hann
22,23.562157,11,64.453125,34.390488,52.734375,59.650990,hann
22,23.562157,12,70.312500,20.567255,52.734375,59.650990,hann
22,23.562157,13,76.171875,22.545624,52.734375,59.650990,hann
22,23.562157,14,82.031250,21.895590,52.734375,59.650990,hann
22,23.562157,15,87.890625,22.745285,52.734375,59.650990,hann
22,23.562157,16,93.750000,47.217781,52.734375,59.650990,hann
22,23.562157,17,99.609375,53.764526,52.734375,59.650990,hann
22,23.562157,18,105.468750,48.204796,52.734375,59.650990,hann
22,23.562157,19,111.328125,25.185202,52.734375,59.650990,hann
22,23.562157,20,117.187500,19.999554,52.734375,59.650990,hann
22,23.562157,21,123.046875,20.985125,52.734375,59.650990,hann
22,23.562157,22,128.906250,19.701342,52.734375,59.650990,hann
22,23.562157,23,134.765625,20.837379,52.734375,59.650990,hann
22,23.562157,24,140.625000,32.639992,52.734375,59.650990,hann
22,23.562157,25,146.484375,44.345261,52.734375,59.650990,hann
22,23.562157,26,152.343750,44.389252,52.734375,59.650990,hann
22,23.562157,27,158.203125,32.435051,52.734375,59.650990,hann
22,23.562157,28,164.062500,9.195394,52.734375,59.650990,hann
22,23.562157,29,169.921875,13.768036,52.734375,59.650990,hann
22,23.562157,30,175.781250,-0.234708,52.734375,59.650990,hann
22,23.562157,31,181.640625,4.740969,52.734375,59.650990,hann
22,23.562157,32,187.500000,16.625771,52.734375,59.650990,hann
22,23.562157,33,193.359375,31.853142,52.734375,59.650990,hann
22,23.562157,34,199.218750,35.854084,52.734375,59.650990,hann
22,23.562157,35,205.078125,26.665386,52.734375,59.650990,hann
22,23.562157,36,210.937500,18.754137,52.734375,59.650990,hann
22,23.562157,37,216.796875,10.427375,52.734375,59.650990,hann
22,23.562157,38,222.656250,9.686910,52.734375,59.650990,hann
22,23.562157,39,228.515625,13.824644,52.734375,59.650990,hann
22,23.562157,40,234.375000,14.841529,52.734375,59.650990,hann
22,23.562157,41,240.234375,11.401906,52.734375,59.650990,hann
22,23.562157,42,246.093750,23.419731,52.734375,59.650990,hann
22,23.562157,43,251.953125,19.991503,52.734375,59.650990,hann
22,23.562157,44,257.812500,17.486904,52.734375,59.650990,hann
22,23.562157,45,263.671875,3.902723,52.734375,59.650990,hann
22,23.562157,46,269.531250,12.168298,52.734375,59.650990,hann
22,23.562157,47,275.390625,6.628307,52.734375,59.650990,hann
22,23.562157,48,281.250000,4.201274,52.734375,59.650990,hann
22,23.562157,49,287.109375,6.701096,52.734375,59.650990,hann
22,23.562157,50,292.968750,31.582033,52.734375,59.650990,hann
22,23.562157,51,298.828125,37.657425,52.734375,59.650990,hann
22,23.562157,52,304.687500,32.293079,52.734375,59.650990,hann
22,23.562157,53,310.546875,16.927254,52.734375,59.650990,hann
22,23.562157,54,316.406250,2.758147,52.734375,59.650990,hann
22,23.562157,55,322.265625,5.263043,52.734375,59.650990,hann
22,23.562157,56,328.125000,5.698225,52.734375,59.650990,hann
22,23.562157,57,333.984375,5.715818,52.734375,59.650990,hann
22,23.562157,58,339.843750,27.148983,52.734375,59.650990,hann
22,23.562157,59,345.703125,38.632942,52.734375,59.650990,hann
22,23.562157,60,351.562500,37.855503,52.734375,59.650990,hann
22,23.562157,61,357.421875,21.501060,52.734375,59.650990,hann
22,23.562157,62,363.281250,15.532770,52.734375,59.650990,hann
22,23.562157,63,369.140625,-3.862456,52.734375,59.650990,hann
22,23.562157,64,375.000000,10.162899,52.734375,59.650990,hann
22,23.562157,65,380.859375,6.563199,52.734375,59.650990,hann
22,23.562157,66,386.718750,9.769244,52.734375,59.650990,hann
22,23.562157,67,392.578125,26.755884,52.734375,59.650990,hann
22,23.562157,68,398.437500,31.765108,52.734375,59.650990,hann
22,23.562157,69,404.296875,25.030546,52.734375,59.650990,hann
22,23.562157,70,410.156250,13.540906,52.734375,59.650990,hann
22,23.562157,71,416.015625,7.668063,52.734375,59.650990,hann
22,23.562157,72,421.875000,4.587623,52.734375,59.650990,hann
22,23.562157,73,427.734375,7.268567,52.734375,59.650990,hann
22,23.562157,74,433.593750,11.376872,52.734375,59.650990,hann
22,23.562157,75,439.453125,22.655394,52.734375,59.650990,hann
22,23.562157,76,445.312500,33.246239,52.734375,59.650990,hann
22,23.562157,77,451.171875,32.878036,52.734375,59.650990,hann
22,23.562157,78,457.031250,21.774815,52.734375,59.650990,hann
22,23.562157,79,462.890625,4.968958,52.734375,59.650990,hann
22,23.562157,80,468.750000,5.381881,52.734375,59.650990,hann
22,23.562157,81,474.609375,1.022242,52.734375,59.650990,hann
22,23.562157,82,480.468750,12.488522,52.734375,59.650990,hann
22,23.562157,83,486.328125,14.461769,52.734375,59.650990,hann
22,23.562157,84,492.187500,27.695759,52.734375,59.650990,hann
22,23.562157,85,498.046875,32.911785,52.734375,59.650990,hann
22,23.562157,86,503.906250,26.948368,52.734375,59.650990,hann
22,23.562157,87,509.765625,14.952757,52.734375,59.650990,hann
22,23.562157,88,515.625000,5.238205,52.734375,59.650990,hann
22,23.562157,89,521.484375,5.343489,52.734375,59.650990,hann
22,23.562157,90,527.343750,5.875973,52.734375,59.650990,hann
22,23.562157,91,533.203125,2.707784,52.734375,59.650990,hann
22,23.562157,92,539.062500,21.091816,52.734375,59.650990,hann
22,23.562157,93,544.921875,33.012669,52.734375,59.650990,hann
22,23.562157,94,550.781250,32.688667,52.734375,59.650990,hann
22,23.562157,95,556.640625,19.948721,52.734375,59.650990,hann
22,23.562157,96,562.500000,4.633861,52.734375,59.650990,hann
22,23.562157,97,568.359375,7.930055,52.734375,59.650990,hann
22,23.562157,98,574.218750,2.280746,52.734375,59.650990,hann
22,23.562157,99,580.078125,-2.283822,52.734375,59.650990,hann
22,23.562157,100,585.937500,4.309124,52.734375,59.650990,hann
22,23.562157,101,591.796875,23.828508,52.734375,59.650990,hann
22,23.562157,102,597.656250,28.916027,52.734375,59.650990,hann
22,23.562157,103,603.515625,23.105452,52.734375,59.650990,hann
22,23.562157,104,609.375000,-13.214043,52.734375,59.650990,hann
22,23.562157,105,615.234375,7.127642,52.734375,59.650990,hann
22,23.562157,106,621.093750,-9.461288,52.734375,59.650990,hann
22,23.562157,107,626.953125,7.832858,52.734375,59.650990,hann
22,23.562157,108,632.812500,10.526086,52.734375,59.650990,hann
22,23.562157,109,638.671875,18.190157,52.734375,59.650990,hann
22,23.562157,110,644.531250,27.191139,52.734375,59.650990,hann
22,23.562157,111,650.390625,27.068867,52.734375,59.650990,hann
22,23.562157,112,656.250000,17.065311,52.734375,59.650990,hann
22,23.562157,113,662.109375,0.512729,52.734375,59.650990,hann
22,23.562157,114,667.968750,2.881086,52.734375,59.650990,hann
22,23.562157,115,673.828125,8.135711,52.734375,59.650990,hann
22,23.562157,116,679.687500,8.060020,52.734375,59.650990,hann
22,23.562157,117,685.546875,6.879551,52.734375,59.650990,hann
22,23.562157,118,691.406250,25.989294,52.734375,59.650990,hann
22,23.562157,119,697.265625,31.114666,52.734375,59.650990,hann
22,23.562157,120,703.125000,25.670910,52.734375,59.650990,hann
22,23.562157,121,708.984375,7.461380,52.734375,59.650990,hann
22,23.562157,122,714.843750,8.953874,52.734375,59.650990,hann
22,23.562157,123,720.703125,7.359377,52.734375,59.650990,hann
22,23.562157,124,726.562500,-0.807786,52.734375,59.650990,hann
22,23.562157,125,732.421875,6.513206,52.734375,59.650990,hann
22,23.562157,126,738.281250,12.134615,52.734375,59.650990,hann
22,23.562157,127,744.140625,22.452278,52.734375,59.650990,hann
22,23.562157,128,750.000000,23.460625,52.734375,59.650990,hann
22,23.562157,129,755.859375,15.719143,52.734375,59.650990,hann
22,23.562157,130,761.718750,9.689402,52.734375,59.650990,hann
22,23.562157,131,767.578125,8.985647,52.734375,59.650990,hann
22,23.562157,132,773.437500,0.716722,52.734375,59.650990,hann
22,23.562157,133,779.296875,-9.854553,52.734375,59.650990,hann
22,23.562157,134,785.156250,3.162587,52.734375,59.650990,hann
22,23.562157,135,791.015625,17.177382,52.734375,59.650990,hann
22,23.562157,136,796.875000,21.031887,52.734375,59.650990,hann
22,23.562157,137,802.734375,17.286283,52.734375,59.650990,hann
22,23.562157,138,808.593750,5.909874,52.734375,59.650990,hann
22,23.562157,139,814.453125,7.070440,52.734375,59.650990,hann
22,23.562157,140,820.312500,-0.208558,52.734375,59.650990,hann
22,23.562157,141,826.171875,-1.049019,52.734375,59.650990,hann
22,23.562157,142,832.031250,10.281109,52.734375,59.650990,hann
22,23.562157,143,837.890625,11.203442,52.734375,59.650990,hann
22,23.562157,144,843.750000,12.567840,52.734375,59.650990,hann
22,23.562157,145,849.609375,15.399878,52.734375,59.650990,hann
22,23.562157,146,855.468750,11.546751,52.734375,59.650990,hann
22,23.562157,147,861.328125,-11.472397,52.734375,59.650990,hann
22,23.562157,148,867.187500,2.440131,52.734375,59.650990,hann
22,23.562157,149,873.046875,-11.286879,52.734375,59.650990,hann
22,23.562157,150,878.906250,0.416409,52.734375,59.650990,hann
22,23.562157,151,884.765625,0.364399,52.734375,59.650990,hann
22,23.562157,152,890.625000,18.562740,52.734375,59.650990,hann
22,23.562157,153,896.484375,24.810478,52.734375,59.650990,hann
22,23.562157,154,902.343750,22.387407,52.734375,59.650990,hann
22,23.562157,155,908.203125,7.660269,52.734375,59.650990,hann
22,23.562157,156,914.062500,1.281669,52.734375,59.650990,hann
22,23.562157,157,919.921875,10.790340,52.734375,59.650990,hann
22,23.562157,158,925.781250,11.202713,52.734375,59.650990,hann
22,23.562157,159,931.640625,12.700459,52.734375,59.650990,hann
22,23.562157,160,937.500000,14.831013,52.734375,59.650990,hann
22,23.562157,161,943.359375,19.464554,52.734375,59.650990,hann
22,23.562157,162,949.218750,18.840731,52.734375,59.650990,hann
22,23.562157,163,955.078125,12.654140,52.734375,59.650990,hann
22,23.562157,164,960.937500,9.009534,52.734375,59.650990,hann
22,23.562157,165,966.796875,3.586219,52.734375,59.650990,hann
22,23.562157,166,972.656250,3.388959,52.734375,59.650990,hann
22,23.562157,167,978.515625,11.060792,52.734375,59.650990,hann
22,23.562157,168,984.375000,12.597021,52.734375,59.650990,hann
22,23.562157,169,990.234375,21.631962,52.734375,59.650990,hann
22,23.562157,170,996.093750,26.112947,52.734375,59.650990,hann
22,23.562157,171,1001.953125,22.038364,52.734375,59.650990,hann
22,23.562157,172,1007.812500,6.413459,52.734375,59.650990,hann
22,23.562157,173,1013.671875,8.930070,52.734375,59.650990,hann
22,23.562157,174,1019.531250,3.016620,52.734375,59.650990,hann
22,23.562157,175,1025.390625,10.397562,52.734375,59.650990,hann
22,23.562157,176,1031.250000,5.782647,52.734375,59.650990,hann
22,23.562157,177,1037.109375,17.516068,52.734375,59.650990,hann
22,23.562157,178,1042.968750,23.495998,52.734375,59.650990,hann
22,23.562157,179,1048.828125,23.117676,52.734375,59.650990,hann
22,23.562157,180,1054.687500,16.562820,52.734375,59.650990,hann
22,23.562157,181,1060.546875,10.896386,52.734375,59.650990,hann
22,23.562157,182,1066.406250,7.998993,52.734375,59.650990,hann
22,23.562157,183,1072.265625,8.352495,52.734375,59.650990,hann
22,23.562157,184,1078.125000,6.726068,52.734375,59.650990,hann
22,23.562157,185,1083.984375,13.413193,52.734375,59.650990,hann
22,23.562157,186,1089.843750,16.501863,52.734375,59.650990,hann
22,23.562157,187,1095.703125,26.800814,52.734375,59.650990,hann
22,23.562157,188,1101.562500,26.112701,52.734375,59.650990,hann
22,23.562157,189,1107.421875,16.142460,52.734375,59.650990,hann
22,23.562157,190,1113.281250,13.457087,52.734375,59.650990,hann
22,23.562157,191,1119.140625,9.946962,52.734375,59.650990,hann
22,23.562157,192,1125.000000,8.206507,52.734375,59.650990,hann
22,23.562157,193,1130.859375,4.546589,52.734375,59.650990,hann
22,23.562157,194,1136.718750,13.025857,52.734375,59.650990,hann
22,23.562157,195,1142.578125,22.688530,52.734375,59.650990,hann
22,23.562157,196,1148.437500,20.030022,52.734375,59.650990,hann
22,23.562157,197,1154.296875,14.976349,52.734375,59.650990,hann
22,23.562157,198,1160.156250,11.890821,52.734375,59.650990,hann
22,23.562157,199,1166.015625,-2.207874,52.734375,59.650990,hann
22,23.562157,200,1171.875000,0.533396,52.734375,59.650990,hann
22,23.562157,201,1177.734375,-2.525293,52.734375,59.650990,hann
22,23.562157,202,1183.593750,6.948955,52.734375,59.650990,hann
22,23.562157,203,1189.453125,13.762751,52.734375,59.650990,hann
22,23.562157,204,1195.312500,23.590778,52.734375,59.650990,hann
22,23.562157,205,1201.171875,23.752325,52.734375,59.650990,hann
22,23.562157,206,1207.031250,10.173692,52.734375,59.650990,hann
22,23.562157,207,1212.890625,4.672110,52.734375,59.650990,hann
22,23.562157,208,1218.750000,3.893337,52.734375,59.650990,hann
22,23.562157,209,1224.609375,2.696584,52.734375,59.650990,hann
22,23.562157,210,1230.468750,10.156822,52.734375,59.650990,hann
22,23.562157,211,1236.328125,17.325830,52.734375,59.650990,hann
22,23.562157,212,1242.187500,27.022726,52.734375,59.650990,hann
22,23.562157,213,1248.046875,28.450289,52.734375,59.650990,hann
22,23.562157,214,1253.906250,18.352205,52.734375,59.650990,hann
22,23.562157,215,1259.765625,9.784936,52.734375,59.650990,hann
22,23.562157,216,1265.625000,14.383472,52.734375,59.650990,hann
22,23.562157,217,1271.484375,8.687304,52.734375,59.650990,hann
22,23.562157,218,1277.343750,8.608470,52.734375,59.650990,hann
22,23.562157,219,1283.203125,6.057349,52.734375,59.650990,hann
22,23.562157,220,1289.062500,10.765152,52.734375,59.650990,hann
22,23.562157,221,1294.921875,20.370178,52.734375,59.650990,hann
22,23.562157,222,1300.781250,19.226770,52.734375,59.650990,hann
22,23.562157,223,1306.640625,8.612383,52.734375,59.650990,hann
22,23.562157,224,1312.500000,13.081572,52.734375,59.650990,hann
22,23.562157,225,1318.359375,11.577753,52.734375,59.650990,hann
22,23.562157,226,1324.218750,11.397995,52.734375,59.650990,hann
22,23.562157,227,1330.078125,9.097511,52.734375,59.650990,hann
22,23.562157,228,1335.937500,15.596324,52.734375,59.650990,hann
22,23.562157,229,1341.796875,19.641439,52.734375,59.650990,hann
22,23.562157,230,1347.656250,22.160515,52.734375,59.650990,hann
22,23.562157,231,1353.515625,17.729052,52.734375,59.650990,hann
22,23.562157,232,1359.375000,10.523349,52.734375,59.650990,hann
22,23.562157,233,1365.234375,8.019626,52.734375,59.650990,hann
22,23.562157,234,1371.093750,6.856227,52.734375,59.650990,hann
22,23.562157,235,1376.953125,7.684350,52.734375,59.650990,hann
22,23.562157,236,1382.812500,6.667523,52.734375,59.650990,hann
22,23.562157,237,1388.671875,17.831642,52.734375,59.650990,hann
22,23.562157,238,1394.531250,22.675953,52.734375,59.650990,hann
22,23.562157,239,1400.390625,19.825569,52.734375,59.650990,hann
22,23.562157,240,1406.250000,1.656676,52.734375,59.650990,hann
22,23.562157,241,1412.109375,10.616051,52.734375,59.650990,hann
22,23.562157,242,1417.968750,1.282788,52.734375,59.650990,hann
22,23.562157,243,1423.828125,1.801711,52.734375,59.650990,hann
22,23.562157,244,1429.687500,2.869956,52.734375,59.650990,hann
22,23.562157,245,1435.546875,12.202271,52.734375,59.650990,hann
22,23.562157,246,1441.406250,23.171141,52.734375,59.650990,hann
22,23.562157,247,1447.265625,27.811924,52.734375,59.650990,hann
22,23.562157,248,1453.125000,22.063990,52.734375,59.650990,hann
22,23.562157,249,1458.984375,10.238867,52.734375,59.650990,hann
22,23.562157,250,1464.843750,9.627811,52.734375,59.650990,hann
22,23.562157,251,1470.703125,4.727171,52.734375,59.650990,hann
22,23.562157,252,1476.562500,4.075339,52.734375,59.650990,hann
22,23.562157,253,1482.421875,8.198375,52.734375,59.650990,hann
22,23.562157,254,1488.281250,14.306759,52.734375,59.650990,hann
22,23.562157,255,1494.140625,23.358116,52.734375,59.650990,hann
22,23.562157,256,1500.000000,22.059614,52.734375,59.650990,hann
22,23.562157,257,1505.859375,1.804236,52.734375,59.650990,hann
22,23.562157,258,1511.718750,13.079767,52.734375,59.650990,hann
22,23.562157,259,1517.578125,7.235741,52.734375,59.650990,hann
22,23.562157,260,1523.437500,5.781643,52.734375,59.650990,hann
22,23.562157,261,1529.296875,8.685681,52.734375,59.650990,hann
22,23.562157,262,1535.156250,16.797398,52.734375,59.650990,hann
22,23.562157,263,1541.015625,21.104580,52.734375,59.650990,hann
22,23.562157,264,1546.875000,22.499374,52.734375,59.650990,hann
22,23.562157,265,1552.734375,10.308782,52.734375,59.650990,hann
22,23.562157,266,1558.593750,16.618055,52.734375,59.650990,hann
22,23.562157,267,1564.453125,12.877895,52.734375,59.650990,hann
22,23.562157,268,1570.312500,7.108541,52.734375,59.650990,hann
22,23.562157,269,1576.171875,11.186201,52.734375,59.650990,hann
22,23.562157,270,1582.031250,17.323406,52.734375,59.650990,hann
22,23.562157,271,1587.890625,18.200190,52.734375,59.650990,hann
22,23.562157,272,1593.750000,23.130367,52.734375,59.650990,hann
22,23.562157,273,1599.609375,23.730354,52.734375,59.650990,hann
22,23.562157,274,1605.468750,8.130108,52.734375,59.650990,hann
22,23.562157,275,1611.328125,9.474965,52.734375,59.650990,hann
22,23.562157,276,1617.187500,11.573448,52.734375,59.650990,hann
22,23.562157,277,1623.046875,9.192647,52.734375,59.650990,hann
22,23.562157,278,1628.906250,10.743166,52.734375,59.650990,hann
22,23.562157,279,1634.765625,11.145157,52.734375,59.650990,hann
22,23.562157,280,1640.625000,18.044765,52.734375,59.650990,hann
22,23.562157,281,1646.484375,23.900631,52.734375,59.650990,hann
22,23.562157,282,1652.343750,16.288830,52.734375,59.650990,hann
22,23.562157,283,1658.203125,17.904221,52.734375,59.650990,hann
22,23.562157,284,1664.062500,13.230418,52.734375,59.650990,hann
22,23.562157,285,1669.921875,8.664156,52.734375,59.650990,hann
22,23.562157,286,1675.781250,6.301318,52.734375,59.650990,hann
22,23.562157,287,1681.640625,12.737275,52.734375,59.650990,hann
22,23.562157,288,1687.500000,10.199320,52.734375,59.650990,hann
22,23.562157,289,1693.359375,23.121567,52.734375,59.650990,hann
22,23.562157,290,1699.218750,24.616779,52.734375,59.650990,hann
22,23.562157,291,1705.078125,7.157783,52.734375,59.650990,hann
22,23.562157,292,1710.937500,10.549879,52.734375,59.650990,hann
22,23.562157,293,1716.796875,6.470805,52.734375,59.650990,hann
22,23.562157,294,1722.656250,-4.078308,52.734375,59.650990,hann
22,23.562157,295,1728.515625,-6.775085,52.734375,59.650990,hann
22,23.562157,296,1734.375000,6.885282,52.734375,59.650990,hann
22,23.562157,297,1740.234375,12.195840,52.734375,59.650990,hann
22,23.562157,298,1746.093750,23.671446,52.734375,59.650990,hann
22,23.562157,299,1751.953125,22.814829,52.734375,59.650990,hann
22,23.562157,300,1757.812500,21.162558,52.734375,59.650990,hann
22,23.562157,301,1763.671875,13.362689,52.734375,59.650990,hann
22,23.562157,302,1769.531250,6.035253,52.734375,59.650990,hann
22,23.562157,303,1775.390625,5.484294,52.734375,59.650990,hann
22,23.562157,304,1781.250000,17.396666,52.734375,59.650990,hann
22,23.562157,305,1787.109375,18.858721,52.734375,59.650990,hann
22,23.562157,306,1792.968750,24.542557,52.734375,59.650990,hann
22,23.562157,307,1798.828125,27.924088,52.734375,59.650990,hann
22,23.562157,308,1804.687500,22.777725,52.734375,59.650990,hann
22,23.562157,309,1810.546875,9.563413,52.734375,59.650990,hann
22,23.562157,310,1816.406250,11.316669,52.734375,59.650990,hann
22,23.562157,311,1822.265625,14.667786,52.734375,59.650990,hann
22,23.562157,312,1828.125000,13.431483,52.734375,59.650990,hann
22,23.562157,313,1833.984375,13.907034,52.734375,59.650990,hann
22,23.562157,314,1839.843750,17.658102,52.734375,59.650990,hann
22,23.562157,315,1845.703125,26.081188,52.734375,59.650990,hann
22,23.562157,316,1851.562500,22.791149,52.734375,59.650990,hann
22,23.562157,317,1857.421875,23.651190,52.734375,59.650990,hann
22,23.562157,318,1863.281250,19.368855,52.734375,59.650990,hann
22,23.562157,319,1869.140625,18.739819,52.734375,59.650990,hann
22,23.562157,320,1875.000000,18.077276,52.734375,59.650990,hann
22,23.562157,321,1880.859375,20.572384,52.734375,59.650990,hann
22,23.562157,322,1886.718750,18.028519,52.734375,59.650990,hann
22,23.562157,323,1892.578125,30.854071,52.734375,59.650990,hann
22,23.562157,324,1898.437500,31.257364,52.734375,59.650990,hann
22,23.562157,325,1904.296875,21.066807,52.734375,59.650990,hann
22,23.562157,326,1910.156250,26.266747,52.734375,59.650990,hann
22,23.562157,327,1916.015625,21.517147,52.734375,59.650990,hann
22,23.562157,328,1921.875000,23.997089,52.734375,59.650990,hann
22,23.562157,329,1927.734375,21.141855,52.734375,59.650990,hann
22,23.562157,330,1933.593750,28.130119,52.734375,59.650990,hann
22,23.562157,331,1939.453125,31.727787,52.734375,59.650990,hann
22,23.562157,332,1945.312500,42.518238,52.734375,59.650990,hann
22,23.562157,333,1951.171875,41.010128,52.734375,59.650990,hann
22,23.562157,334,1957.031250,36.507946,52.734375,59.650990,hann
22,23.562157,335,1962.890625,24.472424,52.734375,59.650990,hann
22,23.562157,336,1968.750000,24.634754,52.734375,59.650990,hann
22,23.562157,337,1974.609375,33.492920,52.734375,59.650990,hann
22,23.562157,338,1980.468750,40.611809,52.734375,59.650990,hann
22,23.562157,339,1986.328125,46.164032,52.734375,59.650990,hann
22,23.562157,340,1992.187500,56.233334,52.734375,59.650990,hann
22,23.562157,341,1998.046875,59.258652,52.734375,59.650990,hann
22,23.562157,342,2003.906250,53.119659,52.734375,59.650990,hann
22,23.562157,343,2009.765625,48.825359,52.734375,59.650990,hann
22,23.562157,344,2015.625000,37.168495,52.734375,59.650990,hann
22,23.562157,345,2021.484375,29.577488,52.734375,59.650990,hann
22,23.562157,346,2027.343750,30.016470,52.734375,59.650990,hann
22,23.562157,347,2033.203125,28.745842,52.734375,59.650990,hann
22,23.562157,348,2039.062500,31.087072,52.734375,59.650990,hann
22,23.562157,349,2044.921875,42.043831,52.734375,59.650990,hann
22,23.562157,350,2050.781250,39.551117,52.734375,59.650990,hann
22,23.562157,351,2056.640625,36.328789,52.734375,59.650990,hann
22,23.562157,352,2062.500000,30.757971,52.734375,59.650990,hann
22,23.562157,353,2068.359375,29.992908,52.734375,59.650990,hann
22,23.562157,354,2074.218750,23.971230,52.734375,59.650990,hann
22,23.562157,355,2080.078125,26.868734,52.734375,59.650990,hann
22,23.562157,356,2085.937500,24.192722,52.734375,59.650990,hann
22,23.562157,357,2091.796875,31.814842,52.734375,59.650990,hann
22,23.562157,358,2097.656250,34.102581,52.734375,59.650990,hann
22,23.562157,359,2103.515625,26.072090,52.734375,59.650990,hann
22,23.562157,360,2109.375000,16.812511,52.734375,59.650990,hann
22,23.562157,361,2115.234375,7.840037,52.734375,59.650990,hann
22,23.562157,362,2121.093750,7.700463,52.734375,59.650990,hann
22,23.562157,363,2126.953125,9.441418,52.734375,59.650990,hann
22,23.562157,364,2132.812500,10.244244,52.734375,59.650990,hann
22,23.562157,365,2138.671875,18.501247,52.734375,59.650990,hann
22,23.562157,366,2144.531250,26.734417,52.734375,59.650990,hann
22,23.562157,367,2150.390625,25.744822,52.734375,59.650990,hann
22,23.562157,368,2156.250000,19.748466,52.734375,59.650990,hann
22,23.562157,369,2162.109375,6.752090,52.734375,59.650990,hann
22,23.562157,370,2167.968750,4.483912,52.734375,59.650990,hann
22,23.562157,371,2173.828125,14.247828,52.734375,59.650990,hann
22,23.562157,372,2179.687500,7.991909,52.734375,59.650990,hann
22,23.562157,373,2185.546875,12.377785,52.734375,59.650990,hann
22,23.562157,374,2191.406250,17.577221,52.734375,59.650990,hann
22,23.562157,375,2197.265625,22.998774,52.734375,59.650990,hann
22,23.562157,376,2203.125000,14.870470,52.734375,59.650990,hann
22,23.562157,377,2208.984375,14.241609,52.734375,59.650990,hann
22,23.562157,378,2214.843750,11.234179,52.734375,59.650990,hann
22,23.562157,379,2220.703125,0.649063,52.734375,59.650990,hann
22,23.562157,380,2226.562500,-2.976341,52.734375,59.650990,hann
22,23.562157,381,2232.421875,8.079633,52.734375,59.650990,hann
22,23.562157,382,2238.281250,13.868185,52.734375,59.650990,hann
22,23.562157,383,2244.140625,23.134785,52.734375,59.650990,hann
22,23.562157,384,2250.000000,21.563585,52.734375,59.650990,hann
22,23.562157,385,2255.859375,9.813328,52.734375,59.650990,hann
22,23.562157,386,2261.718750,7.870803,52.734375,59.650990,hann
22,23.562157,387,2267.578125,6.749162,52.734375,59.650990,hann
22,23.562157,388,2273.437500,14.104422,52.734375,59.650990,hann
22,23.562157,389,2279.296875,8.860911,52.734375,59.650990,hann
22,23.562157,390,2285.156250,7.405089,52.734375,59.650990,hann
22,23.562157,391,2291.015625,13.893785,52.734375,59.650990,hann
22,23.562157,392,2296.875000,17.423464,52.734375,59.650990,hann
22,23.562157,393,2302.734375,7.629760,52.734375,59.650990,hann
22,23.562157,394,2308.593750,5.430870,52.734375,59.650990,hann
22,23.562157,395,2314.453125,10.810919,52.734375,59.650990,hann
22,23.562157,396,2320.312500,7.672634,52.734375,59.650990,hann
22,23.562157,397,2326.171875,8.417587,52.734375,59.650990,hann
22,23.562157,398,2332.031250,8.530250,52.734375,59.650990,hann
22,23.562157,399,2337.890625,14.538831,52.734375,59.650990,hann
22,23.562157,400,2343.750000,25.321112,52.734375,59.650990,hann
22,23.562157,401,2349.609375,23.682201,52.734375,59.650990,hann
22,23.562157,402,2355.468750,9.698873,52.734375,59.650990,hann
22,23.562157,403,2361.328125,-0.349327,52.734375,59.650990,hann
22,23.562157,404,2367.187500,0.447146,52.734375,59.650990,hann
22,23.562157,405,2373.046875,2.077726,52.734375,59.650990,hann
22,23.562157,406,2378.906250,7.798165,52.734375,59.650990,hann
22,23.562157,407,2384.765625,10.106887,52.734375,59.650990,hann
22,23.562157,408,2390.625000,18.727833,52.734375,59.650990,hann
22,23.562157,409,2396.484375,20.742779,52.734375,59.650990,hann
22,23.562157,410,2402.343750,5.899090,52.734375,59.650990,hann
22,23.562157,411,2408.203125,14.194669,52.734375,59.650990,hann
22,23.562157,412,2414.062500,11.986990,52.734375,59.650990,hann
22,23.562157,413,2419.921875,7.376983,52.734375,59.650990,hann
22,23.562157,414,2425.781250,1.769949,52.734375,59.650990,hann
22,23.562157,415,2431.640625,10.545033,52.734375,59.650990,hann
22,23.562157,416,2437.500000,16.335348,52.734375,59.650990,hann
22,23.562157,417,2443.359375,20.916103,52.734375,59.650990,hann
22,23.562157,418,2449.218750,19.301033,52.734375,59.650990,hann
22,23.562157,419,2455.078125,2.272972,52.734375,59.650990,hann
22,23.562157,420,2460.937500,13.138638,52.734375,59.650990,hann
22,23.562157,421,2466.796875,8.822121,52.734375,59.650990,hann
22,23.562157,422,2472.656250,10.731826,52.734375,59.650990,hann
22,23.562157,423,2478.515625,2.381330,52.734375,59.650990,hann
22,23.562157,424,2484.375000,7.155416,52.734375,59.650990,hann
22,23.562157,425,2490.234375,17.149790,52.734375,59.650990,hann
22,23.562157,426,2496.093750,18.076788,52.734375,59.650990,hann
22,23.562157,427,2501.953125,8.233472,52.734375,59.650990,hann
22,23.562157,428,2507.812500,10.282683,52.734375,59.650990,hann
22,23.562157,429,2513.671875,8.896830,52.734375,59.650990,hann
22,23.562157,430,2519.531250,7.690184,52.734375,59.650990,hann
22,23.562157,431,2525.390625,-5.529964,52.734375,59.650990,hann
22,23.562157,432,2531.250000,-1.312341,52.734375,59.650990,hann
22,23.562157,433,2537.109375,5.115595,52.734375,59.650990,hann
22,23.562157,434,2542.968750,19.811914,52.734375,59.650990,hann
22,23.562157,435,2548.828125,15.699882,52.734375,59.650990,hann
22,23.562157,436,2554.687500,9.160255,52.734375,59.650990,hann
22,23.562157,437,2560.546875,4.187054,52.734375,59.650990,hann
22,23.562157,438,2566.406250,3.415035,52.734375,59.650990,hann
22,23.562157,439,2572.265625,7.903445,52.734375,59.650990,hann
22,23.562157,440,2578.125000,8.404105,52.734375,59.650990,hann
22,23.562157,441,2583.984375,10.476890,52.734375,59.650990,hann
22,23.562157,442,2589.843750,10.961496,52.734375,59.650990,hann
22,23.562157,443,2595.703125,16.999498,52.734375,59.650990,hann
22,23.562157,444,2601.562500,4.756946,52.734375,59.650990,hann
22,23.562157,445,2607.421875,13.479006,52.734375,59.650990,hann
22,23.562157,446,2613.281250,8.986982,52.734375,59.650990,hann
22,23.562157,447,2619.140625,6.117250,52.734375,59.650990,hann
22,23.562157,448,2625.000000,2.938380,52.734375,59.650990,hann
22,23.562157,449,2630.859375,12.657136,52.734375,59.650990,hann
22,23.562157,450,2636.718750,18.369987,52.734375,59.650990,hann
22,23.562157,451,2642.578125,23.712685,52.734375,59.650990,hann
22,23.562157,452,2648.437500,19.756172,52.734375,59.650990,hann
22,23.562157,453,2654.296875,12.694498,52.734375,59.650990,hann
22,23.562157,454,2660.156250,15.105349,52.734375,59.650990,hann
22,23.562157,455,2666.015625,7.687943,52.734375,59.650990,hann
22,23.562157,456,2671.875000,8.895493,52.734375,59.650990,hann
22,23.562157,457,2677.734375,-1.879375,52.734375,59.650990,hann
22,23.562157,458,2683.593750,5.660662,52.734375,59.650990,hann
22,23.562157,459,2689.453125,5.938846,52.734375,59.650990,hann
22,23.562157,460,2695.312500,16.302778,52.734375,59.650990,hann
22,23.562157,461,2701.171875,10.588606,52.734375,59.650990,hann
22,23.562157,462,2707.031250,18.291933,52.734375,59.650990,hann
22,23.562157,463,2712.890625,16.439699,52.734375,59.650990,hann
22,23.562157,464,2718.750000,13.326128,52.734375,59.650990,hann
22,23.562157,465,2724.609375,8.982884,52.734375,59.650990,hann
22,23.562157,466,2730.468750,13.976989,52.734375,59.650990,hann
22,23.562157,467,2736.328125,13.341985,52.734375,59.650990,hann
22,23.562157,468,2742.187500,18.350676,52.734375,59.650990,hann
22,23.562157,469,2748.046875,15.232191,52.734375,59.650990,hann
22,23.562157,470,2753.906250,7.871287,52.734375,59.650990,hann
22,23.562157,471,2759.765625,10.838947,52.734375,59.650990,hann
22,23.562157,472,2765.625000,10.931111,52.734375,59.650990,hann
22,23.562157,473,2771.484375,3.102349,52.734375,59.650990,hann
22,23.562157,474,2777.343750,0.951803,52.734375,59.650990,hann
22,23.562157,475,2783.203125,7.293698,52.734375,59.650990,hann
22,23.562157,476,2789.062500,11.985769,52.734375,59.650990,hann
22,23.562157,477,2794.921875,17.196060,52.734375,59.650990,hann
22,23.562157,478,2800.781250,6.897915,52.734375,59.650990,hann
22,23.562157,479,2806.640625,18.956144,52.734375,59.650990,hann
22,23.562157,480,2812.500000,16.521614,52.734375,59.650990,hann
22,23.562157,481,2818.359375,13.241343,52.734375,59.650990,hann
22,23.562157,482,2824.218750,7.342276,52.734375,59.650990,hann
22,23.562157,483,2830.078125,-0.420356,52.734375,59.650990,hann
22,23.562157,484,2835.937500,10.646263,52.734375,59.650990,hann
22,23.562157,485,2841.796875,18.260597,52.734375,59.650990,hann
22,23.562157,486,2847.656250,16.042902,52.734375,59.650990,hann
22,23.562157,487,2853.515625,11.165291,52.734375,59.650990,hann
22,23.562157,488,2859.375000,12.310238,52.734375,59.650990,hann
22,23.562157,489,2865.234375,3.734290,52.734375,59.650990,hann
22,23.562157,490,2871.093750,-1.575891,52.734375,59.650990,hann
22,23.562157,491,2876.953125,-3.432757,52.734375,59.650990,hann
22,23.562157,492,2882.812500,5.515162,52.734375,59.650990,hann
22,23.562157,493,2888.671875,16.528837,52.734375,59.650990,hann
22,23.562157,494,2894.531250,21.837170,52.734375,59.650990,hann
22,23.562157,495,2900.390625,14.219651,52.734375,59.650990,hann
22,23.562157,496,2906.250000,10.920183,52.734375,59.650990,hann
22,23.562157,497,2912.109375,10.839008,52.734375,59.650990,hann
22,23.562157,498,2917.968750,5.631867,52.734375,59.650990,hann
22,23.562157,499,2923.828125,-4.116908,52.734375,59.650990,hann
22,23.562157,500,2929.687500,8.458184,52.734375,59.650990,hann
22,23.562157,501,2935.546875,8.603977,52.734375,59.650990,hann
22,23.562157,502,2941.406250,18.972300,52.734375,59.650990,hann
22,23.562157,503,2947.265625,17.681376,52.734375,59.650990,hann
22,23.562157,504,2953.125000,9.160673,52.734375,59.650990,hann
22,23.562157,505,2958.984375,15.575764,52.734375,59.650990,hann
22,23.562157,506,2964.843750,6.371322,52.734375,59.650990,hann
22,23.562157,507,2970.703125,-3.198525,52.734375,59.650990,hann
22,23.562157,508,2976.562500,6.820807,52.734375,59.650990,hann
22,23.562157,509,2982.421875,13.032226,52.734375,59.650990,hann
22,23.562157,510,2988.281250,15.665837,52.734375,59.650990,hann
22,23.562157,511,2994.140625,13.188622,52.734375,59.650990,hann
23,24.584512,0,0.000000,33.105179,46.875000,60.412159,hann
23,24.584512,1,5.859375,32.869270,46.875000,60.412159,hann
23,24.584512,2,11.718750,20.052816,46.875000,60.412159,hann
23,24.584512,3,17.578125,16.898001,46.875000,60.412159,hann
23,24.584512,4,23.437500,18.161642,46.875000,60.412159,hann
23,24.584512,5,29.296875,18.114414,46.875000,60.412159,hann
23,24.584512,6,35.156250,29.916721,46.875000,60.412159,hann
23,24.584512,7,41.015625,46.627232,46.875000,60.412159,hann
23,24.584512,8,46.875000,60.412159,46.875000,60.412159,hann
23,24.584512,9,52.734375,60.362259,46.875000,60.412159,hann
23,24.584512,10,58.593750,46.387409,46.875000,60.412159,hann
23,24.584512,11,64.453125,29.401834,46.875000,60.412159,hann
23,24.584512,12,70.312500,20.839500,46.875000,60.412159,hann
23,24.584512,13,76.171875,12.736274,46.875000,60.412159,hann
23,24.584512,14,82.031250,-14.316029,46.875000,60.412159,hann
23,24.584512,15,87.890625,18.742840,46.875000,60.412159,hann
23,24.584512,16,93.750000,48.033752,46.875000,60.412159,hann
23,24.584512,17,99.609375,53.857349,46.875000,60.412159,hann
23,24.584512,18,105.468750,47.781998,46.875000,60.412159,hann
23,24.584512,19,111.328125,8.410446,46.875000,60.412159,hann
23,24.584512,20,117.187500,3.436024,46.875000,60.412159,hann
23,24.584512,21,123.046875,10.080728,46.875000,60.412159,hann
23,24.584512,22,128.906250,8.889285,46.875000,60.412159,hann
23,24.584512,23,134.765625,21.050341,46.875000,60.412159,hann
23,24.584512,24,140.625000,33.128002,46.875000,60.412159,hann
23,24.584512,25,146.484375,46.872101,46.875000,60.412159,hann
23,24.584512,26,152.343750,46.556801,46.875000,60.412159,hann
23,24.584512,27,158.203125,32.482994,46.875000,60.412159,hann
23,24.584512,28,164.062500,13.874497,46.875000,60.412159,hann
23,24.584512,29,169.921875,14.898777,46.875000,60.412159,hann
23,24.584512,30,175.781250,10.549292,46.875000,60.412159,hann
23,24.584512,31,181.640625,15.894201,46.875000,60.412159,hann
23,24.584512,32,187.500000,13.779092,46.875000,60.412159,hann
23,24.584512,33,193.359375,38.741924,46.875000,60.412159,hann
23,24.584512,34,199.218750,44.595791,46.875000,60.412159,hann
23,24.584512,35,205.078125,38.381172,46.875000,60.412159,hann
23,24.584512,36,210.937500,7.243892,46.875000,60.412159,hann
23,24.584512,37,216.796875,10.974533,46.875000,60.412159,hann
23,24.584512,38,222.656250,4.524796,46.875000,60.412159,hann
23,24.584512,39,228.515625,6.504992,46.875000,60.412159,hann
23,24.584512,40,234.375000,8.417141,46.875000,60.412159,hann
23,24.584512,41,240.234375,24.507938,46.875000,60.412159,hann
23,24.584512,42,246.093750,37.549004,46.875000,60.412159,hann
23,24.584512,43,251.953125,37.196117,46.875000,60.412159,hann
23,24.584512,44,257.812500,23.627138,46.875000,60.412159,hann
23,24.584512,45,263.671875,3.253496,46.875000,60.412159,hann
23,24.584512,46,269.531250,6.067467,46.875000,60.412159,hann
23,24.584512,47,275.390625,9.757906,46.875000,60.412159,hann
23,24.584512,48,281.250000,8.429186,46.875000,60.412159,hann
23,24.584512,49,287.109375,6.855250,46.875000,60.412159,hann
23,24.584512,50,292.968750,27.300375,46.875000,60.412159,hann
23,24.584512,51,298.828125,32.482468,46.875000,60.412159,hann
23,24.584512,52,304.687500,24.490498,46.875000,60.412159,hann
23,24.584512,53,310.546875,12.344628,46.875000,60.412159,hann
23,24.584512,54,316.406250,13.506731,46.875000,60.412159,hann
23,24.584512,55,322.265625,12.513038,46.875000,60.412159,hann
23,24.584512,56,328.125000,19.069889,46.875000,60.412159,hann
23,24.584512,57,333.984375,18.452633,46.875000,60.412159,hann
23,24.584512,58,339.843750,30.290415,46.875000,60.412159,hann
23,24.584512,59,345.703125,40.259689,46.875000,60.412159,hann
23,24.584512,60,351.562500,39.004662,46.875000,60.412159,hann
23,24.584512,61,357.421875,23.721407,46.875000,60.412159,hann
23,24.584512,62,363.281250,10.262618,46.875000,60.412159,hann
23,24.584512,63,369.140625,4.313503,46.875000,60.412159,hann
23,24.584512,64,375.000000,15.624706,46.875000,60.412159,hann
23,24.584512,65,380.859375,20.441147,46.875000,60.412159,hann
23,24.584512,66,386.718750,19.937330,46.875000,60.412159,hann
23,24.584512,67,392.578125,30.478270,46.875000,60.412159,hann
23,24.584512,68,398.437500,34.616394,46.875000,60.412159,hann
23,24.584512,69,404.296875,28.207586,46.875000,60.412159,hann
23,24.584512,70,410.156250,12.905492,46.875000,60.412159,hann
23,24.584512,71,416.015625,0.943477,46.875000,60.412159,hann
23,24.584512,72,421.875000,10.582975,46.875000,60.412159,hann
23,24.584512,73,427.734375,14.687833,46.875000,60.412159,hann
23,24.584512,74,433.593750,1.241608,46.875000,60.412159,hann
23,24.584512,75,439.453125,21.244919,46.875000,60.412159,hann
23,24.584512,76,445.312500,33.266582,46.875000,60.412159,hann
23,24.584512,77,451.171875,32.455032,46.875000,60.412159,hann
23,24.584512,78,457.031250,18.634590,46.875000,60.412159,hann
23,24.584512,79,462.890625,-8.944778,46.875000,60.412159,hann
23,24.584512,80,468.750000,7.416493,46.875000,60.412159,hann
23,24.584512,81,474.609375,9.209078,46.875000,60.412159,hann
23,24.584512,82,480.468750,12.509420,46.875000,60.412159,hann
23,24.584512,83,486.328125,15.279455,46.875000,60.412159,hann
23,24.584512,84,492.187500,24.949978,46.875000,60.412159,hann
23,24.584512,85,498.046875,28.857967,46.875000,60.412159,hann
23,24.584512,86,503.906250,20.537800,46.875000,60.412159,hann
23,24.584512,87,509.765625,15.296626,46.875000,60.412159,hann
23,24.584512,88,515.625000,13.652946,46.875000,60.412159,hann
23,24.584512,89,521.484375,3.829129,46.875000,60.412159,hann
23,24.584512,90,527.343750,3.485208,46.875000,60.412159,hann
23,24.584512,91,533.203125,11.125374,46.875000,60.412159,hann
23,24.584512,92,539.062500,20.157734,46.875000,60.412159,hann
23,24.584512,93,544.921875,27.169378,46.875000,60.412159,hann
23,24.584512,94,550.781250,24.732979,46.875000,60.412159,hann
23,24.584512,95,556.640625,15.898181,46.875000,60.412159,hann
23,24.584512,96,562.500000,9.982258,46.875000,60.412159,hann
23,24.584512,97,568.359375,0.308743,46.875000,60.412159,hann
23,24.584512,98,574.218750,4.778852,46.875000,60.412159,hann
23,24.584512,99,580.078125,2.751926,46.875000,60.412159,hann
23,24.584512,100,585.937500,3.856553,46.875000,60.412159,hann
23,24.584512,101,591.796875,24.869745,46.875000,60.412159,hann
23,24.584512,102,597.656250,29.141850,46.875000,60.412159,hann
23,24.584512,103,603.515625,20.678505,46.875000,60.412159,hann
23,24.584512,104,609.375000,1.642863,46.875000,60.412159,hann
23,24.584512,105,615.234375,11.921227,46.875000,60.412159,hann
23,24.584512,106,621.093750,12.469753,46.875000,60.412159,hann
23,24.584512,107,626.953125,9.235262,46.875000,60.412159,hann
23,24.584512,108,632.812500,-0.877513,46.875000,60.412159,hann
23,24.584512,109,638.671875,17.334450,46.875000,60.412159,hann
23,24.584512,110,644.531250,30.274368,46.875000,60.412159,hann
23,24.584512,111,650.390625,29.577087,46.875000,60.412159,hann
23,24.584512,112,656.250000,12.288165,46.875000,60.412159,hann
23,24.584512,113,662.109375,16.061558,46.875000,60.412159,hann
23,24.584512,114,667.968750,16.036379,46.875000,60.412159,hann
23,24.584512,115,673.828125,5.982842,46.875000,60.412159,hann
23,24.584512,116,679.687500,5.710990,46.875000,60.412159,hann
23,24.584512,117,685.546875,3.808033,46.875000,60.412159,hann
23,24.584512,118,691.406250,21.194456,46.875000,60.412159,hann
23,24.584512,119,697.265625,26.194691,46.875000,60.412159,hann
23,24.584512,120,703.125000,21.956093,46.875000,60.412159,hann
23,24.584512,121,708.984375,9.804918,46.875000,60.412159,hann
23,24.584512,122,714.843750,14.000172,46.875000,60.412159,hann
23,24.584512,123,720.703125,10.166632,46.875000,60.412159,hann
23,24.584512,124,726.562500,-12.633465,46.875000,60.412159,hann
23,24.584512,125,732.421875,-1.115767,46.875000,60.412159,hann
23,24.584512,126,738.281250,16.944099,46.875000,60.412159,hann
23,24.584512,127,744.140625,26.146839,46.875000,60.412159,hann
23,24.584512,128,750.000000,24.219852,46.875000,60.412159,hann
23,24.584512,129,755.859375,7.718748,46.875000,60.412159,hann
23,24.584512,130,761.718750,12.177857,46.875000,60.412159,hann
23,24.584512,131,767.578125,9.926611,46.875000,60.412159,hann
23,24.584512,132,773.437500,10.918063,46.875000,60.412159,hann
23,24.584512,133,779.296875,10.542196,46.875000,60.412159,hann
23,24.584512,134,785.156250,-0.155225,46.875000,60.412159,hann
23,24.584512,135,791.015625,25.137169,46.875000,60.412159,hann
23,24.584512,136,796.875000,30.150835,46.875000,60.412159,hann
23,24.584512,137,802.734375,23.701675,46.875000,60.412159,hann
23,24.584512,138,808.593750,7.352171,46.875000,60.412159,hann
23,24.584512,139,814.453125,6.042724,46.875000,60.412159,hann
23,24.584512,140,820.312500,2.855589,46.875000,60.412159,hann
23,24.584512,141,826.171875,-4.907002,46.875000,60.412159,hann
23,24.584512,142,832.031250,5.357428,46.875000,60.412159,hann
23,24.584512,143,837.890625,20.843294,46.875000,60.412159,hann
23,24.584512,144,843.750000,32.398346,46.875000,60.412159,hann
23,24.584512,145,849.609375,30.547678,46.875000,60.412159,hann
23,24.584512,146,855.468750,12.434557,46.875000,60.412159,hann
23,24.584512,147,861.328125,10.290838,46.875000,60.412159,hann
23,24.584512,148,867.187500,11.787797,46.875000,60.412159,hann
23,24.584512,149,873.046875,4.117487,46.875000,60.412159,hann
23,24.584512,150,878.906250,0.363448,46.875000,60.412159,hann
23,24.584512,151,884.765625,-6.810388,46.875000,60.412159,hann
23,24.584512,152,890.625000,24.693830,46.875000,60.412159,hann
23,24.584512,153,896.484375,30.039940,46.875000,60.412159,hann
23,24.584512,154,902.343750,24.283684,46.875000,60.412159,hann
23,24.584512,155,908.203125,11.660141,46.875000,60.412159,hann
23,24.584512,156,914.062500,8.577738,46.875000,60.412159,hann
23,24.584512,157,919.921875,5.730691,46.875000,60.412159,hann
23,24.584512,158,925.781250,8.310917,46.875000,60.412159,hann
23,24.584512,159,931.640625,11.258400,46.875000,60.412159,hann
23,24.584512,160,937.500000,14.791239,46.875000,60.412159,hann
23,24.584512,161,943.359375,27.889011,46.875000,60.412159,hann
23,24.584512,162,949.218750,27.124910,46.875000,60.412159,hann
23,24.584512,163,955.078125,15.267864,46.875000,60.412159,hann
23,24.584512,164,960.937500,0.891126,46.875000,60.412159,hann
23,24.584512,165,966.796875,7.717537,46.875000,60.412159,hann
23,24.584512,166,972.656250,-0.785579,46.875000,60.412159,hann
23,24.584512,167,978.515625,-1.173961,46.875000,60.412159,hann
23,24.584512,168,984.375000,3.961959,46.875000,60.412159,hann
23,24.584512,169,990.234375,19.507730,46.875000,60.412159,hann
23,24.584512,170,996.093750,22.542072,46.875000,60.412159,hann
23,24.584512,171,1001.953125,16.447058,46.875000,60.412159,hann
23,24.584512,172,1007.812500,9.317402,46.875000,60.412159,hann
23,24.584512,173,1013.671875,8.362409,46.875000,60.412159,hann
23,24.584512,174,1019.531250,-3.152937,46.875000,60.412159,hann
23,24.584512,175,1025.390625,3.832237,46.875000,60.412159,hann
23,24.584512,176,1031.250000,-6.286273,46.875000,60.412159,hann
23,24.584512,177,1037.109375,17.396421,46.875000,60.412159,hann
23,24.584512,178,1042.968750,27.033886,46.875000,60.412159,hann
23,24.584512,179,1048.828125,24.114429,46.875000,60.412159,hann
23,24.584512,180,1054.687500,9.340967,46.875000,60.412159,hann
23,24.584512,181,1060.546875,10.732012,46.875000,60.412159,hann
23,24.584512,182,1066.406250,-3.561279,46.875000,60.412159,hann
23,24.584512,183,1072.265625,-6.088849,46.875000,60.412159,hann
23,24.584512,184,1078.125000,8.899219,46.875000,60.412159,hann
23,24.584512,185,1083.984375,4.047266,46.875000,60.412159,hann
23,24.584512,186,1089.843750,4.862993,46.875000,60.412159,hann
23,24.584512,187,1095.703125,12.473226,46.875000,60.412159,hann
23,24.584512,188,1101.562500,18.009731,46.875000,60.412159,hann
23,24.584512,189,1107.421875,14.054106,46.875000,60.412159,hann
23,24.584512,190,1113.281250,5.307062,46.875000,60.412159,hann
23,24.584512,191,1119.140625,1.166253,46.875000,60.412159,hann
23,24.584512,192,1125.000000,7.625714,46.875000,60.412159,hann
23,24.584512,193,1130.859375,2.232792,46.875000,60.412159,hann
23,24.584512,194,1136.718750,8.367392,46.875000,60.412159,hann
23,24.584512,195,1142.578125,20.611988,46.875000,60.412159,hann
23,24.584512,196,1148.437500,21.234562,46.875000,60.412159,hann
23,24.584512,197,1154.296875,12.320580,46.875000,60.412159,hann
23,24.584512,198,1160.156250,-3.205405,46.875000,60.412159,hann
23,24.584512,199,1166.015625,-1.428430,46.875000,60.412159,hann
23,24.584512,200,1171.875000,11.710652,46.875000,60.412159,hann
23,24.584512,201,1177.734375,11.967775,46.875000,60.412159,hann
23,24.584512,202,1183.593750,-3.681872,46.875000,60.412159,hann
23,24.584512,203,1189.453125,15.199910,46.875000,60.412159,hann
23,24.584512,204,1195.312500,17.666254,46.875000,60.412159,hann
23,24.584512,205,1201.171875,12.095564,46.875000,60.412159,hann
23,24.584512,206,1207.031250,13.688487,46.875000,60.412159,hann
23,24.584512,207,1212.890625,-1.419182,46.875000,60.412159,hann
23,24.584512,208,1218.750000,8.675755,46.875000,60.412159,hann
23,24.584512,209,1224.609375,2.891248,46.875000,60.412159,hann
23,24.584512,210,1230.468750,-18.456474,46.875000,60.412159,hann
23,24.584512,211,1236.328125,13.725537,46.875000,60.412159,hann
23,24.584512,212,1242.187500,21.402205,46.875000,60.412159,hann
23,24.584512,213,1248.046875,18.350857,46.875000,60.412159,hann
23,24.584512,214,1253.906250,7.977553,46.875000,60.412159,hann
23,24.584512,215,1259.765625,-1.362126,46.875000,60.412159,hann
23,24.584512,216,1265.625000,-4.281791,46.875000,60.412159,hann
23,24.584512,217,1271.484375,3.613169,46.875000,60.412159,hann
23,24.584512,218,1277.343750,2.907005,46.875000,60.412159,hann
23,24.584512,219,1283.203125,3.495641,46.875000,60.412159,hann
23,24.584512,220,1289.062500,10.911049,46.875000,60.412159,hann
23,24.584512,221,1294.921875,-6.811233,46.875000,60.412159,hann
23,24.584512,222,1300.781250,14.953650,46.875000,60.412159,hann
23,24.584512,223,1306.640625,11.922991,46.875000,60.412159,hann
23,24.584512,224,1312.500000,6.860233,46.875000,60.412159,hann
23,24.584512,225,1318.359375,1.155574,46.875000,60.412159,hann
23,24.584512,226,1324.218750,-6.512441,46.875000,60.412159,hann
23,24.584512,227,1330.078125,4.592012,46.875000,60.412159,hann
23,24.584512,228,1335.937500,4.317246,46.875000,60.412159,hann
23,24.584512,229,1341.796875,14.421225,46.875000,60.412159,hann
23,24.584512,230,1347.656250,16.813869,46.875000,60.412159,hann
23,24.584512,231,1353.515625,3.934362,46.875000,60.412159,hann
23,24.584512,232,1359.375000,-0.705380,46.875000,60.412159,hann
23,24.584512,233,1365.234375,-4.735542,46.875000,60.412159,hann
23,24.584512,234,1371.093750,-7.165323,46.875000,60.412159,hann
23,24.584512,235,1376.953125,-2.885712,46.875000,60.412159,hann
23,24.584512,236,1382.812500,3.747668,46.875000,60.412159,hann
23,24.584512,237,1388.671875,10.448805,46.875000,60.412159,hann
23,24.584512,238,1394.531250,14.951062,46.875000,60.412159,hann
23,24.584512,239,1400.390625,15.465851,46.875000,60.412159,hann
23,24.584512,240,1406.250000,7.715566,46.875000,60.412159,hann
23,24.584512,241,1412.109375,-2.611380,46.875000,60.412159,hann
23,24.584512,242,1417.968750,-5.283074,46.875000,60.412159,hann
23,24.584512,243,1423.828125,5.752965,46.875000,60.412159,hann
23,24.584512,244,1429.687500,6.374972,46.875000,60.412159,hann
23,24.584512,245,1435.546875,-8.899866,46.875000,60.412159,hann
23,24.584512,246,1441.406250,7.728852,46.875000,60.412159,hann
23,24.584512,247,1447.265625,3.942840,46.875000,60.412159,hann
23,24.584512,248,1453.125000,12.549154,46.875000,60.412159,hann
23,24.584512,249,1458.984375,6.788391,46.875000,60.412159,hann
23,24.584512,250,1464.843750,0.615454,46.875000,60.412159,hann
23,24.584512,251,1470.703125,5.989362,46.875000,60.412159,hann
23,24.584512,252,1476.562500,6.624529,46.875000,60.412159,hann
23,24.584512,253,1482.421875,-5.271149,46.875000,60.412159,hann
23,24.584512,254,1488.281250,10.852049,46.875000,60.412159,hann
23,24.584512,255,1494.140625,18.667841,46.875000,60.412159,hann
23,24.584512,256,1500.000000,16.463596,46.875000,60.412159,hann
23,24.584512,257,1505.859375,2.400452,46.875000,60.412159,hann
23,24.584512,258,1511.718750,6.496956,46.875000,60.412159,hann
23,24.584512,259,1517.578125,4.863379,46.875000,60.412159,hann
23,24.584512,260,1523.437500,5.491931,46.875000,60.412159,hann
23,24.584512,261,1529.296875,7.481005,46.875000,60.412159,hann
23,24.584512,262,1535.156250,6.066806,46.875000,60.412159,hann
23,24.584512,263,1541.015625,17.353464,46.875000,60.412159,hann
23,24.584512,264,1546.875000,17.667164,46.875000,60.412159,hann
23,24.584512,265,1552.734375,12.263469,46.875000,60.412159,hann
23,24.584512,266,1558.593750,2.731128,46.875000,60.412159,hann
23,24.584512,267,1564.453125,-5.208291,46.875000,60.412159,hann
23,24.584512,268,1570.312500,2.476829,46.875000,60.412159,hann
23,24.584512,269,1576.171875,5.398837,46.875000,60.412159,hann
23,24.584512,270,1582.031250,6.506456,46.875000,60.412159,hann
23,24.584512,271,1587.890625,7.785676,46.875000,60.412159,hann
23,24.584512,272,1593.750000,13.534144,46.875000,60.412159,hann
23,24.584512,273,1599.609375,16.499617,46.875000,60.412159,hann
23,24.584512,274,1605.468750,7.534150,46.875000,60.412159,hann
23,24.584512,275,1611.328125,6.353238,46.875000,60.412159,hann
23,24.584512,276,1617.187500,5.317275,46.875000,60.412159,hann
23,24.584512,277,1623.046875,7.646239,46.875000,60.412159,hann
23,24.584512,278,1628.906250,7.542291,46.875000,60.412159,hann
23,24.584512,279,1634.765625,9.268072,46.875000,60.412159,hann
23,24.584512,280,1640.625000,6.655918,46.875000,60.412159,hann
23,24.584512,281,1646.484375,17.881420,46.875000,60.412159,hann
23,24.584512,282,1652.343750,18.140884,46.875000,60.412159,hann
23,24.584512,283,1658.203125,7.622698,46.875000,60.412159,hann
23,24.584512,284,1664.062500,7.554097,46.875000,60.412159,hann
23,24.584512,285,1669.921875,-0.310472,46.875000,60.412159,hann
23,24.584512,286,1675.781250,6.352952,46.875000,60.412159,hann
23,24.584512,287,1681.640625,-0.654291,46.875000,60.412159,hann
23,24.584512,288,1687.500000,8.946029,46.875000,60.412159,hann
23,24.584512,289,1693.359375,16.372005,46.875000,60.412159,hann
23,24.584512,290,1699.218750,17.383541,46.875000,60.412159,hann
23,24.584512,291,1705.078125,13.618374,46.875000,60.412159,hann
23,24.584512,292,1710.937500,8.875438,46.875000,60.412159,hann
23,24.584512,293,1716.796875,0.611875,46.875000,60.412159,hann
23,24.584512,294,1722.656250,-7.035463,46.875000,60.412159,hann
23,24.584512,295,1728.515625,-6.521224,46.875000,60.412159,hann
23,24.584512,296,1734.375000,3.610542,46.875000,60.412159,hann
23,24.584512,297,1740.234375,-3.102254,46.875000,60.412159,hann
23,24.584512,298,1746.093750,11.561249,46.875000,60.412159,hann
23,24.584512,299,1751.953125,9.131364,46.875000,60.412159,hann
23,24.584512,300,1757.812500,11.381811,46.875000,60.412159,hann
23,24.584512,301,1763.671875,11.683793,46.875000,60.412159,hann
23,24.584512,302,1769.531250,13.207673,46.875000,60.412159,hann
23,24.584512,303,1775.390625,10.396898,46.875000,60.412159,hann
23,24.584512,304,1781.250000,5.658025,46.875000,60.412159,hann
23,24.584512,305,1787.109375,12.767677,46.875000,60.412159,hann
23,24.584512,306,1792.968750,23.878380,46.875000,60.412159,hann
23,24.584512,307,1798.828125,26.035215,46.875000,60.412159,hann
23,24.584512,308,1804.687500,17.809698,46.875000,60.412159,hann
23,24.584512,309,1810.546875,9.248102,46.875000,60.412159,hann
23,24.584512,310,1816.406250,-5.577065,46.875000,60.412159,hann
23,24.584512,311,1822.265625,0.750329,46.875000,60.412159,hann
23,24.584512,312,1828.125000,2.397376,46.875000,60.412159,hann
23,24.584512,313,1833.984375,8.676519,46.875000,60.412159,hann
23,24.584512,314,1839.843750,13.950053,46.875000,60.412159,hann
23,24.584512,315,1845.703125,12.172981,46.875000,60.412159,hann
23,24.584512,316,1851.562500,-2.582734,46.875000,60.412159,hann
23,24.584512,317,1857.421875,9.103712,46.875000,60.412159,hann
23,24.584512,318,1863.281250,5.540374,46.875000,60.412159,hann
23,24.584512,319,1869.140625,5.475621,46.875000,60.412159,hann
23,24.584512,320,1875.000000,7.077628,46.875000,60.412159,hann
23,24.584512,321,1880.859375,-0.112684,46.875000,60.412159,hann
23,24.584512,322,1886.718750,6.346288,46.875000,60.412159,hann
23,24.584512,323,1892.578125,24.846315,46.875000,60.412159,hann
23,24.584512,324,1898.437500,28.800186,46.875000,60.412159,hann
23,24.584512,325,1904.296875,21.493111,46.875000,60.412159,hann
23,24.584512,326,1910.156250,11.255081,46.875000,60.412159,hann
23,24.584512,327,1916.015625,1.767634,46.875000,60.412159,hann
23,24.584512,328,1921.875000,2.940215,46.875000,60.412159,hann
23,24.584512,329,1927.734375,1.859366,46.875000,60.412159,hann
23,24.584512,330,1933.593750,2.509432,46.875000,60.412159,hann
23,24.584512,331,1939.453125,26.436493,46.875000,60.412159,hann
23,24.584512,332,1945.312500,33.997112,46.875000,60.412159,hann
23,24.584512,333,1951.171875,30.366142,46.875000,60.412159,hann
23,24.584512,334,1957.031250,14.869036,46.875000,60.412159,hann
23,24.584512,335,1962.890625,9.687734,46.875000,60.412159,hann
23,24.584512,336,1968.750000,10.160266,46.875000,60.412159,hann
23,24.584512,337,1974.609375,7.889474,46.875000,60.412159,hann
23,24.584512,338,1980.468750,10.423379,46.875000,60.412159,hann
23,24.584512,339,1986.328125,26.955883,46.875000,60.412159,hann
23,24.584512,340,1992.187500,41.359066,46.875000,60.412159,hann
23,24.584512,341,1998.046875,42.703762,46.875000,60.412159,hann
23,24.584512,342,2003.906250,33.465431,46.875000,60.412159,hann
23,24.584512,343,2009.765625,15.414352,46.875000,60.412159,hann
23,24.584512,344,2015.625000,2.713633,46.875000,60.412159,hann
23,24.584512,345,2021.484375,5.758722,46.875000,60.412159,hann
23,24.584512,346,2027.343750,1.577725,46.875000,60.412159,hann
23,24.584512,347,2033.203125,9.112300,46.875000,60.412159,hann
23,24.584512,348,2039.062500,23.550884,46.875000,60.412159,hann
23,24.584512,349,2044.921875,32.014687,46.875000,60.412159,hann
23,24.584512,350,2050.781250,28.357243,46.875000,60.412159,hann
23,24.584512,351,2056.640625,7.071417,46.875000,60.412159,hann
23,24.584512,352,2062.500000,11.755985,46.875000,60.412159,hann
23,24.584512,353,2068.359375,5.029098,46.875000,60.412159,hann
23,24.584512,354,2074.218750,-25.452431,46.875000,60.412159,hann
23,24.584512,355,2080.078125,-2.194599,46.875000,60.412159,hann
23,24.584512,356,2085.937500,16.524715,46.875000,60.412159,hann
23,24.584512,357,2091.796875,27.795036,46.875000,60.412159,hann
23,24.584512,358,2097.656250,29.166344,46.875000,60.412159,hann
23,24.584512,359,2103.515625,20.459061,46.875000,60.412159,hann
23,24.584512,360,2109.375000,12.699762,46.875000,60.412159,hann
23,24.584512,361,2115.234375,9.336025,46.875000,60.412159,hann
23,24.584512,362,2121.093750,6.085710,46.875000,60.412159,hann
23,24.584512,363,2126.953125,6.999264,46.875000,60.412159,hann
23,24.584512,364,2132.812500,8.024729,46.875000,60.412159,hann
23,24.584512,365,2138.671875,15.888886,46.875000,60.412159,hann
23,24.584512,366,2144.531250,18.441195,46.875000,60.412159,hann
23,24.584512,367,2150.390625,8.327621,46.875000,60.412159,hann
23,24.584512,368,2156.250000,12.315300,46.875000,60.412159,hann
23,24.584512,369,2162.109375,11.303806,46.875000,60.412159,hann
23,24.584512,370,2167.968750,1.039771,46.875000,60.412159,hann
23,24.584512,371,2173.828125,0.694958,46.875000,60.412159,hann
23,24.584512,372,2179.687500,1.293135,46.875000,60.412159,hann
23,24.584512,373,2185.546875,7.793944,46.875000,60.412159,hann
23,24.584512,374,2191.406250,18.152977,46.875000,60.412159,hann
23,24.584512,375,2197.265625,19.078856,46.875000,60.412159,hann
23,24.584512,376,2203.125000,12.917146,46.875000,60.412159,hann
23,24.584512,377,2208.984375,12.670083,46.875000,60.412159,hann
23,24.584512,378,2214.843750,7.501369,46.875000,60.412159,hann
23,24.584512,379,2220.703125,-3.037353,46.875000,60.412159,hann
23,24.584512,380,2226.562500,-7.431889,46.875000,60.412159,hann
23,24.584512,381,2232.421875,6.069113,46.875000,60.412159,hann
23,24.584512,382,2238.281250,16.112694,46.875000,60.412159,hann
23,24.584512,383,2244.140625,19.749054,46.875000,60.412159,hann
23,24.584512,384,2250.000000,17.066841,46.875000,60.412159,hann
23,24.584512,385,2255.859375,10.237294,46.875000,60.412159,hann
23,24.584512,386,2261.718750,3.597730,46.875000,60.412159,hann
23,24.584512,387,2267.578125,3.845654,46.875000,60.412159,hann
23,24.584512,388,2273.437500,-1.630631,46.875000,60.412159,hann
23,24.584512,389,2279.296875,-2.867317,46.875000,60.412159,hann
23,24.584512,390,2285.156250,1.207930,46.875000,60.412159,hann
23,24.584512,391,2291.015625,12.839106,46.875000,60.412159,hann
23,24.584512,392,2296.875000,17.261736,46.875000,60.412159,hann
23,24.584512,393,2302.734375,13.294331,46.875000,60.412159,hann
23,24.584512,394,2308.593750,11.158042,46.875000,60.412159,hann
23,24.584512,395,2314.453125,-0.273317,46.875000,60.412159,hann
23,24.584512,396,2320.312500,-4.491765,46.875000,60.412159,hann
23,24.584512,397,2326.171875,0.321149,46.875000,60.412159,hann
23,24.584512,398,2332.031250,9.058764,46.875000,60.412159,hann
23,24.584512,399,2337.890625,19.551676,46.875000,60.412159,hann
23,24.584512,400,2343.750000,23.438139,46.875000,60.412159,hann
23,24.584512,401,2349.609375,17.848547,46.875000,60.412159,hann
23,24.584512,402,2355.468750,-2.246164,46.875000,60.412159,hann
23,24.584512,403,2361.328125,0.680706,46.875000,60.412159,hann
23,24.584512,404,2367.187500,3.062478,46.875000,60.412159,hann
23,24.584512,405,2373.046875,-19.805943,46.875000,60.412159,hann
23,24.584512,406,2378.906250,-5.389885,46.875000,60.412159,hann
23,24.584512,407,2384.765625,5.206214,46.875000,60.412159,hann
23,24.584512,408,2390.625000,15.658036,46.875000,60.412159,hann
23,24.584512,409,2396.484375,15.245086,46.875000,60.412159,hann
23,24.584512,410,2402.343750,8.595749,46.875000,60.412159,hann
23,24.584512,411,2408.203125,4.529707,46.875000,60.412159,hann
23,24.584512,412,2414.062500,1.607438,46.875000,60.412159,hann
23,24.584512,413,2419.921875,2.789223,46.875000,60.412159,hann
23,24.584512,414,2425.781250,1.992262,46.875000,60.412159,hann
23,24.584512,415,2431.640625,-6.277719,46.875000,60.412159,hann
23,24.584512,416,2437.500000,9.277506,46.875000,60.412159,hann
23,24.584512,417,2443.359375,15.777624,46.875000,60.412159,hann
23,24.584512,418,2449.218750,11.078907,46.875000,60.412159,hann
23,24.584512,419,2455.078125,12.164171,46.875000,60.412159,hann
23,24.584512,420,2460.937500,10.929905,46.875000,60.412159,hann
23,24.584512,421,2466.796875,7.357668,46.875000,60.412159,hann
23,24.584512,422,2472.656250,5.792325,46.875000,60.412159,hann
23,24.584512,423,2478.515625,4.255804,46.875000,60.412159,hann
23,24.584512,424,2484.375000,5.158056,46.875000,60.412159,hann
23,24.584512,425,2490.234375,18.079737,46.875000,60.412159,hann
23,24.584512,426,2496.093750,18.641842,46.875000,60.412159,hann
23,24.584512,427,2501.953125,5.468057,46.875000,60.412159,hann
23,24.584512,428,2507.812500,9.792489,46.875000,60.412159,hann
23,24.584512,429,2513.671875,3.555288,46.875000,60.412159,hann
23,24.584512,430,2519.531250,-5.346508,46.875000,60.412159,hann
23,24.584512,431,2525.390625,-19.174267,46.875000,60.412159,hann
23,24.584512,432,2531.250000,4.078456,46.875000,60.412159,hann
23,24.584512,433,2537.109375,11.385489,46.875000,60.412159,hann
23,24.584512,434,2542.968750,13.080226,46.875000,60.412159,hann
23,24.584512,435,2548.828125,8.397829,46.875000,60.412159,hann
23,24.584512,436,2554.687500,3.518376,46.875000,60.412159,hann
23,24.584512,437,2560.546875,-7.424219,46.875000,60.412159,hann
23,24.584512,438,2566.406250,0.525316,46.875000,60.412159,hann
23,24.584512,439,2572.265625,8.546734,46.875000,60.412159,hann
23,24.584512,440,2578.125000,6.135637,46.875000,60.412159,hann
23,24.584512,441,2583.984375,5.801583,46.875000,60.412159,hann
23,24.584512,442,2589.843750,12.276145,46.875000,60.412159,hann
23,24.584512,443,2595.703125,13.390470,46.875000,60.412159,hann
23,24.584512,444,2601.562500,8.530833,46.875000,60.412159,hann
23,24.584512,445,2607.421875,4.100354,46.875000,60.412159,hann
23,24.584512,446,2613.281250,0.190962,46.875000,60.412159,hann
23,24.584512,447,2619.140625,1.541275,46.875000,60.412159,hann
23,24.584512,448,2625.000000,8.534594,46.875000,60.412159,hann
23,24.584512,449,2630.859375,1.290698,46.875000,60.412159,hann
23,24.584512,450,2636.718750,-8.809410,46.875000,60.412159,hann
23,24.584512,451,2642.578125,12.918029,46.875000,60.412159,hann
23,24.584512,452,2648.437500,15.083454,46.875000,60.412159,hann
23,24.584512,453,2654.296875,10.136845,46.875000,60.412159,hann
23,24.584512,454,2660.156250,4.933228,46.875000,60.412159,hann
23,24.584512,455,2666.015625,0.888763,46.875000,60.412159,hann
23,24.584512,456,2671.875000,-13.869496,46.875000,60.412159,hann
23,24.584512,457,2677.734375,-1.195059,46.875000,60.412159,hann
23,24.584512,458,2683.593750,6.689780,46.875000,60.412159,hann
23,24.584512,459,2689.453125,13.737707,46.875000,60.412159,hann
23,24.584512,460,2695.312500,14.969120,46.875000,60.412159,hann
23,24.584512,461,2701.171875,8.009028,46.875000,60.412159,hann
23,24.584512,462,2707.031250,2.657314,46.875000,60.412159,hann
23,24.584512,463,2712.890625,6.789523,46.875000,60.412159,hann
23,24.584512,464,2718.750000,-1.074257,46.875000,60.412159,hann
23,24.584512,465,2724.609375,-4.377679,46.875000,60.412159,hann
23,24.584512,466,2730.468750,3.130708,46.875000,60.412159,hann
23,24.584512,467,2736.328125,12.629055,46.875000,60.412159,hann
23,24.584512,468,2742.187500,12.077807,46.875000,60.412159,hann
23,24.584512,469,2748.046875,2.564963,46.875000,60.412159,hann
23,24.584512,470,2753.906250,4.387238,46.875000,60.412159,hann
23,24.584512,471,2759.765625,7.010396,46.875000,60.412159,hann
23,24.584512,472,2765.625000,5.009081,46.875000,60.412159,hann
23,24.584512,473,2771.484375,3.397802,46.875000,60.412159,hann
23,24.584512,474,2777.343750,1.627548,46.875000,60.412159,hann
23,24.584512,475,2783.203125,0.835911,46.875000,60.412159,hann
23,24.584512,476,2789.062500,-13.175718,46.875000,60.412159,hann
23,24.584512,477,2794.921875,7.117908,46.875000,60.412159,hann
23,24.584512,478,2800.781250,5.934940,46.875000,60.412159,hann
23,24.584512,479,2806.640625,11.657183,46.875000,60.412159,hann
23,24.584512,480,2812.500000,14.155812,46.875000,60.412159,hann
23,24.584512,481,2818.359375,4.817459,46.875000,60.412159,hann
23,24.584512,482,2824.218750,6.749954,46.875000,60.412159,hann
23,24.584512,483,2830.078125,6.154943,46.875000,60.412159,hann
23,24.584512,484,2835.937500,5.731368,46.875000,60.412159,hann
23,24.584512,485,2841.796875,13.430486,46.875000,60.412159,hann
23,24.584512,486,2847.656250,13.998933,46.875000,60.412159,hann
23,24.584512,487,2853.515625,8.159788,46.875000,60.412159,hann
23,24.584512,488,2859.375000,-15.498846,46.875000,60.412159,hann
23,24.584512,489,2865.234375,0.140491,46.875000,60.412159,hann
23,24.584512,490,2871.093750,6.176738,46.875000,60.412159,hann
23,24.584512,491,2876.953125,10.753322,46.875000,60.412159,hann
23,24.584512,492,2882.812500,10.068279,46.875000,60.412159,hann
23,24.584512,493,2888.671875,10.389574,46.875000,60.412159,hann
23,24.584512,494,2894.531250,10.553359,46.875000,60.412159,hann
23,24.584512,495,2900.390625,-2.059536,46.875000,60.412159,hann
23,24.584512,496,2906.250000,6.703049,46.875000,60.412159,hann
23,24.584512,497,2912.109375,11.132822,46.875000,60.412159,hann
23,24.584512,498,2917.968750,3.095902,46.875000,60.412159,hann
23,24.584512,499,2923.828125,1.905179,46.875000,60.412159,hann
23,24.584512,500,2929.687500,2.606070,46.875000,60.412159,hann
23,24.584512,501,2935.546875,9.632764,46.875000,60.412159,hann
23,24.584512,502,2941.406250,13.773205,46.875000,60.412159,hann
23,24.584512,503,2947.265625,12.526217,46.875000,60.412159,hann
23,24.584512,504,2953.125000,12.743873,46.875000,60.412159,hann
23,24.584512,505,2958.984375,14.268848,46.875000,60.412159,hann
23,24.584512,506,2964.843750,11.068515,46.875000,60.412159,hann
23,24.584512,507,2970.703125,0.978717,46.875000,60.412159,hann
23,24.584512,508,2976.562500,-7.125278,46.875000,60.412159,hann
23,24.584512,509,2982.421875,0.926612,46.875000,60.412159,hann
23,24.584512,510,2988.281250,10.605118,46.875000,60.412159,hann
23,24.584512,511,2994.140625,-4.134697,46.875000,60.412159,hann
24,25.606885,0,0.000000,33.275562,46.875000,60.819172,hann
24,25.606885,1,5.859375,33.509792,46.875000,60.819172,hann
24,25.606885,2,11.718750,20.766239,46.875000,60.819172,hann
24,25.606885,3,17.578125,22.728416,46.875000,60.819172,hann
24,25.606885,4,23.437500,26.029743,46.875000,60.819172,hann
24,25.606885,5,29.296875,17.287315,46.875000,60.819172,hann
24,25.606885,6,35.156250,27.655479,46.875000,60.819172,hann
24,25.606885,7,41.015625,47.209724,46.875000,60.819172,hann
24,25.606885,8,46.875000,60.819172,46.875000,60.819172,hann
24,25.606885,9,52.734375,60.729362,46.875000,60.819172,hann
24,25.606885,10,58.593750,46.719929,46.875000,60.819172,hann
24,25.606885,11,64.453125,25.163086,46.875000,60.819172,hann
24,25.606885,12,70.312500,32.562057,46.875000,60.819172,hann
24,25.606885,13,76.171875,30.670061,46.875000,60.819172,hann
24,25.606885,14,82.031250,19.071983,46.875000,60.819172,hann
24,25.606885,15,87.890625,24.329588,46.875000,60.819172,hann
24,25.606885,16,93.750000,48.623318,46.875000,60.819172,hann
24,25.606885,17,99.609375,54.475151,46.875000,60.819172,hann
24,25.606885,18,105.468750,48.351330,46.875000,60.819172,hann
24,25.606885,19,111.328125,16.691395,46.875000,60.819172,hann
24,25.606885,20,117.187500,30.024677,46.875000,60.819172,hann
24,25.606885,21,123.046875,35.430988,46.875000,60.819172,hann
24,25.606885,22,128.906250,30.836403,46.875000,60.819172,hann
24,25.606885,23,134.765625,21.914482,46.875000,60.819172,hann
24,25.606885,24,140.625000,29.064392,46.875000,60.819172,hann
24,25.606885,25,146.484375,46.290237,46.875000,60.819172,hann
24,25.606885,26,152.343750,45.930771,46.875000,60.819172,hann
24,25.606885,27,158.203125,28.709478,46.875000,60.819172,hann
24,25.606885,28,164.062500,14.984903,46.875000,60.819172,hann
24,25.606885,29,169.921875,28.784504,46.875000,60.819172,hann
24,25.606885,30,175.781250,25.105886,46.875000,60.819172,hann
24,25.606885,31,181.640625,23.527344,46.875000,60.819172,hann
24,25.606885,32,187.500000,22.927578,46.875000,60.819172,hann
24,25.606885,33,193.359375,40.384693,46.875000,60.819172,hann
24,25.606885,34,199.218750,46.942139,46.875000,60.819172,hann
24,25.606885,35,205.078125,41.594273,46.875000,60.819172,hann
24,25.606885,36,210.937500,13.865145,46.875000,60.819172,hann
24,25.606885,37,216.796875,20.974035,46.875000,60.819172,hann
24,25.606885,38,222.656250,28.564272,46.875000,60.819172,hann
24,25.606885,39,228.515625,21.115009,46.875000,60.819172,hann
24,25.606885,40,234.375000,21.871035,46.875000,60.819172,hann
24,25.606885,41,240.234375,29.582155,46.875000,60.819172,hann
24,25.606885,42,246.093750,41.588852,46.875000,60.819172,hann
24,25.606885,43,251.953125,43.501282,46.875000,60.819172,hann
24,25.606885,44,257.812500,33.253601,46.875000,60.819172,hann
24,25.606885,45,263.671875,20.462364,46.875000,60.819172,hann
24,25.606885,46,269.531250,22.097767,46.875000,60.819172,hann
24,25.606885,47,275.390625,25.736794,46.875000,60.819172,hann
24,25.606885,48,281.250000,20.522465,46.875000,60.819172,hann
24,25.606885,49,287.109375,20.062473,46.875000,60.819172,hann
24,25.606885,50,292.968750,29.781359,46.875000,60.819172,hann
24,25.606885,51,298.828125,35.996330,46.875000,60.819172,hann
24,25.606885,52,304.687500,32.503899,46.875000,60.819172,hann
24,25.606885,53,310.546875,6.238976,46.875000,60.819172,hann
24,25.606885,54,316.406250,19.594847,46.875000,60.819172,hann
24,25.606885,55,322.265625,16.138308,46.875000,60.819172,hann
24,25.606885,56,328.125000,20.306366,46.875000,60.819172,hann
24,25.606885,57,333.984375,23.087570,46.875000,60.819172,hann
24,25.606885,58,339.843750,26.723967,46.875000,60.819172,hann
24,25.606885,59,345.703125,41.288086,46.875000,60.819172,hann
24,25.606885,60,351.562500,40.961594,46.875000,60.819172,hann
24,25.606885,61,357.421875,26.755745,46.875000,60.819172,hann
24,25.606885,62,363.281250,14.489812,46.875000,60.819172,hann
24,25.606885,63,369.140625,14.129717,46.875000,60.819172,hann
24,25.606885,64,375.000000,21.022869,46.875000,60.819172,hann
24,25.606885,65,380.859375,18.015535,46.875000,60.819172,hann
24,25.606885,66,386.718750,20.878965,46.875000,60.819172,hann
24,25.606885,67,392.578125,28.055441,46.875000,60.819172,hann
24,25.606885,68,398.437500,36.324074,46.875000,60.819172,hann
24,25.606885,69,404.296875,31.733503,46.875000,60.819172,hann
24,25.606885,70,410.156250,20.323103,46.875000,60.819172,hann
24,25.606885,71,416.015625,19.032785,46.875000,60.819172,hann
24,25.606885,72,421.875000,21.709860,46.875000,60.819172,hann
24,25.606885,73,427.734375,22.766287,46.875000,60.819172,hann
24,25.606885,74,433.593750,15.692314,46.875000,60.819172,hann
24,25.606885,75,439.453125,24.194527,46.875000,60.819172,hann
24,25.606885,76,445.312500,32.680603,46.875000,60.819172,hann
24,25.606885,77,451.171875,33.113396,46.875000,60.819172,hann
24,25.606885,78,457.031250,23.563528,46.875000,60.819172,hann
24,25.606885,79,462.890625,10.416397,46.875000,60.819172,hann
24,25.606885,80,468.750000,15.385322,46.875000,60.819172,hann
24,25.606885,81,474.609375,21.775969,46.875000,60.819172,hann
24,25.606885,82,480.468750,21.962091,46.875000,60.819172,hann
24,25.606885,83,486.328125,17.975773,46.875000,60.819172,hann
24,25.606885,84,492.187500,25.559263,46.875000,60.819172,hann
24,25.606885,85,498.046875,32.035431,46.875000,60.819172,hann
24,25.606885,86,503.906250,31.108978,46.875000,60.819172,hann
24,25.606885,87,509.765625,21.967636,46.875000,60.819172,hann
24,25.606885,88,515.625000,20.144726,46.875000,60.819172,hann
24,25.606885,89,521.484375,20.170944,46.875000,60.819172,hann
24,25.606885,90,527.343750,11.816300,46.875000,60.819172,hann
24,25.606885,91,533.203125,16.599611,46.875000,60.819172,hann
24,25.606885,92,539.062500,14.561114,46.875000,60.819172,hann
24,25.606885,93,544.921875,25.349339,46.875000,60.819172,hann
24,25.606885,94,550.781250,27.415125,46.875000,60.819172,hann
24,25.606885,95,556.640625,21.893530,46.875000,60.819172,hann
24,25.606885,96,562.500000,16.125044,46.875000,60.819172,hann
24,25.606885,97,568.359375,5.429774,46.875000,60.819172,hann
24,25.606885,98,574.218750,-0.359468,46.875000,60.819172,hann
24,25.606885,99,580.078125,14.619111,46.875000,60.819172,hann
24,25.606885,100,585.937500,17.410395,46.875000,60.819172,hann
24,25.606885,101,591.796875,23.160969,46.875000,60.819172,hann
24,25.606885,102,597.656250,29.266304,46.875000,60.819172,hann
24,25.606885,103,603.515625,19.745977,46.875000,60.819172,hann
24,25.606885,104,609.375000,7.646844,46.875000,60.819172,hann
24,25.606885,105,615.234375,14.660844,46.875000,60.819172,hann
24,25.606885,106,621.093750,26.669149,46.875000,60.819172,hann
24,25.606885,107,626.953125,21.982777,46.875000,60.819172,hann
24,25.606885,108,632.812500,9.080892,46.875000,60.819172,hann
24,25.606885,109,638.671875,21.483368,46.875000,60.819172,hann
24,25.606885,110,644.531250,32.576355,46.875000,60.819172,hann
24,25.606885,111,650.390625,31.647532,46.875000,60.819172,hann
24,25.606885,112,656.250000,20.996140,46.875000,60.819172,hann
24,25.606885,113,662.109375,1.765508,46.875000,60.819172,hann
24,25.606885,114,667.968750,24.687546,46.875000,60.819172,hann
24,25.606885,115,673.828125,22.538958,46.875000,60.819172,hann
24,25.606885,116,679.687500,12.413303,46.875000,60.819172,hann
24,25.606885,117,685.546875,8.614603,46.875000,60.819172,hann
24,25.606885,118,691.406250,22.130320,46.875000,60.819172,hann
24,25.606885,119,697.265625,26.037359,46.875000,60.819172,hann
24,25.606885,120,703.125000,20.477150,46.875000,60.819172,hann
24,25.606885,121,708.984375,8.449248,46.875000,60.819172,hann
24,25.606885,122,714.843750,16.950796,46.875000,60.819172,hann
24,25.606885,123,720.703125,10.126968,46.875000,60.819172,hann
24,25.606885,124,726.562500,16.365112,46.875000,60.819172,hann
24,25.606885,125,732.421875,16.021704,46.875000,60.819172,hann
24,25.606885,126,738.281250,19.136126,46.875000,60.819172,hann
24,25.606885,127,744.140625,27.437334,46.875000,60.819172,hann
24,25.606885,128,750.000000,27.121981,46.875000,60.819172,hann
24,25.606885,129,755.859375,17.784389,46.875000,60.819172,hann
24,25.606885,130,761.718750,25.179214,46.875000,60.819172,hann
24,25.606885,131,767.578125,5.360474,46.875000,60.819172,hann
24,25.606885,132,773.437500,13.739929,46.875000,60.819172,hann
24,25.606885,133,779.296875,4.342037,46.875000,60.819172,hann
24,25.606885,134,785.156250,-0.725531,46.875000,60.819172,hann
24,25.606885,135,791.015625,25.354744,46.875000,60.819172,hann
24,25.606885,136,796.875000,30.365122,46.875000,60.819172,hann
24,25.606885,137,802.734375,24.898634,46.875000,60.819172,hann
24,25.606885,138,808.593750,17.725094,46.875000,60.819172,hann
24,25.606885,139,814.453125,14.152405,46.875000,60.819172,hann
24,25.606885,140,820.312500,9.834145,46.875000,60.819172,hann
24,25.606885,141,826.171875,2.610582,46.875000,60.819172,hann
24,25.606885,142,832.031250,0.538263,46.875000,60.819172,hann
24,25.606885,143,837.890625,19.829941,46.875000,60.819172,hann
24,25.606885,144,843.750000,31.032143,46.875000,60.819172,hann
24,25.606885,145,849.609375,30.670797,46.875000,60.819172,hann
24,25.606885,146,855.468750,21.623384,46.875000,60.819172,hann
24,25.606885,147,861.328125,19.347794,46.875000,60.819172,hann
24,25.606885,148,867.187500,3.134615,46.875000,60.819172,hann
24,25.606885,149,873.046875,8.135771,46.875000,60.819172,hann
24,25.606885,150,878.906250,10.054050,46.875000,60.819172,hann
24,25.606885,151,884.765625,8.814577,46.875000,60.819172,hann
24,25.606885,152,890.625000,25.136148,46.875000,60.819172,hann
24,25.606885,153,896.484375,30.706722,46.875000,60.819172,hann
24,25.606885,154,902.343750,23.845814,46.875000,60.819172,hann
24,25.606885,155,908.203125,13.241560,46.875000,60.819172,hann
24,25.606885,156,914.062500,6.772178,46.875000,60.819172,hann
24,25.606885,157,919.921875,9.509754,46.875000,60.819172,hann
24,25.606885,158,925.781250,8.856345,46.875000,60.819172,hann
24,25.606885,159,931.640625,9.910271,46.875000,60.819172,hann
24,25.606885,160,937.500000,16.415028,46.875000,60.819172,hann
24,25.606885,161,943.359375,29.599333,46.875000,60.819172,hann
24,25.606885,162,949.218750,28.408146,46.875000,60.819172,hann
24,25.606885,163,955.078125,16.828121,46.875000,60.819172,hann
24,25.606885,164,960.937500,7.968527,46.875000,60.819172,hann
24,25.606885,165,966.796875,10.546124,46.875000,60.819172,hann
24,25.606885,166,972.656250,0.715267,46.875000,60.819172,hann
24,25.606885,167,978.515625,14.492755,46.875000,60.819172,hann
24,25.606885,168,984.375000,16.796028,46.875000,60.819172,hann
24,25.606885,169,990.234375,22.720507,46.875000,60.819172,hann
24,25.606885,170,996.093750,25.717339,46.875000,60.819172,hann
24,25.606885,171,1001.953125,8.043553,46.875000,60.819172,hann
24,25.606885,172,1007.812500,21.671703,46.875000,60.819172,hann
24,25.606885,173,1013.671875,15.423274,46.875000,60.819172,hann
24,25.606885,174,1019.531250,7.813243,46.875000,60.819172,hann
24,25.606885,175,1025.390625,8.091208,46.875000,60.819172,hann
24,25.606885,176,1031.250000,9.316484,46.875000,60.819172,hann
24,25.606885,177,1037.109375,14.462557,46.875000,60.819172,hann
24,25.606885,178,1042.968750,23.119394,46.875000,60.819172,hann
24,25.606885,179,1048.828125,22.884068,46.875000,60.819172,hann
24,25.606885,180,1054.687500,22.963018,46.875000,60.819172,hann
24,25.606885,181,1060.546875,24.573118,46.875000,60.819172,hann
24,25.606885,182,1066.406250,14.209005,46.875000,60.819172,hann
24,25.606885,183,1072.265625,10.197543,46.875000,60.819172,hann
24,25.606885,184,1078.125000,12.541982,46.875000,60.819172,hann
24,25.606885,185,1083.984375,11.584630,46.875000,60.819172,hann
24,25.606885,186,1089.843750,16.214125,46.875000,60.819172,hann
24,25.606885,187,1095.703125,20.812603,46.875000,60.819172,hann
24,25.606885,188,1101.562500,17.314144,46.875000,60.819172,hann
24,25.606885,189,1107.421875,-9.889206,46.875000,60.819172,hann
24,25.606885,190,1113.281250,11.384678,46.875000,60.819172,hann
24,25.606885,191,1119.140625,16.409590,46.875000,60.819172,hann
24,25.606885,192,1125.000000,12.083698,46.875000,60.819172,hann
24,25.606885,193,1130.859375,4.973616,46.875000,60.819172,hann
24,25.606885,194,1136.718750,7.033463,46.875000,60.819172,hann
24,25.606885,195,1142.578125,17.191008,46.875000,60.819172,hann
24,25.606885,196,1148.437500,16.360329,46.875000,60.819172,hann
24,25.606885,197,1154.296875,15.633318,46.875000,60.819172,hann
24,25.606885,198,1160.156250,13.885122,46.875000,60.819172,hann
24,25.606885,199,1166.015625,0.373409,46.875000,60.819172,hann
24,25.606885,200,1171.875000,11.477312,46.875000,60.819172,hann
24,25.606885,201,1177.734375,-1.672342,46.875000,60.819172,hann
24,25.606885,202,1183.593750,11.082553,46.875000,60.819172,hann
24,25.606885,203,1189.453125,13.364937,46.875000,60.819172,hann
24,25.606885,204,1195.312500,16.221500,46.875000,60.819172,hann
24,25.606885,205,1201.171875,7.309648,46.875000,60.819172,hann
24,25.606885,206,1207.031250,14.451480,46.875000,60.819172,hann
24,25.606885,207,1212.890625,13.489168,46.875000,60.819172,hann
24,25.606885,208,1218.750000,7.585536,46.875000,60.819172,hann
24,25.606885,209,1224.609375,-11.894276,46.875000,60.819172,hann
24,25.606885,210,1230.468750,9.646948,46.875000,60.819172,hann
24,25.606885,211,1236.328125,9.113358,46.875000,60.819172,hann
24,25.606885,212,1242.187500,13.292599,46.875000,60.819172,hann
24,25.606885,213,1248.046875,9.747020,46.875000,60.819172,hann
24,25.606885,214,1253.906250,-11.067576,46.875000,60.819172,hann
24,25.606885,215,1259.765625,-1.435266,46.875000,60.819172,hann
24,25.606885,216,1265.625000,7.671864,46.875000,60.819172,hann
24,25.606885,217,1271.484375,8.556940,46.875000,60.819172,hann
24,25.606885,218,1277.343750,-4.780135,46.875000,60.819172,hann
24,25.606885,219,1283.203125,9.051298,46.875000,60.819172,hann
24,25.606885,220,1289.062500,15.132102,46.875000,60.819172,hann
24,25.606885,221,1294.921875,9.363312,46.875000,60.819172,hann
24,25.606885,222,1300.781250,8.185841,46.875000,60.819172,hann
24,25.606885,223,1306.640625,10.792608,46.875000,60.819172,hann
24,25.606885,224,1312.500000,10.975563,46.875000,60.819172,hann
24,25.606885,225,1318.359375,-0.160023,46.875000,60.819172,hann
24,25.606885,226,1324.218750,-0.354346,46.875000,60.819172,hann
24,25.606885,227,1330.078125,8.199521,46.875000,60.819172,hann
24,25.606885,228,1335.937500,22.649910,46.875000,60.819172,hann
24,25.606885,229,1341.796875,24.905565,46.875000,60.819172,hann
24,25.606885,230,1347.656250,20.201883,46.875000,60.819172,hann
24,25.606885,231,1353.515625,5.981834,46.875000,60.819172,hann
24,25.606885,232,1359.375000,13.040194,46.875000,60.819172,hann
24,25.606885,233,1365.234375,11.186565,46.875000,60.819172,hann
24,25.606885,234,1371.093750,-6.124843,46.875000,60.819172,hann
24,25.606885,235,1376.953125,10.642199,46.875000,60.819172,hann
24,25.606885,236,1382.812500,13.703519,46.875000,60.819172,hann
24,25.606885,237,1388.671875,14.451966,46.875000,60.819172,hann
24,25.606885,238,1394.531250,6.915247,46.875000,60.819172,hann
24,25.606885,239,1400.390625,5.946209,46.875000,60.819172,hann
24,25.606885,240,1406.250000,0.305954,46.875000,60.819172,hann
24,25.606885,241,1412.109375,-4.866755,46.875000,60.819172,hann
24,25.606885,242,1417.968750,0.431065,46.875000,60.819172,hann
24,25.606885,243,1423.828125,1.991771,46.875000,60.819172,hann
24,25.606885,244,1429.687500,0.703032,46.875000,60.819172,hann
24,25.606885,245,1435.546875,7.232867,46.875000,60.819172,hann
24,25.606885,246,1441.406250,8.306926,46.875000,60.819172,hann
24,25.606885,247,1447.265625,8.206969,46.875000,60.819172,hann
24,25.606885,248,1453.125000,5.725074,46.875000,60.819172,hann
24,25.606885,249,1458.984375,6.167802,46.875000,60.819172,hann
24,25.606885,250,1464.843750,7.648801,46.875000,60.819172,hann
24,25.606885,251,1470.703125,5.595567,46.875000,60.819172,hann
24,25.606885,252,1476.562500,0.767453,46.875000,60.819172,hann
24,25.606885,253,1482.421875,12.115576,46.875000,60.819172,hann
24,25.606885,254,1488.281250,17.531836,46.875000,60.819172,hann
24,25.606885,255,1494.140625,17.207981,46.875000,60.819172,hann
24,25.606885,256,1500.000000,11.129016,46.875000,60.819172,hann
24,25.606885,257,1505.859375,8.868656,46.875000,60.819172,hann
24,25.606885,258,1511.718750,10.795830,46.875000,60.819172,hann
24,25.606885,259,1517.578125,-8.313984,46.875000,60.819172,hann
24,25.606885,260,1523.437500,7.467018,46.875000,60.819172,hann
24,25.606885,261,1529.296875,7.315740,46.875000,60.819172,hann
24,25.606885,262,1535.156250,5.017494,46.875000,60.819172,hann
24,25.606885,263,1541.015625,17.061319,46.875000,60.819172,hann
24,25.606885,264,1546.875000,18.612532,46.875000,60.819172,hann
24,25.606885,265,1552.734375,11.814809,46.875000,60.819172,hann
24,25.606885,266,1558.593750,10.107622,46.875000,60.819172,hann
24,25.606885,267,1564.453125,5.426834,46.875000,60.819172,hann
24,25.606885,268,1570.312500,5.705555,46.875000,60.819172,hann
24,25.606885,269,1576.171875,10.337599,46.875000,60.819172,hann
24,25.606885,270,1582.031250,10.784627,46.875000,60.819172,hann
24,25.606885,271,1587.890625,15.464829,46.875000,60.819172,hann
24,25.606885,272,1593.750000,16.232140,46.875000,60.819172,hann
24,25.606885,273,1599.609375,10.309087,46.875000,60.819172,hann
24,25.606885,274,1605.468750,2.808186,46.875000,60.819172,hann
24,25.606885,275,1611.328125,0.021653,46.875000,60.819172,hann
24,25.606885,276,1617.187500,2.826212,46.875000,60.819172,hann
24,25.606885,277,1623.046875,-2.777947,46.875000,60.819172,hann
24,25.606885,278,1628.906250,3.457672,46.875000,60.819172,hann
24,25.606885,279,1634.765625,11.069121,46.875000,60.819172,hann
24,25.606885,280,1640.625000,14.090285,46.875000,60.819172,hann
24,25.606885,281,1646.484375,13.265890,46.875000,60.819172,hann
24,25.606885,282,1652.343750,4.804583,46.875000,60.819172,hann
24,25.606885,283,1658.203125,6.788854,46.875000,60.819172,hann
24,25.606885,284,1664.062500,3.319530,46.875000,60.819172,hann
24,25.606885,285,1669.921875,6.443737,46.875000,60.819172,hann
24,25.606885,286,1675.781250,2.490601,46.875000,60.819172,hann
24,25.606885,287,1681.640625,-2.244558,46.875000,60.819172,hann
24,25.606885,288,1687.500000,10.142214,46.875000,60.819172,hann
24,25.606885,289,1693.359375,10.678406,46.875000,60.819172,hann
24,25.606885,290,1699.218750,7.085247,46.875000,60.819172,hann
24,25.606885,291,1705.078125,9.188192,46.875000,60.819172,hann
24,25.606885,292,1710.937500,10.822496,46.875000,60.819172,hann
24,25.606885,293,1716.796875,6.405001,46.875000,60.819172,hann
24,25.606885,294,1722.656250,2.794464,46.875000,60.819172,hann
24,25.606885,295,1728.515625,11.232740,46.875000,60.819172,hann
24,25.606885,296,1734.375000,10.251092,46.875000,60.819172,hann
24,25.606885,297,1740.234375,10.612827,46.875000,60.819172,hann
24,25.606885,298,1746.093750,9.829407,46.875000,60.819172,hann
24,25.606885,299,1751.953125,10.087911,46.875000,60.819172,hann
24,25.606885,300,1757.812500,10.685271,46.875000,60.819172,hann
24,25.606885,301,1763.671875,4.196486,46.875000,60.819172,hann
24,25.606885,302,1769.531250,1.563063,46.875000,60.819172,hann
24,25.606885,303,1775.390625,7.792096,46.875000,60.819172,hann
24,25.606885,304,1781.250000,5.410734,46.875000,60.819172,hann
24,25.606885,305,1787.109375,11.358772,46.875000,60.819172,hann
24,25.606885,306,1792.968750,13.294192,46.875000,60.819172,hann
24,25.606885,307,1798.828125,1.911334,46.875000,60.819172,hann
24,25.606885,308,1804.687500,3.936413,46.875000,60.819172,hann
24,25.606885,309,1810.546875,3.260440,46.875000,60.819172,hann
24,25.606885,310,1816.406250,4.088372,46.875000,60.819172,hann
24,25.606885,311,1822.265625,2.874505,46.875000,60.819172,hann
24,25.606885,312,1828.125000,4.177061,46.875000,60.819172,hann
24,25.606885,313,1833.984375,7.778227,46.875000,60.819172,hann
24,25.606885,314,1839.843750,9.747631,46.875000,60.819172,hann
24,25.606885,315,1845.703125,9.152188,46.875000,60.819172,hann
24,25.606885,316,1851.562500,7.963439,46.875000,60.819172,hann
24,25.606885,317,1857.421875,4.827127,46.875000,60.819172,hann
24,25.606885,318,1863.281250,-0.511983,46.875000,60.819172,hann
24,25.606885,319,1869.140625,7.573811,46.875000,60.819172,hann
24,25.606885,320,1875.000000,4.104522,46.875000,60.819172,hann
24,25.606885,321,1880.859375,2.390420,46.875000,60.819172,hann
24,25.606885,322,1886.718750,10.043950,46.875000,60.819172,hann
24,25.606885,323,1892.578125,10.548975,46.875000,60.819172,hann
24,25.606885,324,1898.437500,1.942798,46.875000,60.819172,hann
24,25.606885,325,1904.296875,-8.911156,46.875000,60.819172,hann
24,25.606885,326,1910.156250,0.251385,46.875000,60.819172,hann
24,25.606885,327,1916.015625,7.747514,46.875000,60.819172,hann
24,25.606885,328,1921.875000,3.530862,46.875000,60.819172,hann
24,25.606885,329,1927.734375,1.481797,46.875000,60.819172,hann
24,25.606885,330,1933.593750,10.938084,46.875000,60.819172,hann
24,25.606885,331,1939.453125,13.079760,46.875000,60.819172,hann
24,25.606885,332,1945.312500,8.314310,46.875000,60.819172,hann
24,25.606885,333,1951.171875,7.462468,46.875000,60.819172,hann
24,25.606885,334,1957.031250,11.899393,46.875000,60.819172,hann
24,25.606885,335,1962.890625,4.314369,46.875000,60.819172,hann
24,25.606885,336,1968.750000,3.858526,46.875000,60.819172,hann
24,25.606885,337,1974.609375,9.024551,46.875000,60.819172,hann
24,25.606885,338,1980.468750,8.058145,46.875000,60.819172,hann
24,25.606885,339,1986.328125,10.488794,46.875000,60.819172,hann
24,25.606885,340,1992.187500,10.098532,46.875000,60.819172,hann
24,25.606885,341,1998.046875,4.665784,46.875000,60.819172,hann
24,25.606885,342,2003.906250,2.450104,46.875000,60.819172,hann
24,25.606885,343,2009.765625,-6.006444,46.875000,60.819172,hann
24,25.606885,344,2015.625000,10.995129,46.875000,60.819172,hann
24,25.606885,345,2021.484375,7.870786,46.875000,60.819172,hann
24,25.606885,346,2027.343750,12.507326,46.875000,60.819172,hann
24,25.606885,347,2033.203125,11.363270,46.875000,60.819172,hann
24,25.606885,348,2039.062500,12.624063,46.875000,60.819172,hann
24,25.606885,349,2044.921875,10.652344,46.875000,60.819172,hann
24,25.606885,350,2050.781250,5.410569,46.875000,60.819172,hann
24,25.606885,351,2056.640625,3.956998,46.875000,60.819172,hann
24,25.606885,352,2062.500000,3.777826,46.875000,60.819172,hann
24,25.606885,353,2068.359375,5.901092,46.875000,60.819172,hann
24,25.606885,354,2074.218750,7.062236,46.875000,60.819172,hann
24,25.606885,355,2080.078125,7.138576,46.875000,60.819172,hann
24,25.606885,356,2085.937500,5.401218,46.875000,60.819172,hann
24,25.606885,357,2091.796875,7.263151,46.875000,60.819172,hann
24,25.606885,358,2097.656250,6.458267,46.875000,60.819172,hann
24,25.606885,359,2103.515625,7.948106,46.875000,60.819172,hann
24,25.606885,360,2109.375000,4.455330,46.875000,60.819172,hann
24,25.606885,361,2115.234375,-5.079782,46.875000,60.819172,hann
24,25.606885,362,2121.093750,8.302809,46.875000,60.819172,hann
24,25.606885,363,2126.953125,6.734719,46.875000,60.819172,hann
24,25.606885,364,2132.812500,4.307042,46.875000,60.819172,hann
24,25.606885,365,2138.671875,10.520054,46.875000,60.819172,hann
24,25.606885,366,2144.531250,-5.558801,46.875000,60.819172,hann
24,25.606885,367,2150.390625,12.317809,46.875000,60.819172,hann
24,25.606885,368,2156.250000,12.394429,46.875000,60.819172,hann
24,25.606885,369,2162.109375,6.740145,46.875000,60.819172,hann
24,25.606885,370,2167.968750,8.979557,46.875000,60.819172,hann
24,25.606885,371,2173.828125,5.650927,46.875000,60.819172,hann
24,25.606885,372,2179.687500,4.454207,46.875000,60.819172,hann
24,25.606885,373,2185.546875,4.249472,46.875000,60.819172,hann
24,25.606885,374,2191.406250,-3.822771,46.875000,60.819172,hann
24,25.606885,375,2197.265625,5.120948,46.875000,60.819172,hann
24,25.606885,376,2203.125000,3.461492,46.875000,60.819172,hann
24,25.606885,377,2208.984375,4.808561,46.875000,60.819172,hann
24,25.606885,378,2214.843750,5.829313,46.875000,60.819172,hann
24,25.606885,379,2220.703125,-0.224675,46.875000,60.819172,hann
24,25.606885,380,2226.562500,0.259590,46.875000,60.819172,hann
24,25.606885,381,2232.421875,2.705482,46.875000,60.819172,hann
24,25.606885,382,2238.281250,8.290582,46.875000,60.819172,hann
24,25.606885,383,2244.140625,8.409568,46.875000,60.819172,hann
24,25.606885,384,2250.000000,3.034958,46.875000,60.819172,hann
24,25.606885,385,2255.859375,-4.928141,46.875000,60.819172,hann
24,25.606885,386,2261.718750,1.865158,46.875000,60.819172,hann
24,25.606885,387,2267.578125,-0.944671,46.875000,60.819172,hann
24,25.606885,388,2273.437500,6.944975,46.875000,60.819172,hann
24,25.606885,389,2279.296875,7.418980,46.875000,60.819172,hann
24,25.606885,390,2285.156250,6.485615,46.875000,60.819172,hann
24,25.606885,391,2291.015625,13.743557,46.875000,60.819172,hann
24,25.606885,392,2296.875000,8.948125,46.875000,60.819172,hann
24,25.606885,393,2302.734375,-3.812772,46.875000,60.819172,hann
24,25.606885,394,2308.593750,3.502941,46.875000,60.819172,hann
24,25.606885,395,2314.453125,1.077528,46.875000,60.819172,hann
24,25.606885,396,2320.312500,-2.978032,46.875000,60.819172,hann
24,25.606885,397,2326.171875,7.596349,46.875000,60.819172,hann
24,25.606885,398,2332.031250,-3.877977,46.875000,60.819172,hann
24,25.606885,399,2337.890625,19.100935,46.875000,60.819172,hann
24,25.606885,400,2343.750000,17.922956,46.875000,60.819172,hann
24,25.606885,401,2349.609375,3.209998,46.875000,60.819172,hann
24,25.606885,402,2355.468750,5.524347,46.875000,60.819172,hann
24,25.606885,403,2361.328125,8.971193,46.875000,60.819172,hann
24,25.606885,404,2367.187500,10.484265,46.875000,60.819172,hann
24,25.606885,405,2373.046875,-2.304245,46.875000,60.819172,hann
24,25.606885,406,2378.906250,7.041753,46.875000,60.819172,hann
24,25.606885,407,2384.765625,12.155966,46.875000,60.819172,hann
24,25.606885,408,2390.625000,14.256456,46.875000,60.819172,hann
24,25.606885,409,2396.484375,10.687213,46.875000,60.819172,hann
24,25.606885,410,2402.343750,5.175491,46.875000,60.819172,hann
24,25.606885,411,2408.203125,6.752827,46.875000,60.819172,hann
24,25.606885,412,2414.062500,6.439247,46.875000,60.819172,hann
24,25.606885,413,2419.921875,3.403735,46.875000,60.819172,hann
24,25.606885,414,2425.781250,-0.825415,46.875000,60.819172,hann
24,25.606885,415,2431.640625,6.085876,46.875000,60.819172,hann
24,25.606885,416,2437.500000,12.023631,46.875000,60.819172,hann
24,25.606885,417,2443.359375,12.279198,46.875000,60.819172,hann
24,25.606885,418,2449.218750,9.069524,46.875000,60.819172,hann
24,25.606885,419,2455.078125,-0.505946,46.875000,60.819172,hann
24,25.606885,420,2460.937500,-4.426446,46.875000,60.819172,hann
24,25.606885,421,2466.796875,4.957933,46.875000,60.819172,hann
24,25.606885,422,2472.656250,4.912840,46.875000,60.819172,hann
24,25.606885,423,2478.515625,3.336739,46.875000,60.819172,hann
24,25.606885,424,2484.375000,11.600727,46.875000,60.819172,hann
24,25.606885,425,2490.234375,11.373259,46.875000,60.819172,hann
24,25.606885,426,2496.093750,-5.986309,46.875000,60.819172,hann
24,25.606885,427,2501.953125,7.420685,46.875000,60.819172,hann
24,25.606885,428,2507.812500,7.265091,46.875000,60.819172,hann
24,25.606885,429,2513.671875,-2.568909,46.875000,60.819172,hann
24,25.606885,430,2519.531250,3.546320,46.875000,60.819172,hann
24,25.606885,431,2525.390625,7.882854,46.875000,60.819172,hann
24,25.606885,432,2531.250000,8.288671,46.875000,60.819172,hann
24,25.606885,433,2537.109375,12.342350,46.875000,60.819172,hann
24,25.606885,434,2542.968750,10.427905,46.875000,60.819172,hann
24,25.606885,435,2548.828125,7.683820,46.875000,60.819172,hann
24,25.606885,436,2554.687500,12.213792,46.875000,60.819172,hann
24,25.606885,437,2560.546875,10.575347,46.875000,60.819172,hann
24,25.606885,438,2566.406250,-0.959375,46.875000,60.819172,hann
24,25.606885,439,2572.265625,4.003586,46.875000,60.819172,hann
24,25.606885,440,2578.125000,-7.629149,46.875000,60.819172,hann
24,25.606885,441,2583.984375,0.695655,46.875000,60.819172,hann
24,25.606885,442,2589.843750,-6.763593,46.875000,60.819172,hann
24,25.606885,443,2595.703125,3.277387,46.875000,60.819172,hann
24,25.606885,444,2601.562500,9.773487,46.875000,60.819172,hann
24,25.606885,445,2607.421875,4.383376,46.875000,60.819172,hann
24,25.606885,446,2613.281250,1.252774,46.875000,60.819172,hann
24,25.606885,447,2619.140625,0.908210,46.875000,60.819172,hann
24,25.606885,448,2625.000000,8.434170,46.875000,60.819172,hann
24,25.606885,449,2630.859375,-3.076655,46.875000,60.819172,hann
24,25.606885,450,2636.718750,3.780517,46.875000,60.819172,hann
24,25.606885,451,2642.578125,3.899281,46.875000,60.819172,hann
24,25.606885,452,2648.437500,-0.101653,46.875000,60.819172,hann
24,25.606885,453,2654.296875,6.424585,46.875000,60.819172,hann
24,25.606885,454,2660.156250,-1.188114,46.875000,60.819172,hann
24,25.606885,455,2666.015625,3.479750,46.875000,60.819172,hann
24,25.606885,456,2671.875000,5.894035,46.875000,60.819172,hann
24,25.606885,457,2677.734375,7.866053,46.875000,60.819172,hann
24,25.606885,458,2683.593750,3.973916,46.875000,60.819172,hann
24,25.606885,459,2689.453125,5.331206,46.875000,60.819172,hann
24,25.606885,460,2695.312500,5.263213,46.875000,60.819172,hann
24,25.606885,461,2701.171875,-8.817935,46.875000,60.819172,hann
24,25.606885,462,2707.031250,-0.318968,46.875000,60.819172,hann
24,25.606885,463,2712.890625,-2.365337,46.875000,60.819172,hann
24,25.606885,464,2718.750000,1.969729,46.875000,60.819172,hann
24,25.606885,465,2724.609375,8.729552,46.875000,60.819172,hann
24,25.606885,466,2730.468750,11.985550,46.875000,60.819172,hann
24,25.606885,467,2736.328125,12.903086,46.875000,60.819172,hann
24,25.606885,468,2742.187500,9.961518,46.875000,60.819172,hann
24,25.606885,469,2748.046875,2.436780,46.875000,60.819172,hann
24,25.606885,470,2753.906250,9.868652,46.875000,60.819172,hann
24,25.606885,471,2759.765625,11.760962,46.875000,60.819172,hann
24,25.606885,472,2765.625000,10.314571,46.875000,60.819172,hann
24,25.606885,473,2771.484375,14.488887,46.875000,60.819172,hann
24,25.606885,474,2777.343750,15.157839,46.875000,60.819172,hann
24,25.606885,475,2783.203125,10.905585,46.875000,60.819172,hann
24,25.606885,476,2789.062500,7.906866,46.875000,60.819172,hann
24,25.606885,477,2794.921875,10.975494,46.875000,60.819172,hann
24,25.606885,478,2800.781250,14.712273,46.875000,60.819172,hann
24,25.606885,479,2806.640625,14.657229,46.875000,60.819172,hann
24,25.606885,480,2812.500000,7.380509,46.875000,60.819172,hann
24,25.606885,481,2818.359375,-3.774251,46.875000,60.819172,hann
24,25.606885,482,2824.218750,2.562217,46.875000,60.819172,hann
24,25.606885,483,2830.078125,8.255543,46.875000,60.819172,hann
24,25.606885,484,2835.937500,10.839072,46.875000,60.819172,hann
24,25.606885,485,2841.796875,8.001696,46.875000,60.819172,hann
24,25.606885,486,2847.656250,-4.975492,46.875000,60.819172,hann
24,25.606885,487,2853.515625,3.414637,46.875000,60.819172,hann
24,25.606885,488,2859.375000,4.186206,46.875000,60.819172,hann
24,25.606885,489,2865.234375,2.052617,46.875000,60.819172,hann
24,25.606885,490,2871.093750,3.968822,46.875000,60.819172,hann
24,25.606885,491,2876.953125,7.585638,46.875000,60.819172,hann
24,25.606885,492,2882.812500,9.784469,46.875000,60.819172,hann
24,25.606885,493,2888.671875,12.348417,46.875000,60.819172,hann
24,25.606885,494,2894.531250,11.168942,46.875000,60.819172,hann
24,25.606885,495,2900.390625,5.731796,46.875000,60.819172,hann
24,25.606885,496,2906.250000,5.122838,46.875000,60.819172,hann
24,25.606885,497,2912.109375,3.432715,46.875000,60.819172,hann
24,25.606885,498,2917.968750,-1.751455,46.875000,60.819172,hann
24,25.606885,499,2923.828125,0.104862,46.875000,60.819172,hann
24,25.606885,500,2929.687500,4.678715,46.875000,60.819172,hann
24,25.606885,501,2935.546875,9.248013,46.875000,60.819172,hann
24,25.606885,502,2941.406250,6.227413,46.875000,60.819172,hann
24,25.606885,503,2947.265625,-1.291556,46.875000,60.819172,hann
24,25.606885,504,2953.125000,7.640613,46.875000,60.819172,hann
24,25.606885,505,2958.984375,3.572838,46.875000,60.819172,hann
24,25.606885,506,2964.843750,1.067256,46.875000,60.819172,hann
24,25.606885,507,2970.703125,1.069254,46.875000,60.819172,hann
24,25.606885,508,2976.562500,3.840973,46.875000,60.819172,hann
24,25.606885,509,2982.421875,-2.481881,46.875000,60.819172,hann
24,25.606885,510,2988.281250,3.405013,46.875000,60.819172,hann
24,25.606885,511,2994.140625,7.585397,46.875000,60.819172,hann
