Command: /home/yuusha1/esp/idf-tools/python_env/idf6.1_py3.12_env/bin/python /home/yuusha1/esp/idf/esp-idf/tools/idf_monitor.py -p /dev/ttyACM0 -b 115200 --toolchain-prefix xtensa-esp32s3-elf- --target esp32s3 --revision 0 /home/yuusha1/esp/projects/labs/Rep_SE_202601_grupo_Diego_Santiago_Chen/Lab_1/Ejercicio_5/analisis_espectro/build/analisis_espectro.elf /home/yuusha1/esp/projects/labs/Rep_SE_202601_grupo_Diego_Santiago_Chen/Lab_1/Ejercicio_5/analisis_espectro/build/bootloader/bootloader.elf -m '/home/yuusha1/esp/idf-tools/python_env/idf6.1_py3.12_env/bin/python' '/home/yuusha1/esp/idf/esp-idf/tools/idf.py' '-p' '/dev/ttyACM0'
[0;32mI (135) esp_image: segment 5: paddr=00045b54 vaddr=50000000 sizeESP-ROM:esp32s3-20210327[0m
Build:Mar 27 2021
rst:0x15 (USB_UART_CHIP_RESET),boot:0x8 (SPI_FAST_FLASH_BOOT)
Saved PC:0x4037957a
SPIWP:0xee
mode:DIO, clock div:1
load:0x3fce2820,len:0x14f0
load:0x403c8700,len:0xda0
load:0x403cb700,len:0x2f58
entry 0x403c8908
[0;32mI (24) boot: ESP-IDF v6.1-dev-2938-g12f36a021f 2nd stage bootloader[0m
[0;32mI (25) boot: compile time Apr  8 2026 14:46:03[0m
[0;32mI (25) boot: Multicore bootloader[0m
[0;32mI (26) boot: chip revision: v0.2[0m
[0;32mI (29) boot: efuse block revision: v1.4[0m
[0;32mI (33) boot.esp32s3: Boot SPI Speed : 80MHz[0m
[0;32mI (37) boot.esp32s3: SPI Mode       : DIO[0m
[0;32mI (40) boot.esp32s3: SPI Flash Size : 16MB[0m
[0;32mI (44) boot: Enabling RNG early entropy source...[0m
[0;32mI (49) boot: Partition Table:[0m
[0;32mI (51) boot: ## Label            Usage          Type ST Offset   Length[0m
[0;32mI (58) boot:  0 nvs              WiFi data        01 02 00009000 00006000[0m
[0;32mI (64) boot:  1 phy_init         RF data          01 01 0000f000 00001000[0m
[0;32mI (71) boot:  2 factory          factory app      00 00 00010000 00100000[0m
[0;32mI (77) boot: End of partition table[0m
[0;32mI (81) esp_image: segment 0: paddr=00010020 vaddr=3c020020 size=0f458h ( 62552) map[0m
[0;32mI (99) esp_image: segment 1: paddr=0001f480 vaddr=3fc91300 size=00b98h (  2968) load[0m
[0;32mI (100) esp_image: segment 2: paddr=00020020 vaddr=42000020 size=16254h ( 90708) map[0m
[0;32mI (119) esp_image: segment 3: paddr=0003627c vaddr=3fc91e98 size=025e4h (  9700) load[0m
[0;32mI (122) esp_image: segment 4: paddr=00038868 vaddr=40374000 size=0d2e4h ( 53988) load[0m
[0;32mI (135) esp_image: segment 5: paddr=00045b54 vaddr=50000000 size=00024h (    36) load[0m
[0;32mI (141) boot: Loaded app from partition at offset 0x10000[0m
[0;32mI (141) boot: Disabling RNG early entropy source...[0m
[0;32mI (153) cpu_start: Multicore app[0m
[0;32mI (161) cpu_start: GPIO 44 and 43 are used as console UART I/O pins[0m
[0;32mI (162) cpu_start: Pro cpu start user code[0m
[0;32mI (162) cpu_start: cpu freq: 160000000 Hz[0m
[0;32mI (164) app_init: Application information:[0m
[0;32mI (167) app_init: Project name:     analisis_espectro[0m
[0;32mI (172) app_init: App version:      bc6dc7c-dirty[0m
[0;32mI (177) app_init: Compile time:     Apr  8 2026 14:46:06[0m
[0;32mI (182) app_init: ELF file SHA256:  71eea6725...[0m
[0;32mI (186) app_init: ESP-IDF:          v6.1-dev-2938-g12f36a021f[0m
[0;32mI (191) efuse_init: Min chip rev:     v0.0[0m
[0;32mI (195) efuse_init: Max chip rev:     v0.99 [0m
[0;32mI (199) efuse_init: Chip rev:         v0.2[0m
[0;32mI (203) heap_init: Initializing. RAM available for dynamic allocation:[0m
[0;32mI (209) heap_init: At 3FC99690 len 00050080 (320 KiB): RAM[0m
[0;32mI (214) heap_init: At 3FCE9710 len 00005724 (21 KiB): RAM[0m
[0;32mI (220) heap_init: At 3FCF0000 len 00008000 (32 KiB): DRAM[0m
[0;32mI (225) heap_init: At 600FE000 len 00001FE8 (7 KiB): RTCRAM[0m
[0;32mI (231) spi_flash: detected chip: boya[0m
[0;32mI (234) spi_flash: flash io: dio[0m
[0;32mI (237) sleep_gpio: Configure to isolate all GPIO pins in sleep state[0m
[0;32mI (243) sleep_gpio: Enable automatic switching of GPIO sleep configuration[0m
[0;32mI (250) main_task: Started on CPU0[0m
[0;32mI (260) main_task: Calling app_main()[0m
[0;32mI (260) ANALISIS_ESPECTRO: Inicializando analisis de espectro[0m
[0;32mI (260) ANALISIS_ESPECTRO: fs=2400 Hz, FFT=1024, periodo=1000 ms, export CSV por serial[0m
[0;32mI (280) main_task: Returned from app_main()[0m
SPECTRUM_CFG,2400,1024,512,2.343750,hann
SPECTRUM_FRAME,1.327159,49.218750,65.771782,hann,512,28.805099,29.681717,24.626659,27.665808,24.802439,29.251701,25.765682,10.754301,23.429977,30.042002,21.236990,18.282104,19.802891,23.708027,11.399958,22.751867,20.919643,22.542608,25.170382,36.932159,54.139477,65.771782,64.318085,47.742531,31.668125,24.817074,21.033680,15.403866,19.205572,9.555296,16.169487,19.987658,4.507293,19.739191,19.273388,20.916004,19.097557,10.337778,13.642398,19.439318,23.813011,35.237461,55.501102,58.313030,48.843121,24.398479,24.057842,25.274057,24.519808,23.430111,24.189968,4.216068,-0.310529,13.767892,14.341122,16.148937,19.618483,17.500538,14.897901,15.798735,16.931454,16.453953,27.231331,41.788731,50.900681,46.876251,24.303818,17.175684,21.139633,20.176540,17.355042,19.990942,14.670561,21.723598,25.560894,24.375448,19.220264,24.459961,25.751421,13.189247,19.167477,25.261814,21.824471,32.248680,36.633812,30.454002,26.621847,26.761761,24.216923,12.947885,22.154690,20.427782,14.314612,17.712154,26.180084,25.131561,25.351198,24.795694,21.222237,19.349323,20.187336,22.890549,25.840187,23.397194,1.636727,21.271957,39.182175,44.806217,39.002831,26.153145,17.213190,16.958241,18.507023,11.542057,20.074255,11.139049,19.979029,13.104367,11.381084,4.606504,10.850693,14.570015,16.890827,17.344664,19.860100,17.984749,13.384687,22.388248,18.890188,19.299347,22.740213,16.959091,14.609490,7.233064,18.409807,16.674454,11.841490,14.404938,13.106083,14.759350,13.873573,13.828049,18.429585,20.703251,18.877621,8.447185,-7.221532,19.005829,24.420719,31.450302,34.468712,24.438923,15.749998,9.552778,18.139288,8.744054,13.006936,2.701435,12.905393,11.650643,19.974665,16.608751,31.407461,31.035692,24.046196,25.200598,27.395124,18.068924,24.664745,20.641846,35.425301,45.870827,42.463535,23.013334,10.913845,-3.203028,21.180208,20.377182,4.938158,21.685928,31.059284,27.482952,8.623633,19.920576,19.409338,4.157753,10.602421,12.929094,17.016050,15.024269,16.705376,25.944546,31.920088,31.879080,16.364761,18.281315,14.631214,2.034365,16.258600,14.588324,9.622737,15.439433,18.830746,20.326580,16.320269,17.333244,14.627051,8.674182,7.933121,15.638536,18.145508,17.739929,22.898119,26.460407,35.512863,27.848091,16.843849,15.771387,24.157904,25.701790,24.758785,24.592066,20.542450,19.784046,13.466738,9.699461,13.029103,15.654680,18.522991,17.698109,13.992963,11.804171,10.930772,18.556702,29.297812,31.219673,24.191433,6.757378,15.740222,14.777461,20.687462,20.306110,21.041256,22.052147,20.880428,21.113514,25.148182,19.721405,20.569115,26.288971,19.631199,18.835608,26.156733,30.533735,40.876064,49.276237,45.819138,33.132874,25.629139,22.472385,19.415600,5.813635,13.392126,24.798615,26.041376,10.873766,22.887785,24.121918,21.391771,15.165083,15.259964,20.122608,21.691389,20.865688,23.022442,17.486259,26.545773,21.003750,27.107031,26.177505,23.020527,11.227851,4.173403,14.372586,13.319170,11.326156,-2.900062,10.459882,12.761937,17.599152,14.818310,8.348989,10.753898,9.766441,15.762888,11.050385,18.286808,19.458038,23.571682,17.665518,20.648794,15.524993,16.235456,7.881799,8.782500,18.833450,18.128458,8.841839,12.708652,7.471487,9.114594,15.298599,14.771650,12.633316,15.700199,17.054466,6.618328,7.210278,24.533598,28.886429,23.160685,22.131775,17.514688,18.194881,7.469830,14.644399,14.833516,14.494505,15.828515,20.666470,17.495701,11.066274,12.807152,21.973783,26.479305,22.127331,20.960922,24.506210,14.769603,27.671530,22.844324,20.345291,35.132710,35.709648,15.077872,17.388477,17.503052,16.503664,7.133288,18.440125,13.814372,19.574036,21.426376,5.278000,12.898741,16.136631,9.246160,3.165943,10.850197,17.523773,21.628887,22.418348,26.211155,15.727732,29.189625,19.762455,18.067616,11.599094,0.675501,12.002784,21.439606,19.410221,16.983202,12.312307,19.423779,21.858385,14.294291,10.356934,16.909092,18.279140,14.388168,19.414303,24.888306,31.607971,31.441309,17.933060,16.223204,14.326624,7.518093,18.648756,26.445030,24.450693,19.606558,14.135933,21.931002,23.070465,11.532546,14.587009,12.919571,14.514790,15.499947,15.203992,12.142237,17.865099,39.741547,46.199951,40.576309,23.178501,11.774119,19.926462,17.552437,14.805004,13.117731,17.920193,18.956173,11.336547,5.624117,19.977495,20.078640,10.995262,24.537983,24.194185,17.113314,22.971079,36.621216,50.059853,62.173073,60.833191,45.287758,28.658800,26.092035,19.153364,14.155093,14.818812,17.745335,23.839645,20.955677,16.511248,18.357822,3.260986,12.618718,7.215856,10.841712,1.615848,7.801098,20.976963,17.549494,40.236416,43.254494,34.344452,14.015509,9.495921,10.380796,8.566772,6.717577,13.290438,17.399910,10.639042,17.508854,11.326702,7.059707,14.646082,19.409328,18.702309,9.858132,9.956447,1.096035,16.324295,30.854357,36.300777,29.801762,20.992725,16.155907,14.251690,13.857360,5.276060,17.828169,14.043179,18.688980,8.631763,13.409381,9.049334,15.956702,18.310463,5.618204,7.666536,15.060147,11.316190,10.974197,18.933224,25.970041,24.821411,20.998627,19.108526,-5.792654,15.683064,17.667606,19.659302,19.046280,17.661493,12.918842,13.456530,15.636468,9.418052,12.775366,9.570950,19.119427,15.369719,-8.054529,5.867778,23.793751,21.286726
[0;32mI (1990) ANALISIS_ESPECTRO: Frame exportado | t=1.33 s | pico=49.2 Hz | 65.8 dB[0m
SPECTRUM_FRAME,2.606339,49.218750,65.319817,hann,512,20.728863,24.733307,21.143089,19.312920,19.421349,21.269581,25.227184,23.199522,18.768637,11.606634,20.834873,20.584431,19.754379,12.012987,12.372355,16.279799,13.996506,17.991077,24.698141,33.579792,54.059265,65.319817,63.805332,47.237854,29.127333,25.636623,12.718144,14.802432,19.525160,12.170603,7.799542,17.661283,19.635851,16.622427,6.933987,15.094358,14.243983,11.985144,16.237595,13.384172,22.578655,34.055305,55.016171,57.927528,48.362442,25.647623,19.261053,11.232088,14.853975,0.019720,13.530387,19.781740,19.499050,13.660410,9.060667,11.195932,5.148932,8.873833,11.962477,10.280403,15.920258,1.801648,18.387129,43.539043,50.911156,46.046413,14.633912,10.443846,21.720840,16.641079,9.680355,15.663463,8.874126,6.134171,8.000845,6.912659,16.220743,14.646408,8.594356,4.571376,13.393012,14.845643,13.436551,29.961037,37.566662,36.817928,32.555920,27.947487,23.552391,14.373787,11.043367,17.059166,13.312616,4.401889,4.106156,1.190985,14.420081,15.924749,11.141163,15.995226,18.321632,10.533396,19.336676,21.321274,15.964409,20.953659,40.187134,44.071041,34.342072,23.349953,0.239849,14.431271,13.386551,6.944225,16.499424,17.759203,8.317090,2.194507,19.005150,21.083384,18.717220,15.407433,12.533139,16.151779,14.239173,11.085134,20.909706,25.115431,32.648994,30.219736,7.599186,-1.800168,16.050694,17.098427,19.198120,17.102493,8.638919,12.726315,14.095995,11.418449,10.274648,7.292096,15.612076,6.266162,13.238435,8.773303,11.743789,13.817328,11.827612,29.510000,28.782204,11.877396,15.287249,18.405048,9.972888,11.584150,5.308156,-1.018040,-12.711620,14.923704,15.586092,20.883310,22.594404,16.884874,24.138964,16.553457,19.771765,14.049231,23.008732,23.470926,39.780308,47.441910,44.059586,25.862455,16.061096,18.728083,12.805324,10.909252,20.497587,23.359379,13.092945,20.573959,12.529613,15.666668,5.512767,12.870879,15.885698,19.278198,16.372341,11.896193,17.176311,25.125107,33.836163,33.388577,22.693954,15.493903,14.950752,17.065645,14.363757,13.695551,16.754084,10.507307,4.172958,16.653635,15.040445,-9.073797,4.202059,14.897726,17.563536,11.315900,5.812659,15.035347,23.897648,21.870480,26.879124,15.024819,17.053520,11.742190,8.925055,14.442531,13.224029,10.200064,15.094167,18.620584,13.112156,17.099274,16.335726,14.293469,2.881649,7.486660,6.870482,-1.227884,6.275310,26.645124,31.852272,30.196495,21.537104,7.116093,9.319298,5.829931,5.944037,10.036024,16.371349,19.070738,13.217661,8.462289,17.333544,19.317381,20.962742,12.852871,12.536397,14.720693,17.853523,23.982737,40.056297,49.559799,47.318794,34.436115,28.317049,25.892845,9.851200,16.007011,13.621384,18.539125,6.970764,14.969459,13.487362,12.802936,4.780533,11.941235,18.185057,18.632025,15.629281,14.272780,18.515841,10.801056,22.365952,22.085630,25.433773,3.080662,16.393206,1.605268,9.702694,11.635059,5.083375,3.315269,11.223146,1.062401,0.645451,11.443359,17.181793,18.405827,16.286606,-10.955797,8.410944,6.555792,11.746174,20.782431,24.828003,28.216230,25.932167,15.520152,11.200016,9.335057,12.324933,14.563782,5.140324,10.440224,14.746083,13.122362,8.189696,6.411056,13.780153,16.705200,4.308581,12.590052,15.653166,22.268349,19.702848,24.181438,26.800407,25.999422,19.422388,15.385654,12.422684,8.397638,3.322337,9.803918,11.506145,8.249749,3.705748,8.573706,16.902588,18.082411,5.891554,19.878122,19.001368,19.991270,21.177694,25.095242,21.782484,34.132256,43.832516,42.445545,28.027021,8.904493,16.041506,13.073746,16.782675,14.310719,14.532654,14.143894,21.493769,12.974129,5.615826,5.151710,10.403332,0.901828,17.631538,18.752895,-7.550107,11.008188,7.706269,24.877102,29.457096,23.679655,12.114923,10.124866,1.733843,1.921389,13.670929,13.807241,7.455909,7.639780,5.797045,10.772370,13.158006,9.901346,14.541864,20.418793,16.134087,15.942594,15.578161,28.498194,29.774027,11.750020,13.316603,16.816694,16.185877,15.389099,12.260771,7.793614,-4.839767,12.836424,18.057398,7.501679,10.549456,10.570200,11.083141,12.671906,8.872927,6.554897,15.531237,14.809717,40.712700,47.065735,42.617126,25.306896,15.269888,2.903257,10.318643,13.422262,14.696730,10.995386,18.112770,16.404659,9.981638,16.204014,17.466709,19.553457,18.222223,9.667227,21.263254,18.817595,34.543655,49.650097,62.065540,61.118134,45.968285,23.599567,29.549196,19.053013,16.788197,11.972241,16.120190,10.143452,13.579117,9.019903,16.538204,17.421219,3.265826,14.978027,16.626074,18.978546,7.524765,-3.463480,20.315475,40.550186,43.925507,34.484867,4.301173,17.826712,15.437303,14.413829,8.772850,9.276731,8.085357,-0.191159,2.234494,11.795286,11.136709,6.734803,12.878379,15.514621,10.571203,6.854791,11.233087,13.777931,28.090467,34.350014,31.625389,23.849508,14.354335,11.993852,7.884891,4.243122,5.134932,14.457945,12.545856,14.305006,15.550317,12.744990,5.840389,12.895998,12.994452,10.192861,6.472988,14.807893,23.256264,22.324808,18.273136,21.335012,17.038261,11.521035,1.638509,4.537720,6.198488,13.103670,11.087738,4.114090,10.112767,12.097506,4.929924,6.464996,14.330144,13.620039,-5.838870,18.547668,18.747135,27.727262,35.819729,34.446991
[0;32mI (3270) ANALISIS_ESPECTRO: Frame exportado | t=2.61 s | pico=49.2 Hz | 65.3 dB[0m
SPECTRUM_FRAME,3.885521,49.218750,64.513039,hann,512,40.452995,50.771900,45.860523,43.046726,37.415867,33.475803,35.188335,32.364227,27.228716,29.264242,27.557154,22.045403,23.274391,25.540247,20.040522,23.024723,21.862358,15.719022,33.089794,37.342171,51.915077,64.513039,63.317406,45.907883,36.870323,28.766462,24.350012,25.076164,27.423162,26.781998,22.899960,24.177378,21.118689,15.625706,23.805925,27.697731,27.382925,23.745827,18.050005,25.699205,30.085314,27.804405,53.849838,56.815979,46.449741,30.578928,26.133701,17.772367,23.343458,24.175968,14.310394,7.847354,14.324677,18.605402,18.832855,15.945963,19.670670,24.200556,26.345951,29.348345,29.100574,28.679743,30.502789,46.661209,51.618408,45.213833,29.317286,24.928913,26.315540,25.497723,25.446241,17.486887,18.447273,18.885399,19.956375,24.116726,25.932270,26.586111,22.151621,25.694683,28.851282,18.687218,17.849257,18.424322,29.194090,37.789749,38.106628,30.578547,25.748121,27.816826,22.808632,10.166410,16.798962,1.781702,13.312227,16.029623,11.089361,19.262924,21.783516,19.976999,1.979480,24.171516,22.640226,25.210274,31.819799,34.381935,42.094063,41.459435,33.545979,26.274506,22.619150,27.240276,22.223259,15.518908,13.305677,14.453530,23.616869,24.571510,20.806589,15.101119,7.517331,14.192112,20.199852,11.996212,24.596638,19.865623,22.540548,31.707329,36.279678,32.294941,27.262936,23.794956,28.244513,25.849705,19.614523,14.958772,12.907976,18.516739,22.251091,20.145208,20.315231,-4.175406,23.043137,24.393293,14.573449,24.171478,26.165323,17.187675,31.240936,34.483952,37.464657,32.713875,10.618444,22.027546,28.824129,26.928205,13.760586,21.518538,20.339163,22.562323,16.527340,11.993676,20.500065,27.947990,24.399759,18.398846,27.665806,24.402407,26.550549,33.526310,28.685120,35.696266,36.704983,32.711876,29.025806,25.620728,25.843262,21.346815,20.807705,24.251675,19.458876,16.513447,23.741560,16.426550,22.207512,21.217281,19.004578,23.921721,25.184319,11.628553,24.494038,29.916456,34.013241,34.345352,26.628422,19.114679,13.128807,19.066833,20.822020,19.666428,17.769320,18.883352,21.034752,23.284853,20.931381,5.702945,16.843527,18.870602,7.744655,16.801018,12.588029,14.495787,17.733767,25.470543,30.075762,22.438690,22.573652,24.419819,10.146233,20.544495,23.084774,20.260403,16.975153,7.411270,22.266157,23.256817,16.568480,16.308964,17.509115,18.587778,21.619572,24.378204,17.926685,23.529036,25.520800,23.435364,19.754055,18.319519,24.177315,25.661674,3.815253,24.790775,23.045567,19.885513,15.889999,22.512495,19.015985,17.325127,23.757385,24.517487,23.878094,23.867685,28.875481,29.295769,33.613232,31.079082,36.881271,30.757759,25.127668,18.457493,26.772087,24.217186,19.688299,21.612099,21.183350,23.075525,17.345448,14.277946,19.988848,16.975075,15.212007,19.382914,14.760296,11.444557,4.765234,13.387412,17.941847,26.450235,30.677158,16.376980,7.896281,19.196795,16.183931,5.646729,17.520844,19.824396,18.704641,14.938741,9.369254,17.132433,18.683199,12.342053,7.564191,0.777130,7.350025,13.714184,9.568004,9.058050,18.315533,15.155760,23.037342,14.956665,15.372219,16.958660,12.810345,10.637699,14.009122,14.477486,16.200842,20.200607,7.545029,17.461941,14.288173,13.088657,13.760098,16.267950,16.422321,17.275568,20.838493,16.749886,18.888414,12.134408,11.384598,20.120523,19.520864,15.040274,14.497774,10.775826,9.199789,21.224272,20.493729,12.058516,16.718563,18.883202,20.666037,11.725651,19.489532,23.353642,21.919941,26.271904,28.693481,24.241882,29.269405,29.759977,28.145733,26.491415,23.437681,23.138233,24.204342,16.341391,18.777431,18.497316,21.471962,16.321171,8.240607,17.184031,15.427425,0.787398,12.390774,13.499084,-5.323818,23.387224,25.697718,26.524517,24.647568,11.527820,14.554531,12.571468,-0.686990,10.395002,16.604130,15.410210,11.435890,11.029093,10.556880,2.409266,9.398190,14.432878,11.223484,2.703113,7.214291,13.747728,17.672697,21.211334,18.347355,18.443729,14.418356,5.589808,14.781807,19.908504,19.516571,8.817051,18.271267,21.275644,18.931080,15.287863,21.821972,20.057377,23.523291,28.098972,26.710758,22.619232,26.979328,33.332302,37.127319,35.798771,34.805393,25.366749,15.088776,19.302462,19.387405,20.881474,21.099348,22.638401,26.861164,27.157839,25.381002,30.704105,31.902092,32.851357,36.086075,36.820892,36.629951,40.660858,45.569645,49.305969,49.428650,46.659721,45.507698,43.461304,40.310509,37.656994,35.719608,34.448788,32.009052,28.851036,31.719063,30.554169,26.810619,27.361355,26.880215,22.246838,24.915749,22.048050,21.672047,25.565361,30.343687,30.848183,26.611509,25.702526,27.981081,25.036297,25.049612,24.548668,24.230465,21.617290,16.172955,18.862179,21.689463,19.288792,13.657775,22.213327,21.586342,11.898521,21.600647,19.915020,14.378327,22.063379,26.921198,24.722530,12.124158,17.184422,15.019894,13.863048,19.927032,18.547375,4.489668,14.778158,9.247254,1.998037,19.851183,22.032412,13.860888,12.117144,2.653536,1.980558,3.314890,9.404034,17.330139,19.757402,15.736003,10.885530,10.844588,20.120993,17.678528,9.991495,-5.310760,17.042517,13.927402,14.934960,14.046412,15.618230,13.902657,9.897815,14.921817,14.225388,15.561675,21.380737,21.611534,23.202961,25.474804,21.505280
[0;32mI (4550) ANALISIS_ESPECTRO: Frame exportado | t=3.89 s | pico=49.2 Hz | 64.5 dB[0m
SPECTRUM_FRAME,5.164693,49.218750,66.842934,hann,512,33.087029,31.436541,27.341957,27.786312,26.995289,21.299187,11.130351,18.966379,19.523071,27.210920,27.872980,24.496483,29.244865,30.093794,28.970371,27.801474,29.673107,23.206257,31.090105,34.010723,55.467911,66.842934,65.383286,48.861412,32.250511,28.085234,22.507994,26.370419,22.997585,22.321838,23.029079,21.269541,14.550083,18.897034,25.501175,26.057718,22.968750,19.864399,22.493818,22.513359,23.266304,37.169949,56.992249,59.841099,50.215973,30.151007,20.231781,21.344738,18.590784,17.567524,9.391598,14.854388,3.257275,16.928457,16.871054,18.855587,16.651352,18.319633,20.981066,19.309179,21.718138,22.300074,23.654154,42.938179,50.523499,45.628777,11.966815,21.783503,16.529781,19.767761,19.774643,20.477127,14.785358,7.674038,8.065814,14.034451,20.076496,20.386364,16.795942,19.796570,22.872400,21.966408,18.349400,20.476948,24.711962,35.571877,36.072693,23.922886,14.994373,19.571257,19.681240,20.528097,20.651287,15.389130,12.250412,20.343559,19.556664,13.504707,16.364090,13.793326,3.541341,11.857633,14.634476,18.846455,20.957335,16.747852,40.044788,44.818302,36.621780,19.025824,10.080867,11.305683,7.822240,15.297430,19.430267,17.698671,12.517809,18.032650,18.499186,11.666862,11.864949,7.981287,14.748954,17.544933,20.264624,2.473011,17.691509,24.979446,30.198584,28.851755,19.302759,7.719878,5.444831,12.303529,6.672978,7.310669,20.746693,21.328720,9.742390,9.593059,15.163469,12.542583,13.506929,14.927382,15.742743,6.638100,21.288788,21.711996,24.192867,41.981041,44.575859,34.429520,22.822378,20.515957,17.708500,8.246594,6.381650,16.997679,23.968533,20.995771,18.544174,26.057419,25.277504,22.560871,33.544662,34.152328,22.073498,42.556068,47.365059,37.176029,53.169121,62.220913,58.975082,33.840813,41.050449,39.868904,27.606947,26.618174,26.447180,19.205172,15.698013,17.237799,16.826399,4.483909,14.242119,17.787567,20.214142,20.354481,17.208641,18.786980,20.496513,12.282106,35.544350,38.136219,28.239586,19.557455,19.102312,12.053753,13.355027,16.102760,10.346060,8.066034,15.309027,17.144701,17.379358,13.674383,8.704212,15.280483,10.176392,18.650032,18.336838,14.723062,16.652367,32.659847,36.264267,24.990948,18.255333,12.888299,12.156336,7.359910,4.783740,11.621294,13.840273,5.206127,2.234536,14.920215,16.814087,7.563380,13.413630,17.021170,14.400240,18.572989,20.240150,19.449783,16.477766,22.514042,20.854445,16.096161,23.938164,21.553762,11.974473,17.877270,14.965578,17.803659,17.869551,15.163992,20.651154,18.131149,4.024954,2.091640,4.983239,7.077004,9.656133,4.228827,9.970524,16.421030,30.336761,29.823349,17.491488,13.475937,-12.613180,11.644785,15.364220,-4.880167,11.335352,8.874051,11.495147,17.416332,16.878021,18.607983,19.801773,20.095005,22.713661,19.625566,3.902948,19.806416,21.119495,28.310284,32.334293,26.675749,19.108685,18.284071,21.050762,19.575012,20.178696,16.051865,5.049446,-12.828993,11.358157,8.842084,11.188519,15.235672,17.994715,16.348106,9.988290,12.721925,19.919786,19.155100,22.589457,31.940258,30.903095,21.081799,14.395785,14.495308,16.057642,16.133961,15.021391,17.175266,13.913937,9.507037,13.875278,18.613270,17.803881,-2.127750,15.541239,16.384855,16.261410,24.827175,27.078419,15.775362,10.721674,23.681753,22.369642,15.667078,19.224642,16.076624,20.139818,17.644583,17.137859,17.889725,16.441156,7.131187,16.665379,18.977306,-11.944073,30.909355,34.301731,28.556292,41.233345,48.924339,43.611122,43.039169,55.183601,54.628777,38.806950,38.378674,40.239151,32.293251,22.649265,28.404346,23.482111,12.533398,22.217533,18.886505,8.889779,17.184086,12.634253,14.607763,12.822954,16.801355,23.653416,20.092382,18.286379,31.248930,35.080776,28.736347,15.348487,18.897760,16.979387,12.230595,15.176135,15.244063,9.158682,13.406620,18.290630,15.233660,8.986926,16.015753,14.383507,-0.788545,10.715063,15.727060,17.443604,7.471071,14.480881,10.157131,20.115564,21.389088,12.461617,11.060297,21.399057,16.180302,12.305819,16.575228,14.627124,8.217458,16.195091,11.894955,9.132832,15.106907,9.945001,14.166837,15.451427,22.797987,25.780056,20.684219,19.878647,16.728279,13.643379,19.997099,19.934944,17.973053,18.511824,16.186983,14.627254,17.740698,13.955099,12.420954,19.880732,19.433647,13.325781,9.280008,15.934323,16.585648,16.935263,22.294239,22.693731,12.447615,16.294113,16.178736,17.642441,15.402374,8.416392,19.361660,20.036833,8.871456,17.834852,20.188656,14.889989,14.335035,14.056950,10.101173,-14.442482,12.371564,8.896285,9.944789,15.743298,9.071158,14.818127,11.286402,15.541222,14.757918,8.223418,14.495085,13.115076,13.252747,18.983391,17.393547,13.503460,19.301737,20.229813,14.988062,16.106110,21.355036,14.481977,11.186896,2.704990,13.806124,20.473946,18.682508,18.434250,18.225405,14.913157,6.860081,12.699902,10.384331,15.103559,8.776266,14.778086,8.628866,13.417849,12.190119,10.540228,15.512201,12.944324,18.583923,21.478764,19.129145,21.106100,28.864262,23.592094,13.782529,24.982155,22.597380,16.357319,14.107293,6.974247,19.729326,20.276829,19.066507,25.819191,24.872860,15.397564,27.736897,29.624352,22.997528,24.989265,30.311455,24.540541,23.334513,32.369694,30.804493
[0;32mI (5830) ANALISIS_ESPECTRO: Frame exportado | t=5.16 s | pico=49.2 Hz | 66.8 dB[0m
SPECTRUM_FRAME,6.443874,49.218750,66.841911,hann,512,33.276840,36.053688,28.007496,27.172873,23.739563,29.415211,24.186008,31.795614,22.768261,18.498055,-10.163818,28.941641,30.965117,22.641865,20.277943,21.579630,10.333982,30.527113,24.084902,37.236721,55.176445,66.841911,65.353653,47.854813,34.833408,23.783741,28.639389,16.745770,9.323844,15.203420,13.894781,25.747173,21.506115,14.764585,9.789531,19.376713,23.153725,15.349685,24.496155,6.158369,14.321993,36.811672,56.859440,59.788857,50.140114,31.255186,16.222233,14.489068,14.703116,21.395750,22.867962,13.707160,5.110722,12.862806,7.386572,11.873345,15.234632,11.579145,14.551350,9.563639,-0.585503,18.613455,21.417988,43.208992,50.324478,45.721390,16.307032,18.536808,11.096910,9.891292,9.691580,13.712748,20.089663,18.428951,12.421200,10.578104,18.434504,21.577883,16.144648,14.414732,16.872301,14.961002,14.681430,21.430237,25.314426,36.102013,36.465050,20.969799,19.138777,9.910935,12.949471,5.324038,-0.863349,10.559258,19.446594,17.816380,-1.342084,4.723101,6.607773,14.287706,15.981775,8.970813,19.461412,17.887655,20.397839,13.173092,40.766350,45.314888,37.794136,12.122622,13.489533,17.306873,9.199221,16.210266,17.161604,11.281279,12.080693,10.968153,19.096067,15.136179,10.467324,16.758163,16.646259,3.929771,11.921522,18.228413,21.314323,25.555344,34.424690,33.204048,14.434595,15.625010,7.542622,14.655709,13.665596,19.518421,19.186058,8.122044,22.232685,23.777380,21.667110,10.804440,18.448927,22.522663,19.848827,18.432529,18.338531,23.344723,21.231766,37.575180,40.498348,31.557524,20.202658,20.847151,19.531090,10.024269,16.733391,22.503729,20.989904,18.792770,26.600714,25.813976,23.722874,27.414381,32.032398,32.532051,24.051380,42.151546,46.500553,34.640450,52.320705,62.005806,59.049210,37.723900,40.372215,41.846355,33.604900,20.980368,26.172945,24.331463,23.601910,21.978577,19.166567,2.759947,12.284935,16.816456,15.053886,19.057816,16.023918,23.173418,11.975347,17.605530,37.021793,38.187660,21.176779,19.482296,18.584057,9.882210,15.981634,10.356025,17.028631,16.491890,2.192324,10.915476,15.553133,16.785973,16.981369,9.458652,-1.094859,-0.049881,9.013559,18.876108,16.833916,33.614281,37.134270,27.872536,11.437341,1.494377,10.943818,11.394878,8.565151,11.562014,17.073082,15.676347,6.639300,13.878786,14.609091,11.303423,9.996448,5.037919,18.017965,13.790663,14.236404,19.969511,18.745216,20.271259,20.383389,16.095503,11.443178,10.678555,1.256180,9.927164,14.889660,6.773116,13.815341,18.569387,15.618230,-3.419814,12.946839,15.147400,10.966398,2.866269,12.520791,5.415226,15.003653,21.960434,32.416069,32.461849,18.218801,12.437534,13.636717,17.019102,17.171162,14.763910,13.232490,15.987518,13.454277,4.081594,11.827450,7.381438,6.888965,11.441280,9.195605,11.545189,14.497166,14.615162,16.731829,27.998707,30.604393,21.135269,16.678507,18.561623,12.418170,0.630283,11.073805,13.057613,4.528423,7.142834,12.494976,7.364500,11.048418,12.658501,11.512707,7.263792,11.654251,15.486423,10.332042,18.262983,23.412029,26.746828,19.493029,5.654258,15.549684,14.040150,11.726851,15.616833,14.722532,7.520921,9.576323,15.413271,16.044291,5.173993,14.564070,21.259796,20.426353,11.287657,17.283365,21.100861,22.343925,18.809889,30.591032,34.552837,29.031216,19.152245,15.887851,18.369247,17.256615,16.648891,20.040562,23.813839,21.240347,17.367800,18.385284,18.751820,23.500784,34.050682,34.644505,16.475098,42.956318,49.575085,43.089947,41.879051,54.901207,54.560070,39.846909,37.221275,39.063435,32.363895,25.141945,27.759937,28.483448,25.211494,19.798609,25.665478,23.893837,11.098793,19.157005,16.336855,14.686995,21.778633,27.406061,24.134676,14.218207,30.602568,32.691303,24.428720,23.530354,23.321102,17.555565,16.661251,22.230978,24.515385,21.574430,10.167316,17.080650,20.346334,12.364526,6.410823,10.405161,11.807642,14.182506,16.241589,21.611975,20.643463,23.592794,26.172043,16.716446,15.204113,3.830648,10.054790,10.957518,8.646199,13.535485,13.817786,11.195194,11.382518,10.846514,10.293221,13.615769,16.086868,16.272373,9.428948,10.027334,17.646782,23.286173,22.093870,22.097532,18.834187,11.990724,12.932882,20.038794,20.495226,15.155066,9.725873,12.364506,11.596567,14.078238,14.683918,10.907483,13.363872,14.968946,12.033957,-0.505577,2.328106,10.552258,16.432917,15.547823,6.740696,7.579110,8.444165,2.048870,13.548010,16.916271,15.056545,11.633465,-2.281342,6.755138,10.768318,7.531482,9.329813,14.049887,13.524359,2.898824,11.100463,14.904299,5.438071,14.486112,16.460968,18.470669,25.884802,22.001307,12.110224,8.622223,-3.649747,5.671345,10.403551,5.316442,4.753681,10.489939,14.790098,16.193832,14.258329,6.519781,16.501116,14.923176,1.000127,9.672275,11.545759,21.214958,18.284161,17.752739,16.255510,14.678431,15.841684,16.902927,13.756470,0.278950,14.829885,21.032738,19.934530,14.516706,11.583130,17.768120,17.289467,14.179276,14.602781,14.163130,9.022110,18.242857,24.116493,22.380245,25.917240,29.005222,22.704613,16.753643,20.771589,15.503777,-1.357481,11.063940,16.300985,9.304576,21.850090,28.639339,27.305702,22.394789,29.076326,29.639875,25.649424,22.894894,24.218277,26.364534,23.964651
[0;32mI (7110) ANALISIS_ESPECTRO: Frame exportado | t=6.44 s | pico=49.2 Hz | 66.8 dB[0m
SPECTRUM_FRAME,7.723053,49.218750,66.954948,hann,512,38.829285,41.973221,37.295738,33.074791,39.159744,38.252415,31.529081,34.056316,31.092794,32.977444,35.320198,33.185154,31.571779,32.528023,31.483177,30.707054,29.245640,34.294342,31.158457,38.265953,55.794605,66.954948,65.497162,49.582096,13.380375,31.641085,26.493664,22.131159,26.461346,22.153025,30.693642,33.338863,26.846315,23.986340,29.517107,24.783838,19.554022,27.858601,33.060871,26.916649,31.189606,33.813217,56.697422,59.643932,50.421707,12.561857,31.072817,25.546629,23.429453,26.168539,28.100622,23.632069,16.035910,14.375278,25.469702,26.034840,24.880325,24.080025,23.681805,25.722240,27.339876,24.882238,28.899349,43.286800,49.971615,44.807838,23.666912,27.633764,30.047369,28.340017,26.183273,27.872349,27.006287,20.958120,23.498661,14.477083,4.450163,19.400898,27.097553,22.265839,21.626680,26.859890,21.120869,29.970516,32.360420,36.048409,38.112274,33.952667,30.982702,25.732042,33.369263,27.077488,14.026344,21.891117,27.003456,24.713467,25.953823,18.401672,18.748037,25.186708,21.177963,21.193237,25.211102,26.966103,22.839842,23.447186,41.375633,45.382824,37.296101,24.469662,27.582628,22.251932,18.321260,24.482880,15.730106,16.330992,14.174173,26.622063,25.459778,20.107386,21.207373,20.920794,20.891956,19.767395,21.678478,13.834410,19.733189,19.142191,32.670303,31.971710,12.506720,19.270767,24.064007,21.717127,1.830063,17.431793,20.287422,21.068817,20.506210,21.950310,27.966099,25.117069,24.488733,27.119690,25.566595,21.777136,23.576683,22.957676,21.767643,26.777348,17.330887,26.103104,26.407511,26.395493,23.567888,15.486173,20.058165,26.832443,12.301969,14.404852,20.992950,23.359600,24.083117,32.092659,31.291849,28.475321,33.410046,42.440472,41.278236,38.656952,51.841358,61.805359,59.764599,42.404999,24.495636,41.308701,33.749290,29.015179,31.244255,29.095648,32.283863,30.113365,22.320324,26.276655,19.843910,11.701475,21.728405,26.976606,26.756458,26.181547,28.664207,17.785484,38.185905,40.435028,29.136612,22.379389,15.691849,24.604845,28.330807,28.192503,25.726490,26.226944,30.420509,27.166155,24.153961,7.377016,9.676043,18.775101,14.443994,19.383295,25.176678,21.689178,19.720875,31.889761,35.612949,28.116396,15.854790,13.891803,19.436405,18.990763,22.818281,15.741488,22.701847,13.671941,21.763947,19.471285,13.869576,13.107167,10.754826,18.420500,22.904842,22.805233,22.362173,24.265373,16.331335,24.317247,27.572887,23.064882,15.532861,25.754881,26.278431,22.814507,24.302790,22.421625,25.301250,27.864378,21.931494,20.990059,29.308445,31.842793,25.367325,28.457535,31.422722,33.872601,27.043077,34.662781,34.907879,36.278015,26.615580,33.567585,26.533766,33.862015,31.820732,13.026157,21.941399,31.922815,29.874945,20.809952,26.481485,25.816856,25.422781,23.941307,17.776306,23.541727,29.377642,25.875587,17.974226,27.019188,27.809971,20.820015,19.500811,21.422270,22.273741,16.594942,7.205452,16.748018,15.004796,17.605082,20.941095,12.843519,25.188656,19.395781,21.737310,15.645510,15.101324,10.131634,14.497818,17.717232,24.766598,28.571604,29.199196,25.159357,13.460741,25.922710,26.145714,22.422495,22.876499,24.339321,21.975933,17.608856,23.820524,26.846178,30.740746,25.963802,23.640368,26.052181,24.962704,17.019413,16.568863,19.354465,24.378414,22.993687,31.361372,27.086662,22.626587,21.733370,25.287167,26.197266,18.924936,22.271782,28.540735,26.722393,27.300640,28.134291,30.430241,32.688793,29.505816,33.778004,45.663815,48.031292,41.494858,37.408680,52.747002,54.276737,43.337898,27.583044,35.088261,31.070145,24.050095,26.708088,26.788233,28.237099,24.179882,16.104568,1.319473,16.225412,16.406815,24.402275,22.780115,22.873365,25.265875,23.593540,19.019836,18.139385,25.783281,21.992775,16.729826,19.675266,22.880095,10.870153,21.507160,22.162422,26.189348,27.007336,25.232109,23.629072,20.617380,23.542107,21.059711,16.218191,12.332573,19.370005,19.508278,19.595028,20.146957,28.050507,25.182486,22.532911,22.157990,17.271231,8.553150,16.012995,18.849318,16.932632,21.190603,23.375532,20.188444,22.671349,12.429466,22.529219,14.226324,20.472536,15.795547,19.201080,27.487440,19.623642,28.126358,19.655867,26.081266,19.333282,0.904694,24.752224,22.070419,7.807373,18.451923,9.053877,21.997549,6.206616,22.878197,24.923277,31.113510,19.098902,23.589798,25.880232,32.870995,30.245899,28.235332,33.757545,29.601831,15.719308,28.214714,29.329424,19.420507,22.017672,10.591007,17.271002,26.575071,25.208645,20.604702,25.495037,26.149033,21.168699,22.868111,22.518738,19.482410,16.232374,12.489729,23.184710,9.567184,26.148106,21.174543,21.999088,15.650973,12.472733,22.195599,19.178602,15.888735,17.989294,20.585953,18.255962,25.072634,16.462074,17.266914,16.459322,24.609924,23.529016,18.293531,18.480885,25.799723,23.791431,22.757481,18.637909,19.389015,12.900147,22.063011,19.679678,22.232313,18.742167,19.986876,23.464054,25.576380,17.485426,21.871082,29.638981,30.017941,27.633335,26.536482,24.171694,19.728271,25.475945,25.525570,2.283446,13.655519,24.401421,25.952888,20.380447,20.860668,21.228361,20.699600,19.332003,23.849564,21.902287,11.796512,16.586569,18.347084,18.667570,23.430737,17.479351,17.266106,30.336117,35.624973,31.903011
[0;32mI (8390) ANALISIS_ESPECTRO: Frame exportado | t=7.72 s | pico=49.2 Hz | 67.0 dB[0m
SPECTRUM_FRAME,9.002235,49.218750,64.342316,hann,512,20.300982,33.468548,24.961424,29.346769,33.076675,29.986938,25.017796,21.344082,21.278200,25.968605,10.153537,17.105349,15.875167,23.562363,24.472742,17.281616,27.045233,28.465071,33.148514,31.299618,52.796864,64.342316,62.948891,46.631817,27.468895,28.665134,15.655825,22.210951,17.090782,18.959515,25.098019,20.154236,23.706026,24.555140,22.995518,20.140600,17.308342,12.981533,13.913599,28.603182,26.421469,32.868313,53.097046,55.944710,47.268673,30.817358,35.453896,36.260487,35.601219,29.734583,17.156799,20.083523,22.222998,13.608886,21.758984,28.852314,28.099243,26.394325,23.401175,23.581335,29.291592,30.141842,20.678474,44.301125,51.305336,46.675835,34.493095,39.253887,38.907955,39.081329,36.411564,24.380692,23.811745,25.159216,22.266645,22.197708,20.948124,27.692144,23.418600,20.839865,24.479851,26.591801,24.088257,13.640337,27.155525,39.061543,39.242279,29.574574,27.201302,31.753569,34.776913,31.597921,14.182982,25.980089,20.725481,25.026884,28.547287,27.173193,26.285557,15.595270,20.622120,23.481815,23.141281,21.341722,21.119190,11.527385,39.760208,43.385357,35.055138,31.324999,32.028259,33.979984,31.557558,29.387743,21.092949,12.040983,17.675789,21.538101,27.765703,33.446289,30.721857,25.841360,16.655651,19.042547,18.699501,16.939270,18.500889,25.964087,36.070702,32.980804,27.196226,29.622265,30.580166,30.184248,30.958765,32.697029,27.686670,22.898493,30.524738,34.323433,35.069923,34.962391,33.927914,26.479177,19.510153,26.412125,10.302729,22.853128,25.400370,34.478497,35.452507,21.604998,25.033020,24.861822,25.207588,28.243881,28.922579,26.150236,24.161465,23.887947,22.805721,26.126476,26.872032,28.564756,27.204037,22.042349,16.312645,-9.549752,12.789293,18.668987,29.578115,33.817482,27.925430,17.915092,17.154449,11.109783,23.790649,7.895663,27.788570,26.376572,27.466839,32.400707,29.174871,27.053497,26.571722,20.736118,13.941522,23.557297,16.657526,24.569370,5.270936,31.238260,37.476055,34.123688,14.890648,21.715950,13.033824,19.421293,15.222420,24.335529,22.929747,32.573345,36.200584,34.910061,23.637827,24.236586,24.233974,20.903492,22.621147,28.156818,29.268394,28.839855,31.144936,34.719791,32.706902,25.728004,25.438890,25.950069,24.853649,22.741863,17.237614,12.885292,18.897211,20.376720,24.349384,26.869127,19.553007,6.808898,13.971355,13.180363,12.201323,20.574039,22.831596,18.166933,22.669868,24.807570,20.578026,20.197262,27.659626,29.380802,22.330217,21.894001,26.993277,23.842014,27.803041,28.312946,23.885391,15.217357,17.554760,18.535538,18.854454,24.916956,23.794559,20.620018,20.692215,18.245674,23.038025,25.811806,16.423975,19.898716,24.896339,22.128525,20.377407,23.794819,17.092367,4.372571,16.111338,11.419062,18.621895,27.443356,31.668503,30.621239,29.851963,32.253670,33.297001,29.496597,20.152617,23.207275,29.626101,28.677284,11.359449,27.187572,27.914661,26.765015,19.981993,4.702010,22.989994,26.536676,23.526005,16.231989,19.183243,20.611753,15.156511,15.623875,23.480545,22.993505,14.828414,11.834114,7.385540,13.091427,15.076303,-0.086922,22.047043,22.659557,21.365063,16.433846,11.364819,6.357002,20.728178,16.625488,9.415906,14.200031,18.765312,19.226980,18.759790,11.574518,16.033392,10.218689,10.774293,8.181628,16.531384,21.396107,15.628078,21.635130,17.989296,14.158282,19.666235,15.610560,18.369148,15.119259,13.260105,14.713558,21.343231,21.440094,16.629890,1.175006,12.830085,15.664149,17.139042,15.193096,15.015753,4.575116,10.118755,14.091295,16.875458,12.674355,5.749624,13.191074,14.910553,21.576937,19.472933,15.814308,12.196035,6.779309,8.913451,16.285799,13.186382,5.662889,13.424815,12.422605,18.956274,12.620835,16.488670,23.389866,19.498621,6.355140,19.103100,17.581944,7.695269,12.324429,13.190039,16.156027,17.833006,14.855895,11.503253,5.485094,7.648228,1.684277,-2.292143,12.843789,19.338047,15.922113,3.118207,12.898803,17.961750,6.785903,5.003382,16.968233,19.205692,3.711601,9.125037,3.859190,3.212605,3.873445,12.871362,13.991083,14.236786,17.137289,12.199645,-3.254749,8.013135,3.492218,13.081246,14.518391,14.197678,23.113197,27.691948,23.781033,18.316456,14.765902,2.073369,11.097795,9.840570,14.193533,14.864433,15.719686,18.853472,14.400408,10.222303,14.321698,9.974265,10.827886,16.881296,15.407506,16.215031,14.117231,16.949432,20.885031,17.056210,8.440562,9.115535,4.608876,9.411661,16.269114,19.349840,14.689131,3.684902,6.357275,11.800936,18.195742,15.771368,9.873501,4.886695,7.879535,13.812134,19.691053,14.429904,18.302122,17.786749,22.299023,15.611819,14.962548,-0.892288,15.384778,8.984922,18.025988,19.397192,5.218087,10.315662,8.960531,2.876049,6.056830,0.996327,7.363031,8.021692,-1.960042,4.103868,3.918006,-8.597738,16.431339,20.152172,4.209651,16.296604,15.999770,9.368047,6.044750,13.844781,13.349739,11.292253,-11.143275,4.987218,0.644449,15.062838,13.502755,10.192457,16.296934,16.406834,13.395813,12.985015,14.707401,20.093176,15.852808,12.118891,12.264737,11.855249,5.157799,5.757083,10.417437,3.194856,11.955767,10.785457,10.931993,12.292418,7.976462,9.079006,11.924530,9.711327,11.500293,13.122356,13.190698,13.218105,9.247062
[0;32mI (9670) ANALISIS_ESPECTRO: Frame exportado | t=9.00 s | pico=49.2 Hz | 64.3 dB[0m
SPECTRUM_FRAME,10.281416,49.218750,63.726902,hann,512,26.054266,29.256924,29.338930,27.711935,27.128929,13.708828,21.439247,12.948935,16.251013,27.360867,27.183598,18.130692,28.391781,24.283789,5.949571,13.925830,23.693920,7.631554,23.928202,35.865509,52.062477,63.726902,62.184082,44.251808,34.909424,24.697168,21.474594,20.036018,24.639500,23.365763,23.674625,23.874863,22.728504,17.098963,23.087479,19.718534,16.320002,26.960789,26.314312,26.428600,17.069632,33.498917,52.625088,55.334896,45.733727,27.172682,22.089388,23.745426,9.906291,24.686111,24.404127,19.714779,20.502041,18.333942,18.606825,-6.263987,15.433914,17.884333,27.274239,24.799019,20.479660,18.204010,22.667889,42.531261,50.430878,46.161343,15.970407,19.220125,24.170294,22.969959,22.372700,23.792744,18.123396,24.321419,16.841852,19.671940,19.326118,18.492544,17.640709,27.325726,26.088221,15.523578,16.545128,25.261101,21.255331,38.282722,38.324516,18.298361,24.951881,19.372124,24.204884,20.692701,29.566147,27.295750,25.806808,19.799612,21.794014,14.754052,20.114737,18.715267,22.709732,21.927193,19.408310,15.985774,16.324072,23.714542,39.280178,41.950642,33.716438,17.699158,19.248720,20.334482,20.170927,19.116865,29.240465,7.305323,24.973694,19.136673,27.278500,24.651047,21.212729,23.155682,19.354231,22.102575,4.204790,19.172272,22.883413,32.262436,38.419151,34.200142,21.597122,21.465637,23.424042,25.444803,23.115906,8.832360,17.955961,22.577513,24.877893,18.050329,21.622017,19.183897,19.264349,21.690977,12.403907,19.010967,19.786068,26.070002,31.391060,39.572414,39.540543,28.521338,20.601160,23.197231,18.440454,21.011599,21.679398,20.839619,16.754068,22.681837,20.790802,15.790312,22.472069,21.236841,17.289843,16.746389,15.416395,21.454821,19.043293,23.163284,27.713898,31.146713,29.375822,20.551144,-0.158942,16.416153,16.833803,24.582058,25.061476,13.535276,11.119394,9.980269,18.785118,19.804174,19.443659,14.857677,16.427876,20.798491,21.392309,21.139221,22.045038,17.990555,32.827206,28.393082,20.496086,14.892323,14.427730,13.474816,21.836388,23.009590,17.833492,19.994574,21.468105,24.874081,29.037651,24.743732,16.590771,20.638380,22.980862,17.384947,22.822536,19.411575,21.704742,27.079727,30.657473,23.827181,16.818470,26.895256,22.935444,23.070499,26.467314,17.844273,22.821791,20.622429,15.602015,22.574942,27.789932,27.288839,22.852516,25.211643,24.788530,24.794035,14.950238,17.615845,16.888968,23.791245,21.992035,20.704803,14.947292,17.193853,18.693388,24.997139,23.718426,11.967442,10.319174,16.595133,9.195642,12.128649,17.441919,18.711451,19.746153,13.335203,5.372496,6.016265,7.401311,19.743591,26.111866,25.424835,11.645803,11.721731,1.987558,16.801195,12.648091,12.507925,22.359585,25.106859,22.809029,22.330547,21.648182,14.659531,0.543974,15.048664,20.627800,16.130083,9.866886,11.976500,13.558206,27.836096,30.352211,20.352346,12.679775,17.816813,19.295128,18.300684,15.063589,9.843984,19.831139,20.440388,21.534668,18.900997,9.101648,0.272392,7.249895,17.010490,17.875120,20.852139,18.956022,10.158642,16.630066,21.227186,18.478016,19.684504,15.100851,15.481939,18.092056,20.279799,17.463743,17.155102,7.168521,13.723066,5.070773,6.598110,15.524426,17.805216,12.931923,14.607286,12.184926,-3.885851,17.545691,5.108421,18.919733,13.933526,17.683142,19.652370,19.645275,9.231687,14.740034,11.020508,14.849586,17.906567,16.028015,20.196930,14.165499,15.662879,17.308018,13.028650,7.148793,8.943871,2.126682,10.582069,18.126339,19.932207,16.412725,12.507219,17.149544,19.496647,13.950953,10.725064,15.116687,12.919464,7.060679,11.155124,2.558379,7.040454,14.930898,14.568951,9.992192,7.538135,9.968170,5.530636,15.798723,19.129944,13.881501,25.184883,24.361393,16.759905,19.324793,18.894245,14.276854,18.409870,18.493460,10.220027,11.196965,18.468706,20.227470,18.978617,18.417894,17.699135,16.201206,15.484142,13.555475,20.914099,20.100849,9.128332,15.650569,16.011751,15.096552,16.205961,7.172412,13.160345,15.084992,11.358380,15.263473,13.406971,15.099587,8.261532,10.634231,12.504640,13.328598,13.302053,16.484333,13.059068,9.367928,7.168670,8.175096,21.606670,27.304991,21.779095,12.473639,19.358002,15.215932,7.809401,6.853818,14.470306,14.570046,10.199764,8.794885,13.509074,20.241764,17.755272,17.762230,19.963238,20.085388,17.892689,11.946507,11.661510,6.565435,20.573456,17.178280,2.814785,15.502511,18.200033,12.342530,12.158030,-0.414618,3.777621,1.628412,10.441112,17.530371,20.004339,15.423447,14.028772,13.762116,7.354622,13.562983,12.707985,15.582422,19.968626,10.598133,16.978254,17.961016,11.556704,17.184925,2.656762,12.152298,-5.162529,16.785160,18.295156,12.675132,8.436599,8.564386,-15.742151,14.094448,11.612499,10.123936,2.969181,-6.606141,5.748541,13.308145,15.784310,-7.638554,7.867846,12.012559,8.466261,10.737621,16.768593,14.701692,11.685560,14.471603,11.928722,18.893772,19.572931,20.563719,19.952402,16.711029,12.569971,13.641162,15.541533,19.990215,15.224328,22.639875,17.612257,16.512505,16.899607,8.592814,1.496028,7.147566,8.692622,13.054024,11.566934,6.738273,16.736931,16.981396,14.999044,9.944719,11.369917,8.301545,2.532638,-4.197311,13.305477,7.599329,14.234474
[0;32mI (10950) ANALISIS_ESPECTRO: Frame exportado | t=10.28 s | pico=49.2 Hz | 63.7 dB[0m
SPECTRUM_FRAME,11.560598,49.218750,64.277122,hann,512,28.296549,31.466219,31.469334,23.262053,23.939295,23.406273,23.113308,17.588820,26.524269,28.003635,15.201312,23.701591,30.184090,29.662758,24.265572,26.877157,23.903683,24.820307,22.893074,31.086117,52.951088,64.277122,62.824532,46.494350,27.848389,23.007650,20.643211,18.992331,18.165253,11.914029,20.237028,25.918455,30.097132,28.638802,28.473774,26.462221,29.845684,30.363708,13.612778,20.583336,22.647053,36.675392,53.458221,56.266983,46.822620,24.720495,23.947382,15.348776,20.479738,9.779154,15.828658,27.257660,22.083197,29.590647,24.152124,24.693684,13.531591,20.026363,27.960318,29.446657,29.288498,19.879463,31.041605,40.561924,49.706573,46.029469,26.916222,23.154179,20.170059,24.218559,21.501804,16.453259,28.622143,29.142836,23.323532,27.896183,30.457932,20.877308,21.856577,21.781443,30.612661,30.456944,22.382904,15.033295,31.233089,40.525440,40.683918,32.686646,19.427357,25.844589,19.262930,17.234230,24.531155,26.775757,30.492327,29.041670,18.373602,17.763107,29.361958,29.961014,11.819793,27.183218,22.866413,27.029610,28.014774,35.046314,44.252579,45.387131,34.469799,25.848457,29.918091,32.596348,22.368313,23.641684,24.208126,14.408054,11.044850,23.299589,29.700396,30.066454,29.042990,24.905119,15.350471,24.064564,30.561218,30.589998,30.709915,38.413528,41.705112,34.664322,30.281523,5.830989,34.101101,30.965763,21.228907,23.831957,23.025394,25.287226,29.184338,27.647362,19.235842,19.593966,19.661673,11.406633,27.481094,32.020966,31.241491,25.481241,27.175510,38.446861,38.020443,23.634901,19.025780,29.663376,30.201183,21.642153,18.506748,18.363096,16.780626,27.358770,28.663181,20.760460,22.042835,21.291525,27.086981,30.071777,29.461216,29.317738,27.178963,17.704319,23.405750,24.950619,20.028713,20.764847,26.045626,29.847795,31.220484,23.718777,19.348427,16.737566,31.720921,34.376637,29.525841,25.980305,26.853642,27.636021,30.360939,27.910313,23.779776,28.815224,27.396000,23.526226,32.027187,30.672895,19.432215,19.996035,24.525776,27.931503,18.063633,23.934147,27.350937,26.140694,25.731356,25.796295,24.916817,20.449697,12.563328,10.469177,21.613405,21.821445,22.431204,26.905628,21.759106,30.810085,34.991829,31.458298,30.705296,27.187313,22.757862,23.446930,23.922058,11.275807,12.274142,22.812981,26.576260,26.168444,20.700909,18.359200,23.709242,27.230480,26.575500,21.347807,20.861755,19.009617,24.989162,27.875565,26.030159,21.237753,24.006283,26.334221,25.087301,25.135311,20.340670,17.047321,20.507505,11.154942,3.291826,7.027177,19.021725,22.442274,26.855350,25.542870,19.915310,11.093199,14.268068,12.816634,26.983723,30.775558,26.596439,22.928486,23.718203,21.866045,23.471384,19.947441,17.010180,18.570553,16.113258,20.376717,16.372696,2.301986,19.447086,21.827353,11.500335,19.727119,24.984781,27.494312,16.292278,23.577812,29.738569,29.047796,22.852474,25.778423,24.323797,23.709009,24.975855,20.146673,19.337568,21.505587,24.541018,29.875822,27.238943,24.997437,17.395170,20.036633,28.110786,29.071112,26.382824,25.501976,25.335295,18.583279,16.877193,22.607737,19.050180,12.859367,18.199387,21.913282,16.589947,22.867065,23.983234,19.064970,23.857540,24.263411,13.487926,13.100122,19.620993,19.134586,23.541288,26.782799,22.912823,24.531738,21.130230,20.939289,21.792072,22.545221,22.148544,20.506886,23.742849,13.648290,22.157061,12.881699,24.222694,27.544308,23.377363,16.682903,17.515362,12.523461,22.330896,27.688622,26.053312,23.715212,21.264874,21.243683,22.712233,20.719433,16.092812,19.135208,24.846193,16.869205,23.067968,24.871027,16.917814,18.908428,17.102448,5.253018,16.425823,26.938774,27.639416,26.651957,24.364063,15.225065,22.351830,28.022377,26.175758,28.778465,30.021675,24.954214,29.017221,29.680330,28.517784,18.149969,22.267639,26.708509,27.451698,25.372982,24.099937,19.000652,13.725848,17.093706,24.932587,24.735929,20.425499,21.362829,21.438976,20.615776,21.611202,22.455816,19.680073,14.231595,17.172350,19.960505,21.092108,21.083618,22.009361,20.037909,16.917385,24.093296,24.422081,23.078386,18.552761,10.892850,14.158473,12.086343,19.130718,24.054995,20.036003,26.145851,28.913527,26.134289,7.752030,24.481314,28.939869,27.185745,17.753162,4.876795,15.359794,15.053004,13.915583,18.641380,21.654797,12.302384,22.136726,17.506014,12.046590,10.760147,13.273102,20.240192,24.032438,20.644398,14.560498,17.811186,22.702518,26.519981,32.015976,29.774321,22.236536,22.075827,19.198742,19.624451,23.762180,26.151482,25.386126,16.936031,12.197529,20.263924,11.509653,12.961103,15.694748,20.414333,22.468615,18.665581,15.074588,21.022114,20.078587,14.129210,15.875677,14.239901,23.302908,27.789461,25.572454,20.151142,9.797181,23.237877,24.687281,25.539301,26.623371,25.993729,24.279947,21.269363,19.052570,15.458513,19.373661,17.258675,13.293262,23.233080,26.495010,27.636066,26.747948,20.673531,19.119205,23.845720,24.974613,5.678762,23.834435,23.101103,20.420752,16.253227,13.589102,18.661491,25.090778,29.025539,28.868782,24.899239,18.070690,14.908253,17.004887,16.648518,21.334122,16.894005,19.093550,19.791616,11.471424,16.412113,10.719122,21.141470,16.270391,16.922832,20.041500,14.870052,21.086342,26.405794,15.981697,17.669439
[0;32mI (12230) ANALISIS_ESPECTRO: Frame exportado | t=11.56 s | pico=49.2 Hz | 64.3 dB[0m
SPECTRUM_FRAME,12.839779,49.218750,65.123520,hann,512,27.005089,32.987560,20.023439,26.961983,27.182074,22.922066,12.152127,13.548087,19.253845,21.668461,9.372674,8.648892,11.131037,15.858193,16.323193,10.943045,22.883348,25.988083,27.343390,35.596302,53.590778,65.123520,63.644508,46.649445,32.542755,25.095701,20.729311,8.316180,12.727255,11.936440,5.328117,-0.559193,15.832525,8.278696,9.303219,1.002564,19.311331,16.057201,14.246004,19.895218,23.477327,29.155849,53.340187,56.614700,47.115673,26.337284,19.683468,15.577343,10.057034,14.072380,7.633882,12.781927,16.777485,6.103752,11.032872,1.392882,10.727785,10.004812,12.888614,17.778286,15.558001,22.187130,25.687832,41.974621,50.936905,47.343536,27.480255,5.307610,6.736234,14.369546,14.532160,13.805763,14.765948,10.478857,12.522797,8.765679,5.779901,11.627612,13.204579,17.178925,18.434959,19.008060,17.107784,18.556841,28.490280,31.129555,33.400707,26.479221,2.549851,10.794791,5.931097,20.352493,19.842802,13.775234,14.610617,16.165199,12.085000,-0.523278,0.748822,1.810966,5.767375,13.300756,12.675758,17.019104,20.301041,25.095177,37.069363,43.072144,36.649612,22.159458,11.106282,12.029199,11.223370,5.884918,9.160284,16.690313,15.041951,10.631429,12.290188,6.189328,13.386446,15.683640,11.361680,8.751995,12.397803,13.280107,23.903049,30.501373,28.731236,30.627815,22.039272,19.938885,12.315073,16.536304,17.925508,16.088009,6.366320,8.981590,9.227880,3.197026,10.348678,9.349854,11.806603,6.834483,10.273878,16.417791,9.310132,19.273455,29.361370,30.586853,16.907059,11.505253,13.268267,14.420886,16.710276,14.168242,15.064153,11.639319,8.366977,9.585758,10.749033,16.989628,21.055000,19.667301,21.687111,16.022387,16.702141,23.767036,23.245995,23.406221,26.849972,36.173542,32.229240,15.673424,22.678740,24.232176,21.517971,17.213610,17.844999,14.157705,13.869761,13.258891,12.798533,21.587559,21.004591,19.022638,18.604166,14.894137,13.610298,20.765827,14.490257,46.695831,50.327606,40.693657,25.603704,11.803321,11.862366,15.707872,7.273571,-2.088915,2.123713,5.961983,9.521493,10.295812,-2.705052,5.483193,5.022562,6.047950,16.504473,16.738144,20.353079,29.206856,52.658154,61.386406,57.748299,33.885960,25.808319,-11.349574,18.598082,20.069263,12.029137,8.930961,8.195326,18.094280,19.514486,15.301137,13.459892,10.536177,6.020793,9.063924,8.668964,15.055872,11.497518,31.171127,46.959187,48.021584,35.800068,19.567251,16.743008,17.872053,13.314443,16.591442,6.984368,14.848696,15.196987,14.468173,0.384459,-1.986012,9.439257,13.993053,10.290561,20.146162,22.079514,19.896069,21.314924,36.305595,40.353756,31.476971,23.057831,20.392637,15.798186,8.220333,15.891023,16.437334,15.089551,16.978462,9.756504,5.811527,10.007418,14.853840,8.631643,1.964847,12.456343,14.743223,11.003830,17.872288,13.455231,24.411621,24.937885,13.543196,9.689008,11.553122,15.656704,19.310591,15.499231,12.908444,11.415070,11.309557,11.491380,6.817995,4.659483,9.568619,6.710176,13.058715,19.814802,20.936161,20.073486,20.525248,31.280191,33.499420,24.022202,8.217240,15.109863,8.129108,5.971376,12.561979,5.134728,3.903992,6.033459,-1.496348,7.577949,2.217016,-0.278841,15.011078,19.583035,18.513163,16.746702,6.633832,19.905989,22.972681,23.646887,23.669737,12.345637,14.245811,10.513813,12.570243,9.815787,1.018506,5.878971,10.440914,5.803813,6.505013,14.162736,17.952925,16.892159,11.814678,3.865438,13.792391,15.761043,6.383514,19.471157,26.412392,25.865463,10.368629,20.251194,21.615444,21.386473,18.703533,10.466227,3.630168,10.725729,-1.088398,8.396150,11.660250,13.661174,17.915176,20.107159,14.622974,12.635112,13.703842,5.247687,19.271358,23.522907,29.747196,26.441895,-1.161903,13.846170,11.680145,11.699635,9.939723,1.047957,6.439195,2.180940,16.313374,18.664022,13.371283,-11.084543,6.632718,14.548470,19.579918,19.051777,17.818048,17.036921,22.501984,37.514423,38.847996,24.205904,16.303839,13.226583,13.212930,19.782326,19.616379,15.207836,-3.001614,12.979359,15.383992,12.539214,13.123292,12.434093,6.942506,10.399302,5.514759,11.749018,12.169476,29.233360,36.423031,33.449764,18.353638,17.020679,10.634126,13.451309,17.559258,13.205990,13.422163,18.562925,20.657532,18.465271,9.363624,17.915628,11.939158,13.502799,19.151787,29.152256,29.948074,25.902954,24.055573,30.115734,28.815222,25.206604,28.550724,30.702944,29.416050,21.847811,16.649040,14.725257,14.779878,-6.862945,14.632557,11.462088,-1.464054,4.494674,12.701698,14.953980,16.300974,14.863358,18.102154,10.747072,30.514719,36.042526,32.149055,23.157524,17.678123,12.269832,1.316842,-0.747453,14.619200,15.627456,7.367173,14.450541,17.496407,4.804291,0.805622,10.409755,1.947313,13.013241,13.885904,8.796217,15.546741,12.341905,22.527893,13.900270,15.886881,14.599062,12.951050,13.110025,12.994279,12.093783,14.456762,7.902516,2.322851,10.616454,9.968721,4.317518,9.712517,8.130390,-0.383257,15.633583,17.855747,16.415937,21.336708,29.111395,27.999512,2.405072,17.839773,14.300949,8.556149,10.682890,4.362463,7.675035,0.635934,7.231915,12.630894,15.453162,12.243584,12.967520,15.210794,16.775930,11.731781,12.013439,16.471256,17.364094,22.513222
[0;32mI (13500) ANALISIS_ESPECTRO: Frame exportado | t=12.84 s | pico=49.2 Hz | 65.1 dB[0m
SPECTRUM_FRAME,14.118957,49.218750,65.147598,hann,512,11.798485,21.103601,21.362917,15.849776,16.435200,-3.558064,22.798752,19.326193,15.826539,16.768330,14.715311,14.501161,14.754948,17.715950,14.060431,17.489603,15.223265,18.448849,24.551624,34.270866,53.755753,65.147598,63.613453,46.457169,32.097477,22.420223,19.040035,19.197405,15.851365,18.857838,22.926741,19.175190,12.931529,14.911121,13.579863,12.902775,16.269196,19.744862,15.419100,13.340379,19.912334,36.253761,54.520592,57.057842,47.358643,28.434082,18.536877,21.859287,23.633459,18.879545,19.893467,25.007517,21.871883,11.837779,7.216611,18.583786,18.041079,9.173009,17.411325,19.817865,18.673674,14.373260,18.143223,43.985348,51.546597,46.573063,18.759623,6.699480,10.820072,18.697701,22.890327,19.290546,21.982376,16.816072,19.982126,22.361164,20.019409,16.075821,9.351998,12.293423,17.675512,22.876720,15.393949,16.969444,27.644232,36.070938,34.402000,23.056274,18.538948,19.667856,9.365401,17.609444,17.910732,19.635160,-0.096541,21.228981,20.856533,18.024975,14.286119,14.181513,19.531361,19.702499,21.482458,20.703503,21.464516,27.067137,41.144924,43.700680,34.554592,11.576692,11.540897,17.461771,13.752823,13.117786,19.079582,19.030588,15.790954,5.807900,16.527565,12.238121,17.291914,16.108452,20.292494,18.558434,10.200473,21.089241,22.590149,32.449936,34.963718,27.352314,19.361908,16.837454,12.733974,14.261084,18.171694,18.538582,19.113026,22.905035,21.940489,16.747898,13.595967,0.923346,11.468651,-4.490000,4.634895,16.672024,19.510601,10.386405,28.289232,35.801079,34.390625,22.943115,15.064119,15.895702,10.320502,-8.067478,15.945006,18.431904,20.866030,-5.725490,14.262166,10.311389,7.999568,20.526487,7.695032,17.224266,9.340151,1.499980,11.755583,18.845409,27.829445,35.397247,32.802391,16.983139,17.148985,20.716782,12.306900,13.052641,15.892174,9.920843,16.156151,10.161300,13.009209,16.957529,14.034963,13.192287,14.996264,8.396652,10.834251,15.440732,19.344357,47.045006,50.958344,42.291313,22.014292,13.348390,7.311054,15.510288,19.948006,8.657959,7.768021,14.305387,12.503482,18.191984,21.654461,17.624372,14.089942,18.370695,20.713776,3.161922,17.049232,27.171041,52.927406,61.351818,57.612923,34.112919,22.915087,6.825746,19.139795,19.767214,20.135159,19.036238,13.496933,19.241409,12.588995,14.806511,-12.015148,4.657543,15.559358,15.323065,0.908793,13.305408,24.415356,30.716373,47.395737,48.428238,37.140278,12.663916,19.187138,17.014101,15.706161,13.011861,11.817492,13.748407,10.558874,21.607311,20.768448,12.622618,18.758333,13.968806,16.927412,14.580306,14.611952,11.537318,24.351181,38.249882,41.423149,31.340525,20.838234,17.231365,22.391399,21.095554,19.607992,21.503681,18.978535,15.380434,14.655434,9.413111,12.800877,8.523354,19.805695,13.144799,9.534371,11.994616,22.215916,19.095051,23.662781,31.615829,30.167227,8.533606,20.833502,9.681381,18.353430,11.558957,14.480198,19.062500,22.602470,17.915752,14.703240,17.338179,18.858580,17.221512,18.327387,19.568903,15.098621,13.748454,10.035630,17.086649,31.224041,30.330240,19.941143,17.764532,17.727715,12.715668,17.801796,16.134705,18.254122,15.846038,18.881126,19.068974,17.114246,22.587519,23.029873,20.587242,21.109182,16.813044,15.757400,14.673286,10.812605,22.919117,26.185055,11.650138,12.400594,13.744064,9.942134,10.584763,14.429340,19.575455,16.248699,-2.378824,16.394808,21.828011,20.543135,20.530996,21.090536,19.400530,21.435259,15.997375,21.966793,19.730682,23.013527,22.013617,22.605900,22.395952,13.248404,17.724016,19.638916,-7.126727,14.532759,13.749194,5.943974,16.190474,17.692131,13.268019,16.641510,20.976751,20.632963,20.118807,16.860950,15.316654,17.912249,28.072617,36.069855,36.998447,26.801514,20.524063,15.346611,18.276571,12.776002,16.952381,12.757986,13.389173,19.234224,18.858698,17.496593,19.013899,16.196686,1.162779,17.697422,16.223537,14.206553,18.659178,20.388384,32.579304,41.878799,39.995583,20.708855,19.015913,15.948863,4.167084,15.046871,19.106552,5.114428,23.199558,21.364368,15.963049,14.656012,10.946714,12.941561,15.372383,12.367606,15.783515,16.556665,18.244192,30.297153,35.459671,32.550861,20.702911,17.067181,15.174482,16.623840,12.112771,13.502474,16.522654,21.233692,16.553057,18.632835,19.191008,12.221713,20.891193,15.905266,17.338320,19.965609,19.788973,18.789536,22.529154,28.755817,26.831547,22.880814,22.306252,17.836115,17.900183,15.331850,14.290744,19.693340,22.275707,19.862747,6.407733,10.916128,16.704479,19.997601,20.945534,6.567771,9.680406,-3.694118,13.760366,19.519802,31.135796,31.380890,25.618954,21.349833,20.252052,22.289953,19.246555,14.472856,16.492559,19.138655,19.650841,18.890793,17.695042,15.626708,16.804062,3.805077,15.145479,17.506340,9.734431,10.315186,19.089653,26.272490,31.616978,30.358019,19.761065,13.330893,21.916134,23.620098,25.266645,22.955399,19.757776,17.965294,10.295797,6.333632,14.633698,16.245638,13.607195,19.003193,17.110497,13.944212,16.304737,10.977407,21.792835,28.809219,21.337378,22.393015,11.280842,12.419893,16.650837,15.301701,10.667307,11.503037,12.604103,15.278087,8.414396,8.226995,11.172386,5.328322,9.312654,15.114738,6.587352,11.983814,17.915108,12.403008,15.928299
[0;32mI (14780) ANALISIS_ESPECTRO: Frame exportado | t=14.12 s | pico=49.2 Hz | 65.1 dB[0m
SPECTRUM_FRAME,15.398139,49.218750,63.455132,hann,512,22.283680,19.369429,15.535694,-1.519612,20.362633,23.270786,17.584303,16.500259,22.011574,24.836441,23.245728,22.586197,24.478168,25.393019,23.340818,18.330940,19.146727,18.400486,20.615459,32.780518,52.002319,63.455132,61.988647,45.519096,26.687870,25.134661,13.995872,20.507092,11.764338,14.819269,20.495537,19.450710,15.995350,10.041131,11.037628,19.634148,20.361889,17.734425,4.707917,13.157449,16.848080,31.955606,51.832253,54.508774,44.697044,22.663429,14.489840,11.475845,16.779539,18.822927,19.905113,19.081585,21.565613,16.971439,6.719422,11.928473,17.817514,21.901909,18.780066,15.955000,9.682901,4.629550,20.060205,43.501617,50.861248,46.267708,16.896116,7.972954,10.392452,4.721110,17.276161,18.794670,13.261872,7.882197,17.217581,12.390183,18.070547,13.570171,15.796244,19.778770,20.761349,15.253681,15.138732,16.439461,23.734743,37.449497,37.889523,26.525003,7.756018,14.463167,-0.057037,14.188898,12.392083,14.355842,7.592566,1.989050,10.550033,12.872826,-15.841064,15.739300,15.103018,15.458393,15.641466,16.326704,19.485081,15.560494,35.447880,41.127579,35.197735,14.090769,10.749380,15.041905,18.339327,17.565903,14.238320,18.891619,19.773968,9.688448,16.340267,20.563679,21.312611,18.226994,17.865597,-0.121134,11.923455,9.702589,8.962013,21.835979,34.995441,34.707798,23.427227,15.987688,17.199276,-3.553839,13.174310,9.193831,20.278381,15.143335,3.920329,7.122131,3.851671,14.656851,17.714108,20.462269,14.065140,5.111133,17.077177,13.470916,29.352493,37.587971,34.973492,21.149195,14.893663,17.813786,20.638275,20.172985,10.042074,20.946171,16.653147,11.700640,-0.887460,13.857378,9.795663,7.138330,14.026033,12.676708,14.030232,11.110396,-8.356234,13.912531,29.907019,33.296673,27.112938,18.164770,7.431808,16.358191,15.146921,13.472897,1.305632,4.475853,3.980139,13.802587,15.711551,8.828575,14.277515,16.263767,7.533194,17.777956,18.922991,3.670927,17.414986,43.442329,47.522968,39.335587,16.248318,13.379207,6.939463,10.807567,4.291853,0.662113,13.291843,11.267295,15.040827,15.571260,6.941685,13.540089,17.275553,12.112577,5.252526,11.941879,12.389797,22.652063,48.667370,57.073830,53.203781,25.930931,22.177675,20.851439,15.656935,9.782098,15.609310,14.480420,19.983185,18.960293,12.181738,13.656969,10.143284,0.116674,15.902476,17.988920,8.319131,8.314226,19.167097,29.779766,44.965561,45.884331,34.423466,15.719885,19.807302,15.816747,9.373044,10.469450,2.591009,17.659834,15.277738,13.315822,4.569302,-3.796606,11.533703,11.364119,11.378729,-10.363152,-0.783318,5.321674,3.785316,34.926502,39.473892,31.310844,17.607576,3.629107,8.759051,11.882936,12.849522,8.713459,-1.764872,-1.365821,7.616638,9.143274,2.959378,15.542521,7.977256,7.672800,9.467525,9.851159,8.254148,6.812802,19.558113,29.569839,29.423649,21.153481,9.828560,7.371228,6.692380,11.070186,10.466595,11.708827,11.404669,8.584473,8.519976,10.049803,5.049648,3.408090,8.570713,10.917368,12.814341,7.212727,6.866192,5.397658,28.231182,30.831894,19.489876,10.122404,-1.008933,5.003434,12.916952,10.866771,-5.071842,3.198642,8.252831,14.884547,11.908263,4.648322,9.722167,7.680387,12.237913,15.989455,10.894325,10.289493,4.779484,24.431992,30.382530,25.281887,7.605417,8.961155,12.201329,9.497288,7.722088,9.326476,5.649905,7.529409,5.066539,9.536248,16.076057,17.614246,12.164087,-7.840666,-9.892512,2.119181,5.059314,15.329264,23.797838,28.759251,24.623568,5.155947,7.123108,8.369602,8.399441,5.920396,8.687782,10.112834,10.723997,-5.202611,5.436363,0.404450,7.061950,9.339507,10.130165,14.680089,15.460478,16.585468,12.269293,17.899324,19.118025,20.711014,22.268204,7.850549,8.852886,10.497578,11.056629,3.095252,-3.375639,7.872307,11.946928,9.157264,6.511825,13.094976,7.589325,4.589229,13.307878,12.983707,10.627222,11.952415,7.768355,26.174335,31.103806,25.605173,-0.638257,6.128004,4.820945,-2.181393,1.165466,8.900930,0.069172,14.406153,16.227268,13.247065,12.040051,2.656760,10.647062,11.163948,-2.081210,5.452624,8.498247,13.826798,16.954723,29.297190,30.838863,24.821451,1.173696,6.151286,6.980671,8.824815,10.788649,-4.154945,11.336874,6.360541,0.758319,10.886069,14.843292,7.616728,7.238240,10.138659,1.570556,9.316600,6.804331,19.916021,34.216160,34.692684,22.168579,11.332574,10.004684,14.430988,10.554884,6.393473,9.988357,8.021366,6.456201,2.874869,3.706106,10.492085,9.443883,8.770550,9.416175,7.131562,-0.318159,6.487720,15.308817,30.846584,32.345150,23.871597,16.664989,12.952370,10.903997,7.408014,1.617233,-7.799072,1.705558,4.596328,12.089916,8.329294,3.184924,0.920726,7.538232,9.847141,2.466731,-3.238011,-5.574769,-8.168175,21.016333,30.071489,27.631929,15.479288,8.733246,7.914756,10.019497,4.755873,1.497604,-10.379170,7.317674,-1.093598,9.352275,5.568283,15.250790,13.526250,9.646293,12.051177,12.810955,12.466787,7.400047,23.051422,29.817863,24.593870,13.393164,0.238750,7.600058,8.607821,0.258304,9.012085,10.717764,10.364220,10.688623,12.377957,9.243775,-1.636107,5.546549,-6.100583,0.426203,-1.385779,-5.387483,0.399905,17.021666,28.305719
[0;32mI (16050) ANALISIS_ESPECTRO: Frame exportado | t=15.40 s | pico=49.2 Hz | 63.5 dB[0m
SPECTRUM_FRAME,16.677328,49.218750,63.097786,hann,512,27.916328,29.798817,20.477222,19.218861,15.316840,14.179333,19.632713,24.390579,27.001938,26.198862,23.943089,16.095560,23.447811,24.379673,22.689333,22.843658,17.741358,23.635479,19.162910,33.929146,51.188808,63.097786,61.748055,44.667267,32.345863,17.146410,8.811604,14.297542,17.587967,12.103562,21.933897,19.473898,4.834936,21.214046,27.244591,16.866005,20.906357,19.322340,22.750347,20.780756,26.460735,31.762045,51.855473,54.650021,45.526291,14.658947,18.893328,21.793776,19.761164,24.505899,25.100039,14.614265,26.036846,21.478827,19.967026,25.419786,16.696463,16.336189,10.332850,9.729767,11.633261,25.745705,26.928802,44.167603,51.011711,46.640968,25.716188,27.875546,28.321507,28.534657,30.164684,30.757080,24.593914,18.674961,16.261799,20.344727,22.413652,20.315884,21.758007,14.243035,12.040171,14.649689,17.260040,9.743788,27.858955,37.216419,36.796806,26.584961,23.812153,19.471142,22.987911,26.080769,25.622250,22.756498,19.474155,15.343428,21.196880,21.453753,15.559417,22.857662,23.290997,18.597872,16.388075,17.782093,19.965528,11.783957,41.077583,44.588428,36.661869,23.657209,23.723955,20.727318,15.266123,22.107643,17.378218,18.056873,14.885968,24.024193,22.928577,17.892220,16.157963,24.582863,22.818213,16.181097,23.122265,24.834457,14.146231,32.013790,38.279758,33.818684,7.572436,23.519257,3.894299,20.730145,16.596577,10.224871,24.662706,26.674368,22.712114,14.504060,15.260279,15.352067,16.527098,17.648813,10.339127,21.394489,24.054949,21.962315,28.234352,36.432354,34.389706,18.076565,14.916162,18.017256,11.911621,7.973762,20.283184,14.549273,7.256894,22.518143,22.883228,5.399022,16.104099,16.859272,3.768610,13.465537,18.068220,11.633883,13.669662,3.349891,24.466925,27.864037,20.972960,21.192974,21.324444,7.447967,24.218536,26.279898,19.208355,14.369465,18.867527,17.359644,13.803058,6.314232,20.335690,22.965071,19.696171,15.935488,19.176786,19.720098,27.095957,44.241768,46.405331,35.993019,7.936364,24.522598,26.004951,13.199976,25.988663,26.212379,22.540981,16.564531,17.345774,13.745321,23.564674,27.214302,24.858246,11.746328,23.969515,19.147831,11.042222,28.702993,49.071823,57.646767,53.778023,27.157284,25.380611,20.050982,16.394646,19.285622,23.020901,19.234150,15.042191,17.302471,16.096159,16.299179,17.972639,15.818415,18.495855,14.978327,11.002062,16.227528,17.402533,31.363127,45.299648,46.117836,32.720425,25.463158,15.051949,13.189888,7.725944,16.398376,17.174025,8.234376,10.559884,16.283752,18.249762,2.326945,9.447882,14.178524,17.571701,13.407818,12.543173,15.762100,14.716620,33.345951,40.044865,34.587341,16.996170,15.620438,8.609844,-8.792772,12.342233,11.270678,12.618996,10.820664,9.893095,13.806564,16.193869,13.550289,8.186668,15.543920,9.900534,14.153533,10.011330,15.299506,14.718668,14.084141,21.499039,14.032454,20.721209,21.843487,18.066568,19.195097,15.788051,11.837407,2.338266,12.216769,14.661975,15.666319,14.926954,19.896334,15.487024,11.840876,15.042650,2.153560,17.687279,17.310547,30.070326,30.977264,17.430931,4.490197,15.712526,5.945446,-0.273582,9.101846,3.749299,11.825905,0.401522,-19.719486,4.372634,11.926571,16.896610,15.046926,10.102042,-5.577794,11.980200,11.268840,10.258333,24.988489,31.770382,28.015472,15.419048,14.685804,10.238352,15.729141,1.263605,8.331443,7.343001,3.091629,14.501047,18.480183,13.193855,11.012163,11.434196,11.623435,8.468184,10.673441,8.928732,4.113903,11.563990,17.438282,22.422909,19.921562,18.484360,19.237509,15.109602,5.558658,18.480474,20.233128,15.319395,13.682230,11.328149,11.407362,11.642303,-5.198240,9.316457,12.379828,13.163761,12.919202,10.998055,12.957559,24.573944,19.314180,15.733274,12.111888,11.979851,15.468927,11.821615,7.188241,-18.807638,2.005844,10.503868,15.493086,11.872922,11.012039,10.848838,5.780389,11.718100,9.640869,-8.277555,-1.845746,12.673809,21.145954,21.342495,20.895512,15.974957,8.091327,15.729422,14.252797,12.599581,14.122158,7.207109,13.850760,9.653068,7.521767,5.706758,9.503052,12.037247,0.479416,10.540665,9.912204,4.766595,-1.584590,23.636953,26.533449,20.279768,22.341766,11.209635,10.328053,17.278973,12.444195,7.322357,9.911958,-1.075754,7.874355,8.562747,12.551573,16.006025,12.617567,14.265125,19.800323,18.713409,11.176262,15.547913,18.458759,32.230721,30.386070,18.452774,4.980424,-1.682164,11.753859,13.548656,10.690106,12.008141,13.547424,-4.140934,8.729735,-0.678761,2.326135,11.978931,5.029513,5.730556,14.376709,15.794202,11.382456,11.705360,24.676123,31.649460,28.559486,16.580469,10.059593,8.293791,4.608197,14.225281,14.316843,1.089067,10.291839,7.993611,8.821051,14.974881,14.346102,10.328244,16.274860,11.660504,14.406403,15.134121,15.505611,23.756287,28.241816,23.901968,15.646221,11.207401,11.141301,9.854194,3.676033,6.854620,6.716371,14.916841,16.380236,8.933937,11.579256,15.532629,13.700295,11.202911,11.912291,6.692252,10.415907,17.872787,23.556421,24.040926,21.897802,15.730261,11.248451,12.537558,-2.198842,7.656362,9.517261,14.622588,15.803041,15.951004,13.180311,7.849114,11.243720,10.955758,12.779404,8.554820,9.726587,4.777094,14.908154,16.258177,18.074444
[0;32mI (17340) ANALISIS_ESPECTRO: Frame exportado | t=16.68 s | pico=49.2 Hz | 63.1 dB[0m
SPECTRUM_FRAME,17.956512,49.218750,63.916916,hann,512,25.040285,26.869080,21.960930,16.812111,14.650763,4.452900,15.510312,8.916052,6.966466,18.255123,7.439814,21.726231,15.724033,4.040528,6.643109,14.558314,14.223832,16.722015,25.234119,33.022694,52.495102,63.916916,62.393948,45.386501,29.975130,24.236486,14.648937,17.566536,18.058290,12.705503,5.325176,17.759695,18.048346,8.265785,7.980515,14.029972,17.192547,5.536179,13.583547,10.437421,22.661942,32.675674,52.673306,55.676006,46.677658,19.865679,21.464512,17.912067,15.753548,16.959091,18.191635,7.086756,20.802589,15.254766,17.203945,15.142406,8.192958,3.265936,6.273184,13.379459,9.457222,18.988964,22.645348,44.350910,51.531059,46.831673,11.943956,17.484608,8.624905,10.922377,6.673959,10.705090,6.033565,18.535828,24.451235,20.608883,15.858680,19.004723,13.087004,14.253693,16.349743,17.281702,15.393501,22.737734,30.760489,37.937138,34.670322,14.391459,19.641253,14.134550,13.566666,19.916292,20.693853,11.531527,15.209890,16.472973,18.758293,11.030721,11.491113,17.431232,16.988110,18.612492,22.165918,15.024442,13.054441,20.744028,40.716934,43.583366,33.487190,21.996355,10.548651,20.310747,21.089937,7.854335,13.465295,14.148370,2.964552,15.168064,13.459325,16.567932,17.728699,9.180046,14.121056,23.611795,19.697191,5.548081,13.687286,32.113857,37.409328,31.669971,21.819321,11.191847,11.720300,16.748331,15.506348,9.540273,19.357189,19.697395,8.230989,17.780930,20.203581,18.284380,14.289351,11.050644,11.731118,14.134684,18.633347,7.678881,25.954357,35.119896,31.268156,19.687992,14.686182,4.838822,10.793381,9.977482,12.949885,15.291208,9.270973,20.068668,13.107451,16.657509,18.030054,14.893846,14.920297,15.343687,-0.544655,16.722925,11.431482,14.725273,21.055206,31.186840,27.625595,11.590075,11.969252,1.754601,11.323462,8.731134,11.705324,8.232100,16.327389,18.129045,15.503169,16.297976,14.281971,14.597721,19.700562,18.094933,-2.378368,13.644985,23.951397,46.292454,49.998547,41.940140,8.744350,12.683392,-4.975418,11.828390,13.420568,17.312757,15.983818,14.763088,15.628719,19.442776,17.340166,5.492568,11.069117,18.420681,20.551397,13.430387,13.419088,28.163404,50.750484,59.519497,56.046234,34.024841,23.698421,16.655334,16.208033,8.096387,14.402857,12.032486,10.385916,17.364008,16.387688,17.552784,11.983552,9.173779,5.793493,16.447302,20.594852,14.787422,16.738298,30.346518,45.159180,45.239372,30.974894,12.104906,18.566597,16.263102,15.469259,2.337069,7.016113,8.331457,16.643585,20.346415,16.455061,14.585608,7.702013,13.397005,6.784460,4.429969,-5.257463,15.710199,21.376251,36.291496,41.091492,34.788776,11.193923,18.349030,17.622709,8.870746,17.375151,18.252258,10.451345,-1.511738,8.982658,14.476538,14.021164,5.325496,12.267315,5.384452,4.135835,15.965127,12.638748,-3.664214,23.080233,30.737949,27.413486,7.552117,17.143036,7.977102,5.287013,9.717456,15.069553,15.335796,12.614113,-5.838409,12.132865,11.274934,9.476794,2.104773,11.762571,10.391269,10.399426,12.809392,5.946837,0.156190,32.141418,35.448517,26.741381,13.907009,9.156105,9.943001,-3.485003,-0.270898,4.748989,15.939189,18.292711,10.420956,8.231162,8.852140,7.829485,-0.598681,11.887295,12.624294,8.491956,8.571657,9.574217,24.520281,23.298567,20.488808,19.438057,11.540278,12.141360,17.351204,18.336796,15.390186,4.657223,5.809057,10.991526,11.391922,11.281962,6.381711,7.649199,11.244000,4.993794,13.075547,17.179443,12.179450,16.974464,26.951900,27.322161,16.945745,6.255424,8.242038,11.656026,7.427528,-5.123595,8.518574,14.588500,13.596586,0.975938,5.310850,6.510118,7.498289,11.369514,4.560598,3.801042,-4.190384,5.296036,18.867702,34.232552,36.238731,28.387640,11.415836,10.353379,8.676674,-0.725117,8.824728,9.328860,-3.895391,-6.014141,7.451626,5.624111,13.264667,4.156221,15.569562,12.998808,8.806176,0.332826,13.020918,1.169689,30.295254,35.701588,31.367649,12.035604,9.868304,7.413525,9.182417,-9.395265,3.301404,5.125574,9.669686,10.428303,12.933187,15.048689,15.638877,15.382931,7.880874,7.332829,10.724524,13.013556,15.551232,24.577206,34.879669,34.538921,24.960007,9.051303,4.092612,7.214541,6.188994,10.592413,16.661972,14.160523,9.849791,10.223168,7.757010,-5.464826,3.997077,1.796001,3.675521,8.742048,11.167169,7.195788,21.424034,31.294136,27.198078,17.443737,17.414997,12.740700,10.425033,7.884952,-8.737301,3.680275,-22.061796,9.443938,12.387299,7.751124,8.914971,12.612316,-0.490105,8.384734,11.727919,14.313709,10.977950,9.865857,30.405561,33.321785,23.854229,7.054396,15.379373,17.532766,15.566242,7.428775,-1.888865,3.367323,12.733639,10.761409,7.362257,13.799310,9.149021,6.328400,13.423615,12.538653,9.848564,9.752667,10.976343,16.767029,21.304337,23.225367,17.264700,9.903162,6.147765,12.542342,10.877242,10.052065,14.234650,13.340754,12.342854,8.013095,5.839267,5.710835,-3.613900,9.080061,12.010395,7.712321,1.630759,2.683809,17.473928,32.279991,34.637371,26.958736,10.192932,9.998535,8.840370,-2.192905,6.823091,-1.588032,6.264895,13.935373,14.731848,-4.925423,14.456846,14.094475,8.991825,7.002143,-2.276425,6.535413,5.416488,11.372508,21.026258
[0;32mI (18610) ANALISIS_ESPECTRO: Frame exportado | t=17.96 s | pico=49.2 Hz | 63.9 dB[0m
SPECTRUM_FRAME,19.235691,49.218750,64.455215,hann,512,7.575354,31.386786,25.869221,14.498224,20.226900,22.336170,17.997381,16.634773,25.414597,25.289043,24.540606,22.873526,20.975414,23.103546,13.571121,15.965072,21.068689,24.013300,23.490046,33.268707,53.075737,64.455215,62.953667,45.753746,33.628895,21.993792,23.267405,19.807392,14.231673,19.722980,26.735239,21.260567,18.442303,14.829655,9.257045,7.849975,5.214825,18.884275,22.757298,22.030018,-1.598372,32.144218,53.100018,56.244476,47.081394,26.134609,13.453186,19.941334,22.485310,23.529507,21.182465,26.930912,24.822313,17.913105,3.108862,19.696268,16.918667,8.356773,12.619099,13.872120,18.697277,14.809313,25.243000,43.212059,51.540264,47.349678,22.302092,25.773270,26.153152,19.380112,18.339058,24.762531,12.822088,25.980530,19.163324,8.071671,22.053747,24.897585,18.608305,15.246914,10.809723,18.277443,21.533722,21.314884,15.340844,33.730679,35.673649,23.969830,18.649866,22.429789,21.686565,17.554283,22.024563,19.822819,18.135372,14.263777,19.469952,16.551067,24.254534,23.983170,23.836243,16.634979,14.540124,3.487299,23.275677,22.637257,36.552277,41.570019,34.244884,21.784969,23.098394,19.780073,9.440086,21.724838,22.317953,17.362394,21.453802,20.560102,21.367056,29.476423,25.157238,29.074196,28.856812,25.642538,26.414177,21.007744,21.186590,26.627043,20.315857,30.841942,31.070396,29.275513,29.864029,13.389664,23.954166,19.972252,17.587265,19.152798,15.437145,8.105407,14.743186,16.697542,17.224354,19.065903,11.230702,19.810116,19.327646,8.169030,24.304859,30.308167,27.219809,24.172480,21.549889,26.243639,17.841303,20.198463,19.874866,18.727665,13.969589,13.978388,13.425746,19.358866,13.675385,20.090368,13.424202,10.486719,18.296658,21.552929,18.802412,15.504171,27.250080,34.349609,29.282234,18.397923,24.122484,24.663088,21.066437,15.230648,4.851513,14.235252,16.664322,17.557592,12.539310,13.705872,16.816042,15.751753,10.060859,11.382711,13.596106,14.711514,21.818062,46.462399,50.415733,42.383972,16.432018,22.093510,26.135084,27.448971,25.512398,18.783131,17.754782,17.185911,15.842408,18.019119,19.196016,15.490683,16.617538,5.465651,12.081255,21.598675,14.354263,24.593285,52.078735,60.504944,56.869194,33.052055,23.002340,5.988603,16.870672,20.992397,8.734931,9.788117,11.725816,6.452808,12.103639,3.924772,15.907613,9.362604,16.859547,10.361495,0.168186,11.398737,19.736540,30.509151,46.713623,47.737434,34.987911,22.887831,2.578351,-1.126001,10.237975,15.631573,15.555351,12.480718,13.300711,5.288863,9.220557,14.047317,15.819347,14.282680,19.670547,17.539450,11.757725,16.175182,14.923742,33.903954,38.893215,32.103939,16.714922,16.781746,17.011280,7.306774,14.465624,14.968729,13.760603,11.041637,10.399181,0.702980,5.590405,11.112806,15.398108,-10.281943,15.219889,12.318343,18.043400,11.821647,20.422218,25.916008,22.682188,18.632633,18.227022,15.798237,13.807431,11.992134,13.062577,18.927763,19.796856,4.595676,16.661137,9.722506,13.739189,12.330934,10.836163,13.594007,4.195996,21.737598,20.365082,20.513885,29.545004,32.999973,21.900579,20.999420,13.786569,13.597375,4.377372,18.752287,9.611846,14.544537,5.878899,16.365931,13.856422,12.446245,10.729191,16.564514,14.934580,9.965289,13.010786,-7.243000,11.001020,21.756912,29.944389,26.604853,18.778963,19.139923,16.973970,11.814022,3.970881,18.284285,13.875836,6.295081,15.790477,17.025806,13.736357,19.573038,19.553272,22.159597,18.700026,13.273416,18.277273,10.722884,21.059002,28.518166,24.352304,16.429651,10.524169,8.904629,3.515601,4.534815,12.095438,18.948254,15.940142,8.001219,18.917873,11.421275,18.687992,17.805458,15.499135,19.963854,13.259835,12.456856,12.728010,18.387217,30.567007,31.129082,21.005678,2.123773,13.829608,16.720514,15.370206,15.510112,10.762302,10.801174,16.127399,9.427061,10.683657,8.329172,5.124815,14.434862,14.704008,14.407884,15.854338,10.444633,18.678591,26.132061,23.677492,20.719952,11.869997,11.925134,11.900496,-2.536573,18.306538,12.871914,10.342690,8.679267,14.728054,18.347202,15.621700,13.895264,9.003007,16.779531,14.179934,16.639826,9.338484,8.237952,22.505751,31.178360,34.311642,25.598963,18.946499,14.351892,12.960674,10.083534,11.732764,17.963348,17.349695,17.365871,12.653343,16.340380,20.801485,17.334797,8.231871,12.158605,14.377615,20.426048,7.196365,27.247972,38.603447,38.933315,26.035290,-0.074166,17.193676,19.904650,3.635464,18.410118,23.139721,21.960924,14.843891,12.968526,3.148419,11.990457,17.208267,13.419641,15.187489,10.121992,0.929924,16.967236,17.016809,32.718487,32.473423,23.292698,13.435597,16.780642,14.955946,14.955910,-0.753267,9.832766,7.621028,19.001602,13.328038,18.750919,18.002558,12.556833,17.962959,17.820948,15.191881,12.915142,17.091301,20.650217,23.294968,28.967266,30.162426,17.803022,14.140925,2.626821,12.462568,6.735692,11.785028,3.737619,21.597139,17.289217,12.908216,12.547661,13.600887,9.827583,12.594642,8.812648,12.718477,8.555914,11.877166,19.136017,26.474085,24.735403,18.862476,18.988520,12.731922,15.693788,3.861547,9.809465,17.452595,14.339837,-0.879226,14.199045,15.603352,11.961477,17.086205,6.069469,12.752367,9.798670,11.955961,7.532157,18.573414,24.994974
[0;32mI (19900) ANALISIS_ESPECTRO: Frame exportado | t=19.24 s | pico=49.2 Hz | 64.5 dB[0m
SPECTRUM_FRAME,20.514871,49.218750,63.943409,hann,512,19.540701,12.500122,23.741074,31.370186,23.218069,26.844830,27.308523,26.198942,13.231400,23.382204,19.773418,18.491919,22.336033,19.919102,23.778601,26.641150,17.969971,24.587379,23.479210,33.483929,52.378460,63.943409,62.527691,45.869537,32.347534,25.796680,25.666260,26.466780,25.508175,17.934620,25.571842,24.161743,11.626129,19.746426,25.370876,32.509964,31.816338,29.907494,29.570715,16.228649,31.766932,31.862640,52.652237,55.822659,47.372166,29.051836,23.529194,24.378126,26.564619,27.139252,26.484650,22.204514,20.480555,11.703767,16.030901,21.579540,36.065273,37.490429,35.617298,34.562988,29.584938,35.717972,26.437132,41.460426,50.455101,45.980930,30.976604,27.556925,24.163231,18.147358,24.081036,26.819389,26.260118,18.952690,18.614084,15.046367,6.129010,25.919294,30.135544,31.093712,30.431623,31.625174,23.906145,20.162216,19.877117,38.185535,39.997829,31.957712,29.548227,31.983402,28.928129,20.374187,14.340323,21.365456,14.115663,25.020241,27.946201,24.379978,19.680458,27.953030,27.247000,22.544689,15.323862,28.638418,31.314323,22.121851,39.847374,43.683147,36.609627,26.024439,31.837334,30.119564,29.654121,30.764906,27.616203,24.258102,27.281452,33.513844,32.864349,27.236382,20.857714,26.302393,30.097027,25.156967,21.049023,26.776266,32.366642,35.536526,40.291294,35.430214,28.762669,33.656036,32.952576,30.382092,27.236116,23.925621,23.206768,23.584068,24.636673,28.695805,22.538170,19.628082,28.742178,30.890144,29.522442,19.136847,25.393787,29.713223,28.214148,37.431179,38.742970,25.169191,25.935774,24.136915,17.563112,16.680832,30.448771,32.767902,31.900721,23.065290,23.419771,21.682098,20.943913,16.881823,26.106182,28.429430,21.443064,17.850687,23.212927,23.401947,28.481239,32.401154,26.117554,26.053350,28.582726,32.514034,31.806942,33.079903,37.190098,39.104839,32.303108,13.466972,22.515289,27.988482,22.481606,19.133085,25.777739,28.578856,29.283512,27.135069,22.980946,19.462702,28.031384,31.099049,32.994694,33.853512,29.605854,28.381624,27.076950,30.231270,31.714596,29.529324,23.987831,17.902725,18.776131,25.586264,26.758299,15.946497,24.554276,26.628929,24.208977,24.972075,25.244095,23.815811,22.837044,19.406113,29.283947,30.319969,31.174213,30.528776,18.595926,14.309945,18.867702,29.052223,31.361984,21.251232,25.337219,20.396782,23.495369,21.576550,20.836353,20.288067,26.925943,25.616533,27.301245,23.329487,24.804539,11.034408,15.254550,10.112787,21.567945,25.827057,21.942741,18.716076,26.621485,29.661480,23.757881,18.553455,22.323896,21.663511,26.833403,30.242359,29.914215,26.226849,22.020210,19.409975,25.129374,27.500153,16.004179,18.137562,10.196068,13.080517,10.487635,16.121176,15.475822,19.074190,14.120502,17.966433,21.595848,18.819170,21.243914,13.489022,26.364223,25.625345,25.939341,26.552891,19.922310,16.975245,24.032457,19.888485,10.856322,14.649524,22.356972,14.925028,22.312735,25.354774,23.014328,11.840595,2.854410,18.969864,22.849379,21.049959,17.577383,27.323029,29.377792,22.157955,22.994068,10.022378,10.026373,19.406925,22.776831,15.678569,16.817352,21.633564,22.015936,20.838768,22.012674,25.077513,26.914803,25.924292,10.341270,15.552917,9.651928,4.839398,22.621300,26.810190,22.758556,18.427908,11.091729,23.011492,12.734764,10.568159,18.028751,21.381378,19.355543,17.747602,22.915897,22.860405,19.281496,17.521608,16.257584,14.164188,9.273835,19.898439,23.985712,18.426899,29.313942,27.384464,22.918617,23.790293,27.092690,24.760822,17.155561,22.569845,16.962564,20.631947,21.776468,15.693447,5.264125,4.727797,18.719254,18.853447,18.846809,21.619335,19.621742,23.336281,19.048859,19.974018,21.812710,12.071605,6.063018,20.077801,12.564088,22.618908,24.078543,14.788750,14.397972,15.630933,-0.039544,9.203893,15.688745,21.788322,24.600050,22.926523,21.411589,24.492579,22.087687,13.355871,18.866985,19.159590,12.271687,12.002387,14.051953,5.163348,19.064936,20.571980,19.097418,16.891743,7.346433,0.032448,10.982340,12.110877,14.670298,14.130705,7.482424,14.859079,21.634018,25.640923,25.391195,20.016975,8.380189,13.678035,11.201099,12.179815,15.390205,1.654048,22.550545,18.991695,9.114460,12.970376,-5.817027,14.044420,10.097240,16.437943,20.885895,17.368122,12.644281,14.910903,16.992872,15.732729,6.101286,10.893750,10.857693,18.932907,18.708918,12.741513,16.756475,17.111000,3.814026,12.469755,16.637547,16.140621,18.816774,13.545849,10.391983,15.910496,8.130807,14.236795,18.558060,15.671053,10.844998,15.257007,17.501781,15.416718,17.361605,19.198753,18.948507,13.574796,20.794605,22.497671,2.804345,9.233210,1.773588,16.355412,18.657167,17.254145,19.095633,17.961557,14.607711,18.824858,18.907200,20.548500,22.276117,22.218685,17.814812,16.278915,17.143877,19.512049,18.691183,9.359842,4.157035,5.473239,9.628645,15.044211,12.661014,6.456857,14.510297,9.779016,3.922266,12.096009,9.319593,10.793678,13.134894,21.037510,19.974236,18.561064,11.155978,15.035056,18.770679,18.225872,17.773911,6.749623,15.807142,7.167509,13.215805,15.625091,18.074768,11.826389,9.005570,7.653313,13.636089,15.264330,10.134144,10.360243,13.912173,16.126497,14.331752,11.156670,12.244108,16.507812,12.595730,11.655884
[0;32mI (21180) ANALISIS_ESPECTRO: Frame exportado | t=20.51 s | pico=49.2 Hz | 63.9 dB[0m
SPECTRUM_FRAME,21.794043,49.218750,65.069214,hann,512,23.087612,24.721249,21.459303,25.173641,24.140957,26.102608,28.203753,25.919144,22.033775,20.031864,21.860258,25.557291,24.183754,23.245880,22.904369,26.007584,23.564177,25.658043,27.701450,34.137344,53.384521,65.069214,63.690132,47.345215,27.428705,29.267397,24.495647,25.269087,20.257877,19.243391,22.165297,18.418028,18.740276,18.529167,15.002270,15.189628,23.100843,20.926205,22.073093,20.257153,28.557272,30.461868,54.666599,57.819920,48.379120,25.853737,22.262671,19.041246,17.068213,14.235444,19.618820,18.437389,21.830643,23.509003,19.291969,16.652033,19.957584,19.645416,16.765116,21.815550,21.809502,19.875740,20.660946,43.730202,51.114258,46.714230,14.765615,21.665096,16.451323,18.283527,15.911562,18.209520,20.674973,16.803354,18.015562,20.892313,18.827204,11.800020,9.194174,17.761055,20.360853,17.871048,9.178108,28.406408,34.744846,33.007366,30.096970,29.700129,25.040123,14.928489,13.442355,12.483789,13.493852,10.764790,14.671974,2.789778,2.023048,6.657844,12.243250,14.839729,14.472429,16.174038,19.845884,11.986032,13.007292,19.622404,39.067719,44.013691,36.754192,23.059042,20.812180,16.345833,17.223680,10.364944,13.175134,14.751698,11.947331,7.920883,17.353098,17.403143,12.365885,5.858362,7.769052,11.586712,19.882599,18.372574,10.573224,29.509129,35.491928,31.794176,14.340160,19.158823,11.424551,12.893013,14.203267,9.999983,17.612606,13.519496,1.484170,10.713436,14.606000,10.342476,14.981993,20.737782,18.853773,20.804482,22.645357,20.570383,14.131118,31.307211,34.356678,20.176643,21.186087,11.524755,15.187856,15.791812,8.271012,6.652081,1.458194,11.480427,-0.730302,9.665560,14.666085,11.570635,12.448491,2.910477,13.479785,18.981268,7.255234,18.670208,39.977497,48.892216,45.724979,24.310604,14.401187,19.802212,12.752960,15.758739,15.730391,16.173367,21.063114,17.457056,2.653818,16.646461,17.148361,16.920355,17.482721,16.310839,17.319658,18.250492,14.717221,22.031286,33.035690,33.834564,25.151709,16.909019,15.975554,13.082119,11.860317,4.906329,8.164786,15.032299,18.100760,9.503703,13.076900,12.066284,9.242105,9.231046,6.337071,3.406449,2.791958,15.618607,23.026646,28.686287,28.298243,6.194168,18.772989,7.322110,7.890501,11.020354,13.313994,6.038357,2.520340,5.418406,17.356247,14.509974,8.477902,7.933542,12.873070,12.736986,7.130002,17.158474,15.509005,25.321758,30.458582,30.645592,24.200371,14.161848,11.993511,11.993896,14.804730,10.517170,-12.322125,13.312771,14.476311,2.859679,13.695455,14.766997,5.070728,12.204098,14.772236,5.791368,14.054660,16.899261,41.161293,49.124474,45.340721,24.851955,28.168167,29.135637,20.276646,18.573441,17.362890,-1.595172,18.799507,22.160528,15.606198,13.774263,16.695669,13.094545,10.057974,10.892028,13.365179,5.847383,8.350502,7.372890,23.556019,18.204247,32.119827,27.461061,20.020639,19.107458,6.089138,16.257235,14.524179,7.969699,2.030148,8.628275,-3.551862,6.187121,13.589022,9.685603,-11.295822,5.512940,8.930349,-2.812129,9.654024,16.501797,26.815617,27.001411,25.881691,17.855436,15.827464,12.271315,0.938760,6.816108,8.662204,6.613735,10.818140,9.095516,11.204746,14.027873,6.707666,14.573345,6.491074,12.503126,10.528463,18.128265,18.472374,19.174463,27.543465,29.842922,22.941368,11.650137,3.975231,-4.161189,12.913347,15.967327,13.456295,7.452743,10.663692,1.971261,-12.506903,-5.888743,11.340877,17.929211,17.665108,7.631684,4.605784,1.752588,10.280910,33.674789,44.677635,43.955185,29.860764,20.935711,21.971355,15.740447,14.941226,16.047199,15.259022,17.432268,16.046339,8.836886,8.260303,12.106329,13.677013,15.151071,15.088848,17.563219,18.545448,12.280332,23.566200,31.374714,32.254578,24.700651,16.932623,16.236399,9.567733,5.241470,6.857394,7.628952,1.371942,4.125762,-0.504148,6.221014,4.285505,4.930917,9.585107,8.079747,10.591984,9.476775,16.475174,28.796446,32.070080,27.865036,16.254410,-0.842779,15.142891,12.399369,12.639071,14.398020,4.225940,12.057556,14.082965,16.731001,14.464828,8.321409,15.364722,13.063355,10.670202,12.396545,13.707795,15.968543,38.868347,44.962772,37.298122,26.598232,15.212468,12.725483,13.728261,10.373307,-0.543895,9.410745,17.093971,13.723709,10.256276,-10.504017,11.717147,10.186890,15.930376,18.951826,9.363479,27.839899,30.687305,50.408691,62.149502,60.765999,43.779205,34.444080,27.497631,23.643963,15.505856,20.766251,11.948606,18.358318,19.616423,14.043987,13.773890,10.646219,6.497469,5.831580,-2.279608,17.029312,19.894432,1.319466,26.112726,42.500729,45.116379,36.543865,26.076393,19.417551,21.214563,12.703782,13.318549,12.902555,9.595090,3.805779,14.926076,17.270220,16.645290,16.052406,10.168940,-3.395190,10.284468,15.312892,14.467999,20.663469,23.255154,33.990730,29.690380,-2.332927,9.691958,12.880772,14.862991,13.216849,13.156343,12.867899,11.044293,16.671179,15.708137,11.923474,10.841497,7.579145,6.199493,6.227333,15.339830,14.441615,14.743336,23.618004,29.161011,29.247776,27.233955,22.324945,11.128631,12.763451,8.357557,2.648178,0.691050,5.738647,5.874212,10.802760,13.706980,5.343237,9.918015,11.760754,10.090958,18.332674,15.042001,24.731514,34.209694,29.578440
[0;32mI (22460) ANALISIS_ESPECTRO: Frame exportado | t=21.79 s | pico=49.2 Hz | 65.1 dB[0m
SPECTRUM_FRAME,23.073221,49.218750,65.115158,hann,512,26.614185,33.897812,30.954750,27.129061,23.500362,17.718857,22.910555,12.730226,18.272345,17.513075,16.271631,14.407270,14.714796,8.488668,20.066753,20.958504,22.770414,21.883213,27.940275,30.794537,53.749317,65.115158,63.736320,47.620308,27.921820,24.349220,20.974436,6.685910,14.055161,15.633652,16.378807,15.144814,22.573273,17.363665,13.255548,10.969787,18.814592,18.219574,19.653177,15.479380,19.963634,34.920372,54.885372,57.848206,48.711136,21.175125,18.973207,14.202323,12.309221,10.371416,19.812538,24.338509,25.811398,24.335773,24.055002,26.818222,25.284178,20.890652,25.392845,23.165665,10.022556,16.559677,16.985348,43.229755,50.856789,46.826740,27.069118,22.937777,20.027889,15.765262,19.834330,11.859842,17.182009,15.835850,12.066322,19.484877,13.688677,5.397228,8.356041,12.573174,11.424923,16.708057,15.785293,31.806133,36.121780,25.183731,27.836199,28.804485,30.385719,23.592445,18.698292,-9.164954,14.898674,14.725347,15.129123,15.247598,10.479623,15.642019,13.795652,9.720045,13.392519,14.626274,7.713579,19.835793,23.522379,26.097916,40.126907,44.355408,36.216446,23.671982,16.089821,18.457996,16.633526,22.690235,22.894344,20.263512,27.638700,26.394955,24.385565,21.981922,22.501057,13.592579,9.588555,14.279613,17.107382,13.553647,19.603067,23.289276,17.273594,20.209267,15.566280,11.000495,10.552615,13.343124,12.785264,7.629410,2.274217,15.703743,18.759319,21.078203,19.798222,12.034703,16.251301,9.817041,17.312815,18.712938,20.726292,19.171776,19.748398,34.343948,36.834595,29.392250,22.304134,11.754200,20.418056,21.950928,16.225376,9.801759,21.266838,19.106405,10.561197,13.910502,17.280384,19.042521,19.677216,21.434006,12.242081,27.786608,26.575844,15.214046,41.367393,49.811951,46.706089,29.451456,25.265194,19.482254,20.079668,25.275917,21.682751,10.658994,22.519035,20.751114,21.171694,21.648447,17.419914,15.130981,21.806622,23.573694,20.093269,25.643963,25.991049,24.209301,29.935152,33.200630,27.253948,16.569542,14.134169,14.134732,15.311144,23.021963,23.585400,20.322872,18.899992,22.443666,17.592440,16.439531,16.873940,12.428721,18.769497,20.833826,14.984212,13.487369,23.255766,32.729656,34.967571,26.907555,7.268009,7.207780,18.006413,16.503700,12.318578,14.965606,21.002468,21.214489,20.700216,18.424673,22.204683,23.631945,16.251806,18.856009,22.601568,18.174236,16.502024,25.074331,27.383764,23.535593,20.332737,21.313570,21.515009,21.469820,19.116354,13.655957,10.266424,16.325590,15.993300,10.711589,19.187925,22.465816,11.139688,15.922228,18.877466,14.294140,15.147137,15.880791,40.951267,48.709583,43.694019,20.749630,24.341179,28.180775,22.787415,18.640598,15.109694,3.637736,16.329792,17.989410,18.346281,-3.876329,13.115611,14.464437,14.580252,11.479439,2.537849,10.214267,15.959967,18.512743,29.304401,30.928450,29.523678,24.482613,7.209913,17.207403,19.234724,-2.978115,18.751152,23.127451,20.782488,25.573713,24.450001,22.463732,21.722225,21.758909,12.350712,16.406597,20.644791,18.588732,-1.360507,15.705246,17.724384,18.193230,22.216999,18.427599,15.483130,18.090986,16.008385,11.645632,11.898879,10.525194,15.790124,19.767439,21.655512,16.605896,18.626831,21.468161,19.436111,1.162736,18.295763,18.266731,12.036443,23.140404,27.396715,28.089029,25.682852,20.134008,5.828056,16.947649,18.419060,12.701188,15.429081,16.616400,18.780344,3.093942,13.619061,14.213647,14.194859,8.403546,21.624479,18.143160,22.585915,24.395447,26.369633,34.142990,43.227554,42.496601,30.701859,24.409882,23.555115,12.893534,19.881512,13.213668,16.744316,17.270658,13.758394,8.169893,13.601149,11.818377,10.925817,6.484084,13.056799,15.644670,21.908693,22.541964,24.833326,28.149044,28.672611,20.096491,15.815149,19.878775,17.760847,20.934525,17.670429,22.334251,20.017330,23.500420,22.169247,20.793167,21.296329,24.252083,18.426235,21.574039,20.810719,21.831993,13.024796,29.960577,31.950102,22.561293,0.098398,1.187274,15.167744,12.860151,7.130609,12.799156,19.261526,15.436801,13.172298,4.510397,11.818967,14.607538,14.867205,9.111636,13.434440,17.327477,2.580666,-7.008614,39.468254,46.247562,41.663063,24.095572,19.224850,9.521948,10.666680,0.727349,12.393564,17.369480,15.776834,15.634729,11.211330,13.306402,14.156918,16.029947,10.980999,15.283240,23.663227,21.049776,30.698593,50.659317,62.142773,60.755966,44.252525,30.232527,29.251593,21.047869,1.067516,4.650415,6.469536,11.773359,18.137877,21.482117,12.379216,16.628414,19.579596,19.707714,12.061367,10.789013,16.405432,13.451530,22.977770,40.846027,43.434734,33.127682,21.001482,2.741300,8.342375,17.070156,18.165140,10.604815,4.246234,16.127405,9.942830,12.206582,5.806738,13.420625,15.533150,13.491903,13.330270,11.830767,18.937752,17.989309,29.027655,35.816856,31.461592,6.451471,11.786313,17.650440,19.997923,19.903454,18.652039,0.236800,13.025069,16.931164,16.641384,10.809069,6.832787,9.995092,13.807558,10.274867,11.459244,16.531742,18.124058,17.685793,22.992041,26.861938,22.077866,19.355762,10.094552,12.538009,9.351469,2.700308,10.436879,14.683159,5.711890,3.058918,13.143500,15.633821,9.163524,13.071173,8.861612,21.457003,21.477791,24.933769,32.460083,34.446693
[0;32mI (23740) ANALISIS_ESPECTRO: Frame exportado | t=23.07 s | pico=49.2 Hz | 65.1 dB[0m
SPECTRUM_FRAME,24.352405,49.218750,62.008327,hann,512,9.155947,28.714569,36.540466,36.634182,29.615429,33.928635,29.049166,29.342823,28.225527,24.864977,20.230183,19.663521,26.421822,28.756275,25.220623,-4.707015,20.607128,19.352982,25.198910,32.314747,50.115353,62.008327,60.585423,43.027069,34.511284,27.171482,27.650562,29.034472,22.261719,25.389462,25.977724,19.873842,21.024967,19.334869,20.861483,29.225182,32.219193,32.048691,31.507450,33.500019,33.693798,36.971840,49.961872,52.505070,42.400818,30.683517,26.729671,26.512943,23.164314,11.384876,24.966843,30.059032,16.968655,27.368134,23.691582,12.687034,29.558870,33.354618,31.360027,29.851276,35.127289,38.348278,37.374638,41.319763,49.874187,46.460350,31.592310,33.662209,30.744541,34.289677,32.913586,29.821945,29.576700,16.445288,19.963043,19.629787,19.150030,25.840151,25.076069,25.177691,25.062551,28.798666,26.784134,32.233673,36.800903,42.331127,41.260979,30.872957,21.744781,26.594522,19.441216,27.993511,14.799832,22.896624,20.010603,18.507555,18.499580,19.707285,21.346685,12.216626,25.678474,27.353811,25.102001,28.201857,31.455967,32.015816,38.754841,43.436783,38.771622,29.449015,27.988760,21.587999,31.774338,28.245487,26.465137,26.302570,22.551739,27.618160,30.614462,31.571255,26.964653,26.156359,30.491503,31.361504,29.336548,33.534847,31.905451,35.584038,42.442299,39.708031,34.153927,29.773596,31.269203,27.167446,25.106911,22.649048,9.846291,20.722534,22.079489,23.955513,21.696798,14.565908,23.893270,22.936811,17.054070,21.588692,16.026932,17.918703,25.589310,37.272026,38.618202,27.356289,23.304255,26.145744,25.746994,24.185730,23.864126,19.689026,22.019110,25.830652,26.230091,28.181087,25.854179,23.845562,16.566685,27.456448,31.998415,33.211681,34.157013,35.681435,34.216057,26.622734,22.716827,28.696999,21.747337,20.375835,18.955029,11.874270,28.787125,34.426872,35.944962,35.137787,32.090191,28.280697,23.743418,31.724796,35.684750,39.444660,41.790730,42.304684,42.543091,43.776108,41.469311,41.509544,40.775414,39.213158,37.387325,34.663929,34.327301,29.853361,29.537704,29.271505,27.785801,28.711418,28.845940,29.695267,27.300341,29.943401,31.992794,32.653774,34.069729,33.014027,36.768490,34.246872,29.427469,34.230644,34.138237,34.832119,32.460991,28.414824,22.629311,21.769846,19.236015,16.962942,21.842361,27.998590,30.795004,26.452175,8.940898,18.173758,29.721861,32.597603,30.938316,30.560524,25.716896,27.632404,13.248316,25.682299,19.367529,24.489296,26.426115,22.626289,22.843670,21.644926,25.668287,17.871386,24.423176,31.830368,33.430553,30.416412,31.065132,32.387295,30.728725,30.056295,25.774202,17.816521,22.255726,28.664421,30.202751,29.669256,24.388321,12.379826,3.450985,26.372238,30.854683,28.832319,25.909748,28.801413,30.305632,30.989529,29.658081,25.823687,22.084034,18.418558,21.330107,28.482340,24.749649,27.461357,29.126074,30.632513,30.230457,27.034960,25.444012,26.439827,24.802418,24.118805,26.127602,24.152962,6.393013,19.182446,19.789604,24.653242,25.532187,26.033146,25.752050,18.455561,19.485289,22.692472,26.756353,24.705708,15.134791,23.874617,11.704628,23.133915,16.257025,23.354799,23.379271,21.494352,26.765966,24.958504,29.005783,29.217182,30.194939,30.720882,26.174639,15.855914,13.178110,22.948174,15.919618,19.646666,13.848202,8.728925,14.839288,22.754469,13.117747,24.321253,25.954182,17.553499,24.377747,18.835629,24.998857,31.207794,31.123039,30.068457,30.264565,30.803091,31.498842,32.159035,31.531382,28.168549,24.038141,25.993855,25.929289,23.514517,21.437225,17.587538,26.777775,31.598940,31.069077,26.642143,21.357191,20.749819,24.232672,26.709135,27.845966,26.195763,22.837536,23.666201,25.902681,27.437944,26.200838,24.903067,29.244509,32.472137,32.058590,28.556726,22.822153,25.111172,27.482647,30.049637,30.043758,23.636440,6.745809,14.733058,11.020317,21.580845,25.239769,24.897680,20.273968,21.843475,20.640770,30.411900,29.125042,11.902904,23.956032,19.452133,27.398758,26.911255,18.308847,16.286989,22.895910,22.536390,20.518307,23.030031,24.827888,25.179577,24.325926,21.475679,19.608379,21.541164,13.789658,22.718390,25.344572,22.063665,22.684076,27.394035,28.460600,21.943653,5.446374,5.357786,10.338358,25.009850,26.443293,16.939190,21.052032,22.024584,23.839211,25.301630,23.903149,23.315536,23.283695,9.826923,25.207306,22.330275,20.029453,26.192312,15.480899,23.789303,24.302170,14.805312,17.997234,20.679705,14.327103,20.325861,22.403194,10.149487,18.079184,13.355154,22.342705,16.521482,25.435291,28.669672,24.580715,14.567911,16.469551,23.219078,27.465801,22.459579,21.487734,26.803036,22.756674,19.808863,16.467464,18.872704,23.842840,18.680429,16.949255,22.036690,21.639883,26.165733,26.247101,21.953728,20.254248,4.479998,20.606434,22.749102,22.862341,13.779077,22.862816,21.407263,17.185863,18.115017,24.508869,13.179174,25.358789,24.199446,24.263809,26.546497,14.111361,23.463209,22.895729,8.834789,18.178804,15.595892,16.885170,20.842663,26.272930,24.044342,20.379980,23.348400,18.439629,18.719669,21.385952,22.435413,24.483654,19.370499,21.072199,28.156939,31.255854,30.456909,24.484922,3.276818,10.946770,27.763611,32.278591,30.191784,23.309650,26.251211,27.250484,23.255415,17.827076,26.013935
[0;32mI (25020) ANALISIS_ESPECTRO: Frame exportado | t=24.35 s | pico=49.2 Hz | 62.0 dB[0m
SPECTRUM_FRAME,25.631584,49.218750,63.073242,hann,512,22.272179,23.423031,25.232109,14.613623,14.338024,21.813509,23.547754,20.157366,21.497038,20.135700,21.956785,22.870163,22.051735,21.718252,23.224371,23.456507,23.500694,20.078430,16.548445,31.178637,51.739899,63.073242,61.693466,45.424263,27.762577,24.882545,4.219171,22.586195,21.945862,21.923634,16.617340,15.918760,18.598715,17.226559,15.254251,-0.953083,15.753341,18.737167,10.157494,23.398911,26.621485,30.051319,51.203773,54.272217,45.077652,20.061186,19.304039,12.462898,-4.943147,18.272842,20.300417,15.486732,19.941498,19.186996,21.324804,21.768742,7.086457,20.794834,25.351704,22.131186,14.118920,27.069443,25.226107,40.883213,49.524086,45.094200,23.501234,17.768141,19.660913,11.149242,24.102335,22.004940,17.600925,21.395063,15.348078,16.383434,25.575951,24.664553,18.623959,24.850950,25.789963,20.868492,26.044931,26.092051,26.244114,37.279888,38.128490,21.789148,23.911346,25.770350,21.042645,26.385910,29.019032,25.587009,24.953825,22.298468,20.692390,13.121499,11.890663,21.180180,21.383104,13.937675,20.593456,23.009100,24.279163,9.161674,33.121395,41.016117,33.862690,22.360844,26.049387,20.571629,13.487183,18.069288,24.624708,19.307749,17.870132,16.589548,16.100571,15.767220,11.344523,18.711296,27.177509,27.624554,22.429039,6.702293,23.440247,30.663641,38.688717,38.028187,23.698322,21.761339,26.243601,16.346413,-9.792666,12.602654,13.536963,17.442286,24.036610,17.263382,20.146418,24.112885,23.553144,17.780712,17.295044,16.093344,13.150357,17.040249,11.837076,33.518806,37.707588,28.884315,22.752447,16.443649,16.386215,17.707413,15.115492,13.280594,17.574455,13.823833,15.631003,1.818055,21.638805,23.384562,21.286810,18.617367,12.763685,16.578867,17.133371,17.979816,23.439941,31.718691,27.625420,16.664022,12.743354,9.574553,12.604794,15.060923,23.188637,21.145905,19.391184,22.875008,11.353773,21.644413,20.521357,7.125816,9.718309,16.331182,16.860832,19.049152,13.789261,19.326290,32.445824,33.134338,22.667343,23.277357,12.466478,4.850535,13.116032,20.915947,20.183533,11.128793,16.147068,10.645824,17.848156,23.523340,17.301352,13.314468,13.707485,16.115873,13.207516,18.307158,11.190632,28.028282,33.145031,26.722839,29.933170,28.553553,21.039715,16.319324,10.864564,12.865987,13.655365,23.937241,22.697687,18.949833,19.806814,10.751533,18.089493,20.199900,22.992773,15.047009,22.449808,19.211489,21.452608,29.295931,24.953377,21.911140,22.452133,22.658573,19.887167,19.222878,10.232247,15.877892,23.162001,22.172262,17.684633,16.758514,11.867783,21.160934,20.109282,16.103243,10.352324,15.223892,17.320721,13.499192,16.343363,14.403093,16.415083,7.249302,19.839607,16.886478,12.072552,12.600321,5.047822,15.319773,14.980956,11.838255,0.593206,13.969994,14.052727,12.935850,14.104872,10.282625,5.037089,13.715742,2.177168,19.767237,28.147345,25.684002,16.771320,15.083084,17.367054,17.521345,14.376130,13.826055,15.258263,16.632469,12.704801,11.563239,12.969866,16.856871,14.851484,10.855011,8.638468,3.102360,9.080429,6.924015,15.488871,21.029118,20.170074,20.791237,20.665503,12.943934,10.295851,12.003019,10.644106,14.641321,8.711253,16.689230,13.695276,11.014656,12.540483,8.261819,9.938600,17.441116,20.684473,15.229225,8.007828,9.734531,18.659910,25.114101,18.718550,14.318733,3.501348,14.262490,22.055101,22.953964,19.980429,18.525616,10.886931,20.831356,21.140089,15.486677,12.292589,12.101979,16.360651,20.223377,21.845104,18.998734,11.959780,10.903450,12.659935,17.106905,15.657420,14.310679,8.766288,5.049417,13.737568,13.306927,11.938398,1.553198,16.228834,21.924225,18.108109,-1.420936,5.089965,17.721706,19.062122,12.210722,9.709602,9.050545,4.376273,19.166576,23.800154,15.643338,15.123343,7.168522,13.512075,15.787846,16.102427,25.237747,22.782171,0.861666,3.896731,14.207047,18.063810,19.541939,21.423588,16.632673,16.033390,14.253592,8.550366,8.514254,10.679930,11.362228,14.197226,13.838903,18.851259,19.830704,16.343155,15.426784,19.689281,18.411009,1.325933,5.478331,12.444888,14.585576,15.572046,15.461363,12.132821,5.539504,15.057515,8.562643,10.021707,1.289634,21.127655,17.445026,13.350973,15.321178,12.718477,8.876332,13.970539,20.518520,19.763199,3.455583,13.850241,12.500377,14.982223,7.949471,2.681544,16.967667,24.169987,19.539730,16.623150,16.915003,6.886556,13.040365,14.971375,-4.820223,16.066578,14.661508,13.293027,19.027559,12.108193,11.742409,10.116634,10.443711,14.933884,17.013304,7.875463,16.446142,14.473161,11.275356,0.802818,10.047552,9.612151,5.472658,17.030066,22.293337,16.184547,14.793376,14.751019,10.217923,16.866634,13.422375,13.210148,11.108719,6.089570,14.704465,9.321099,11.486866,16.031479,15.616046,16.937658,16.497774,17.846462,0.310036,20.024641,19.309715,15.238695,8.140403,15.941689,14.785777,14.606204,16.123587,16.732153,13.269449,18.177431,16.524315,15.528946,19.086798,16.554529,13.063494,16.416546,20.706509,14.257505,16.035830,14.127412,18.147984,22.834644,19.309050,18.948763,22.369038,19.528234,-6.444232,8.479490,10.343513,11.047307,-1.341331,11.968493,16.129782,2.908399,15.615812,17.372673,7.851156,13.764616,10.022614,-0.778732,12.000513,15.650593,7.951137
[0;32mI (26300) ANALISIS_ESPECTRO: Frame exportado | t=25.63 s | pico=49.2 Hz | 63.1 dB[0m
SPECTRUM_FRAME,26.910768,49.218750,62.990257,hann,512,25.666094,29.743345,27.448130,24.669540,26.126787,27.489037,27.875828,27.160469,23.576782,21.706825,24.066641,22.283360,27.563398,25.906246,19.911076,8.731033,24.779160,19.484068,25.847446,29.975529,51.482731,62.990257,61.634563,45.007858,29.792381,25.638668,28.053934,32.341240,29.431231,27.445271,19.655712,21.725349,24.596022,27.974329,29.296721,29.104498,29.356323,33.349815,31.509796,29.330303,30.997599,34.804485,51.527210,54.190628,44.178509,27.142384,17.839123,24.070147,31.726669,31.109531,29.282074,25.661070,23.333458,24.369623,23.955481,26.652096,30.943048,33.039520,37.509541,37.868729,34.916962,35.588070,35.419544,38.317444,49.558517,45.337242,31.930609,23.087349,16.141918,25.461466,27.293184,25.943069,26.642746,24.411318,21.203938,26.928881,26.530544,26.023411,27.529041,31.082157,34.774868,32.284843,24.075687,29.075035,28.769707,38.165222,40.813507,28.701601,24.834711,22.348534,16.051922,20.737923,21.277336,26.954315,34.239765,29.593210,29.811653,32.830093,33.167683,34.603569,33.607086,26.869650,22.160446,23.851927,27.220850,20.650883,37.022800,43.754433,39.484257,31.801569,32.578796,25.423271,23.567394,18.302195,25.541996,29.522060,28.774300,16.380800,20.317200,25.610062,27.887074,28.969971,25.997942,22.007591,29.378239,30.189487,23.924984,30.427685,38.801064,38.381836,32.605492,33.454315,32.450108,20.943182,17.297245,21.436613,13.352857,23.180408,14.120126,9.981128,11.611490,11.437608,17.574780,23.607580,21.653223,28.408985,31.524635,27.800615,20.396070,35.665474,39.255611,33.464161,24.847408,23.177940,24.256348,16.045401,22.527706,20.467411,17.211243,17.681873,12.333812,24.541271,21.392813,22.299984,21.399519,26.219448,30.352200,26.952976,18.568258,17.025913,26.957417,32.821453,23.219582,23.771595,20.638054,29.311825,26.118891,21.633038,18.778637,14.943499,19.941238,17.551510,23.649078,26.368540,15.858421,15.819656,18.590979,28.482422,27.585415,20.858433,24.210251,24.915947,32.349499,31.399914,23.478937,29.063795,28.531782,27.040840,18.522760,21.881115,24.875090,23.754959,21.434341,23.328354,19.733795,17.207155,15.336032,26.209137,28.333189,27.633135,28.232594,24.331970,20.473373,27.568699,24.896639,20.738770,28.642607,30.102531,25.924740,10.395860,20.276678,24.244362,21.458038,25.324076,27.276075,15.987452,20.433123,19.737698,19.792168,26.852360,25.919149,18.169849,22.359863,11.388440,22.131674,23.746157,16.268480,27.454355,28.337755,26.228333,16.723028,23.115288,24.086866,21.939413,14.222312,15.164015,21.329496,21.496822,17.369110,19.830194,22.010973,23.685629,11.711586,25.011843,21.760015,16.103973,23.169788,19.912544,24.847206,23.051966,25.374613,26.180630,18.284634,14.788532,16.395910,14.963993,20.379135,16.959776,16.842066,16.613956,17.429651,18.318869,17.001293,16.723135,17.869223,15.101157,14.754051,20.174601,27.847008,26.423801,18.604568,15.735780,21.662022,21.067318,17.266592,12.064954,10.152409,21.339863,25.110294,21.622185,17.334522,16.465534,6.855429,-4.050261,16.564005,18.647770,17.318537,10.134311,16.439087,10.196452,20.530834,14.057054,-0.989634,6.828494,15.136564,19.148890,18.195843,15.947198,13.707907,7.641982,8.634343,14.984858,0.714100,18.699511,13.708786,14.752630,18.050259,13.743415,15.061373,20.242180,17.371721,21.457661,4.288722,-0.787154,14.778851,19.528187,20.186480,19.968287,18.620991,10.334381,15.890771,11.007276,12.502983,13.316499,7.736851,16.262323,15.784121,13.669914,13.823985,11.942686,5.694692,16.772552,15.831190,4.313736,15.034900,14.058764,15.114192,10.823019,7.723642,6.935140,16.992908,21.428150,18.065832,7.356977,16.026384,14.626259,1.458443,13.225163,3.767490,15.248821,14.962024,10.936977,13.350332,19.642841,22.262016,7.917232,14.250967,13.485783,16.110004,12.209607,18.780704,11.208853,18.369825,20.422005,14.937187,4.689519,14.554358,12.755722,10.408311,7.319479,9.983921,15.334573,2.119888,13.967501,17.973726,15.821699,11.910695,20.170868,20.202511,11.759048,14.408905,13.601395,9.024462,14.223177,16.190861,18.199575,15.110460,7.927441,7.068227,14.629445,6.794007,14.448171,14.051954,19.614531,22.059385,22.335836,27.469620,24.603157,16.835913,15.466823,17.401417,14.224477,16.108612,16.902344,8.698682,14.902929,19.022398,14.356390,19.502230,14.668602,3.246805,-9.485147,9.446140,18.298161,20.318260,16.952913,15.547152,20.376213,16.504549,18.231285,12.883115,13.469118,14.128442,11.716324,17.044714,14.978607,15.039148,16.148544,20.192270,14.073122,6.878862,15.496004,16.351433,18.818514,14.800407,12.598587,22.232704,21.727406,13.756118,17.840549,18.116251,19.889843,17.300674,14.982138,9.196442,11.541524,9.824780,4.733027,9.863019,16.280151,10.535063,11.180689,14.538933,9.403635,11.723299,11.675529,12.080996,12.985516,-7.898582,10.068130,9.872202,6.987023,11.852488,14.259867,12.913710,11.858273,11.350145,14.425177,5.520728,14.913484,13.431449,10.369678,11.089846,16.716526,16.566715,-0.978313,14.719434,9.509994,8.370636,19.153574,18.671034,15.774349,19.125378,10.356265,13.468586,14.409105,7.897610,9.689447,3.980695,8.474155,14.567623,15.971898,10.759489,13.271645,1.092537,9.241532,14.373212,9.596050,14.921389,13.821693,8.940753,9.109753
[0;32mI (27580) ANALISIS_ESPECTRO: Frame exportado | t=26.91 s | pico=49.2 Hz | 63.0 dB[0m
SPECTRUM_FRAME,28.189947,51.562500,72.278091,hann,512,50.471931,67.828941,61.600357,50.320248,48.176514,45.512146,48.791500,48.946224,49.168213,47.875595,42.064201,33.109318,43.789017,46.501343,47.079529,48.116871,47.350124,47.885075,48.973660,55.842911,63.764305,71.795746,72.278091,64.515808,54.296074,47.118515,43.667526,46.697250,46.387840,46.321190,45.246155,41.702190,34.387276,35.839836,38.110806,38.807999,40.916904,42.714237,42.658989,43.642048,45.111969,52.934769,60.155888,64.514320,60.016762,50.666718,40.318874,35.064526,37.379898,36.717461,38.640934,39.078079,38.325989,37.042103,30.057268,21.533424,15.845971,29.203501,35.548359,33.509605,31.564045,34.828640,35.035011,43.219067,52.573494,50.779800,41.675827,33.003876,29.852444,33.680702,34.230808,35.798485,32.918999,30.773973,28.100264,31.531521,29.917448,33.843399,30.752707,20.619907,26.482769,25.956366,26.592215,27.331753,39.093430,44.130993,41.109852,41.560093,35.801247,30.557384,30.866098,32.300423,34.893661,35.078445,24.410742,30.272804,18.642090,27.821949,28.683882,20.306095,30.285139,26.703501,15.982649,25.292051,19.389116,23.602341,44.324265,47.386429,40.341583,35.055023,30.657040,31.964127,32.413719,34.718643,32.921253,22.454283,25.299324,6.219335,28.465973,30.645252,34.240738,35.602924,30.583818,10.002357,29.164299,31.529747,31.892700,29.651640,31.541851,33.768333,33.174938,33.074657,30.808605,28.972374,35.458828,37.737495,33.162148,32.021973,27.401449,31.523773,38.036659,38.109138,36.192802,37.765541,34.842159,27.874048,36.018906,32.849483,22.409536,23.669584,27.192703,30.035816,21.973429,25.832333,27.884373,30.621588,33.271374,30.148407,23.988611,24.520990,18.372425,23.505602,27.557640,30.674519,32.361626,27.973833,18.400719,25.074461,29.349558,32.713669,33.893742,24.079987,13.976852,26.594315,29.076071,12.637018,23.478622,7.311229,18.990318,28.229692,33.166382,29.635578,26.542282,29.834381,31.520283,30.769672,30.489910,35.328106,21.625917,30.977057,33.365353,39.250320,41.697697,39.993614,36.632107,19.289986,26.356897,29.401237,34.502350,36.700909,36.295223,35.765339,37.094757,32.076576,28.971827,32.549877,37.034184,32.378735,38.989254,38.489815,16.701353,33.512497,36.858768,41.309174,43.284306,44.058872,41.464695,36.788471,34.631950,39.996326,44.749622,43.837887,36.346138,27.475780,34.499062,37.288685,35.249809,28.992006,37.604259,40.416084,39.378174,27.796192,11.228496,33.053593,37.636692,35.448090,34.737335,36.507610,33.325718,27.337341,29.957239,37.107094,39.852516,38.241585,31.777393,28.566383,29.275791,29.383524,24.177223,31.086803,34.806637,34.836342,31.340845,27.346201,25.322725,30.406979,31.931772,29.535648,22.803171,17.276381,11.486078,9.157156,19.714609,27.634010,35.134068,38.840515,40.720474,42.188972,42.900047,42.486954,41.064705,39.622200,39.891239,39.957813,39.598923,39.133156,36.451206,34.518616,32.441154,20.705444,30.328823,31.473131,34.782772,35.951908,34.916336,25.953262,21.920013,30.477055,37.799416,39.862373,38.540188,35.603760,34.536232,32.573551,26.366066,21.162975,11.389540,28.254063,32.326420,28.253706,22.064016,29.368534,26.045998,25.708809,26.565041,25.330229,22.043903,18.074667,19.087234,19.774046,18.757919,14.566616,20.091316,23.945915,25.535574,25.128815,24.773615,21.262417,21.596767,15.273525,29.678423,29.852516,26.117470,19.855967,18.353748,25.688036,29.765316,27.986898,20.385733,12.309652,15.313697,14.901781,3.403190,12.061544,5.789948,15.920071,21.771366,19.783468,10.446926,16.247484,22.354900,21.066952,26.089191,24.251547,15.763082,12.024805,20.321072,21.224298,20.595982,21.084198,20.208416,22.157326,23.195951,20.742359,21.994848,10.840534,22.014370,20.784845,21.465416,22.231129,20.483770,18.816126,25.587315,26.834078,23.539392,21.688974,21.463787,23.750811,25.445133,24.434755,21.144321,14.902234,22.498930,22.127750,21.560619,15.766661,18.871933,24.741405,25.272257,20.193110,14.868822,19.019524,20.919743,11.172218,23.122601,26.152378,23.453150,17.939379,9.072165,14.817583,20.877087,21.835823,12.448486,15.496116,15.341385,15.753071,17.488361,13.454302,9.779756,16.214930,16.706942,9.247645,13.301097,11.786900,19.255417,14.184355,30.585884,29.189367,18.105314,22.267206,22.703972,25.118057,23.503700,16.248672,15.973415,18.381746,19.920507,18.088186,18.822613,18.076691,13.305579,18.973209,21.641140,17.419676,13.909386,19.349495,24.544067,24.835640,22.218189,16.755434,14.192004,20.800682,22.695921,19.485281,15.554173,16.087521,20.978245,23.412037,20.533772,10.379469,12.280675,16.958447,21.536348,22.917387,20.499111,19.204142,23.836649,24.144051,17.042286,24.815733,26.089321,22.258368,8.528256,16.951410,20.677780,12.160494,18.257795,19.524271,-1.582517,11.996783,8.008375,8.970619,9.602225,11.768425,9.750381,18.208036,17.084938,17.476542,22.749352,24.840937,25.558784,21.237831,16.516806,20.908108,21.495230,18.926481,21.210388,17.588612,8.565780,10.938035,19.397522,21.418112,20.520926,15.064435,13.381148,17.023399,19.467497,23.043980,24.643545,25.525064,19.244158,16.498243,23.270065,23.409472,20.698626,19.163246,18.979134,19.720486,13.784795,3.722133,15.072970,5.490561,14.828082,18.150570,17.114872,15.777532,17.220009,18.009964,15.069174,13.322519,11.240242,18.347042
[0;32mI (28860) ANALISIS_ESPECTRO: Frame exportado | t=28.19 s | pico=51.6 Hz | 72.3 dB[0m
SPECTRUM_FRAME,29.469130,49.218750,62.559589,hann,512,13.385228,24.944345,29.153521,20.847031,27.933781,18.498333,24.653988,23.234594,21.712742,24.736683,22.947334,26.936815,25.598137,25.134249,23.210064,26.854113,25.815746,11.699522,27.576103,34.655495,50.319820,62.559589,61.194443,42.754845,35.168545,25.440874,19.304035,22.528690,25.901449,19.593624,15.615747,14.613100,27.604958,27.971498,26.777489,26.659359,30.384371,32.176201,29.765635,25.363169,20.859602,20.428749,50.919209,54.429604,45.114166,31.021507,20.290754,22.450958,28.687145,30.875750,26.956060,26.157415,25.415150,30.368668,33.712509,30.149239,31.225525,31.572239,31.769373,34.054501,32.777000,30.335379,31.958981,41.299049,49.045395,43.928303,7.143424,27.291958,25.567513,29.449072,32.482384,29.818798,29.695482,29.412346,10.881428,32.220371,33.810257,33.037399,31.844223,23.054535,24.712820,25.760445,20.113007,28.670511,26.274454,40.724125,41.004684,29.526484,20.858011,26.904144,27.133163,25.514109,25.516264,15.448556,20.783035,26.818691,-35.781734,28.800980,22.880028,20.060665,23.662991,28.143499,27.698509,25.648064,7.837272,18.365303,37.719898,42.684361,40.321850,31.196026,16.757229,26.171558,21.469376,29.596788,29.589382,27.799072,29.692272,28.414661,10.053624,19.918098,24.035959,23.791546,28.490685,28.611565,20.036604,27.530464,31.462202,34.099091,41.010815,40.075474,35.352810,27.754208,24.454498,25.673838,14.609071,23.593155,28.088076,28.225252,22.078625,8.181959,24.652708,27.521587,23.823683,28.160385,20.262505,21.678188,25.429173,24.343426,10.474781,34.380161,36.711163,27.384415,28.967243,30.841953,30.968868,22.739985,23.694092,22.766254,26.375666,23.334789,29.354282,23.393501,27.483807,24.026144,20.747982,12.014696,20.533562,22.353230,18.726213,16.009119,25.834997,28.937464,29.156841,30.009705,31.917803,27.977634,23.326128,11.080624,18.717367,23.775747,29.370789,31.699467,31.233978,25.784761,21.984026,22.377558,21.326296,23.037457,27.706760,28.507654,25.785217,25.561941,32.904449,30.902607,23.560390,30.229300,26.989075,8.347933,24.250452,25.062622,26.589262,27.491776,27.013960,31.217882,31.420345,19.288643,29.301918,30.306911,26.958321,28.221342,27.186172,30.386292,31.436996,36.957191,35.630310,22.862434,32.105148,31.595165,16.021444,21.827707,5.819069,26.465157,25.071026,28.989845,29.376926,17.351501,28.178465,18.870464,28.640661,21.909344,27.703426,21.119165,27.634659,26.393509,27.192852,32.561638,29.362013,27.680401,22.571362,17.617943,24.043568,28.454071,20.466137,25.171062,19.771255,28.284281,30.782501,20.977457,32.672241,22.493208,31.193840,17.317190,27.791233,29.279318,23.115118,28.514540,17.056688,22.677736,20.998299,20.985256,21.990131,23.593296,27.254524,22.657978,15.821260,30.453646,22.260210,33.753437,29.261522,27.021677,23.423750,30.565338,24.289276,26.369389,25.285395,25.210896,25.759705,22.565529,27.481960,24.872313,22.317482,25.099669,11.326220,18.899775,20.071924,20.918144,15.318284,22.695518,25.271397,20.397129,5.986913,13.627614,26.252178,28.792053,23.788996,23.297947,14.037662,23.156483,23.847046,18.975414,6.230254,17.703465,19.533115,19.287756,16.935001,11.950397,18.568384,2.805095,19.749548,11.133552,11.966424,11.262188,11.163353,16.120079,22.283787,25.661249,16.393459,21.101353,23.141441,-3.440478,28.897200,28.129435,21.534052,20.235283,18.025997,15.800312,17.121548,18.828409,16.009327,16.279537,10.837880,20.783203,23.819590,22.321075,18.404009,18.403219,20.435713,18.324657,19.887602,24.022964,22.894564,25.651855,27.092735,25.366438,20.560211,14.763739,-2.766851,-3.481566,10.262252,12.642794,17.151323,19.861443,14.768481,16.995834,23.454929,19.693447,8.756201,15.468702,17.189672,7.895184,7.152812,6.741107,13.993188,20.215872,20.484104,13.180742,16.936968,-5.465178,19.650681,18.120438,13.161999,21.746386,22.253344,16.398451,17.808159,6.361737,18.717484,14.064470,14.168272,12.557981,3.287443,16.082876,22.382860,23.711740,19.646780,1.122905,18.378401,21.536589,17.280579,20.834921,18.496664,-1.257876,19.948154,22.901268,23.594954,18.038151,20.784332,18.300716,16.816912,23.062969,24.255543,19.933556,16.256733,23.647812,27.542805,25.885630,23.986189,15.102856,17.003551,16.181486,9.369946,11.354928,15.616094,11.449455,22.293070,20.544701,18.527405,21.440239,19.461952,15.492704,22.970961,17.004553,18.134420,10.624792,15.612949,16.950562,19.716106,17.294853,14.042016,12.974820,10.626266,5.912594,17.024279,-3.632802,12.451021,15.511175,7.760254,13.491257,16.667103,7.540766,8.906992,17.128054,19.861185,17.455751,14.225962,19.966181,21.392021,18.861271,20.093952,24.111546,19.534336,16.627354,18.534157,21.504080,20.541412,19.943769,22.231243,21.400568,18.601440,15.032356,23.726978,21.771015,15.240318,18.898819,19.397282,18.745977,21.663033,17.068880,10.566380,12.078426,9.372679,17.752350,11.502037,8.591465,7.199604,15.654435,23.374556,22.546364,15.800961,14.583691,17.478788,17.811630,9.418478,18.078978,21.644737,20.134886,18.948326,15.915974,19.872725,19.083261,20.001669,21.402462,18.248064,15.706736,19.214214,17.546770,14.082373,12.722755,18.055933,4.221121,12.159785,18.155228,18.160955,15.243100,13.787178,14.317303,10.513844,17.853060,10.963613,18.032249,18.448952,22.345474
[0;32mI (30140) ANALISIS_ESPECTRO: Frame exportado | t=29.47 s | pico=49.2 Hz | 62.6 dB[0m
SPECTRUM_FRAME,30.748309,49.218750,60.498867,hann,512,23.483433,30.924801,31.761265,29.281773,29.189379,21.141235,22.010448,16.664715,23.331854,19.544003,25.699039,26.021803,14.842201,19.856501,18.054350,25.438904,26.708248,13.402212,23.773252,30.570564,48.875053,60.498867,59.104923,42.635185,29.153431,23.966988,17.412420,15.058121,17.145338,17.767248,19.627331,9.585407,20.491901,17.425611,23.955564,22.684175,30.923515,34.719013,31.840237,22.822025,22.440214,25.584200,47.744530,50.527695,41.370617,19.321268,17.241991,15.726844,15.615321,21.076351,13.812198,23.420742,-0.114649,8.514765,12.436198,21.205551,21.329456,31.534473,38.974350,39.703495,35.593395,26.295450,25.532207,41.365425,46.817379,40.750175,16.805220,21.269871,25.581688,19.571331,20.169739,13.974977,22.259212,16.695593,13.518819,18.878334,26.159588,23.654499,24.176937,29.743063,30.448629,26.783636,27.843353,12.367158,30.889118,39.798649,37.643589,23.662243,17.078678,20.325335,18.778168,14.886513,23.127367,19.381620,23.665245,24.289047,24.025497,28.036324,29.318634,17.644808,21.082518,17.500608,26.154757,29.620792,24.457306,25.353436,34.711800,36.687283,26.628223,16.312563,19.530445,21.813297,18.472145,30.511799,32.395447,27.444382,27.622036,27.302267,29.428944,27.876198,27.401527,28.877085,25.990025,24.911816,29.067097,29.162714,19.272282,27.520399,35.152985,30.527821,23.364529,23.205299,22.862890,8.261994,15.792633,19.584810,21.031809,10.161990,17.706488,25.512037,26.496828,20.767660,23.922688,28.309093,29.357513,31.128609,28.786547,20.417595,21.200722,34.486828,36.138466,21.835249,12.805447,19.342384,22.804058,24.536343,21.971954,19.961479,25.958652,22.987812,13.926097,15.581625,15.779535,19.960283,22.472258,28.161053,19.348743,24.711014,26.668825,23.382191,23.869175,28.387030,25.396534,16.899151,20.354172,15.979129,28.255415,21.449783,17.796030,18.817955,24.281868,21.696035,20.865461,23.702070,18.820200,22.531202,26.255667,24.263094,22.108850,16.144794,23.542776,23.367516,28.793655,30.314207,28.445385,27.465191,24.478636,21.164391,14.103652,5.261621,22.229214,13.632324,13.840080,25.791000,20.223709,25.352135,27.199209,22.128857,26.748505,24.308023,25.374256,19.668247,14.175152,26.976748,35.303772,39.060112,35.491596,29.967663,17.992800,20.433950,23.068230,22.829254,22.280960,28.163891,26.681858,19.597418,17.915163,21.985474,28.640884,33.086567,32.208172,30.224220,35.251251,35.059616,34.315693,33.050148,36.920532,37.864052,33.958942,28.954594,20.072865,26.738701,24.770830,26.565714,28.221130,23.724442,25.020735,25.564043,22.457287,21.701281,25.552589,27.700649,29.196690,29.807501,28.006666,15.605291,26.610363,30.732605,30.051212,29.613483,16.151285,15.461961,17.034029,16.558058,26.330875,26.458826,23.325905,15.431324,20.575977,20.633612,18.423235,20.960556,22.908180,24.544544,21.878372,8.359815,19.771502,26.036900,28.491022,18.813887,27.986422,27.499702,26.193600,30.498297,29.087673,28.517559,23.735146,32.869488,34.945698,34.347939,34.479889,30.667173,22.279671,17.391003,25.191338,30.295853,31.075653,28.466896,27.626896,24.167908,21.647251,20.743511,27.324955,27.420650,20.048126,24.237936,25.606083,22.416008,19.891935,18.589680,14.556540,18.299652,16.837831,20.696974,20.913332,24.420563,19.649403,19.141062,19.261797,22.901173,25.892792,26.128368,20.639923,15.997152,22.955112,22.115099,11.118064,12.730339,23.910477,26.251244,20.415476,15.283055,20.723507,16.112326,19.503897,25.313137,26.247540,21.992584,-4.954764,21.291496,24.945614,18.344063,20.215988,24.744503,21.875317,11.809154,13.607153,26.455685,26.986614,23.778402,23.064100,19.586590,22.091980,15.983801,21.593925,24.988586,18.377192,11.177023,15.304853,7.249324,10.596065,16.817934,22.401686,14.814729,18.740271,24.172707,21.164185,17.508791,22.845760,22.571667,15.409878,19.803663,14.121439,23.352913,26.091518,18.120468,12.751885,24.339468,28.293888,23.883230,15.655453,22.881367,21.546896,24.553576,22.453661,20.155258,20.009146,19.368284,18.308788,8.639585,19.305065,19.802956,21.605289,24.100220,23.451691,18.592943,18.786911,20.341591,16.616341,18.530724,18.576542,6.182266,13.182702,16.794035,14.970709,24.690969,26.700537,18.679718,16.695446,23.042923,21.096857,17.491549,16.008791,13.267633,22.298487,24.742357,23.330095,18.469152,15.519839,15.400499,11.430526,13.811278,15.143777,14.306077,13.991994,10.433735,18.967068,24.652174,24.996166,19.827028,9.172199,13.695254,21.471500,25.499416,22.014353,20.052643,13.312100,14.814234,20.084782,18.133492,7.394114,4.009802,6.828244,4.726711,10.680693,9.693092,12.556124,17.112648,21.437813,22.294601,18.457067,1.984048,22.075966,18.946451,19.629711,21.574310,14.219217,7.246459,12.696468,6.423923,15.734648,17.441805,12.778711,8.186046,-1.374763,8.836631,13.707775,-2.275196,10.217312,8.390664,10.353703,13.625530,12.487331,16.458345,17.799477,2.388916,9.013190,1.914386,5.128146,8.188838,8.666245,8.869220,11.903141,15.066691,20.907600,23.021568,19.445772,6.726670,12.563253,14.560562,10.493045,14.243074,19.644695,17.603542,9.786551,12.036333,10.963711,17.435047,15.940484,13.488150,20.106865,19.675343,20.746393,-8.457045,20.204521,15.851108,12.364244,5.925949,16.192478,9.382592,16.237827,18.994455
[0;32mI (31410) ANALISIS_ESPECTRO: Frame exportado | t=30.75 s | pico=49.2 Hz | 60.5 dB[0m
SPECTRUM_FRAME,32.027489,49.218750,60.136543,hann,512,4.479362,16.152744,20.351408,28.899323,27.028809,22.637447,20.816795,25.859964,30.282852,27.337059,20.098989,18.712357,17.861393,24.325634,25.303890,21.059746,16.229889,17.708780,29.015430,26.658897,48.700653,60.136543,58.511730,41.583752,21.814831,27.716492,14.426472,16.147844,15.761267,14.432206,14.084141,24.438995,30.253374,24.979172,15.441235,21.964832,26.151045,25.150568,24.884876,17.592308,23.566425,28.412258,46.744961,49.611748,39.691734,25.445038,15.700680,16.701349,15.092645,21.476934,23.030996,18.174963,22.229988,13.981618,19.874050,25.874727,25.333231,28.112377,27.617920,32.244385,27.975525,22.797853,25.388391,39.667294,47.213654,41.998539,26.779329,24.918346,23.367153,22.267307,22.469225,28.872322,22.521076,25.227365,23.113775,13.761921,22.460222,23.032362,24.697866,26.158924,28.264763,21.189873,22.241264,20.059185,25.722965,39.981617,39.266296,21.392487,20.992973,18.048422,23.307703,23.521847,8.160638,10.613389,21.928480,19.794712,14.093046,15.216162,22.756128,16.474407,29.024744,25.820641,19.827690,27.039043,25.197201,25.641508,35.900532,38.403397,28.546141,23.678637,21.222008,22.683107,15.555155,19.494164,22.929089,26.913757,27.600796,21.689499,20.606539,24.746130,25.932587,24.216043,20.629284,24.569572,25.180336,21.307652,24.211765,32.834114,37.007404,30.038082,25.202023,24.643419,24.803440,9.912406,31.156961,32.022285,32.191521,32.944000,30.055824,21.428547,13.278456,29.826889,29.207306,17.388533,12.410932,10.069957,15.803961,10.231445,24.563782,36.234924,36.422459,26.141577,26.170404,28.327068,25.950184,16.549967,27.638348,25.680141,23.168354,30.614014,25.847149,14.480821,9.736043,21.708359,22.188877,17.819454,9.693328,13.336411,25.253742,20.993801,23.248045,22.219528,4.704466,26.037018,27.523031,22.197073,13.349222,30.087378,33.852634,27.328171,27.419844,27.100679,23.043972,21.837940,13.394456,17.734549,19.880859,16.204626,2.604592,21.551189,23.746971,6.491771,22.814388,28.405365,31.478588,29.306555,5.713711,29.864708,36.100838,37.062626,33.723022,26.552246,29.020987,12.585049,23.764708,27.060860,28.340500,22.192114,9.324504,22.405624,20.804825,22.575542,23.205746,24.459669,25.853149,21.495859,25.263844,20.006571,28.615961,24.097485,27.838093,26.748623,27.434084,26.090490,23.915892,25.484680,22.775284,28.489437,32.392380,27.133102,16.672392,26.922915,20.925905,27.914677,31.625368,26.942200,11.877176,23.747255,23.675478,30.666920,29.446980,27.388985,22.919085,28.977238,29.189564,32.312214,28.621094,33.580830,29.362305,27.398243,28.360079,28.161764,19.772303,17.558056,29.316723,26.392269,26.196177,30.911320,28.041208,25.558489,24.208294,34.648537,32.138893,29.975245,23.339798,18.118507,25.644821,22.673666,21.312140,24.580462,27.211090,23.104382,20.568001,19.109995,0.060343,17.795321,21.056828,22.278725,22.879784,25.271139,30.419863,22.938711,31.858818,27.461384,29.421976,31.624222,23.443008,23.839527,21.770260,15.770148,20.316700,17.350407,16.237162,21.571321,21.559391,22.090473,29.018507,28.424242,30.048620,32.328396,26.868145,27.762924,30.941177,26.487492,21.348669,18.034256,16.385817,19.008221,22.206316,25.547245,19.487906,21.280718,24.592480,23.303341,24.992380,22.219999,17.474113,21.162334,22.617445,22.839937,27.383228,26.845097,11.595459,26.578436,24.003782,23.367233,23.469341,-1.379653,22.949888,24.151468,16.728659,19.354689,22.667225,14.680580,13.488026,20.791704,18.118086,15.594866,21.486189,22.281471,15.074831,13.236704,20.320251,19.667416,17.414062,19.509199,12.988857,15.644966,18.216326,18.477261,15.463764,12.496279,11.920038,13.170797,19.844784,14.496065,15.318068,13.904104,21.831491,16.814598,9.280102,8.221638,18.399561,17.462761,17.577219,0.211706,19.428825,16.354862,10.856494,14.148578,18.301371,18.100353,18.019533,13.430204,13.238053,23.768370,21.131498,8.098780,15.347098,18.343502,0.428592,14.800520,-1.451504,19.772907,11.246400,23.026331,20.914597,13.326201,20.221426,20.814007,13.265184,3.122513,0.641148,17.118584,20.699589,21.826860,10.080896,15.244013,10.351768,16.206640,21.685751,22.020952,19.373131,10.465003,20.862049,17.096174,25.809620,20.821724,-1.605540,14.671900,11.186031,8.905444,14.780841,16.654514,18.905645,18.803213,15.418371,12.434816,17.998051,15.832404,15.975394,25.566385,22.865601,20.392010,17.643475,8.706722,13.036598,17.035906,14.503853,18.752707,17.952511,15.840186,11.968804,13.662310,17.598818,10.757793,14.187163,17.586857,17.084074,12.788592,4.906456,10.459574,8.116445,11.848232,2.451291,10.879979,15.289097,15.551887,13.319792,21.533028,6.969490,22.157595,25.236914,26.101460,26.196274,25.512512,23.006065,16.105724,6.289723,7.192921,9.789200,18.087795,17.308195,7.988253,12.393321,14.427467,14.949065,18.607563,10.812620,8.861284,15.539913,-6.727202,14.198935,-13.390745,17.102713,21.958439,17.991922,22.980024,19.533890,11.306686,6.589384,13.548071,7.107984,13.519041,19.073151,21.530340,21.475126,22.903204,20.338272,16.505682,14.871440,18.668295,14.168239,2.022443,16.795574,16.718796,7.501688,22.664747,24.356367,19.729425,16.390551,15.023352,7.129345,14.939624,16.170238,21.586466,22.600786,16.307671,19.891956,19.100975,13.459427,21.189075
[0;32mI (32690) ANALISIS_ESPECTRO: Frame exportado | t=32.03 s | pico=49.2 Hz | 60.1 dB[0m
SPECTRUM_FRAME,33.306681,49.218750,60.306107,hann,512,4.744005,19.102018,25.079643,23.039215,24.058416,10.947515,13.331024,23.298607,30.628836,31.772673,23.797058,19.175150,27.813969,29.862530,24.124828,22.707167,17.296732,27.767584,24.471775,33.222176,48.798389,60.306107,58.670059,40.839687,27.624987,28.242363,25.990952,13.924178,17.068928,22.638243,26.948050,20.173897,24.305088,25.599125,26.610077,25.767267,26.450319,23.650827,22.911711,22.635330,28.002354,20.715561,46.584579,49.348965,39.512497,21.608120,21.951855,25.422508,15.335190,11.203562,21.328421,29.556179,21.100384,20.199261,18.753300,21.118204,19.944904,25.687162,27.174557,22.807348,21.426888,24.458342,28.528767,40.952114,47.429050,42.574120,20.334267,26.583509,23.508026,10.531626,20.501785,19.613388,27.103943,27.308504,26.706696,18.952959,10.250357,22.205256,25.834686,23.446568,18.311192,22.733505,22.100880,14.679490,30.411089,39.953522,39.186203,27.050625,16.939610,16.977919,20.257523,17.756922,19.520990,26.751898,30.819641,30.758568,27.805412,28.163492,30.057573,31.946886,27.209599,16.623919,15.962914,10.380768,15.714695,21.238577,35.020615,38.181717,32.836525,21.239479,24.806555,27.968483,12.491514,24.209681,17.408998,22.636183,28.818598,33.091820,31.352072,20.966711,27.458422,25.519503,28.415365,31.837982,28.885738,23.867577,21.337336,30.352966,36.798634,30.010757,20.134892,6.195791,22.394535,20.873432,8.012515,24.009445,21.652134,21.217764,29.789429,29.593731,19.622089,28.014454,31.433968,28.817078,23.204185,20.547552,23.731325,28.753206,22.963665,34.297474,37.160057,31.385345,26.834288,25.312708,22.544287,12.440511,16.529491,20.014118,19.125687,22.603340,17.650625,19.874386,12.029131,23.497807,23.685398,21.151274,20.728817,21.737539,23.097418,11.008661,27.374130,32.888161,25.931488,17.162565,25.712814,25.436829,7.274725,26.080185,25.993217,28.093760,29.217587,8.606363,26.114578,25.872108,26.775663,27.205584,23.379200,26.594479,24.434156,19.060898,27.714916,28.486847,28.747593,27.952404,29.436363,16.865921,16.521990,24.810085,30.308115,33.346207,32.799458,34.467400,29.388275,22.861671,20.109709,30.475674,28.251543,23.596952,21.116005,21.988731,11.656003,22.338474,23.655081,23.590137,31.221863,34.335342,19.175692,27.843332,25.263216,22.997314,20.055840,21.760101,17.773535,27.599442,29.266037,28.719975,26.321098,26.634621,28.940224,27.173536,15.149793,16.365959,19.313274,28.003595,30.474094,32.888489,31.728174,24.887859,31.590776,28.051384,26.148045,34.149200,32.821762,21.019400,25.785957,31.118929,31.216784,26.759768,23.754635,27.215233,16.557098,20.279398,12.696134,4.632018,8.582446,22.739162,29.831493,29.265623,32.053555,30.951912,24.738810,22.376537,31.961159,32.810600,27.024405,26.681660,28.702175,14.052387,23.608210,25.995676,32.532932,33.816166,28.282001,20.590876,18.768185,15.855627,20.248804,13.751173,23.592407,20.273340,20.819399,25.600901,24.781803,28.172501,27.913269,20.472467,14.740105,23.628531,26.524658,28.237881,30.597729,28.630081,30.691628,29.509718,22.780905,29.303045,29.916420,23.760584,14.583313,24.313950,27.050657,25.192257,23.206081,19.320654,7.859494,18.275513,20.621021,10.137434,11.372974,1.189306,14.642006,6.293602,23.986927,25.933571,26.805355,24.957106,21.909515,23.261536,16.981556,20.013332,21.349409,18.988899,21.125166,15.096847,4.919260,12.073250,14.980506,23.232052,20.795761,19.348986,22.834093,11.473919,17.414705,22.315371,22.535286,23.196440,25.682562,21.100353,20.427923,24.606951,26.874722,23.859592,17.726095,20.706200,24.456234,20.076488,-9.172338,13.813950,20.747671,25.126421,24.053831,21.268902,17.316730,11.698851,15.438894,21.181734,25.022968,21.698582,27.204693,27.918293,27.256670,18.063955,28.040884,29.322628,21.447115,15.424042,21.855202,18.605444,15.345984,17.038548,21.870918,18.965380,22.023849,19.370010,22.386560,23.398056,19.959402,13.154999,4.927676,9.635012,20.874054,25.404224,23.219898,25.506516,28.835197,29.640989,22.219105,23.612061,26.636700,21.096104,19.670731,22.206032,24.111034,23.579748,19.413185,14.449198,17.051186,19.697718,22.261642,21.912954,17.960407,7.592323,18.323324,18.946808,15.074121,15.889081,20.690868,8.081795,21.621809,23.197769,20.163019,17.163832,16.199558,20.510656,23.932116,20.512733,7.377708,17.215145,21.347105,23.652380,25.837729,20.499657,17.879477,23.153791,24.267956,18.883667,20.276728,17.057383,20.594158,23.911066,23.122492,23.038731,26.217602,24.427887,21.180374,18.575981,11.222452,11.397936,13.262357,13.821515,19.694983,16.763136,17.064154,14.003201,17.515884,22.813660,18.939316,21.494923,23.868633,26.351263,28.201302,25.814678,26.841814,27.856806,24.744875,21.698456,21.745354,16.474976,19.788458,19.583744,19.554298,15.961929,14.410603,12.972079,15.548724,18.429764,17.988956,20.033649,18.976145,18.505081,16.513231,20.629463,23.968695,25.398111,23.843960,22.416258,20.349979,18.884949,11.134862,10.767071,21.681244,24.977264,24.650991,24.435369,26.787563,29.582947,28.180023,22.968626,21.112553,26.342974,27.398441,24.991388,16.644863,13.798721,14.451255,17.342339,20.019051,19.197420,15.789042,-6.311719,13.762074,12.605437,18.858835,21.447771,18.645895,16.352579,20.367054,24.071386,23.043499,19.923923,20.067223,19.238747
[0;32mI (33970) ANALISIS_ESPECTRO: Frame exportado | t=33.31 s | pico=49.2 Hz | 60.3 dB[0m
SPECTRUM_FRAME,34.585861,49.218750,60.242737,hann,512,-0.217747,24.889290,25.902273,21.556854,25.378248,8.713232,24.629118,26.337730,34.571426,36.261856,29.121155,25.385376,32.449516,34.060215,29.089945,13.021716,17.967884,20.311354,23.708019,33.065418,48.992012,60.242737,58.437828,40.076141,29.905838,18.803726,20.911774,18.564531,26.470758,32.309822,35.753979,29.249746,22.495548,17.148264,25.388714,22.972225,0.778522,9.640181,17.462608,24.129589,18.519842,28.687393,46.852585,48.848267,38.068001,25.995693,27.451202,25.087288,11.687071,26.245127,19.787329,25.956684,24.422913,21.997398,27.604588,13.764611,23.757593,27.867741,24.526091,14.860357,19.517939,21.216185,27.805882,36.558239,45.984650,41.592339,22.582794,21.175478,26.839602,26.435925,10.167406,24.933851,18.351643,27.833750,29.744680,25.193172,23.125042,32.367664,34.121510,18.761835,28.989677,27.977772,20.838852,15.333160,19.145981,37.058136,37.616119,31.872684,25.839455,22.865280,24.399195,27.983604,30.210117,27.681549,20.365734,26.882080,32.405441,32.400307,31.036108,37.089592,27.848433,35.809158,36.485821,33.300186,22.579897,22.572350,32.508476,34.346779,34.548615,32.359192,27.166136,26.776482,25.236542,26.617725,21.383297,24.472755,28.905642,28.745768,28.829157,28.325884,33.876240,29.237980,25.095104,30.369303,25.811031,17.479635,23.155565,32.769516,37.286369,34.194530,25.193937,17.400488,25.839729,28.124737,23.612560,22.250717,26.632984,25.908287,18.603880,21.740705,22.691818,29.062851,31.196249,23.870289,26.236546,24.542877,14.348407,4.763875,24.489328,35.723309,33.992447,28.968122,24.075340,17.606718,23.583652,28.406960,26.629230,8.342612,21.116852,16.591736,26.381584,25.443022,16.068619,16.568447,24.865456,25.149343,20.726757,21.274349,19.211161,22.061974,23.531229,24.196613,18.507349,16.278740,10.062906,19.836992,26.960018,30.246437,27.979868,30.026352,25.629772,27.947855,28.459110,19.885334,27.223379,20.107910,18.928692,25.280485,24.557039,14.561582,30.527920,33.400623,29.105331,24.986832,26.025373,26.651108,20.698708,7.479036,17.270149,13.364697,25.924515,24.533894,20.269775,27.630772,27.823906,25.765331,15.163635,12.173129,20.777493,28.533888,25.622252,27.097113,30.046911,28.259121,27.439175,26.665482,26.792637,17.523882,23.685415,29.542854,30.319242,17.485659,31.610806,34.721531,32.470474,30.036968,27.788433,21.069122,12.823408,18.352642,18.816813,13.811520,15.466447,12.214996,19.314627,28.516846,28.213314,25.895199,25.668964,23.240353,7.930924,25.698454,24.149834,8.500795,18.818527,23.559324,27.334223,25.617382,14.058404,18.444117,24.121689,23.015701,19.929579,25.250763,25.218189,18.676216,12.763311,-3.936793,6.636196,12.184119,2.472517,13.498887,26.732391,29.713573,28.205376,23.574104,19.027050,28.568914,33.925240,32.764221,19.135460,23.213892,22.459938,18.502207,23.925745,20.852932,25.108944,21.034605,11.105145,14.576365,25.385036,26.263489,24.133266,23.497438,21.642376,20.328205,18.902420,15.669216,-0.645461,19.443914,23.662073,20.874517,20.148428,23.683832,-21.021597,22.109282,20.767017,11.005979,18.267883,22.214314,24.354671,26.938370,20.554596,9.497739,14.014929,10.332335,15.748049,21.215294,25.163679,24.369160,19.281424,22.197762,20.430010,17.696968,22.980293,21.782333,11.775612,21.109650,24.562233,14.181295,20.956087,18.843424,25.455009,27.128651,18.440804,19.945410,21.902115,14.867431,10.828020,11.497346,21.859684,17.298582,4.745126,16.885691,20.946976,18.428492,16.482662,13.552037,15.196554,22.744753,24.715008,17.474989,16.457581,23.193960,17.717169,9.534791,13.618540,16.874954,18.500015,16.764778,17.982658,20.642405,21.942566,19.128639,17.406048,17.864473,19.161289,18.349014,5.266106,-0.739526,4.826685,15.303822,21.032654,26.957245,24.210037,13.888792,9.922719,13.955519,17.893650,20.386742,21.256792,18.050863,15.457190,15.282054,15.815792,13.304343,13.760605,11.509523,3.944275,16.110764,19.107765,9.353589,10.090059,16.323536,20.698748,11.792442,11.500668,13.080000,11.134468,8.457695,7.433857,12.546176,17.393677,13.038282,12.275492,10.181463,17.163027,22.243809,19.785797,9.236423,-7.835418,12.703609,19.773939,23.014402,20.127872,20.003139,23.176792,17.783817,19.216787,17.013968,14.495123,14.428926,14.498358,16.093010,11.442331,-2.708153,6.857692,1.678848,17.340401,18.880356,13.976878,18.153175,22.311905,19.476250,11.088272,18.017620,11.232809,18.462479,11.462134,24.063980,23.537708,16.706152,6.451903,16.783970,20.920486,19.150223,16.996426,17.193192,20.033054,23.576893,21.728737,19.824886,21.845018,15.840166,12.605776,9.325873,20.826878,22.464256,20.639746,19.177464,18.383230,16.685371,15.714273,16.444229,7.298676,18.066225,21.015266,20.839918,20.564831,15.934720,14.824112,12.189226,9.439956,16.298162,20.445787,22.963608,19.773249,6.563816,11.885397,20.161392,20.089930,20.229515,21.940479,22.679556,20.558817,17.616180,14.891537,16.155813,16.720844,14.733634,22.039251,18.550995,17.244255,19.307026,21.657669,22.694407,16.739004,17.830421,22.622662,20.958584,22.522173,21.518862,25.860157,21.122643,18.898809,17.996698,17.753901,18.296982,14.270828,15.348312,19.824335,18.351711,16.430552,21.618378,19.220863,5.452863,15.915266,17.324705,11.508570,23.788242,21.307388,13.336828
[0;32mI (35250) ANALISIS_ESPECTRO: Frame exportado | t=34.59 s | pico=49.2 Hz | 60.2 dB[0m
SPECTRUM_FRAME,35.865043,49.218750,60.284866,hann,512,20.995056,23.416273,18.027840,20.042036,9.600170,5.752008,21.413538,24.447895,21.137844,27.322557,26.135612,26.432915,27.047569,9.489000,18.471352,19.139809,16.762066,21.025419,23.469152,26.736145,49.470596,60.284866,58.572121,41.290504,25.094442,19.190691,15.815855,17.679779,27.032232,26.134201,22.351505,27.665840,16.713703,27.554167,26.570244,8.202732,4.919732,7.543692,10.946590,19.314320,25.777065,28.443798,48.059494,50.104786,39.391502,21.635670,26.410666,27.474825,23.623222,29.323307,29.695902,25.571596,22.872581,27.619225,20.929111,25.308475,20.497892,15.066689,19.462376,23.144426,21.800335,30.563295,21.325813,34.121948,42.999062,38.480530,28.022575,34.227730,32.890968,28.746012,33.105484,33.686729,31.502209,30.472523,30.468952,19.995001,27.202948,24.979340,29.736326,28.073757,25.801744,22.636333,20.709494,14.157142,28.738241,38.485447,38.158535,25.265190,21.629965,24.825945,21.394249,24.632872,30.512012,30.059130,23.622419,12.791140,22.757561,28.811337,21.602182,25.190647,25.158442,21.601719,26.156027,14.681297,15.774430,28.081818,36.442001,39.519917,33.876568,25.693445,30.320770,30.385902,26.901691,25.618725,25.965521,26.974831,26.208378,27.249586,23.879988,24.396772,29.485626,31.359121,23.393412,31.052685,18.152960,33.089619,27.690659,31.598969,38.087929,31.203615,25.734234,27.830561,21.485699,16.408117,28.125217,31.706974,28.930122,14.042974,19.694483,17.990396,21.315990,18.780415,24.365379,24.791874,16.628834,24.108749,29.584877,24.873392,19.640381,34.651699,33.882469,17.657372,17.138178,10.925406,18.413506,21.446875,28.097345,31.080647,29.600723,25.012730,23.176380,23.544632,21.567196,29.306709,25.756329,22.753107,22.154360,26.203354,26.899769,26.022255,26.134151,26.314726,28.963444,30.188545,23.591108,17.687084,13.252802,23.366703,29.022377,27.319607,26.120489,6.174793,10.534905,27.182856,26.298748,11.138482,25.628185,22.316362,14.371215,22.744415,27.246536,32.431736,31.668282,10.121655,24.952877,23.909433,22.899967,23.795139,20.292702,23.533924,24.011742,11.122623,23.466196,21.386871,24.009722,20.603445,18.731678,27.044441,24.636974,17.997990,19.677021,25.515024,25.546288,23.160402,22.849369,20.802490,24.488180,27.667761,15.706139,28.044388,29.971638,21.193430,22.980062,25.384899,28.471481,10.678123,19.650066,19.291513,28.668530,26.962729,24.078594,16.235302,23.732075,28.859798,29.850136,27.116787,18.527338,16.962049,24.391462,25.258474,23.490982,30.342016,25.183876,33.097324,31.307753,25.848167,22.074003,21.013737,20.349361,24.904858,28.830074,19.458359,22.504597,20.456062,28.302610,24.765877,14.001006,19.125908,19.478643,19.160940,22.367374,16.803089,23.012016,14.413725,25.225605,24.240990,18.537851,8.375178,8.662448,17.829859,11.984684,17.101618,19.590815,15.590043,18.899918,17.435757,6.604130,9.609205,16.292358,14.992061,22.236748,23.567585,9.601995,19.471100,9.685269,12.660797,0.595130,3.490130,17.014515,18.520475,11.778350,21.253159,19.575270,20.069817,19.943283,22.340427,25.384817,21.992367,20.516544,1.315842,10.551126,19.249365,17.293793,20.243948,23.223427,22.209490,7.473397,18.219887,14.831478,21.282415,20.687525,14.733870,21.086689,21.475868,20.592571,21.163383,19.963547,16.927273,12.593579,23.834238,23.133919,13.781635,16.168257,21.127132,14.928750,16.690828,13.569478,14.648106,14.205642,16.466002,13.841504,16.446930,18.125628,10.463223,21.232162,21.189535,15.691886,8.941551,19.527943,13.177114,9.434217,14.341153,20.749939,15.763237,15.810920,16.419296,14.949647,17.238672,18.958576,22.755157,16.673529,14.104280,17.797661,17.676085,15.356851,18.252909,16.674330,15.274959,21.037487,22.372932,17.298660,13.866011,16.782591,25.129042,19.232063,20.687622,19.808903,15.934040,13.103897,16.560820,16.892176,10.445952,-18.684975,16.732008,9.644713,18.775263,19.738764,14.140821,17.477859,20.196911,20.565489,23.814104,13.206337,23.730949,22.264425,16.120939,23.373550,25.850250,24.163544,20.020771,14.306540,12.521949,22.229725,11.495987,22.945795,17.740017,7.053318,-0.585180,10.973265,9.496820,17.526972,22.633564,13.847152,17.306290,21.674864,19.758381,13.726318,19.802893,21.652409,2.210284,11.643808,12.922363,17.089102,14.967671,19.070021,6.931959,10.280779,4.472914,5.334615,12.891349,17.141319,17.867176,13.932554,11.435739,6.235863,15.221025,16.859507,8.163830,19.797112,17.387594,16.232584,17.256943,19.839523,14.452014,17.030155,14.138504,16.169552,19.279724,20.470131,14.711439,24.196060,20.843410,16.604885,-4.299736,7.114247,15.106648,18.578060,18.826622,19.547401,14.228245,19.441727,14.154862,14.641621,16.690838,14.168906,11.826033,16.819456,13.711349,12.187601,12.310776,8.154963,19.002586,14.423435,14.113860,11.967883,18.169277,19.009895,16.104622,15.017096,19.807835,16.362871,18.521687,14.656363,11.015206,19.064281,20.263149,12.064051,20.194979,15.909126,18.024929,15.308238,18.081367,20.023354,11.769843,16.415972,5.843807,17.421242,18.088715,-3.460761,17.947662,13.908349,16.945255,16.191792,4.498468,12.327614,13.822971,9.844342,1.021907,3.955759,15.547644,19.488991,21.805313,20.143093,-0.580164,13.613474,2.955662,1.825943,11.059153,15.920914,20.254471,16.325968,17.993614
[0;32mI (36530) ANALISIS_ESPECTRO: Frame exportado | t=35.87 s | pico=49.2 Hz | 60.3 dB[0m
SPECTRUM_FRAME,37.144212,49.218750,60.518639,hann,512,26.681833,33.364975,34.201721,33.449310,22.836058,24.303097,21.763912,22.257584,19.008995,35.779247,36.197376,24.671837,33.433041,23.348881,26.639879,26.847307,28.960251,22.421280,26.359846,37.049641,48.893204,60.518639,58.663704,38.274254,34.420849,21.559357,14.688216,3.738359,23.001078,26.926630,29.737644,34.658081,25.093025,30.152168,26.593447,17.734295,25.938721,26.464432,15.683456,24.912724,30.520805,12.411680,46.830906,49.219021,36.690807,31.447832,26.699570,20.376957,18.689949,11.571236,26.508060,29.646242,35.419209,34.647766,31.504992,30.549686,22.144129,16.044140,17.362801,19.314127,26.651802,23.854401,22.240067,41.192062,47.465034,41.741478,20.053623,18.484001,20.621338,23.658945,21.855814,23.680630,24.549541,23.206072,31.085049,27.713301,29.981026,24.539938,17.914179,15.629363,23.030888,22.648331,24.900915,4.409037,31.736326,42.177132,40.595917,27.307508,22.731651,21.107647,24.455189,19.397648,28.729172,26.722477,18.703037,26.210255,24.376133,23.381880,26.236568,24.461000,27.266771,28.686068,25.029343,14.127960,25.346172,27.074511,34.991463,39.331631,32.175900,22.176168,16.468298,27.176533,27.954796,18.899063,27.411400,26.147278,20.956858,14.672224,22.398884,19.516855,21.366058,24.054459,17.351460,7.345470,17.835045,23.551617,15.461494,29.497280,35.075554,30.523209,28.278713,29.413071,18.310429,20.593641,11.174947,24.631041,23.966198,25.102009,25.792894,22.481146,25.125963,23.358767,21.002327,21.170332,13.607523,26.996910,30.626549,22.004326,23.565777,33.173275,33.933601,29.574488,28.323784,27.370481,21.454096,13.299261,15.946081,24.253178,26.349236,26.922543,26.079914,25.400972,23.755325,21.042805,23.841373,24.905279,18.657301,17.685574,23.052082,29.539303,27.353741,21.494350,26.649649,17.178419,16.867481,24.672798,24.099739,21.059280,20.617704,20.089336,23.827744,24.682589,20.326027,26.344910,24.387304,9.067731,0.648908,18.128525,23.972221,24.048498,28.496346,25.028990,15.521544,18.817757,24.958553,29.229794,28.164280,19.777382,19.249838,27.932880,27.854996,22.546688,25.423851,28.936464,27.851103,23.449221,25.083504,26.187035,23.612768,-1.163191,22.395994,25.854425,21.473169,-7.821240,25.730581,34.557014,37.046696,34.812923,23.373772,20.479486,29.106926,25.819080,22.333694,27.925608,25.253727,21.611362,12.813725,23.359211,22.904463,23.937294,26.416071,18.874668,18.547281,27.808575,24.537186,16.519688,18.452505,26.805130,28.010769,20.375193,19.111197,15.291738,14.855169,21.371212,9.438861,17.354588,14.606886,20.199310,28.341827,26.070522,18.132042,18.016356,23.609264,25.833311,20.189276,27.068680,23.614937,27.352474,26.185570,20.691662,22.427197,24.701790,23.732550,23.197731,11.625851,8.784578,21.114771,21.107620,9.202391,20.922028,24.446230,20.689861,21.422558,18.758497,25.062159,21.935854,4.925090,11.493445,22.399124,25.635546,27.865713,26.283876,25.586060,21.225342,11.086384,20.488132,20.757534,10.572019,15.916480,19.303688,23.573921,23.563992,21.534357,0.230551,23.823643,25.150040,22.851978,9.970474,20.074484,22.131435,18.891342,28.252428,29.344786,24.318115,19.327164,23.413403,22.703112,19.506939,21.966976,14.825746,20.588789,20.448627,18.248190,19.883610,14.454736,21.370623,19.659111,18.712334,20.535381,14.906523,25.246033,21.879154,17.145107,17.703938,12.706038,16.194407,16.866005,17.873095,18.113964,22.307823,20.846846,17.696741,24.583157,19.497284,18.260101,18.891230,17.224983,25.828419,22.543095,12.232901,19.942961,24.840015,21.497553,13.828365,25.250195,26.258892,21.631454,19.633789,20.242035,16.687954,13.261478,18.265305,21.823887,24.643412,21.596714,15.904383,1.631480,10.270267,11.015537,7.100734,9.490993,13.767477,15.105774,15.439244,22.609421,23.336582,22.637833,8.427725,17.010105,19.962849,19.580357,20.379736,10.074405,11.153116,17.478354,22.615473,24.714897,20.248058,22.160130,18.819376,12.112387,6.877647,15.875595,21.364134,18.740484,20.831606,14.679319,14.899192,12.138682,13.711218,4.963557,15.527038,18.846222,19.940836,16.950745,17.160980,20.600698,20.169899,17.720324,12.190519,-0.987574,15.014809,20.596388,14.963705,13.730397,23.817368,23.509842,17.752665,18.994507,13.989325,12.562785,10.984394,20.710808,13.372499,5.783881,1.138312,9.122616,16.932070,12.760276,20.082359,10.212233,16.429695,14.418235,18.009607,19.844404,19.104939,23.518616,23.645958,17.733833,11.333128,12.642889,6.010044,12.009855,17.908163,18.563631,16.693563,13.957434,18.236156,5.068807,19.789854,21.827887,19.091311,19.321268,18.721922,10.642767,17.571293,22.191475,16.936626,15.302897,24.301947,23.884794,17.045982,20.220905,20.543751,14.668167,22.485296,16.391199,11.245742,11.009361,7.181494,11.531912,20.922148,23.085953,18.935507,21.674231,22.645590,10.967116,17.664143,19.371912,10.317345,12.810288,17.749846,19.256374,18.995392,18.827896,10.777206,13.040478,16.075157,14.104315,8.968050,13.428946,12.778362,13.594042,16.319010,15.567507,16.955553,18.517208,17.486898,20.514860,18.680105,-4.037914,15.125563,17.445835,13.254879,6.608094,17.342499,13.821816,10.802328,0.173985,16.595085,16.975698,15.770980,13.903708,8.707436,6.460912,16.101530,9.353718,12.073812,9.660511,-1.107768,16.638784,21.409176
[0;32mI (37810) ANALISIS_ESPECTRO: Frame exportado | t=37.14 s | pico=49.2 Hz | 60.5 dB[0m
SPECTRUM_FRAME,38.423395,49.218750,61.920605,hann,512,16.957317,22.724422,29.371658,20.476503,12.801770,8.923302,23.149189,25.662909,29.692791,37.572807,37.404961,29.487036,34.920452,28.549385,27.591938,29.281054,22.698059,18.336987,23.802940,29.313868,51.094303,61.920605,60.211239,43.669785,23.711563,19.446491,16.253460,15.309158,15.899800,23.822632,28.954212,33.588329,27.058306,16.986309,16.794100,25.055017,25.552383,24.400494,20.057365,19.322039,3.238121,32.824024,49.950394,52.474342,42.477383,25.375519,21.922825,11.600305,14.294510,18.118177,19.558619,29.568174,31.843349,30.172985,28.090675,28.563431,29.646420,20.813419,24.668034,21.767620,26.895142,21.720188,4.173112,40.456619,48.094292,44.434174,28.648624,24.761726,13.533400,16.765625,24.937469,23.446659,26.027241,31.673080,30.419720,24.987236,23.220177,21.442352,21.563408,28.107634,24.278275,29.355873,26.369209,22.647799,19.082294,39.291481,39.699455,18.202946,28.400240,-2.981492,24.567493,24.547318,25.160620,20.645481,14.980663,28.697987,11.561880,30.520920,25.536242,19.827301,15.480386,20.739450,23.714054,13.743539,20.282246,17.946558,32.300457,38.783829,31.128918,22.742022,20.628868,24.394943,24.606953,25.264452,26.312704,6.369002,19.864647,31.655008,35.595573,29.765779,21.124897,28.510437,25.656860,21.739967,18.289082,24.625885,14.050188,29.280369,37.997787,36.041866,29.953842,24.279062,26.544460,20.675261,17.944548,24.981239,26.865803,20.660124,21.324358,31.875168,29.171343,24.560913,24.984922,30.212591,22.763521,23.130177,29.445427,29.164762,36.476612,42.335285,41.863308,32.857887,29.499115,18.048471,24.325293,26.550949,24.783287,22.583221,28.025263,32.516998,30.183992,10.566164,21.281893,20.257729,29.982519,31.133421,28.936502,21.865480,21.090591,21.926298,30.588350,31.311491,17.748161,23.363873,21.945421,22.408506,6.195921,20.608601,22.462498,23.109722,23.519821,29.233318,17.638445,27.784674,21.884007,21.559254,12.827521,23.284662,25.391922,17.325851,15.176781,28.116001,23.649067,23.057907,27.621635,22.195578,19.843456,14.133060,8.089594,21.450714,25.368942,28.926525,25.833662,23.098490,20.863874,26.893776,27.319469,24.924612,19.081518,24.534725,26.338108,26.036816,26.082645,26.687172,27.852615,30.237686,31.488733,20.844208,28.266476,26.606911,28.229408,34.299004,37.205376,38.108608,36.695812,32.706688,28.471403,27.721256,26.253605,23.571270,22.890757,26.068626,14.467450,22.813667,22.612246,13.006956,16.709925,23.978422,23.281076,20.061035,26.144070,19.104937,23.994678,29.081924,32.462177,31.370255,28.489040,22.141182,14.915261,3.287055,16.399551,11.601048,12.154107,17.305172,19.157511,14.897636,16.277229,14.319711,23.521605,18.716408,20.716036,17.186394,-0.869354,19.269499,19.016384,24.033697,27.135136,23.631046,20.119823,18.690445,21.033239,22.933430,16.028687,12.400290,19.691853,18.884243,11.915831,10.761933,10.874195,22.807035,23.749859,23.195110,17.621662,17.544998,2.279667,13.590578,9.952606,15.741484,13.507872,17.804935,16.211479,16.637936,19.888054,15.851003,20.434618,20.934063,21.126577,18.593601,13.921828,16.731260,22.261177,21.849081,17.694288,21.870039,21.196680,20.855341,17.497620,9.053410,8.228150,11.781540,20.554152,20.802879,20.055092,19.482374,24.158974,23.080086,16.013149,23.857380,23.861870,20.980556,17.329004,12.103270,8.440775,-6.710361,8.374168,17.988081,13.771192,19.992338,20.268335,19.943096,19.906530,12.438295,3.414614,14.836548,18.501717,16.405239,16.022909,4.659744,15.657953,17.834858,14.969969,19.786249,18.594404,1.300911,15.167862,11.991528,14.295959,18.634079,15.690150,19.810123,22.213800,20.076675,20.197622,21.085712,20.436766,12.626566,21.391890,23.109604,19.007954,10.624699,18.454031,21.256947,24.226028,25.313799,18.276390,16.278542,21.024166,16.419250,7.609474,10.657694,8.328403,16.127995,21.033705,22.817438,22.511391,19.674398,13.455193,18.267698,23.116177,17.681988,8.168406,11.120496,14.336132,11.439520,7.523917,-1.515777,14.367121,19.332430,19.487307,15.948351,7.631068,13.565321,10.212937,13.877305,13.963097,7.240405,10.670887,15.151324,19.633251,12.423323,9.956813,1.206920,14.475206,16.491274,18.120438,15.717299,22.774857,14.636378,4.457257,5.224936,12.792739,18.182770,18.250443,5.911600,9.718267,15.327129,14.629527,5.993638,14.395699,13.124722,12.989857,11.164143,3.021850,12.649383,17.136805,18.520996,13.072304,20.726404,19.290127,8.256580,14.838409,14.499681,13.021022,8.245404,-7.117915,7.712050,8.791241,7.053495,15.103863,18.126030,22.758818,22.544102,16.089909,16.133179,17.450809,19.433216,23.432035,23.163700,28.234798,28.759451,24.473145,26.187048,23.270687,20.568056,20.077688,11.916616,11.746011,15.736320,12.383517,7.460854,6.502972,3.222622,9.854343,9.691505,7.680865,14.266366,9.522545,3.010064,11.215622,21.532284,20.297546,12.504465,10.336661,13.140096,19.044348,18.200317,18.173346,19.634401,18.681900,17.875816,12.204570,11.620173,13.758515,18.764040,6.315300,10.677905,11.649515,13.347433,12.124493,-9.071754,13.048015,11.656052,14.815804,3.166933,10.157882,13.272074,18.954153,21.004229,20.677540,15.927534,16.369287,19.237215,18.502733,18.364679,17.240177,21.116171,19.539989,2.913312,13.582544,19.820751,24.510159,24.459835
[0;32mI (39090) ANALISIS_ESPECTRO: Frame exportado | t=38.42 s | pico=49.2 Hz | 61.9 dB[0m
SPECTRUM_FRAME,39.702578,49.218750,60.834190,hann,512,28.260597,31.542685,32.209240,10.551118,19.952854,24.666504,22.222683,3.450186,19.262585,30.200111,34.588264,19.458664,26.223351,20.068151,19.006920,21.276073,26.979893,13.594442,11.861548,34.107010,49.005562,60.834190,59.281303,42.104332,27.943951,22.883755,18.678268,22.833000,23.980312,3.977255,21.082977,28.605003,19.599594,21.764143,18.475458,21.919548,23.347527,25.592442,20.646019,20.672762,16.686607,23.770042,47.960007,50.752640,41.088215,21.928511,20.430649,21.455114,24.833302,24.469357,19.645550,22.517645,32.791569,29.985401,25.926388,30.153320,28.553711,19.955194,22.953348,27.141415,26.381987,24.037689,16.823505,42.077003,48.042828,41.607594,24.560127,26.608585,27.111576,30.784607,28.995703,24.774269,19.965019,31.428614,35.058727,32.480644,32.401058,25.899847,25.724087,25.279747,29.241125,30.353621,23.961237,18.282143,29.522297,38.459621,34.894081,21.649218,17.252329,15.964955,18.201418,28.864367,28.615124,19.756294,25.878250,29.393713,25.372419,26.666653,30.116402,30.515224,28.642920,27.010208,23.038712,13.366669,15.025480,26.349335,37.910854,38.930145,22.785213,26.972775,26.059582,20.941355,27.301884,31.857126,27.058985,20.464096,28.322420,23.504847,16.573204,16.411160,24.681223,17.353901,17.714108,18.602463,29.802282,26.474236,24.296288,32.836784,38.801693,33.546677,27.390661,32.253933,27.841846,31.329056,35.301659,37.055710,37.771336,34.443985,27.214787,23.120516,31.113873,31.377640,32.029716,31.806133,30.667017,36.567043,37.111790,32.745041,33.479401,33.390358,39.680824,31.852427,19.889919,9.564466,20.688099,17.023575,27.447073,35.158073,32.144333,27.865623,28.483425,26.982582,24.548050,16.785675,17.711002,15.780207,19.894352,23.352499,32.291851,33.859058,26.661699,36.589832,35.337578,24.972879,24.342304,28.481779,31.810801,34.011292,32.743248,27.403324,14.768418,23.440226,23.721142,28.994629,30.090628,26.573141,22.473770,27.192184,25.712530,14.016323,23.004871,25.151121,27.698647,22.291430,29.119823,34.627174,30.977367,30.632236,36.944004,39.048492,37.805393,25.025814,32.176865,33.273586,34.098171,33.630524,32.488998,33.476982,35.034035,35.808662,34.382206,31.550606,23.255486,25.436747,20.246620,25.893272,30.154181,22.793350,32.736095,40.165009,35.645042,33.463673,37.361370,37.739910,32.277714,25.910089,25.525646,17.766611,29.207724,31.642155,32.934292,31.455215,26.145206,31.879047,31.001945,23.573105,23.338633,5.833811,25.609110,23.847296,30.395535,20.699783,30.862583,23.350809,17.566227,27.692736,27.906542,28.990698,32.750023,32.027534,26.490730,19.103924,14.061249,24.570845,26.768593,28.476370,29.370396,31.435717,34.386600,31.545908,32.200989,34.058681,32.083210,33.662132,35.973038,35.860535,34.099892,34.514328,35.267426,32.676678,25.690260,31.614334,33.333466,33.413010,32.906208,31.944292,34.230148,35.800674,33.450966,30.000248,31.969736,35.372551,38.626965,39.834980,37.028610,29.091167,27.834133,33.945042,38.204857,39.241196,35.063091,37.052570,41.332680,41.985123,38.863064,35.263184,38.552185,37.215271,33.066708,35.480698,36.176800,33.806293,32.655685,39.328445,35.786331,27.805006,24.667667,28.131901,22.476654,19.071466,24.244310,25.708004,24.915688,30.106895,29.044827,27.587639,26.964437,26.919498,28.412354,24.016960,16.105679,23.345737,26.084307,26.774845,28.246443,26.115484,27.239676,31.381805,33.111912,29.885914,29.213505,32.779194,30.445255,24.024336,20.102827,17.701769,22.330751,15.084323,19.137665,27.178288,31.381172,33.260948,32.062012,30.055977,28.332932,27.876413,29.852287,32.096245,33.353851,33.848679,32.189877,28.773432,26.950348,25.707445,23.182295,28.723412,31.283491,30.184013,19.186012,26.095392,31.922846,31.587858,30.026585,24.561731,22.708164,24.940113,21.512226,15.054431,19.310230,23.896444,22.068287,26.481321,31.159729,31.321838,26.647278,26.994381,27.118170,4.145937,28.138371,29.605919,28.030788,19.672060,22.396431,26.705303,26.071272,24.916409,20.287294,10.865271,14.422416,16.779629,6.654657,12.980108,15.330087,19.534296,19.280891,19.461056,20.466793,1.271707,17.482792,15.741635,7.116529,3.451255,16.033031,19.815453,20.873106,21.231064,25.135286,21.630772,19.141602,21.132853,21.222443,15.793996,19.368761,21.313734,22.320660,23.777481,23.531513,21.912441,15.373038,23.245638,26.327145,27.588638,28.448753,28.110558,20.849960,18.338730,16.434076,22.392004,29.573843,29.323448,28.174751,27.956314,32.297421,34.660137,32.685974,25.806778,24.073303,26.718468,28.844215,28.943771,24.905970,28.047009,29.356831,23.320004,23.829067,29.707701,31.323906,26.673468,27.009720,28.590034,20.872028,17.395138,26.042320,26.331205,15.166828,18.055271,22.770504,9.249464,24.212618,25.585489,26.246223,23.521385,20.580246,21.244795,15.896707,21.087187,20.230925,23.835924,22.551382,19.545319,24.044437,25.971230,24.967077,26.670809,26.441063,22.878120,13.828664,21.931919,19.405666,18.763834,21.012852,25.004480,25.402115,26.313198,24.372360,12.549777,19.585472,18.280621,20.171970,19.611956,15.043638,8.422115,13.949081,21.625587,21.899767,11.120899,18.927711,26.863838,26.934315,29.418621,31.928045,30.084747,31.164629,31.354465,33.335068,35.328354,32.790024,30.012522,25.477541,32.213425,32.359947,26.016291
[0;32mI (40370) ANALISIS_ESPECTRO: Frame exportado | t=39.70 s | pico=49.2 Hz | 60.8 dB[0m
SPECTRUM_FRAME,40.981755,49.218750,61.234623,hann,512,29.518354,34.905304,34.802288,32.210594,20.286901,29.198654,24.853327,26.238241,21.390259,31.181511,35.763889,35.897709,33.318974,24.830637,22.895041,18.613602,25.240093,18.167812,19.323271,34.852097,49.759411,61.234623,59.525795,41.994614,28.432674,14.967426,23.225346,18.411926,19.497925,15.773019,23.393791,33.037334,33.304207,30.782766,26.397892,27.508427,28.648605,11.476038,25.494349,23.769119,12.709419,29.039806,48.569225,51.307850,40.702511,27.038788,25.147823,16.414433,30.743053,32.602592,27.037991,26.731197,25.216793,20.976433,18.980179,21.044653,23.272476,23.880024,16.464506,19.894979,27.110472,20.670336,15.319292,43.601032,49.278599,43.178181,18.371004,22.405252,15.779592,31.125397,35.126411,31.613209,27.651102,33.540802,26.664234,21.546890,26.290476,20.243286,20.524654,24.160440,16.508621,18.558767,18.678095,17.035297,29.950106,40.582649,40.328773,32.154587,28.932524,21.355030,26.265610,29.531937,26.055920,17.240227,24.677109,23.617170,12.860909,18.547728,22.501221,12.507406,11.519109,16.828789,15.386787,11.371044,16.765625,33.013149,37.618149,39.380962,31.411264,25.839409,26.374495,31.655247,16.113201,35.650658,34.499710,36.343513,38.459160,33.277061,30.385855,24.423864,29.901310,28.991989,30.192360,28.876137,31.985493,20.004158,21.891445,35.098770,35.500420,34.731667,30.383207,28.804998,34.757862,34.428223,38.254513,43.802383,39.410599,45.299835,42.447334,38.415867,40.194977,36.235291,37.593693,31.164274,26.959557,28.220856,28.683708,31.971264,28.599356,33.460743,34.668774,27.696453,23.228674,23.851711,28.094818,20.970488,33.456768,31.020184,36.615192,35.875130,31.258938,31.565922,26.643496,29.461475,26.973169,24.299263,26.591782,16.951424,31.720085,20.355776,31.963825,32.915855,15.695243,21.883419,14.222155,31.332317,29.095354,27.663467,23.435595,27.265968,24.937065,29.350620,32.485256,27.731052,25.896589,28.861973,27.023602,34.206512,32.807934,27.255041,33.509323,22.788754,36.698418,28.189552,29.368113,20.895350,29.669027,29.817326,23.274776,35.201393,35.760433,38.005650,38.483818,38.201881,34.986462,30.283085,37.558514,30.061054,36.853729,38.594212,31.069536,30.449833,35.968636,36.188271,29.376013,13.747179,17.659336,15.244651,23.088552,28.695858,28.521877,31.955372,32.369110,24.928822,28.741062,30.797974,18.768761,13.044396,24.323359,29.495581,29.830166,25.664530,24.208605,27.903851,31.434479,27.823811,27.626972,26.239664,25.691750,24.535400,18.748552,26.442223,31.434406,25.430012,24.720695,27.363201,8.630026,27.186815,8.399984,25.168665,15.009917,21.369549,15.479656,15.574292,15.786922,23.135399,21.975941,19.684990,18.799751,17.272951,25.842630,20.152382,25.420109,19.282934,11.012609,19.142504,25.192513,25.159037,28.107513,31.436899,16.114412,25.632355,25.410919,33.095375,34.062340,35.278000,32.852333,35.243641,34.917412,34.669807,34.108555,33.250164,30.933077,30.831297,28.721476,21.887274,27.082518,23.485897,22.466190,24.742535,24.055042,20.786055,13.519326,18.167816,19.150658,23.996393,24.248686,14.661523,21.312386,16.213428,16.162575,21.830875,24.317781,22.193783,17.788076,18.159355,17.585257,14.707216,21.376221,22.663202,15.816498,17.011454,15.998781,19.094639,14.290915,11.720940,19.750668,13.687139,18.762680,9.219682,17.628422,18.559353,22.384495,22.347754,23.881603,21.215307,13.221030,19.266491,22.500666,14.797049,16.858814,22.059336,20.941622,-12.212755,15.210669,16.770136,20.217678,20.739738,3.164706,9.580256,21.863903,24.687832,27.623739,33.847591,32.457539,14.679016,32.231678,33.307793,28.934710,19.355297,23.454433,29.268333,26.695232,15.629118,29.108932,28.505672,20.058708,12.082653,19.742432,24.285480,25.927902,22.457170,12.448492,23.184025,18.636620,19.711971,1.844532,20.531525,22.052357,20.747787,21.301050,19.474503,10.787781,9.284196,8.997382,14.851835,18.363119,20.163200,14.440548,14.731636,16.541790,17.986835,17.549856,17.518085,16.297590,14.986901,20.131214,22.401947,22.094131,18.737816,11.179430,23.353096,24.750776,10.011108,20.975485,14.704683,18.471052,20.646561,10.879902,20.304232,19.281029,15.683383,-5.214683,21.644266,20.924412,7.428810,18.759554,15.551620,8.151925,6.753619,18.422701,19.942629,23.465034,23.725685,27.462791,21.067783,27.011547,25.348122,16.568729,20.039230,19.188726,20.621544,9.189030,24.806852,24.625477,18.992441,25.062645,23.933262,18.494158,22.086203,19.640331,17.575388,21.032455,14.806371,20.910017,20.381010,20.081032,16.515902,18.670485,14.655191,15.798866,10.360751,18.828672,11.765907,18.445482,7.183011,17.746901,20.267403,22.940708,14.326529,8.800131,16.160410,16.174324,18.946671,19.498165,16.206381,15.555587,16.614285,10.326298,17.968962,8.987825,15.791741,15.579039,9.383167,18.703388,23.507034,15.670318,21.605589,16.662518,23.931095,28.451632,25.245064,27.629189,30.139837,25.449465,18.009369,23.510532,24.759308,14.772954,15.469541,22.896402,25.064171,24.015106,27.249607,25.710962,20.189224,22.241241,14.299637,8.985680,24.102144,27.521544,19.107204,18.543085,13.890057,20.881893,21.879509,19.620087,16.022831,15.201777,0.189970,15.276513,16.081713,15.600291,2.209856,16.366102,11.035275,15.682784,2.388480,20.861214,20.403814,13.454105,17.035843
[0;32mI (41650) ANALISIS_ESPECTRO: Frame exportado | t=40.98 s | pico=49.2 Hz | 61.2 dB[0m
SPECTRUM_FRAME,42.260935,49.218750,61.527538,hann,512,17.658779,18.690170,31.078526,30.916817,21.650379,19.170130,18.651360,24.348593,28.725918,35.541893,38.666958,36.463188,35.824657,29.137514,16.844313,19.180494,16.054657,19.369490,30.335894,29.466753,50.773560,61.527538,59.892750,43.931461,20.484528,23.323004,25.873299,22.282822,12.929612,28.071014,29.335653,34.576820,30.981123,30.449806,27.728046,14.974964,23.571817,2.212038,17.554407,28.174156,29.114250,31.924417,49.137379,51.990944,43.216125,17.111809,17.184803,18.354740,18.359686,5.244927,15.146893,14.147586,29.010792,30.371599,22.756289,22.320217,19.011930,24.301006,21.829073,23.675663,30.256737,29.291920,27.259996,41.452751,47.673969,42.308350,30.589588,29.348146,20.983330,22.181795,24.622534,22.187998,18.930450,25.946507,31.295977,31.001976,31.010307,29.829809,22.683973,22.367359,19.575047,23.695213,26.201536,25.649590,29.973518,39.458138,38.650829,27.321468,22.332458,19.915590,21.422575,27.146444,24.159523,18.219051,22.879494,28.105221,29.073362,22.821384,11.146255,18.068592,21.240864,17.543581,15.501157,24.918968,21.580883,21.105518,33.756512,39.431480,32.730267,2.940042,15.184271,21.709133,21.706459,11.618490,25.801857,28.115442,21.816957,28.691441,28.653889,6.089302,19.781101,17.855520,12.413701,17.849039,22.255417,17.840668,13.148837,27.825413,36.567924,32.081741,17.520428,3.333132,15.600404,15.866875,19.997194,-0.195893,28.337954,12.438900,30.465219,30.056360,19.404509,27.224237,29.423571,26.540804,21.797010,20.680923,22.621120,23.744137,20.382948,38.896500,39.586384,27.245880,26.988764,29.714359,23.810530,22.924147,20.051899,16.954645,21.009569,27.098104,27.034641,24.264681,17.144020,16.375690,13.231157,17.733719,10.326521,18.546745,23.656332,25.309055,29.416424,32.752880,24.190117,27.250961,28.359726,19.940575,19.915962,14.985165,24.468382,24.464146,22.708769,6.913504,17.202202,20.665255,7.892840,20.650494,19.385448,23.214489,24.078772,19.427240,23.643677,30.022326,28.848419,13.489706,31.014271,35.266388,33.611877,26.472254,22.791327,13.898697,17.382582,22.962477,8.207661,23.397247,29.010895,29.849079,27.608232,21.508322,24.797745,29.929659,28.186579,7.958888,28.645325,31.153553,26.987202,20.542889,18.547363,9.818166,20.433002,20.675280,17.465225,22.365274,25.678490,25.847542,11.176381,28.431168,28.778797,25.030115,24.105417,23.384466,23.253922,1.097903,24.218616,21.233156,21.407804,23.976202,24.942345,22.207031,22.136114,24.214615,26.309454,22.451628,25.282089,24.254360,24.874519,30.273935,21.085062,29.467604,21.124226,29.984493,27.863518,16.804647,17.945147,24.191196,27.903133,24.539570,19.506531,18.762220,22.394112,27.431717,27.958963,25.350838,22.676184,23.052612,24.405598,26.705189,26.515186,21.084024,22.011946,13.119574,16.971209,17.601990,10.728707,22.778625,23.457153,28.086391,25.746840,22.528061,26.707209,22.016335,10.295012,18.914270,20.430649,15.190591,18.080313,19.936350,24.634174,18.321474,12.999163,22.127438,23.192595,19.717243,13.822303,8.175164,12.987576,13.557042,7.721988,16.922209,19.816689,21.722317,21.267164,12.890560,18.421310,15.222778,18.971033,16.963594,3.522731,16.234449,11.791248,14.831959,5.612446,23.694096,19.116997,13.379261,10.534268,16.468006,16.080437,6.276562,18.059834,16.248753,20.990402,24.422821,23.279694,22.318087,10.853109,17.961231,19.386272,17.632353,21.010468,17.629555,18.961006,18.025105,22.125458,22.325481,19.911427,17.232206,6.850302,5.559682,10.158150,10.134844,15.381230,18.315392,16.601191,12.076723,10.918114,18.503918,14.954149,6.179119,13.962636,10.714487,23.914459,26.987942,25.196306,20.624428,16.383396,19.434677,15.964756,11.007260,12.099115,15.335218,19.941647,11.234745,15.316991,18.238796,14.485947,6.158996,12.561737,17.050873,22.456860,22.834797,22.016464,13.201847,24.921219,27.539217,26.661938,22.651255,19.934816,20.944542,21.560061,14.892788,21.551128,21.780338,18.893097,22.005899,22.369019,21.754055,8.409637,16.605349,18.903803,19.260515,0.015375,13.550128,16.074669,22.549679,22.290888,13.321655,16.191910,19.452120,21.251738,15.386898,12.062651,11.140139,5.046132,13.684805,19.429996,25.170170,25.196169,17.327209,19.770420,21.271770,17.672998,10.587768,10.952118,17.854816,17.125532,10.561967,18.511196,21.317299,14.285480,13.507515,11.868917,13.642788,17.790871,22.122450,8.697186,20.671734,23.562717,19.626129,8.757117,19.187548,22.670794,23.689878,21.306309,10.170222,10.478842,10.650209,13.423590,18.311562,18.739155,3.850511,18.221992,15.488310,8.396834,17.755173,11.487322,19.686682,20.330757,21.497292,18.956440,12.312597,17.127966,12.880108,12.748070,13.420494,18.523243,17.675301,17.034962,17.653442,10.629958,23.486549,24.532902,13.565907,14.544546,11.712276,11.549944,13.166599,9.355885,15.585442,21.018255,18.671911,15.056233,20.086020,18.546703,3.831407,8.168919,9.276752,3.972354,15.223810,20.450945,17.756628,14.202684,13.557562,14.782080,18.773046,20.179394,14.050332,13.570004,16.516417,20.119289,19.532486,17.324766,14.321265,19.175709,20.176439,13.310402,13.023842,20.995605,22.667557,16.789650,19.889526,13.904587,19.341457,16.984497,15.036430,2.096008,12.693409,15.488181,5.338479,9.086433,11.589354,8.348030,9.939951
[0;32mI (42930) ANALISIS_ESPECTRO: Frame exportado | t=42.26 s | pico=49.2 Hz | 61.5 dB[0m
SPECTRUM_FRAME,43.540116,49.218750,61.260773,hann,512,28.582512,35.686104,37.200619,41.093987,41.369484,38.220455,32.574726,26.567287,28.007061,35.735367,37.715832,19.097454,34.439827,28.860361,27.678070,31.212519,32.689255,35.724815,35.105537,38.238060,49.487862,61.260773,59.735531,44.156284,30.497681,35.205528,29.879904,28.853794,19.156878,25.203468,32.684559,35.549980,29.650997,25.319212,31.115829,24.089720,28.514095,33.389496,34.510353,32.761826,32.161457,27.642309,49.172707,51.870388,42.947441,30.887186,32.783325,30.195694,24.415133,22.075836,30.775436,35.406841,36.818886,32.843143,25.793030,35.674271,32.759979,16.299242,33.230019,37.624306,35.058380,32.428516,30.483376,41.385235,47.289757,41.532959,27.133303,30.381687,28.077250,19.886992,23.902571,33.410492,36.685429,34.874275,29.116888,31.273088,36.046982,36.770432,32.998806,31.753645,33.459267,32.324558,22.474325,25.023870,31.410501,37.443550,38.316483,29.564543,22.280371,31.354843,34.077080,33.717957,35.434418,36.192642,34.076080,31.410122,33.886497,33.412525,26.927818,24.761532,29.000572,27.671625,29.027603,33.129166,35.053173,35.735336,40.144367,43.858170,42.824932,34.183975,32.985889,34.522587,29.636354,31.990576,37.604923,35.682217,24.610001,31.444065,39.310860,41.653179,38.702839,32.632309,33.950836,36.210545,38.588947,40.463028,39.535152,38.134659,41.279808,42.075478,40.208801,37.694748,38.975594,37.684334,35.830704,36.599030,36.002831,35.573078,37.528736,31.211010,23.500566,27.441135,31.532734,36.564556,39.722504,40.269356,36.903786,33.405083,34.820236,36.088570,37.841778,35.235844,32.986340,28.665953,17.630751,30.980053,34.784904,39.283989,36.373199,17.428057,32.429100,34.219833,19.500633,31.827923,29.881334,30.758640,25.246115,21.423058,15.531903,25.021925,30.302311,30.108316,26.634068,34.461765,29.956764,26.511864,27.721159,28.357096,31.824299,27.260738,28.417854,24.940739,29.795675,21.945225,23.717083,13.275187,12.320978,22.571014,25.546761,26.533482,25.016365,25.447445,32.378956,34.433147,34.526360,30.481579,28.526871,33.524239,31.694435,24.189655,24.315842,25.536983,21.507980,28.447372,27.906689,23.311531,27.078772,27.424301,27.388859,32.293995,30.872698,29.367241,34.537006,26.884308,23.077694,29.797085,37.437229,38.230232,36.163662,33.562420,35.884651,36.660755,35.815933,34.714504,32.209480,30.455454,34.954357,33.188725,35.610828,35.305790,29.200310,36.173626,39.735317,40.891464,40.708458,34.573330,36.329430,38.203041,37.843056,38.955662,39.060814,22.165363,36.401691,36.274055,31.230778,28.639069,30.233652,27.808563,28.957363,28.537035,27.717461,28.367769,23.479851,21.108234,17.070805,28.846317,30.647758,26.961020,31.132746,36.124977,38.918236,37.183578,30.704327,35.320683,35.702938,31.124382,31.880230,30.473045,27.091209,24.490208,13.374632,27.708319,30.141926,28.785479,27.194992,26.061241,28.704100,32.356998,31.316683,26.695621,31.103550,33.642315,31.052437,31.041874,31.015198,21.942387,20.369379,26.727535,29.920673,29.790937,25.986282,16.659700,21.441147,24.403650,19.363714,14.614352,19.980671,24.598923,22.813847,29.426403,31.059528,29.855080,33.425446,33.968056,32.999035,27.584568,22.157463,30.879940,31.861048,26.646641,23.144960,28.624165,29.829506,33.602482,37.060791,37.053993,34.025688,35.038593,36.800922,36.803009,35.664898,35.966061,36.766254,30.380821,35.176388,37.897774,36.119057,36.502773,35.460777,34.982002,37.371071,37.281788,34.016106,33.999016,34.123531,33.501171,28.048372,25.801922,33.674129,36.369926,36.155228,34.555706,30.439919,28.646069,23.118034,14.857116,27.086941,27.113178,25.976889,30.029312,32.790199,31.313751,26.646235,11.676191,23.281443,24.368895,25.171562,20.533058,17.882330,24.448185,28.201870,29.654190,29.254074,28.702148,26.940977,24.977446,25.129463,24.542477,28.648264,32.523380,32.649345,31.400162,32.244717,31.563177,31.236971,32.644852,33.707134,34.535965,34.634014,31.211945,28.485714,30.384819,30.433926,30.748320,31.286543,30.268089,29.345554,30.406153,31.018890,32.756760,34.287224,31.722336,23.063133,14.317307,28.369520,31.445267,30.227318,29.650080,29.574125,32.468292,26.045254,25.898205,31.730616,28.629763,27.847736,28.363598,20.815773,28.944921,29.871389,29.487644,30.796003,31.884058,30.756287,29.119347,25.753674,24.794216,29.202332,28.655697,28.265736,25.819056,18.542522,26.480654,25.745548,23.032959,20.793938,27.788832,29.768305,27.558113,12.339381,23.325903,24.302177,23.802498,19.195364,9.880709,9.181513,19.102251,18.782639,16.007902,18.370459,18.956841,21.963732,26.703247,29.109520,28.054159,23.845644,17.937603,15.190664,20.963779,25.342905,26.286362,22.926121,21.378120,21.995028,23.682369,25.584974,26.987360,27.119789,27.688505,25.992395,16.587111,21.141151,24.368675,23.781467,18.019266,13.819790,10.904980,20.196426,24.559429,24.091141,23.240105,19.544580,22.294201,23.468472,20.101749,16.180824,14.849028,12.590799,27.114899,30.329859,30.373245,25.048302,26.803951,32.192818,28.394529,25.257624,29.396656,27.771978,24.738855,14.000483,25.590286,28.991028,29.992962,27.237623,17.023956,25.438206,29.885574,28.364273,19.634466,21.862282,17.770010,20.086655,18.059393,21.848110,23.588356,22.678492,21.845608,16.829855,15.567541,20.800200,17.473652,13.891906,23.098339
[0;32mI (44210) ANALISIS_ESPECTRO: Frame exportado | t=43.54 s | pico=49.2 Hz | 61.3 dB[0m
SPECTRUM_FRAME,44.819299,49.218750,61.209942,hann,512,19.932583,26.062517,26.609755,21.875938,23.415871,18.987381,15.337052,6.029123,21.383717,31.945618,39.520870,38.548599,33.685776,22.769695,7.698164,22.216167,22.584047,27.489700,14.434155,32.222897,49.958466,61.209942,59.625122,43.032185,31.318195,24.364399,12.803831,18.537485,9.795712,11.830477,25.437981,35.957603,34.963604,28.807178,19.562756,22.484007,14.220990,18.515738,19.578823,22.048847,25.675499,32.447552,49.216881,51.628273,41.543221,29.389862,27.934143,19.596626,29.274168,21.687815,24.257925,29.077923,23.243006,31.434139,25.122423,23.855019,29.228498,29.984797,27.598536,22.496387,22.710697,27.441750,26.577915,39.048195,46.128124,40.239849,28.091930,25.642132,17.844666,29.066498,29.082201,28.170908,34.732445,29.025703,28.968647,32.427666,25.997421,15.967246,24.128378,28.773993,26.457520,23.848923,29.552881,29.021324,32.300091,39.485325,36.033207,22.830734,24.973469,25.816704,26.169329,25.513435,23.775385,31.125040,33.972775,31.273899,33.009789,30.286940,22.216322,26.622086,31.054855,28.554155,25.253857,19.618311,28.518642,30.712498,39.239910,41.027061,30.609535,22.958237,23.127634,30.231516,32.886589,32.905315,33.455585,35.114227,33.890999,24.173943,15.629475,19.507839,28.614201,29.963608,23.574745,17.618227,22.818005,24.523182,28.075222,30.161095,36.553093,32.497776,18.723595,25.671835,24.780962,29.514675,30.125311,29.714201,26.346458,27.218773,27.033077,25.139194,22.878044,21.798513,23.274557,13.876022,16.235909,12.632195,26.497730,29.525431,28.569923,34.221275,34.651569,24.517082,24.273853,25.399885,18.322567,20.238798,25.403872,24.877825,18.511307,11.509310,18.875811,25.507992,13.974453,22.928417,16.946812,15.094728,14.982662,19.472292,25.194164,17.803211,26.522469,28.617170,20.247686,25.852566,24.197472,15.068199,6.247056,22.557791,25.607609,22.778578,18.845802,10.171858,17.623394,20.241451,15.034054,20.453754,-0.017706,19.931299,21.744370,23.110954,24.111698,23.763618,15.134664,22.191723,3.132156,18.163145,22.776512,14.774604,7.053758,20.751125,25.229111,21.495783,20.759523,15.739436,25.387438,26.115149,17.207930,23.617002,21.596601,19.250521,19.099396,21.587904,17.955200,23.945965,26.188828,18.252670,9.800482,27.623245,19.420469,19.034716,21.696777,23.467903,30.128927,25.352886,30.719805,22.987186,24.925070,24.163071,21.028822,18.013264,20.496538,16.418179,25.329372,27.216034,14.044770,29.222740,28.957031,26.755514,22.754583,28.572865,29.093969,28.010998,22.212242,21.409380,23.575520,19.915163,18.597427,23.764265,24.107084,24.127626,29.086388,29.686378,32.218956,31.504513,23.486271,21.735657,27.738411,31.699493,32.059727,23.234274,21.912029,27.033875,28.393078,26.424635,25.170820,20.454384,21.815361,26.818546,28.931263,29.038536,28.079321,21.724749,23.405277,31.230116,33.796215,31.395338,22.817814,21.801588,21.163046,20.689045,24.446629,27.482380,26.251385,18.978676,7.120968,23.715832,29.424465,28.625042,30.800295,32.354130,26.954023,22.028328,23.410303,26.585541,24.368999,11.551585,23.409264,20.651642,20.099220,24.308832,27.373522,29.027807,28.408916,22.344484,10.691124,20.789280,16.868734,3.736607,20.031139,18.552782,19.889038,23.470840,14.561086,11.979168,24.390490,26.162174,12.476016,22.260969,19.256413,18.623997,24.463987,23.916656,21.033676,19.395317,20.543615,22.400318,21.255533,23.686737,24.991856,24.392853,23.362474,21.140574,24.104660,26.947660,24.903433,22.717257,20.364962,14.976344,23.661224,21.492662,14.472212,18.881020,22.032837,17.671721,4.967658,10.754040,18.757526,13.645148,9.566317,7.760872,13.260195,10.440120,14.853670,2.316158,15.368256,19.614767,22.601944,22.753281,16.169825,23.780388,23.015392,13.781634,19.650591,21.976500,19.721701,4.988505,9.650565,-2.713993,19.738939,24.081112,19.798159,17.692614,15.633164,14.559948,8.885010,3.966583,9.070912,4.417954,15.957828,19.156780,14.986472,12.754193,4.175168,16.005976,14.605578,20.765461,23.191822,18.111618,17.528727,21.995630,22.956093,20.875896,16.723581,11.945934,13.106836,18.342840,16.978498,12.526047,2.610311,14.774299,15.986137,7.327338,5.066405,15.184344,18.988148,13.441300,19.097242,20.726891,14.772924,2.230112,17.118818,20.376934,18.813366,11.704021,12.423762,15.289315,14.341411,15.946565,14.315855,12.533264,17.925093,17.819132,14.288765,6.197764,17.754826,21.832672,19.090933,11.915081,10.168591,22.293152,23.008844,16.477913,9.732164,3.446786,8.548026,13.981249,14.550333,19.884335,23.348482,19.239252,5.079064,14.696165,13.971554,5.160054,18.335732,17.745821,8.582254,17.178387,24.689999,23.541416,14.552192,16.307560,16.235315,10.604696,16.564095,21.151009,21.774309,19.234837,14.658943,15.929228,16.760021,16.569088,13.505059,5.202818,6.374059,6.358300,11.779008,14.438706,17.231335,14.038908,18.041651,22.982582,21.337416,11.350614,6.864428,11.654856,14.779852,21.946280,22.860336,22.664164,18.657476,15.333345,21.021629,23.094656,25.696907,26.643921,25.511696,23.650711,20.535852,22.825010,24.800081,26.262369,25.292490,24.793621,25.630096,23.287395,24.494171,26.231911,22.220680,15.306007,9.746924,21.054935,22.395945,15.092113,24.968042,26.638485,23.670868,18.337139,19.385998,23.501932,23.031590,19.429653
[0;32mI (45490) ANALISIS_ESPECTRO: Frame exportado | t=44.82 s | pico=49.2 Hz | 61.2 dB[0m
SPECTRUM_FRAME,46.098476,49.218750,61.142200,hann,512,24.606363,40.202770,36.024345,31.215275,34.275040,30.508509,26.548956,24.536667,31.169319,33.582920,35.373375,32.323833,27.743891,28.267101,20.927753,22.990124,26.191998,21.687035,13.471065,29.120264,50.545937,61.142200,59.036629,40.063232,31.411316,34.864349,28.470459,31.525806,29.445557,26.742767,9.218587,30.477221,27.562801,26.485836,21.899235,26.124969,26.897614,24.263708,17.077999,18.267525,23.990784,35.788548,49.057457,50.542358,38.068756,26.557997,26.416292,15.057261,26.562668,23.780285,15.483479,26.133236,28.341162,23.969406,19.128317,18.216118,21.316612,30.405865,33.533199,35.640297,36.869186,36.353764,38.819916,41.314102,48.840328,46.877552,35.819210,27.886356,12.749859,26.888397,25.620266,21.506626,27.906940,22.498035,20.826424,20.569099,18.459282,22.846041,24.223948,31.014624,28.703852,17.801998,29.031923,31.348995,34.380432,41.156609,40.470345,28.064215,21.658133,21.498297,20.968225,27.576094,23.014145,20.860695,24.755247,25.151300,28.643425,28.491087,28.437803,22.954176,16.448654,22.330511,24.996582,25.628056,15.604959,24.716272,34.846199,39.299591,33.682930,28.778690,26.563387,24.978724,29.525911,18.911055,25.546974,20.459599,25.765324,23.485828,20.084892,21.543463,27.753292,29.651077,30.965460,30.459721,30.680725,35.478855,36.076828,31.954998,39.247910,38.937271,33.046974,30.862570,33.964497,34.807392,34.052547,28.587103,34.778461,25.344662,29.574070,26.552120,29.958773,31.936129,24.773466,25.525162,26.241669,24.552916,31.018269,30.684015,27.308624,35.021179,36.521267,30.252008,18.339283,22.122562,25.119078,24.940397,15.346970,28.907394,25.263508,24.895878,26.984083,22.821970,27.018181,27.985525,27.374010,17.007973,22.109318,20.426899,21.462246,22.970856,19.835880,28.516733,26.686939,25.245581,24.634115,25.079212,24.428270,22.888168,25.055647,15.268012,20.901527,13.076487,23.270016,21.639080,24.469772,32.029617,33.085548,33.476723,33.185043,31.458729,33.881126,37.086502,36.347855,31.781443,25.853205,29.419228,31.611338,31.936657,31.749773,30.507587,17.271513,28.583925,29.568491,24.234383,19.061878,25.002386,30.860739,30.492809,26.356840,25.870893,28.343369,28.130917,24.668900,26.409044,25.679047,13.913023,19.077780,23.635639,24.589853,22.704508,17.054541,17.725414,9.605502,17.242077,23.130009,28.511545,25.341343,23.121454,26.314486,25.083866,19.992222,22.500679,32.766975,31.717215,30.412405,29.797276,24.427526,20.750835,26.053972,29.610197,29.290291,23.889381,27.435854,28.189306,29.025139,28.439093,24.365795,35.618114,37.201675,35.721107,35.749077,39.968231,43.579979,43.942432,41.473000,40.233540,41.117180,37.723152,22.895618,31.296745,23.907318,34.405094,35.132839,33.443848,22.604483,32.650322,33.798672,27.516577,29.660025,19.960146,36.192192,36.514603,19.648279,25.631462,29.828423,33.603180,32.095573,29.098558,20.694485,20.232361,13.201080,25.197651,25.232756,25.181219,26.586266,25.814238,29.218599,26.282084,22.366955,27.530979,25.885790,28.955191,27.967110,17.248312,22.849066,29.896866,31.195662,27.988405,26.456863,23.544100,15.728950,18.285513,23.753384,7.397186,24.808250,28.030119,27.539454,23.508663,29.115562,33.703377,34.996811,33.539917,34.269176,38.513474,41.427109,42.330368,41.990948,42.267990,41.707901,39.545216,34.632332,30.428127,33.580090,30.834759,29.674496,24.798689,27.534964,26.479071,19.159285,25.209858,30.612263,25.610920,22.917042,27.035559,19.119246,28.779648,25.707230,26.626167,28.324173,28.029669,29.359638,27.573879,19.923580,17.900536,12.676636,19.086508,13.162611,18.743332,18.882229,19.497379,17.380100,26.127953,18.206656,18.825514,19.854763,20.925415,24.313753,19.294521,11.477892,18.335512,13.846475,2.050667,15.267006,19.130157,6.461367,11.211158,14.640807,24.950144,26.612083,16.695461,18.756632,23.716200,24.718714,29.337418,29.984913,29.925196,30.182600,30.676973,33.235249,33.438217,31.526539,27.272060,24.873997,24.397366,24.684479,28.549057,32.047249,29.414864,26.180183,24.920525,21.543163,22.408466,26.110817,28.433352,27.632217,24.905699,27.915310,29.848063,31.002071,28.775581,29.743149,31.090721,26.322964,19.341879,20.601429,20.207708,24.657665,20.848671,23.701199,16.813377,20.870667,24.252773,17.162060,25.135355,25.873093,21.475161,12.686083,16.454004,23.312389,25.042427,24.227335,24.584372,27.379282,26.921312,20.305109,0.923996,10.893715,19.448473,18.873074,18.354494,23.307657,20.486523,30.108414,30.884790,27.535301,29.456167,32.836449,31.544027,27.830105,22.381271,21.314449,29.208717,32.402664,30.008242,24.151800,29.402557,28.870935,29.161495,34.291298,36.061798,33.021885,31.634653,32.499298,31.690189,33.719990,36.195488,35.744762,34.763916,35.389961,33.593544,28.949131,27.711494,28.514128,30.800486,30.897953,29.354780,27.450373,18.873219,21.146515,24.024136,25.217682,19.596878,12.433966,19.076805,23.621101,24.782974,19.096544,21.511246,26.323099,16.693455,28.148819,14.119499,26.746157,26.365442,15.033447,26.138016,20.196239,21.489586,26.660137,13.273314,22.361601,17.336090,22.254837,25.186794,22.970188,14.100366,27.354893,26.482401,25.945246,24.099506,19.457787,22.368212,29.845509,29.169445,30.861485,32.540443,31.059715,28.113459,25.291159,23.278099,21.190264,24.334986
[0;32mI (46770) ANALISIS_ESPECTRO: Frame exportado | t=46.10 s | pico=49.2 Hz | 61.1 dB[0m
SPECTRUM_FRAME,47.377660,49.218750,61.179089,hann,512,27.445925,30.768417,28.750536,19.781225,11.046577,10.188384,17.657721,26.440306,26.737469,35.758015,41.051067,39.952042,34.279297,26.848618,25.325377,24.075022,18.907875,18.006390,25.158279,25.704382,50.415306,61.179089,59.450298,41.783329,30.015724,16.513458,24.988985,19.216171,18.067377,19.001097,29.744074,36.404888,36.164810,31.993004,29.881134,24.664379,12.339864,19.388927,19.418444,17.891724,23.973989,33.653179,48.599602,50.793098,40.106792,26.268169,20.144516,21.996861,26.230453,26.113560,18.961975,20.253408,30.049267,31.158905,25.030289,23.290886,27.096764,16.902954,22.669510,28.739212,26.511042,24.988453,30.919264,40.520042,47.272820,42.493523,25.581360,20.985867,19.774885,29.737589,29.128389,22.396729,23.078785,30.796631,33.082787,30.706654,26.993320,26.949612,22.713165,13.862686,28.082058,26.010096,28.568335,31.656248,34.068298,40.159779,38.559872,24.263556,23.057661,24.343552,26.539717,22.625818,15.448956,15.054263,26.414009,35.306786,36.049946,32.588867,35.374084,33.261494,24.492083,21.071770,21.226263,29.315609,30.483414,26.770647,34.513687,36.980709,27.379414,21.466084,23.698156,3.964756,22.829264,27.477667,27.568094,27.958925,25.932358,26.856993,26.712482,25.678585,24.924404,12.575586,12.093409,22.145954,23.915682,17.210012,8.768080,29.279902,38.019711,34.798027,21.845638,26.148272,15.767560,20.600834,24.693001,19.978188,25.552513,29.543365,22.463875,23.107304,20.705404,15.349047,20.464577,21.964876,19.927933,26.292437,24.784298,19.143089,25.860455,37.512833,35.962910,17.613441,28.850178,23.963238,23.218393,22.076065,14.601343,13.471431,20.665363,17.636343,17.849520,20.361954,5.173746,18.220665,23.637945,23.837933,19.734304,16.799364,19.219719,19.933863,23.241594,23.110424,27.829754,24.711760,8.460618,16.250696,22.294689,26.048309,22.177523,20.622345,21.610716,22.663376,17.874668,26.320229,28.525864,28.325865,14.885749,27.960979,28.402092,27.209457,28.086674,26.662792,6.020505,29.428263,30.180313,26.556431,27.424147,29.304876,29.582918,27.287865,21.454647,21.165737,23.326817,23.182543,21.516674,25.160080,26.464479,21.060350,15.246513,21.604128,17.474154,20.244253,25.150587,9.910417,28.621607,27.795197,24.240757,29.813793,27.949230,27.182768,26.309685,22.603569,23.851494,30.160011,31.089075,24.662819,13.062754,22.430561,21.399361,13.373446,16.708714,24.871925,22.993591,9.922663,23.437389,30.227938,26.893415,21.837559,25.004646,20.192669,26.089489,30.931242,31.331108,32.512024,31.804649,32.860283,30.979052,21.738247,22.144739,22.216684,19.023701,10.011297,20.560492,9.730173,21.475477,23.498964,15.118156,10.151744,14.378609,12.359356,18.338877,24.593700,15.343365,20.900537,26.061640,27.573374,27.413424,19.279936,19.178097,16.655951,13.520229,13.341565,6.312964,20.589876,21.452511,23.204535,21.637419,19.372938,22.687450,20.154434,20.173435,22.049749,21.260822,21.166275,19.938303,18.366560,10.879009,19.082054,15.851159,24.623072,28.633072,25.748684,24.755163,27.694210,24.237776,24.633390,22.447117,4.888453,15.642415,18.846962,14.077866,10.468678,16.694607,14.677171,6.585855,14.719796,12.365551,18.378794,22.155193,12.910332,19.391052,23.858740,20.696688,12.951802,23.487434,23.020245,20.414585,20.326826,21.736744,17.026239,21.111441,24.127209,23.089304,21.965137,19.236853,21.185791,18.241001,11.666800,21.636276,25.843044,23.201500,22.698097,23.024929,15.923521,17.676756,20.737734,12.777245,18.681587,22.816933,21.490480,22.600903,22.143328,17.946657,14.254114,20.931112,21.230629,21.299946,23.926661,16.504139,18.128910,16.677187,17.905277,23.619057,20.588720,11.932035,19.530579,13.354653,9.875675,1.366119,9.572755,13.475881,12.503809,16.143438,17.258526,17.578274,15.418445,9.407100,23.988903,23.900909,13.823009,14.968871,20.630554,7.788538,20.866251,23.456970,19.947123,12.879484,15.813850,13.368734,14.180551,16.550497,17.225983,19.637495,17.066002,13.747076,-1.135399,17.504787,19.518158,17.361214,4.050766,16.640694,16.165693,10.454523,14.460526,15.786150,21.442600,18.753641,15.937325,24.281921,25.441513,13.471767,16.274563,15.948595,17.404030,15.975118,25.650349,26.792301,17.323587,19.597769,18.104822,7.125927,18.266504,15.129652,15.164386,16.222553,20.465927,15.673851,7.843219,1.953703,17.756174,22.213345,12.750605,13.734615,13.781056,11.235462,22.150076,22.141773,19.877218,23.698206,9.924050,17.874907,14.435029,19.029373,9.990681,14.258450,15.678349,6.253170,16.611572,18.540070,14.261856,11.968975,5.608533,6.320367,2.488414,17.139397,20.846218,21.000948,20.924179,16.500158,22.398329,7.340542,19.619656,10.756920,10.844125,16.682524,18.742050,20.454945,25.272293,19.669859,16.049513,20.027580,14.039593,21.820969,17.638723,23.188868,20.014145,15.041159,-1.304044,17.348902,19.467352,24.480534,23.900797,18.356127,17.859402,17.656210,11.527518,5.340347,10.587443,3.547550,14.967052,13.474759,14.420719,16.924437,20.541840,19.257523,10.938097,19.285091,23.471987,23.081341,20.689774,21.790512,17.424362,11.792926,15.318269,23.347019,22.709320,-7.013824,15.545472,10.523654,18.444374,18.145216,15.008915,18.809187,21.386702,16.450575,10.690544,16.444218,16.637596,16.347561,16.830208,23.078470,19.350353
[0;32mI (48040) ANALISIS_ESPECTRO: Frame exportado | t=47.38 s | pico=49.2 Hz | 61.2 dB[0m
SPECTRUM_FRAME,48.656849,49.218750,61.691437,hann,512,21.075993,31.850613,29.991343,27.400402,28.052595,26.996624,21.653023,12.512285,21.373594,37.386162,43.087379,42.532494,36.721336,22.384716,19.321516,20.548271,24.303942,26.714001,27.966118,32.392212,50.960136,61.691437,59.801598,41.896912,29.906969,21.638411,25.502762,19.477299,17.862129,14.264378,25.457912,37.673946,39.588848,35.278706,27.575960,23.102943,17.044905,19.075317,21.160814,20.012186,24.262678,34.569904,49.523769,51.791153,41.431278,25.484535,24.269484,24.471247,22.833931,22.113312,19.570253,21.892786,31.241266,36.122326,32.269592,30.581997,26.548569,17.869022,22.823643,27.810921,26.515457,23.707487,28.447044,37.827103,47.103867,42.777611,21.525059,28.403294,25.512838,17.906544,13.230572,24.645824,23.573605,17.194342,29.549417,32.434963,30.789513,26.948486,20.139315,25.626713,31.872654,31.471199,25.910311,27.737495,28.859930,38.243034,38.002728,28.909908,18.638618,17.005302,24.896061,22.412012,21.357214,22.553417,29.958565,29.513485,30.509689,31.335175,30.421679,24.833588,20.218266,23.323195,24.395363,19.633879,25.461651,24.808422,33.248859,38.314762,29.900076,30.627195,30.979637,29.515142,19.712116,20.994844,27.282036,31.975080,31.269199,30.633060,30.061539,17.289692,24.580423,21.221678,22.524067,22.224409,21.102964,27.346193,5.494070,31.113682,37.606697,34.192410,21.405243,22.102951,25.996944,22.109356,23.616295,30.938549,28.651102,25.686913,25.677727,24.023664,20.693378,27.611633,19.725330,24.417723,27.891884,19.245409,27.411797,29.306364,30.446512,36.261681,36.472755,30.212101,23.513000,17.729338,24.281696,22.450884,13.290769,18.210304,24.159878,27.900665,29.806917,27.641470,26.237812,22.520985,22.320862,20.702774,17.283150,24.444736,28.610432,29.062256,27.896816,27.286825,22.681187,27.631264,26.177225,14.941548,20.180523,22.145699,23.101059,19.703091,20.617416,23.542349,27.388523,28.802109,25.041626,14.264627,20.965305,23.871178,20.678978,13.403120,20.377388,19.953382,15.283755,17.207737,19.824203,27.229788,25.326912,5.485241,23.440878,12.569355,13.581291,10.583000,24.717806,30.207867,31.429502,27.624987,18.005089,19.338024,20.784204,12.779521,18.556982,19.498478,25.302807,25.420359,22.513983,21.276794,24.841663,21.034594,18.861660,5.673665,17.443350,5.725064,19.409048,26.125340,27.133099,28.080521,22.468416,8.441025,17.619778,18.868280,16.862850,18.196636,19.216230,14.892269,21.207258,28.589355,26.633488,22.102074,16.316425,23.175606,25.909580,23.766598,-6.428104,21.556309,22.830484,23.445698,25.683897,28.002283,26.494970,22.806038,11.671552,22.368267,24.536545,22.276867,19.467056,24.254627,19.975874,18.806854,17.756390,12.370921,17.176672,15.171505,19.699671,19.680632,21.029057,19.030411,21.182262,25.777088,26.520796,20.479717,7.776719,21.247181,26.393990,18.203812,23.891186,15.228785,17.106258,22.355099,24.244232,8.104340,13.753282,24.968569,18.070480,27.285404,27.028200,14.761312,27.438210,21.301916,21.152622,19.931650,21.427183,23.535027,14.176473,15.533590,16.224995,26.424122,18.033686,18.110777,19.476835,16.524275,21.109585,21.266857,21.563984,22.328793,21.144978,22.795170,14.415266,18.194544,18.625065,25.661383,23.963873,10.103645,13.760773,18.231491,20.946785,22.316607,23.275055,21.963238,16.712582,20.082409,25.465126,23.968296,20.116083,12.061194,16.346661,19.580597,17.357851,7.526985,19.193237,19.259798,13.470186,10.888254,23.334944,25.113384,19.500784,19.076397,7.064186,13.466729,17.808464,10.970020,-0.392612,9.882174,18.544924,21.428621,17.610802,20.246948,24.432453,23.152351,16.261913,11.975799,22.028543,20.560266,17.470690,19.831877,21.058752,17.201839,3.157456,0.105468,10.000399,-1.922697,10.853762,12.722343,14.679161,24.137581,24.479961,19.777876,20.646999,24.163536,23.589346,8.894353,13.073803,15.282501,13.056833,-0.195939,11.256271,11.366327,5.846436,8.526383,4.865935,11.583828,11.489088,13.625440,7.773105,20.448841,23.141144,21.934034,16.532433,13.955305,15.146775,14.476724,14.514347,20.226061,14.276634,13.081676,16.760162,17.774952,13.077591,11.485353,11.812333,15.868441,22.557592,23.427488,19.471285,12.870463,11.340406,24.704502,24.874323,18.190172,18.412880,0.106666,8.131556,8.008972,11.237025,17.435024,18.056370,12.285130,3.554451,14.317150,11.847513,3.781097,16.881430,19.032000,13.593564,9.543994,17.203634,13.311964,20.412243,19.688452,14.396647,16.123007,17.448828,12.491756,13.285438,13.370891,14.236245,16.975666,17.650616,15.841292,18.658272,18.910385,12.363235,15.251112,17.812883,11.025128,8.880776,11.524964,15.521000,21.375238,24.151974,23.413761,15.414777,13.270451,24.041935,23.817924,17.341393,16.958855,19.730850,18.353001,17.387011,13.995392,8.703154,13.753031,9.100748,0.503003,12.214212,3.096897,13.766012,15.306229,25.472000,22.447577,17.882853,11.209385,4.916820,15.981179,17.871408,10.648326,6.748068,13.846078,14.124626,18.550514,13.359907,19.694901,21.305521,19.209465,14.383402,17.571829,14.345598,14.098433,15.966645,20.933990,23.495056,20.691320,13.193857,12.430162,16.427595,19.140907,8.622486,20.074436,20.696127,11.120750,12.205448,3.169177,21.781418,22.100723,13.508389,17.432751,19.315367,17.398514,10.073652,10.483049,16.978758,12.476303
[0;32mI (49320) ANALISIS_ESPECTRO: Frame exportado | t=48.66 s | pico=49.2 Hz | 61.7 dB[0m
SPECTRUM_FRAME,49.936030,49.218750,61.079327,hann,512,24.858416,29.483421,23.974110,18.363281,21.360153,21.958048,13.903811,21.710632,22.076872,37.483944,42.866230,41.549332,35.970726,17.153343,27.724686,17.492865,16.341465,21.620903,16.975977,33.497078,50.000046,61.079327,59.320938,42.007870,25.690592,25.207500,20.900936,16.577570,19.511143,27.395603,31.916113,38.234615,39.109428,35.142700,20.476082,25.432053,26.049547,29.104414,26.949852,15.558995,20.632572,32.392105,48.988266,50.811081,40.219254,20.295464,23.422832,17.991446,21.551674,28.255898,29.453211,30.477617,35.633678,34.971382,24.516918,18.422014,25.456738,24.762070,28.259853,28.076294,13.259064,24.091673,19.153576,39.438026,46.968658,42.537682,25.206099,17.339325,24.221811,19.167465,26.553619,30.299625,26.793039,23.084995,26.766489,30.601664,23.597473,23.060184,25.959318,21.710678,22.140520,18.101366,20.260714,25.603569,25.017410,38.514320,35.711922,22.211790,21.679705,16.665396,15.081782,22.767218,17.317455,19.176081,24.459875,13.515006,22.605297,21.086044,15.782843,10.189167,19.804205,25.195024,26.205883,12.516469,20.695423,24.171951,33.794640,35.500740,22.271927,21.800299,20.334959,20.569202,26.294748,25.907965,16.747663,22.895996,13.494204,29.014261,31.969326,29.953289,23.003727,17.549742,24.950726,15.614050,20.505108,21.993959,23.338890,30.166546,36.226730,33.704857,23.872765,18.869505,21.820515,25.987339,18.839935,22.948479,18.697332,15.913733,27.818720,19.129364,22.279640,19.730906,17.160999,17.548344,25.346004,27.310745,22.161957,21.445257,28.143484,37.315060,38.583832,31.953922,23.669241,25.499151,24.920847,21.545177,26.419230,25.461607,23.512909,20.562971,16.325661,25.093189,23.575609,26.085190,26.244907,26.397821,22.555990,20.850952,23.068325,26.567074,30.155497,30.499495,24.225866,17.861988,22.704985,26.972660,24.934376,11.063274,24.087151,28.839199,29.704771,23.775654,13.583181,13.231493,20.329523,24.442272,26.074070,23.599089,22.156830,27.867424,28.199406,24.861200,20.620651,17.458817,20.521090,23.608675,25.144768,21.255655,20.385777,15.617901,15.062243,25.080109,26.041702,19.499811,20.599756,16.814632,19.533298,23.189848,21.251451,21.616705,5.659060,25.628551,27.489546,24.577778,23.806740,23.403419,23.431013,23.818502,23.120922,20.542065,18.839226,17.932245,11.244837,23.313831,23.978579,15.667653,18.149139,17.936970,14.868877,1.819241,12.839694,18.596218,10.904003,19.727425,26.893124,26.246593,8.098401,13.929131,18.756573,26.051956,24.666965,19.480789,19.018492,14.688522,18.610935,22.791025,28.657167,25.328251,12.852234,14.872133,16.583464,7.805556,14.954356,18.028618,16.856754,23.774944,25.939283,22.665739,20.353760,8.412315,13.594755,23.255062,15.992826,18.034037,18.296400,19.285936,24.081596,22.436781,19.437773,17.120039,14.725782,19.222895,16.222010,15.772245,19.951118,17.445585,15.838564,19.327019,14.962337,18.427193,20.363174,10.939251,6.716675,7.993329,13.783358,12.695005,14.183186,21.505783,20.915823,15.016478,17.487354,19.414673,13.562162,16.259058,10.815167,7.718363,4.475319,16.381538,-10.423068,21.760563,15.439338,20.910852,19.786865,10.905318,3.813233,16.938456,9.262025,13.976026,16.302372,17.872547,17.342833,13.786372,15.388542,13.257409,-4.604396,15.153751,10.300837,13.390951,19.654310,19.197123,15.589277,23.745872,25.497917,23.231352,22.030792,19.351109,9.956744,18.022346,22.502630,20.176973,12.013800,18.547230,20.686056,13.713332,17.246916,17.168568,16.788195,19.287327,14.234128,14.155529,17.658236,9.989505,8.911123,21.913754,24.849884,21.474499,19.194714,21.115171,20.308619,0.672580,20.790386,21.887846,14.236045,-0.560775,14.580097,10.656824,18.113543,20.754536,19.265039,15.942496,14.484348,15.436667,17.587816,18.489613,15.894573,11.763057,12.100192,12.716350,6.766643,11.947680,16.575018,18.861506,21.883457,17.683809,18.921349,22.021017,15.529742,20.322548,15.595151,12.518637,17.882307,3.041185,14.383616,14.615301,11.198750,7.836555,10.983019,15.261477,12.848841,13.544141,19.825798,20.257235,17.595406,10.637628,4.025180,4.838710,11.421375,16.305117,10.302397,3.175245,4.264756,11.486358,12.184931,15.313512,-1.815809,16.638618,18.547194,10.257864,7.037471,14.629963,14.405123,7.985793,11.889200,16.166615,21.069778,22.179815,18.407389,14.482094,17.027805,18.814753,21.906960,21.592323,13.631683,12.004349,5.106108,4.183894,18.270245,21.416977,16.960043,12.530395,14.647021,16.740744,9.812751,0.312582,7.874379,18.752293,22.033804,22.664600,21.495264,12.990858,10.421500,9.316756,16.531895,11.922403,6.728906,16.074501,19.688993,15.612803,19.267462,17.001499,8.738096,6.326206,9.401080,16.299391,20.589025,13.555651,8.524715,15.066257,16.508425,7.837174,9.542124,15.364894,11.784401,4.998112,9.353455,2.858162,14.769235,14.930147,15.026932,20.706730,21.602489,19.692137,21.608025,19.214489,13.419264,18.400936,19.383875,10.325098,14.688674,11.692549,15.634398,17.113508,14.408732,15.023580,6.681361,11.695770,17.011759,17.440826,13.938118,9.552270,17.462055,20.282616,20.716084,18.971378,4.998750,13.907475,-6.241100,19.762077,21.417444,18.823624,15.729744,19.732582,24.005346,21.859026,18.369476,16.129473,6.492019,19.546871,17.344236,12.452369,16.530746,15.752283
[0;32mI (50600) ANALISIS_ESPECTRO: Frame exportado | t=49.94 s | pico=49.2 Hz | 61.1 dB[0m
SPECTRUM_FRAME,51.215209,49.218750,60.946877,hann,512,8.756945,18.749672,25.578363,22.314558,16.999399,21.493834,19.647287,18.794535,8.115029,35.078491,38.820816,33.612789,35.434158,22.680557,6.769145,20.774525,17.631969,22.424574,16.898090,27.741976,50.036377,60.946877,59.306961,43.538902,18.516174,28.253366,23.227093,18.353764,17.952536,12.903231,29.952053,37.561348,32.554417,32.601479,30.374945,27.415688,26.308434,13.311215,24.254835,24.864185,27.264023,31.674223,48.685642,51.177361,42.701988,26.934940,27.598457,24.276169,6.230834,25.859638,27.921776,29.702591,36.667889,35.466896,18.084389,29.136515,33.068645,35.147049,27.721886,22.694637,26.248466,29.144802,33.973053,37.599525,46.337227,41.208817,23.756590,20.549343,25.981121,25.589087,25.977894,22.531990,19.779394,31.415863,34.242786,24.080145,23.384167,30.104006,31.637869,26.816242,21.382706,21.167320,23.821808,26.514452,22.067211,39.365242,38.940830,25.245150,15.383826,22.050573,22.636263,11.688290,23.301733,18.878950,20.288475,28.818686,28.369621,25.825186,25.780693,18.427073,27.696453,30.062908,31.326218,31.396080,29.068382,32.456604,36.222492,40.018684,33.788940,22.005663,27.210880,30.924053,30.403528,27.956142,30.012579,27.678602,28.719101,33.510494,30.274286,24.112484,29.611265,31.364025,29.897840,31.049892,32.624126,30.914394,28.648052,32.051334,38.180786,32.463245,22.505276,23.042248,23.831879,29.870686,26.788490,19.447023,13.935987,12.367983,23.504965,21.306522,28.445644,22.511372,18.104397,25.374931,22.628899,27.533020,23.669765,21.769215,29.326525,37.079056,35.952053,17.958078,25.416334,24.087120,26.401129,27.547810,15.051531,21.725590,22.198170,28.044758,19.211767,30.139887,30.289919,22.861298,18.432472,13.926107,26.700686,21.601162,16.330379,19.275167,22.172880,29.975971,28.838699,22.189220,24.340385,26.551531,15.753364,16.943533,6.859721,20.686256,8.330299,25.999832,5.701084,22.731314,16.365894,24.205446,23.366798,25.209787,26.732733,22.241251,29.466919,21.918407,24.037903,25.508873,26.303518,25.899885,22.313002,20.133009,19.957375,14.132650,21.929016,19.558025,26.087065,24.717979,16.395134,22.335037,27.691032,27.932823,22.045792,7.815969,18.157438,23.314423,26.769638,31.300091,29.174318,30.730217,29.665112,23.353104,25.494251,16.285631,24.667107,18.742004,15.718840,22.144670,24.927422,26.910080,26.282206,8.328961,16.092541,17.800331,17.398813,22.513849,24.294098,22.437824,25.737606,32.335720,13.878433,27.701412,18.411972,20.279682,29.282642,20.644112,22.606598,16.263927,24.868549,25.352100,27.649723,26.417530,21.297171,-1.233233,21.998253,18.663048,20.559399,22.443146,20.138100,21.291805,21.320353,22.684628,11.993944,20.651402,19.518509,25.977659,24.990383,18.781324,20.843361,18.156178,22.982098,18.940687,18.633764,10.560440,13.263965,9.061526,11.802956,19.168610,9.049425,26.891088,26.393908,21.731558,15.024376,18.205173,23.324718,21.265591,15.813391,21.448391,7.726406,15.257526,16.989281,18.415291,18.649830,19.837532,22.587357,13.602278,17.774967,22.945015,20.812466,1.133087,20.682858,28.957594,27.208204,23.997890,16.852549,21.527998,23.316298,21.277451,13.402824,16.463163,9.101414,17.793056,21.974468,12.009402,17.239853,20.068977,16.963923,17.443241,16.140421,12.928465,2.372931,7.870166,10.125618,12.798693,23.970604,21.705204,9.136950,18.535675,17.751589,14.361583,14.163912,11.705906,14.753839,16.619904,16.871447,14.121038,13.245334,-1.173499,13.528767,18.532116,17.366484,15.590212,11.702944,6.902243,12.096846,13.697304,14.880259,20.068169,18.379730,8.776043,15.412636,4.850668,16.746696,21.720648,14.818778,20.552711,18.101135,22.966259,24.379852,19.858082,19.348671,23.596806,17.772310,15.858432,20.483677,16.081430,21.067638,21.277620,18.337214,18.241276,18.299759,17.379845,16.105301,20.360134,16.987570,15.673617,13.391449,11.152126,12.523765,10.836267,11.304097,19.264332,15.117683,12.101082,12.517501,17.342888,9.385866,15.361190,16.528360,6.946345,12.742588,11.272194,4.388151,14.030066,16.024635,13.285181,11.583769,6.672807,16.601452,20.687672,15.752623,12.853325,6.893988,9.219455,5.201149,5.448158,13.269316,18.882534,14.884041,19.392567,22.776518,7.099056,18.803371,19.543579,21.174740,14.600406,12.220626,14.689274,19.788132,20.813219,13.029634,16.811699,20.458275,22.815987,15.026844,15.734144,5.030145,8.406841,22.337048,20.056633,7.462062,22.775864,19.478052,15.926265,15.811880,12.347260,4.445698,8.421334,18.785679,11.834753,16.092068,-1.712950,18.620680,18.048843,22.083401,11.463328,20.091200,10.822167,11.119023,10.452017,13.612988,17.410912,25.859385,23.770260,14.300739,16.129148,1.163496,16.532566,17.261841,16.161133,20.143032,19.508802,13.269549,4.549106,13.265440,8.497395,12.697221,8.808302,7.050051,13.076447,2.265254,3.531074,17.497391,15.531059,11.921154,-9.260964,13.144046,9.977904,16.726925,14.737967,20.214195,18.556887,20.738152,22.185104,15.947795,16.349632,19.064817,9.121737,9.525974,15.855721,5.682232,18.651651,17.992920,13.640027,15.858471,14.152226,7.062860,1.916131,6.800699,13.202629,12.868063,4.200739,14.009570,11.263607,18.411896,16.388996,16.081734,16.841003,16.374638,17.976511,-0.041321,17.266953,6.825409,16.681396,16.776764,13.733706
[0;32mI (51880) ANALISIS_ESPECTRO: Frame exportado | t=51.22 s | pico=49.2 Hz | 60.9 dB[0m
SPECTRUM_FRAME,52.494382,49.218750,60.966599,hann,512,6.892247,29.950941,30.990820,26.618805,18.958246,18.576443,17.251186,14.824560,5.202520,30.698677,36.983448,35.468407,32.432056,17.228090,22.963812,23.941374,20.816753,25.904360,22.969704,26.990595,49.910599,60.966599,59.394608,43.264282,8.572254,25.357731,11.724524,17.860220,19.403318,23.016270,31.005157,36.275784,31.585083,30.688009,23.972610,19.698471,22.720709,19.079168,20.531776,22.693851,9.436790,32.850067,48.687954,50.912788,40.875061,12.946159,21.876547,14.064796,18.345230,20.648985,21.964706,31.500025,34.346870,33.518005,30.777824,18.836636,21.936661,18.809479,25.108030,17.509701,14.858801,27.315334,32.667793,40.644119,47.281765,42.556892,19.071054,16.281488,14.698015,16.224350,20.215618,13.332378,19.651630,29.941082,27.987259,24.668884,27.828632,23.153614,23.149521,21.068790,19.840942,29.281408,33.862045,33.297066,29.250420,39.427334,39.426235,24.375980,13.394814,19.077707,22.503643,28.737598,26.316978,25.976501,30.797853,30.360455,29.665882,26.632671,19.013409,18.938297,16.072618,24.835794,34.756287,38.598888,37.498466,23.809881,36.997154,39.546726,28.760487,27.405071,15.226700,17.322647,17.016727,18.868864,18.200012,26.180380,21.012474,20.147772,18.326221,24.208467,26.660959,22.619810,18.986948,22.573959,30.517643,31.676125,21.365337,25.579357,35.214581,21.891813,31.555643,28.776535,27.815426,30.843655,30.269913,25.950981,26.487968,32.218155,28.828552,22.994654,19.564705,18.471367,27.218304,27.872755,19.859800,27.570219,31.319418,29.322189,21.983414,35.864838,32.731709,30.930319,29.489136,31.512299,38.218849,39.577927,36.582283,33.239090,34.776562,27.023867,16.587934,18.932016,15.934006,22.774679,28.159781,26.084930,19.265499,23.162718,24.632921,14.465443,23.027420,24.309471,25.384708,25.829506,20.479229,30.325085,33.225445,30.309967,26.475101,28.614790,22.944267,26.745615,25.655159,23.887695,25.644567,23.974581,14.260126,22.003017,17.469688,13.971261,12.121129,21.234053,27.864773,27.419350,13.359761,5.374263,22.649803,25.680183,28.727827,27.224741,17.784597,15.539666,25.164673,29.041164,25.521290,26.531605,28.271273,27.344261,22.126507,24.883083,23.422504,21.510202,26.618692,27.666864,29.804304,27.678032,23.935175,15.710381,19.101585,16.425148,9.637413,7.974695,13.299324,14.774921,15.751904,13.108070,18.491508,24.603655,25.405006,24.067722,10.942854,14.853420,13.856676,18.854240,27.481039,30.782137,26.527653,19.333416,19.550579,24.544903,21.977179,19.095947,15.124402,12.775236,10.877580,14.358198,18.167767,15.680699,22.051331,24.122486,25.248224,18.450888,19.794470,17.204052,15.432020,16.754658,16.556622,21.728577,23.355448,23.312319,22.268908,23.106184,26.076870,20.673519,15.801741,16.451029,17.848413,23.626879,17.473732,19.751734,19.923292,18.125174,13.944300,9.310569,19.375298,13.155899,8.982268,19.684713,22.956446,20.565807,22.204514,14.817379,21.549423,24.077171,20.951273,14.837294,16.394306,10.841627,16.642834,16.599638,18.763678,19.975155,17.835615,12.867903,17.967375,19.339485,8.424108,12.296007,14.251117,18.767033,14.634932,18.023970,3.356657,13.831797,16.029392,20.141775,3.245973,5.799170,4.117622,15.115925,17.300283,9.250088,16.191975,21.799505,25.097572,21.535934,16.977581,19.302647,17.229427,20.338120,17.807657,20.219629,20.406670,20.179333,13.565565,16.852633,23.521896,19.139420,10.960737,14.493553,21.507111,14.139359,20.314018,19.704563,20.750961,20.018312,10.248411,14.264099,18.007000,18.814960,15.619019,-1.083723,6.376302,15.682212,14.218203,17.129015,17.642269,15.630491,23.131342,21.295532,14.746384,18.872707,22.827280,19.154507,9.410175,14.387656,17.314753,18.822157,18.349867,17.239210,15.282072,13.736334,9.282424,11.078235,19.644531,23.847961,17.477907,13.246447,15.451926,19.538439,17.780674,12.220870,14.309796,7.572952,20.018023,17.984507,15.111390,16.619257,20.851768,22.116291,17.595686,14.337452,16.748215,12.519503,11.069192,-3.022841,11.876845,15.394276,16.321604,18.969496,15.315403,12.332865,12.538612,11.492342,15.284512,10.669336,10.735365,6.176357,8.123251,3.967268,7.973495,14.013206,20.334013,12.796040,14.439413,17.995871,22.951038,17.215260,13.573985,12.923589,18.692225,19.597303,14.002280,14.647930,8.636254,8.315251,9.471398,14.462709,18.914305,17.627274,15.477866,19.215614,19.918802,14.230189,11.747689,17.711477,16.286057,16.160185,19.319880,19.132135,16.258411,5.793127,13.114285,14.780024,17.666637,9.154398,15.127069,7.056941,12.058949,18.518082,17.160255,13.295139,13.190948,6.520714,9.149699,11.448592,18.672018,20.438032,22.461527,21.815750,18.578951,17.987288,19.677038,22.601669,16.382446,15.441561,14.681235,-9.376803,7.716623,-2.074808,7.770453,12.472920,13.267523,16.721100,15.824595,6.381724,12.443151,15.023109,10.999423,13.788904,19.291523,17.508085,13.337605,16.077248,13.263094,17.924679,17.400049,16.003643,19.804487,18.516195,14.679996,12.552747,11.971895,9.732971,12.436658,12.335386,9.187599,6.961070,12.178044,12.837857,16.299112,16.481855,13.976220,15.564156,-3.124802,-9.011124,-12.126825,10.946293,13.123756,7.665293,-5.396629,12.595369,11.759272,3.183710,16.730789,22.688028,22.411242,14.454075,11.071327,9.214197,4.661222,14.457750
[0;32mI (53160) ANALISIS_ESPECTRO: Frame exportado | t=52.49 s | pico=49.2 Hz | 61.0 dB[0m
SPECTRUM_FRAME,53.773565,49.218750,60.661018,hann,512,15.248955,26.978472,28.550566,23.206623,19.302528,-7.889654,22.968639,23.289339,21.861277,34.219711,39.313492,37.293938,32.794712,7.303120,3.822365,25.291359,24.970655,12.737320,20.887283,32.709614,49.043022,60.661018,59.023327,40.620388,32.604012,19.277832,23.703680,23.398018,19.033276,20.183298,26.345530,35.438637,33.832592,29.512917,20.998852,23.442400,19.858610,22.851789,21.521690,19.571159,28.245594,35.543171,47.969471,50.337925,39.496468,32.015625,26.721825,6.501133,23.537752,22.210579,4.836710,15.519869,27.869301,31.057074,25.677746,11.781803,9.795537,5.558433,17.620466,22.484533,25.915375,31.513794,37.843903,42.243103,48.320122,43.026146,30.125807,28.084671,8.553948,24.867592,24.722855,15.478952,12.600913,18.658100,21.843689,19.724104,17.236605,8.218106,15.765735,18.686712,17.904568,19.723881,23.530283,28.912363,33.898968,40.379253,38.566769,20.967743,23.665489,20.215872,22.179529,21.646755,18.594156,7.534863,17.987993,26.113422,26.509575,22.274094,15.800935,22.065676,18.955914,22.110022,25.597790,27.666948,29.809420,24.255188,34.545818,39.190590,31.559317,19.585632,21.317669,25.283682,26.007326,19.742300,14.423946,19.597977,28.952198,26.899475,25.190041,18.499704,22.594952,19.584692,20.875401,30.094696,34.956020,35.571457,33.562550,29.577644,38.801468,34.834862,21.640366,13.013945,27.191204,24.713776,19.882935,17.855425,11.539827,27.223303,29.874401,24.776184,21.626835,17.646461,19.347790,22.162640,22.145504,26.949299,29.174839,25.033497,23.757257,34.733578,38.106983,29.175316,19.103170,12.138091,19.542091,10.952020,19.361187,17.427053,16.851662,16.258434,-2.948504,15.577832,25.000217,31.589417,32.605389,32.255074,31.609531,29.874723,29.195202,32.480045,28.031811,30.374260,25.442394,22.414980,24.501530,15.866351,19.500624,2.430424,13.856161,15.636801,20.402252,25.971828,28.853035,29.241581,36.755749,41.218262,41.806618,42.928864,41.455544,32.827271,36.305275,27.279968,27.614603,31.174250,30.692549,29.496071,23.085812,17.217407,28.640127,29.218472,28.512762,21.560066,21.767197,23.186420,16.902775,15.470971,28.083996,25.466177,26.104034,32.672089,28.902529,24.607050,28.680353,27.483864,28.627399,23.295479,24.348249,24.538742,19.823608,22.044704,22.925278,18.804058,17.603901,22.391556,26.173904,28.720333,28.098890,29.323792,30.872690,31.173367,30.927401,31.317829,25.934916,25.797615,18.923323,19.621220,25.537086,25.292839,20.867371,12.493659,8.465212,11.365307,22.608780,18.335344,12.703099,25.021271,30.552135,35.998100,36.823154,38.264572,39.880585,38.186916,38.045078,36.272446,30.609726,19.790310,23.668156,19.450081,20.226532,22.860382,20.419588,17.671373,17.809542,20.574987,23.291653,22.393158,23.373867,25.608320,27.119461,28.983461,28.507057,29.068760,29.153845,28.118626,27.182159,25.275188,20.240431,13.414927,19.555216,14.380838,11.441465,20.172445,22.444811,22.588865,20.335009,19.130993,18.772795,16.334530,23.247257,23.816242,19.083040,21.400951,27.838787,28.721355,21.828632,27.930765,23.665075,15.861502,5.918539,14.938344,5.041342,10.746627,5.967288,15.784698,19.861803,17.141850,21.356010,21.503809,19.430021,22.027189,20.992270,17.094782,24.670897,30.166630,34.941509,33.412857,26.202358,23.093498,16.437187,22.396982,8.142550,20.537550,18.402782,-1.640321,17.546480,16.335070,18.583729,11.285993,11.115866,7.981948,15.138759,15.229920,21.066141,20.550776,19.098209,28.064957,27.010456,23.119133,21.755566,21.752224,14.847561,8.705806,11.004748,10.901958,9.674827,13.355587,11.543679,7.625704,14.419827,14.932405,16.271635,17.637354,13.525045,14.185944,19.543610,24.060934,23.449608,17.628004,14.331866,11.850416,1.349186,15.389265,19.113869,23.530312,21.253784,16.315754,17.508980,16.400852,12.696166,23.826542,27.018227,26.404537,28.481806,27.476885,24.289389,25.481930,31.655827,34.333858,31.541109,21.400322,24.244534,19.595711,9.238690,12.679550,4.745872,11.420784,16.079117,17.413610,20.762194,19.738281,18.454815,17.224358,14.141262,15.096008,17.138178,25.809311,24.163866,27.195152,28.779737,27.945019,21.384293,13.462814,5.877789,11.723629,17.269762,2.615213,20.772173,18.416584,3.617596,19.413475,24.883272,26.618179,26.745148,23.376064,17.688171,22.804289,18.495739,19.594576,18.348297,5.673001,15.745030,11.797850,19.213409,17.874954,2.365615,4.263604,12.681028,12.409850,10.143676,16.845802,18.607098,17.062923,21.636637,22.355572,21.666710,21.541555,21.978535,23.108318,23.597286,26.115536,26.368507,25.304817,23.117329,13.112982,15.145170,12.580065,-3.344526,16.807507,21.260971,20.386120,18.987015,19.181412,18.280973,14.357281,1.589458,18.055710,22.251291,26.320459,31.044918,31.541451,32.005939,30.964458,28.330162,25.908123,17.348764,18.270298,26.277609,26.044130,20.350855,21.935015,24.275616,19.790169,18.252089,20.398506,23.004637,21.082537,17.822365,18.884666,18.678339,19.795570,23.205990,21.751434,19.883869,18.112869,16.105663,14.332458,9.933199,-0.039592,12.091751,4.649951,17.762468,16.940632,7.790586,14.112894,21.734531,20.309973,14.217588,18.001318,6.740038,16.997210,13.284346,24.072474,28.224394,25.568623,26.367033,22.410656,16.948221,15.997561,10.430231,2.773088,14.508701,20.994640
[0;32mI (54440) ANALISIS_ESPECTRO: Frame exportado | t=53.77 s | pico=49.2 Hz | 60.7 dB[0m
SPECTRUM_FRAME,55.052743,49.218750,61.478771,hann,512,23.758194,32.934448,22.339716,33.156723,33.007568,25.438826,18.651421,28.066147,27.607088,29.515867,32.607311,15.823021,28.307570,23.530333,23.839993,22.055447,26.944504,23.177404,28.811504,32.537643,50.133827,61.478771,59.933914,43.233032,24.484236,26.883184,24.695049,15.119875,21.419643,28.018950,23.512932,26.653343,22.598982,29.078506,24.534657,10.503116,24.598324,27.229445,18.426003,27.308987,30.879837,32.452438,50.165421,51.744709,40.137325,18.645325,30.981100,30.262144,26.544275,22.119818,28.558252,32.851753,33.985485,32.484879,30.085905,28.027313,27.328501,21.143734,16.638062,21.858868,28.455643,32.565140,19.009804,40.505161,48.318039,45.093735,26.807535,32.882019,31.478596,26.841930,17.143517,25.875648,34.273857,36.698135,35.561405,32.057117,30.340408,28.290968,9.314498,24.475176,24.339668,24.331432,28.024815,25.494148,30.187752,37.872097,36.387001,20.735729,25.414400,31.672081,30.467522,20.246641,19.386351,28.710373,32.420677,32.839943,30.280163,26.340496,23.067617,15.110564,21.923576,26.943396,26.722881,22.546671,26.975662,2.345907,39.899231,42.773674,33.147961,32.332603,28.027554,32.123264,29.667297,11.683216,27.830341,32.436176,29.996460,24.443501,19.298027,23.363762,28.048836,29.636278,32.004330,29.344158,24.083813,31.420576,35.340096,29.405060,41.188545,37.509048,40.111660,33.048450,26.983601,31.105068,26.526863,34.632648,36.910210,38.368454,35.917988,29.137753,32.994694,35.469109,34.493446,34.180252,34.579613,34.977802,35.608875,37.295715,38.208054,39.961079,35.095894,29.876654,29.801540,30.435368,32.730274,29.011766,12.226353,29.200012,31.940807,29.819817,25.072891,23.269472,21.159735,19.776136,16.838139,28.236576,29.939968,28.488937,16.643776,32.364700,34.499279,30.735947,16.459810,25.905378,21.131855,19.368813,18.749079,13.208179,18.815414,21.399090,18.271391,11.245443,18.080862,26.567303,28.576059,24.127342,26.757950,27.788553,19.376749,33.751656,40.480980,42.635818,37.450020,35.226715,26.336193,34.720165,30.370468,34.136929,31.753283,31.052244,31.469328,36.437656,33.753948,19.393639,32.224113,35.531437,37.976479,38.807747,36.883148,35.740898,36.234879,30.994970,35.993698,35.172222,13.824242,35.153252,37.456749,37.730846,37.835003,35.983089,34.482960,26.928616,27.377914,31.475079,33.363953,33.542076,34.578346,34.144520,33.666912,33.891800,33.246979,35.033512,36.216503,33.150784,31.297281,33.461227,28.515854,27.231220,31.085871,31.386927,34.668697,31.235443,24.870369,32.426613,24.612520,31.760952,34.877010,27.303673,25.419188,30.553732,29.628738,27.833244,31.548445,27.917204,30.630610,19.764647,35.235092,35.397686,38.357903,39.669891,25.727480,38.848656,39.256187,36.253746,44.397583,43.174572,38.108616,41.972679,40.827950,35.825996,38.869225,40.618271,35.971985,27.361282,36.825874,38.109673,30.842199,30.926167,39.537125,39.618073,32.643475,28.360918,30.283182,34.572186,36.897198,34.352875,23.447706,33.235966,38.926056,38.214386,33.525173,32.769691,35.146584,35.040325,36.035610,35.251854,36.618717,38.578758,36.287148,26.307846,28.810757,25.229610,25.943840,24.820568,25.914913,21.428984,22.150564,25.033615,18.357422,22.755764,30.683081,29.937344,23.392788,12.710663,26.378075,28.161028,28.293076,19.556795,29.798841,27.999592,22.724606,8.928682,25.192101,29.862307,22.586227,24.434240,29.773350,28.265030,19.399025,28.102230,29.014553,23.180145,16.175446,22.442543,24.965162,17.180197,23.575327,27.007858,27.499563,27.111992,26.033043,30.149113,32.952171,28.538055,26.346001,30.168802,30.644884,31.568947,29.139805,18.092661,27.051617,32.396759,30.755344,25.489132,24.322004,28.932480,29.825533,27.651709,25.983696,26.875683,26.267252,27.128368,29.267504,28.663618,20.825006,19.704296,21.728016,27.473431,29.068975,23.656065,13.398643,23.842178,23.747456,20.770947,23.169310,23.185198,23.768200,26.182770,26.741974,17.364645,24.442194,24.972668,21.906139,22.212503,15.575744,29.120972,29.838127,18.911459,21.049337,26.641161,26.888985,20.273834,21.566927,26.023329,18.693794,29.683416,23.426167,26.332224,31.379948,27.631357,19.508295,30.407772,33.062252,30.342619,23.388000,23.170315,26.796999,28.068731,28.200123,23.511108,29.095692,32.942432,30.489733,28.502787,33.732105,34.159657,29.492191,14.436236,19.017433,20.984623,23.114672,25.452433,21.707077,18.472408,28.645487,30.578251,29.243870,22.878883,24.652052,26.696690,26.706184,24.354572,17.667850,15.680777,11.638931,24.250288,21.961838,18.996557,28.225273,28.291805,20.645275,19.755009,20.824230,22.677107,26.708582,25.839943,21.517361,22.775978,18.250017,28.011917,29.039223,23.749199,14.310752,22.414133,21.022266,20.864834,24.918890,27.027088,26.069988,22.145878,29.453918,27.524067,14.139167,14.871323,15.774306,17.177197,13.298427,16.128023,20.476187,18.752783,18.383801,25.252287,27.366402,25.533590,20.934887,18.720835,20.898331,13.157635,22.043428,27.986851,27.195034,23.297808,11.868629,21.409904,23.086491,21.644508,16.056536,10.333371,11.605518,21.928448,23.086704,21.424227,20.424728,16.096802,5.193267,16.545996,16.538937,3.851536,20.686560,23.958656,23.748676,24.814590,21.144114,4.740830,11.719669,0.903161,12.352572,12.446322,19.719088,24.034481,22.550251,18.567146
[0;32mI (55720) ANALISIS_ESPECTRO: Frame exportado | t=55.05 s | pico=49.2 Hz | 61.5 dB[0m
SPECTRUM_FRAME,56.331928,49.218750,64.752029,hann,512,25.042971,36.131481,21.616455,27.438650,19.598969,18.755184,23.398739,26.639862,19.745646,33.413372,29.462929,22.889534,29.625492,19.361917,26.563648,28.817635,17.126245,25.198898,24.787199,35.177948,53.467617,64.752029,63.126724,46.736130,22.152981,27.626350,25.185663,29.180298,29.019772,13.313523,29.492008,31.191601,18.598705,17.100256,15.950163,25.320915,32.455070,29.157152,23.610308,23.350658,22.587965,32.014805,54.084209,56.892056,47.654839,12.550701,25.693935,18.602188,28.073391,32.070126,29.463512,9.415184,30.244295,26.055897,15.374073,22.506056,6.466898,29.222809,29.151760,25.490341,22.554909,25.819717,32.594761,43.216434,51.577553,47.252136,27.894047,26.634342,25.936556,23.221371,25.741276,31.737909,27.758684,17.208256,23.520275,17.472002,26.697773,27.726366,16.486952,24.193695,25.548958,13.363956,22.218199,32.608932,34.064941,38.659779,40.460182,31.256306,21.004793,25.482998,29.853460,28.517275,20.250399,24.890736,22.208395,24.180103,29.141626,22.601023,24.915297,26.024115,21.832596,26.516562,19.079649,27.458981,19.085754,28.853140,39.203632,45.831711,39.976746,22.213505,19.159477,28.357325,26.586788,18.383213,24.670164,27.003548,25.627859,27.024742,28.147644,12.223169,16.195093,2.264107,14.578608,20.087017,21.991766,28.653343,22.521626,33.014198,41.282188,38.109871,26.564054,11.217660,16.479916,8.337707,16.769041,13.066399,0.454720,16.221737,24.592657,4.998904,26.365440,17.726421,18.680847,21.570518,22.628304,21.099426,14.919381,17.179737,28.878099,38.572502,37.930428,26.460915,23.996834,19.774343,2.690270,22.909584,18.012045,20.643574,23.210808,24.780853,19.252094,21.350634,27.143736,21.958641,18.462612,23.319578,26.425816,24.862516,22.723610,21.957876,26.494581,34.354862,29.001560,26.188307,25.826872,14.629469,9.129186,13.429933,15.333251,12.308533,19.273506,25.967525,24.229490,17.392523,2.448077,16.708963,22.326893,13.028349,19.985104,21.083239,20.644646,29.196815,36.984375,34.667542,13.508356,20.260180,21.629871,22.801136,22.354950,25.591631,26.481836,25.241875,24.748329,20.205973,6.580934,14.480573,17.715420,23.292265,7.492874,24.761686,19.874208,19.128674,25.288012,34.121944,33.951572,24.919758,26.766666,24.816586,13.722077,22.555408,27.938787,29.361794,18.641874,16.059616,9.867183,11.594955,16.151062,5.892606,23.391027,24.235432,21.361073,25.212250,14.685987,18.357174,19.994450,23.167789,22.900316,22.417210,20.633770,14.528349,11.292213,14.889719,20.864601,15.266122,21.950680,17.951376,21.736237,20.550636,6.631636,22.635300,25.953075,20.541170,13.970904,16.735865,11.026515,19.711000,12.540098,25.015985,22.446877,10.046426,16.850298,24.553518,21.674725,21.043310,24.533417,21.673904,18.462149,16.659262,17.291983,26.644032,24.320530,17.882351,14.589243,20.395390,26.571308,26.562355,20.117886,16.171019,26.215729,26.451881,23.826431,9.974397,23.470304,22.930809,9.482513,21.769402,18.052956,8.446570,13.041338,16.138041,11.563711,20.343800,19.231777,14.360189,14.843931,17.660791,22.296192,24.051273,21.340611,19.328154,24.807566,27.144932,23.897816,14.810541,21.545307,23.118288,20.046062,13.587521,8.785745,18.416994,19.681030,21.707912,22.993975,18.895065,15.844189,18.059805,22.340061,22.516769,24.175547,19.076994,17.901075,15.663676,20.484674,20.349426,17.863789,12.988283,15.922748,24.727755,24.240044,9.988220,17.857651,24.779720,24.233446,11.829138,15.617329,0.846614,15.186008,21.539570,23.129650,16.656879,1.034743,18.237743,22.107372,20.372002,-11.325406,14.872523,14.295382,19.139273,25.791504,25.205547,18.513309,12.617451,13.757262,14.614605,11.954079,15.095528,20.044418,14.446621,11.638089,5.653047,17.687775,8.878493,23.328180,25.362064,22.843735,19.586666,11.846613,10.497174,16.653946,17.235182,22.383465,16.467892,13.752573,4.903511,18.604122,21.286898,13.017061,13.996801,23.322840,17.686605,13.978573,20.126064,18.058712,22.968601,22.822744,14.647470,14.872667,14.232183,5.101898,14.337452,14.388149,17.374931,20.199659,8.628896,13.961754,16.443243,9.035632,20.539310,18.158064,18.626614,21.702692,20.253822,21.662895,14.795471,21.437988,24.264223,28.045160,25.903519,26.041512,24.775978,19.992620,20.133839,17.041292,17.112970,12.411757,22.205830,23.602526,25.348577,28.552288,29.410379,25.313000,24.215553,8.420609,21.309818,16.857538,19.910017,21.573502,18.598269,24.503300,28.933413,21.694332,15.346223,21.251190,22.027279,20.500042,15.148683,21.803181,23.714254,16.948164,17.525976,21.924484,20.435913,19.909458,17.720137,23.746042,14.461536,17.126705,21.083391,21.534327,21.065823,25.874176,24.480343,17.244984,21.114302,22.780251,14.016572,17.042501,17.117817,27.748512,31.651047,27.549026,19.153198,25.260185,22.628899,9.542163,9.183794,22.574268,26.854301,22.570042,11.168567,17.662252,16.234493,28.475193,29.441605,26.536062,26.291731,18.997351,20.124533,21.684086,22.369064,35.752392,38.470177,35.247868,33.443180,24.639660,17.992998,24.164488,22.264364,25.476868,30.101690,26.444618,25.112560,20.348967,28.331684,35.136322,34.657204,33.412239,34.529663,33.382374,31.296604,32.682796,32.138981,31.791538,29.805283,28.774990,31.320717,33.309753,31.433428,31.217953,26.176607,19.348923,21.834946
[0;32mI (57000) ANALISIS_ESPECTRO: Frame exportado | t=56.33 s | pico=49.2 Hz | 64.8 dB[0m
SPECTRUM_FRAME,57.611107,49.218750,68.236252,hann,512,20.417389,35.808289,35.129436,33.815235,31.153318,26.501724,25.393345,29.188625,29.517170,36.441280,28.742065,27.168900,34.241177,32.172958,29.626438,25.096790,30.443537,29.078125,29.456051,35.633301,57.645187,68.236252,66.587242,51.077774,31.557856,25.747557,25.280455,15.078770,16.654795,22.516214,32.709053,28.620169,6.953717,26.808937,30.662476,28.064661,29.001747,28.031075,22.357010,33.101738,34.041115,38.329369,57.737587,60.303574,51.228615,28.544945,28.775242,25.301523,29.178993,21.328897,28.487953,21.252552,27.869011,27.011799,26.078541,31.432198,25.865025,29.482393,26.588409,26.860725,34.114090,36.779362,36.136509,49.208256,55.466122,51.168678,28.201468,34.445801,31.951908,25.987038,28.002029,23.668129,25.019272,25.238478,16.708002,21.664875,21.359732,27.924107,30.812933,19.723055,12.710352,27.661720,33.851013,32.512527,29.931461,37.427460,37.201950,21.598595,29.810211,19.809006,25.709652,18.091171,21.338598,17.237068,29.901432,29.599688,22.112600,24.568951,27.493685,28.110981,26.681479,28.807280,30.920734,26.407644,31.403091,36.071636,44.336769,46.736050,38.088982,26.422804,30.042038,33.403439,25.331947,17.908806,31.083689,33.045284,36.941906,23.360758,26.969442,25.802143,31.984688,28.541824,31.925680,35.639194,28.238203,35.068192,37.166676,39.586964,43.754536,38.065849,33.192139,30.806753,37.445599,30.233753,33.100494,34.585522,23.527122,37.609222,37.391735,30.450687,36.620831,36.659855,36.033600,33.790318,32.094234,35.581127,30.667412,34.672276,36.148190,22.825756,22.998247,21.960667,29.430573,22.539352,32.005520,30.905670,30.129492,30.565794,35.422176,30.865173,32.094139,18.034618,34.102570,37.699017,35.086208,32.663990,36.380596,36.345959,39.800079,41.803440,38.416256,37.826786,32.518021,32.300175,36.954082,36.236244,34.504517,21.643810,34.554131,31.035784,32.796104,36.348312,40.513802,43.216938,45.005840,43.423481,45.032654,41.798828,38.530582,44.389118,43.472630,43.285080,42.432114,31.000984,32.816902,41.974052,36.648781,32.351025,38.353699,29.209078,39.137871,35.153404,35.532867,37.394062,21.594524,39.131729,39.340042,28.016056,41.761936,39.051701,38.636276,43.722275,34.544807,38.257385,39.559940,37.269562,39.536598,37.276665,35.698570,35.792877,34.711487,37.924500,33.692192,33.193314,32.498291,35.596462,35.084290,36.748604,37.915939,38.628811,39.524277,32.882401,39.858860,15.569573,36.361649,27.517525,36.089424,31.840965,28.873592,34.146248,38.030037,36.077301,38.400047,29.831045,33.698338,35.126434,34.124454,29.048777,27.634716,31.774214,32.625084,35.342518,32.332275,36.700726,34.100117,25.587263,14.587883,27.529953,32.046638,24.088823,22.105215,22.227592,25.863651,33.195274,30.326937,28.319031,28.004131,26.586493,16.716867,21.777111,29.282072,23.800135,19.820570,27.167759,24.609581,13.606239,15.159473,21.967182,17.698952,7.817782,23.405197,24.312531,22.261158,18.285439,27.054588,28.201372,17.085274,28.369112,14.885106,25.210752,21.060400,23.706001,14.301088,22.978552,29.946884,26.360476,23.401543,32.104359,31.956249,20.660524,25.973713,22.817539,23.193895,20.468010,17.497471,20.701666,22.043762,20.842321,27.793129,17.728470,22.954334,25.489029,17.413139,23.430223,25.184479,22.835258,31.333118,30.904665,17.583296,17.379396,22.105202,24.261293,23.633348,26.095411,19.835564,24.735926,31.235172,21.669550,21.479076,15.715331,23.579906,21.272533,23.989046,22.357246,10.054800,10.403365,17.129057,19.362410,22.618227,24.297207,17.027369,21.422329,18.136749,21.431314,26.228832,15.392328,17.455925,11.666951,23.216145,8.243673,16.808413,23.734928,21.239655,23.710808,20.841431,16.531857,24.037474,14.254433,18.379866,21.572878,27.451073,26.012705,19.966553,23.474808,28.224676,21.044752,20.882242,25.026131,17.392084,22.944939,5.540195,20.699860,-0.819768,19.514105,23.962074,26.358765,17.754597,26.365395,25.492977,11.385035,24.975929,31.449062,32.151306,32.436348,30.092070,29.181435,30.512552,26.008091,24.723759,26.987804,12.696395,23.348557,24.503639,21.683987,25.708277,12.202147,22.208725,18.978148,24.843548,22.806301,18.650953,20.508089,23.367001,23.057678,23.891411,25.402519,26.326263,19.987377,17.930305,19.377958,17.006863,14.060744,21.271505,20.108023,5.710269,18.966084,25.119390,21.985819,15.001839,18.081205,11.114282,19.701548,14.637300,12.362310,21.402794,25.916311,27.014444,18.516743,4.872581,19.998287,22.710028,4.189946,12.949939,15.522995,19.419933,19.120100,17.871645,25.166666,21.901693,10.081006,24.246063,20.529240,15.428131,19.897264,17.034834,4.467263,19.117504,25.469238,26.045383,23.480227,17.827757,12.322657,12.055177,18.798864,14.312460,19.109098,22.754271,18.319414,24.683651,21.059395,17.954838,23.288986,16.409452,18.618219,23.965338,26.038071,6.936766,12.232759,19.107199,21.899607,20.127846,16.664131,15.666376,15.400110,16.786873,7.698114,15.204349,13.917142,16.358231,20.878469,19.290220,16.658785,18.793810,24.191360,25.227516,24.162140,21.665642,20.003862,20.778660,21.226944,24.553968,23.324402,15.058132,20.488350,21.534233,20.563240,26.058887,21.447638,22.006445,23.886776,25.524609,26.079008,27.037735,26.791500,25.574261,20.515350,14.229279,22.142044,23.664536,19.625799,18.319183,23.265753
[0;32mI (58280) ANALISIS_ESPECTRO: Frame exportado | t=57.61 s | pico=49.2 Hz | 68.2 dB[0m
SPECTRUM_FRAME,58.890288,49.218750,63.852058,hann,512,28.264767,27.678452,25.180531,14.689260,18.348442,19.093868,22.543776,24.188908,16.815603,28.674202,27.319067,26.343573,25.591068,11.995226,24.596169,21.175182,27.301174,25.825336,27.835024,29.848003,52.694874,63.852058,62.300053,45.524197,29.277060,24.983845,22.289833,28.262484,20.951912,19.629786,27.016949,28.807613,15.688721,8.395413,22.566092,25.649145,24.275789,24.743359,29.539335,31.521408,28.361254,38.131149,53.190838,55.550087,45.596424,31.313217,24.776888,23.898279,27.957203,29.173698,19.005253,24.722553,28.735151,27.574903,25.497215,22.275928,19.020241,19.009726,19.708235,27.829771,28.558876,26.408710,30.858009,44.798679,50.973885,45.843967,17.992422,17.080009,18.145391,17.761639,20.971117,9.819654,24.159668,23.349703,26.852217,27.917744,24.276558,22.199448,25.316578,27.925215,27.977678,25.614502,12.383764,20.305746,32.560711,39.874847,37.594398,23.277981,22.930508,22.531998,17.040359,26.801321,29.148319,29.266586,29.082777,26.287090,19.571012,27.264675,29.095177,34.049725,35.701107,30.323608,34.348431,33.832424,36.467964,35.813042,37.882889,41.108360,35.547688,27.436056,22.146051,17.062805,24.466671,34.659657,32.591908,24.397888,26.315214,27.100960,33.011658,30.143574,30.658871,34.130466,24.768288,33.321487,30.254917,30.385479,38.870121,31.824789,31.416222,27.555428,25.872774,25.748646,21.054138,29.530638,23.505451,27.790232,-3.588802,27.616741,27.275150,20.878094,21.227388,18.543608,28.425915,7.928978,32.196777,26.312351,31.252377,24.548908,32.205875,32.965244,33.579552,26.621086,29.040722,23.164778,24.865459,29.034286,26.390263,12.397910,30.267830,31.194563,27.593208,23.316166,21.837767,23.335758,24.546843,17.991508,27.772690,25.896145,28.121758,28.086742,31.710670,35.347446,27.365574,11.488731,11.973705,22.122738,24.182673,27.288359,30.119379,25.559862,29.544489,28.421604,23.731735,20.947399,17.625317,22.054712,22.445999,22.339264,26.847467,26.182835,28.736162,27.307444,32.639660,25.065140,21.260336,25.519495,25.421673,21.587894,15.585997,28.577547,28.699619,31.381302,31.144924,32.415806,32.204460,31.956020,31.314377,32.058006,34.085789,34.904942,34.199364,32.169956,32.034611,32.554218,34.344555,31.827801,32.726738,32.588867,23.495615,5.203472,21.094015,25.186899,23.620590,28.584154,25.979557,29.051178,18.757198,21.192307,23.596161,28.384579,30.067371,30.751612,30.284477,29.291353,25.388567,18.615679,26.297932,28.087099,30.172434,27.952171,29.375481,28.332840,28.839514,26.725475,24.732971,20.960253,25.080549,25.447929,27.211967,19.169155,27.095493,23.075502,23.672882,16.707788,19.408272,26.246021,29.274990,27.868198,25.314472,24.609518,15.885192,25.371264,24.166996,23.950546,18.169437,21.209469,18.345037,20.389980,10.236233,20.119396,14.743818,25.213575,23.846169,25.548080,20.126535,26.028111,4.183937,28.684174,30.578644,21.135206,20.377016,21.885128,17.653578,21.192375,21.998814,25.428310,25.319153,26.786182,23.354349,21.605186,18.765209,20.773617,20.473814,21.707039,25.654530,24.350386,23.021339,16.300476,12.417013,23.227491,22.577309,16.837843,21.097490,17.420944,18.496811,17.410465,17.758213,11.175417,21.667789,15.722115,16.611187,16.823690,8.553901,20.607353,20.318474,17.800140,17.136921,21.460823,22.608589,22.317490,24.781809,25.685585,24.029720,22.828476,20.589609,11.294134,13.461971,17.398975,19.555420,18.675217,13.091983,18.483351,19.049187,25.122551,20.958599,24.304075,22.722511,23.008785,20.545074,19.852390,23.627899,23.025047,26.379726,25.653811,27.345133,26.473064,26.152889,22.419804,16.548161,17.462168,21.548523,19.227201,14.454541,13.057185,9.443494,13.279593,22.890139,23.154877,21.447910,23.884865,22.261665,20.871883,24.703304,25.859035,23.724463,20.536728,20.519569,22.558727,23.104378,14.593018,15.497684,22.693745,22.807499,21.787575,21.433403,19.863560,14.917064,18.824612,20.396681,21.690237,15.336113,10.865730,20.289507,22.421949,25.229712,23.118742,17.105661,6.097916,6.649764,13.022564,18.825930,22.743317,22.644585,19.799099,21.387180,23.433308,21.567059,15.026516,17.763889,19.112764,22.397549,22.218916,11.554588,17.585396,19.400137,21.853819,23.627615,14.649517,16.593887,23.395042,23.213783,20.106358,21.408104,19.764769,10.075084,17.772041,17.644512,-8.378606,-0.527239,17.049911,18.804447,9.504213,21.013258,20.806692,20.847704,19.391338,15.354992,22.689739,24.477459,18.146610,15.362290,25.255671,27.127497,24.204195,22.471407,20.023338,18.683783,18.325104,17.926199,14.225006,2.481071,14.293365,13.906345,14.524630,11.875036,10.965599,19.867676,22.330658,20.573235,8.261316,14.467442,12.194305,7.707304,8.996141,-5.384039,18.085312,19.608189,16.177715,17.048628,16.476137,16.413477,8.985309,21.970165,20.756264,20.968332,17.492611,10.682001,13.560373,21.105865,20.388422,8.565805,7.335950,7.646651,12.229009,19.176685,15.267810,20.566902,21.485367,20.230247,17.801041,16.895535,18.357035,16.937042,21.523201,21.232956,20.246218,16.420271,13.715633,19.965853,25.178892,24.373634,14.888115,11.197218,11.444955,10.306862,12.429758,13.780478,16.810074,16.567997,6.815588,15.177489,11.756302,15.531501,17.814491,7.308631,15.035771,10.671982,12.936460,13.689537,21.835432,21.078875,17.676483
[0;32mI (59560) ANALISIS_ESPECTRO: Frame exportado | t=58.89 s | pico=49.2 Hz | 63.9 dB[0m
SPECTRUM_FRAME,60.169468,49.218750,63.633644,hann,512,23.376617,31.934803,28.367388,33.420692,34.775585,34.496407,25.495056,26.881056,28.587040,31.857508,28.105328,30.629131,24.863323,21.853468,26.700771,19.850462,27.591270,26.298519,30.748404,34.322495,52.431911,63.633644,62.091885,45.672230,24.858286,34.533390,29.219715,28.589577,23.842680,30.464302,28.778002,19.883533,17.760679,22.828047,15.636290,22.676487,23.079203,24.331533,17.446953,17.535358,25.528193,34.300446,52.404877,55.088936,45.539413,18.385950,29.963551,28.762617,20.957951,23.301718,15.755493,30.595579,32.505013,26.190624,29.673765,29.571238,23.908371,5.463930,27.386917,32.418751,28.084660,23.382381,26.115673,44.900101,51.441227,46.673035,15.561392,34.280502,35.692020,33.552097,29.366590,29.542990,22.496567,30.111034,20.437231,31.475407,31.536016,22.837660,31.752438,26.279697,35.051857,35.737297,29.376278,31.186817,36.542492,40.699776,39.839893,26.213699,36.882027,39.991825,40.080139,39.771465,39.358307,36.117157,30.399292,27.681721,28.034626,28.755577,28.504326,2.017135,19.375599,27.203701,30.821815,26.743231,28.711454,27.361286,40.452393,44.603310,36.133694,19.577473,26.844805,36.315926,35.760082,32.588055,33.071861,29.563044,27.233829,32.210403,29.807484,26.520081,29.603703,27.612732,27.038628,17.963310,25.911123,30.346500,27.102734,23.129395,38.989033,36.915745,23.143990,33.926582,26.618727,22.873379,31.184551,33.057800,27.471941,28.359404,21.276447,28.461361,23.269548,29.260406,29.780312,8.431471,35.188129,33.527473,27.289427,31.170044,34.188644,38.766491,37.055309,22.619799,34.444283,31.343309,21.288073,31.638988,33.948902,30.564003,35.127731,39.520424,39.057358,33.659866,36.518089,35.800793,35.429768,40.356537,40.866718,36.959072,21.401150,34.918152,30.525639,25.450829,27.913973,35.803535,40.146263,38.183640,33.338589,35.790436,36.510391,37.454941,40.223457,42.354462,43.586464,43.282356,42.876686,42.652611,41.526295,41.767334,44.013474,40.035461,28.124184,34.165314,37.763100,38.093037,24.887730,28.229416,36.338768,35.965408,25.024139,27.027542,24.365799,23.543713,36.776421,36.452824,28.192955,29.413717,34.815392,32.546211,36.180908,34.594536,35.164154,38.805386,41.242832,34.508087,31.287527,36.078049,39.713665,41.965542,36.251949,32.720524,31.694016,35.958138,30.457550,33.185936,34.878227,35.430092,37.879330,28.090656,28.050728,23.908920,30.832668,28.910009,33.177956,24.211624,29.866875,26.085463,27.370502,23.779678,34.862968,35.506893,31.406216,27.336720,25.987875,24.863182,17.424068,25.324476,18.671415,29.488974,30.005409,24.894245,31.639635,26.617363,24.333775,31.473560,34.902004,20.273970,26.122999,24.173428,36.222801,34.013496,38.515419,42.231518,36.056850,33.032181,33.459824,20.227146,24.175064,15.932199,30.670223,36.724506,37.741985,34.144474,26.843760,37.209675,43.015369,41.971554,32.731014,32.684753,38.763779,40.399475,33.970325,25.382702,36.941460,38.678230,37.466885,31.230497,30.731449,38.315624,39.287235,37.029995,35.526039,34.711487,37.037392,35.940701,31.627884,35.887527,38.619698,35.211559,28.134476,31.265585,29.302944,34.407761,32.977112,26.782568,24.715542,23.729252,21.277565,10.548298,20.300495,24.047716,23.088093,23.647041,13.119387,26.597336,30.072840,19.849535,29.462399,27.475353,28.555447,27.079470,21.661221,25.007359,23.579386,24.393135,30.763197,29.406689,13.154408,20.938503,13.778819,5.604475,14.417725,22.209591,21.945837,22.339069,26.183384,27.157660,15.064854,30.878809,30.271351,3.623973,29.224167,25.659725,25.421476,27.523565,23.090992,22.945312,28.509678,28.270985,20.775480,17.843250,23.718184,25.376060,18.105679,23.945927,20.411835,26.474091,20.374844,23.544283,22.442827,21.254562,24.408710,26.883106,23.136185,19.178902,25.642437,23.993114,28.747433,32.749672,31.988317,30.911781,28.141258,18.905865,26.609583,30.305273,29.473478,28.963110,23.676699,16.224121,28.514069,28.933239,23.862907,24.080858,29.838783,26.652670,29.804176,30.455006,20.571686,27.378471,25.485353,20.362591,28.159658,23.770025,24.917931,10.192462,20.355431,20.413628,26.168308,24.320984,20.446789,25.070751,14.192052,27.561541,24.626072,24.961950,27.215519,21.391342,30.697210,28.741476,12.814898,15.689291,21.243526,19.227369,24.280552,20.127995,26.232595,26.103920,22.608383,25.062500,14.983547,23.549416,25.344236,19.532587,14.265132,23.624756,25.430021,22.835197,24.253517,16.101948,20.986040,22.233635,18.655300,13.975376,14.189153,10.220112,15.761939,21.368084,20.734692,20.228565,15.652581,24.986830,25.259733,22.067507,18.551729,20.204639,26.345535,22.980520,17.981159,22.759369,24.959223,20.794641,26.826157,28.067928,25.449463,25.651588,23.664873,20.911507,27.537271,29.407633,16.815895,23.811199,30.056955,31.438187,30.707333,28.872950,20.990019,26.440687,18.010880,14.380043,28.850042,27.235035,23.176126,24.839741,16.804777,28.065830,28.711052,26.083059,22.899578,21.572676,14.054825,23.305824,20.861635,17.008736,19.247030,13.311262,17.244671,13.615299,10.947709,15.965415,21.808239,21.311266,28.551065,20.965683,12.788321,-2.006962,19.341726,21.730995,9.819613,14.802795,14.767609,23.685598,20.649366,17.136776,26.883987,20.355198,19.198132,19.239803,18.508345,25.932079,22.443329,15.983471,11.776539,20.035954
[0;32mI (60840) ANALISIS_ESPECTRO: Frame exportado | t=60.17 s | pico=49.2 Hz | 63.6 dB[0m
SPECTRUM_FRAME,61.448647,49.218750,64.187515,hann,512,19.435659,34.217125,27.742701,27.203011,28.824427,33.352760,31.129484,19.810059,33.330238,30.634171,24.603643,26.635216,20.654331,22.520554,22.157011,24.609907,19.214333,20.366589,26.828234,35.674042,52.709393,64.187515,62.601360,45.532402,30.590698,26.292332,22.607353,28.561653,25.165642,28.822538,28.735218,18.606535,21.713522,23.842560,24.983200,27.105932,10.719830,24.050093,31.654400,33.629520,31.363785,31.514170,53.160263,56.007988,46.847363,21.010675,27.401236,23.983957,29.547312,28.112656,23.476364,27.010311,25.296246,17.293200,35.654556,39.395901,36.949421,28.968433,25.537086,32.125206,37.954964,38.742374,33.645630,43.024979,51.292835,47.671173,28.320000,24.099640,22.804844,19.509817,28.306019,28.720551,30.275192,26.804598,28.677214,32.032982,33.656849,26.299381,25.085106,33.742096,29.642864,11.317179,13.542698,18.862324,29.544773,39.766033,40.250820,29.229488,31.657059,31.775791,21.065090,32.252815,35.425850,36.740776,36.275169,30.069818,25.937668,31.361219,23.039539,15.141102,34.399769,35.093361,29.179703,30.730982,29.136953,26.194077,39.288624,44.135242,32.257362,36.412891,39.191490,36.858887,27.480206,39.737911,41.291618,42.501030,38.164207,29.646013,35.332512,37.938530,35.095612,32.292439,32.206276,33.563091,28.385420,26.551346,24.755417,28.304932,37.690208,32.550549,19.450661,16.783188,27.195807,14.304636,31.032330,33.821991,37.266003,33.847397,20.838964,30.579607,36.393707,36.965572,29.089537,26.656376,32.347855,30.243858,17.723408,22.185844,21.230042,32.921631,36.322433,30.940033,30.876297,29.731102,27.103352,27.824705,32.089272,29.901201,27.002129,20.936611,28.296410,17.994141,17.164177,26.249222,30.855927,33.846718,31.220625,27.202065,30.117203,35.699326,33.535824,33.648563,36.926956,38.677238,40.066216,37.025837,35.790009,33.705048,30.541485,32.171898,31.277960,29.336805,25.094238,19.404865,29.281713,30.282097,22.520542,11.279232,33.197884,35.233463,17.744886,24.791122,27.144117,32.843178,28.491934,34.756180,36.875237,32.001762,31.855333,34.763988,35.784836,31.975826,32.374008,34.153702,30.881746,23.857555,29.578321,27.879463,19.432283,24.648716,32.447742,32.566090,31.597996,18.049122,29.970074,29.391897,16.709019,32.907337,32.851059,21.033321,30.212603,23.510468,30.430420,32.436737,31.387798,23.881351,14.058470,22.441956,29.227081,29.749828,21.814796,30.128567,23.887079,26.033955,22.145035,27.121687,22.090807,28.622782,22.267742,28.578667,17.490084,15.150213,23.787895,21.472532,15.650099,18.632519,24.881744,25.010130,24.461330,29.430370,30.384970,25.487022,31.024925,26.339781,28.622400,15.416327,20.872011,22.232563,14.538573,16.511232,9.478328,22.898026,21.884197,24.656094,26.462248,22.749968,17.704628,24.023697,13.704785,17.544193,14.676400,24.965637,25.428524,14.331340,25.151657,28.345316,11.075377,5.038495,29.464304,27.619894,23.774746,11.471906,27.261429,21.504576,24.888046,26.884821,17.869795,28.922115,10.184550,28.878849,24.692795,25.393679,21.276546,21.156799,-10.478298,21.611614,24.978794,13.743210,21.771877,4.736173,21.109718,17.834579,23.088829,20.719414,21.091269,17.082054,15.102292,19.900076,25.251347,18.765636,21.995356,15.899231,18.196995,22.119787,23.520632,21.138000,13.706539,25.273344,23.255957,7.267870,21.916653,19.681725,19.541168,20.320395,20.189182,6.380821,23.112045,19.248985,25.199829,23.856594,23.835587,25.605808,24.748436,26.885740,25.147764,26.832596,20.055290,28.252859,13.858313,13.220585,22.634401,20.737906,19.112677,17.870852,22.938751,18.936882,13.103092,17.169779,20.491533,15.226578,18.911055,17.009653,19.920570,18.430428,16.785288,18.527136,12.150044,15.408048,22.467896,17.772596,10.767478,19.683453,18.485874,20.048569,21.686468,21.728708,19.680746,17.740997,14.326425,16.982399,21.970634,17.656435,13.350273,23.961895,24.081030,22.562908,25.706295,21.292156,20.744854,25.207806,18.087379,20.576612,23.552675,22.148409,23.749794,15.444306,12.208691,19.382185,20.535564,14.115978,20.953102,20.764963,8.316478,16.388325,23.614353,24.397867,16.379194,15.182545,15.731174,20.205135,17.009045,10.209923,16.021387,17.839931,21.416496,21.676168,27.282974,24.601009,21.397057,13.199617,18.549126,20.396179,21.015781,21.413208,22.268114,12.584494,16.413534,17.523193,18.910282,22.381981,15.253527,18.207405,11.423444,12.255411,-0.716421,14.197294,18.567551,20.695417,24.794216,12.885336,18.137367,18.649137,22.369707,17.102003,14.920092,22.808592,23.795834,16.090458,16.475197,20.539236,19.968029,18.474106,21.044849,17.647875,10.029858,10.061158,20.749704,24.895613,-4.737774,9.620954,14.864143,0.972479,16.711670,6.077827,17.618050,18.088163,23.964619,20.530930,14.810964,13.081631,14.706556,12.753626,14.030611,18.492279,11.163548,18.741669,22.618769,13.308907,23.621710,9.408499,20.584467,13.058008,8.055603,15.565166,19.478378,16.123507,16.282816,8.218483,16.559275,21.530739,20.126625,18.452688,7.884175,8.963120,11.959443,16.529203,13.105636,7.757611,15.248163,18.752388,18.167961,13.613665,19.539150,20.205891,20.768873,14.798336,8.834532,14.138630,21.919506,14.830130,16.524464,12.610298,16.825226,13.739057,9.456140,12.372929,19.045305,15.220699,-2.531365,9.900259,12.408979,14.860927
[0;32mI (62120) ANALISIS_ESPECTRO: Frame exportado | t=61.45 s | pico=49.2 Hz | 64.2 dB[0m
SPECTRUM_FRAME,62.727831,49.218750,63.833088,hann,512,29.907135,36.719643,37.570160,36.763477,35.483784,30.473522,25.941877,32.519501,26.027523,29.417629,34.103657,32.619694,28.601048,21.075766,17.775841,20.846554,23.364420,22.792234,29.150852,31.756124,52.621986,63.833088,62.183014,44.353451,34.710979,28.632204,28.480452,19.985445,16.345306,18.359602,27.143362,27.828405,26.961735,28.111347,29.082949,28.539017,20.575111,27.235931,28.637920,19.896353,30.891945,31.947735,53.160168,55.545067,44.611366,34.281952,31.481466,28.103750,26.093950,17.840216,13.928103,28.269928,31.750153,24.983231,30.698208,36.777905,35.686832,30.651234,23.926403,28.002903,31.800068,28.865414,30.415802,42.256416,50.887409,46.836456,32.075687,28.944611,18.739717,22.804852,24.911118,24.029446,26.180611,25.924152,19.493185,30.991819,31.892796,31.524761,28.296545,15.054102,9.041975,21.670969,26.947603,27.881498,31.517757,38.825443,39.266762,35.818710,36.669003,31.800568,26.936798,26.122108,29.387579,28.489403,17.070370,19.386925,29.403255,32.125011,24.795864,25.793655,29.249056,25.988590,23.162167,33.867561,32.004913,24.944765,36.207760,43.067940,40.177704,42.404289,43.289841,39.972691,36.078308,36.512283,35.342850,31.664133,27.205446,29.732079,29.609100,22.047155,24.494408,26.325451,23.879932,18.328402,26.113634,26.021732,32.389584,25.282280,34.016655,34.736732,34.227966,36.906437,36.089073,32.889477,19.563705,26.540817,28.397951,28.013000,23.843231,17.724800,27.301586,29.834049,26.553591,13.065582,25.433046,29.816277,29.176130,32.990517,31.902626,29.252684,32.898029,22.935387,21.633892,29.648514,31.585533,32.753342,30.998018,14.361609,23.554123,26.704609,27.428904,25.324839,34.247250,33.367573,27.060080,36.791718,40.026321,39.521286,38.134193,36.714130,34.481876,31.693607,30.910557,17.440641,15.269979,24.682060,26.864264,21.248669,26.948824,30.423664,26.737604,22.719646,19.492205,25.240093,24.230650,22.523653,28.797333,19.398197,26.179342,31.836512,30.975842,30.219707,33.973335,29.535074,28.044605,26.484116,26.274111,29.720900,35.805691,38.445847,35.944256,35.195778,37.480854,35.636379,36.341114,37.242432,27.086601,25.214592,33.946770,32.072929,33.247307,34.542255,34.255165,35.106186,37.862011,38.711514,38.015156,39.589115,40.246552,42.244305,44.856064,45.898941,47.043362,46.566677,44.136292,43.763386,44.011215,39.491623,31.762552,36.971878,38.614403,32.787369,30.115234,30.372484,27.142469,20.155287,31.251429,34.820984,33.019348,32.218536,31.663818,30.184290,32.390858,36.385590,37.577480,35.463131,32.367844,33.808224,31.774893,21.189878,19.562595,28.524649,28.727877,24.323776,25.065115,25.665394,23.343924,28.748253,28.104889,25.878180,23.886631,25.837257,20.175674,25.490959,33.832253,33.893024,28.707962,25.493906,19.330814,28.645380,30.978195,30.874826,30.050213,29.709782,31.920347,30.671404,28.181637,30.293613,31.240004,30.949680,33.154613,32.691593,28.074745,22.756680,22.888300,22.533493,23.526690,22.450787,15.800848,25.551548,24.989750,10.022051,19.743866,20.091648,17.643894,22.105429,20.435768,10.171679,8.376101,15.296849,24.585371,29.954716,29.936653,21.737354,17.100864,17.678501,14.612677,24.168221,23.789879,17.924103,17.218912,7.731642,16.644981,12.476176,10.091329,21.812214,20.125832,16.768496,23.192976,26.430025,27.141466,27.488661,26.136078,31.015671,29.457178,23.569214,23.326088,24.204025,15.860138,11.826172,18.447407,23.177380,27.184439,29.039185,31.414917,32.546547,31.998272,29.650715,27.322302,27.820889,27.303751,27.501476,30.296291,30.348839,15.893535,25.832329,27.596876,27.658222,21.788315,16.172565,14.215736,-8.275718,20.456102,25.920498,25.773052,22.708385,16.959951,24.649216,20.819227,17.466076,16.814888,16.335072,16.943344,24.818733,21.706610,23.110447,20.944427,20.937262,21.159966,21.989119,18.260752,19.958376,25.390289,25.064791,26.548676,23.988491,16.130428,17.669872,22.191086,26.505926,26.979496,26.270388,26.505384,21.500172,15.704628,24.280636,27.359257,28.876358,28.368481,25.484287,26.293327,28.444035,26.225590,17.993219,17.128590,-1.482341,14.790581,18.835880,14.090300,13.807549,14.541466,14.184846,19.403906,20.123194,24.269943,25.048317,24.934269,19.531584,24.641512,21.728619,20.696289,18.264811,16.187351,22.277878,21.454153,16.000698,10.185533,7.303766,15.299960,4.725283,8.799219,5.746884,14.876231,19.277533,20.163342,23.659733,22.337727,15.097022,21.909159,27.314507,27.904858,28.702051,28.418806,24.520853,11.536054,21.652040,26.997606,27.524767,28.794083,26.939833,27.302933,29.897947,29.264957,28.340477,30.933533,31.832748,31.600306,29.407969,27.097042,23.119518,13.135730,8.452667,7.716125,20.699327,21.974411,20.830133,23.090714,20.760176,13.325963,13.206572,15.187129,14.182690,7.512318,12.682627,16.839325,18.425789,21.555853,18.346561,20.960587,25.547430,26.809448,26.149231,25.063213,22.282703,16.579746,17.767792,15.827288,9.084297,17.616978,17.726864,18.515398,20.800592,23.819515,22.192318,20.240583,17.209173,18.558987,23.513889,27.090006,30.928284,31.915054,29.458437,25.613203,16.641537,19.058634,21.022038,23.776760,24.406946,22.573364,20.198336,19.785686,23.495111,25.576191,24.431459,20.967987,16.773548,17.486046,20.914591,20.894297,8.894575,14.545353,11.319127
[0;32mI (63400) ANALISIS_ESPECTRO: Frame exportado | t=62.73 s | pico=49.2 Hz | 63.8 dB[0m
