Command: /home/yuusha1/esp/idf-tools/python_env/idf6.1_py3.12_env/bin/python /home/yuusha1/esp/idf/esp-idf/tools/idf_monitor.py -p /dev/ttyACM0 -b 115200 --toolchain-prefix xtensa-esp32s3-elf- --target esp32s3 --revision 0 /home/yuusha1/esp/projects/labs/Rep_SE_202601_grupo_Diego_Santiago_Chen/Lab_1/Ejercicio_5/analisis_espectro/build/analisis_espectro.elf /home/yuusha1/esp/projects/labs/Rep_SE_202601_grupo_Diego_Santiago_Chen/Lab_1/Ejercicio_5/analisis_espectro/build/bootloader/bootloader.elf -m '/home/yuusha1/esp/idf-tools/python_env/idf6.1_py3.12_env/bin/python' '/home/yuusha1/esp/idf/esp-idf/tools/idf.py' '-p' '/dev/ttyACM0'
[0;32mI (264) main_task: Calling app_main()[0m
ESP-ROM:esp32s3-20210327
Build:Mar 27 2021
rst:0x15 (USB_UART_CHIP_RESET),boot:0x8 (SPI_FAST_FLASH_BOOT)
Saved PC:0x42007905
SPIWP:0xee
mode:DIO, clock div:1
load:0x3fce2820,len:0x14f0
load:0x403c8700,len:0xda0
load:0x403cb700,len:0x2f58
entry 0x403c8908
[0;32mI (24) boot: ESP-IDF v6.1-dev-2938-g12f36a021f 2nd stage bootloader[0m
[0;32mI (25) boot: compile time Apr  8 2026 14:46:03[0m
[0;32mI (25) boot: Multicore bootloader[0m
[0;32mI (26) boot: chip revision: v0.2[0m
[0;32mI (29) boot: efuse block revision: v1.4[0m
[0;32mI (33) boot.esp32s3: Boot SPI Speed : 80MHz[0m
[0;32mI (37) boot.esp32s3: SPI Mode       : DIO[0m
[0;32mI (40) boot.esp32s3: SPI Flash Size : 16MB[0m
[0;32mI (44) boot: Enabling RNG early entropy source...[0m
[0;32mI (49) boot: Partition Table:[0m
[0;32mI (51) boot: ## Label            Usage          Type ST Offset   Length[0m
[0;32mI (58) boot:  0 nvs              WiFi data        01 02 00009000 00006000[0m
[0;32mI (64) boot:  1 phy_init         RF data          01 01 0000f000 00001000[0m
[0;32mI (71) boot:  2 factory          factory app      00 00 00010000 00100000[0m
[0;32mI (77) boot: End of partition table[0m
[0;32mI (81) esp_image: segment 0: paddr=00010020 vaddr=3c020020 size=0f458h ( 62552) map[0m
[0;32mI (99) esp_image: segment 1: paddr=0001f480 vaddr=3fc91300 size=00b98h (  2968) load[0m
[0;32mI (100) esp_image: segment 2: paddr=00020020 vaddr=42000020 size=16254h ( 90708) map[0m
[0;32mI (119) esp_image: segment 3: paddr=0003627c vaddr=3fc91e98 size=025e4h (  9700) load[0m
[0;32mI (122) esp_image: segment 4: paddr=00038868 vaddr=40374000 size=0d2e4h ( 53988) load[0m
[0;32mI (135) esp_image: segment 5: paddr=00045b54 vaddr=50000000 size=00024h (    36) load[0m
[0;32mI (141) boot: Loaded app from partition at offset 0x10000[0m
[0;32mI (141) boot: Disabling RNG early entropy source...[0m
[0;32mI (153) cpu_start: Multicore app[0m
[0;32mI (161) cpu_start: GPIO 44 and 43 are used as console UART I/O pins[0m
[0;32mI (162) cpu_start: Pro cpu start user code[0m
[0;32mI (162) cpu_start: cpu freq: 160000000 Hz[0m
[0;32mI (164) app_init: Application information:[0m
[0;32mI (167) app_init: Project name:     analisis_espectro[0m
[0;32mI (172) app_init: App version:      bc6dc7c-dirty[0m
[0;32mI (177) app_init: Compile time:     Apr  8 2026 14:46:06[0m
[0;32mI (182) app_init: ELF file SHA256:  71eea6725...[0m
[0;32mI (186) app_init: ESP-IDF:          v6.1-dev-2938-g12f36a021f[0m
[0;32mI (191) efuse_init: Min chip rev:     v0.0[0m
[0;32mI (195) efuse_init: Max chip rev:     v0.99 [0m
[0;32mI (199) efuse_init: Chip rev:         v0.2[0m
[0;32mI (203) heap_init: Initializing. RAM available for dynamic allocation:[0m
[0;32mI (209) heap_init: At 3FC99690 len 00050080 (320 KiB): RAM[0m
[0;32mI (214) heap_init: At 3FCE9710 len 00005724 (21 KiB): RAM[0m
[0;32mI (220) heap_init: At 3FCF0000 len 00008000 (32 KiB): DRAM[0m
[0;32mI (225) heap_init: At 600FE000 len 00001FE8 (7 KiB): RTCRAM[0m
[0;32mI (231) spi_flash: detected chip: boya[0m
[0;32mI (234) spi_flash: flash io: dio[0m
[0;32mI (237) sleep_gpio: Configure to isolate all GPIO pins in sleep state[0m
[0;32mI (243) sleep_gpio: Enable automatic switching of GPIO sleep configuration[0m
[0;32mI (250) main_task: Started on CPU0[0m
[0;32mI (260) main_task: Calling app_main()[0m
[0;32mI (260) ANALISIS_ESPECTRO: Inicializando analisis de espectro[0m
[0;32mI (260) ANALISIS_ESPECTRO: fs=2400 Hz, FFT=1024, periodo=1000 ms, export CSV por serial[0m
[0;32mI (280) main_task: Returned from app_main()[0m
SPECTRUM_CFG,2400,1024,512,2.343750,hann
SPECTRUM_FRAME,1.327153,49.218750,69.858459,hann,512,31.555714,34.745682,29.085102,13.406692,16.905893,10.091124,4.573012,4.536729,12.749557,11.507068,17.922056,8.456282,16.326981,19.776909,17.368498,20.375517,22.936337,30.074650,27.733496,37.136345,59.400219,69.858459,67.735733,49.394169,34.973438,23.716389,27.575312,16.091057,15.453032,20.557337,21.418264,22.583393,17.059610,20.076618,10.414405,17.800510,18.686111,20.597532,19.877983,16.837688,25.667377,42.054031,58.572540,60.080574,48.752167,27.978144,25.247049,14.030348,12.664455,20.185728,14.036026,2.732406,15.947840,14.712292,15.119637,10.968132,18.120277,20.894279,16.208641,22.799976,18.488348,20.934174,20.674837,47.327393,52.047516,45.276115,10.759782,22.981117,21.467325,15.824593,16.564301,16.667141,18.416151,20.024860,27.109957,15.380533,17.587488,14.834827,10.836481,13.402119,12.155295,1.170028,13.876102,17.899691,33.759762,42.060360,39.413582,24.981527,25.601978,17.665382,18.630556,11.613899,-11.915863,13.606004,21.461906,21.005480,9.992755,15.949083,18.577459,21.268845,14.429058,15.119940,18.323938,21.452625,23.790234,27.477676,45.185356,45.895157,32.246460,10.352384,19.794500,-1.185256,-7.166781,15.198646,9.001489,19.788914,18.938597,15.404438,16.179993,12.234777,15.099136,9.925488,20.273783,17.579378,10.336643,14.103297,19.993649,30.067480,37.308136,33.257938,18.769590,16.567730,16.830885,16.893856,17.745899,17.224176,13.995729,17.831881,16.383593,5.454074,15.503704,12.719974,12.936905,16.066748,11.340795,14.010482,15.181293,11.400803,35.178261,42.352848,36.388641,22.698393,20.167475,20.857285,3.270926,5.230396,8.297964,16.840731,17.251469,4.288774,20.135948,24.261187,18.304268,8.051245,19.856449,17.746948,14.970981,14.817003,22.407501,18.944408,35.498623,46.564438,43.835621,24.026011,-5.048502,17.412069,13.881392,13.077673,13.509196,19.075863,8.387061,28.479441,27.064327,22.505112,19.660330,12.919455,14.879442,8.290407,14.606657,11.772575,22.185347,35.135353,40.155430,35.653381,23.436243,19.487019,15.387477,12.025196,20.192638,16.997747,4.791553,7.815766,16.444063,18.584402,3.846985,14.282043,7.907982,3.071210,-4.469705,13.877611,14.518050,18.223660,20.684166,31.669327,28.631596,18.046665,19.996492,7.270087,17.148109,14.231533,15.862114,8.951199,14.563047,18.336826,19.609505,13.877842,11.658508,9.557450,14.259147,9.272462,21.107159,20.533010,20.617863,25.056438,28.997578,28.246990,23.907646,18.529495,19.940607,10.014249,16.528425,12.215208,-9.046947,9.333202,19.624645,27.859425,22.270411,17.983070,16.515532,10.815610,14.030674,13.306321,18.622173,17.182905,32.293026,42.264969,41.519276,32.902096,21.205559,13.138269,10.211076,16.183550,14.449839,14.123578,17.197506,26.389143,20.804173,17.776480,19.756918,21.553810,18.880966,8.532537,16.999229,20.607836,27.282793,9.814828,32.510162,32.571472,21.519287,19.260778,9.989585,2.623826,9.803595,13.899449,9.966818,15.453102,13.051531,19.141403,6.335920,9.165815,16.662821,15.573125,1.469261,15.626270,16.619976,16.924366,17.617300,18.580936,27.722069,30.670309,25.303936,15.934172,13.885068,7.577878,5.090634,9.039956,8.693239,2.488456,15.370255,8.661454,5.829663,13.855553,17.148314,14.826809,21.321114,14.654455,18.727091,13.859960,20.585396,29.406919,34.323605,32.092869,22.962931,16.205051,19.268421,8.525848,10.128477,12.754817,12.565399,13.789105,18.073008,19.874271,2.730116,17.069218,13.736561,11.654910,9.560972,4.319169,16.828573,25.975540,29.072664,33.794918,40.978413,40.658737,24.993130,13.179924,8.216725,14.330833,17.879356,12.555026,13.759860,15.533098,10.758421,17.578913,18.825895,14.333115,16.133921,11.206131,14.276531,3.245354,20.354557,18.967804,28.936346,26.589149,21.665886,15.298247,13.522467,5.962217,6.933232,-4.675160,14.253278,12.428222,12.420373,12.457071,12.778101,13.785189,8.463230,19.096144,14.304773,13.103753,-2.823750,14.975183,15.674337,38.428043,41.421131,32.672592,18.903408,18.179115,10.017114,13.214478,9.661063,15.308248,15.795038,10.741112,15.212418,9.159575,5.963064,2.918895,2.831909,14.002363,15.901795,13.507967,12.719435,21.375561,39.753895,47.285313,43.105541,20.758541,15.618076,3.367057,5.750428,8.884227,13.805525,17.739588,15.495161,12.960568,14.918714,15.033479,6.145985,18.333431,11.498121,20.218128,12.381992,17.218597,25.179789,43.843643,55.764404,54.814735,40.252499,17.503674,22.166245,11.461880,-9.548673,-0.370717,14.464350,12.142024,26.552956,24.268562,15.975236,20.665737,12.623201,3.915381,5.918909,15.589449,7.768985,22.962147,9.380986,37.537838,40.292503,31.142963,14.046629,19.409893,18.378355,20.110802,13.138970,19.707754,11.487040,11.956320,12.674210,4.695206,14.973289,16.159958,11.153489,13.390955,8.631772,5.665367,8.798181,17.419807,35.614285,43.467987,39.618572,21.678654,9.105119,9.528550,13.329034,11.315138,6.729803,10.753979,19.376753,19.496590,12.043108,17.442587,18.098448,16.187389,17.764481,5.618837,11.624311,13.723885,13.122001,26.004999,31.421459,25.600388,20.719208,23.348284,11.569660,19.159277,13.620216,2.041404,11.974037,11.395125,22.804489,17.431074,14.106497,19.687082,22.874115,18.667326,10.858707,4.154871,10.459007,22.382507,32.609238,29.080692
[0;32mI (1990) ANALISIS_ESPECTRO: Frame exportado | t=1.33 s | pico=49.2 Hz | 69.9 dB[0m
SPECTRUM_FRAME,2.606332,49.218750,70.043472,hann,512,25.950752,27.459351,23.766117,22.925360,20.896156,15.709768,11.905848,20.950548,19.326365,10.254045,20.618078,18.781937,11.123562,23.159718,22.816639,14.430710,24.283857,16.018852,31.160078,37.057556,59.563118,70.043472,67.959259,50.055206,33.260807,27.643322,18.320755,25.986717,22.717314,23.292801,18.317142,21.114204,15.893303,15.262983,22.581852,22.797649,17.204996,13.791391,-11.073241,20.646637,25.608778,41.975590,58.539871,60.070908,48.768105,29.992104,16.329254,18.419970,20.238359,23.473351,20.740597,15.643248,18.895039,23.745296,20.241966,18.142069,22.345991,21.692610,20.705421,17.490273,10.298574,9.217759,28.809265,47.774864,52.445431,45.889709,14.600663,14.963412,19.380791,12.667366,15.665611,16.235645,14.166270,6.551650,20.052711,23.379801,21.202238,19.868368,18.078802,11.132417,13.005608,15.324393,8.787882,25.610264,37.117191,42.772835,39.189610,28.720942,30.217491,17.106308,14.713234,12.789394,8.650873,21.435764,24.248478,4.504714,14.279274,13.055525,18.667646,20.398796,18.259026,12.592954,11.983228,12.360468,19.049940,31.182240,45.818211,47.122860,36.562500,12.035995,8.325965,15.428281,13.816589,15.094959,15.988006,13.711480,3.947618,13.839416,17.143703,21.294420,19.385199,14.184937,19.910294,20.745663,16.687775,10.369884,17.145033,30.592197,35.645962,31.020676,17.251404,16.685198,15.265179,17.964470,9.816916,14.433147,13.445799,11.619341,5.367391,5.099583,4.435831,7.736682,13.585191,8.042199,-9.656296,1.618550,11.881626,22.083599,33.762802,43.730427,40.669449,27.279856,15.170732,-1.130996,15.444958,16.440651,11.966303,12.446127,14.116852,7.248099,12.956686,24.288929,19.247026,11.367638,13.425570,5.090301,8.791376,18.490847,21.442739,22.585953,37.947304,47.950142,44.990570,25.543045,3.404937,9.032092,6.352161,15.067602,17.810232,17.325232,23.302345,25.288818,9.242155,21.543571,14.872166,13.126060,11.846508,7.810230,7.487767,6.852686,18.526293,29.081848,34.738976,30.316292,17.327648,14.862711,7.175215,8.730288,18.865923,20.111048,18.491266,17.601158,14.758267,3.564325,13.516294,17.185970,20.422857,18.680754,13.677357,17.135487,17.953270,14.070119,24.209953,34.481598,32.935165,19.650627,21.391075,19.094084,16.054476,17.668594,22.346800,18.706900,12.928062,19.329502,19.514082,17.947439,13.041832,19.325438,15.777141,12.230506,15.157082,16.679707,9.586409,27.919893,36.089268,35.411812,23.451885,7.544532,12.937799,8.325350,13.236286,12.256402,7.351233,7.465689,13.933009,25.217323,22.191998,16.409748,17.180918,12.876330,7.196606,14.717383,16.868404,9.215540,31.833290,40.053886,37.763298,23.634508,22.394741,23.633705,19.038769,6.358075,12.003372,14.505204,13.285948,23.659771,18.870159,17.015398,11.661406,12.630686,10.348672,13.656688,15.091492,12.310827,18.819361,5.989436,32.017342,32.357208,26.084965,16.212975,8.600534,16.861660,13.094357,14.919903,10.969244,13.753381,15.534749,-6.050835,12.364801,17.114616,20.895939,10.722057,12.216789,16.217142,16.408554,17.690546,19.050417,13.842507,27.925642,27.371674,25.199728,22.972147,15.536770,16.261581,17.428177,13.913976,17.981262,15.723108,12.341101,2.048635,13.980780,15.303817,14.799833,17.066565,-3.660898,7.924709,4.852269,16.471724,17.978231,8.241083,18.108377,21.850803,18.011223,20.853968,12.745672,10.547190,5.286189,10.285397,14.178099,15.768431,16.080153,14.769131,7.729606,-1.924542,14.350915,12.250575,13.460840,14.321412,17.969656,24.377890,27.994698,32.909206,41.866074,41.392113,29.001881,17.589787,12.395504,2.947720,16.302048,16.208784,7.460932,16.391949,14.427342,17.573156,18.052174,16.942242,15.418489,12.742807,1.421057,8.219894,18.612556,13.580874,32.335007,32.642712,25.273518,21.793253,19.249979,12.545100,10.143529,13.785971,6.835646,13.637316,17.060678,16.971361,15.519385,9.698454,10.652122,18.070124,14.267478,14.723349,14.385288,14.934772,15.011020,38.637390,41.229370,31.837997,21.194016,19.973700,18.356182,18.722288,17.505882,11.959380,12.145144,3.382538,10.604650,10.058504,10.731097,13.460787,14.058313,7.355214,13.276592,13.573191,16.461809,11.762358,39.692589,46.213226,40.380287,17.215725,15.894464,11.432451,8.538347,0.421983,12.098161,15.900346,14.999538,16.035217,20.868729,18.985355,11.083464,15.286981,7.808216,2.422276,14.092310,23.717310,25.583906,44.166817,55.900806,54.800934,39.830967,26.127419,22.771191,11.451196,9.972527,17.434290,17.642366,13.571334,22.320803,19.672665,2.005377,13.954812,15.315914,10.023138,1.702309,13.175359,6.331347,20.974350,21.326712,41.609230,44.436607,34.114529,21.329634,15.064421,9.048661,12.451002,13.733503,7.485071,15.982327,9.204749,14.415571,13.247364,10.302328,6.884073,17.652554,15.893836,11.490183,9.669041,18.670628,20.100285,36.236622,43.795036,40.541519,24.375914,17.010727,16.794235,17.960012,15.271057,13.899417,2.788337,13.279815,16.931583,10.753488,8.836395,17.439213,20.079872,13.505283,15.291434,17.243664,4.803936,16.504255,22.129154,31.358288,33.527367,20.302906,19.720251,4.064426,10.636074,3.140425,10.306497,12.324672,18.510878,23.548386,21.227026,20.521404,16.032419,15.917046,1.995435,17.365234,17.128794,16.734291,25.672483,33.210403,28.301411
[0;32mI (3270) ANALISIS_ESPECTRO: Frame exportado | t=2.61 s | pico=49.2 Hz | 70.0 dB[0m
SPECTRUM_FRAME,3.885514,49.218750,70.117546,hann,512,26.675272,33.910721,33.248745,29.907513,15.577861,19.853373,14.113503,13.302122,11.394102,12.655869,20.506620,23.270500,16.160267,22.506298,25.617985,10.260336,22.092281,16.106129,24.986309,40.008873,59.532753,70.117546,68.011742,49.274460,37.956589,19.565615,19.441740,20.047928,16.289978,23.923357,19.985458,12.363263,20.641890,22.837915,17.058020,9.654880,14.447165,11.900134,14.098879,18.445728,23.725815,42.747841,58.726597,60.181206,48.623398,31.750282,22.721140,12.992849,16.887560,13.884530,7.142520,11.136662,13.307147,18.805416,11.961640,18.299610,19.864922,10.294290,11.697926,6.680284,17.490734,18.691898,25.387661,46.980736,52.096817,45.565834,18.195879,15.968003,13.804462,11.543341,8.440331,12.607140,17.047607,21.589825,23.772854,23.771980,22.438019,19.664402,15.294847,17.623829,9.782897,7.321659,9.389409,29.409740,39.236393,43.281822,40.094093,33.384724,31.821465,22.555103,17.360727,13.457916,-8.886271,18.582754,19.661505,6.460421,2.321672,14.291644,14.292265,17.130459,15.108686,12.219704,17.380745,17.703983,21.026114,24.948738,45.601662,47.253227,36.479992,17.419426,14.550468,11.692324,19.712936,16.887760,13.191223,4.748476,-1.912546,7.722695,2.680722,9.602541,8.939795,4.894350,10.515526,14.655611,11.913479,10.274571,20.405754,31.252541,35.290642,28.381966,21.539837,0.254618,-9.787584,12.961451,12.129446,7.986211,10.368177,5.084002,5.490878,10.788620,16.890516,15.288377,13.829987,3.925858,3.694383,11.058024,13.561825,21.827677,34.813354,44.588699,42.164501,28.218781,9.305145,19.187128,13.455013,12.330314,18.022326,18.105476,14.832992,9.989161,18.309237,21.404200,16.508924,11.256903,16.135462,18.216616,16.142540,20.635017,20.309374,22.833916,38.801121,48.840145,46.205032,28.239189,11.423669,15.276953,12.910838,18.145929,16.438164,16.660095,24.021797,26.515991,20.909485,8.636473,16.547487,12.761731,13.420354,14.378304,7.345436,11.264991,16.883980,29.510605,31.643101,24.224407,16.836527,17.130535,13.560363,10.595088,9.921644,16.841162,19.369249,17.477551,19.318789,20.863955,18.821957,15.697870,13.011427,6.646322,10.586891,14.977522,13.015475,21.514666,20.815426,33.359352,32.692039,23.718254,16.385960,18.822788,15.130713,11.539316,13.422908,12.311914,15.529200,17.505777,18.166077,19.831808,19.863804,16.498291,6.794549,13.169659,15.487012,9.977943,14.100352,26.704178,35.049194,35.465054,25.737703,19.170082,19.061277,7.998734,8.583802,16.339838,17.879858,11.076064,16.723888,24.644451,22.243801,16.300661,13.809224,6.755013,9.251288,16.990154,17.898798,10.154281,31.136063,39.337036,36.779495,20.320652,23.283173,25.150145,16.084604,11.605999,17.815134,18.132568,23.367455,25.416107,16.565083,2.319867,14.352211,16.436527,5.995174,11.089511,10.578840,9.911122,16.261396,12.228809,31.602285,34.372410,28.620716,16.208239,16.255577,13.111158,12.189434,16.563143,20.301970,18.541697,11.948422,12.040234,14.974014,13.754721,6.426725,10.490767,10.658190,4.760844,12.726871,15.391703,17.465714,20.951908,28.863266,29.189583,26.404856,22.625889,15.206253,8.180517,6.313227,-1.775142,1.226910,-1.295470,5.693042,9.572726,13.103019,18.034746,17.094446,15.294065,17.289278,10.525522,6.280155,18.145042,22.662361,20.747414,23.784258,25.991877,21.628054,18.510067,15.513968,13.153996,10.688076,14.270033,17.625109,20.339619,19.904160,11.420351,13.514930,15.986991,12.038841,2.711172,13.021541,-3.620005,18.253960,25.555145,23.238392,29.731384,41.430275,42.176434,30.452888,15.993938,22.197083,11.272720,16.648497,18.225138,17.999481,15.190928,11.136542,11.569935,13.686052,14.768762,7.841818,3.832464,10.982630,12.806700,14.341244,15.865407,32.230114,32.770107,25.932812,13.990192,12.665390,12.928684,14.304422,8.685951,0.081054,9.543878,11.658597,13.541256,8.982306,9.676564,13.963824,6.334020,3.418812,11.822908,10.401184,14.316640,17.197884,39.278538,40.952675,25.568731,24.140051,16.038948,14.382071,11.773590,12.442342,11.188553,6.791564,8.164913,14.670463,13.019361,9.158724,7.257989,10.139151,8.773049,13.249679,13.133160,8.639570,13.967138,39.082001,46.362232,41.080421,6.787211,16.571352,14.724951,4.069171,4.881228,9.463915,12.199688,11.125910,9.988976,19.872498,16.066597,4.714112,13.555147,14.830654,3.693393,13.281651,26.358128,16.668520,44.696022,55.827641,54.350090,37.961285,27.776554,22.474421,18.187500,15.974703,8.773284,13.386121,22.177597,23.957262,20.909149,18.523218,17.391273,14.753546,14.265343,11.140898,12.360745,10.126020,16.196745,22.549812,41.543163,44.254551,34.437042,16.630926,14.066669,7.606822,4.056761,7.995271,16.494339,17.738279,2.344607,14.540533,13.469254,16.641039,14.245015,12.095176,6.498117,-20.170746,10.015134,13.639299,12.061205,36.598087,43.513863,39.804272,16.973818,23.542242,21.083794,17.148834,14.236703,8.453790,13.820240,15.262485,12.901535,12.430486,14.918936,18.007854,15.223842,-8.010393,9.944542,7.481799,10.857479,13.651725,21.581615,33.012177,35.258705,23.908390,15.612524,17.404400,12.258157,12.020872,14.863757,20.978344,21.854603,21.905806,20.336670,16.051369,9.036682,18.321236,16.219465,17.422583,16.300713,7.395301,26.050095,33.527821,35.027596
[0;32mI (4550) ANALISIS_ESPECTRO: Frame exportado | t=3.89 s | pico=49.2 Hz | 70.1 dB[0m
SPECTRUM_FRAME,5.164686,49.218750,70.146523,hann,512,36.050255,49.994293,45.096508,40.631386,37.653614,37.367413,34.950153,29.922291,30.828772,32.564262,24.974451,31.757641,34.619316,30.033648,27.700922,27.799870,29.680580,31.983936,14.653324,42.336708,59.766979,70.146523,67.689301,46.911930,35.610279,32.576431,27.351248,31.472355,28.305546,25.551939,19.997892,23.311993,19.778923,22.661510,28.376938,28.704941,25.395359,26.267666,25.665913,21.197155,31.895985,43.087273,58.869156,59.884079,47.057861,34.169640,28.920738,22.717655,23.060333,11.371184,20.019075,18.637844,16.056610,18.744987,23.889183,21.495342,23.840055,17.863745,20.410561,23.299717,27.112492,21.661242,25.284031,47.996159,53.065582,46.986652,24.692066,28.358925,23.003340,16.847691,23.576529,16.580364,17.704123,18.305418,20.372051,19.205006,19.373968,21.048988,20.956516,19.645054,15.752841,17.374779,21.675541,15.134431,35.024181,41.614132,36.765274,28.171322,24.550886,21.040909,19.269596,28.142128,28.404167,14.450768,23.353947,3.688655,18.165857,20.844189,23.444862,19.712601,23.263084,25.932104,27.604012,13.841882,21.649477,32.813210,46.457657,48.184162,38.335720,24.993515,24.421366,22.435570,23.191950,26.139267,25.734175,19.992468,21.425594,7.660436,19.599281,23.514482,22.110165,23.240913,23.420946,18.493961,25.554855,23.983292,17.776072,30.203629,33.248920,26.018406,5.784828,11.498908,12.610647,20.914724,20.596113,13.170818,15.383048,17.003366,12.564999,12.335473,23.105701,24.588673,13.750412,12.511273,21.676130,21.635153,17.928223,25.274853,26.550732,43.596306,44.437450,33.875114,31.601217,23.199282,16.495329,24.835606,26.365829,21.421696,7.569233,23.143480,23.150835,29.073498,31.409515,31.008646,31.650419,26.479805,33.942062,38.201805,39.721062,42.721123,44.663063,46.418079,43.795959,40.821480,34.419716,28.322449,31.739231,31.973351,27.135967,27.015970,29.751150,30.235155,30.478611,4.128528,30.815556,29.728214,21.875885,27.308867,4.495143,26.882484,25.664999,29.138668,39.676197,33.786964,26.733091,24.319258,24.776089,22.295216,24.151073,21.906319,14.868159,0.237363,18.753901,24.849627,23.174572,11.378689,23.475639,23.536184,5.884686,21.488415,21.454849,27.353920,31.734386,27.779167,32.658287,31.379091,28.552128,15.498915,7.684895,13.993445,20.797270,18.745176,17.563606,15.474499,15.594658,10.892444,16.446749,20.023357,16.951185,8.152076,16.909393,22.294525,18.704155,22.571861,14.585592,25.880898,25.501825,26.844994,23.907249,16.286068,11.043815,10.450417,4.371436,13.797001,20.299000,21.992424,19.783548,18.335238,24.136602,21.733801,17.847626,20.508064,23.482689,22.208452,23.849072,27.964893,30.249002,28.883970,20.516819,20.395250,18.218058,18.404472,18.860521,17.458904,14.759214,13.672731,14.155100,13.044926,13.109425,12.077464,6.457884,14.316484,15.674466,18.211916,18.558180,23.569405,30.287706,31.794300,27.662821,18.984123,14.946446,15.122360,12.289243,9.052094,11.273232,4.595374,5.310304,13.978299,17.820013,17.500723,7.964389,21.199568,20.609188,16.146652,19.772877,21.106737,19.360323,25.028990,24.533783,19.723679,24.516546,24.706209,13.432587,12.766675,9.857735,12.089095,10.450331,12.364603,5.473262,14.704254,4.613271,13.010450,9.470653,10.793515,8.669634,9.817648,14.289866,17.892630,19.080580,31.529310,32.523495,22.655666,14.438086,2.742184,11.879916,13.524190,16.475407,18.126081,13.479766,3.646618,12.787919,14.745078,16.496515,22.071798,18.774696,15.787353,22.824585,30.233578,32.005245,34.863056,35.999245,37.448963,36.770290,36.501499,35.665928,31.361151,26.283009,22.898254,23.505001,19.289085,22.809267,15.458876,12.345270,14.424815,13.187589,8.764278,18.433109,19.629238,22.303083,23.656746,23.751087,25.543680,28.542896,31.988707,27.403072,23.863165,17.753273,12.929626,16.841545,14.768654,13.913177,19.431761,12.418060,19.479099,22.252415,18.359951,11.100925,13.680440,6.562167,-1.216064,5.878832,6.200881,6.125281,16.706821,17.430683,16.268351,5.412927,13.328619,16.781771,8.239954,13.999194,16.131041,7.606922,18.112642,20.706448,20.023052,16.338358,6.352520,-9.713517,-1.487301,1.479683,-7.891574,12.939976,10.082016,13.948079,28.463799,29.900646,21.331663,10.620850,15.740593,20.574448,18.689001,8.775427,10.655230,11.766390,5.357693,15.514331,9.352826,0.882742,5.062020,10.996140,-1.597169,6.536261,-0.301042,12.016626,11.810556,13.648167,13.081079,19.509123,13.486419,16.674318,14.044025,9.831191,2.889654,13.621939,-1.519741,19.617332,22.036274,19.534115,2.998829,18.885353,17.481756,9.857339,17.913555,17.994236,18.256544,19.924454,21.582436,32.138885,28.451645,20.240322,20.016802,11.714053,14.381443,14.953814,4.143802,10.818519,13.535605,6.822904,10.816165,13.066669,17.892311,11.647169,14.878511,16.007301,10.327682,12.885281,13.535192,19.970619,23.043337,17.025330,5.582657,4.971756,16.567404,9.938433,10.439352,11.185998,8.846390,5.548925,13.602097,17.517454,17.112381,8.388070,9.835371,9.541483,11.174677,16.131687,16.647377,15.763426,21.068359,19.435841,16.183081,17.800135,15.164786,10.161615,15.908385,19.309536,18.450964,10.105833,14.740570,20.650169,21.281590,20.498049,18.175379,23.358448,19.606392,15.234676,20.037457,22.171736,22.028254,20.743895,10.608395
[0;32mI (5830) ANALISIS_ESPECTRO: Frame exportado | t=5.16 s | pico=49.2 Hz | 70.1 dB[0m
SPECTRUM_FRAME,6.443865,49.218750,70.906372,hann,512,18.112349,24.072689,30.639446,38.335182,36.660824,26.522848,31.031704,33.827377,25.785883,15.317286,17.220394,22.548763,19.908770,26.711580,21.752495,0.258867,19.647312,27.668266,31.115904,38.414253,60.398315,70.906372,68.828140,50.934505,31.091740,31.023399,26.709259,23.687084,16.376987,23.466585,28.322113,28.257355,22.406265,-2.047832,4.392874,8.957865,16.763618,10.948720,15.680981,16.866055,27.653252,42.347748,59.619823,61.283703,50.003922,32.380112,10.327147,19.165123,16.167294,14.573696,8.469721,14.828466,16.061422,18.758261,19.365257,15.727516,18.291962,14.052352,10.811777,0.966902,6.191711,17.824114,22.848598,45.997986,51.533413,45.583984,20.000477,10.016254,12.304268,8.335487,10.310129,21.224545,20.632851,17.146996,14.923009,11.633223,10.661779,12.492100,8.635612,9.209786,5.712381,5.106137,15.355167,19.654984,34.195133,43.928791,41.907497,27.434828,9.332434,10.046926,17.049616,3.768831,11.583300,9.636419,12.577682,6.008017,9.236837,16.598726,15.561481,8.673855,12.078648,1.936436,11.292506,12.857223,11.552391,29.901268,45.216030,46.244564,34.565071,10.926929,9.709266,15.392642,10.568621,8.288727,10.696239,7.128366,6.510099,13.587564,14.461542,12.514202,14.623661,17.729322,17.961069,12.228693,14.928162,19.929661,20.819923,36.209293,42.079826,39.067513,26.605686,6.821053,10.210290,7.901423,11.186974,7.837762,-9.317361,3.961841,8.025466,16.322538,20.075836,16.158590,8.844720,5.864116,14.132074,10.791741,15.347352,19.152323,36.715538,48.149052,48.114246,36.740036,19.574823,24.519873,28.420191,24.682442,14.534598,20.668350,22.307526,16.064920,13.685727,19.343609,19.990391,21.711637,30.935951,28.343491,20.768333,40.847664,43.885456,38.115532,46.467422,56.498810,53.814819,32.802261,21.565163,26.085653,8.542171,20.797464,26.354454,18.267685,22.808922,28.398264,24.864418,15.872246,25.496304,27.217609,17.107674,16.576521,18.111256,24.428543,25.412384,36.134991,39.588711,39.565342,27.629795,20.848303,24.551165,15.296960,6.379855,9.444835,8.581923,13.941534,7.464941,7.805228,16.069099,14.209118,7.626765,17.368246,12.098530,10.366148,16.053356,12.690369,24.817648,38.966896,41.153084,32.342297,13.766483,17.139601,13.986567,11.357485,11.398232,11.564854,13.931597,3.714806,15.983062,14.857177,10.996238,9.494348,7.169026,6.482138,10.068330,11.553960,12.000118,22.394550,37.715324,38.729446,29.497889,16.271490,15.444448,14.110668,13.271285,13.380122,15.718127,10.435676,10.249392,14.316912,15.741143,4.211487,7.817267,16.634455,11.392204,3.215037,12.823009,20.713249,19.397587,23.494724,31.893206,30.559380,21.450500,9.007812,14.859598,20.017067,14.219620,5.572960,15.270382,14.551969,11.940777,16.235397,14.532885,7.083214,6.880603,6.016239,3.338555,7.170146,14.449405,16.185444,14.489392,26.702738,23.253691,16.981592,16.346230,3.662324,13.670362,12.102737,10.316660,6.944437,9.932472,7.290154,14.148733,9.579662,4.354098,9.819061,16.458431,18.465822,13.747599,16.912233,25.000099,21.519537,29.493210,35.714638,32.798058,19.030243,15.204797,13.729596,12.192508,9.258262,6.871724,11.533302,2.472598,13.774925,15.237728,12.111076,5.643774,12.480156,17.730028,20.641119,17.660328,26.024712,28.863956,17.574055,28.391567,30.394932,25.884594,17.094299,20.133408,23.255356,24.633297,12.711617,19.465717,27.429573,24.898893,18.238043,25.519142,23.310081,12.816735,22.064936,23.888268,15.740986,35.358612,40.675209,35.897526,39.256138,51.531281,51.037716,36.679985,30.674009,38.383423,31.949423,12.560680,20.876492,22.066793,14.885969,15.789166,18.918030,14.137428,20.254671,26.232506,21.769459,14.705696,24.204264,28.088577,22.352108,28.803446,34.804436,33.301922,23.169804,19.524878,20.044975,16.506166,17.586132,19.959581,13.529815,9.530248,15.796381,15.921808,9.659941,12.194677,9.645886,5.999880,4.607509,-2.540730,16.633081,14.744694,19.285000,21.553188,29.579494,26.544476,14.150504,18.599066,19.231766,6.034643,-4.428452,14.144398,13.871487,2.205577,4.867671,9.907440,13.063704,4.468693,1.908867,3.879777,13.421105,14.616842,18.455193,27.678625,33.833138,28.739546,20.660608,18.876207,9.792683,13.029526,12.293036,7.537641,6.641826,13.349290,2.835999,9.386547,2.939982,1.066140,6.569938,10.658351,12.990864,3.559317,9.827993,16.849516,10.935855,13.275090,17.561300,22.643826,5.697551,7.747402,15.649998,10.692595,-7.668613,-3.130426,10.330637,12.302687,-0.152802,4.996727,10.939819,7.581697,12.884683,8.807158,6.677323,12.433817,16.723087,17.271156,30.276405,33.363136,24.881123,18.922001,11.014876,6.414964,3.244846,9.677798,11.502407,11.647543,2.864400,7.759838,10.729896,16.080568,14.042950,11.822234,19.098465,20.462914,16.373215,19.901514,24.241482,25.133753,23.261292,21.070812,17.299660,10.837000,15.119812,15.056081,14.312832,12.062631,12.941413,1.572512,13.288111,12.005051,7.415987,13.174916,3.346115,-2.094840,17.823275,18.843655,16.116024,23.962837,31.464464,29.727272,30.537983,27.709448,30.639727,24.057875,20.502102,19.803062,3.719945,11.708820,19.506611,18.797691,20.077286,14.507617,26.652174,26.067883,8.942215,32.098793,36.661221,28.578598,31.545689,40.819809,37.888405
[0;32mI (7100) ANALISIS_ESPECTRO: Frame exportado | t=6.44 s | pico=49.2 Hz | 70.9 dB[0m
SPECTRUM_FRAME,7.723048,49.218750,71.010384,hann,512,28.214020,31.672705,27.786217,35.946465,34.511162,19.743322,27.164228,30.694292,21.360312,14.341932,22.493713,15.605540,21.222477,20.281496,23.140203,23.835995,26.404020,22.092472,35.334122,39.862816,60.192738,71.010384,68.969299,50.657635,35.073814,29.760151,23.664801,24.789915,24.491917,13.896175,21.742496,22.493034,17.198082,17.689072,17.655689,25.689726,24.734156,20.867191,15.812435,23.639797,26.658897,42.513123,59.720726,61.466362,50.427399,32.256718,25.642311,14.901340,24.231213,25.592022,15.500928,20.207212,23.235186,20.401716,22.429583,20.743240,15.852121,2.882509,17.157938,23.928650,24.506737,16.325281,21.340954,45.153465,51.601467,45.845078,25.927082,26.364670,20.885548,18.516239,17.956024,13.580978,11.387739,14.772348,12.967878,8.828631,9.179154,14.218050,19.487064,21.895821,17.140533,13.886967,22.753355,24.403557,35.670078,43.571014,41.837521,30.404766,22.031439,19.477064,13.147448,20.384567,12.298983,11.000559,-0.441385,8.781966,9.806879,14.067961,14.150013,11.401196,19.098772,22.023943,17.961760,14.374048,27.888145,25.140331,45.202633,47.230736,36.349312,20.393333,21.478777,18.047232,7.672352,5.764930,14.083296,19.356768,20.840139,16.894741,13.616738,18.461697,14.107718,15.101526,11.008680,22.897547,25.638966,25.697279,22.908258,37.956200,43.651470,40.556625,27.240007,-4.701671,14.139752,16.863396,8.962651,2.713064,13.540459,18.036179,15.469102,14.251523,23.353390,22.268915,17.327427,8.354635,17.495420,19.082376,18.335783,9.503052,35.257057,47.427406,47.896427,35.877476,24.820583,24.929903,24.144810,5.394991,18.654335,24.077972,22.944777,13.740748,9.749567,15.889246,5.513371,4.129362,28.860331,27.968424,28.549332,41.046276,42.949619,31.377083,47.449013,56.799011,54.029728,35.200397,23.791977,28.920109,18.638882,17.806057,23.532951,19.625286,16.089931,27.582598,27.961300,22.253822,14.231070,26.124781,24.897243,20.303371,13.382278,23.550797,21.692202,33.864048,29.661919,37.058456,31.436268,23.405567,26.071196,25.737122,22.925043,21.941269,18.673590,10.603861,-3.853780,8.880060,15.825911,7.683790,14.436093,20.706661,24.314667,23.481564,3.132885,29.062965,30.151417,35.924076,39.909676,30.542763,22.306038,17.770473,22.223953,20.103745,21.705608,19.726120,13.696198,18.356716,19.271341,17.414892,16.079916,14.812092,20.153309,21.575542,19.929405,8.172277,16.179789,27.761862,38.264469,39.756401,31.210064,18.781105,20.717598,21.877453,17.850626,21.606644,25.324823,23.035030,9.865043,16.777252,6.077279,12.028786,17.860924,18.458208,23.008461,16.125061,23.607906,23.775894,28.140287,22.256771,34.465900,32.634041,21.907473,22.992458,25.409286,22.576385,17.730358,19.065994,22.053682,17.624550,16.390692,13.576393,11.811248,19.232700,17.450125,19.925344,19.498970,17.569500,16.932489,23.682116,25.368422,29.660866,26.533535,14.310915,20.642765,21.138002,17.495783,10.347181,21.826609,23.987804,21.664942,17.586840,15.224890,19.367142,22.368839,18.882236,13.971542,17.511477,13.167371,20.101994,25.256788,20.410891,29.766365,33.793770,25.878641,24.712601,25.221931,25.082476,19.877594,15.917077,20.699181,18.846952,14.587168,2.473295,16.057867,19.978539,22.363455,20.061214,17.764036,22.138439,23.841095,26.298334,25.843628,24.759857,29.692133,32.075851,25.516827,20.175840,16.587421,18.526747,12.713824,20.834818,26.581764,26.589241,12.715636,18.741341,25.156086,21.235073,-9.121296,14.309235,21.033066,14.356135,36.066669,41.278019,33.419128,40.515751,51.536213,50.955105,38.021923,27.229370,36.330982,30.632973,18.513313,24.560982,16.906616,12.024907,14.128492,19.735725,20.223495,19.116240,25.481119,25.036560,21.277721,13.628521,26.778225,26.972965,29.362453,34.095539,32.331947,23.224396,20.222717,11.442457,17.767113,19.770302,20.242338,12.298548,16.728138,19.810207,21.966019,19.950798,16.634157,11.147846,-9.321887,10.693580,17.164322,20.143717,13.817973,19.432680,32.057575,35.474365,27.769630,24.820492,19.220177,19.233309,12.012302,10.934486,18.584454,16.096661,15.174932,19.022337,19.274261,17.556160,18.819931,19.319939,18.092371,18.939196,15.617419,16.111906,6.707815,27.746147,28.466932,25.282753,15.197380,23.985512,22.526758,15.412354,14.324651,9.557444,7.769503,9.665317,15.468606,14.064783,14.951626,13.602562,-3.719948,17.132973,20.635612,21.091194,13.425106,26.755371,22.588810,29.265892,29.921597,15.459004,21.420612,23.802135,21.754196,17.869211,17.113520,20.482201,18.631001,12.772314,14.681007,11.610087,12.451979,12.559591,19.183241,21.760250,24.460371,17.898291,17.251360,27.730762,32.207062,21.602232,17.779360,15.149076,6.599107,11.838259,18.705820,19.514149,18.103258,5.446842,2.813105,10.490715,19.256609,23.265404,24.422134,17.142574,16.963467,21.632433,18.491766,15.084423,20.739090,24.003698,19.769232,15.913858,13.456579,17.738029,19.616358,18.479692,17.510715,22.494465,22.665829,21.071508,19.773996,17.332378,3.944122,15.591871,15.774469,10.792498,19.194305,22.624962,27.601946,30.700922,30.386045,31.682678,31.649918,28.220387,16.791187,17.796234,15.066971,6.646068,12.328115,20.412256,23.431894,13.829271,16.072786,28.072971,29.664703,22.040031,29.759079,33.560795,24.119970,30.461674,39.188000,37.633652
[0;32mI (8390) ANALISIS_ESPECTRO: Frame exportado | t=7.72 s | pico=49.2 Hz | 71.0 dB[0m
SPECTRUM_FRAME,9.002228,49.218750,70.246155,hann,512,29.731663,32.673775,26.075308,34.807617,34.183231,16.615870,29.348728,30.975752,19.795620,12.031240,15.712851,21.329443,6.658287,21.814964,24.938871,25.787752,11.190309,20.403139,33.282398,38.305275,59.500961,70.246155,68.228867,49.974464,35.229713,27.448833,26.727478,22.709829,24.712963,13.215265,15.045853,21.109051,19.709543,12.565345,10.603411,15.760020,17.155607,18.547106,1.860693,24.798918,25.858345,41.401306,58.964275,60.814606,50.014160,29.794666,25.406776,21.345806,19.763163,20.409071,18.484568,13.757540,17.906237,17.181534,11.707768,12.215193,17.667187,18.021185,14.759431,19.145710,22.789137,23.343008,15.954494,43.948891,50.738586,45.511101,2.942029,27.255934,26.375940,18.736898,19.043978,15.816526,-8.666862,19.418079,20.779066,8.100761,16.766556,13.792939,14.824476,15.681577,13.743095,7.867281,18.543230,6.650892,31.598270,41.719315,39.573914,22.075243,19.747635,8.920959,13.746117,9.578408,18.297544,19.784378,11.484094,13.143078,18.484575,11.752577,11.957875,11.048813,18.454292,21.791351,11.433734,11.112842,21.516861,27.150028,44.970963,47.259773,35.735744,25.127489,15.675747,12.971870,-12.550660,15.282222,6.297357,17.239277,15.446492,15.251671,19.740330,18.127415,17.128199,8.255220,-7.326931,10.188358,3.081512,20.040909,14.161109,34.316784,43.443932,41.153530,26.881561,19.597689,23.237848,17.514517,11.641340,17.409843,19.105684,11.515810,11.233585,18.937891,19.935040,12.328312,16.665836,18.576931,15.180954,18.687937,19.547388,20.659035,33.689972,44.417641,43.270664,29.695578,24.687382,16.087521,9.244753,16.145973,6.446717,11.628931,18.370932,16.083160,14.414305,18.287991,20.195589,19.207022,30.010571,30.639246,12.104455,40.348011,44.418213,33.922611,47.993279,57.146843,53.971565,30.440149,31.783096,28.331463,21.534168,17.320457,21.453747,14.468964,9.656655,20.997978,18.443771,16.874683,20.424255,18.113192,2.885030,15.086571,17.896111,21.883469,17.382347,32.826836,40.135036,40.872261,32.151897,18.890059,26.210888,23.931519,7.629265,21.819136,21.350517,12.919516,16.222050,20.381441,16.102928,13.815193,17.760401,18.962677,12.485894,19.814857,24.483383,20.516258,22.981884,36.521229,38.241085,27.157391,15.412908,23.683279,23.996744,20.079023,20.885420,23.804083,15.629911,16.240761,20.234150,16.743643,10.627226,8.789049,14.120250,12.799058,6.339571,17.518200,7.049727,17.198662,32.847950,35.091927,25.866798,8.957882,18.656221,20.223513,19.806217,8.270731,19.407709,20.376806,9.869940,12.719166,13.254456,8.000134,17.182970,15.513432,5.615405,14.867955,14.611816,19.244629,21.277695,28.498226,34.414413,29.811901,13.237875,18.559076,18.741535,14.239603,18.749565,19.126081,7.166176,16.669062,13.477171,9.637853,16.740204,13.344982,16.083925,21.711174,16.266045,17.828184,19.305252,13.873577,25.426672,30.199791,26.303204,14.165958,17.471546,14.843597,15.738930,14.181872,7.965807,12.813519,6.550045,11.160021,1.502379,19.821726,19.071714,18.204422,24.113556,24.585783,18.908833,21.232990,13.117268,16.288801,31.336620,31.892149,26.417179,22.207409,14.490131,20.579212,17.257715,17.803314,20.786591,19.356197,12.953258,3.635268,18.482420,21.995949,18.045088,16.168354,24.093357,23.197941,17.673225,25.885847,28.887806,17.498173,25.995499,29.323977,26.773539,16.108276,5.760619,16.065710,16.471235,18.417509,17.350821,21.275452,18.601639,17.586302,23.018763,20.628052,14.087090,20.038506,24.177980,19.219685,34.200417,42.048550,37.048607,38.658310,50.818054,50.732727,35.053707,36.220024,37.549263,29.406450,25.147192,27.144104,24.060860,12.647351,12.218519,13.834678,15.034508,18.581450,12.692132,19.122107,21.555708,19.358761,21.272371,21.631290,28.532858,22.091009,32.605846,27.004074,9.641587,20.138111,20.941883,17.395494,18.201109,19.546753,16.364471,-1.198050,14.086668,16.811050,15.577419,11.685274,20.705271,19.475794,16.152161,20.903748,25.689011,21.790087,32.043823,32.288403,25.807638,13.410172,6.645647,10.094790,17.003101,17.200573,17.516077,14.791307,12.491489,19.949547,21.093494,1.264048,11.333264,10.961897,12.521374,10.763030,13.205683,14.337400,21.882990,35.443726,34.795509,24.862005,15.075116,18.478340,19.110138,4.756427,17.133192,13.816585,12.360476,14.635084,11.879272,15.847501,15.389486,10.879060,7.197118,9.341165,10.560583,16.833103,18.732250,20.309662,28.458858,27.598103,20.387632,15.380667,15.226394,20.423298,15.603503,16.499268,19.496124,14.301437,13.989763,18.096769,12.276903,18.150326,21.282734,11.733380,17.942591,22.273712,16.269629,18.727156,24.009205,30.292044,34.102516,27.644352,13.966136,19.090544,14.364499,14.455634,20.857193,5.271967,19.138762,20.919456,10.366448,16.189491,10.777224,9.270820,6.742393,17.873848,23.916054,19.451069,22.511391,25.950804,24.547308,23.555462,20.618048,28.286907,19.279396,17.580996,17.449051,16.983047,1.344520,15.813905,17.131289,12.930523,7.781322,9.812075,-2.607367,-2.280455,8.642689,16.835430,15.830284,12.987352,26.825661,31.086811,26.852770,33.894287,26.374140,23.445587,17.537271,19.932440,19.360769,14.759685,11.789460,14.957842,19.366270,19.180618,19.268032,27.496014,28.291452,20.862913,31.318153,35.837025,30.738909,28.879662,39.466602,37.343285
[0;32mI (9670) ANALISIS_ESPECTRO: Frame exportado | t=9.00 s | pico=49.2 Hz | 70.2 dB[0m
SPECTRUM_FRAME,10.281411,49.218750,71.269089,hann,512,25.588476,29.263742,10.619158,33.936413,34.522167,27.839169,29.771194,32.270992,25.729778,12.765049,15.246454,17.311279,10.445342,25.850414,26.217407,17.961262,26.264992,30.662991,24.595499,41.532753,60.342094,71.269089,69.348724,50.862320,39.296078,29.350023,28.620686,25.975842,18.857635,12.771491,-1.686485,5.331426,5.493521,9.338161,18.655937,15.723679,10.787972,10.204948,3.185074,20.968637,23.106306,42.469963,59.674892,61.485069,50.019985,34.632763,17.815172,7.585727,9.690830,17.941347,17.085199,5.462897,23.078318,23.135584,15.534015,17.913929,14.569603,19.164579,15.049623,23.038691,25.695944,26.749418,26.393490,45.518608,51.363770,45.078396,25.585747,18.562943,3.750243,8.047152,6.478611,19.480331,19.031031,-2.761968,12.771732,17.690060,18.801781,13.638788,13.927374,15.760318,2.205324,9.339794,11.657536,22.941612,33.036789,42.297550,38.702999,17.787281,12.590970,21.327515,15.027222,14.763910,18.038372,-1.000482,12.767962,14.882961,12.758842,9.305963,9.062439,7.067590,18.699202,14.744123,17.277580,17.295273,21.387205,30.518515,44.722740,46.835457,37.314121,15.842627,19.607756,23.575859,16.090548,0.540597,17.125622,17.655985,11.498408,7.343608,8.547798,16.299662,13.802750,13.606791,20.921227,15.467789,14.698826,25.749352,24.600517,34.765766,40.140747,35.139900,24.262335,20.673077,17.130602,-6.957856,6.029957,11.378325,17.965460,14.005815,-4.112104,13.480779,13.051022,6.199422,3.404499,13.286847,13.341042,5.040579,23.580732,24.705372,34.935818,42.096424,37.656479,32.808300,22.280563,25.368502,21.751757,18.715168,23.605902,21.741564,7.139064,-1.286101,17.889910,25.021500,23.341904,19.865242,32.571949,31.725880,21.834991,40.210556,43.527332,34.799606,48.541840,57.303741,53.998943,31.928974,28.932644,33.554085,21.833416,18.245670,17.198269,14.173618,6.566629,24.613621,25.485329,20.662519,19.319441,25.011528,23.293430,13.383498,20.930740,26.197414,19.053011,39.068760,47.893333,45.814812,30.388147,10.115428,25.079954,19.590508,12.910666,14.234285,17.378767,17.128555,19.550358,15.732945,3.867287,5.418807,16.130121,3.295422,17.757545,20.490973,11.744804,-3.905759,16.494488,29.611940,37.499050,31.946083,-6.391535,22.067282,20.530432,11.444368,12.858416,17.323677,13.895475,6.456399,10.529046,8.114258,13.849096,19.625742,17.996998,12.213445,20.139118,17.964104,11.296736,11.025309,35.195412,37.875847,27.403816,15.958330,22.052967,24.426252,12.385048,17.116306,12.777820,15.394219,18.950615,11.201201,11.253753,15.293108,4.165745,14.771172,19.854979,14.569396,19.572716,18.543049,19.535433,26.919968,27.749550,31.602404,26.601559,15.096289,17.680286,17.967117,8.248543,18.745192,17.721359,15.399864,12.368219,16.821531,4.935922,9.981186,9.954747,12.910761,17.131617,15.077466,14.000559,21.746004,23.178780,32.270260,31.643360,8.897907,18.330971,15.601481,11.846703,20.930538,16.267271,20.289858,17.959288,17.566063,11.333237,17.037106,11.591305,6.429891,13.619173,17.674789,1.303179,17.244377,26.383308,29.144966,28.838501,30.287746,33.200878,20.916241,20.077379,20.630322,12.790338,9.745974,13.850733,9.542879,10.729891,11.650969,-3.659642,12.110390,-3.188824,11.532248,17.530674,12.020736,18.595833,26.493145,26.179638,19.742897,28.846268,34.357216,29.011559,17.220264,21.039814,25.757044,21.365993,17.193224,23.264666,24.968315,19.116079,17.523094,23.386238,21.795002,5.804856,19.494823,18.294998,17.198753,36.247868,42.520714,36.447746,39.895115,51.024429,50.544289,36.315445,33.956493,38.830414,31.981657,21.335178,28.971521,25.890427,14.222601,20.027702,21.704029,15.588570,15.285578,-0.462622,23.500490,24.116417,22.314880,28.263420,29.855728,24.632126,33.364944,34.533146,24.318092,5.235629,20.951662,18.474949,17.344419,12.194145,15.694527,6.833294,13.323117,17.797407,15.422050,5.187304,14.403328,11.104360,8.884276,14.517240,13.380138,24.642656,29.395399,29.643414,30.141857,25.633142,20.285442,25.181810,21.372604,13.772002,18.015234,18.812931,15.748913,15.199145,10.851312,13.034059,10.649419,13.890038,23.692623,23.994087,10.429209,23.198132,26.703234,24.153824,28.314238,27.037668,14.851832,19.101263,17.439989,18.467819,13.582784,2.972637,17.604584,18.465267,9.808800,13.287790,6.290545,13.745424,16.987747,15.460752,9.469671,15.753380,13.311210,21.405687,23.491997,22.740805,16.158304,17.583654,19.740946,16.822783,14.544072,15.082483,17.479837,16.557507,17.841232,12.211607,9.331202,15.861669,15.555724,14.235353,12.090298,11.556868,1.337924,18.510822,17.429787,6.973450,28.284103,32.153999,24.559977,26.518188,19.801781,21.956244,22.973785,18.305208,16.683762,12.220797,14.967856,19.931952,16.615122,13.626593,19.776037,16.773184,16.937704,9.044815,14.313557,17.261461,23.443682,25.810436,18.836617,18.821392,22.078976,17.042078,10.686964,17.642725,19.708256,-4.715765,17.147987,7.998651,14.142065,7.182594,14.468508,17.174507,12.194235,14.390320,22.889309,21.525652,8.295369,27.976727,33.000114,26.521599,25.440140,31.806591,30.324558,12.029116,12.120605,25.314903,24.615936,15.036878,15.769960,26.326168,20.803881,13.867910,29.629433,29.941998,17.313641,29.337351,33.953674,26.299953,27.302685,36.893494,34.514900
[0;32mI (10950) ANALISIS_ESPECTRO: Frame exportado | t=10.28 s | pico=49.2 Hz | 71.3 dB[0m
SPECTRUM_FRAME,11.560591,49.218750,70.903763,hann,512,23.832069,27.190083,31.332489,32.223270,19.492882,18.036263,28.808508,27.208645,19.612324,21.932728,19.035576,21.512939,18.670168,24.811764,23.633137,22.157993,29.117773,18.323704,33.684471,39.309216,60.003899,70.903763,69.025162,51.166874,35.360077,33.751331,26.573307,30.590408,21.725443,18.078081,20.147429,6.647276,-1.426925,5.269889,12.794649,6.196046,15.789832,17.221548,18.383989,22.812363,28.134655,41.512291,59.625313,61.678028,51.042591,31.765987,21.540640,11.266340,4.876307,20.580254,23.707230,15.293731,14.675791,23.215836,18.009686,16.024609,20.605888,21.419790,17.722500,17.520693,18.546604,12.222303,17.534441,45.569744,51.420193,45.662361,11.779176,17.424454,21.403984,24.875534,21.095798,20.756748,14.114118,20.851059,20.702320,18.232550,8.182068,1.194146,9.909610,21.743179,20.018280,4.090238,14.861583,13.140961,31.765503,43.433365,42.215752,26.864424,19.849323,13.610934,11.281971,15.465376,9.659231,18.918549,14.773599,10.937337,10.776220,13.468132,17.162312,21.528128,18.801571,3.898967,19.283331,22.027262,11.034518,25.518230,44.157799,46.506554,36.095043,17.886097,10.111131,18.262199,13.966536,8.931094,10.365355,14.138302,17.994125,17.694290,13.173227,11.920160,17.672403,18.914371,17.846197,19.707344,17.299940,21.298313,23.516075,33.835281,40.587940,36.877209,27.097038,20.864336,18.733341,18.250401,13.897189,10.481030,-6.999246,15.717441,21.417036,22.444378,22.262781,18.888494,20.040936,23.882587,23.661358,13.124474,24.244305,23.982906,35.153023,47.538002,47.988510,35.707600,22.223774,20.311966,18.315025,20.192347,21.652557,12.587218,15.135525,13.808318,10.799150,10.363779,14.298896,16.208221,19.350859,22.417465,22.815945,36.882298,41.113251,35.266750,47.269623,57.269318,54.469208,32.354553,37.511269,36.677361,28.117653,24.753254,27.531288,18.808592,18.277367,27.191769,20.309284,16.802668,18.757320,22.149374,14.819237,11.367748,24.664480,20.834312,3.695262,31.918066,42.077148,41.663815,32.051670,18.712160,26.120537,25.569733,21.823282,26.206837,26.714481,22.907209,23.020920,23.752871,22.084740,19.687336,15.290051,8.344559,11.211830,21.544643,22.712118,20.537271,22.089924,38.035961,41.847607,34.026104,20.323755,23.700218,19.301632,19.512676,13.267086,13.203292,10.363003,5.556500,18.293531,20.151920,1.932589,12.993423,19.505276,15.210914,8.579379,11.768351,22.223995,16.466066,36.536514,38.040867,27.983746,22.266182,17.594761,16.117115,22.441004,11.027460,19.627922,20.317709,19.795353,17.710596,22.863932,8.101106,14.682775,19.887299,19.548576,15.056042,0.631821,15.162809,15.212393,18.998234,29.331676,31.822252,24.627705,6.793665,17.536352,17.573164,12.111893,12.568710,18.322786,21.589680,21.196901,1.946171,21.960701,7.133313,21.744070,21.930038,15.032578,19.954979,24.086285,18.806488,16.797205,25.799314,25.429268,22.822142,15.048964,14.736022,20.869829,17.560213,17.127575,16.817982,17.778069,12.014499,10.660748,13.531855,14.466492,20.100300,13.541780,15.268177,16.525042,18.402679,25.208254,25.837927,31.502256,35.629780,32.522587,23.864132,18.483585,13.634918,22.058451,17.284050,9.786427,8.424143,21.512835,20.538542,23.821281,27.287067,23.751650,25.126907,26.633991,20.117153,23.114719,28.221039,25.575367,15.001479,24.101093,28.016941,22.204535,14.301642,19.454500,21.834288,20.926773,15.408073,18.986057,25.971901,19.541939,14.353642,25.480343,26.851685,19.390690,28.279083,33.465797,28.068525,38.215767,45.112862,40.391327,37.854107,50.330967,49.802269,35.375134,29.739948,31.536770,26.209709,15.548325,7.976801,17.208740,14.801865,12.081394,18.803394,17.939911,17.226700,17.745613,17.737467,20.947992,19.787804,24.184553,24.188452,25.024593,33.809017,33.476814,21.036003,22.299299,24.176216,20.647833,17.774094,22.450207,23.693552,20.368076,22.166309,22.489271,20.414120,20.733269,18.568451,15.274891,11.025419,20.622185,25.655956,26.758059,20.814384,19.979788,30.667145,26.612558,18.387817,17.960796,20.536106,22.629194,16.295582,12.010144,20.736328,19.873941,10.349975,10.330780,9.444269,10.590933,6.352436,1.443362,12.670565,20.440397,20.058939,24.635414,32.752945,29.049833,18.427971,20.076595,14.172921,19.653494,23.583517,18.804274,11.809007,17.026978,19.523870,14.122438,17.179089,0.034252,13.486610,15.642702,14.047272,14.798879,8.313795,13.352170,14.997942,20.928841,20.634451,12.971909,5.637389,14.867191,17.204817,14.913551,5.792203,7.792029,14.593888,17.489273,16.256687,8.261670,16.960403,15.617198,11.640034,10.087255,3.678882,-5.507490,15.797232,18.422403,28.066025,34.549885,31.603142,18.906359,20.634869,15.502957,13.403818,17.434927,16.309673,17.965118,22.036308,20.974066,15.292115,22.934282,21.295258,8.980103,13.826237,20.534542,12.458561,11.044065,19.043243,21.934219,11.856632,23.493587,24.676125,17.138287,3.613237,7.450484,11.471404,12.253789,14.173981,19.224434,13.615436,12.691244,8.377512,18.396112,19.369022,21.338196,19.953003,-4.376015,22.771812,28.927214,31.096659,28.921862,32.086391,25.806162,29.392149,18.293781,19.697630,25.500326,23.257792,19.590761,24.311031,28.487144,24.953609,15.774149,23.254883,26.838675,15.740409,16.410433,26.793005,23.468155,26.452255,31.400627,27.064083
[0;32mI (12230) ANALISIS_ESPECTRO: Frame exportado | t=11.56 s | pico=49.2 Hz | 70.9 dB[0m
SPECTRUM_FRAME,12.839770,49.218750,70.915428,hann,512,16.484222,43.531334,43.366898,39.516762,26.815331,28.875149,28.235165,29.208630,28.002132,18.962355,23.222239,33.049641,35.467842,35.079605,33.455448,32.312317,29.869959,31.997402,30.521753,45.818005,59.607677,70.915428,68.993881,50.030140,41.058731,32.638737,23.888603,16.723988,22.846382,32.648727,33.232849,34.555801,36.341129,36.237289,34.056686,32.759033,33.562759,34.552147,35.540844,33.643406,36.192177,41.769299,59.654354,61.433811,50.994419,35.408493,28.405514,28.233322,31.573145,31.140001,33.665016,34.111042,32.738426,29.742041,28.693087,30.471722,24.015799,25.416325,32.362556,32.841686,32.925400,27.958416,26.252012,48.775383,54.639664,49.314934,36.767769,31.301394,19.558893,28.332558,32.124565,34.867016,34.792103,31.822674,23.468937,27.530096,34.060253,35.051865,33.808231,30.082405,26.777555,31.499699,34.367924,35.782269,40.017773,43.734055,40.948223,33.916058,17.444942,27.457771,28.794376,24.127201,21.453938,26.109253,25.908812,31.159908,32.458530,29.820612,10.264130,31.478230,35.040150,32.285858,28.334229,31.908751,35.008575,25.424070,45.101059,48.475342,39.483040,11.571533,25.050808,28.445309,31.483597,28.679405,25.150974,31.146034,35.613384,36.827026,37.235828,35.961006,32.722782,22.616701,23.707535,20.653065,27.087038,33.040501,30.287626,36.481091,31.772659,34.286808,30.175110,28.107893,15.021304,26.694447,24.755543,17.038731,21.175167,29.530807,30.983725,29.608826,27.127506,22.968645,26.922407,23.380280,22.351078,18.508999,20.014153,23.104704,32.819721,44.349586,44.165386,29.870247,26.051760,22.180462,24.186268,29.058760,30.044840,29.225258,22.666775,18.145830,24.661963,28.969978,28.954956,22.314150,12.624173,16.825937,25.077942,23.334560,21.273224,26.325455,6.393674,32.277653,31.376564,25.451641,15.399952,25.956812,25.974682,26.079397,28.738079,30.593220,29.334282,29.083864,29.861403,27.670773,30.167965,32.281361,27.773800,19.974159,26.520941,20.420727,28.728144,36.023655,38.905582,38.387497,22.499369,27.732986,27.516865,28.121895,29.495556,26.962116,25.908337,20.484619,24.526415,24.448755,18.831713,19.471642,21.283398,30.985563,32.090771,18.699835,29.571892,32.233284,34.735146,38.088760,39.508472,33.730988,32.660275,34.842838,35.757545,36.763996,35.651520,26.122616,26.277100,29.360018,33.210415,30.310150,29.354694,33.396130,31.256163,32.167465,34.128548,31.218527,26.828115,32.094677,36.730438,40.332966,35.579208,20.669762,31.462633,37.500900,39.130455,37.654991,31.882629,20.875952,15.423847,20.460119,13.052914,28.596310,32.031136,24.915125,27.616137,25.192595,23.426586,23.857040,21.880293,31.335688,35.213749,25.861458,26.085022,26.820084,22.919390,28.899296,28.104134,25.880959,24.945698,15.767342,15.110007,23.247530,21.594820,23.512651,25.131695,23.893288,0.140148,14.340676,17.138382,23.524540,31.872639,33.829247,29.184681,25.838547,27.181013,25.464937,23.808929,24.709362,25.032852,23.110947,22.834213,21.695612,21.822264,21.083181,19.243719,23.565493,22.970436,11.558350,16.011776,23.404068,25.807461,15.984965,27.077785,27.990133,18.050961,17.564426,21.143650,23.265427,23.823410,22.790768,21.705084,20.190222,21.030800,20.504333,19.091614,18.634274,27.104380,26.053398,19.822069,18.019712,23.198715,24.610903,17.401867,23.514177,26.321472,25.849136,29.518005,28.029610,19.143383,18.667511,20.354103,22.261526,25.269562,27.303427,24.559475,20.476809,21.923397,23.517721,24.430439,22.688557,17.790277,10.093261,17.640568,20.283262,24.266434,32.016823,29.743826,15.464215,17.390759,23.381910,24.305403,24.072763,21.914045,16.895250,19.248774,20.351040,25.986008,26.712534,27.132381,24.602272,24.716740,26.200026,23.974163,21.354141,14.652899,20.325087,27.507401,30.318411,23.219543,2.728128,22.661522,23.761448,21.168831,19.361313,24.525188,21.509333,17.282661,12.385122,19.013531,16.743565,14.395882,21.948200,24.678951,28.045053,26.295742,22.713701,19.386307,10.176252,28.963543,30.416975,22.199221,21.038986,25.365200,20.231880,23.094959,21.903589,14.759571,20.288656,24.517818,18.624537,14.252604,15.300297,21.145256,27.086126,25.596960,21.736156,15.627630,25.558067,27.900749,25.021912,26.324137,18.135101,23.170574,23.296864,22.536983,17.406029,15.660637,21.258003,12.766760,21.272402,20.614601,18.463430,27.156126,28.892242,26.337051,18.139126,6.895810,17.961237,20.579222,20.688601,18.791107,19.160618,16.193235,21.860180,25.394974,25.925411,25.959885,25.830564,24.767454,27.847622,27.870855,23.187641,19.391615,27.202242,31.400574,30.579853,26.803738,24.360596,25.890055,28.506014,28.480101,32.356564,36.418922,26.987190,32.303192,30.424940,31.823250,33.557037,30.371185,32.018467,33.055119,29.580069,27.920321,28.732105,20.771589,24.129618,25.468779,23.569069,20.712727,19.055264,2.080440,23.465557,26.082207,29.161310,26.621990,15.763746,25.283817,24.771652,21.235802,14.408257,24.859264,22.732821,10.379475,16.805809,20.316067,17.040001,23.026127,25.406582,24.697512,21.812794,16.344275,13.250277,9.108232,18.871399,25.167538,24.474781,-7.962364,21.458649,21.085035,10.828074,17.379766,17.553579,5.017772,15.464329,12.231743,18.168951,23.401136,21.864817,19.509699,20.725384,21.607033,24.563663,24.243702,20.018177,0.826099,20.421768
[0;32mI (13510) ANALISIS_ESPECTRO: Frame exportado | t=12.84 s | pico=49.2 Hz | 70.9 dB[0m
SPECTRUM_FRAME,14.118950,49.218750,70.416405,hann,512,11.819324,34.136444,33.322025,31.331079,32.513756,32.778694,33.038116,31.708767,26.929256,10.310543,19.226080,18.525867,17.103088,25.404419,27.208290,29.414675,30.334740,27.665405,32.949947,39.145359,59.402954,70.416405,68.559662,50.537128,38.513744,34.391857,34.540718,32.770733,32.701454,29.669895,24.627199,18.064138,18.888836,21.101063,20.097710,20.579845,21.808723,21.174664,14.642920,21.551760,25.810467,40.715256,59.007034,61.144913,50.515709,34.206501,25.556793,28.290127,25.134554,25.550163,23.971598,13.158507,19.800217,21.918404,21.991140,19.565765,7.183145,17.001156,12.104455,9.028487,16.244099,23.686590,22.193188,46.125877,52.493557,47.113148,28.160543,29.606831,24.990759,13.164661,21.220205,20.137829,17.260344,12.281041,14.205139,12.354034,15.187173,19.647709,13.557540,14.880204,13.129807,16.742290,22.058517,18.285393,32.231197,42.172081,40.230103,19.746761,22.645548,20.636913,17.587170,19.727112,21.539354,19.513325,16.800964,17.198044,16.392834,19.952969,21.047493,18.287733,13.457604,19.980804,23.620449,22.456827,21.041042,22.719641,42.340599,45.761284,38.253635,25.766525,25.948383,13.462291,11.532024,12.968901,8.406772,10.275498,19.933340,17.839672,12.353951,19.604324,22.629890,21.483864,13.198651,11.611574,20.930458,23.427818,24.227430,37.121269,42.985130,35.108398,26.347826,24.489458,17.928848,7.899162,17.979013,19.223349,17.091942,16.779127,17.995893,21.957483,17.692873,9.558086,15.257593,22.905426,25.018784,25.825573,25.382648,23.890724,32.017433,42.873734,42.651726,31.264513,21.703049,22.560108,23.620304,14.603127,21.200388,20.112532,17.670441,22.548292,26.159519,25.416176,24.185560,23.441088,21.747662,18.056519,6.294338,14.141803,22.421082,27.229805,38.631672,36.967701,12.964918,23.884094,21.497202,20.158918,17.517120,19.117170,18.471186,5.938771,-1.227953,15.686037,11.927876,7.685632,9.457784,15.349107,16.363855,14.268906,16.358356,16.876507,18.407351,43.840771,48.973274,42.254303,17.547983,22.935989,25.432768,25.544434,20.541000,15.165053,16.290979,18.509443,20.347269,23.310211,25.552681,25.012127,21.714056,12.720834,16.625551,25.112818,25.831621,31.790302,45.098061,54.654655,50.918331,12.029287,30.678101,26.088770,24.655008,22.444639,16.619198,19.108593,11.021324,19.809784,17.958506,13.131996,22.730396,25.065908,22.655422,20.063408,20.034864,16.024878,12.276134,31.846655,41.983078,40.571381,23.491381,11.754137,24.223110,25.199366,22.675648,9.210204,18.645483,12.488917,-0.349015,16.599319,22.978514,22.761404,21.254196,20.526608,1.096353,21.645395,24.534559,25.683596,25.001884,35.264771,41.483898,33.993942,18.823532,25.026218,26.326742,25.734636,24.330204,20.638792,15.032074,3.803719,11.720276,12.293640,16.980263,21.676720,23.718863,12.183389,24.109203,23.245680,14.752239,17.652430,28.947903,36.171715,33.183277,23.423538,24.805099,24.875874,24.911745,25.464895,25.832434,21.927050,13.192539,10.957743,11.637058,8.252176,18.374994,21.765182,16.071720,13.957907,14.601641,15.283072,17.149294,15.967169,36.820049,38.697609,27.827057,16.884378,23.715057,24.128681,19.563019,13.689825,14.030589,9.079074,16.319302,23.191925,20.880062,13.825029,20.284521,23.256924,18.352318,21.353470,21.369364,19.565386,18.688728,23.513060,30.131733,28.515509,20.403019,17.028639,11.401550,16.198023,18.963619,18.235643,0.232932,12.235179,6.547815,6.255398,8.914366,17.608879,18.343594,19.109190,23.467793,25.043707,24.338425,23.372807,24.259399,36.216713,33.869446,18.775328,17.575914,22.841530,21.583797,17.538187,9.784731,12.231774,9.240687,12.486687,16.930906,11.373529,10.497931,10.002956,8.874804,19.412258,20.610292,16.843563,13.780652,16.064051,22.005928,30.481316,30.515945,22.317045,15.244719,16.585043,19.038036,14.857800,20.408802,17.214104,11.306841,16.731653,17.151812,16.843258,16.080774,14.761678,17.988340,19.615576,21.651297,25.236843,25.630562,27.091600,36.042320,34.631760,16.962383,21.135120,21.218817,20.330471,18.380089,16.003824,14.249211,13.684172,13.141360,5.870443,18.493235,22.960449,25.781597,26.421965,25.808527,26.276999,26.896383,27.488260,28.258934,34.507748,34.331635,25.932367,19.951237,14.480631,13.959328,15.641070,17.909702,18.235935,19.422235,9.996337,26.559736,26.096020,11.759652,24.701159,24.727356,20.123276,21.332432,23.706089,25.449623,20.853052,32.027267,34.599777,22.608479,22.887190,23.093367,23.931770,24.079361,21.439531,16.609253,14.830451,25.307716,21.056503,17.716852,15.902851,24.598253,25.310575,21.264614,22.036907,25.872032,26.689615,27.376421,24.494053,28.646511,16.760519,27.504053,28.491264,28.226261,28.637177,29.870609,28.124805,22.261057,14.507265,19.794868,20.247766,20.104038,15.088125,14.353340,12.083954,7.470233,11.675083,11.542106,19.095562,16.678137,19.919130,24.023727,13.508348,16.368992,7.976626,10.995823,19.783875,21.311415,19.138113,13.650932,16.818851,22.324259,21.484459,13.991226,24.146185,22.343182,17.863770,15.938367,2.543204,10.742396,4.046921,19.645163,22.360003,4.591098,14.783168,13.871526,15.930272,21.254234,22.132126,19.857740,14.420633,7.611007,13.580914,7.991282,20.335627,19.758770,15.776211,20.898561,16.853432,3.367908,18.661268,23.288979,28.209709
[0;32mI (14790) ANALISIS_ESPECTRO: Frame exportado | t=14.12 s | pico=49.2 Hz | 70.4 dB[0m
SPECTRUM_FRAME,15.398131,49.218750,71.125038,hann,512,26.246025,27.818119,7.600297,15.971402,14.813186,18.976233,21.512568,19.696911,21.353399,15.741016,25.041290,27.401636,27.499756,17.107771,21.638887,20.308104,22.450172,28.836300,22.030491,41.211163,60.135315,71.125038,69.257759,51.250095,38.118820,19.885544,27.960285,10.111490,19.060806,26.728296,21.502590,23.365452,17.509577,11.585972,21.381483,16.208904,8.850113,19.199141,-1.324203,19.786411,26.989552,41.117920,59.484375,61.619663,50.982056,31.734674,18.400448,21.079370,11.811821,7.650041,19.535568,18.752544,19.354233,20.655291,23.274042,23.655613,22.512915,19.634798,14.221139,5.541830,18.208389,14.540873,18.865543,46.535339,53.321224,47.898079,8.520060,19.348351,19.540222,14.465771,10.848190,8.380930,18.752592,20.282745,4.416643,20.043533,18.683493,9.486532,11.916346,20.774649,11.133286,20.322668,23.179276,18.965649,35.550667,44.075882,40.751839,15.426207,15.328213,16.416262,17.765091,9.750813,21.811832,20.577198,9.345625,20.409065,17.350773,18.337267,18.393627,25.493572,22.908478,18.232414,10.634195,13.750196,17.782391,25.241701,44.115433,47.164330,38.255386,14.535440,15.726857,13.888103,12.985406,19.535788,18.680336,10.816324,15.348942,17.351454,21.289986,24.049377,22.387400,16.854479,13.149670,20.046711,23.630268,14.512793,20.581825,36.942871,40.865494,33.196152,13.896936,13.371305,10.271061,18.786432,16.518761,13.575387,16.758690,16.759441,15.702763,11.591163,18.313190,20.306274,18.162121,17.492208,18.120363,15.928614,12.967693,14.574038,34.709953,46.069305,45.157280,30.862247,20.670368,13.465952,17.727921,19.433405,3.804826,13.059250,12.276253,16.289980,19.415180,19.188953,13.826598,17.347702,20.552876,15.171185,26.131428,22.207714,19.337980,22.864923,38.663319,38.867352,27.301142,22.729635,21.158304,16.293209,20.346184,7.368361,15.954280,15.571132,18.108620,19.587875,18.821398,16.640072,17.744673,22.491930,18.099255,-0.802363,17.521637,23.415911,25.852856,45.485191,50.439125,43.845566,18.275768,20.362379,16.921915,3.845213,2.724283,16.236551,20.871084,18.388409,4.669249,19.771645,17.291214,6.709621,18.976013,15.376844,18.602894,16.277641,18.371780,18.089460,46.340546,55.086044,51.509995,25.219395,15.654283,20.736427,13.181889,13.541601,24.484980,25.978861,21.824078,20.511036,17.455175,15.324259,11.797020,18.588348,23.473646,20.147753,14.504156,17.049580,18.128756,28.748791,42.101704,41.763634,20.635035,26.880928,22.768785,15.865625,16.554316,25.493948,26.102535,21.339605,18.669811,18.511213,13.048282,20.974722,23.855476,8.736377,20.692902,19.931787,18.444210,16.153366,15.016640,37.401054,41.727161,34.559265,20.011454,16.905107,14.324245,17.182396,13.783419,14.123011,20.290291,19.213614,19.901508,19.004206,4.570460,8.520014,4.832981,4.576625,16.994402,8.260030,6.572825,15.811453,22.892117,28.524874,24.512829,23.373074,21.448936,13.423081,-2.023563,21.253632,24.942837,22.085535,11.333489,21.414448,18.380157,13.008651,19.115572,6.082906,10.130773,15.685248,18.947470,11.700043,15.049653,17.598972,36.545189,37.786945,27.338776,15.699991,12.556261,13.327612,21.302900,20.920357,8.507458,20.094398,18.561035,12.437780,15.396967,13.404013,14.320755,22.195896,22.846567,21.687923,21.513708,16.213825,17.594437,23.259947,27.969650,23.755682,14.587294,16.424047,18.897747,9.641684,11.898066,15.902381,4.425519,15.330198,23.621462,26.052942,21.595041,22.500347,23.835163,16.963482,-5.155677,10.653851,16.243002,13.734264,25.823372,33.573090,31.099640,23.129913,11.701925,12.801461,18.880390,22.057102,21.070959,17.324814,13.386393,8.741672,8.088756,15.841095,17.653568,15.806673,22.123035,21.992912,23.361759,17.801559,18.206848,22.193146,33.331078,35.204510,27.509672,16.865974,20.886812,19.509863,15.530616,21.047583,22.031496,17.460062,9.203647,17.532669,20.444050,16.677591,20.097221,20.917820,8.728690,17.390453,17.752884,9.611164,4.626084,29.342457,38.147007,36.374744,24.323923,14.222745,16.027264,16.296009,11.795521,9.725306,15.097381,17.276365,13.517000,15.965014,20.892057,-0.210718,19.187706,-0.145968,11.895852,6.434114,3.803059,5.669780,23.613356,30.507675,26.017357,19.079746,17.263109,10.983538,17.458082,9.968016,12.734413,13.203110,14.037143,23.899017,27.566568,26.592209,20.545662,14.191351,14.577952,18.800619,14.616156,11.877671,18.078678,18.041233,24.549629,20.784897,14.305573,8.315023,21.162889,23.723471,11.037743,21.619431,21.454132,13.854170,28.429411,25.498184,19.175863,18.207066,17.249872,15.330571,1.444811,16.174923,14.461141,12.156267,11.492865,20.771845,29.091995,29.219830,21.568443,18.560034,8.585024,10.837404,18.740360,15.633210,7.827873,12.962876,0.693945,17.101967,20.878908,19.243599,15.173697,17.127430,21.650564,13.454290,18.494699,11.381406,21.584667,21.155737,12.570462,7.403856,17.222548,16.354439,18.127842,14.830063,10.040928,13.852070,9.761745,15.747402,8.125793,16.159096,19.491533,20.963158,16.017332,9.537357,4.570249,14.114952,17.385225,11.182288,28.358177,30.488113,23.883930,17.443699,18.651289,18.777920,11.148230,18.696077,16.316011,15.832596,17.779209,17.026772,15.649935,18.216038,10.799459,10.187042,14.554817,19.466257,19.085520,13.986654,17.077528,22.655537
[0;32mI (16060) ANALISIS_ESPECTRO: Frame exportado | t=15.40 s | pico=49.2 Hz | 71.1 dB[0m
SPECTRUM_FRAME,16.677317,49.218750,70.257423,hann,512,22.701702,35.034832,28.765850,19.267805,20.995113,7.535223,21.251209,17.799978,9.888762,18.159159,23.023067,21.913853,25.651173,22.751301,6.228279,27.411041,20.357933,19.699787,32.083118,40.228035,59.000633,70.257423,68.442970,50.348278,37.196564,27.550415,25.252724,27.866909,25.118946,22.408571,16.650755,12.458373,26.790134,26.162025,23.488939,25.774483,11.389699,7.318358,14.199450,5.540236,30.466240,38.065525,57.923584,60.185070,49.527740,32.375237,6.282508,11.366636,13.366471,23.651865,27.123035,17.411530,18.058315,10.659094,19.571974,9.088867,19.665182,21.655247,18.467308,20.154650,23.889519,16.624834,16.280811,48.330788,54.343842,48.700298,25.176821,23.521885,0.818864,23.515453,28.459698,25.454025,30.652493,27.595251,16.956383,28.925148,19.056576,22.059700,15.880298,20.013626,21.201145,25.290245,22.134933,7.794834,33.284557,42.443638,40.908249,31.564512,25.664751,25.002489,22.352177,25.091810,31.285797,34.467300,27.087826,24.465342,29.129477,23.164637,25.445011,27.513418,15.388546,25.280888,16.321167,21.270247,16.079029,25.935011,45.100704,47.887081,38.512917,29.496412,20.215685,15.996390,17.654667,22.291607,24.103048,27.761087,19.249933,27.545717,28.370224,23.232296,30.473291,26.406307,26.776171,30.423536,24.887672,20.134407,18.265697,29.430983,36.179169,34.084732,25.221352,24.304106,19.892408,-9.459494,13.273695,19.325449,16.240307,12.974826,16.761362,16.902012,22.261398,21.961170,24.164484,18.892597,20.709743,21.124889,18.765575,7.771440,36.090675,46.223202,43.872192,24.788956,15.992621,22.708311,24.324337,26.880909,26.711754,25.343071,24.688253,22.549107,-0.056772,11.981429,20.619127,20.286697,15.859390,21.533791,18.605087,25.242079,27.419432,29.902378,39.747280,41.014942,29.157898,18.625969,23.264809,24.407127,22.308575,16.877192,25.870106,27.184364,21.867914,19.547060,22.281845,6.597909,26.776817,22.455690,24.409901,30.227829,28.254452,28.645575,28.647814,40.135769,42.913254,36.838856,23.980207,10.522316,18.443403,11.929487,17.780174,20.029011,16.000389,16.866549,17.122147,20.436323,20.531227,26.923660,29.247244,16.921860,28.160124,23.155811,19.222338,33.153332,46.932991,53.065929,48.287640,14.632505,18.226295,20.510876,23.085728,23.041306,27.370148,30.147099,24.082916,23.170006,26.938438,21.782320,26.131248,25.211895,18.555214,25.016865,29.532337,27.957888,15.497932,32.488968,44.278049,44.051876,30.211555,27.652782,32.160141,29.263676,29.337791,32.754135,28.573624,27.349754,32.985916,30.003036,29.459812,32.385498,32.755333,30.488216,28.074963,29.741936,33.004372,32.570747,31.889736,32.185066,36.521408,33.034775,30.876495,13.813962,28.330488,22.218969,26.133335,17.484108,26.320477,22.293795,-1.345273,19.843918,21.942587,17.789299,14.882116,22.044746,17.298368,18.876703,27.645477,27.857563,28.793697,27.636002,18.922550,28.983381,25.909801,26.927254,26.310135,24.845940,28.342407,26.251682,27.910595,29.214468,21.445400,24.340054,21.835423,17.134726,16.220348,21.379616,19.039776,28.902523,24.681559,26.541807,34.841568,35.300564,27.476162,24.437817,16.305965,20.400469,23.112652,18.744606,15.755947,22.118757,24.656126,21.360802,22.659237,19.064079,17.377350,18.365301,18.551838,14.967476,21.229046,26.682699,28.014441,29.938601,26.606411,15.810333,9.944378,20.036871,18.807384,17.553684,12.982641,8.515453,8.724049,-0.460078,15.417295,16.828737,23.044998,30.427193,29.288826,12.503531,22.458353,18.915747,14.119395,23.624487,30.968000,34.508545,28.269634,17.754637,20.267784,23.583443,24.385288,26.534702,28.083664,30.305592,31.901901,30.434906,25.367641,27.173935,30.374352,22.257832,19.366108,28.494076,19.852470,14.804010,17.404634,16.802652,27.986574,32.361084,21.748444,20.635283,29.959820,32.507954,32.898010,25.071041,12.065282,26.626175,29.741947,28.690569,29.693918,26.310780,30.824673,32.055954,22.525883,23.982052,32.088703,27.536087,33.231857,32.224037,27.075218,32.543922,28.894529,28.408478,28.006824,30.551289,32.058117,31.330418,32.249710,27.248100,27.333496,23.626402,22.732868,14.916470,22.308521,12.768312,20.198862,24.382574,25.310272,20.285885,14.894341,21.779432,16.847294,20.864796,17.441479,16.409893,19.880617,27.159283,25.784557,23.896301,27.620420,23.824760,23.521708,23.970640,25.313217,11.017950,21.295378,6.923352,20.556181,20.822428,23.104570,21.150814,23.537628,30.113724,29.766550,23.327965,21.245468,16.698597,28.119242,23.165661,12.383689,14.264362,22.274899,27.966351,27.288237,18.851419,17.542717,14.951720,19.896965,19.824055,24.500534,22.313860,19.996477,25.865629,29.162130,25.192417,23.406790,13.369686,22.617018,13.501089,21.876860,22.381659,15.979978,10.908999,16.683519,14.038361,20.030729,13.952726,7.119717,14.050770,21.033455,23.625376,19.530514,16.146900,19.817923,24.283436,17.750591,22.774109,23.142601,21.895161,7.740983,21.106453,19.642784,13.852810,12.132626,19.970623,19.930725,19.464651,20.520779,24.649828,20.876329,18.526764,15.720840,21.535824,22.813564,22.166977,10.933023,25.349316,25.454563,24.536732,16.414795,24.403542,24.601667,21.799261,28.645931,18.702141,25.521345,21.625439,25.215910,21.241592,19.281052,23.860685,27.570770,26.130705,15.756574,23.639194,22.722569,25.152084
[0;32mI (17340) ANALISIS_ESPECTRO: Frame exportado | t=16.68 s | pico=49.2 Hz | 70.3 dB[0m
SPECTRUM_FRAME,17.956500,49.218750,66.850365,hann,512,34.766949,43.940502,45.376465,44.665077,44.502563,43.597008,43.768063,44.197006,44.361084,43.037586,43.942291,44.500671,43.790840,44.614731,45.114384,45.071533,45.495014,44.167320,44.147778,46.695030,54.183849,66.850365,65.571762,51.354950,43.710541,42.418594,43.473835,42.366951,42.199326,44.261364,44.887932,42.881248,44.486343,43.576775,43.821480,42.909576,44.109795,42.818718,43.268852,43.024746,39.790565,37.998360,53.178848,56.823143,50.188999,39.782761,40.711212,40.852810,39.917286,39.707779,40.248123,41.657516,42.537228,42.118984,41.966515,42.842010,44.163383,42.461857,44.423302,42.622562,44.337616,44.169205,42.340149,40.672813,52.258259,49.295959,39.366604,39.432739,39.337296,39.257183,37.907261,39.025818,40.737915,39.483883,39.634861,39.379551,35.642338,37.924236,39.582279,41.378746,40.305626,39.661362,40.311745,39.033043,33.647133,39.022083,43.071304,39.572140,37.407837,36.902397,36.088589,36.573219,34.177444,39.522369,38.458920,36.220989,34.455704,36.768433,36.474770,35.027626,30.659016,32.517590,31.490837,37.890472,38.284290,37.614525,46.665924,46.129322,27.561508,34.463314,33.342205,26.674414,32.440220,29.805016,32.836292,27.972185,30.577225,29.688837,37.025372,39.422405,40.872845,41.292149,35.834084,31.895336,32.989727,38.842266,36.641281,36.373722,34.854691,30.627743,35.371166,35.532673,32.579903,31.321674,29.001139,34.017414,33.689529,31.292150,32.613308,33.578644,36.887459,35.557892,37.942112,31.084812,28.829699,29.322289,27.633308,32.319012,27.672956,31.377243,37.246925,34.862003,35.850548,34.542557,34.531284,34.547070,31.071434,33.210106,36.466446,34.367348,29.933754,33.009747,33.079136,32.004749,27.895222,24.904945,26.983463,32.638744,22.280933,30.681116,27.782879,27.449903,33.862892,33.201389,30.973270,29.423820,35.190746,39.423496,32.883732,33.231415,34.519478,18.188133,30.583887,34.605850,39.034256,37.284523,33.922054,31.980698,34.298538,36.903385,17.236679,34.810890,32.602051,27.281166,33.750389,30.036297,28.455200,25.088348,30.970375,32.075146,12.982611,31.252113,29.577801,23.885719,28.174042,32.300812,35.702702,34.569050,34.339680,22.708351,34.073215,36.204811,36.182156,39.152657,37.671581,22.361116,30.887081,23.793886,20.989866,27.200943,25.208660,30.376711,33.685699,32.216431,33.302608,27.135750,28.771990,27.393286,25.079355,29.648155,24.690430,30.203251,32.072414,36.476570,29.450558,35.407265,35.731438,14.693382,34.730591,24.895508,33.516937,27.280029,34.563164,36.743408,26.930037,37.935188,37.033028,34.233292,36.251545,34.572159,29.505644,29.382961,29.923620,33.902103,31.744690,31.660934,31.770475,27.762169,31.034027,31.661119,31.454088,31.108419,27.823589,19.038971,33.157642,33.600140,32.247093,31.012163,25.835033,30.877827,32.499058,31.480265,29.564907,30.209312,34.790371,35.880096,32.525871,35.035149,33.344173,19.890535,31.868069,28.108879,25.559538,28.084904,27.630371,31.976189,31.953949,27.772581,29.437616,23.450108,25.291134,30.098858,24.308781,30.830742,30.153229,33.016823,31.565559,27.847618,28.116587,24.302071,19.327282,23.143467,28.972679,31.313868,30.404568,29.351189,28.040997,26.796124,27.121933,28.528881,30.372332,30.338888,31.203880,26.587543,22.661362,21.851036,9.422484,26.172062,18.036779,22.233501,18.526644,29.589489,28.163549,26.450424,31.116852,28.974861,25.615826,30.074633,26.827410,30.095295,31.407965,26.392429,28.055740,22.158106,20.932808,25.686197,23.941437,20.305141,22.679350,20.793896,24.168350,21.540003,26.464077,29.880733,27.861057,24.332354,15.156789,19.472334,17.143259,29.462049,28.485010,25.743990,27.008682,21.661856,28.930012,25.655746,27.604380,29.027607,25.176826,26.563366,26.741348,30.815203,21.828253,27.814709,28.653706,30.943104,29.612215,25.555059,30.054958,30.730124,25.429615,30.520313,25.260109,27.236820,24.136047,25.208130,28.163586,25.757648,23.790802,21.564571,24.412361,23.742889,27.241791,29.906513,27.789009,26.684578,26.273108,27.318119,28.056231,28.053694,29.863163,30.103287,25.680542,29.085119,26.547794,23.836300,20.234087,23.189342,24.416208,25.078911,15.806909,26.337414,22.277180,25.197815,24.792648,31.414028,33.024826,29.370491,25.579588,21.276867,25.696812,24.968575,26.907845,27.218643,24.211805,28.280735,26.389788,27.338163,27.022123,24.690269,23.225004,22.490154,25.349503,25.945959,26.506084,26.872421,26.378647,24.778584,29.754065,29.183310,23.959427,25.316776,26.045168,23.154343,22.712934,24.263552,20.548332,20.750725,23.689529,23.755913,23.626783,24.965359,24.766445,25.867636,19.570433,22.105371,28.232655,30.109009,31.164391,21.437252,20.366379,26.320976,28.128323,27.950335,28.903782,28.258877,27.936207,27.992476,18.303064,26.954990,24.061310,21.052036,25.649483,26.091511,26.742880,25.799065,25.894833,23.505535,27.191334,27.421398,27.076199,25.744650,19.581186,24.200478,22.247124,24.595163,26.135853,23.838512,27.541010,23.731915,26.222361,27.108955,29.952717,27.176226,24.209368,20.222580,19.869337,26.451332,25.019314,15.906313,23.387959,26.413652,29.022194,24.751335,25.819054,27.886114,19.208858,20.389019,21.920206,22.663197,29.150660,29.249920,26.867496,23.592825,28.335173,25.578299,24.194880,26.330797,23.401070,24.464550,24.327953,24.528234
[0;32mI (18630) ANALISIS_ESPECTRO: Frame exportado | t=17.96 s | pico=49.2 Hz | 66.9 dB[0m
SPECTRUM_FRAME,19.235680,49.218750,46.254387,hann,512,26.622150,35.456093,27.540154,31.441463,25.255297,24.686371,23.216150,-3.056836,16.363466,22.568710,25.051813,10.077322,14.366817,4.199861,17.199415,16.255636,7.703839,7.902850,13.974252,20.769455,35.450558,46.254387,44.542126,28.555937,18.628441,17.508976,16.510731,18.904755,17.186653,7.785192,10.326728,17.642559,4.047339,19.765520,13.826851,14.208162,13.490789,20.912199,23.671400,20.196674,13.777161,19.135807,24.922394,24.112816,13.451828,20.328369,15.966369,18.630312,19.178528,6.598802,13.883999,21.709368,24.514320,25.946064,24.613392,22.802193,22.887175,19.368807,27.745850,33.407604,35.135334,32.948807,32.473862,37.067139,37.102333,32.573719,36.062347,33.087978,27.682568,27.433479,21.726904,21.274252,14.417585,-0.720127,14.209976,21.742155,22.314148,12.401548,16.699781,22.301867,25.092745,18.778440,10.072928,18.728121,22.222166,20.927498,19.570347,20.669306,6.924253,17.552887,7.202629,5.659352,5.758903,23.278309,26.769337,22.583740,19.379618,27.154942,28.721598,27.769192,25.164644,26.992573,23.667833,19.885649,22.764977,26.382339,29.335381,28.579313,26.431087,28.446512,32.184250,30.620209,25.869635,27.190836,27.795946,21.686193,17.135237,26.444389,30.871305,34.414806,34.138695,30.461327,34.019897,36.821060,35.288891,31.924704,32.303101,35.005901,34.748653,33.477577,33.586205,37.457584,36.130787,32.748039,30.606699,27.146145,24.939096,23.257591,21.253330,21.211861,17.034847,26.299450,27.824919,26.041885,22.954151,28.809206,25.674860,8.166796,15.365786,24.851551,23.235090,12.856444,5.723093,16.339657,16.210114,15.191564,17.144053,15.815335,15.128658,18.214941,18.639830,13.075748,21.346546,19.912508,17.674147,24.485914,21.801842,4.135274,15.757244,17.497599,21.367443,26.394789,27.005322,24.739700,25.281673,28.116064,29.737547,27.925793,24.339394,12.689260,26.094879,32.759758,33.613983,29.397102,15.525374,31.494087,35.166672,30.004707,20.259842,32.385162,31.274870,16.423897,31.447021,29.572227,17.760078,11.694366,21.756062,29.816816,33.634846,28.229069,23.185783,18.696974,27.731224,20.038424,14.310713,23.179989,23.941437,12.395420,23.928568,23.943396,18.302357,23.929947,26.812107,29.992813,30.123644,23.680307,17.388166,23.138945,20.615274,19.753088,-0.778575,20.642488,22.214775,20.114985,12.612120,7.588859,21.262234,18.066593,12.093843,18.105705,10.194608,15.275314,13.464526,16.874302,22.882389,24.638966,27.510031,25.606039,17.954962,23.876808,29.768543,29.412189,21.005877,19.797581,30.892714,29.205534,30.729279,22.164619,29.565060,35.691109,25.244732,33.046661,35.452065,31.556183,25.042646,37.234779,30.070179,36.787430,31.952732,31.892418,29.705719,35.949966,36.318905,38.640488,43.030071,39.070404,35.427910,36.489681,36.497997,36.593700,33.028885,18.907259,11.341566,20.879480,21.493065,26.529716,29.416973,26.410007,21.626709,18.789288,10.372980,17.813934,15.248745,12.297115,21.540119,23.146269,25.581184,22.198360,12.487017,22.803341,12.793041,17.050947,16.483963,20.477631,24.127808,19.919525,15.910735,19.285130,25.431540,24.663298,22.875748,18.573250,22.721985,17.600492,14.037279,10.995028,14.976846,13.979092,13.086281,17.254189,15.693638,15.450008,17.524536,12.636595,13.422916,18.315660,9.457371,20.080517,18.968599,-1.825880,12.831442,11.321272,5.688413,21.608753,17.755959,25.994606,25.413189,19.897636,25.897882,28.429377,30.085918,28.933022,24.402893,30.530277,27.265572,24.174698,23.268589,22.011366,15.578943,7.197400,9.716324,-3.220033,8.570565,7.256737,14.222538,14.264239,9.895302,18.158190,12.583908,11.625587,5.954692,11.076127,14.358250,9.403209,13.725938,10.570862,18.988117,15.035964,14.621193,6.761158,10.885448,15.273189,5.751293,19.865595,15.348468,18.281071,14.991988,8.113281,18.576012,22.532253,16.020142,11.383209,7.479564,15.839161,10.465636,3.967383,14.290294,12.502498,15.699410,3.312047,10.231270,14.850034,10.978710,12.555886,9.203979,12.457569,3.454361,5.844917,16.994644,18.432104,15.699423,16.584354,21.159657,7.643271,12.903093,21.296064,14.248672,22.181129,18.571360,20.478634,2.908132,12.807419,14.434867,11.873864,11.964398,5.065886,9.235019,12.101812,10.820451,4.063190,9.468135,11.035961,1.872786,10.687527,12.761134,12.444634,11.329254,15.896084,0.313834,19.488832,13.605135,10.216324,7.732212,15.538106,18.313921,13.750829,19.277927,19.129030,13.335980,11.267904,0.905989,15.520972,14.780806,16.224195,11.250710,15.442873,8.612686,16.467958,10.447106,12.187910,11.198004,-4.978580,10.261884,13.536319,14.394883,14.810299,7.881494,14.427229,17.138664,16.426525,14.293980,15.332663,16.545355,13.788138,16.965603,18.757847,6.719638,16.151175,5.955088,20.045851,12.735995,21.140907,-1.929117,22.254210,15.918753,15.561371,-5.260187,15.367074,18.250191,9.456852,14.421229,6.998878,16.281921,13.383173,8.085873,3.380762,12.960204,4.573872,5.349963,5.353481,8.507739,-1.967863,11.595194,9.597592,16.811138,9.767758,17.632988,8.756298,9.677952,6.213387,-3.088358,11.866551,7.815471,12.594329,18.195942,9.853607,14.769609,16.701912,7.337766,12.236037,13.907924,10.355761,1.961718,15.200986,13.076391,8.730346,10.197546,19.375217,5.392630,19.057354,17.665678,11.739914
[0;32mI (19900) ANALISIS_ESPECTRO: Frame exportado | t=19.24 s | pico=49.2 Hz | 46.3 dB[0m
SPECTRUM_FRAME,20.514863,644.531250,47.800400,hann,512,19.548561,21.806599,28.610569,35.259865,31.402323,25.206066,22.041111,25.375793,28.003695,22.249527,30.350798,27.466661,17.560137,17.499783,20.748835,20.683346,16.219622,17.706059,21.158096,21.841824,33.745007,44.694893,42.966255,26.543831,-2.282964,17.331303,13.900997,-5.347042,16.255234,16.174210,11.181804,9.785565,3.544685,9.309334,4.043035,-4.752280,8.612738,15.205547,16.359978,17.460503,7.189339,7.642795,22.414719,26.760397,19.760651,12.791536,17.617418,21.779243,18.758606,9.070308,10.082570,7.166929,14.782198,12.416348,15.281557,16.288092,14.685764,16.456339,14.976407,19.014017,21.576370,21.924576,16.949680,5.285411,18.207777,15.070008,16.528717,23.908527,36.319973,37.091919,30.627172,19.408142,29.683563,20.985794,19.536421,9.319763,23.985489,24.565828,23.136921,12.967772,17.612473,13.685512,16.636103,7.771110,7.904114,2.821480,20.887632,22.974720,10.994621,15.909056,13.886621,15.463361,11.409912,12.167335,15.762915,18.451826,21.580811,18.767250,20.412025,15.020269,13.370103,14.589167,16.255033,15.286469,6.389400,21.404486,26.129379,19.179029,6.609168,25.029772,25.008699,15.351968,20.707424,23.452311,23.342993,13.719118,21.611687,21.743393,18.858259,22.059803,8.932060,-0.094486,25.684977,25.715813,24.568556,18.683233,14.340353,23.144733,26.903076,25.315954,0.025242,-4.601993,10.702711,27.557579,14.185589,33.391033,35.943764,38.183777,30.387711,32.662094,29.567039,22.338943,25.090036,20.124611,15.702364,8.023382,-0.162577,18.679646,19.067871,23.030231,19.355801,17.581554,20.110224,19.781206,22.229698,24.306421,10.644713,18.827250,14.633959,0.748248,16.234272,15.132350,19.349068,16.488575,12.226171,21.123266,20.242294,21.251862,17.973198,13.240360,8.818132,5.133115,8.662138,-1.253808,2.838766,13.642590,5.967939,11.764306,11.367685,19.634193,10.728149,6.964292,14.261343,10.167696,14.881882,16.719751,15.221610,13.634597,17.471378,16.771175,17.527592,22.162817,20.569136,20.764633,22.228642,20.293941,17.818390,13.135470,22.160610,26.252159,23.657446,29.044773,26.646091,27.370556,26.863029,27.829601,33.868622,28.553694,23.350719,28.557266,27.456255,20.066032,27.034847,29.360588,13.876885,26.324139,32.603382,25.278526,20.412199,25.796467,20.599392,25.763147,25.218470,16.757822,15.302792,21.200369,23.245735,21.579859,18.171703,17.301880,7.998207,-14.732523,18.502726,25.836044,22.982216,16.769363,8.812775,10.909304,5.680357,11.416220,17.913967,14.031171,16.933393,12.637501,15.201879,17.012880,7.748728,18.653334,24.132881,14.872346,5.824268,9.533006,20.830936,26.715073,16.256899,19.135357,22.720449,25.255852,24.636932,19.205400,18.478117,28.787500,24.812679,24.351652,31.107798,24.169207,34.468281,39.327618,34.735634,36.112167,40.909462,42.035782,44.693638,37.099064,43.644363,47.800400,43.215427,41.291866,43.069664,38.178570,19.091438,30.156429,25.948895,32.959808,29.140425,25.206322,26.066647,21.607090,11.385538,23.800835,26.109596,21.730576,15.380221,15.199926,21.226263,20.217621,24.197599,25.439083,19.390406,9.135142,16.711893,13.128836,14.124758,15.294894,7.029346,18.932894,16.737318,15.812572,17.782667,17.873980,16.776945,16.249233,13.877707,11.645307,20.121374,21.551588,18.308231,13.540998,-4.117165,10.858745,9.282576,6.361327,7.986743,4.125880,1.822400,14.807797,20.417164,19.794775,7.766853,17.001930,16.708986,9.836415,23.379061,24.755722,24.965193,29.335083,29.631956,22.806643,21.466736,28.258993,30.856342,30.967014,32.653946,37.063274,38.081524,36.649849,35.901360,34.059177,31.861084,28.823910,26.612583,18.957031,18.694523,15.032089,16.922674,10.490511,11.459276,-16.551464,7.647090,14.325552,17.329853,13.285049,9.840648,15.304008,9.986919,19.293436,13.312407,6.713333,11.725907,15.271492,5.945397,14.747345,13.487141,9.221882,16.098289,12.029549,14.658065,11.073769,1.210589,11.600292,12.844080,13.878398,11.350258,4.155484,15.729995,18.706245,16.740591,11.083250,9.187890,15.616873,14.315051,7.736493,12.502161,4.705904,15.441261,17.927687,18.150249,21.316196,21.168789,17.138844,24.797409,24.664562,19.212631,30.748135,30.255447,19.745411,23.555277,24.980965,22.644482,18.536802,31.128468,32.199692,25.670887,21.074100,22.892244,21.805962,3.057512,17.232502,12.711705,18.102100,15.757847,14.691996,23.121544,20.348122,11.091276,11.680182,16.729362,16.806467,13.599813,9.313668,11.821226,7.019144,9.608109,14.929703,12.612258,6.889787,8.720511,6.528014,4.585677,-11.749542,10.741423,12.725634,8.516586,10.987741,7.720557,13.168946,7.701954,7.978789,12.017206,10.318013,-3.368589,-32.568283,-1.215442,7.515474,9.153446,17.151030,14.488689,5.050704,11.373899,8.246900,14.783630,11.350224,11.174951,7.419085,12.758986,10.112143,15.099979,-7.859764,19.144693,20.985130,21.143236,1.949174,20.127609,18.409107,2.788537,19.819672,24.060831,21.136406,10.331388,20.699059,21.509449,22.125170,15.041727,22.445585,21.318483,21.492889,20.600430,16.345669,13.988880,7.465784,3.961209,18.268578,19.440880,15.051961,11.451243,-0.412870,10.618162,17.094322,13.710765,18.439440,16.581533,6.358302,14.890609,15.056156,12.560314,10.945903,9.186374,6.669556,8.580164,9.521605,12.044872,14.678922
[0;32mI (21180) ANALISIS_ESPECTRO: Frame exportado | t=20.51 s | pico=644.5 Hz | 47.8 dB[0m
SPECTRUM_FRAME,21.794035,435.937500,36.948265,hann,512,-10.631535,26.247707,23.614365,23.656223,23.154028,20.357403,15.812579,18.963701,17.345203,21.043148,27.071026,22.336670,5.899451,0.019411,3.663643,8.385952,13.769165,14.700967,15.972563,15.771369,24.012028,31.884691,29.730007,7.024760,17.939150,12.598269,12.412748,15.108360,8.867128,16.815199,19.312164,11.036691,15.678585,14.485147,13.298597,17.153946,17.290485,12.003531,-2.036033,4.126746,7.670369,11.119533,26.775887,28.465626,16.982979,5.216587,8.272677,0.535733,16.665512,21.680214,16.595469,16.586740,17.948219,20.371006,24.805817,23.027546,16.487600,24.931381,30.249750,22.258507,31.210623,34.794327,31.746651,21.324492,28.699734,31.441927,28.742851,17.557287,18.833584,22.271984,22.569149,20.009415,18.588465,20.162437,18.178394,11.378012,17.626040,17.121237,17.183071,25.710060,24.395512,26.071436,26.107244,22.229008,18.235497,11.596992,18.188316,26.021072,24.236652,15.441416,12.194098,7.176103,11.459092,16.618530,20.787962,22.881268,10.812012,17.692850,17.452702,13.087748,9.272034,20.330044,19.092501,19.546932,19.558643,17.019142,18.361107,26.713173,22.094711,19.755800,17.565224,19.768892,18.288483,20.292397,27.084267,24.825405,25.204517,21.800396,28.690603,27.989605,19.342300,31.092634,30.589979,15.010184,29.547949,30.424948,24.852276,23.523142,27.272865,28.894129,28.794350,24.106491,20.927246,28.016985,25.044903,19.238417,13.996599,7.518248,9.392329,13.622180,17.445400,16.435835,23.996248,25.157988,23.925568,19.600967,14.973845,17.015078,16.844776,19.771954,14.919609,12.064318,17.533928,21.528763,22.507599,18.171471,9.290828,16.375912,21.429256,18.201544,20.762072,19.088512,14.928452,19.300215,23.277821,21.444126,19.482372,18.132301,16.430119,23.808081,21.270962,2.596010,15.514622,21.502867,21.300743,27.153328,28.013828,21.086180,29.158653,31.467247,32.147812,35.250210,26.230644,26.918438,31.617188,34.790096,36.948265,34.925201,29.692368,25.597542,32.498215,34.429924,34.118668,30.594759,28.859737,28.233337,18.229506,16.717865,25.222462,26.797470,26.982834,22.747265,15.472843,21.893799,18.901558,17.072113,14.076715,5.909915,21.323795,23.310699,24.287146,23.594381,17.804531,21.998627,23.822460,23.206852,18.175547,20.675447,21.702286,19.576885,19.553444,21.822430,24.795849,26.083143,20.886765,20.348751,22.276318,12.064328,22.410431,14.289218,18.096239,27.316971,27.930124,27.986855,29.975471,30.270218,27.838106,29.590645,26.581781,27.350948,27.500841,8.099743,25.242275,29.348795,23.612661,21.325394,26.540396,25.083588,6.436688,27.156479,30.526773,25.158535,19.648312,28.628986,28.760536,23.928902,26.062290,30.550661,29.459276,29.455328,30.141399,26.010475,25.359970,24.328539,28.995142,30.321972,25.387285,25.601160,27.328985,27.742496,23.222244,27.998642,29.517479,24.767040,24.185026,21.417942,16.778526,19.031986,26.066788,35.529259,30.215206,7.191220,22.041857,24.528734,27.497444,24.039526,23.284178,19.525139,19.797388,18.047642,11.817565,20.337368,20.624752,14.112976,16.900497,22.398386,23.501411,24.772604,26.958347,24.931490,17.336729,16.673256,19.835855,21.364567,23.420076,24.143703,15.792426,18.877466,21.225986,12.476863,27.992403,25.774006,19.508249,26.827751,27.525169,23.897739,24.650747,28.875084,27.995090,26.085398,27.176044,27.011353,27.182934,28.351116,27.496851,26.439154,24.346439,24.281948,24.221992,21.743509,21.438759,19.936077,20.285015,18.259998,20.652315,22.621582,18.502380,12.798222,19.963863,19.584249,10.222806,14.730960,17.780569,11.791523,-3.220358,-6.490144,2.206592,10.719262,8.443082,-10.990157,4.279044,15.405053,15.766559,13.028276,19.487158,18.708895,9.959753,7.097992,-4.416617,17.401108,17.131117,13.383709,14.883015,11.605299,16.620647,14.965897,17.123007,22.073612,22.597084,16.245562,21.509872,28.378439,23.766190,20.714306,22.716648,17.854946,7.219632,17.600624,21.735838,19.073154,12.338704,19.698845,17.888103,18.199213,18.655718,7.980347,10.526595,12.707920,10.072096,3.041483,10.813787,16.996157,18.722742,19.400656,19.896524,19.390556,11.304388,16.393282,19.748310,16.067551,17.637283,22.431374,19.314348,6.519137,12.865139,17.850134,14.868312,9.535549,14.664411,18.403021,18.474857,10.963979,12.730159,19.660774,20.353851,15.374844,11.495639,10.790371,8.485087,5.635076,15.445015,7.566175,4.007237,14.268660,20.021345,19.050518,18.462219,16.423889,18.372234,16.005804,14.171268,16.361324,19.136679,20.717585,21.541651,20.985010,23.728313,19.169258,7.825884,16.200008,14.252922,8.546368,-2.775911,6.513965,6.537624,14.957926,9.031470,13.918048,13.853174,5.483598,10.441724,17.298048,12.426247,2.285106,12.138290,14.144578,13.960428,12.898798,13.997124,17.928047,18.005106,8.727850,22.556862,22.418106,15.863153,14.438820,11.540952,18.379023,17.321278,12.312679,11.397160,16.535112,16.767948,8.373783,17.352623,12.573801,17.749481,15.042967,15.597130,3.502311,18.017647,16.664366,14.020205,10.652653,5.540801,5.979924,15.093337,18.914291,16.465006,14.550638,13.817638,14.917738,14.809164,15.960589,16.312332,15.071878,12.379547,16.448198,17.022928,15.670909,5.719122,15.016747,8.386503,14.134503,9.866931,7.003217,4.252446,-6.563632,-7.312050,4.370003,1.877925,15.158329
[0;32mI (22460) ANALISIS_ESPECTRO: Frame exportado | t=21.79 s | pico=435.9 Hz | 36.9 dB[0m
SPECTRUM_FRAME,23.073215,23.437500,32.233795,hann,512,21.788025,23.908880,18.694626,21.693619,17.633894,4.812315,16.618095,15.536516,7.547368,26.282999,32.233795,26.588749,18.121578,16.173536,10.298534,12.693048,9.520105,7.027481,10.271894,6.942217,15.496777,30.806105,30.752689,15.921986,8.530581,13.309506,14.461903,9.147293,7.273765,10.515123,12.795029,9.878808,14.116144,16.346943,17.427982,16.374245,16.709749,22.699924,25.030186,16.656876,13.118977,20.236507,30.284721,31.229309,22.132267,-7.169924,26.288700,28.796253,24.204664,10.526887,12.575816,16.803389,6.333003,17.809217,22.354488,16.091532,10.597978,9.640907,21.337240,23.774920,17.744297,6.066667,22.682507,21.541935,24.362331,25.263851,22.575281,21.021973,14.844094,19.954462,22.499958,22.431440,14.562407,21.672689,15.873809,19.625986,9.839993,12.001612,23.029198,24.456486,26.131380,29.835587,21.192757,21.789282,21.407951,25.548346,21.029087,21.770422,14.612616,-0.970064,21.999750,18.108013,23.884205,29.770294,29.622391,26.216185,24.092182,20.833006,22.296947,25.454121,22.776091,19.608341,20.497448,22.535431,25.075006,23.731546,5.865276,22.748909,24.098717,24.159546,20.626869,20.942329,19.132769,16.463772,21.975136,24.013769,10.259337,19.596817,11.865870,4.837827,8.313835,18.255594,21.991766,25.013042,17.158848,16.346897,19.468222,24.797152,26.391869,20.378325,15.585059,22.279408,21.041119,14.701816,18.179426,9.740403,17.388847,10.112000,17.742920,26.425682,30.580841,25.707245,13.575474,14.986115,20.653511,21.581696,28.789753,28.656944,23.467710,24.562908,24.141445,16.913876,15.828188,15.566814,18.524639,17.442686,15.847898,12.743067,14.009229,16.102837,17.381819,20.157024,17.106300,12.064726,12.958907,6.422038,19.084789,20.720366,15.969345,19.447943,23.613842,19.146278,16.770344,27.347729,24.223610,23.260406,22.722778,18.986662,16.758680,5.571800,11.272768,20.955235,13.533087,22.220781,21.354639,25.729259,20.418570,15.943538,22.134121,13.746157,18.743336,12.655575,16.401104,15.690346,11.249384,15.519827,17.959524,23.073378,16.381641,12.230875,19.419239,19.334431,21.937201,7.712287,22.728594,21.020916,1.054059,13.712627,21.592731,16.910240,23.853142,23.313368,16.497013,22.108620,27.348364,22.074297,18.322853,19.084524,17.556303,20.818325,19.332825,15.452703,15.668224,21.634958,15.922293,8.287038,15.585246,18.793871,11.452975,11.084338,13.857928,9.874110,17.614910,17.690222,22.726555,27.357702,28.042984,13.690802,20.497726,22.837925,22.744188,22.898026,19.835619,5.767828,9.415697,11.839074,21.620218,17.823679,11.697121,12.498183,22.967228,25.251678,18.793783,2.490483,20.373257,19.975975,9.817640,11.344795,9.967312,20.909235,19.763895,11.845823,13.255392,15.675283,19.295839,18.334806,17.929321,5.069764,15.923306,12.428595,14.485497,12.113171,14.939650,4.785440,13.596033,-2.538576,0.944498,14.157396,3.474988,9.073671,7.024429,13.240180,11.510862,7.961401,7.009966,4.572281,19.132231,16.217249,12.571717,12.742054,2.296099,11.836854,12.168371,5.950865,12.212400,15.696310,13.052882,15.090214,8.503724,7.709318,15.572920,11.502324,19.720680,14.044561,6.762901,-18.067492,13.402911,12.994570,13.133555,19.670729,11.726343,10.411928,12.611267,11.891424,14.659832,19.535646,20.830194,17.294521,10.174742,15.429941,8.092001,10.579920,14.728946,20.286732,14.690578,8.451577,11.771603,8.387993,19.650150,18.013876,7.194480,6.043258,15.475006,16.340145,9.285373,10.836019,6.380018,10.738907,9.162281,6.223506,14.508305,7.790214,12.631078,8.258072,14.979830,13.619457,5.324397,11.258035,9.141599,4.782466,8.708815,6.947002,5.783700,7.506111,8.123966,-6.519604,10.665450,6.055590,2.492343,8.325813,4.151752,2.129723,4.761229,10.848080,15.003333,15.969825,9.396803,5.293694,10.831470,10.663807,-1.689889,-8.675109,1.621542,13.468265,18.938438,17.829750,16.057381,12.086963,8.829190,6.025772,6.239747,11.946630,15.765133,14.944597,12.256117,14.408636,11.083660,-0.395288,-0.363750,6.531713,10.128011,12.418742,11.696260,6.201885,6.850656,11.382498,0.930037,11.470250,10.084236,13.693737,8.221313,4.720090,11.078341,13.523570,19.078127,17.868967,10.771181,11.975677,12.594286,13.205113,3.533047,11.637506,19.971260,19.760849,13.091940,13.398438,16.085415,18.194567,13.888364,14.341152,14.732824,0.605530,4.963328,8.643542,14.196640,13.201098,12.939259,10.938121,6.956291,-0.928825,9.212350,14.789539,9.665060,11.898852,5.373972,-5.221072,7.761891,7.327111,10.260056,12.317916,12.475826,7.027216,8.711107,1.072436,2.855314,14.134284,20.050072,10.789343,16.856583,15.830070,6.628890,10.710403,13.658377,16.415157,13.912270,15.610995,18.168905,18.174129,10.864840,11.929514,9.219234,-0.560583,12.406583,4.720382,1.830863,12.975605,-5.871930,14.952527,11.373930,17.114548,14.544563,11.480347,8.333413,13.426541,11.538725,11.758965,14.725251,9.982512,17.113493,15.408753,12.985649,3.077719,11.078258,-7.541213,1.490901,10.740145,9.045344,13.965119,13.533390,14.154104,16.850040,13.234938,18.915993,14.029990,13.081362,4.662139,9.251550,14.839498,2.113149,9.974287,14.185739,19.623219,18.072620,12.268225,4.058244,7.621278,-0.646322,7.685244,14.508280,9.963543,7.539069,18.051748
[0;32mI (23730) ANALISIS_ESPECTRO: Frame exportado | t=23.07 s | pico=23.4 Hz | 32.2 dB[0m
SPECTRUM_FRAME,24.352398,431.250000,41.630730,hann,512,18.302763,39.192852,36.093231,33.839172,24.936810,19.602116,21.714417,16.928970,9.137285,19.784065,24.946327,28.995968,23.553993,15.516691,14.855786,13.136750,13.827933,20.237883,19.539711,20.894558,28.156612,41.000038,39.210197,22.767647,14.606834,18.515263,14.436279,11.052092,9.900164,18.864092,22.833790,25.806641,27.920273,26.687984,25.416183,22.371111,22.693661,11.275949,23.232634,17.338697,22.437174,12.870669,28.089050,30.237045,21.947802,18.154209,16.169798,18.749090,20.131571,26.851538,21.656013,15.884828,10.841757,17.545158,22.638597,17.454586,16.702307,20.419924,9.154603,27.475975,31.468821,28.671503,27.968023,27.339931,23.440973,22.203291,10.649824,17.246616,17.413769,17.152708,22.783218,27.296494,26.790031,20.301950,28.629486,34.235420,36.829338,37.310783,38.777374,39.999489,40.161095,39.433193,39.781414,38.786121,36.120441,34.555267,31.523153,18.598280,25.585711,27.859535,24.658955,28.786428,26.781513,13.840674,29.449274,29.569744,26.113503,24.025936,25.696503,22.546480,18.666431,15.193411,17.701374,18.044834,14.807913,22.010361,17.648960,29.948902,31.110201,19.346657,25.004807,16.007902,26.514692,24.508671,16.733364,26.217766,25.717583,26.208246,26.884262,22.836123,29.677521,25.938438,23.923128,22.454645,9.934643,21.096066,7.778974,24.045532,27.535696,27.173231,24.121454,23.785770,29.461576,25.050503,23.514406,29.961777,27.817581,27.206059,27.464592,25.407291,23.992874,16.041906,27.958710,29.789322,28.922554,24.501524,25.322208,26.697313,23.396786,27.560982,27.015263,21.499605,30.413389,28.407881,29.168114,31.296194,29.531929,29.887680,32.237862,31.372593,30.347569,30.744511,29.629074,28.683405,24.812672,29.646210,30.780331,27.365860,28.237631,32.757271,32.667992,29.716875,23.956926,31.850506,32.235008,31.849546,33.521439,34.765579,35.540012,31.380014,30.462326,37.088116,28.690453,36.543461,41.630730,37.983440,28.972044,37.588760,33.726032,34.853558,38.427578,24.652889,35.931042,39.877361,36.650311,29.368574,35.398430,31.831682,34.556736,33.932030,24.597834,34.755939,35.987667,31.785923,28.645245,28.759010,33.722721,35.935978,32.203976,36.356380,36.815205,32.772038,34.536366,38.685997,39.123623,33.859600,36.487713,38.760494,36.882797,34.559433,36.231655,31.002220,28.003143,19.720938,24.393652,27.530642,22.602154,20.229666,21.639795,11.918148,15.775200,22.878942,27.411629,19.960880,18.793135,21.771662,25.613758,18.964251,15.568327,28.949327,31.614542,29.867994,27.603420,25.423487,19.661322,14.847263,24.313435,29.847517,29.597897,27.268572,20.271606,17.368395,22.074242,29.910858,32.076431,28.695089,19.078236,21.066456,27.835903,27.676832,25.774076,23.007318,23.469566,23.834969,12.438602,17.045782,20.661510,26.101082,23.783020,11.378669,11.159663,17.701332,23.512699,26.157440,21.372902,18.298557,23.891638,15.426790,21.836708,17.849323,21.166489,21.934368,30.226505,26.256826,8.447672,14.352263,21.244896,10.277533,26.008177,22.381104,22.102888,22.769701,19.411970,27.064886,21.668129,24.882114,6.165666,16.684849,16.398489,16.446039,12.163618,17.604439,21.074030,15.508429,22.523920,17.780897,15.080927,23.022171,22.516241,18.205757,23.709900,25.246183,10.212851,23.432289,23.179707,19.726027,16.280760,16.986479,15.920920,20.343128,24.269665,18.910606,18.764317,23.561144,20.812876,24.000568,22.046936,24.880163,18.386148,22.376345,23.022190,19.237627,18.438719,20.524900,17.735386,21.004124,21.016617,15.929113,22.170670,25.426893,19.208010,20.180559,23.088146,13.583097,8.170492,15.106342,16.976606,15.108892,16.430162,15.239066,14.000245,14.341773,14.900740,16.671385,13.199375,4.983015,13.182296,12.172898,11.818890,17.266003,1.461248,23.478661,20.402002,21.290661,19.466478,15.907897,10.683237,11.569533,23.355618,24.828854,19.859571,16.085608,7.657502,18.217852,16.992689,11.559000,15.830370,21.290085,18.417057,20.923508,21.179306,17.282749,26.010490,27.489281,21.238785,12.406269,16.276440,16.209200,13.560186,20.329281,20.764614,10.575185,19.848713,23.220181,20.582737,17.635221,14.393535,15.404721,16.652843,21.030464,21.606812,19.615765,19.223534,3.402961,22.497435,22.563461,16.822119,19.009623,19.301619,14.457430,4.534032,2.200313,20.559387,19.580004,10.834328,15.102880,14.018711,17.168373,17.253048,14.120254,15.456367,13.272102,6.557100,17.087933,15.639180,21.861498,24.132248,24.525990,20.350506,26.637268,22.534748,25.514332,28.649216,27.260170,27.244991,27.477512,27.487261,21.254406,13.076443,14.410771,22.606060,25.993305,26.749752,25.904259,21.928236,16.684958,17.751640,22.051651,21.780138,22.313864,26.294880,20.761963,13.861017,16.457403,20.477772,19.025200,12.677170,21.940365,22.907150,17.423727,17.412115,22.334629,24.582794,14.199589,18.522875,18.865751,11.864897,17.322983,19.074238,17.411488,16.286425,9.615994,18.334211,19.996311,23.584438,15.511378,6.298020,20.471666,21.903088,17.157696,17.859314,17.853188,20.934277,4.701612,18.289591,24.006117,22.019375,16.320150,17.723667,15.584678,19.742105,20.500370,21.418430,23.463633,21.989342,23.635187,24.642590,21.331911,17.242262,15.439545,16.668039,21.792702,18.428528,13.482353,18.062962,24.061310,21.792452,17.897537,7.411219,3.198835,8.322442,23.117418
[0;32mI (25020) ANALISIS_ESPECTRO: Frame exportado | t=24.35 s | pico=431.2 Hz | 41.6 dB[0m
SPECTRUM_FRAME,25.631578,49.218750,43.114113,hann,512,7.663780,21.969568,22.239733,19.883642,15.469242,3.686094,11.421862,13.988483,17.412231,21.006460,26.836678,32.881451,27.860809,11.292194,13.964038,9.998175,11.343408,16.818787,-7.679795,21.316200,34.658390,43.114113,41.051491,32.039268,24.034206,20.911596,8.515108,6.940722,18.035919,13.756153,8.935005,-0.858801,11.700329,1.567331,4.932447,12.136694,14.783664,14.227438,14.033581,10.135414,9.040545,11.407267,26.888716,31.736271,26.127808,16.242632,7.100754,-4.433165,9.086974,5.789827,12.751825,14.694969,1.260440,10.796780,10.779782,11.897260,14.751137,18.761194,18.091227,5.832238,13.183519,20.627996,15.656384,10.903608,20.939463,19.878803,13.726996,17.421497,9.962612,16.792940,17.167994,-7.904047,14.545172,19.212585,16.319803,16.407812,19.500195,16.095699,8.409027,12.772937,21.684208,20.340954,15.443583,22.180351,22.735634,27.271828,23.563805,11.933331,11.154377,6.029139,10.389553,18.337946,8.505062,9.803984,13.002483,15.293660,17.377941,-0.124591,16.086136,16.805428,25.020332,22.038654,14.081074,20.383432,9.756144,19.200188,25.654554,23.101540,18.887726,18.875429,8.020646,18.603365,19.282200,16.292528,16.226809,14.242590,18.267893,17.225744,13.084898,13.929776,15.978226,16.536133,17.357359,16.209024,21.839550,20.598961,22.397598,18.351118,17.795532,15.611640,12.243952,10.106390,13.329620,20.150776,15.469969,17.271969,15.283276,19.094980,20.764215,19.692739,14.997167,21.236443,19.530840,5.288018,15.296795,14.702353,2.071641,4.484999,14.624839,23.983147,22.912615,20.249884,18.831324,14.771755,9.571125,17.437973,11.830789,6.857966,8.636161,13.556176,13.006124,13.693801,12.248251,13.653543,12.094351,19.089027,13.856585,11.885456,11.944790,6.327565,13.675017,16.519869,8.794341,11.096196,19.234741,16.832952,11.057634,13.745602,15.315540,17.355576,19.954651,18.263004,17.992937,19.912853,24.232201,20.242176,11.991168,7.460838,10.371657,14.969551,6.676725,12.689609,19.557652,15.948902,5.745010,12.263388,14.351048,14.217491,7.118974,13.342066,18.152565,11.370877,12.299990,12.609962,15.900646,19.856190,16.663931,9.737384,13.860103,4.280883,13.097477,10.054329,11.636790,20.463268,26.275665,26.042816,26.709833,19.670109,-14.294662,5.336559,15.369719,19.556232,19.397110,5.195422,17.684755,7.980541,8.899833,6.303513,7.406013,0.798806,14.921648,17.565659,16.821087,19.128838,14.352497,11.713242,19.083401,22.233665,24.325655,21.439877,17.029951,18.771347,21.256783,20.564598,13.890965,16.952478,17.575771,7.049382,14.101713,16.706680,18.692204,19.533298,11.953289,12.173253,17.821964,17.879314,9.160401,14.388184,19.368210,20.467529,19.978794,20.213524,18.657440,13.770561,21.530161,16.927578,17.347630,18.323847,15.974083,8.933283,1.756722,-6.188653,13.786689,16.530235,15.986937,16.648830,-14.003016,20.766453,21.360554,13.656567,17.199833,24.804348,22.099792,12.851449,16.880936,16.627743,13.820517,16.026398,17.347801,6.956001,12.965101,18.607958,11.136852,10.545014,6.580637,-7.216554,7.457433,-3.216717,13.558984,18.189516,22.075947,20.787889,17.922626,14.343838,12.452231,11.017136,8.460977,18.261488,20.879494,15.868332,12.734889,11.436181,13.222426,15.505341,10.427432,14.486438,16.495451,16.658587,12.736425,0.526878,8.946730,16.141388,1.211402,18.083727,17.203024,16.369301,10.770655,4.540307,11.330389,2.673949,3.400037,12.322029,19.846233,20.323864,15.202190,8.633133,-3.387865,18.056280,20.784412,21.019316,22.373884,16.342850,14.092722,11.002946,11.885076,11.390205,8.646261,17.742477,21.483700,20.061085,16.444717,10.003997,5.923030,8.043126,9.755509,11.963793,13.253497,9.767044,13.045592,14.767874,17.370909,14.969404,17.727301,15.061072,14.542279,9.849791,-15.795588,-16.584972,8.731801,15.727119,11.858377,13.619869,13.922293,16.427418,18.065250,17.821140,15.730341,13.278959,13.861853,13.430143,10.321912,11.638222,13.119640,3.989326,6.149535,-4.752791,14.444313,12.279917,6.083322,4.067258,-4.946340,10.503893,10.503195,16.263435,18.042517,18.023663,17.948626,13.019722,12.544209,12.255037,13.063229,15.792433,10.508657,9.383039,-1.134599,8.461596,15.775911,15.093884,14.924658,11.590828,4.280010,11.722095,12.384695,11.894087,8.641798,3.092108,6.046021,9.229563,11.024927,-5.441891,9.841415,9.370353,11.119642,11.560194,8.356143,14.514381,17.378077,9.400734,8.527180,-15.263054,9.399320,7.723715,6.137142,8.033149,11.631557,10.612059,12.401516,10.402265,5.701246,9.495440,14.083051,14.783631,10.000851,3.599178,4.542816,9.466221,11.910046,13.586068,11.888803,-0.240704,-7.808675,9.028640,6.054400,-6.040887,9.033863,9.116603,6.553481,9.459218,11.625261,10.426497,15.401173,11.627256,6.709764,-2.237437,12.717114,15.339173,12.391033,11.503653,8.144527,13.244179,9.981674,8.285893,-0.895248,6.596501,9.189090,11.358771,10.981717,-0.394189,-8.346011,-1.018764,12.490626,16.932789,15.502989,10.072144,-6.029435,7.551409,3.352422,0.244144,5.031656,11.841478,15.114995,11.867897,13.629038,11.430660,10.987541,10.748610,12.218414,7.372121,-14.210834,1.507117,6.010582,9.306989,13.665299,16.548594,13.574372,16.276676,17.828890,7.371688,1.588458,6.975990,5.182671,10.058774
[0;32mI (26290) ANALISIS_ESPECTRO: Frame exportado | t=25.63 s | pico=49.2 Hz | 43.1 dB[0m
SPECTRUM_FRAME,26.910758,49.218750,44.751236,hann,512,15.630751,23.458172,23.039791,24.683430,23.177353,19.896816,14.755741,16.371437,12.930879,23.677847,29.907782,25.988075,16.717545,13.180050,8.839807,16.273449,18.958170,15.627042,15.899441,12.475486,33.821968,44.751236,42.669506,20.552078,21.965683,18.476448,15.622201,3.895282,15.800098,16.396954,8.973631,-4.854838,3.599150,7.245325,15.919691,13.303091,3.775770,16.269222,19.187538,11.259892,9.573963,13.226438,28.839184,31.373436,21.338528,12.589996,17.238800,17.814327,17.755423,21.937666,22.371078,20.571060,17.405926,12.025304,4.048861,18.039352,20.433270,11.659865,3.558531,12.107677,13.221451,24.082735,28.896965,30.858524,27.504692,25.318150,32.903496,33.408867,27.058655,18.010815,19.662550,15.620714,19.365652,23.623297,21.351442,7.197423,20.600939,20.953360,19.046459,19.980879,15.261681,22.938084,16.617289,21.986502,28.395485,29.191999,26.071184,21.808048,17.076437,18.300348,5.065887,12.984639,14.996243,25.626236,28.097317,28.857540,27.235470,24.190964,23.411137,9.083681,17.891075,16.123035,1.682104,13.605970,18.964161,12.084522,23.045471,21.389519,12.072554,7.204823,15.637237,16.764782,20.193741,16.484186,20.794401,23.975643,20.790390,16.063978,11.408173,5.646101,21.539371,20.600067,4.535426,6.371678,7.386985,12.963308,20.277943,19.108255,23.477118,27.348545,25.898115,24.188583,24.544870,17.064247,5.495581,-5.368828,22.631382,29.231430,26.132977,24.963190,23.682701,14.866838,21.669296,20.271492,27.627211,21.113703,30.486675,26.124435,18.692564,25.812977,27.233286,25.583893,23.298952,21.368687,19.485847,18.886650,17.923077,17.477221,13.029608,11.622286,13.837213,14.698605,19.655983,18.455589,11.943253,18.636360,25.944725,24.745796,22.628717,20.578917,19.346111,18.532797,9.903006,15.943318,13.243229,16.507227,12.483806,22.916054,21.952023,21.106108,18.690422,10.984837,18.474909,21.376377,22.707575,25.686764,25.554768,22.988050,17.587988,23.568590,23.253933,23.261803,30.574167,33.030304,30.183146,29.812557,31.609367,31.590179,32.568817,35.658939,33.499168,21.359795,26.259598,24.735758,25.516293,27.828772,23.842985,27.842863,31.484632,29.936825,25.832083,24.098747,35.464722,34.903999,31.942770,23.009655,25.966856,31.876968,30.622620,28.457329,27.753122,27.534863,22.882416,27.171223,26.643400,22.483017,13.326369,13.266458,15.006489,10.939985,8.866615,18.380308,20.821169,17.225561,16.044846,14.635349,6.216385,15.597869,10.773028,2.128615,9.278866,8.185759,9.236259,19.988356,22.388800,20.822210,23.802603,23.523651,13.172818,14.850059,16.767586,11.724696,18.057743,21.804272,21.252201,20.259480,18.369080,21.640566,19.939880,19.582081,20.358364,15.919719,20.449680,16.723831,10.338535,20.086479,22.172901,22.368486,26.227053,30.880280,31.183996,30.090971,28.165897,27.420588,27.463234,26.446754,16.519321,17.506783,22.161997,24.819210,28.611162,29.607573,27.273233,25.456184,25.257423,27.108898,25.744398,24.901871,25.307730,24.667240,21.351393,20.074976,25.122355,25.415894,20.563276,20.110912,20.398193,18.762917,17.066170,12.218081,5.232112,16.381039,19.591465,14.234748,14.654656,14.866825,14.348550,19.042942,17.490448,11.646517,13.586888,16.056257,18.035994,17.995058,20.786339,23.737705,24.680405,21.839558,17.299170,18.147177,17.616287,11.765012,15.674229,18.195681,19.569183,20.819214,24.625549,25.616617,24.650698,22.195127,18.990170,20.468046,19.081383,17.476120,14.691424,5.634041,19.006332,21.166021,23.291920,21.889420,18.388880,16.733683,11.231493,17.026854,12.348842,14.592228,20.185287,19.679523,19.068733,16.427795,10.562399,10.499521,15.699923,7.322499,6.352337,15.339446,17.826414,9.026527,10.556047,11.867392,6.048435,5.007506,1.273715,5.647073,13.825781,11.363706,13.403083,4.920111,9.419757,8.445348,7.716903,10.694902,10.690548,13.925648,14.237083,13.117203,13.282034,12.187590,13.891934,13.086628,13.484159,11.964083,15.101370,11.387257,14.603686,18.910688,13.931041,14.918030,16.037586,14.732985,13.227433,19.206570,21.445583,23.213312,22.263548,19.925783,21.451378,24.455511,21.914026,19.063494,18.517458,9.183781,10.251275,22.221041,22.808872,14.771986,13.263327,17.655384,14.686537,4.026753,14.111670,8.094726,11.321667,19.059135,17.445702,19.152836,23.346970,22.847950,20.607731,21.383759,22.992428,26.351816,27.508255,26.276510,24.965088,25.487268,23.177670,23.531616,22.469156,19.014347,19.366621,19.385899,13.844118,12.295738,14.628189,15.368511,14.784340,18.968655,22.796099,23.343746,19.230667,18.161224,16.994932,20.308933,15.738845,7.889888,18.030989,16.711285,-8.606876,10.517246,17.084261,18.924717,23.044460,25.824570,28.365482,27.932610,24.452557,18.917461,18.836567,20.405569,11.231437,9.855876,16.543102,22.458885,22.481173,26.412813,28.146744,25.238461,21.006460,22.109306,25.297562,25.376699,21.658390,15.311650,22.351101,24.269173,15.704127,16.932602,21.365107,23.750168,20.352600,16.761248,22.765148,22.588205,23.046230,22.915688,23.255028,23.125366,21.042969,18.312359,16.878754,18.659969,19.425255,23.727581,27.481985,28.022058,22.872763,22.837250,22.123110,18.727001,10.072187,14.697941,20.837488,21.063358,21.953533,24.831032,26.010492,26.703739,27.870844,27.147934,24.893135,21.874292
[0;32mI (27580) ANALISIS_ESPECTRO: Frame exportado | t=26.91 s | pico=49.2 Hz | 44.8 dB[0m
SPECTRUM_FRAME,28.189937,49.218750,44.773254,hann,512,-8.971091,12.272985,17.455418,11.089027,6.261313,12.086831,5.230075,8.223329,12.434516,24.619942,29.225418,22.409918,23.998735,24.066868,10.167750,15.289639,23.849827,23.881191,25.481918,31.125683,31.307840,44.773254,42.747044,24.150455,17.176964,14.574379,17.287138,17.177601,18.233301,17.205780,22.036442,11.929578,34.354061,36.918083,29.561951,20.541143,23.095333,20.696480,19.697021,9.645600,4.549859,7.050469,28.533152,32.275574,24.594418,5.502533,4.524050,8.298754,18.938999,21.702166,19.286541,21.262035,23.311287,17.287853,14.654517,17.665636,3.707633,12.733624,14.019508,15.435553,7.341762,20.184551,25.459337,24.541426,25.268402,22.805325,16.442364,15.193064,11.899977,16.080633,15.993879,5.942750,11.566548,5.698091,2.864918,5.097708,17.972910,17.479671,18.121220,20.015911,18.474672,13.986636,13.188272,13.641677,16.741623,17.877367,15.174590,7.371228,3.949687,11.966209,10.034448,16.277250,12.902488,17.977688,12.912313,-0.718821,13.728617,18.113943,10.911304,16.873161,22.714014,19.254049,-1.325818,19.730770,22.264088,15.897995,19.065378,23.913647,19.526510,18.786489,18.752552,16.023182,16.922029,18.707365,9.552232,10.556674,13.214011,15.214151,20.863190,15.878047,17.992170,23.912058,25.820456,21.497433,12.764803,11.746449,19.520260,20.732735,21.020582,16.942686,12.577430,13.349453,10.883877,23.270739,21.089544,6.777125,2.071881,12.137503,19.201611,19.877995,16.545019,15.619903,23.472321,26.136686,22.130272,12.601905,12.096969,15.346342,15.003202,23.512211,22.693428,12.913452,-0.969047,4.658616,11.684544,14.327827,15.858809,14.784904,18.250349,13.076900,17.769665,18.008280,17.480906,13.377434,9.342118,12.273851,8.381139,15.375143,9.638654,13.207828,11.435871,11.375029,16.266459,3.341218,15.555600,13.245245,16.310638,4.717016,6.623871,9.996499,11.665653,11.411613,13.790562,15.223598,8.392887,13.681061,11.022366,6.363858,14.044909,14.665922,12.287815,5.797924,18.118818,16.012794,6.343108,12.470117,7.365077,1.292309,9.131751,14.020254,14.413851,13.242055,15.047855,15.688964,16.709063,17.288548,14.041300,14.915752,17.207695,18.896976,18.551781,16.937000,14.046112,16.211849,20.740450,18.431696,22.570980,16.906681,9.775165,14.401533,9.329654,10.151554,16.244339,22.014259,18.676073,-0.814887,11.485521,11.219434,7.639203,6.647936,15.571426,18.189348,15.341852,8.247196,3.299099,9.018602,5.904489,11.098527,9.800080,8.520378,7.129996,11.842183,10.796012,4.175676,3.403343,14.275718,16.947466,17.706264,15.317398,5.483495,-1.118081,-15.731245,3.106908,6.480186,14.764167,11.776388,13.331413,6.295847,-0.340301,8.805830,13.344598,9.275496,3.118718,9.133319,12.610937,14.518708,13.842717,14.939270,13.616763,-6.990557,12.090361,13.844130,10.938074,6.841625,6.912000,9.734353,4.080923,13.023472,12.676171,7.840504,8.381025,14.644412,16.655828,11.987644,7.679039,1.508697,12.994249,8.899823,-0.580587,2.865287,7.299839,11.277318,11.399893,6.947684,5.817255,3.013703,-11.604552,6.539175,6.143382,4.085027,8.010612,1.386448,-3.500785,9.218625,3.568727,13.120541,6.581059,3.670477,9.862182,13.716911,7.132924,4.088295,11.874548,11.662274,15.335161,13.395092,10.146210,13.126377,14.066736,12.036495,15.904028,15.327648,7.490335,3.845973,13.170982,14.143480,11.816892,13.158122,12.286585,9.393272,9.957233,10.940500,11.371831,8.809375,7.873173,16.697493,16.475397,10.787374,7.513115,10.313325,6.605090,-2.255484,5.516932,6.367856,12.093599,8.678959,11.178933,13.681026,13.934937,6.335706,1.689583,0.324377,12.512335,13.652930,6.893170,2.802581,6.600651,6.338918,10.127778,3.112514,12.379383,8.697766,3.569556,9.310644,6.575053,2.860594,12.403374,7.024019,2.181521,12.014079,13.251593,-3.131601,5.581393,-2.450941,4.661861,1.254451,-16.841581,9.210872,11.198565,5.359508,-0.398015,6.208424,10.854617,-2.319266,5.535497,10.528908,10.946559,-1.634349,7.815518,7.931671,2.488917,-3.158437,4.053044,6.507310,6.671259,12.936487,9.414190,10.254583,13.352691,6.877728,3.837603,2.622237,9.402303,13.832691,14.794865,13.607264,9.578712,10.398436,7.951744,6.990116,9.950584,5.786296,2.144854,-5.100112,4.614558,9.680298,-1.467803,10.342463,6.649076,9.879092,12.739985,4.613600,4.322080,9.206092,7.219433,5.599592,10.426312,9.646140,12.344855,8.710020,7.531419,12.327638,13.088202,13.755189,11.880189,-8.386007,5.617287,4.034106,6.826825,7.332019,7.267334,4.577102,-2.229652,6.707731,4.823029,2.975490,7.941569,9.750169,6.093684,13.599339,14.114503,10.107465,-14.757291,5.042245,4.979500,7.141882,6.330766,0.138369,10.825051,14.865696,5.568366,9.962255,9.622175,5.843420,6.770540,10.370160,8.260715,-1.924486,3.252886,9.460191,8.257694,11.571018,12.775652,9.829865,8.591385,5.250996,-0.216324,-16.031006,-2.395291,-4.726552,6.145483,8.851917,5.724473,8.919380,10.952617,0.000843,5.734312,7.816780,15.420332,4.682393,7.971181,5.954112,6.973696,7.979960,-5.205604,8.843825,10.639485,9.948977,9.832135,10.355573,7.379954,3.282490,5.511003,10.146609,6.000333,11.130143,12.889276,9.105002,2.710890,-0.885066,-1.788513,-5.666265
[0;32mI (28840) ANALISIS_ESPECTRO: Frame exportado | t=28.19 s | pico=49.2 Hz | 44.8 dB[0m
SPECTRUM_FRAME,29.469122,49.218750,45.195499,hann,512,10.940188,20.126835,14.648274,20.905149,14.049983,9.774573,10.601727,7.749915,14.568560,17.549625,25.954517,21.381687,2.637573,5.195379,4.126394,11.339627,15.550276,16.895256,12.496496,22.545336,32.739796,45.195499,43.749428,26.463421,12.539395,14.436317,16.305969,17.469946,13.158787,4.344375,7.232218,5.206304,12.969333,7.774417,-8.605515,10.074735,14.807606,13.020056,12.263450,19.104904,18.099745,7.417012,28.422504,29.195711,17.570511,2.325207,21.014278,19.163601,19.882395,27.412092,28.568233,29.340174,27.269077,23.098555,22.454304,16.908607,17.440742,14.788168,23.603809,20.359785,13.177070,17.415895,24.964380,20.281288,27.560137,19.290131,18.843224,22.428263,20.076826,13.756084,9.644264,16.804211,17.056658,10.238392,13.679699,22.071465,24.202587,20.161156,12.035817,13.880566,13.735509,12.229067,17.283649,17.148071,16.083462,9.048637,19.030766,14.475598,18.155838,18.698009,21.924250,13.074617,24.295658,11.022668,29.928802,33.501564,31.267204,28.239094,25.988447,25.811092,25.893604,26.642637,28.463755,28.292908,26.907875,25.377110,26.977852,26.303108,24.162392,22.919205,22.047281,16.517450,26.231737,25.567057,22.433722,25.783529,17.996845,23.895647,14.002359,25.516796,21.400219,22.189987,23.875759,10.370626,14.859285,10.252131,14.034766,9.790148,23.694263,23.283409,16.835535,19.713528,21.526144,24.072678,18.468212,10.227876,11.077155,8.614021,19.392460,19.376818,25.838787,30.843594,35.276749,37.548302,36.260372,33.023895,32.105003,30.889137,29.876896,31.422987,29.541843,24.316883,24.174213,26.336693,26.508427,23.370678,20.880489,20.028345,19.090195,19.414665,21.418964,25.116978,23.127621,18.180153,20.769331,23.704746,15.290374,26.368816,25.669310,15.071642,24.680984,28.359797,22.091099,21.106455,24.676302,15.607600,13.374156,20.235682,25.496681,18.356606,21.212830,22.664116,21.750923,20.783270,27.810926,21.473679,25.284206,12.293167,26.525639,23.939346,28.384975,29.847771,33.474609,35.269794,35.501591,34.747780,32.277103,32.852890,32.472321,32.722488,33.786346,34.622860,34.768440,32.992119,30.727949,29.852375,30.419270,29.907810,28.347147,25.743883,26.840584,29.352520,28.900562,32.783066,30.279655,27.392708,29.304342,26.482981,27.043943,20.016861,27.308485,25.673800,22.999876,21.440079,19.267210,21.001965,19.166790,20.243032,17.532488,17.241665,4.066451,18.583101,17.800278,10.141409,12.833443,19.550159,13.756134,12.752342,9.644746,17.587784,15.080195,23.668472,25.809401,13.230071,17.987135,21.656689,14.316151,10.720557,20.909286,24.024839,18.587708,17.875273,18.469872,20.626974,21.148596,14.432203,13.476472,14.520199,14.223685,4.367729,-3.717777,1.764283,13.349276,17.539524,15.403864,4.880744,16.457491,17.953983,17.172916,6.606677,17.648413,21.032398,18.215042,16.367256,15.435492,15.212105,15.816704,13.206204,1.590796,16.550579,22.753101,15.333973,18.939249,20.984087,12.649547,20.649252,22.870079,16.944355,-0.911965,10.291396,22.223482,23.628805,18.025511,14.618963,15.626621,12.984455,18.056196,14.751607,15.091523,20.644314,15.000002,17.371719,13.720798,16.891697,14.859732,11.785084,11.668985,13.723946,17.737333,21.847919,19.493273,16.126137,16.156977,20.596020,12.715719,12.946384,16.984375,6.126375,11.554808,19.299150,16.271898,16.621098,18.559818,19.590412,18.082920,12.474643,13.041346,5.812304,10.583750,9.806460,5.095624,1.483264,8.264331,11.551886,8.952509,4.949636,4.177455,16.056467,14.917727,8.888492,6.379099,9.866138,14.670069,17.288603,18.481939,12.636952,-2.896988,17.103907,19.467787,17.479380,15.813025,12.154310,17.012924,1.612286,9.324335,6.550751,12.947336,17.205730,12.760893,4.385112,12.405146,8.004055,11.499047,17.843250,12.511884,-4.817886,7.714725,15.754530,11.719770,11.104017,15.899246,11.327890,5.369129,9.661932,9.114679,12.142586,17.078709,10.274845,11.403708,15.709179,15.110243,4.077595,0.272603,8.083590,11.696653,10.631386,11.056526,4.899347,12.926208,16.662529,12.777586,11.801323,11.936008,3.900550,1.890227,8.375790,9.358553,7.264357,2.775751,7.237367,1.344752,6.279716,7.164173,5.463004,6.689174,8.132318,5.161872,2.557916,11.176358,15.875065,15.686196,8.984466,4.642787,5.492026,9.098893,-0.213195,15.829888,17.911055,17.355635,12.202214,-7.738312,10.451494,18.858974,20.183212,15.076082,3.385737,5.145504,10.591227,8.199667,14.365026,12.539233,14.647870,14.302444,5.308951,13.599214,15.617376,11.952211,13.931788,4.736167,15.432865,10.620512,2.773224,1.715324,10.633652,14.186101,15.115387,14.111450,12.081193,13.963546,14.212753,14.339586,9.821330,12.222544,9.067596,4.963524,4.584263,7.310849,11.101042,7.988138,10.137590,15.621286,12.757312,11.461666,16.754454,10.870112,6.522406,9.081815,18.165653,17.704929,15.437582,16.431404,17.935017,17.765747,15.776168,15.147809,11.044512,12.650981,11.112491,3.440717,9.527229,11.186136,18.924438,20.757351,19.473648,9.754075,14.631896,17.716133,16.719101,16.556061,17.131807,20.688438,19.441036,1.834874,17.027584,16.919695,19.121681,20.323048,14.780636,6.853157,4.963225,10.341940,15.591403,14.429510,9.178676,20.276524,20.881535,21.568203,23.328321,24.457188,21.146624,13.597765,16.210243
[0;32mI (30130) ANALISIS_ESPECTRO: Frame exportado | t=29.47 s | pico=49.2 Hz | 45.2 dB[0m
SPECTRUM_FRAME,30.748302,49.218750,86.313713,hann,512,58.526299,73.273270,74.478844,73.666901,72.567375,71.676094,69.397949,66.064217,63.819687,59.560448,42.510406,54.574165,57.244434,62.830677,65.448944,66.122375,68.265442,69.405304,70.538109,69.971245,76.286911,86.313713,84.452744,73.886154,70.922958,70.815369,68.192490,66.671158,64.365608,59.317303,56.166348,56.149162,57.430462,57.178616,55.272640,58.690369,59.609070,56.272591,54.156933,56.787952,53.826160,57.325256,72.316216,74.597862,65.510666,59.684364,60.978355,57.220245,56.525478,57.041992,52.310631,37.727566,35.249363,48.984905,53.332764,51.038788,43.445923,51.042995,43.430519,50.886574,54.747154,53.328903,56.296883,61.829086,68.537292,64.025215,57.071152,55.937519,54.585934,52.996326,52.457092,50.618965,45.241085,36.224007,44.967201,49.239765,46.471596,31.812391,47.713257,47.743675,38.118530,45.407204,41.791496,36.024204,48.163952,59.708099,58.217167,49.793110,48.685112,50.445862,50.129791,49.421124,45.970940,41.013256,39.694504,32.269199,46.522728,48.031288,37.639381,44.140862,40.520432,42.384716,40.114128,36.443184,42.801975,44.153637,48.396790,52.452778,47.847828,45.636436,46.375214,44.612164,44.914440,43.284126,38.273773,30.032234,13.389946,36.526215,43.016678,40.609280,42.162212,35.891148,42.753643,40.543945,36.548134,39.639362,41.796833,46.865154,50.594997,44.010323,40.928734,41.742748,38.816372,39.062279,40.675667,27.581345,16.618422,35.664711,41.349152,41.141762,32.160374,23.674925,35.815887,45.504562,44.943233,40.019688,40.450138,42.314064,38.921200,46.272720,43.597855,44.822506,44.921131,47.208023,37.494488,40.307064,29.899033,36.191223,41.459080,46.056877,50.431854,48.864052,41.954567,37.721745,48.420010,50.059414,35.525887,46.180237,48.875671,49.220535,51.894501,51.696568,34.922672,41.746574,45.201752,43.004311,31.653196,36.985828,34.697132,45.416550,46.609749,48.406658,49.993355,44.318756,25.556797,46.119949,50.913464,43.620014,46.319313,47.677074,45.657547,49.503365,53.351036,47.818344,36.966904,33.578575,27.047670,39.548626,41.219524,34.858074,41.035904,44.040504,35.833687,38.599266,36.832355,35.617107,36.983662,45.026165,39.395969,40.058117,42.108501,34.695129,36.446522,45.295723,47.645966,42.858639,31.274473,38.433231,43.330421,41.703651,38.351189,33.025303,41.654854,34.673744,29.829548,38.543449,39.020653,22.047073,37.872654,36.972279,35.573170,44.335487,42.043362,43.934616,39.474571,33.080402,38.111599,25.489716,35.227295,38.601616,39.951088,32.001892,42.264210,42.619965,36.054253,35.160816,40.050106,39.067047,19.503057,33.825245,36.447083,26.611013,44.066906,47.631096,49.322704,48.124672,39.232250,33.773659,26.785545,28.716415,38.403854,43.190369,35.340641,44.785427,45.104084,40.604626,39.511745,40.486851,40.916664,36.395008,37.088081,32.804764,22.896114,39.734066,46.006218,47.350407,46.884037,43.764961,36.193398,23.206741,29.316368,37.197220,39.666248,36.467136,31.864540,38.757355,37.628815,39.552952,36.749119,37.977440,35.379868,38.084064,37.022938,36.843410,25.702385,38.171021,39.504223,41.248547,38.249630,37.374046,23.458443,29.383209,39.159019,40.795444,39.972748,31.191792,30.838697,37.584301,43.228897,42.241035,39.669327,36.855804,37.657799,37.742622,37.418774,32.245068,36.874184,32.869209,28.522297,38.853123,42.657860,37.120892,31.276434,39.437424,42.721169,40.508003,31.921225,18.653824,34.574944,41.795464,42.454201,41.501556,39.758987,36.764324,36.732861,36.005142,23.219463,38.241726,37.807983,34.616684,38.951874,42.185955,40.791603,38.504013,38.890514,42.533092,42.349442,37.479584,27.937286,23.790928,32.334198,36.477848,37.662048,35.234200,24.376488,21.920908,34.325680,27.846405,33.150131,35.827839,36.337379,34.496410,39.979836,39.849972,36.837505,32.687962,34.179184,38.586105,34.862961,11.094112,23.653658,28.823837,35.566246,37.788509,33.720612,26.641315,28.562992,31.728170,28.625015,26.746410,22.386021,29.027657,28.060173,21.397793,22.004543,27.025785,30.210897,33.761143,28.984482,28.898243,23.490744,18.779947,32.506844,37.522980,36.945835,32.227448,32.624306,36.755447,37.017056,36.405106,33.252460,30.607996,4.721743,27.044064,32.011471,38.206982,37.344894,33.718975,34.520981,29.592020,18.885857,18.442858,26.186535,33.166115,37.378227,35.929703,29.345314,33.193394,37.714611,35.887035,39.225124,39.326935,37.365078,32.484299,22.907965,24.935856,34.515720,35.433998,32.645470,31.579327,4.847775,23.792048,26.616192,32.317680,29.786005,30.570671,33.169952,30.350666,24.655382,29.926506,32.249256,36.794479,37.135262,35.100334,32.080353,31.810398,28.590193,37.227623,40.659142,29.063950,25.648800,31.558664,33.242516,25.882416,23.575996,26.397636,26.925140,28.939791,30.253885,32.288086,27.334528,21.266922,27.720802,26.643064,25.953709,25.518446,29.033855,25.514946,33.723351,34.953903,8.658835,29.542835,7.117722,31.833912,31.778664,27.638191,25.645304,27.681683,25.385929,24.441143,32.120708,30.667389,15.837626,12.944275,30.020420,34.058411,27.295860,19.598839,26.224140,28.003481,26.882257,30.879391,30.046417,26.807520,18.946207,30.697544,34.935993,33.347206,32.140358,30.745295,28.426498,30.257629,31.449385,30.259417,27.294447,32.410076,37.674191,37.271240,30.815592,28.886621,27.341438,29.288046
[0;32mI (31420) ANALISIS_ESPECTRO: Frame exportado | t=30.75 s | pico=49.2 Hz | 86.3 dB[0m
SPECTRUM_FRAME,32.027483,49.218750,87.866936,hann,512,33.215729,37.008888,32.046612,28.862593,27.574059,24.368404,19.802551,18.054026,26.737556,16.977524,24.326588,19.516609,24.024792,24.796520,22.792318,31.178057,33.394112,40.650551,46.069786,56.830173,77.285408,87.866936,85.741165,67.286980,52.472385,43.236954,38.522930,30.190041,28.103685,29.513998,12.698313,22.600800,22.022572,18.557299,19.122437,16.769999,24.182663,26.425760,26.018524,32.103165,43.167168,57.619816,74.712746,76.260040,64.849007,45.381989,35.550171,30.231371,18.860081,24.191299,16.163086,8.331595,22.348888,19.745117,16.814177,20.673182,23.193037,7.077534,10.333568,9.506599,17.700768,6.307035,31.163713,65.183807,70.552818,63.899704,27.729361,14.612269,16.815678,19.087940,17.946812,20.271025,12.268803,8.188702,8.867054,16.588686,12.456522,18.478714,10.976494,7.399360,16.756092,5.293908,21.747047,31.498104,52.093605,62.061356,59.414185,39.552101,26.557716,3.541697,4.928362,16.203283,19.390884,-1.465330,6.251083,14.147381,1.531411,2.565194,14.073548,14.497432,14.564818,16.633888,12.278971,13.012090,24.082317,35.210243,51.238762,52.305405,40.729084,20.750622,19.275394,15.727139,3.964916,4.391473,5.402769,12.020931,8.922632,13.961143,11.120454,12.672931,16.811419,3.858044,14.525648,14.965136,9.355242,18.019005,27.023085,47.736221,52.152267,44.554478,9.982868,11.546757,12.186145,14.395086,-6.783913,1.050097,5.682495,6.003027,5.929080,10.160255,3.314703,11.664255,8.983028,9.565216,12.513956,8.091358,5.741639,26.569866,41.266060,51.044804,48.054840,27.680777,14.179254,14.376400,13.106464,8.873930,8.414546,14.499040,6.674333,10.100073,2.814165,6.867938,4.399055,10.842181,8.636816,13.886861,7.851210,17.201597,16.928967,38.186638,50.690620,50.711330,37.548252,21.070337,14.204087,9.030881,8.468501,12.623950,16.787737,4.123763,13.240808,-1.836642,5.435410,4.641397,11.716957,11.661797,9.930858,10.489180,17.808388,25.218258,24.945259,45.713463,49.891930,42.360535,15.487042,18.529848,11.569685,10.339973,12.354299,18.523703,15.161388,-4.180125,-5.457810,-2.818634,8.828755,16.249769,13.619304,6.934430,13.138057,10.161776,25.006285,22.768707,38.234238,45.473179,41.596012,21.863178,9.387128,8.411184,5.852027,-1.266589,13.724798,14.275215,9.366325,4.237509,4.642470,11.250019,17.826681,15.725645,2.128330,6.787815,19.775591,22.355190,20.146843,30.107576,41.824059,41.644547,28.905039,18.835695,14.506716,13.093863,8.716043,7.742567,11.223750,3.790592,9.585103,7.335808,6.801528,14.924903,16.963205,13.268089,6.726094,21.922941,25.712938,20.745701,18.595978,32.303364,35.850899,28.580580,3.687084,-4.122886,9.812560,7.758694,4.232541,4.305775,5.706197,-7.289007,5.334707,13.710987,13.813751,16.298595,16.293236,12.138968,13.741673,20.576323,18.998232,17.662498,28.286077,35.855854,34.157425,20.336828,12.241035,14.820229,7.321041,-7.971570,-16.526047,5.690806,8.345824,10.629862,12.244064,11.030319,10.689545,10.791873,8.849240,11.158595,17.815357,14.099016,9.288450,25.821354,36.248993,34.473186,23.787632,16.542645,10.859656,0.292623,5.960016,12.422630,11.817132,9.493320,2.151935,13.467127,15.647946,9.550217,6.537878,9.440912,14.523331,15.316753,-0.188420,14.675890,14.760842,37.018639,40.346634,31.827549,7.901521,13.186861,1.923610,10.523658,14.318821,6.023958,7.762382,7.402098,3.711183,14.975654,7.609967,-6.428812,6.784383,13.662156,20.148447,18.001694,2.475287,12.320047,33.917274,40.127899,35.718845,17.626865,8.069345,-1.561432,4.936700,11.717812,-0.041309,10.886526,10.853218,12.981392,16.428545,7.049718,2.111960,1.525766,11.193911,17.696474,16.985825,7.533041,12.454310,29.476284,41.901443,42.238537,32.905167,-17.140926,3.934484,12.209293,14.284424,4.741312,-3.439860,2.834748,11.783264,15.865711,11.379406,2.613474,4.742008,13.692498,20.511341,18.159220,-1.051860,11.356536,18.992517,31.506407,36.903519,33.786732,20.522015,5.662475,6.550863,16.245995,10.462556,4.231076,7.414028,1.584203,11.004991,6.530527,-5.083208,10.671446,5.144646,19.769423,15.768557,11.363030,16.295502,16.225105,31.122236,38.993446,37.542263,24.034542,11.510142,2.300697,11.943851,11.221572,1.497177,8.804456,10.870235,12.659704,9.374049,12.686293,5.206112,15.860219,20.859156,18.030998,15.747984,16.530731,15.883093,27.884558,37.472145,32.694138,12.829858,12.163638,13.045421,10.627538,12.081949,0.768666,9.455770,2.275189,6.405632,4.262011,9.322985,11.622580,9.081710,20.528898,16.020830,12.586161,15.194793,16.630352,21.871059,41.851372,44.789501,37.671059,16.104996,10.475040,11.474370,2.063940,13.049314,8.877191,10.753855,8.922808,-2.284293,2.947855,-6.113796,16.550198,22.404459,16.504471,7.277003,10.920306,16.285423,18.500587,30.350695,38.906555,38.422348,28.687937,13.421461,9.253221,9.669401,16.469929,14.743839,-2.300586,12.088288,7.084564,4.542496,7.866153,5.527929,19.383463,13.865976,14.319030,6.341686,12.219609,14.753404,17.680923,36.080547,41.465347,36.096222,9.214669,17.884645,14.392515,16.812918,15.289085,6.805438,13.264042,11.770914,1.609847,-2.478912,5.142628,14.483400,14.167742,17.177624,15.547242,10.513041,13.775446,23.693878,32.938000
[0;32mI (32690) ANALISIS_ESPECTRO: Frame exportado | t=32.03 s | pico=49.2 Hz | 87.9 dB[0m
SPECTRUM_FRAME,33.306670,49.218750,64.458565,hann,512,32.177673,35.993248,20.524435,9.770261,19.142294,21.839235,26.513458,20.713676,22.098507,27.817139,28.845623,28.390635,25.968254,22.544744,24.140194,18.053032,0.308577,22.960220,21.766354,33.639526,54.454594,64.458565,62.188225,44.272503,27.400635,28.317581,25.184555,19.167879,19.477573,24.582670,23.186682,24.967690,24.477015,23.839470,21.619556,19.419094,12.942866,19.175354,22.426737,8.093797,13.478863,37.615120,52.259247,53.649597,43.285336,20.095837,22.351265,21.910707,17.612843,21.205179,18.588488,17.012445,18.814816,15.648684,8.144168,8.058026,14.123890,8.532518,7.117234,18.565701,25.338329,23.918304,17.726229,45.993935,50.915634,43.670803,14.746979,21.612396,19.432186,17.177282,21.647310,17.593330,20.040558,23.975834,20.708015,20.876705,18.402945,9.259859,13.935783,16.764610,20.465721,24.026966,23.002684,18.826963,33.433815,38.118446,28.781044,28.310614,22.124657,16.624701,20.116205,24.423698,24.482876,21.292658,20.751457,13.150071,12.943854,4.100028,14.065844,15.005917,14.214823,19.520041,11.900957,21.028004,20.492088,32.659801,44.754242,44.845016,31.315338,25.249731,29.454205,27.570238,24.025242,9.906692,14.831823,25.661943,25.509808,16.596411,25.653734,25.002254,22.802153,21.507092,22.717745,20.342003,23.600925,23.764963,30.362946,36.795143,34.331600,27.082806,26.531305,27.324730,23.880827,22.508770,14.886492,22.169991,19.513647,24.957508,17.812643,20.831455,26.054304,23.294411,14.301046,21.298964,21.610241,6.899178,-1.894276,20.149529,29.391251,34.284607,30.292540,9.838828,23.966766,22.045353,19.223806,17.768272,16.483101,23.604015,28.003550,19.429436,24.306129,24.273552,17.056505,19.205294,26.450140,24.682360,27.419510,23.481417,19.247725,18.529249,28.744905,33.147636,26.794756,19.618431,28.040857,25.426271,26.536095,18.753756,27.360249,32.858604,30.145475,27.801899,31.782055,24.573227,22.469318,15.426435,16.177933,23.618931,26.372936,13.560925,8.029171,30.365602,34.206638,25.149990,21.767296,22.414173,15.261400,19.843288,22.940102,23.550627,17.286320,21.009624,5.145579,24.241764,23.082577,15.574273,21.624430,9.236778,15.272466,16.742174,14.934938,19.565413,17.942846,29.967337,29.183321,20.497017,23.649082,19.818316,18.025631,23.045046,21.464035,22.647472,23.284737,19.305887,18.546913,23.549234,18.130840,18.689157,22.456285,15.059622,23.222332,19.251028,15.122148,25.793991,36.358742,35.220192,21.733437,10.201309,20.278490,28.246113,24.918537,25.292755,20.308542,8.790608,18.586586,23.614624,26.844137,20.045864,22.917046,25.797396,25.011517,22.145924,21.837358,18.328255,21.055841,27.781546,28.262138,24.398651,18.945921,23.907595,19.864933,25.107288,24.681999,27.234646,5.487309,17.633121,21.502090,20.634974,13.984514,21.159248,26.493000,24.412977,20.261526,28.464594,27.293718,20.955076,18.252964,31.051035,30.154385,21.895317,21.693146,25.795074,27.502106,26.158958,-10.563110,17.578987,15.151106,17.756212,20.011675,16.633183,10.155642,22.972588,20.844900,17.535389,10.314647,17.384346,9.988622,18.570520,25.193464,19.907112,21.705494,18.310930,21.444443,19.122940,16.474348,7.592941,17.468658,20.490578,16.130077,14.674248,16.516254,11.969805,13.644674,20.396671,19.076155,10.941672,22.041267,19.282459,19.388044,26.958105,25.007812,18.927343,6.862393,14.932251,21.108402,21.185337,15.724249,11.939206,12.671371,18.659037,7.586590,12.166085,16.598942,13.624964,13.526425,2.894464,17.271383,14.480172,3.427258,12.373099,16.157864,20.771749,24.985609,22.823971,20.057352,23.238594,21.390841,14.425951,15.159568,18.465593,13.714956,6.214919,15.079598,16.062305,15.010530,18.456758,18.776833,20.768156,21.687511,14.323864,15.672123,20.576553,25.994720,26.567188,21.242123,24.973331,22.604904,23.226053,19.049212,14.929903,19.751669,19.400063,14.513985,11.515260,15.879388,17.235573,20.142019,14.073559,16.916941,18.156502,14.530262,-1.355190,10.642171,14.462505,21.215988,23.649963,24.353077,20.314711,16.015722,20.066692,20.454014,16.978111,18.438356,5.133720,19.277157,19.019903,3.905735,14.088154,17.890049,10.149413,20.125717,18.737854,20.413382,14.282095,27.121342,27.613487,24.594049,16.447184,8.798821,10.504011,1.882090,13.042593,3.630075,13.775277,16.160677,17.201012,17.664429,14.100880,15.205521,15.049405,12.817200,12.233132,16.091267,19.297678,20.877182,12.854628,8.922444,19.758041,18.129021,7.276487,17.543962,16.342817,13.358909,13.409843,5.622386,16.744495,15.827675,14.759558,17.797874,9.135443,-0.631566,13.804259,13.144349,16.335857,21.627310,11.946454,15.063244,26.445976,28.730793,23.544237,15.476376,15.512638,15.075731,19.285496,18.355921,16.626150,13.692789,12.544722,14.807853,19.253862,17.931011,13.678431,15.607604,15.068499,11.483738,12.068054,15.590666,16.034473,14.693223,13.855722,15.183981,9.950091,17.099560,14.364562,15.277384,16.695145,16.044943,14.579440,13.643171,15.154410,14.541322,13.809270,13.703117,17.020281,4.495327,11.122515,8.834265,16.391241,20.432756,-10.433010,18.437382,23.808876,14.187641,17.910910,22.136213,19.200798,15.152603,1.661083,10.408308,11.342010,19.605614,17.889286,22.714993,16.394045,14.587938,16.853935,15.201748,10.029572,17.462036,15.876587,12.084279,14.792860
[0;32mI (33970) ANALISIS_ESPECTRO: Frame exportado | t=33.31 s | pico=49.2 Hz | 64.5 dB[0m
SPECTRUM_FRAME,34.585852,49.218750,64.833572,hann,512,4.623321,29.175709,21.798494,15.395899,22.672062,24.372442,11.649589,12.152897,14.387747,16.975201,25.413017,19.524071,22.146553,-29.943680,18.894756,15.228252,15.139379,23.142176,25.295116,31.373276,54.677811,64.833572,62.561974,44.074093,30.299398,16.570911,12.909302,20.493740,23.435249,12.274009,7.994327,20.168530,14.353890,22.530825,12.544011,13.134903,16.671608,3.686278,25.194141,22.105747,28.302784,35.792881,52.647545,53.941021,41.909912,26.091967,22.637875,15.557192,17.475426,18.697744,15.906001,13.078377,19.056568,18.039558,23.027073,19.045975,19.421059,18.349979,9.320549,7.242771,18.780371,27.087727,29.064409,46.561424,51.462631,44.441666,20.226189,20.204937,15.215463,0.767174,9.854025,12.613394,20.663876,19.397533,20.632723,22.049208,28.168358,17.722622,16.167917,5.666594,3.533997,23.071407,20.183632,24.758196,27.131973,37.055786,34.255272,21.863632,13.335335,19.859821,21.550064,22.700115,15.947696,14.881622,6.671140,17.501921,15.460557,17.904354,14.824327,12.199107,-27.825005,10.808172,11.524793,20.005159,26.173010,34.918579,45.542160,45.961689,33.348728,27.483131,26.816008,22.272873,21.366699,19.646744,22.279949,22.070297,14.097818,11.961897,17.855473,11.821764,18.169052,17.670612,14.098805,14.822954,20.621111,17.689919,17.912123,33.026665,36.129864,25.926178,27.329771,29.036465,22.895918,12.572645,-3.592937,8.913547,13.123421,8.546810,14.001733,14.965085,21.169212,22.626686,15.756491,16.716269,19.533852,23.121309,25.662279,19.868225,14.005822,29.232433,29.350595,17.970007,24.347027,18.098942,24.098921,20.813644,14.619932,15.889362,17.762035,19.238007,10.214340,21.579865,26.316936,25.601976,20.225964,18.907707,18.002825,17.408207,16.310560,23.509117,35.028000,33.289406,15.178400,22.676941,25.668335,24.617167,13.639986,13.934444,13.840490,13.998818,26.401146,24.763855,3.122716,16.442677,15.381903,20.279800,24.000692,21.679144,20.925900,23.004417,15.774360,35.425270,37.029175,22.038305,26.655561,22.413103,20.030087,13.993572,17.500269,21.128468,20.940590,20.725042,8.196968,18.807343,14.192484,7.296044,8.613425,17.221401,23.291557,21.359280,10.898117,17.020390,19.486519,25.163998,22.188036,23.975172,27.113247,24.199011,17.259012,13.049401,16.639585,9.749534,16.617954,25.462982,21.364782,22.871599,18.529934,2.603143,23.041851,24.925850,15.320024,16.221197,16.672472,28.612862,37.773762,35.660141,19.990713,-6.405165,17.476448,18.938339,22.051205,22.232121,19.373461,17.784851,6.540742,16.376091,19.380922,21.020777,9.880976,13.958002,19.385754,15.619354,10.822234,14.233962,13.598028,20.764372,24.985428,13.643778,27.206591,27.197563,18.778151,5.575294,15.409393,16.774977,8.313261,14.441752,10.091304,7.009129,7.826496,14.560984,7.811725,21.183098,20.998762,18.211994,21.255283,18.254005,27.928999,32.589516,27.899826,19.106636,18.965691,12.685184,17.419909,14.443434,3.089863,10.643194,14.278728,1.518076,7.276738,12.658225,16.829779,8.256396,7.327868,10.360409,14.270544,-2.376303,13.892172,19.394325,26.690828,24.893559,11.959519,10.616982,12.916302,4.371437,16.588455,11.795664,5.322195,10.141026,4.629608,15.344294,18.361843,14.737978,10.676509,16.560284,16.256844,5.570316,12.631809,18.947990,19.563087,27.124109,28.012585,17.756306,11.961274,13.521709,6.769884,4.878794,-4.635026,6.208786,7.120919,1.927075,5.163751,11.375473,10.458249,6.205922,14.214683,13.670493,13.544068,14.829407,12.404261,9.556981,10.499717,21.604622,20.999886,15.222301,12.416878,-2.364535,10.687349,9.531929,6.530223,9.789188,10.493871,12.300047,15.338654,10.064210,5.726630,6.983016,8.130523,8.998193,9.852066,4.224529,11.745872,20.590435,30.496056,29.293852,17.248453,7.201111,-6.258552,10.254337,8.129915,4.527493,8.543135,6.074420,3.248070,8.729524,13.779811,9.678217,4.411166,1.225055,3.772020,6.436019,5.771794,5.587308,0.575104,17.599304,18.884518,9.456043,14.879378,14.210894,13.703876,3.832062,-3.049860,7.875081,7.209437,6.084819,4.576962,9.631971,3.045324,10.763282,8.797123,8.704172,6.996569,12.704113,15.722904,13.278574,26.552532,29.610233,24.052515,18.884520,11.671434,2.124671,9.772880,12.329981,13.307175,8.505924,5.639679,-0.603975,6.977786,11.810158,1.880954,8.968193,-1.791045,-11.243472,6.841066,8.725101,12.607440,7.118582,10.571409,12.574827,0.220097,4.020809,2.462319,2.347745,6.386843,0.187303,5.172797,9.205860,-18.884045,11.873342,8.450129,4.414100,3.385312,12.999240,15.970398,11.675560,13.119798,11.601676,16.922344,27.739191,28.239143,23.540298,15.221797,2.765230,8.085202,3.927875,-0.039098,-0.741689,7.016616,7.727705,7.089672,6.834130,11.216804,10.594836,6.450598,9.642497,8.003655,11.388513,8.730370,9.424765,11.898914,15.422769,12.665839,-4.954333,2.932396,3.165456,8.735097,3.332544,9.409897,13.381540,13.504774,6.306668,13.031878,11.861692,6.755828,6.690817,11.957432,14.877819,15.138278,11.419787,7.219728,12.801661,6.650688,18.825912,17.993628,-1.003451,1.531665,3.470152,8.828793,11.017265,7.572701,17.500347,15.979098,9.735962,8.259975,8.335708,8.517569,14.076036,11.894094,8.411187,6.234159,-1.439272,7.916356,8.289432
[0;32mI (35240) ANALISIS_ESPECTRO: Frame exportado | t=34.59 s | pico=49.2 Hz | 64.8 dB[0m
SPECTRUM_FRAME,35.865032,49.218750,58.439907,hann,512,39.138519,44.215084,37.269855,19.161751,17.626276,25.110508,20.663635,17.584831,15.992102,19.532976,23.051588,25.282698,22.312405,16.538094,19.284779,22.903383,27.393797,24.347778,30.903759,37.005447,46.399570,58.439907,55.570587,19.642988,19.988997,29.171495,16.171822,17.133791,23.667791,24.483295,18.774185,11.991964,3.009787,21.424011,21.620676,19.630714,22.060856,25.048695,27.394211,28.830315,31.159546,25.838970,41.791557,43.113190,23.560123,27.120066,10.576859,21.216042,26.253323,28.171524,28.493282,28.332060,29.751747,30.313616,24.123680,22.827051,27.132170,26.533089,22.281540,16.383236,21.047100,31.806307,35.809494,38.308239,45.045380,39.949181,30.481894,31.683653,27.084446,24.650059,27.868757,25.148598,25.533485,24.174528,26.949694,29.547117,31.637260,33.412296,32.819935,30.584602,31.830683,28.853720,17.400557,27.955582,18.980314,34.361050,30.442165,22.729445,23.725132,21.889271,20.129021,20.572538,13.527621,18.367846,17.871664,20.940216,26.718552,27.541983,19.636000,17.319429,20.000811,22.821175,29.098375,28.558861,16.904186,23.419514,33.456207,29.085245,33.785385,35.059692,30.896063,26.089634,21.663847,23.564909,25.871632,24.105967,22.210125,21.251772,13.213476,17.845928,23.086327,23.207645,24.712620,22.624481,22.234266,19.161774,18.982456,26.322018,29.450527,16.271692,20.824730,12.690144,18.533169,24.580505,23.838573,25.574249,32.856533,29.646404,22.467342,25.550138,27.939648,32.566483,35.761940,33.949955,31.883162,32.877754,38.700520,37.801483,30.889530,32.210281,30.488003,33.807278,33.445755,32.898403,30.016228,31.242008,30.898325,32.925457,36.520592,35.338474,33.528160,30.169117,25.232981,26.363285,23.835655,14.136955,20.274208,27.070202,28.630287,26.826761,27.434322,27.085638,27.987289,24.610022,26.076672,28.363894,27.059896,21.516697,24.640347,25.735321,28.542568,27.799618,18.512878,14.891464,24.206694,27.658003,25.310810,23.484394,19.884247,19.588324,18.694391,25.169611,23.812477,29.400175,24.579357,8.843201,23.253431,28.826859,28.149912,13.467183,27.201078,29.568310,22.665321,25.234409,8.683060,18.691147,23.387718,23.492802,22.648567,18.585806,26.042929,31.197952,29.916801,27.840956,20.973808,13.807657,23.764782,28.174927,32.017300,35.209053,35.056702,34.850224,35.665394,36.438564,35.155342,32.477257,31.703651,32.473347,33.763546,35.037174,31.019295,14.465410,30.505154,34.132256,32.633286,32.705437,29.926970,27.012497,23.305637,20.023813,25.550415,24.416813,27.669096,25.400181,18.483341,20.375816,19.460484,21.615780,22.797432,10.110945,20.505819,22.432184,27.938072,27.851944,30.328016,28.692802,21.641729,20.102406,25.555571,21.759785,11.600413,23.368929,27.534489,26.778797,21.178801,19.275675,13.649681,21.355587,9.385520,26.141705,23.680918,14.336685,11.064217,17.492769,18.885895,22.471382,24.465124,27.311384,25.084698,17.161579,26.281437,24.440165,25.455662,25.289537,21.058300,25.794937,26.184639,26.616409,27.888058,24.704708,25.514339,26.414326,28.084078,29.901094,30.493795,30.345131,27.723743,30.022690,32.642700,34.179501,34.207470,30.822899,25.282993,30.256319,32.240585,29.908997,26.026894,18.584890,21.620174,25.517511,23.200102,21.998423,22.535137,27.672375,26.240746,23.761957,24.785385,24.185009,16.462366,17.929634,23.251484,21.841192,22.345961,22.055431,10.507432,14.281386,21.865213,24.598141,18.579281,19.603483,17.889820,15.719113,18.692263,14.371410,19.817776,21.733055,19.975286,20.330833,16.280928,16.584564,16.305264,7.363028,7.760348,0.914090,11.709064,12.245278,8.277506,14.425334,18.433464,9.894961,7.554022,10.528646,18.385475,22.265873,21.142206,18.864908,15.273274,14.148209,13.997526,16.443211,14.465858,15.514162,16.176437,5.301717,16.981142,18.974407,15.246540,9.532342,17.532900,14.982351,11.793447,19.249317,21.177931,11.778013,25.301771,24.618515,21.186502,21.173794,23.795277,25.213661,19.592089,22.166178,27.193737,20.826475,16.911722,22.441662,22.473747,23.424362,24.669350,23.426308,24.558020,23.139963,13.128973,15.981817,20.203842,23.255119,23.250025,21.803904,22.419100,15.477602,21.904381,22.395306,14.025427,18.921574,24.204714,23.479507,25.438929,25.518236,23.831608,24.307781,24.243059,23.305109,13.980597,17.031477,6.776866,15.036877,11.474382,19.556849,22.985489,22.603909,22.494816,23.650242,20.541447,19.433180,20.705357,20.335600,19.663689,21.907480,16.452896,14.469616,17.573294,20.833673,24.956528,23.494965,20.119499,19.979713,18.999899,21.051149,23.567009,19.720604,12.325400,20.956356,22.715521,16.731352,14.048342,12.071142,7.336958,15.474223,20.603542,17.290648,14.524118,20.383663,18.715157,9.123424,7.254249,19.205357,22.402092,20.797310,17.441418,16.603256,21.133444,25.404062,26.006584,24.548923,22.529747,15.694094,19.091450,19.305580,14.704556,10.345435,21.113527,17.780827,22.303869,18.782980,17.675549,24.617706,27.238798,25.085873,23.173141,26.464128,26.130962,23.340452,15.455050,6.023488,15.897111,21.608803,17.658394,22.118826,24.485348,19.873892,22.822172,19.108780,14.039330,21.123966,21.216429,19.596142,19.448946,20.407469,19.312374,14.528456,13.944880,17.551613,20.824844,21.617718,16.546442,12.684173,15.220152,17.598249,17.849506,18.953741,21.683342,23.192884
[0;32mI (36530) ANALISIS_ESPECTRO: Frame exportado | t=35.87 s | pico=49.2 Hz | 58.4 dB[0m
SPECTRUM_FRAME,37.144205,49.218750,56.072220,hann,512,12.090137,17.279144,20.116034,22.815687,20.889065,18.998955,14.941087,17.030647,15.681100,19.903313,21.962215,25.645138,24.237974,15.168776,13.805388,8.245543,5.971575,10.060884,24.328186,21.142950,46.567493,56.072220,53.295094,32.923584,27.122875,19.519526,17.138365,5.393527,10.195881,6.916010,19.323357,19.589010,16.554598,21.146658,15.012841,7.597460,12.114085,11.208778,22.021172,21.989164,19.786152,23.047882,38.420822,39.301640,26.707867,18.596050,17.819241,21.053650,11.107290,19.161285,15.791216,26.832985,28.199310,17.418526,24.423721,28.747169,23.628683,22.703239,21.643604,16.417730,20.781620,25.182499,28.021639,27.242205,33.313210,23.740784,18.510809,15.913700,16.088270,19.407433,25.467663,27.145159,27.300838,31.510542,34.407265,32.543980,23.997967,12.040624,14.530425,20.784807,24.116493,14.585991,11.901627,1.619232,18.704115,5.152821,23.153259,25.328011,24.871006,20.788044,23.978699,25.381632,22.212917,16.225651,22.026134,21.439199,22.095221,20.380295,17.737926,17.949097,19.148113,17.973904,26.149557,23.355600,27.642799,23.096573,33.324444,28.557070,7.444860,30.299568,27.113829,21.270044,24.197817,21.691320,19.262680,21.715288,24.025288,22.334288,24.154503,21.425936,20.622013,20.172680,15.451346,23.385773,21.744099,11.822750,17.846184,19.091333,14.317839,22.102793,28.235832,24.629652,25.382050,21.969965,20.595497,23.605370,28.712776,25.185734,25.958778,24.224007,16.916679,8.070925,21.582977,27.334307,28.524651,28.875582,33.019951,35.287426,32.995060,32.601887,33.064518,24.605656,20.278053,26.970596,9.951284,25.616959,21.508913,23.306353,27.761324,27.689096,29.219580,22.217176,28.045567,26.576481,19.142811,17.897766,18.870764,16.838905,13.396569,18.524122,23.340338,17.734976,25.650150,19.337458,12.890938,19.037582,23.085329,13.944449,21.415466,24.203508,21.338615,18.773548,21.828194,20.635670,18.474415,17.868788,23.010893,19.884062,16.175200,12.294743,20.097044,24.926712,26.299789,20.474527,16.331905,23.691072,24.719439,22.751179,20.279713,19.044205,20.448746,22.502594,17.650888,20.394882,24.240322,26.720469,22.856369,21.135784,29.353380,21.389702,27.133743,31.053314,31.378592,31.177010,30.532768,28.402575,35.274632,36.264221,31.476044,18.902609,22.107790,33.616058,37.879356,34.423405,16.869678,29.160883,27.601702,21.902580,22.716061,31.333895,32.718445,28.205456,23.675901,16.394646,17.761471,16.800686,13.051706,17.224203,21.208239,18.852102,19.925116,22.625010,24.790947,27.780359,26.371872,22.388031,16.773054,13.028202,18.583654,20.646244,13.538585,17.024469,23.063267,27.967880,25.839998,17.770235,18.564444,21.347599,18.220428,13.837184,16.565516,19.586063,19.468855,18.862551,16.919621,18.005947,15.744499,22.865732,20.336452,4.138772,18.005569,17.189524,11.243774,23.117580,27.389008,28.611395,29.582069,29.816223,32.356319,31.875374,28.994062,30.639269,31.946098,30.381250,29.656834,27.539728,21.640125,25.540108,29.539774,31.903898,31.844547,29.763081,27.850779,22.905390,17.380659,28.784256,29.891479,22.739346,24.532562,25.769003,18.922846,19.190365,15.126801,18.755215,18.093506,14.614663,15.847474,19.289076,9.401481,12.835732,14.442142,17.444519,13.713984,16.560347,11.417293,18.967878,13.365440,15.396954,16.163437,18.345055,17.061905,8.741442,8.436865,0.254115,13.954534,13.050159,9.349243,14.938490,15.431008,16.862728,9.916267,16.747688,6.418170,10.789199,14.192654,5.823383,17.121742,10.673147,17.150555,9.253018,6.720829,5.863379,14.168211,13.742200,18.329062,20.188446,16.603512,8.766615,6.397143,9.361551,13.348426,14.419083,9.957725,9.920946,7.757144,6.055363,3.631139,11.696769,16.585499,9.514274,5.025154,9.104556,11.189768,8.691621,14.072652,10.900291,1.763068,6.888077,-5.910373,16.965506,17.912315,14.694988,15.456223,18.883656,16.596949,9.929426,13.359128,18.518044,16.538733,10.883314,15.724928,10.406965,19.176613,18.877975,8.074144,7.278866,10.917770,4.939328,-12.006799,8.856169,12.541468,12.025604,6.927077,16.049877,19.432281,17.211588,13.150798,5.337719,13.607258,-22.015282,2.722738,-14.588303,9.402409,12.810858,20.548103,21.923805,14.455161,15.055928,14.445415,17.631971,15.274249,10.747841,14.079155,15.924728,13.808029,-5.406285,12.227746,13.491508,6.312447,16.212320,8.056400,13.744908,24.073496,28.406544,27.262131,24.384521,22.974186,11.275877,24.288239,24.557848,17.106064,20.835384,25.283012,28.962593,27.638416,23.300472,19.024744,16.584616,18.693287,18.576086,14.100614,12.767296,19.227024,22.105934,25.233402,23.627890,19.513088,27.259789,23.340647,8.948198,14.752914,5.100448,14.352408,14.280025,7.040463,11.134038,15.347281,20.621958,20.362419,15.689040,15.396099,15.710546,16.193583,18.263983,15.700932,20.945511,19.043352,23.048725,17.381641,14.959862,20.834797,19.743134,12.626886,17.423790,9.374648,10.811659,15.295152,0.891701,19.598289,20.708239,17.091869,19.643484,12.898221,13.689275,15.016050,17.616638,17.799604,3.248478,13.083659,17.504425,20.200079,23.425652,20.906872,17.364790,15.613518,20.377975,24.042728,23.249569,20.337763,20.797943,26.147635,26.204048,22.028481,19.324272,20.446960,20.476444,20.573175,20.153576,19.128607,22.766144,22.888136,21.524506
[0;32mI (37810) ANALISIS_ESPECTRO: Frame exportado | t=37.14 s | pico=49.2 Hz | 56.1 dB[0m
SPECTRUM_FRAME,38.423384,49.218750,54.172447,hann,512,12.203880,21.540907,22.237988,23.354530,22.894829,20.528984,15.815060,18.966679,14.130381,19.952589,27.952223,24.470528,16.413960,17.725760,19.240181,7.935108,3.016217,14.656609,21.875858,20.373726,44.099827,54.172447,51.850876,33.724457,21.322182,17.300394,15.400311,0.026807,10.079008,8.743837,1.768979,11.181020,14.420838,12.329178,3.245184,17.773989,20.383686,18.919598,17.698067,9.139005,12.325161,19.067337,33.171593,34.576626,22.509890,12.088774,8.398467,-5.401909,10.169291,13.803072,-3.039654,7.978371,7.639910,10.900248,13.354130,13.302448,12.728069,13.930455,15.422050,13.434431,13.026214,18.030109,18.078997,26.331947,32.176258,28.694038,17.561094,16.190174,11.711282,4.130356,13.446766,14.904099,16.670662,24.847847,22.809116,17.316545,21.598400,21.163601,24.198645,26.713408,28.648247,28.491192,7.708628,17.266216,22.850334,36.401321,39.430935,32.899292,21.716669,23.193108,19.987093,12.917608,17.524132,18.125397,18.979446,17.935831,18.341120,20.593531,18.110573,20.939665,19.679728,-11.625586,24.022493,26.462267,20.383820,7.221504,17.571192,17.808319,18.585066,7.862899,16.002609,16.493301,6.474922,10.971216,14.232249,12.899003,13.384436,14.490211,20.746115,20.494942,16.928440,8.258541,19.683910,19.512241,20.398983,22.062771,21.176664,22.196791,23.479630,22.830265,18.236710,18.766254,20.118168,19.276257,16.003075,25.282450,22.358677,21.130844,26.497099,22.309532,20.599281,18.449249,20.548580,18.507744,26.757032,28.825796,23.628283,23.133869,27.572655,29.653728,25.675495,22.185156,25.704067,29.158264,25.401161,20.840282,26.626240,27.035049,24.013615,17.420902,25.240438,28.547594,28.542978,29.518806,25.113661,31.193768,32.223690,29.733295,34.221600,39.014210,35.588264,39.197437,41.965210,36.611691,27.255611,26.404743,28.324661,26.555899,20.872349,21.139488,21.892183,16.332439,15.172785,8.232271,17.230032,17.292299,19.698021,23.606152,23.959354,23.420269,23.996984,19.429094,24.876719,25.625488,21.266411,14.376040,16.295673,20.559378,10.379324,12.021533,22.731255,18.307550,18.518299,8.778143,20.039917,21.565172,19.177839,15.271424,18.254942,23.450233,22.209324,2.784753,19.033506,20.752851,23.296011,25.305336,21.539640,15.491057,22.135616,23.361647,21.362480,30.383589,24.619873,24.204245,25.842251,16.982672,23.610590,28.796041,25.484222,22.302399,14.255665,22.697590,21.110476,25.124788,26.773113,22.833382,17.753796,12.102936,15.052157,10.538807,21.320477,3.402415,3.368039,25.573589,24.174026,8.979329,24.683681,30.078497,27.193573,31.959412,25.886309,27.434587,30.756571,35.080341,28.476749,31.881603,34.360027,30.333796,26.558502,20.680088,33.668018,37.225040,33.487671,33.282219,29.024611,15.507126,21.564445,28.763565,27.531029,21.569242,16.087318,18.049847,20.521439,16.166998,17.852945,13.188767,13.661135,17.436956,12.905634,12.856287,15.141525,23.736113,24.539650,22.908546,21.645256,13.174735,11.369608,19.017948,14.071513,13.654847,16.675259,7.890659,15.585423,18.090141,22.196812,27.453613,25.812836,17.775227,20.712547,17.694458,20.343578,16.566822,19.263073,19.541676,18.401123,23.950325,16.928102,13.611795,13.260778,19.288805,20.667221,20.796661,13.284018,1.228134,9.124590,12.012501,5.404310,22.996119,19.342667,17.074162,6.354988,6.040134,18.203371,19.089624,12.056992,20.818478,22.006046,15.385213,19.300348,22.925774,16.887720,22.643276,15.463465,12.114953,22.166859,21.092873,18.206318,11.675585,15.986040,20.350111,12.485559,15.975772,30.045235,33.995453,29.209644,21.595335,26.641272,24.132883,14.709848,16.292032,24.467859,25.521946,11.729174,23.227501,22.572205,5.911156,7.462629,21.642899,22.297878,1.268491,15.706179,19.607853,22.284737,17.513195,16.018398,-2.237156,-1.812211,6.778443,10.814162,15.044020,7.088447,9.100209,14.580623,9.937260,16.314390,15.518304,16.245502,17.598265,22.051811,25.485628,22.306917,9.473458,17.420591,10.478750,9.787552,-0.286596,14.802723,15.455173,13.123397,10.374044,19.408712,9.542862,14.148913,8.476333,11.044851,18.946100,7.930034,18.253912,5.714691,9.652623,16.743389,14.648279,1.329921,10.435103,21.227236,17.681355,22.215012,21.765297,19.343025,17.296816,20.955368,23.807110,22.467585,-1.311018,21.363142,23.055056,20.942457,18.530048,13.554240,7.727773,11.950501,15.050097,22.632971,19.880911,22.287844,23.997868,23.787209,19.395903,18.037292,19.497547,11.537474,22.054882,15.641707,17.412430,17.584145,19.767788,21.430550,4.405123,21.319008,11.876464,23.332281,19.840811,15.730104,24.375072,15.214572,14.884009,19.671858,2.210430,20.769741,18.522022,18.912670,20.844610,20.144482,20.871954,19.883915,12.485962,6.871761,-7.441911,15.926617,14.250776,11.964685,11.742611,14.619371,14.412945,12.192992,-5.312378,9.426096,11.371545,14.077798,15.681685,5.172251,11.779041,15.592278,11.346037,10.300432,16.901699,14.889022,15.453409,-7.141538,3.669855,12.940641,14.173926,13.968601,16.633623,14.644547,12.288296,9.853822,9.600755,14.300581,18.552738,9.992805,12.384681,2.188921,9.420300,11.263968,15.163509,16.074451,-0.684281,9.598884,10.304538,8.010135,7.315961,7.288043,16.707470,13.890657,10.415211,9.768818,-6.700973,17.095078,16.374571,16.746353,15.703219
[0;32mI (39090) ANALISIS_ESPECTRO: Frame exportado | t=38.42 s | pico=49.2 Hz | 54.2 dB[0m
SPECTRUM_FRAME,39.702566,49.218750,62.219086,hann,512,36.200211,52.480530,48.351608,42.853439,41.004711,38.177315,35.035549,34.445984,33.492699,32.448704,36.068474,35.428497,32.180161,32.713905,35.305851,35.928761,36.712486,37.364498,39.764225,42.887352,56.220451,62.219086,59.571388,49.594990,41.109138,40.014339,35.393368,26.781637,27.379667,32.839634,30.320795,21.265411,15.922442,24.636684,18.544086,27.085167,29.463787,29.387318,27.099400,26.661934,28.261513,41.869019,49.646679,50.129822,44.684982,33.478348,28.253977,22.376472,19.381775,25.705814,28.867950,28.728115,23.319883,24.460409,29.461315,32.221954,28.134090,17.033293,28.171440,23.100754,29.002949,34.881863,40.633965,46.186501,47.796230,44.334316,36.161217,35.443150,36.123314,35.704174,32.039238,16.492451,17.592735,11.685843,24.915525,29.565235,33.094822,32.537018,29.259323,19.975637,27.757204,21.992477,34.187923,39.665962,42.907272,39.157909,17.116430,30.771570,28.522758,30.096489,27.282482,28.300478,19.564415,14.418308,23.219131,16.614435,19.836775,21.836510,26.553270,18.680132,18.421526,26.890903,24.127035,19.469671,24.923626,34.888512,42.213394,41.554535,33.785118,22.600655,27.329447,26.270525,24.900322,28.457787,29.563677,21.083344,20.625347,25.068436,19.162468,17.641397,12.142037,12.105564,13.409280,19.063805,17.101912,22.787930,25.355837,31.289047,34.759106,26.918707,22.433147,25.479813,16.419485,18.159023,16.009792,16.526371,9.488171,16.857620,20.581596,19.931860,22.210672,27.940702,31.326855,29.595613,27.256306,29.606745,28.755997,21.445780,27.416466,31.599600,32.721954,27.849670,16.679815,11.097865,21.431044,28.114323,29.178570,27.847080,25.639534,26.132607,29.177000,28.996033,26.982307,16.580093,30.981083,34.446022,27.293615,19.578035,23.821072,26.396282,23.735992,33.341473,27.108101,23.737963,24.329418,26.951187,29.880037,25.923784,9.271685,12.674912,26.505974,28.653240,20.680792,17.749340,25.201103,27.146818,21.724030,28.043842,30.828619,32.360874,24.803337,21.902628,32.816559,28.885784,3.627379,13.836747,24.082825,27.928673,26.759678,20.517330,27.531507,22.107925,23.956108,27.550556,26.848669,20.378931,18.962404,26.799028,23.576212,20.021145,21.932981,19.432018,18.366100,24.570715,26.510880,19.168108,14.974516,19.970531,25.831739,23.255632,18.183426,7.097263,21.243454,16.175978,13.316570,20.498043,1.546458,19.707344,0.006155,16.893541,13.639458,15.296288,24.020485,27.455185,32.933071,30.447231,23.128946,20.729202,26.417711,27.947987,24.057293,19.520857,27.407318,24.082920,21.064873,30.632019,28.176611,23.195457,16.064541,24.083553,18.961555,24.555523,17.255768,13.540778,22.460203,27.278442,23.828524,21.457090,16.832869,19.524193,20.423948,27.425602,32.464691,30.587379,27.049126,24.273781,24.656425,21.003695,21.067333,22.169760,7.955628,18.375185,10.441938,12.581363,18.075207,19.318291,20.998463,19.276569,19.280836,-0.355381,19.169075,21.303066,22.794998,21.845781,23.536152,25.744820,22.959612,18.568130,11.167915,18.339769,19.927250,19.319326,15.211891,21.360924,25.293365,21.468180,16.937021,16.938646,23.523994,18.226093,16.454327,14.927959,14.473929,15.942717,17.082027,13.731417,16.745474,17.756321,14.352140,11.915085,18.772943,17.554459,17.786657,21.290749,13.921926,11.185644,16.659735,21.267488,24.359478,23.375542,23.691938,18.740242,17.550999,19.395279,8.721228,21.993488,20.658777,21.769094,9.742421,22.704128,23.778364,24.241146,25.726337,21.818928,18.029736,24.393444,24.868526,23.255033,9.898358,22.380306,22.296669,16.773184,13.837537,13.974033,14.039111,16.061872,11.960841,18.842028,19.745749,19.370310,16.386488,18.138166,17.219120,10.081941,13.439573,18.002222,16.600277,5.422709,11.669504,4.506179,4.849485,24.022512,27.821543,25.558851,21.688751,16.303915,16.486694,13.746864,15.221800,17.774891,1.162366,17.982447,15.008545,3.854565,21.244650,22.340832,9.624144,17.361309,17.232449,12.682974,9.415549,21.895748,24.177094,17.547396,13.720231,10.651160,8.758636,11.627428,12.428682,15.171965,11.791963,13.684032,14.841787,15.922304,17.504936,18.358887,13.537588,13.911440,14.654856,13.364786,17.702019,18.017309,19.514942,20.388145,24.318825,26.577400,26.323463,19.495186,6.771565,2.944994,19.467331,18.034306,11.286896,4.541038,15.211762,10.676825,8.765403,9.886639,13.910982,14.920144,4.442579,16.283209,12.763720,8.538583,9.152328,9.862263,10.132731,10.373566,11.024266,12.078589,1.765706,13.752605,12.412667,3.165269,11.378149,12.314788,-0.778150,16.526646,16.453417,17.793415,14.309024,9.273867,3.497506,1.357496,13.654490,17.594633,21.412580,25.401499,22.889256,18.826618,13.855582,6.360328,9.432649,-1.535517,10.121010,10.957756,18.537481,17.777956,2.506752,15.849234,18.980379,13.499910,12.113532,17.334881,12.471441,8.536209,16.186846,19.149797,17.054247,12.642227,13.836842,16.518513,9.506839,3.675883,-0.741398,-1.288076,5.109244,13.750611,9.119257,14.009068,16.372246,11.265383,12.316495,14.631289,13.619762,19.101053,15.227918,7.789994,7.031031,19.632191,18.613441,19.601664,18.450970,11.553406,14.336285,6.562839,9.324685,16.845583,11.513777,7.348529,16.605995,17.162056,10.400487,16.228773,18.997168,15.022696,8.796172,13.431837,11.916424,17.538252,17.898281,16.975510
[0;32mI (40370) ANALISIS_ESPECTRO: Frame exportado | t=39.70 s | pico=49.2 Hz | 62.2 dB[0m
SPECTRUM_FRAME,40.981747,49.218750,63.658012,hann,512,17.274330,16.228249,20.641293,19.762690,15.771441,16.351110,22.900875,20.896656,14.840757,17.856377,28.103554,27.584383,19.828171,16.877754,13.335258,17.603836,13.549065,17.848019,23.998219,32.694199,53.362534,63.658012,61.269768,42.212242,29.467014,17.377445,25.448799,25.271107,25.059837,23.374294,15.882084,24.512085,22.923428,19.085238,19.848354,14.902395,16.955111,17.254688,14.546604,14.113998,15.435307,37.097134,51.770851,52.599449,40.665512,23.204929,16.650375,26.890491,25.015846,22.622002,25.093952,20.379692,24.285688,22.656404,18.464144,21.758528,19.898088,11.550381,12.928684,12.897884,11.594107,13.720366,14.932547,46.109238,50.574589,42.690201,27.103632,23.914745,12.607967,25.042263,22.091946,22.842140,20.467381,21.430088,8.424053,17.275681,14.634862,6.118213,21.492861,26.077566,21.124138,17.268209,18.932602,21.875591,21.269070,35.940174,35.254116,23.489452,26.286072,25.048416,15.577868,22.142677,28.866034,27.420065,18.277323,7.387760,21.327097,18.327122,24.606960,24.636448,21.637970,14.594406,10.019864,18.936836,1.494941,32.584274,44.375340,44.200230,30.319080,25.777962,26.389143,24.458527,20.554010,22.682802,15.711435,24.031387,18.148226,17.338068,21.099339,2.232412,20.955564,7.380517,21.807173,14.527567,18.316061,12.213520,21.313282,34.707798,37.522820,31.250402,18.984081,25.417625,23.966976,12.617082,22.809143,24.215391,16.951715,25.928570,18.134895,18.016937,21.704105,8.103158,21.109369,15.565086,21.629082,21.825935,22.967598,20.281363,27.764761,35.492531,30.159576,20.409012,21.370377,20.689259,-9.973567,11.002221,12.093898,19.826099,14.038326,21.759842,14.282509,22.448154,21.527332,4.981908,22.687073,24.433792,15.724991,22.477791,15.989691,24.749668,31.211777,29.921171,24.906446,20.532784,6.059484,3.990590,18.779696,19.761351,21.073288,22.877226,21.907162,24.176939,6.071652,22.901955,22.733215,29.564583,27.549469,24.957811,29.234318,26.123596,22.145599,36.533802,36.125820,27.491312,27.043190,21.474369,27.505875,7.559181,25.769358,21.331238,18.609591,23.104588,18.078587,10.102287,19.971975,18.058666,26.134068,22.860567,18.627340,21.267107,27.355862,17.720949,22.552786,31.068571,24.760765,25.999004,17.014076,29.559181,22.944803,28.611473,26.311064,24.214899,19.639925,15.830098,10.507893,-2.003255,13.982015,20.539923,27.314838,22.424915,22.026276,23.591307,19.024416,27.895491,33.817371,25.670156,19.459307,13.605949,23.923588,21.512016,22.665886,26.926373,26.785114,25.595606,18.318893,23.678154,9.526154,24.294205,23.020512,25.990343,27.938318,24.391386,24.897949,15.667577,20.267025,22.134472,20.783060,20.619781,20.406872,19.668617,23.889824,17.615570,23.629402,15.469112,19.872095,16.801184,22.334269,8.073764,23.771126,16.409126,9.704434,16.511217,8.618102,14.310051,20.051126,20.521339,22.722145,25.149240,26.067966,24.389763,13.614931,14.518600,13.647228,17.166002,16.886576,20.404266,24.985106,13.404931,17.397709,15.615006,21.134342,23.396166,20.243141,28.036980,23.302799,21.857296,12.791157,24.350994,27.186155,26.120483,18.262594,-0.441514,15.465674,10.722494,14.738510,14.674395,12.328557,3.743489,16.119465,18.604446,17.108080,15.106095,11.627254,11.667843,13.793355,9.004798,5.829041,12.223356,15.508909,24.655788,22.735085,12.288094,12.741428,4.486315,14.735765,15.346775,23.567188,23.534290,19.191277,7.906704,9.214520,10.056981,14.620693,19.925451,15.421582,20.428467,21.143751,5.294452,15.442523,18.071352,23.768579,16.554892,12.980247,12.684489,14.337872,9.648663,19.650402,16.304081,11.820993,11.184259,17.238594,12.825066,9.131104,16.044624,13.994902,15.900344,17.804815,13.100857,15.251616,13.545104,8.704015,18.761427,25.751135,16.573177,18.646963,12.420050,-0.770331,10.116138,10.719892,18.950788,17.641205,0.245981,12.711267,1.129413,16.523880,19.736769,16.840195,10.777357,20.366650,16.693371,18.353153,20.261265,22.337912,17.075447,14.476328,18.765594,20.736767,20.736759,13.442278,16.770529,20.140797,20.115530,19.895916,14.224804,11.769880,14.659061,19.663513,17.042765,15.233660,17.555519,15.637329,10.433073,11.316175,11.584366,23.935715,25.671757,16.394806,22.863283,14.425064,10.213030,16.202879,16.221292,16.406544,17.047619,8.409733,14.327131,7.180601,19.357233,20.510662,16.512310,17.651199,14.994288,-5.629308,7.615697,0.311384,8.139943,18.204729,16.687691,9.741811,12.974260,17.814447,4.239538,14.475738,12.179780,10.590362,11.264249,11.602188,12.498829,9.173141,11.393514,13.371094,13.016870,14.207321,15.582194,12.396563,3.622187,21.412247,26.389914,20.313978,17.474113,18.819044,14.630065,11.245602,10.958377,9.016155,16.923996,12.292757,11.025615,15.251413,12.412482,13.056001,10.441683,9.240877,13.404356,15.408508,15.925660,11.749635,18.415646,18.118134,17.520821,10.432070,12.684114,15.460377,7.813033,11.332078,11.702101,18.355618,16.094910,6.408271,14.003125,8.071060,5.889281,7.943887,3.941104,4.164887,14.380074,13.160381,7.153489,-7.566870,11.603266,17.103893,21.014572,20.653265,15.779695,6.521383,14.123420,15.564293,7.713032,7.918145,16.719276,18.302366,12.632216,14.334034,18.463985,10.619791,19.094713,17.002028,13.594637,8.611941,6.716926,15.809181,18.557875
[0;32mI (41650) ANALISIS_ESPECTRO: Frame exportado | t=40.98 s | pico=49.2 Hz | 63.7 dB[0m
SPECTRUM_FRAME,42.260929,49.218750,63.798046,hann,512,24.300806,28.835096,28.560894,23.444738,16.544695,21.182062,17.711693,14.456512,9.346115,25.065622,29.874514,28.586185,23.594406,21.935940,18.910858,10.097637,18.043116,5.829022,25.386494,30.934216,53.725525,63.798046,61.348270,42.432652,25.656441,6.918282,21.005295,10.574156,17.114498,20.134747,20.437477,21.544535,21.317249,20.044825,20.921011,19.344337,14.091171,10.854607,14.848854,22.579002,19.603495,34.922073,51.658981,52.713036,40.384872,23.838470,4.605497,17.231586,13.101080,22.106588,22.476423,11.933379,19.571087,10.975965,10.328937,13.233968,18.814232,15.693218,20.731199,10.766685,15.468808,19.699913,16.580589,46.441032,50.787426,42.787552,20.349262,7.117031,15.521519,14.516958,13.053981,21.829647,19.767931,22.027599,12.006164,25.125328,22.332726,6.518890,10.264822,20.653004,21.836704,20.524073,15.381017,19.057243,27.518904,38.280220,34.086098,15.531916,19.315197,18.571564,2.551599,12.724372,17.548445,12.810782,0.939785,19.498856,24.364855,21.868549,22.893686,23.144096,7.225617,15.446852,10.907766,14.500875,14.403066,32.661198,44.291084,43.516647,25.761398,19.266239,22.293503,22.483767,14.833443,23.162823,24.837420,16.682283,-1.722522,14.984482,19.022501,20.610497,21.600422,14.749599,21.847307,15.815774,17.847794,20.995907,20.226957,34.962337,38.010078,27.074322,22.058260,11.493977,16.721075,18.791918,20.721313,18.658165,3.485546,4.721529,16.303947,21.341171,16.454962,15.726076,16.057646,18.885092,20.957691,21.179144,22.805965,18.692211,28.936066,35.729271,30.131199,16.736664,10.396715,14.015141,14.484461,9.180258,2.554225,19.571362,20.272839,23.194267,21.802217,14.338905,18.978462,14.253510,9.549110,11.305613,15.117446,15.205612,6.576092,24.159212,33.970581,31.136257,17.735302,20.414223,20.856327,22.884275,16.886967,9.601923,12.617290,5.578382,16.294285,20.615217,25.313328,25.227472,26.993418,20.250647,20.972795,22.085896,17.805754,11.644353,23.811520,36.987961,37.109898,23.370289,15.532095,14.674197,9.068700,8.773567,15.800255,19.303146,16.565483,15.360036,10.746874,13.283613,14.783778,9.277645,15.635187,13.177460,7.855325,11.685967,17.945797,16.017202,22.905594,28.493349,19.305365,9.998545,12.615389,6.828134,10.962911,13.547654,3.808507,22.871666,26.288355,25.264215,22.491039,14.855816,19.564829,22.320511,22.869415,26.627892,27.502026,25.982531,24.692066,28.676014,35.844467,30.403751,20.646130,20.535898,8.523837,10.375124,14.673262,12.119155,17.502663,22.608761,20.249109,13.372471,9.279652,7.943273,13.595026,16.385464,15.733619,19.652103,17.960640,12.867775,18.661177,28.518789,26.775656,11.982443,17.214333,12.483405,11.343871,12.134794,17.548449,19.128532,11.018175,20.934834,21.449940,14.333991,18.549368,17.659519,15.459635,17.124407,18.605110,14.206003,-3.569334,12.555214,24.153574,25.524168,16.994137,23.011724,16.752579,14.007511,19.707468,22.073900,19.079838,11.763295,18.102102,20.178394,16.944756,9.281141,5.972446,9.750008,5.786962,8.255804,15.908978,13.114290,22.740360,26.806421,28.297663,25.719112,19.503376,12.412174,12.072212,13.532942,19.783695,17.725140,20.858940,24.172451,21.228502,19.243105,19.011528,15.555133,-2.032445,14.322100,17.427727,14.305168,17.185976,18.932257,20.749584,27.811390,25.500607,16.790213,13.592573,5.117074,11.106083,1.977389,16.957476,15.185042,7.091972,15.437569,14.532377,12.450279,14.651577,15.870487,-1.119224,10.517055,18.690891,22.078186,19.922792,19.594627,-2.269855,13.936166,19.279297,22.396305,15.071507,16.925167,16.309643,15.215582,11.750792,10.676198,16.712879,21.199553,17.598724,16.041672,14.981192,16.741505,16.718481,7.158356,14.726844,18.980618,18.703905,23.179039,23.760498,15.903095,25.255526,24.046583,19.688789,19.916327,21.023766,19.539307,20.295095,26.448555,27.875164,26.085245,25.615837,24.203178,23.216536,22.565210,24.891018,27.612408,26.547806,23.712433,23.295004,20.620459,18.354462,25.730888,21.151525,14.078449,15.256117,19.694826,14.749179,16.959579,15.221858,15.378312,17.464508,13.167442,6.111573,12.978886,3.562651,16.062298,16.941463,6.335164,0.937537,4.412799,22.961304,21.432035,10.267658,12.115517,19.697319,19.288006,16.199516,9.623815,18.312069,21.931992,19.604912,17.940338,21.302107,21.916782,19.218847,13.167042,9.240273,12.836546,18.116211,14.347552,13.228382,14.836516,17.794998,16.368811,15.513210,11.611047,9.825771,13.846825,15.634396,12.570292,9.667876,20.291439,19.975235,14.036317,19.556913,19.290844,13.688841,11.658053,15.669903,12.106192,11.613431,6.983238,19.840813,25.592896,15.485823,16.300144,11.499409,13.018298,13.961959,16.791367,21.067295,22.011837,17.480333,14.150537,19.284555,21.187637,21.297081,20.812824,18.828590,17.315937,14.150640,16.543474,16.808779,11.677365,17.600061,15.366255,14.720942,13.280001,7.560938,-10.561290,-4.839716,5.496666,9.733334,15.476559,15.622636,8.264538,17.729113,21.141336,21.104996,16.357418,11.584988,12.333817,9.180144,17.352049,14.346798,9.393398,15.008540,12.839499,17.340879,8.128923,8.658639,16.351614,21.744406,22.578871,21.218098,6.050896,13.643318,12.623587,8.503792,11.797900,15.363869,18.476467,19.704988,20.304619,18.260067,15.475300,12.777348,1.625566
[0;32mI (42930) ANALISIS_ESPECTRO: Frame exportado | t=42.26 s | pico=49.2 Hz | 63.8 dB[0m
SPECTRUM_FRAME,43.540110,49.218750,63.670547,hann,512,24.547941,25.616169,22.786110,22.484116,13.778611,18.133205,22.987717,16.440832,20.776701,27.023516,31.053253,29.015778,19.122339,18.968287,21.186676,23.614666,24.099562,20.233374,21.616390,34.889801,53.451115,63.670547,61.218887,41.978382,28.444363,19.629990,3.742904,20.722773,20.589508,22.220154,15.630253,20.830183,27.432793,27.293127,24.191589,25.227081,27.078209,25.994387,22.962036,21.488071,28.260612,30.959782,51.271957,52.493973,40.969254,22.239973,26.274918,17.777893,14.614090,16.513445,18.553226,20.208126,21.765480,18.524569,23.278526,26.388123,26.669949,26.119698,26.005676,26.127007,22.059134,26.631210,32.138954,46.339375,50.365768,42.876389,29.439669,30.176619,25.928566,22.515110,25.489386,25.453217,29.574276,32.011398,28.837654,31.498177,34.345631,34.629646,34.229771,35.512398,32.886505,17.162033,28.255856,29.624796,28.796709,35.233490,32.409241,28.254068,27.867432,25.117817,24.135378,26.023460,27.722662,21.612280,31.169146,31.724079,27.986977,30.022739,31.881538,31.441933,28.930588,23.794001,25.642910,27.816315,26.215778,33.039364,44.131447,43.193962,30.880600,26.959759,26.132206,5.684690,18.499271,20.103790,21.372536,22.203772,17.265900,21.619476,22.368319,24.248484,11.690273,28.843233,32.962318,31.958744,24.611502,20.092148,10.098307,33.037910,34.675381,22.427567,19.409019,25.739605,26.884296,24.178736,23.363640,21.734417,20.248627,27.733000,26.200584,24.854906,28.755028,26.494789,24.076027,18.030378,12.614509,25.319572,24.933067,27.203600,16.762512,30.688974,18.306009,23.236515,14.428427,16.802214,11.187563,17.986486,22.760574,26.031845,21.733648,17.539555,17.552235,23.769012,29.058670,31.003534,31.498596,31.424332,26.098883,17.389137,24.189297,29.330173,35.126549,28.699417,24.194040,12.480122,22.927683,20.163986,19.024412,26.010351,24.995834,18.500969,21.710365,20.461283,21.000216,27.139332,16.481478,27.335896,22.795942,14.136142,19.210871,23.021259,22.725603,34.773979,36.750919,26.022659,16.204247,20.868160,23.897076,22.965176,18.920698,23.081184,19.534084,18.257374,23.060629,22.343315,17.781857,20.552784,26.629400,28.878120,28.687511,17.789803,15.807756,24.017262,21.275162,7.959273,23.042770,27.432175,27.996208,24.856026,25.253857,23.545059,22.744226,28.992558,31.269459,29.322386,21.936674,25.350296,26.101746,23.520416,22.597029,19.719255,12.097286,16.602062,17.606070,23.273327,36.934704,35.522751,17.033176,26.664410,26.965878,23.268196,21.371376,21.449575,10.677803,24.338505,25.603617,25.542870,25.836697,22.876228,29.029963,33.331230,26.303062,28.272369,32.470974,30.098770,25.586817,29.528597,32.201168,27.522076,24.285004,24.369307,21.695337,15.308652,12.241533,21.545631,26.525463,23.774498,19.941465,15.934069,25.713379,25.564920,25.214191,24.341232,25.938360,29.828932,31.195950,30.453270,28.489046,30.693146,30.026955,28.689217,26.967033,27.614584,29.170582,27.902485,21.685013,11.475105,19.305073,19.279135,21.566231,26.453480,27.929371,27.122078,24.462221,21.672247,31.356216,30.428429,22.640821,9.420833,18.117847,21.750898,22.831528,25.022486,23.489899,24.279802,22.785589,17.647083,17.604004,20.888824,10.304370,27.047365,20.947159,25.307081,24.792015,8.884670,18.728119,17.194166,17.821136,19.142002,25.560566,27.267811,27.298986,18.779114,23.247272,25.369156,22.530729,15.891458,15.078211,20.483236,17.764534,2.873552,19.290159,17.182772,16.237362,20.905350,17.147318,19.307911,24.744289,27.246466,24.226313,19.766445,20.884932,21.139536,20.424084,18.168098,14.061837,10.660255,7.636098,14.311562,16.609810,15.394792,20.170967,15.362539,19.916985,17.668264,15.686264,18.099779,17.000654,11.927839,22.628927,24.210379,19.301706,25.022453,27.657391,22.330021,24.464598,24.523403,18.063881,20.904030,19.891073,18.177155,13.274096,18.082857,17.962830,13.999787,9.563028,14.478074,20.501068,21.867926,21.115036,16.852314,9.309779,9.207067,8.772923,18.900513,19.322197,15.175098,13.127173,15.189907,13.499516,13.871041,11.759855,12.988076,14.925161,14.976525,11.390614,20.197502,21.304571,19.560690,19.360153,15.921534,20.273388,20.699701,18.531330,23.406046,29.956953,29.437393,21.500818,22.167301,19.366863,15.716499,13.598042,11.527298,13.579259,9.846556,11.434290,17.439026,4.722505,16.855225,23.226540,25.454971,22.631407,14.134066,15.099457,-1.607667,12.905773,14.253239,22.245346,20.275757,21.659586,26.478996,23.339899,18.547180,18.107407,20.329123,19.289505,7.269089,10.408230,10.363145,19.996193,22.721848,20.799467,19.635660,22.599499,21.145842,20.770916,17.294731,24.261440,30.059662,26.920643,18.336365,13.760489,1.982567,11.664433,17.247223,21.924786,23.588602,20.232962,22.453705,25.435335,23.133547,13.289129,15.383967,18.277483,8.993862,8.510935,16.425468,5.118248,17.782822,19.843559,20.223608,19.739532,18.836781,21.758659,1.830883,18.929441,15.678176,10.651318,13.498693,11.441296,19.598831,22.257566,19.657259,16.983891,11.988673,3.841023,-7.576975,13.005463,16.246370,13.246004,17.809616,22.717154,17.333193,10.233440,16.838625,7.033399,12.727946,7.847322,14.022886,10.504022,16.051088,15.266691,20.272373,21.258209,15.620773,20.900450,16.229815,14.081209,17.163036,16.936657,19.307753,15.925974,9.167273
[0;32mI (44210) ANALISIS_ESPECTRO: Frame exportado | t=43.54 s | pico=49.2 Hz | 63.7 dB[0m
SPECTRUM_FRAME,44.819287,49.218750,63.608494,hann,512,-10.137514,16.112431,18.118256,16.253241,17.533915,20.362024,16.729939,3.280827,19.040321,24.121586,28.254768,29.670803,26.131687,23.584158,18.865372,15.157533,15.817772,12.344508,28.952324,29.199703,53.572617,63.608494,61.185333,41.914116,29.378895,20.400734,19.555683,11.454401,16.924564,18.420433,14.694797,18.934347,14.911261,14.742137,22.818764,21.593334,18.751427,16.959354,16.878277,18.645334,16.949492,37.369507,51.678165,52.512024,40.695770,20.275921,20.329395,26.721909,28.498373,23.546185,14.844826,24.315277,20.684607,21.743792,17.571531,17.100149,27.954029,29.000786,21.281841,26.470795,28.026285,21.667793,16.362238,45.895744,50.268814,41.548340,26.246264,22.111778,28.953293,30.169161,27.855980,27.761211,12.758297,20.837059,32.354733,31.118504,23.663708,2.638622,20.655060,14.834440,21.368805,22.853338,22.593050,13.387551,28.549988,38.455265,34.381752,17.458008,23.352104,22.987890,21.345844,23.717228,27.620541,20.958580,22.509478,30.564766,24.198067,14.936911,21.997551,28.086966,18.436783,22.839325,18.570984,10.089287,19.252052,30.693167,43.986492,43.347034,30.083042,10.383177,21.910669,27.391533,26.674919,21.614550,21.399342,25.099251,25.998819,26.415817,23.814402,17.507547,28.301975,27.337811,22.802113,19.591597,23.873230,23.195154,24.154602,30.334187,37.218246,31.298712,22.661316,24.297176,28.087280,28.853807,29.094639,29.691439,28.995409,31.401539,31.497822,27.440737,10.173071,34.825397,36.020885,13.618620,25.401894,23.541843,27.978479,21.261042,21.094702,34.532314,33.052353,20.853916,22.387934,25.108471,25.178387,22.221558,24.959957,24.098789,21.349510,19.507542,14.760033,16.500801,28.199333,30.779383,19.905283,19.539545,17.009243,18.758736,13.104056,18.767021,33.657181,31.894283,15.850907,7.515080,13.050379,16.425173,15.022393,9.778316,16.518038,12.705303,16.005741,19.977581,20.969360,16.684065,19.339912,19.451311,16.470734,-4.164868,17.090799,22.865147,25.874775,37.526268,37.533562,22.588823,22.958708,22.917574,25.988243,25.592299,8.346403,2.748927,16.450336,17.710859,20.374500,19.369251,21.649757,28.103985,28.079750,22.111462,20.801458,19.074209,21.617069,13.429689,28.715843,28.385147,13.050852,7.521336,8.125734,20.591782,24.546104,22.136559,21.747934,20.552099,18.408533,21.401636,25.345284,22.635157,23.428953,20.570759,21.727104,26.198730,20.103477,16.603226,13.063636,30.272255,36.636021,32.391582,11.557673,16.156902,23.253658,20.775047,23.708500,19.685862,27.256601,25.935234,27.160133,20.225868,22.481396,20.185711,17.501038,15.676719,7.777458,16.512178,18.103664,3.391022,21.522072,26.559839,21.583153,11.979886,21.376335,13.629763,20.162737,14.474932,12.777683,18.454731,13.815111,16.050577,17.167875,20.419750,12.531158,15.707352,13.050611,23.107891,20.106199,16.967243,22.842550,21.964739,24.632679,23.869896,23.793640,24.973625,17.271006,12.140392,10.111744,15.181094,10.083252,22.541176,22.674160,15.757170,24.478590,20.180527,23.976707,26.811506,23.911697,14.798703,1.907095,23.058506,17.401785,21.750927,14.816616,15.090500,22.920074,23.595963,23.293545,25.708216,21.781647,25.422228,22.676231,25.865547,23.885571,22.649170,22.814772,11.244814,20.982723,18.828720,10.014183,12.691317,17.204975,14.060925,25.703197,29.528902,28.227709,21.904089,13.706807,19.075041,20.173428,21.319340,23.233292,23.538601,20.836395,24.021757,13.124607,20.075109,19.437366,16.956808,12.954578,11.181190,15.669085,4.764836,12.097134,18.451326,19.782507,24.421967,24.371977,22.376673,6.233443,13.217821,15.236386,11.191664,8.792124,14.625099,17.106579,11.531488,9.057038,9.404861,7.219158,14.793563,15.780907,16.514992,15.750470,14.510040,21.726719,27.295713,28.454021,21.918791,19.665131,21.372528,21.362135,18.644346,18.132591,15.921946,8.753086,16.427147,10.484294,11.382259,6.379500,15.883953,16.070271,15.385923,18.166552,16.390163,16.148607,17.180294,14.253654,10.860023,10.155622,15.286384,15.303269,14.999085,16.716764,16.614458,18.437561,12.507344,9.870020,9.782947,7.388278,18.207407,22.298676,20.505903,10.264786,12.244319,11.400013,2.210463,8.972918,18.652803,27.434128,25.959900,17.628946,16.433750,15.447872,10.891291,12.215418,11.081161,15.256434,19.420771,10.305641,7.256919,9.374039,12.158046,7.342937,13.334970,15.148626,5.570951,9.839338,10.660424,5.017334,10.148974,16.259453,20.879086,17.747494,20.656677,21.251499,21.115681,19.879169,15.146328,13.083303,9.205936,13.565275,13.465848,8.559069,18.202671,21.325052,17.640112,18.811110,17.513041,22.002104,20.957281,12.115656,21.860214,21.132397,16.733633,16.812399,9.496466,16.917656,15.961360,14.093130,8.533349,14.780980,13.074780,10.431323,8.456660,15.932167,19.718185,15.934850,17.274357,14.737829,10.192490,14.084220,13.884876,11.616442,-0.881008,1.938471,6.106093,12.272382,10.222334,1.993061,12.269803,13.080210,8.933749,13.305849,16.075254,8.078536,14.406931,16.648340,22.128544,22.649170,21.203604,18.752958,17.993322,21.616537,20.565805,22.919924,24.601185,21.949909,12.525761,13.336066,7.200289,2.749859,11.918776,15.610876,10.049631,1.457647,1.088415,8.852252,18.133699,18.909883,12.103491,-5.108802,8.046691,6.221963,19.674486,22.280373,22.544661
[0;32mI (45480) ANALISIS_ESPECTRO: Frame exportado | t=44.82 s | pico=49.2 Hz | 63.6 dB[0m
SPECTRUM_FRAME,46.098470,49.218750,50.437485,hann,512,7.813790,29.071644,24.651644,13.453625,18.903355,12.834220,7.020633,10.684462,18.726837,22.056513,26.581196,21.092960,7.948030,14.288370,14.320716,11.942232,12.254112,20.343208,14.232596,30.790180,38.009796,50.437485,48.018093,27.248325,9.033648,20.905190,11.087132,16.688133,18.738142,13.618252,19.537140,24.449387,23.746014,18.366276,17.161226,16.584726,-7.092905,11.779704,10.703880,16.612814,4.238788,21.943617,32.909904,33.296005,22.583902,13.045243,13.024271,18.699982,24.207724,18.491610,8.033258,19.558859,16.483246,18.782251,1.942410,20.339115,17.930943,16.481535,17.879112,9.387149,23.644056,24.176964,17.666733,18.024485,23.364876,22.520813,26.556885,27.364452,26.623430,26.774841,28.558062,29.680206,26.141491,22.489410,25.549370,23.917313,22.795921,27.509096,26.796139,23.808342,24.784611,26.989437,19.350164,0.062891,15.764498,17.550903,15.720320,14.079285,18.248911,18.469906,21.404724,19.853247,19.425560,21.523458,19.352402,16.262428,21.609823,23.615707,25.778273,26.707455,25.849243,28.530170,35.932850,37.110291,30.572994,25.641163,30.620773,29.123024,23.232914,27.308321,20.533476,28.533962,27.498962,30.565054,28.839588,26.923140,21.359596,28.313284,26.187344,15.163252,18.892815,24.550308,27.346622,22.703236,23.383034,24.275993,17.806356,9.717072,20.017479,25.858009,26.372355,29.923437,31.360306,23.358112,29.333124,34.109501,31.911514,30.034691,29.138033,30.727919,30.931919,29.171698,27.708046,19.820278,16.413282,19.848166,13.629795,24.762953,16.770988,25.410336,25.072479,24.993896,18.109089,20.671593,24.898386,32.318645,29.487808,28.559988,18.452953,24.235203,27.615223,23.380041,21.177639,28.692249,34.059074,35.135349,35.977425,33.946091,28.112751,29.451988,32.910789,32.757900,33.131989,33.566002,30.571930,24.114302,16.504210,24.293282,29.235346,28.811293,32.161263,33.209808,28.687174,24.880077,29.886326,30.571472,28.232204,18.911819,25.026854,24.653557,26.005455,24.217737,20.594378,22.163788,29.132763,32.480095,33.310207,31.373241,27.379448,25.503334,27.165365,33.321537,36.248306,36.858669,35.244759,34.432770,31.670967,32.675797,32.780388,36.108574,34.165253,35.761482,33.811104,33.194683,34.023087,25.655510,30.949341,21.326990,26.843454,23.441383,25.339155,31.793018,29.511518,20.819204,22.827583,16.159657,21.232729,14.431391,11.003264,20.346727,30.386276,27.125977,24.230917,23.195538,10.292778,16.325283,13.609678,16.426210,23.813335,27.125101,23.036280,18.415691,28.422707,25.974812,8.452719,2.774519,17.982399,16.922350,0.661013,19.505432,24.719284,22.834156,24.118517,25.750347,18.173941,10.146333,13.061728,9.819970,16.151550,17.201021,19.763712,18.464010,14.753366,12.665369,21.683105,22.171183,12.653808,12.915584,-1.219235,3.942661,15.211493,11.790998,12.872383,16.695496,19.468395,21.093739,21.292990,19.690908,3.645934,12.280597,11.076792,19.813213,16.149569,14.916889,19.840084,22.630606,24.134804,23.632917,23.272217,26.132860,23.929161,14.143522,18.243713,19.161589,14.343700,8.571868,10.963612,13.418982,12.557994,14.364428,8.179310,17.966934,18.980906,18.543413,20.138706,19.718298,15.821392,4.398838,13.494577,22.060976,20.234262,16.426489,17.685093,21.652645,13.735165,14.575743,23.154333,23.700481,20.424454,18.655857,0.924903,14.330191,12.255720,18.303198,9.246534,15.589513,7.173536,9.389492,17.051102,20.942888,11.915050,13.845243,7.072901,8.636921,13.793172,12.986082,7.806709,18.481735,16.932301,5.468760,15.433962,20.254303,18.975410,12.858418,5.598268,9.801558,11.080942,7.100243,11.131858,15.056763,14.803843,12.596909,13.505420,17.665161,13.551239,3.423443,11.903229,16.459557,10.605397,0.592349,6.059307,15.580128,21.020327,17.174355,5.627846,9.157735,9.679087,12.947357,13.349794,1.318680,12.233456,10.465964,8.855511,10.588741,17.882700,10.446667,6.418041,7.611556,8.628414,11.585790,13.067803,10.405500,14.115713,14.147640,11.908600,15.636706,9.326293,4.585204,11.223595,12.411660,6.827516,13.766742,13.476129,12.718607,12.932162,9.068520,9.012487,13.840194,10.061790,-0.289870,-2.034929,7.591167,5.655696,4.935410,9.266323,12.680561,1.226226,4.670787,0.664896,7.939511,9.813033,2.966294,8.429898,0.855573,6.995441,8.286060,1.088005,6.450110,15.197771,18.084000,18.360556,16.847954,13.375978,10.854345,12.406603,19.891594,20.117039,14.234656,13.286194,17.381561,8.731546,12.236895,2.168977,9.011534,-1.643295,13.962337,19.178175,16.805235,6.789828,4.425444,11.161647,5.713708,15.148758,13.506506,13.188567,14.857878,11.092609,13.851671,17.658550,18.745577,16.269892,18.921110,20.527958,14.857812,12.761445,19.082870,21.512478,21.706406,19.007919,16.313271,17.867109,14.967167,10.942276,20.325466,17.674324,13.035902,15.377724,12.015290,17.935902,13.020479,20.184240,16.663773,20.430136,16.205189,-5.710707,2.535172,4.212291,7.342060,12.767279,10.937662,7.837417,13.273123,13.459341,19.554417,17.220367,22.473295,15.863091,18.542713,19.941608,19.408949,16.834566,9.232269,13.859826,5.394259,9.071467,13.212371,6.448018,12.756001,15.958645,17.702324,16.566486,11.759596,11.013203,11.576013,6.307192,10.383636,8.823887,11.638266,11.833904,1.520846,7.085219,17.209564
[0;32mI (46760) ANALISIS_ESPECTRO: Frame exportado | t=46.10 s | pico=49.2 Hz | 50.4 dB[0m
