Command: /home/yuusha1/esp/idf-tools/python_env/idf6.1_py3.12_env/bin/python /home/yuusha1/esp/idf/esp-idf/tools/idf_monitor.py -p /dev/ttyACM0 -b 115200 --toolchain-prefix xtensa-esp32s3-elf- --target esp32s3 --revision 0 /home/yuusha1/esp/projects/labs/Rep_SE_202601_grupo_Diego_Santiago_Chen/Lab_1/Ejercicio_5/analisis_espectro/build/analisis_espectro.elf /home/yuusha1/esp/projects/labs/Rep_SE_202601_grupo_Diego_Santiago_Chen/Lab_1/Ejercicio_5/analisis_espectro/build/bootloader/bootloader.elf -m '/home/yuusha1/esp/idf-tools/python_env/idf6.1_py3.12_env/bin/python' '/home/yuusha1/esp/idf/esp-idf/tools/idf.py' '-p' '/dev/ttyACM0'
ESP-ROM:esp32s3-20210327
Build:Mar 27 2021
rst:0x15 (USB_UART_CHIP_RESET),boot:0x8 (SPI_FAST_FLASH_BOOT)
Saved PC:0x4037957a
SPIWP:0xee
mode:DIO, clock div:1
load:0x3fce2820,len:0x14f0
load:0x403c8700,len:0xda0
load:0x403cb700,len:0x2f58
entry 0x403c8908
[0;32mI (24) boot: ESP-IDF v6.1-dev-2938-g12f36a021f 2nd stage bootloader[0m
[0;32mI (25) boot: compile time Apr  8 2026 14:46:03[0m
[0;32mI (25) boot: Multicore bootloader[0m
[0;32mI (26) boot: chip revision: v0.2[0m
[0;32mI (29) boot: efuse block revision: v1.4[0m
[0;32mI (33) boot.esp32s3: Boot SPI Speed : 80MHz[0m
[0;32mI (37) boot.esp32s3: SPI Mode       : DIO[0m
[0;32mI (40) boot.esp32s3: SPI Flash Size : 16MB[0m
[0;32mI (44) boot: Enabling RNG early entropy source...[0m
[0;32mI (49) boot: Partition Table:[0m
[0;32mI (51) boot: ## Label            Usage          Type ST Offset   Length[0m
[0;32mI (58) boot:  0 nvs              WiFi data        01 02 00009000 00006000[0m
[0;32mI (64) boot:  1 phy_init         RF data          01 01 0000f000 00001000[0m
[0;32mI (71) boot:  2 factory          factory app      00 00 00010000 00100000[0m
[0;32mI (77) boot: End of partition table[0m
[0;32mI (81) esp_image: segment 0: paddr=00010020 vaddr=3c020020 size=0f458h ( 62552) map[0m
[0;32mI (99) esp_image: segment 1: paddr=0001f480 vaddr=3fc91300 size=00b98h (  2968) load[0m
[0;32mI (100) esp_image: segment 2: paddr=00020020 vaddr=42000020 size=16254h ( 90708) map[0m
[0;32mI (119) esp_image: segment 3: paddr=0003627c vaddr=3fc91e98 size=025e4h (  9700) load[0m
[0;32mI (122) esp_image: segment 4: paddr=00038868 vaddr=40374000 size=0d2e4h ( 53988) load[0m
[0;32mI (135) esp_image: segment 5: paddr=00045b54 vaddr=50000000 size=00024h (    36) load[0m
[0;32mI (141) boot: Loaded app from partition at offset 0x10000[0m
[0;32mI (141) boot: Disabling RNG early entropy source...[0m
[0;32mI (153) cpu_start: Multicore app[0m
[0;32mI (161) cpu_start: GPIO 44 and 43 are used as console UART I/O pins[0m
[0;32mI (162) cpu_start: Pro cpu start user code[0m
[0;32mI (162) cpu_start: cpu freq: 160000000 Hz[0m
[0;32mI (164) app_init: Application information:[0m
[0;32mI (167) app_init: Project name:     analisis_espectro[0m
[0;32mI (172) app_init: App version:      bc6dc7c-dirty[0m
[0;32mI (177) app_init: Compile time:     Apr  8 2026 14:46:06[0m
[0;32mI (182) app_init: ELF file SHA256:  d65aaaa4b...[0m
[0;32mI (186) app_init: ESP-IDF:          v6.1-dev-2938-g12f36a021f[0m
[0;32mI (191) efuse_init: Min chip rev:     v0.0[0m
[0;32mI (195) efuse_init: Max chip rev:     v0.99 [0m
[0;32mI (199) efuse_init: Chip rev:         v0.2[0m
[0;32mI (203) heap_init: Initializing. RAM available for dynamic allocation:[0m
[0;32mI (209) heap_init: At 3FC99690 len 00050080 (320 KiB): RAM[0m
[0;32mI (214) heap_init: At 3FCE9710 len 00005724 (21 KiB): RAM[0m
[0;32mI (220) heap_init: At 3FCF0000 len 00008000 (32 KiB): DRAM[0m
[0;32mI (225) heap_init: At 600FE000 len 00001FE8 (7 KiB): RTCRAM[0m
[0;32mI (231) spi_flash: detected chip: boya[0m
[0;32mI (234) spi_flash: flash io: dio[0m
[0;32mI (237) sleep_gpio: Configure to isolate all GPIO pins in sleep state[0m
[0;32mI (243) sleep_gpio: Enable automatic switching of GPIO sleep configuration[0m
[0;32mI (250) main_task: Started on CPU0[0m
[0;32mI (260) main_task: Calling app_main()[0m
[0;32mI (260) ANALISIS_ESPECTRO: Inicializando analisis de espectro[0m
[0;32mI (260) ANALISIS_ESPECTRO: fs=16000 Hz, FFT=1024, periodo=1000 ms, export CSV por serial[0m
[0;32mI (280) main_task: Returned from app_main()[0m
SPECTRUM_CFG,16000,1024,512,15.625000,hann
SPECTRUM_FRAME,1.006351,93.750000,56.154968,hann,512,33.766743,30.081902,52.611778,60.858231,56.958229,47.313080,56.154968,54.736885,42.735825,49.276474,50.234909,40.279007,45.399632,47.777489,39.010406,40.885246,45.695339,38.524391,36.541862,44.053391,40.067780,34.186119,41.678284,39.819027,28.371115,27.604105,30.070751,17.939201,35.319065,36.512314,25.367386,35.846725,39.164707,26.957903,23.022497,29.307201,11.531696,29.404022,34.102806,32.465931,31.357609,38.026470,36.392998,27.863462,34.521423,34.645802,20.745878,25.100021,28.702095,21.274387,25.080074,27.884710,24.508892,24.989702,31.042202,26.976570,22.635099,31.771528,28.999178,20.452602,29.580151,28.804132,19.639318,25.894535,27.249905,19.630690,22.557211,24.775589,17.354155,14.316849,18.564495,-1.124207,11.903268,15.178101,15.294157,17.293989,19.811617,17.348135,10.985328,18.537500,15.451556,8.187006,12.510051,14.698911,14.872197,-4.423552,15.223842,12.941078,10.764048,10.430493,7.250057,10.357400,11.876507,0.553130,6.751233,19.473444,15.467970,3.022567,18.447948,17.144791,-9.793719,10.156319,12.962607,0.580413,8.205692,16.600111,9.533292,12.286159,17.521420,12.897640,9.246411,14.482000,6.579835,-2.188932,16.717731,17.024820,-0.710196,15.585799,20.434826,12.164331,7.237973,16.552860,14.378148,6.154761,4.328862,7.663059,13.899592,16.043312,10.441136,12.479494,16.427170,13.383606,-5.491613,13.167706,12.036194,2.862761,-5.532118,11.322224,-6.832295,10.192884,6.231465,-7.090449,10.939610,11.529545,1.328694,7.042212,11.700787,12.677858,5.827234,6.874099,13.694730,8.670794,5.835047,6.409777,6.786471,6.023428,8.923886,3.104306,6.759056,14.361660,13.127898,10.279873,14.248615,15.181477,11.301861,10.233974,13.562969,10.302066,3.536741,10.166530,8.500293,-5.196083,2.555840,3.581957,1.306687,-5.958927,-3.472440,7.654600,4.392925,4.884198,9.785780,7.435133,8.824223,11.672773,-2.190613,5.350084,12.312801,8.208429,-1.889141,7.511292,13.014022,9.136177,7.182362,10.302182,10.132784,11.291827,9.429976,-2.683257,5.614148,10.341979,8.069324,5.001629,8.037445,13.038884,11.639142,7.261550,11.246397,10.072901,6.128915,-0.754372,-1.014782,3.829446,8.494265,9.693407,4.409283,8.958595,11.616940,3.420505,0.457152,4.836745,-2.062581,6.985935,10.715867,8.264105,10.116347,14.322340,10.887417,7.960584,13.640504,12.029138,6.594100,9.991289,10.664105,7.110883,10.974880,12.385768,6.417675,9.146397,12.976999,1.420492,9.368614,12.637645,8.995734,13.879765,11.971811,10.478024,14.877831,15.161276,11.911721,11.035662,14.158598,11.288047,-16.210409,6.959454,11.403057,8.495897,10.636668,13.024807,13.097787,15.194006,15.735135,15.393373,14.768566,13.117792,14.146006,12.795196,11.040068,9.484080,10.191890,14.543711,9.545887,11.776815,15.671146,14.289699,12.772159,16.129448,12.352837,9.988787,17.576599,12.908311,9.501464,16.575298,13.387103,11.114249,15.799785,12.218932,12.879370,14.813534,14.449071,10.548152,11.268967,16.645741,12.747873,9.510068,14.414665,14.382658,9.837740,11.191921,12.300426,11.384707,10.201164,10.309282,6.444329,7.499279,13.293608,9.809274,7.842411,14.187189,14.888844,9.902026,15.912685,17.177359,11.566615,15.993082,15.973349,9.420461,15.119886,14.013132,9.739017,14.437124,13.922722,10.036581,12.852531,14.852821,11.235067,10.212207,13.564610,8.137955,3.725415,13.477706,8.953306,1.512802,12.306784,11.412504,1.546994,6.103516,10.139933,4.016807,-9.997127,4.651659,1.645534,-4.248943,8.645876,6.815971,5.571440,4.331343,7.146663,10.244393,-0.125483,-4.890593,6.309702,5.962911,8.867640,-0.554116,4.300251,13.035521,10.711555,8.228240,9.433774,10.482579,9.947993,-20.288990,3.374323,4.491151,5.597613,5.205417,5.781188,11.114771,12.591027,13.313351,14.136419,13.655760,14.223156,13.997684,11.722441,13.702737,12.535839,8.006115,10.700857,10.356222,-0.381912,2.172619,10.058284,7.167264,6.021930,8.253864,6.352896,8.043307,10.246441,7.339053,6.121674,7.853079,6.662971,6.313355,7.820571,5.826941,5.902267,8.410872,3.772277,9.573194,12.682138,7.671516,12.077335,15.632242,9.880704,10.774665,16.463209,14.780440,10.410237,12.915997,14.371438,10.590170,7.979468,10.693586,10.985523,2.874790,10.663461,3.134608,4.414123,14.743247,10.380508,8.142883,16.000937,12.619194,11.078690,16.559469,13.882819,11.474805,12.076847,15.143946,2.956695,11.911212,17.455847,12.033253,14.223045,19.929974,13.957175,13.190456,21.857222,16.608377,10.761085,22.135757,18.515869,10.854253,22.891853,21.312126,8.151302,21.555519,23.749971,14.509062,21.526550,25.749418,19.473522,22.288105,27.189682,21.073503,19.878365,27.539301,22.193604,11.863333,25.657871,23.862791,15.677519,25.481438,25.899450,17.346096,25.326490,27.411453,17.874031,21.979982,27.466772,18.814875,13.721514,25.380508,20.327076,10.050602,24.232735,21.884729,11.869743,22.550251,22.585382,12.142186,18.670549,22.143650,13.411362,14.452599,20.528812,14.376087,14.728079,20.888521,13.627636,10.910028,18.449276,12.784090,6.081935,15.054914,12.073832,9.832972,15.449662,13.875988,5.078811,13.191452,14.961973,4.735437,5.862393,13.711433,10.430853,11.061131,15.050014,8.820495,1.307155,12.160439
[0;32mI (1670) ANALISIS_ESPECTRO: Frame exportado | t=1.01 s | pico=93.8 Hz | 56.2 dB[0m
SPECTRUM_FRAME,2.028701,93.750000,55.750774,hann,512,32.817383,30.077999,51.850174,60.209351,56.407780,47.238201,55.750774,54.322338,42.683792,48.887421,49.461285,37.195145,44.270939,47.182346,39.164268,42.797768,46.710835,41.830185,41.349415,45.822861,41.654873,37.031857,43.682411,41.200668,27.848730,34.889236,36.220974,23.621675,29.532784,28.354259,14.178733,32.764107,37.283600,27.619091,21.317251,30.996275,26.223795,27.395842,31.730240,26.945822,27.018854,37.248848,36.027153,26.878605,33.919437,35.846695,28.096870,19.513416,27.983223,23.207052,18.688026,25.527857,21.069307,9.164946,28.038729,21.083496,20.375044,27.200829,26.722713,8.167392,28.159107,31.201677,25.321503,26.586288,30.512945,29.386627,25.579926,25.516586,26.924927,25.309902,17.769823,16.764725,21.167669,14.948452,8.668307,21.211470,15.440354,7.923145,21.850933,11.640262,9.796504,14.441729,3.955164,17.911186,12.899836,16.428391,19.065874,18.807446,18.152760,16.164021,17.141716,16.381041,19.241135,18.168547,14.929953,20.895920,21.949327,18.838814,20.211594,24.040714,23.608459,22.754047,25.658789,25.634937,24.104294,24.945192,23.935471,21.285206,19.137053,14.620506,11.697263,14.580259,16.551098,18.595108,21.136362,21.749800,19.663593,21.075441,19.254066,13.679986,14.738024,4.052322,13.858101,9.990944,12.183182,17.392088,16.729141,14.442130,16.172915,14.840595,10.305797,9.126817,7.854450,-3.283295,4.415555,5.538821,12.213573,10.881165,13.299915,14.459988,13.344467,12.588815,13.614627,12.017655,7.371817,9.978295,0.323235,13.045602,10.388920,12.193383,15.260017,12.802668,12.614405,15.082351,8.965389,5.333335,6.649218,-2.191561,15.356082,13.014279,10.145586,17.011028,18.254601,14.079035,11.190886,14.847746,11.373659,3.813895,4.237061,3.780448,14.180742,17.382156,16.313030,15.935822,18.069078,18.641983,15.625819,13.791105,15.817100,14.234466,9.559315,8.453874,9.095939,8.277191,12.026827,12.564756,7.354489,11.720752,16.535666,12.777128,8.250614,13.906566,13.998486,12.744633,9.574890,11.691414,14.734607,14.797348,10.112520,11.952145,14.760008,4.174846,-10.191166,13.203897,8.733726,10.501956,14.277756,16.589012,13.871112,13.364510,17.031984,13.651843,8.987541,10.260666,11.395782,2.642760,10.647212,-2.625031,0.514119,14.977873,9.508934,4.422087,12.465441,12.261210,6.200652,6.219281,9.777084,7.397642,9.750765,12.034716,14.365539,13.897663,13.172274,16.985851,15.664406,10.257957,15.312029,15.026474,7.352747,10.881056,12.878351,10.358427,12.316080,11.207243,11.205335,14.421036,10.061774,9.542192,15.006009,11.230246,7.169964,14.270847,13.953569,5.956641,9.753890,14.002052,7.485423,6.357343,11.140574,10.444399,11.807154,12.654800,12.466002,12.190878,13.858867,12.682152,9.485008,8.483629,10.301487,0.479635,5.154958,7.754071,4.780066,12.765377,11.433268,11.854773,13.309175,11.468658,13.137138,11.772803,9.574989,12.232868,12.328323,14.123658,14.140419,13.501423,14.672768,15.935995,12.929030,9.665173,12.503766,10.050375,12.642182,9.825974,10.146233,16.195755,17.089672,15.001402,16.361576,16.999409,16.407021,14.590015,9.350622,12.549085,10.611942,6.692397,8.263465,9.606884,12.323369,13.646726,13.533981,11.942780,12.448993,13.182034,9.159680,6.740340,4.176362,2.517037,6.669477,6.391912,2.548622,6.397433,10.979400,8.761318,6.166258,5.953494,6.896994,8.723677,7.240703,1.333914,11.092766,12.764988,11.644897,13.097235,12.682109,12.522354,13.181237,11.846255,7.106956,10.641885,12.772633,11.609345,11.294550,12.822817,13.750859,13.265753,11.240720,10.266510,8.823313,4.908504,8.221293,7.324801,3.218649,11.743004,14.736714,13.332174,13.033796,14.537981,14.916056,11.942416,7.628703,10.728663,4.232533,0.253501,6.410802,6.662876,10.443439,12.409306,14.631653,13.883175,13.142419,15.813036,15.469298,11.935961,13.710551,14.854128,11.673349,10.397194,11.767389,9.749357,5.691040,7.741399,5.969291,-0.008741,11.300808,12.026101,10.661106,14.826744,15.280904,13.742388,15.291161,14.634500,12.630526,12.357034,9.540123,9.677786,4.851090,8.475903,10.755463,9.519887,13.781864,13.043839,10.476227,14.757451,12.862833,7.237360,10.904150,10.252775,9.964879,9.501356,10.188046,12.558821,14.807962,13.767088,12.783672,16.142811,16.003801,11.977424,15.390985,18.591375,13.916567,13.243820,20.022419,17.424505,11.318378,18.334047,17.794430,9.372910,15.091824,14.341331,4.223298,15.406962,18.445133,11.251732,15.701061,21.816132,17.316629,15.052353,21.734619,18.530991,12.006571,21.343655,18.871838,7.528875,21.961788,22.864065,14.396784,22.272709,25.362560,18.570074,21.765568,26.041296,20.208927,19.875948,26.119364,21.937620,18.355492,25.996693,23.976324,18.570902,25.799881,25.188122,17.363625,24.958536,26.448374,16.390417,23.031218,27.545761,19.948683,21.845108,27.512886,22.320566,20.666082,26.547899,22.406561,16.415619,25.039587,22.573677,12.299988,23.425415,23.852180,15.217453,22.282383,24.055962,16.952379,19.646935,22.502010,16.535734,13.204561,19.081482,15.457797,5.011796,15.642928,15.066750,6.396819,14.212480,13.854452,7.918942,8.759548,13.199596,3.104109,2.197575,13.394667,11.043064,2.085541,12.868498,13.914619,9.626697,6.982591,11.199238,11.999636,3.958659
[0;32mI (2690) ANALISIS_ESPECTRO: Frame exportado | t=2.03 s | pico=93.8 Hz | 55.8 dB[0m
SPECTRUM_FRAME,3.051065,93.750000,55.486797,hann,512,32.070755,24.805004,51.423744,60.054184,56.137230,46.112537,55.486797,53.966789,40.961739,48.376991,48.738823,35.714031,42.690254,45.116318,33.231602,37.197060,43.023224,35.676033,33.055088,41.687168,37.582668,30.345642,40.206886,38.585571,25.760048,29.818411,31.663231,20.395658,32.747665,33.573032,21.665533,33.642895,38.036179,27.929001,23.210712,31.461594,24.496510,21.620024,29.592276,27.216892,24.567574,35.678486,34.768505,23.003340,33.237785,35.612900,24.477489,26.356415,32.385021,26.839380,21.772324,26.211258,24.509140,14.575415,27.477314,23.980503,13.331341,29.507847,28.787045,18.966280,28.308865,29.722488,21.465433,23.174345,29.142475,22.279953,9.955789,25.780258,23.083160,-2.945394,12.592368,17.587400,7.399309,16.127069,13.651075,3.477696,18.477896,20.693378,10.137146,16.634329,19.441357,13.874492,15.280550,17.587420,8.216549,13.542833,18.395252,13.216263,10.587177,17.174969,16.703138,11.888547,14.937700,13.987661,6.494884,16.072308,17.148668,4.597693,14.664738,19.873430,13.681365,16.183548,20.420082,16.638348,15.481830,21.279026,18.851665,10.613441,17.310299,16.981606,2.927217,13.747964,12.223682,4.085534,17.649635,21.425362,14.411819,14.751757,21.556036,17.700893,7.528117,13.109164,14.365799,8.627395,6.728957,-9.323500,8.483364,10.474276,7.052216,6.108131,8.348751,-9.585329,7.668220,8.349462,8.515374,6.756999,6.871280,7.568193,5.844064,5.613379,3.110173,7.049970,3.950535,6.427545,11.341619,8.036615,11.601576,16.133709,11.872926,13.255439,17.668770,13.330643,11.204657,14.592424,12.251553,6.191163,4.637503,8.320178,-0.041028,-4.468455,2.491170,5.227542,1.387805,6.569094,8.659520,9.560174,11.681658,7.799331,10.020342,9.810392,-8.706291,8.933764,6.556854,10.397123,10.469979,12.561069,15.465865,12.025579,13.035870,15.172211,11.944456,12.664453,13.349455,11.284886,12.300811,13.435044,11.464878,9.603484,9.056318,7.014904,7.934746,0.139567,1.628562,4.975116,6.031213,11.581664,-2.683288,3.598101,10.064310,6.927668,8.959900,7.617384,8.015129,8.846253,12.310672,6.000159,3.963993,11.129771,2.908233,8.932161,5.524183,-2.367988,10.014620,4.140057,1.583473,4.841866,2.088081,-4.733031,-1.151064,3.575182,2.657193,5.941752,6.846756,9.185439,7.787814,5.929682,10.159163,7.011580,-2.464471,7.043231,4.137677,-1.231657,-5.539779,-0.492874,4.439279,1.158848,-6.308772,0.153052,-0.877013,-3.658520,5.730786,6.046990,5.211000,12.017637,14.135178,11.446981,14.315239,16.900423,13.889303,13.621479,17.045544,12.672750,8.488078,14.513631,9.807070,2.317258,10.148559,10.096916,10.304514,13.980237,12.919508,11.264119,15.277798,15.710784,9.396678,12.620463,16.199564,9.328547,10.750921,15.865785,10.790339,10.242120,16.133915,13.745266,10.673037,15.322393,15.947680,13.030634,15.737432,16.342947,12.318225,16.650852,16.439077,9.471238,13.469039,16.735399,5.946389,1.655942,14.740883,6.062662,2.458175,9.949555,6.389428,1.681412,5.569971,4.146403,-4.100797,1.363911,7.466303,-0.909586,5.928576,10.154181,5.128548,6.963681,10.183692,6.688743,5.589514,7.126518,7.788597,9.615587,6.634668,7.592037,12.456520,10.010464,5.686176,10.692099,10.203077,3.985467,5.212928,3.242315,3.693761,3.416720,6.249060,5.789308,3.959403,9.887474,11.692902,7.586738,7.480342,12.285241,9.409346,2.738230,7.029018,6.778347,0.884255,-4.398293,7.037447,5.099498,-2.967535,7.966545,7.508579,-1.142049,-2.587729,7.217181,4.484264,5.571377,8.499338,5.980241,8.801912,8.521935,1.702233,3.436134,1.449259,-3.749806,1.217444,0.646634,7.943591,8.873940,7.316203,9.598023,10.191941,8.702384,9.094795,7.960722,8.042620,10.467146,1.358250,4.173493,8.358902,-1.341224,-5.048668,-9.034674,-2.420991,-4.086250,4.749232,0.297564,1.111822,2.678453,8.456047,7.510128,5.275499,6.341481,11.634930,8.808014,-2.390505,9.769460,0.395087,9.630149,8.517028,6.176615,10.199371,14.411348,13.258163,10.422485,12.843128,14.349500,9.281548,0.851348,9.696931,7.175394,6.360406,9.890098,9.138473,1.338478,13.417166,8.796860,2.895078,8.368041,8.780369,7.335966,0.786649,8.271102,-0.519792,5.440814,6.589148,8.178978,6.153371,5.625624,13.391709,15.796276,10.605410,13.436600,17.978203,14.279934,9.969338,16.600945,14.958644,3.147163,15.730329,16.031946,0.140137,16.320850,17.805523,5.038915,16.444763,19.994505,10.466276,15.894080,22.751234,17.322357,14.393296,23.422340,20.839436,12.183341,22.012245,21.250603,9.175255,21.249836,23.102383,8.835030,20.965071,26.081179,17.023819,19.156881,26.733845,21.053183,16.602194,26.189577,22.418423,14.438072,26.463900,24.440155,13.574234,26.120062,26.655773,15.209887,24.061768,27.498550,18.171783,21.223869,27.491453,20.924011,18.342855,26.904593,22.366713,13.777105,25.233864,22.375765,5.477148,22.380209,22.677433,5.264914,18.927147,22.987411,13.104992,16.450174,21.529301,15.482392,14.250903,20.026836,15.631000,9.941087,19.362385,17.886230,6.420970,16.136019,18.082445,7.982553,9.915459,12.952175,6.086286,5.202267,6.815146,-7.241016,-6.736454,10.842742,10.238523,7.737052,9.957196,12.402025,11.954274,11.596279
[0;32mI (3700) ANALISIS_ESPECTRO: Frame exportado | t=3.05 s | pico=93.8 Hz | 55.5 dB[0m
SPECTRUM_FRAME,4.073427,93.750000,54.913403,hann,512,30.530636,19.794300,50.995747,59.755650,55.668800,45.065514,54.913403,53.234253,38.751747,47.408546,48.170860,35.026043,43.080666,46.028095,35.627579,38.724525,44.192238,35.761696,35.354927,43.519230,38.518196,33.342541,42.265274,40.111771,29.387434,33.393787,33.301308,20.632427,30.934582,34.427990,24.243656,33.135635,38.583801,30.484753,23.017952,30.491447,23.478504,23.419302,32.129959,30.784454,27.374695,36.493191,35.946381,25.459547,32.405827,33.392376,16.550392,20.522280,27.066902,23.240005,25.493601,30.403872,28.832516,25.126955,31.439257,28.459894,17.265011,31.404505,29.838673,15.371958,29.000927,29.959274,18.115822,24.652521,27.203468,19.979259,20.800308,27.600424,25.339067,20.463821,25.674742,25.915390,17.805859,21.143606,18.018431,9.111241,21.734877,21.623497,11.531239,19.807173,23.973427,18.176538,16.411020,21.176023,19.927670,17.169657,14.580471,17.304234,19.182783,11.491417,5.055454,15.078368,12.222031,12.004751,1.910390,9.435848,18.867725,16.684801,18.316328,21.438429,21.527071,22.182476,22.314220,20.518135,20.043915,19.317049,15.646123,7.658259,-10.960358,12.428857,12.708497,16.176420,18.383585,17.232773,17.054388,20.615181,15.643381,12.788479,19.594490,16.599209,10.458430,10.758751,11.901237,10.823794,14.826188,15.049963,9.722189,15.305111,19.852060,14.448931,9.335879,13.991753,12.700430,5.865616,9.659807,3.703743,5.248622,17.741234,10.250961,1.911985,11.204573,14.366131,13.921915,7.001046,15.230307,18.295530,17.127953,17.743542,16.775911,17.720072,19.466837,17.849854,18.075617,20.323124,18.826035,16.966793,18.094694,17.651531,16.059410,12.096052,7.542358,7.627938,8.202707,7.211946,-0.463574,7.390646,7.463769,-4.041979,-0.356128,9.768593,4.976830,1.163853,4.003893,10.188538,9.629001,7.185566,13.073179,15.587064,14.138704,14.328342,15.824786,15.972807,15.976530,16.113070,15.653172,15.979692,16.021408,14.706887,14.967929,17.305433,16.982471,11.841660,11.559401,15.181159,13.303631,13.548733,13.394942,11.850224,11.638924,13.464964,10.090788,3.946032,13.201117,12.237128,3.203894,8.101720,9.858412,5.905503,8.117436,9.997186,5.952382,7.429859,7.426296,7.123619,8.812506,3.961418,-3.615030,-0.451827,0.253290,-6.478544,12.505175,9.993524,10.468260,10.514036,12.925321,10.816546,14.105849,6.235889,7.339277,15.310997,11.499842,9.531177,14.027378,16.477543,15.637787,12.727312,11.280119,12.533517,12.714877,12.048544,8.243053,12.340788,14.791517,10.738171,10.950563,14.911507,12.955498,11.497181,11.267500,5.728054,8.317891,11.274930,11.907671,13.613441,14.636501,15.400843,12.451161,12.177092,16.699442,12.499622,6.352911,13.236412,3.863327,3.622656,13.319300,9.619737,9.081994,14.965349,15.462814,5.325334,12.616267,18.495346,10.652067,11.891081,17.983173,11.852031,10.709389,18.042355,14.414774,11.029729,15.855770,11.820538,9.733755,13.845348,11.550201,3.283901,9.974536,8.554010,3.755386,11.511122,11.040565,7.525378,11.754369,10.251749,6.754878,12.377262,14.929916,13.601026,14.817760,16.542162,14.480753,14.413260,17.161785,16.938251,17.185663,17.654760,16.747499,17.672832,19.291540,18.221222,17.034243,17.862812,15.966246,9.771537,10.348405,12.582187,7.120129,7.216409,12.185197,10.703878,9.420807,15.145303,13.761644,6.907136,13.612355,10.067219,1.570063,7.956148,8.945002,-6.278398,5.797411,4.986882,-6.195978,0.349518,8.782284,2.001634,-5.334959,2.403941,0.429796,-2.752184,7.100047,6.859689,7.193778,8.226675,2.259830,4.789705,3.030567,6.811972,2.789517,6.324680,11.777824,8.453169,8.862159,14.538939,12.211123,8.494675,12.682281,6.649483,-13.726252,8.487915,11.471810,10.972395,13.137065,14.029431,12.630301,13.401558,15.402905,14.108051,11.975710,11.584196,9.978441,8.321564,9.020617,7.468385,2.379725,-7.829880,-1.350305,0.490215,-6.212384,2.560709,0.347563,8.067048,8.468524,3.854617,9.899351,13.085524,11.075022,8.875967,8.532802,7.037000,5.173941,-2.968730,-2.223845,0.303396,9.153370,10.868385,2.793661,10.109805,14.397326,10.674472,6.118417,9.010833,7.020068,0.726146,3.201413,0.683414,-0.430694,9.183168,6.929567,4.588905,8.633350,9.763742,13.245749,12.811388,8.762240,12.352466,14.590229,9.650897,11.782948,15.376564,10.346643,9.931470,13.311206,10.489159,10.874046,15.806599,11.577433,10.411028,15.460254,12.658836,8.880982,17.677820,18.095089,9.865135,16.300617,21.029133,13.068827,13.491564,22.012539,17.455643,14.422551,20.497322,18.975943,15.641374,22.975765,22.203606,15.899126,23.424749,24.020542,14.859048,22.109774,25.520699,16.993341,19.826706,25.909534,20.683268,18.639477,26.647861,24.346924,17.782236,25.698568,25.073544,15.918789,25.150215,25.989368,16.318205,24.323175,26.833969,18.069923,22.408947,27.612364,20.584232,17.321146,25.835365,20.887970,9.424921,23.396561,21.736547,13.222569,21.292614,21.919052,13.786425,21.375851,22.769066,14.505588,19.017687,21.514189,12.181911,13.512043,19.791859,12.225155,8.501416,14.060302,11.914134,8.551484,13.602229,14.867537,10.681919,12.943195,14.948354,11.298788,10.690210,15.273428,13.911098,7.669707,10.161119,12.361078,9.569954,7.095750,8.674196,4.618489,1.446539
[0;32mI (4730) ANALISIS_ESPECTRO: Frame exportado | t=4.07 s | pico=93.8 Hz | 54.9 dB[0m
SPECTRUM_FRAME,5.095799,93.750000,54.333534,hann,512,30.890112,16.025616,50.261959,59.236149,55.528374,45.099716,54.333534,53.226986,40.739590,47.605309,48.222538,36.392303,43.760395,47.091515,37.539295,40.738182,46.110191,39.683266,37.708702,44.123001,38.299946,30.906792,40.535278,36.930805,10.958027,27.834877,27.004339,13.987503,34.032433,35.584282,22.475143,33.637554,38.422180,30.849077,35.137119,34.643646,29.130760,36.601936,39.121887,31.760996,33.130920,40.545078,38.124210,29.249495,36.083981,37.646309,30.748291,31.243771,27.760502,26.861004,34.013020,31.755997,22.972260,31.600134,35.206848,29.828413,26.447327,31.900272,29.816650,21.175013,25.250387,28.490458,13.217676,22.312931,28.371578,21.860867,18.164188,22.428116,18.777401,7.048595,12.608850,17.914799,18.423492,22.700764,25.764654,25.079443,24.637575,24.186867,23.197296,24.865234,18.006657,22.493233,23.156693,17.084843,29.932011,29.586332,20.376553,29.070461,32.526081,20.922882,20.498844,29.595892,23.418501,9.564795,21.354214,21.785931,17.617775,20.232159,12.253061,15.404964,12.438887,14.742445,15.132340,19.269169,19.413479,17.362535,13.161070,7.838788,0.432658,18.053455,23.179817,22.513149,23.246662,27.761482,25.597305,23.612579,25.107145,22.464516,19.805639,15.552284,4.240086,13.585222,16.291527,18.675770,16.953976,14.047449,18.020668,17.194855,16.089939,15.960892,15.874839,16.377127,17.306103,14.026126,12.534029,13.593565,14.548534,14.811397,6.458663,14.640919,15.465254,-1.764686,5.190848,4.056412,4.997557,9.107918,15.061762,16.046509,14.919635,20.147724,20.986473,17.226696,18.984261,20.688480,17.241266,12.543130,12.212420,8.203308,-1.900339,10.746050,13.982182,11.808667,14.443005,18.185669,15.905389,13.185257,13.661894,15.106845,13.698388,13.567424,13.889277,11.582871,14.398856,16.093281,11.366171,11.260719,12.693441,12.314553,8.578871,11.263045,10.408590,-7.318072,12.065936,11.230725,6.326243,14.499440,7.145220,4.732153,15.119357,12.061064,2.648690,6.609855,12.437434,6.449413,7.764180,1.772362,6.256299,9.823216,9.777430,1.720681,3.144499,6.028140,8.317062,5.384320,6.029505,12.322773,13.507519,10.606468,12.755033,14.456443,9.020826,9.617172,14.131426,9.382129,12.370528,16.235018,13.597417,13.902382,16.377375,13.540070,11.482707,12.474615,7.754790,4.217338,2.501619,-25.774323,-4.124019,-6.316493,-0.176973,7.164007,4.575505,-5.409411,8.810587,7.658383,2.058843,5.301791,5.455757,6.206950,-0.736971,7.986082,8.430578,6.900317,12.407847,11.440126,11.434826,13.693707,12.495556,12.744475,13.179119,9.808459,11.139959,10.819560,3.030292,4.921123,7.803662,-9.947759,0.875874,10.519875,3.836465,9.143879,14.085235,11.712070,14.215183,15.040112,14.365799,15.674587,14.454330,11.792265,11.652698,13.823233,10.890184,-5.843394,9.291618,16.282650,11.528092,10.228518,15.239676,12.577673,14.485544,12.332183,12.679508,15.002131,17.005548,17.292723,15.999442,17.268078,18.375561,14.722052,14.136992,14.214870,8.977730,10.494103,8.999500,7.924937,13.175661,12.541514,10.321934,14.163036,13.903435,9.509838,11.450105,13.615606,10.403437,9.060472,9.840771,10.681307,4.777007,5.821202,8.113098,-19.448124,4.208936,1.485417,1.638154,6.226175,-7.712535,4.558690,9.945901,4.793023,9.107236,10.439252,11.239690,11.443185,8.500635,12.049985,12.484200,6.058251,5.800643,10.146191,4.076054,4.222302,2.029295,5.861993,8.603691,8.223914,8.401083,5.956260,4.898971,5.751523,0.884908,5.379894,4.996043,10.864610,11.044231,9.548558,14.004807,9.447445,6.143723,11.497215,6.847540,8.224930,-8.368768,10.051937,13.750430,10.441156,6.133247,13.306473,11.021358,9.638512,0.625283,1.708738,11.264764,8.860878,6.785864,3.766615,8.322608,9.485306,2.145224,3.623271,0.803471,8.895510,13.747396,8.312920,8.727122,13.510834,11.182009,4.406936,12.375922,3.356692,-7.135134,13.238008,12.062072,1.837318,11.556273,12.678577,6.505847,9.309435,4.022855,7.028320,7.433757,13.818916,7.225704,9.837833,15.356375,12.061104,8.826427,11.994672,10.802542,1.428774,4.239944,1.028294,10.551197,8.499588,10.665808,11.013799,14.832766,14.922094,6.583965,13.741360,16.721039,-0.710145,1.410147,14.452506,-0.551208,8.480059,5.893734,-12.511917,11.369634,10.956130,6.192565,12.998650,12.989174,10.385931,10.982893,13.640638,9.805899,2.208798,10.490896,8.135290,12.085838,10.698596,2.803746,12.673072,17.974417,4.151204,12.899277,19.857422,12.707197,13.009759,21.341894,14.142022,8.679751,21.917143,18.494701,8.655303,21.678879,22.160223,10.159001,22.307755,23.938036,12.132770,21.039782,24.905901,13.436422,17.238791,25.169048,16.283707,15.935982,26.055374,20.674503,14.094011,26.539909,24.084728,9.240454,24.998455,25.645437,10.061492,22.244360,25.700714,14.503942,19.415180,25.839207,16.467628,13.686455,25.651875,19.418972,9.662025,24.528006,22.533348,10.067267,23.372356,23.357292,9.472623,20.842001,22.086561,9.810603,14.199986,19.205162,-2.379577,11.252513,17.885414,7.173887,9.859216,17.483521,12.000935,-4.505145,12.046413,12.197420,3.853466,6.555832,8.890968,0.666622,12.043945,8.798360,-4.002107,8.818096,9.825216,-14.901613,5.418992,4.285383,-3.657386,4.903547,-6.876526
[0;32mI (5750) ANALISIS_ESPECTRO: Frame exportado | t=5.10 s | pico=93.8 Hz | 54.3 dB[0m
SPECTRUM_FRAME,6.118150,93.750000,54.997452,hann,512,28.574890,18.974653,50.890278,59.584236,55.286797,44.882858,54.997452,52.913895,36.996582,47.915215,48.162495,31.566383,43.870548,46.500465,36.171112,41.348019,45.098976,37.601009,38.078938,43.841805,37.706406,33.090023,42.491211,38.660973,27.113953,34.494873,33.500584,21.520826,29.241829,30.109224,23.285486,33.292366,37.016178,26.959423,25.737595,30.585247,23.938570,26.029858,31.150261,27.358513,27.374170,36.972004,34.858418,25.018824,34.543606,35.744972,23.158310,27.096292,32.086166,26.880955,23.461428,25.625765,25.285416,21.029341,25.693666,21.467836,13.073145,29.676571,28.649513,19.836760,29.721354,30.807968,23.706703,25.989395,28.939772,23.992014,21.136330,24.428524,22.755583,20.464462,20.825970,19.325527,20.282822,17.380384,14.403627,15.630529,11.707009,2.634232,18.240013,12.523968,11.857320,18.769918,20.232559,18.097427,11.524343,17.465818,17.081934,8.492719,2.920413,6.918312,15.728723,16.903587,18.761074,20.688095,18.092842,20.258488,22.482399,15.984550,16.526930,20.519020,15.622156,15.236296,19.319736,16.831974,15.290552,19.688992,16.069891,11.186270,16.237194,12.490244,-0.344572,14.534756,17.863384,14.456378,17.732771,19.858253,16.862785,17.191422,18.392254,10.673349,10.630959,14.508259,12.290517,11.825046,13.022383,15.004553,17.833435,16.122786,8.981208,16.678040,15.150173,14.624868,2.012359,8.380066,15.525244,12.512541,5.420746,10.600128,13.630896,13.088371,6.096659,9.799459,14.112009,4.090323,5.358281,12.549363,0.517302,-0.305174,4.180363,-3.619731,10.127139,8.555954,7.419113,11.955050,9.862016,9.102107,11.393883,2.531775,2.983729,11.607355,9.925035,7.072196,10.969729,13.818908,13.780752,8.474406,13.062863,13.739183,6.877450,11.497166,12.593102,6.417580,5.906554,10.518918,2.578604,0.497841,7.308364,-3.847999,7.088239,-3.242047,-3.455613,9.426514,10.972434,6.835718,5.598645,11.080189,9.313158,2.828206,4.499815,9.534532,4.088933,2.432921,0.242414,7.634196,2.663893,3.863623,9.175466,-7.664802,0.979954,5.318248,-5.330276,-3.581853,4.964309,0.532452,5.903782,1.435877,2.504753,6.218966,6.022677,3.283326,-9.836046,3.766808,1.987679,2.037303,-0.194798,7.385073,3.366486,6.025582,6.434450,0.641793,8.992600,10.013791,4.114775,3.383519,11.032131,10.233377,1.373727,7.900348,12.224799,6.218741,-33.412842,9.063747,-0.098992,4.937067,10.966082,2.298984,1.764543,9.757677,5.729264,5.542894,3.863034,3.593976,12.379705,3.170477,7.679479,15.159788,10.193815,6.723459,12.727123,11.351362,2.802204,7.907879,11.906814,5.878990,8.385389,12.558160,6.183851,7.797150,14.115486,6.370935,6.182196,15.093533,11.717020,10.597961,17.222708,15.396047,9.255017,16.551043,17.510187,9.307223,14.670400,18.291698,10.429180,12.173235,18.062065,12.514873,4.229483,17.712822,11.807323,6.376698,13.845330,11.758451,7.401170,5.476241,14.802406,-2.774610,5.546775,14.044467,11.497717,5.918833,13.594389,13.029900,1.591950,12.316684,5.216836,5.024589,11.428032,7.059516,4.024817,14.476749,12.056774,-2.291214,16.806404,16.364056,0.314209,13.490849,17.282921,5.799607,8.758467,16.212961,10.064003,6.181448,15.554651,9.158093,6.457762,15.341063,11.369552,11.081793,9.351047,9.440442,11.153000,3.092800,4.682300,8.725915,0.403431,8.715313,5.323829,1.426334,11.168656,11.899549,9.251799,8.122340,11.020473,10.425797,6.367657,7.385344,12.566247,10.597644,9.385851,12.040433,11.471210,7.980074,10.884160,9.119861,2.041842,-0.023778,-0.053844,13.427667,10.337735,6.020817,12.048361,13.836588,7.991416,2.251674,11.038317,7.350087,7.658883,-9.349109,1.382740,4.432483,4.993248,3.852397,4.055739,-8.004679,5.843971,8.480196,8.427224,7.256366,9.547106,10.819540,7.514413,9.486029,11.501028,1.454644,11.206415,13.703861,11.471931,12.603973,11.180419,13.446856,13.561158,13.542892,13.130864,13.144170,14.181822,12.948742,10.245687,10.265120,12.228987,7.683740,-3.501827,4.849640,-1.200400,3.714698,10.114439,7.496610,7.222791,11.091944,11.132662,8.207624,8.461004,11.348916,8.455798,5.080292,8.313496,2.284684,8.843094,12.373516,-8.338284,9.255134,13.332327,2.213590,11.228050,13.836850,5.979357,11.508186,15.304363,5.639582,10.800819,16.275684,10.243979,7.557862,15.289985,11.560898,-0.119191,16.528336,15.497139,2.342194,17.750774,18.142296,9.274265,18.930567,20.690290,13.526892,17.145428,21.641779,15.923496,13.159084,21.606493,18.004875,9.302200,21.440151,19.486723,10.733289,22.975193,22.369135,12.337755,23.084038,24.437336,15.458865,22.027103,25.825422,18.947924,19.147896,26.203058,21.339056,15.825623,26.406610,23.180380,12.138448,26.235802,24.565039,11.999874,25.932949,26.725218,15.701246,24.117222,27.676334,19.161783,21.589848,27.418869,21.201536,18.174292,26.346699,22.290031,14.834541,25.042793,24.060696,12.765495,22.107155,23.814674,12.828871,19.613651,22.437162,12.060163,16.949898,21.516314,11.385154,13.423128,20.396599,15.188457,6.255123,16.574953,14.171318,-3.674874,14.164507,13.116446,-5.488467,10.636301,11.329147,-17.252958,9.381411,7.707160,-16.949440,8.532237,11.670337,5.663658,9.053310,14.319955,10.985229,9.766870,12.250509
[0;32mI (6770) ANALISIS_ESPECTRO: Frame exportado | t=6.12 s | pico=93.8 Hz | 55.0 dB[0m
SPECTRUM_FRAME,7.140511,93.750000,54.713017,hann,512,34.432148,35.944862,51.802998,59.656654,55.912663,45.397095,54.713017,53.277542,39.508827,49.038982,49.987999,39.866035,46.084324,49.329239,41.153809,37.606583,45.478012,37.857204,31.268600,41.976860,36.069492,32.006233,44.013008,42.894402,36.529659,42.707985,45.004723,41.970619,41.873096,43.334435,42.198990,40.345825,36.857937,37.146553,32.835724,9.207527,29.462729,31.337875,33.603024,33.131958,32.471863,36.384251,32.994419,24.073395,34.420925,35.151958,30.342188,31.271210,32.196220,29.292786,29.351538,26.740833,21.789181,25.095388,33.708340,33.103226,30.879610,34.540913,34.324467,30.602451,32.176022,30.980953,24.155582,26.872950,27.866877,24.909000,25.551132,23.985147,25.069693,27.228088,25.662785,27.299479,28.519354,28.174458,28.263935,27.380932,26.040648,23.835390,20.182983,19.196646,16.242392,21.907864,21.619864,17.860344,24.555490,24.251413,20.150309,25.529873,24.219694,20.086311,25.582935,25.076618,18.945251,21.624157,23.401505,21.508305,20.885754,17.446440,18.240578,22.091629,8.955945,16.659061,17.025620,19.569477,23.853374,17.447014,19.824850,23.571405,25.648224,22.604256,20.502871,23.950026,23.289478,9.489544,10.730497,17.633730,16.911177,16.951096,1.075045,15.567336,17.306574,14.058951,6.400284,15.662049,16.917952,13.994364,17.821785,17.323624,17.258244,17.992458,10.577392,10.916477,-4.754055,11.183968,9.381043,14.748525,12.156177,14.288740,17.080215,16.658054,10.774698,17.274387,21.836025,16.707832,12.725365,20.182354,18.174707,2.855791,17.003948,15.845053,13.183187,20.657879,19.347507,16.166491,21.810160,22.333548,18.887350,19.478107,18.613216,10.060363,9.539062,12.831221,15.672832,18.203161,18.231049,18.413269,17.214537,14.388369,15.636534,13.948124,6.599716,0.515187,7.834626,11.829485,13.661549,16.616762,15.684171,12.708473,15.856415,15.200053,4.109158,0.593611,9.408446,9.671579,11.895194,8.694105,15.673626,18.441160,17.533607,15.822924,17.291410,15.329858,0.712110,6.675800,5.377839,10.611277,14.439964,14.997540,12.492817,16.045767,16.529886,13.289628,15.944505,14.417192,2.054074,6.033831,13.597244,14.800192,12.309311,14.784712,16.590054,12.712165,3.941315,10.347052,8.092979,-2.699262,9.212791,-2.597350,7.898290,13.713437,15.099979,9.890603,14.263905,17.368849,9.283175,7.459564,6.601425,4.450159,12.035855,8.807638,3.944126,0.073089,14.498768,10.630013,-0.994082,15.602174,16.856382,7.099938,10.531799,12.996275,-1.161110,13.954540,16.280731,15.174072,-3.003719,12.116701,14.546005,2.799089,15.069578,17.380144,5.741732,7.909479,11.301943,-3.393207,7.754411,12.025572,9.252922,9.299930,9.994457,9.699250,14.899430,16.883856,13.627530,12.784987,17.544956,14.965111,15.997081,18.981308,16.543715,13.109308,16.463797,15.935284,16.607445,18.656082,18.364208,16.039104,13.854331,11.382237,11.963520,16.286089,14.891195,10.391602,11.060148,15.720738,8.776678,15.606051,18.097031,16.390041,15.059452,16.594336,16.310656,16.532366,18.101263,17.507305,15.678176,10.257984,13.467754,8.338459,12.846540,15.570396,13.476424,9.588954,16.343124,14.630051,14.215063,19.192646,16.950371,11.096891,16.735853,13.904545,12.726859,19.029608,17.584761,14.169844,14.386964,14.340682,11.513051,11.237791,12.968812,12.574138,5.660230,13.123326,9.742752,11.534018,17.932928,15.095228,8.201612,12.451548,11.166230,1.235518,12.310862,12.353302,7.293802,6.693146,5.783880,5.730863,12.832096,14.908618,12.705718,8.881842,10.392809,3.908492,3.528211,13.646904,12.129351,6.806977,9.777212,12.201596,1.237167,13.255481,16.440428,9.730755,11.239714,13.717462,10.055456,14.837270,17.673664,16.494938,11.771061,14.407579,13.606224,11.700158,17.417238,15.472756,11.796934,13.946226,11.103725,9.375051,14.581351,16.025240,11.397124,9.783598,13.096705,9.311576,14.359565,16.959648,13.921557,10.683258,11.524415,12.632338,12.756363,11.482450,11.598306,8.640660,8.817972,2.127138,9.282598,14.588743,12.259970,8.708182,11.562310,9.429348,5.046391,5.836489,13.037432,11.884233,10.401917,11.905396,9.811730,9.081037,7.225737,6.555607,4.813284,6.163068,6.915246,10.240824,15.744385,16.220848,15.948170,14.933295,16.138361,12.968446,8.400324,16.927223,15.359993,3.012382,14.680362,9.663206,7.947525,19.628235,16.330187,3.805103,17.015112,14.456238,11.224281,19.536230,18.623627,13.388346,18.502987,19.582880,14.091846,18.544230,22.620770,18.652849,13.616508,20.783117,16.011045,11.651486,22.307262,18.220739,7.393122,21.347252,19.889193,10.797442,22.562563,23.701056,14.855673,21.027918,24.489019,15.994233,21.896086,27.127869,21.649593,18.835705,26.400383,22.506773,17.170038,26.524523,24.299623,14.329159,25.070162,24.024117,11.548082,25.383259,27.186157,17.586882,23.231981,27.661839,19.812010,22.173168,28.265991,23.240519,18.100107,26.714144,23.261223,15.680165,26.190283,24.912476,14.152061,23.540100,23.616802,14.189140,23.330418,24.597799,18.413105,20.242908,22.298847,16.077263,15.545650,21.197262,16.366207,1.330443,15.721853,11.367846,14.200949,19.141542,17.245831,13.887547,18.135954,15.641551,11.310427,16.290844,16.189005,13.391467,-2.705157,7.264758,0.876174,8.386623,14.285956,11.262228,3.061557,7.285763
[0;32mI (7800) ANALISIS_ESPECTRO: Frame exportado | t=7.14 s | pico=93.8 Hz | 54.7 dB[0m
SPECTRUM_FRAME,8.162874,93.750000,53.888695,hann,512,31.173779,26.390003,51.339264,60.441265,56.665936,43.803440,53.888695,52.680592,37.571781,45.844864,46.875568,33.728409,40.792408,44.140591,34.738403,36.753963,43.307549,37.295593,33.733910,42.575966,38.036888,28.762424,40.102188,37.918793,24.757452,31.379990,34.111832,30.381741,19.763395,6.275158,26.446148,19.938437,30.953781,11.138888,21.964247,13.505014,25.498667,29.150425,34.775269,28.902775,25.972397,37.035927,36.224297,25.328693,31.945570,34.391689,28.170176,27.883926,30.508064,26.642330,26.854555,32.373722,27.108421,25.769684,34.074070,29.376772,21.838058,35.774315,35.630573,28.771301,38.968433,41.019524,32.733086,37.345425,41.303677,33.209206,26.886713,31.697056,28.886848,20.578432,32.820274,30.052982,18.575377,31.209610,32.276905,23.177616,24.350977,21.627449,0.293274,25.407286,31.132954,25.132690,22.483217,30.265438,26.686373,22.337692,26.961329,19.378704,19.060810,27.552654,26.085360,15.283325,22.362724,22.441771,20.416910,13.407086,26.470148,25.851608,28.216589,28.789518,19.040543,24.426756,30.445564,26.652206,15.889027,21.235704,25.521280,21.660749,25.046865,27.322218,23.853722,23.673229,22.955858,23.417953,21.084629,24.820515,21.472687,24.149963,31.233637,28.866596,7.538063,32.646061,30.284479,25.877922,44.146423,45.421875,34.836475,46.790802,50.705601,41.832939,40.815445,46.442467,39.583405,27.002884,35.377556,31.253901,21.470034,31.521919,29.710901,19.974611,28.254049,29.330557,14.788284,18.483711,19.448338,16.452169,10.885148,14.772966,15.421084,17.884876,21.206760,22.813560,20.457087,22.075670,17.869837,16.062931,19.080894,24.716743,23.983944,28.330063,28.479061,27.540176,27.410526,25.167978,20.706635,13.111487,10.542168,16.163252,7.565416,24.496231,19.710371,17.534836,22.227913,23.838531,20.822197,22.690527,21.750668,19.508215,17.590218,15.899177,10.662718,15.881778,23.166309,8.053999,20.434866,29.014502,25.122301,22.741261,32.168850,29.215904,12.911807,35.791588,38.543743,26.017063,26.469093,29.142223,13.738261,23.934908,24.021139,24.955215,24.234810,20.805704,17.895685,16.607357,18.917587,8.454227,17.909697,13.542597,14.628384,17.738274,17.017958,15.461641,11.150702,12.205335,13.685542,17.927343,10.389299,18.734062,22.435516,26.297928,28.175011,28.248808,28.123386,31.904083,31.136568,22.689884,19.057852,27.643251,24.005951,17.726891,3.000786,16.242016,14.193867,14.354107,16.161102,18.200386,3.939876,15.782062,14.943245,21.632389,22.139839,19.234465,24.174652,28.005024,24.037912,22.165773,21.242340,16.724112,25.087292,32.606174,30.041170,24.168175,35.543488,33.823196,16.431515,40.351013,42.007599,24.614878,26.450638,34.868690,25.387627,20.774260,28.597145,23.800369,17.347145,18.498386,22.912092,19.015944,19.192833,19.567572,17.309418,-3.701975,16.494024,15.168627,17.904737,21.355385,9.950957,10.154429,10.461913,19.669228,20.966681,15.184407,17.820404,18.421732,23.263954,27.610559,26.959169,25.290174,23.801699,19.889963,16.583260,20.689796,26.569351,25.918036,25.045162,16.731857,21.174395,22.339241,13.151488,5.511604,15.968251,10.259585,14.718033,21.338402,25.622803,21.912556,22.458296,22.213120,9.458645,9.251966,14.010603,19.084484,19.317955,19.687380,20.018883,23.696091,31.429115,25.761341,24.144003,39.599987,39.243473,30.611591,29.559671,22.084518,24.764139,21.466099,17.617611,15.698446,17.203531,18.023003,16.141943,10.496260,14.841282,15.575226,14.411178,16.348318,15.633457,15.145971,20.229826,21.747215,16.962582,18.185474,19.021585,18.421667,5.715747,-3.832908,12.816849,16.185261,10.745926,14.725461,20.445923,31.218300,31.483438,28.605013,28.006556,24.001984,17.271065,23.981567,25.013325,14.908685,3.378386,7.031112,9.527721,2.936411,10.707876,10.306684,13.623467,14.763689,13.489666,3.650458,15.861402,20.245039,13.139148,15.940866,18.102386,17.565590,22.617638,26.381819,18.421183,22.496601,31.013918,27.524002,23.643255,28.684456,30.258932,28.416073,26.233160,28.496054,19.735853,9.733448,24.448729,7.033887,18.678417,17.879242,17.286184,12.124054,10.408327,15.871836,15.713658,13.668098,13.811415,16.716393,17.244360,13.046373,15.295520,16.816734,22.983959,23.529438,17.502514,13.159639,16.750513,12.723572,16.962904,25.959011,27.870651,26.187361,28.897903,32.827957,30.050489,24.356672,9.784633,25.582916,26.953222,22.756523,14.879038,23.092852,25.904160,16.768570,16.222990,20.141466,16.773720,20.621944,26.002081,21.655674,20.336559,24.329571,14.650284,5.811966,20.730396,14.320697,21.753677,26.616531,24.441315,24.201948,30.140141,29.628885,16.764805,35.877396,33.385250,30.635244,25.850594,31.176004,24.454464,24.067780,28.498924,26.776512,21.527014,28.858276,27.314444,18.504375,26.174667,26.783546,20.943516,26.759697,30.677963,25.996115,22.139767,26.131786,20.773121,24.940758,31.339453,26.437857,22.678097,28.596443,24.299023,18.685043,30.829802,31.802710,27.599628,26.106274,8.486055,21.343414,25.905037,26.458387,21.064264,19.602222,20.588074,18.781610,14.586492,13.028508,14.988946,14.449581,6.579983,2.315855,5.113883,19.001785,19.485176,15.226044,13.502797,19.798271,20.128941,8.301247,14.475382,-13.046438,13.467278,19.353268,19.733313,5.064227,25.555887,24.930914,19.675406,28.406212
[0;32mI (8830) ANALISIS_ESPECTRO: Frame exportado | t=8.16 s | pico=93.8 Hz | 53.9 dB[0m
SPECTRUM_FRAME,9.185243,93.750000,52.928028,hann,512,32.117203,29.868471,50.874195,59.508663,55.809593,43.426250,52.928028,51.496758,36.520111,45.974831,46.744114,34.227005,39.972595,42.884598,33.241859,34.706566,41.000092,33.932705,32.148987,41.505741,37.141052,29.128078,39.712200,38.247036,27.048981,27.863152,28.284634,23.139685,28.874672,31.190426,19.822279,29.223387,35.807430,29.546335,22.356958,30.004847,26.999516,21.610950,31.087673,27.528446,27.318495,36.145969,34.267700,21.196072,30.597097,32.431015,21.373425,18.072296,23.818312,20.532269,19.588625,24.452667,14.358206,19.332413,29.320686,23.493279,13.553671,30.153290,29.331757,18.529158,32.069916,35.153309,25.963165,33.467880,39.031570,31.579359,28.430916,34.936066,30.700329,21.517788,30.248436,26.816532,13.758349,18.428730,22.048933,12.717656,17.312721,12.740946,14.146564,20.165611,21.303999,18.808783,16.170235,20.870682,17.545280,12.435534,23.216478,25.543255,21.256439,17.776691,21.040527,18.445631,17.552662,20.857136,13.413428,8.984625,18.061003,8.239957,9.622026,25.348976,25.528364,22.695786,26.269196,25.646011,15.834768,23.319565,22.089115,9.436324,23.900845,28.302753,21.241426,12.159275,13.522054,15.555979,18.517382,25.835331,19.161190,17.173172,29.599649,26.943226,22.311792,33.982281,31.771872,29.902325,44.600052,45.603184,35.779339,47.505421,51.184845,41.508087,41.567245,46.901737,40.149189,26.386335,34.998268,31.417398,4.157599,24.942551,21.771145,12.172132,26.664410,27.779556,16.207355,14.343629,15.998448,14.995999,19.532930,24.961443,18.224609,11.160540,19.916317,15.978300,7.195115,15.538002,13.591519,-0.923292,25.205477,27.280027,22.574413,23.108692,23.009977,24.491138,26.687443,24.559135,21.274456,21.486826,23.820114,16.860701,3.691951,21.815805,19.713381,5.408454,19.866117,19.787275,14.959421,24.052650,25.193520,16.703556,18.409922,22.725534,17.870365,4.080789,10.661617,10.480146,12.166939,21.779444,19.087154,16.819351,31.725843,30.458157,24.389040,38.036308,40.170876,28.644585,25.015598,27.880344,19.177294,24.772532,29.776592,21.657713,13.781092,-3.304617,10.249374,17.053875,20.963861,18.943241,9.726239,15.422412,10.948148,15.445003,-0.421107,20.308001,15.865865,9.436545,19.954800,21.407679,17.253033,14.708323,6.594822,7.930856,20.758142,18.203365,15.087267,29.010183,31.229237,27.163799,20.871687,27.071171,20.828732,11.376100,2.191263,3.471721,20.204262,22.411114,14.238132,6.551640,12.521273,14.305382,6.556983,14.393017,19.187410,14.444737,12.129279,22.566170,15.274600,18.946444,21.661322,2.037962,24.063932,33.014252,29.420799,28.998919,35.960613,34.908291,27.496136,39.737907,40.423603,26.857704,28.595877,35.387707,30.179527,27.769587,30.174038,25.556166,15.953796,21.450197,20.560966,10.227679,23.288252,18.801182,12.613334,18.185848,14.172935,14.661043,23.461262,23.049049,18.365528,21.132568,17.812376,7.877532,18.346693,22.135088,13.904166,13.692673,22.041355,17.660248,16.475679,25.967981,26.087982,22.356308,16.034904,14.318042,16.135296,19.862186,19.757469,17.502768,21.403728,21.330748,17.374840,15.729962,11.829342,3.155034,13.327422,12.341988,7.492453,14.190590,22.109978,23.675680,19.779545,22.275406,22.396118,13.556136,17.348225,12.495261,15.198351,4.456849,26.919863,21.745491,20.054718,39.063225,38.964256,20.549700,27.058294,25.403605,19.037241,21.874641,9.919070,-2.695420,10.684013,21.085217,19.896479,10.623712,16.636065,19.685303,9.324845,9.707186,-2.494111,15.307380,11.015755,16.264097,4.799134,6.428968,4.435493,10.390729,13.728346,13.437441,8.260124,14.151295,21.566975,17.373579,10.125793,22.508842,24.282675,23.088089,20.029297,6.161981,17.290197,18.282278,15.764905,6.420184,14.905165,19.275490,5.017819,13.302567,0.424811,18.674561,17.654507,14.591167,14.690077,15.712559,11.321887,13.327812,3.766002,-1.585192,11.298000,10.830275,19.228626,22.883614,18.152534,24.326138,30.646803,28.577974,29.230511,33.346619,31.920925,32.817455,33.630608,30.318897,26.122454,25.787203,24.909983,21.093340,6.651520,9.045485,17.138208,17.653252,17.445309,3.742804,16.154276,14.234161,13.021729,10.202209,16.672953,16.030508,6.996390,12.735685,12.744898,5.580695,10.186783,17.800272,13.367845,5.882792,15.533582,3.181347,16.141298,21.720772,24.281952,24.088881,19.912285,15.392469,12.839912,10.007965,8.778290,6.399475,9.733325,19.368729,20.688538,8.271667,14.441561,7.667907,2.956122,20.394951,23.138210,12.429767,14.152335,15.424651,1.979288,16.577307,23.232279,21.957808,7.263783,21.454508,11.158812,22.239326,26.582060,25.793545,25.747402,36.191872,25.686222,31.970627,14.603934,31.307993,24.652967,25.208782,28.821869,21.743963,22.800205,27.929558,25.842995,21.866371,26.723413,24.968090,13.809940,26.986393,28.072691,9.982556,20.233280,23.416422,1.544592,25.603848,29.618187,24.442883,23.784760,27.229216,23.616783,19.486372,23.435204,20.950010,12.216553,25.975492,27.982656,25.464901,21.757029,23.760582,18.912033,15.816545,19.398212,13.029016,14.407855,19.825819,16.985325,22.262741,24.273365,17.950871,15.641889,19.736044,18.034191,13.108557,8.998039,0.147090,7.094266,13.211403,13.466343,16.863150,16.197021,17.652287,21.518965,26.026726,27.739750,27.321842,28.931679,28.498041
[0;32mI (9850) ANALISIS_ESPECTRO: Frame exportado | t=9.19 s | pico=93.8 Hz | 52.9 dB[0m
SPECTRUM_FRAME,10.207596,93.750000,52.941681,hann,512,30.957523,26.741991,51.067215,59.730850,55.808876,42.334641,52.941681,51.589779,35.621140,45.742661,46.745079,34.146141,40.295834,43.545517,34.467918,36.113373,42.120071,36.309277,32.633537,41.339211,37.471546,29.349813,39.534107,37.845959,24.089439,27.554504,29.539581,21.480652,26.762814,27.644903,11.057858,27.055653,32.751072,25.575661,23.297611,28.804966,20.763096,23.458006,31.431656,27.863312,25.813148,36.331726,34.920067,22.662632,32.363964,33.329681,23.086449,16.619795,18.166346,13.070490,24.173481,30.072792,25.449444,24.868729,32.414589,29.224751,18.641102,24.034119,21.873386,14.622116,24.481663,30.813663,25.258493,32.188793,37.859749,32.606853,30.365536,37.481258,32.519447,16.386078,28.173388,23.667860,11.427737,25.923218,27.608063,19.716942,26.316860,27.264629,16.995218,16.843296,17.305117,12.612133,11.836905,19.208057,12.829216,3.783535,23.541601,24.487907,16.617481,24.116341,24.718166,14.735661,20.387211,21.720081,22.714771,20.514433,25.409962,19.166073,19.576576,23.324289,21.482712,19.822468,24.452562,20.513838,11.436689,18.891514,22.996939,20.373232,20.912437,21.684465,7.218318,19.933460,18.884508,16.107443,24.652927,29.555056,23.867388,23.961037,31.444649,28.257477,17.962112,34.464653,33.548740,31.887369,45.253899,46.346569,37.441326,47.823109,51.564182,43.588005,40.886932,46.941544,40.732136,25.153477,33.896812,29.973484,19.376448,28.644222,25.970819,17.862320,30.084591,31.113686,17.855398,19.373344,20.791477,15.485905,18.669828,26.681986,21.791359,7.400805,16.347609,17.238861,12.823610,8.881119,17.483130,15.657477,22.187214,26.094490,23.740026,20.640579,25.106853,23.875311,25.795593,24.902420,18.340118,20.659201,26.882465,21.662670,15.697285,23.956520,20.881615,12.029270,18.421423,17.882233,19.178917,26.157303,25.029181,12.244654,22.533558,26.453896,16.586834,17.392900,19.656738,19.587465,13.346625,4.640772,3.685338,9.975690,28.344845,27.259068,21.733141,37.114750,39.812370,29.900795,27.299816,30.856590,25.476065,23.525414,28.931404,25.458717,14.658278,9.554758,14.980444,3.887565,21.291241,22.301332,15.966982,13.725264,21.465435,19.654337,21.796104,23.158836,17.958466,19.012379,18.360920,3.441126,7.971284,15.654236,7.289271,13.492277,23.637730,23.134789,16.252214,22.822283,24.034853,22.278709,24.934435,23.685631,20.025208,11.107007,15.487662,9.941344,9.519793,19.056170,19.089283,18.210056,13.077402,14.537889,1.469827,14.399009,10.804380,19.468750,25.592888,26.485090,13.297740,18.767347,18.261887,18.390461,28.275467,33.586021,29.251740,26.027411,36.502750,35.193123,27.123943,41.136848,41.925514,31.682793,32.983192,34.728184,6.738112,21.655933,27.552742,17.885845,24.693537,26.259075,21.701719,17.620987,21.943539,16.205406,14.517109,18.725050,18.693108,18.277475,18.376678,15.119224,10.855740,18.487680,21.512169,10.915261,13.208773,10.927072,16.501234,20.441700,21.175394,19.354509,20.890064,26.861420,25.342735,20.313778,24.701218,22.411711,11.659098,15.232657,18.271473,14.973951,15.742479,17.046078,12.809450,10.450603,19.137314,7.668382,18.074402,18.653465,14.278426,17.037546,16.338017,14.071550,8.712173,18.938616,21.885029,17.357410,15.006385,17.039925,19.934660,24.487114,27.514347,25.208763,30.745642,40.258011,40.637096,33.734711,29.099123,29.764763,25.246790,21.682297,10.112459,15.884184,18.139521,18.531778,-0.058219,18.374077,22.884829,20.292437,15.375574,16.612417,2.467985,13.697443,17.056000,15.611715,8.426541,1.848574,11.152488,6.419117,11.640900,21.066170,12.636711,11.468277,16.243027,21.116266,23.476200,26.522835,24.431925,22.847242,18.219883,20.575525,21.470615,19.307245,17.725039,18.307302,13.991347,18.165981,17.662558,14.428087,13.351941,5.801125,17.886692,19.720913,17.122080,16.392284,16.764694,18.883783,15.302670,19.583384,20.258801,15.835918,20.864237,24.708986,15.752712,22.165194,31.188128,25.235226,22.924097,29.671608,31.421106,31.128933,13.883263,27.200243,21.975967,21.446613,22.736252,6.490734,17.100883,15.820263,18.314217,12.954561,16.524504,4.205972,17.979694,17.684624,11.407345,7.583521,18.815758,20.397501,14.530502,13.437667,18.190615,18.843485,15.340696,4.380218,13.433207,1.783198,19.206827,23.143923,21.260754,20.224472,23.019121,26.607891,23.993425,22.940844,20.682516,13.380097,17.385386,19.992832,13.252639,16.923592,13.078918,16.776304,21.915094,22.646572,19.363102,19.998995,22.297268,10.328924,18.850800,22.005060,18.609386,14.190541,22.305136,12.178669,21.574764,25.027756,21.003159,17.750984,29.212839,27.711363,27.505037,38.170822,38.645763,35.268631,33.455078,29.245024,14.433707,21.825714,26.220798,18.053986,21.461868,29.052942,24.114292,16.558722,27.845463,25.848120,12.914433,27.868431,28.080128,11.090032,22.868368,25.845467,20.944174,27.228220,30.329687,23.050655,18.729801,26.233017,21.705730,20.468321,26.330690,23.265549,19.003611,25.609568,27.823877,29.237885,29.575727,28.310976,22.277906,21.746822,21.504896,2.339413,11.951223,15.642524,15.344472,20.524628,24.309828,18.856857,16.779964,18.504749,14.920723,15.614848,16.072035,12.026719,5.958827,17.307039,14.273930,10.992748,18.924084,15.222912,12.309140,19.573242,26.659836,21.746523,20.572901,26.884497
[0;32mI (10870) ANALISIS_ESPECTRO: Frame exportado | t=10.21 s | pico=93.8 Hz | 52.9 dB[0m
SPECTRUM_FRAME,11.229958,93.750000,52.399673,hann,512,30.276066,27.547817,50.670319,59.222939,55.508038,42.230843,52.399673,50.961029,35.477329,45.557297,46.214661,34.071651,40.127014,43.056026,33.962414,34.871517,40.195175,33.698994,32.228970,39.988880,35.165974,29.177307,39.959343,37.528446,20.975029,30.629215,31.309225,18.634314,28.308773,31.721859,8.647629,28.481277,35.745735,28.906900,22.809071,29.042980,23.065323,23.499468,30.461634,26.695919,25.536119,36.811443,36.178204,24.156912,32.386555,33.956970,23.711842,19.013399,17.913372,14.619838,26.124380,32.662617,28.200014,27.749865,34.291111,30.232944,17.937521,24.201279,19.022577,12.927265,25.436125,30.578213,26.038734,32.033901,37.001919,30.996239,33.134369,39.212231,34.066452,19.000580,29.832069,27.396099,20.268291,28.399622,27.362293,12.727880,29.286781,31.467197,20.075655,22.864077,27.350155,19.419241,15.087089,24.359016,18.030678,3.921298,26.057129,25.265348,7.676378,21.822197,24.338982,16.168993,17.535927,23.659723,21.361500,0.499671,24.299582,8.652631,14.497847,22.662617,18.805258,12.006218,22.659176,21.811863,11.444267,23.025579,23.464298,12.592763,24.662682,28.056009,17.139420,19.029434,21.764383,14.971852,22.631380,29.136496,23.679611,21.236088,30.378967,28.849545,18.608719,35.232113,33.432961,30.703632,44.943954,45.912628,36.317017,47.575993,51.181679,42.592564,41.652546,46.636585,40.307159,24.627224,34.407951,30.456980,21.067165,29.511003,26.485710,17.172951,29.268551,30.008642,16.784336,21.245380,20.995831,9.483926,20.712433,26.583088,19.310219,6.957818,15.728939,12.140598,12.230729,14.958186,12.746819,18.824883,25.735306,25.219837,23.762024,24.014889,21.543648,22.806433,22.761990,15.105497,19.754450,25.189037,26.763035,21.086750,19.693592,23.525463,19.559643,22.566145,24.330421,14.373882,14.547901,24.517849,23.884663,17.221777,24.544847,26.605284,20.463030,15.431982,17.854492,13.378185,14.043734,8.461789,4.692960,18.288544,27.107689,27.571358,21.248154,36.793831,39.733391,29.879860,28.091955,29.859676,16.692743,26.724932,29.909481,23.806162,13.767924,17.668858,10.146914,18.736052,24.810762,19.079178,-4.501885,12.662083,17.770046,9.907181,15.519611,20.518293,15.300654,18.893162,24.299576,18.273678,13.106418,21.497824,7.702074,10.093275,26.152321,20.837379,14.249557,28.174629,30.560349,26.449100,15.301769,26.955404,19.630337,21.030411,10.415425,7.157371,18.040871,20.289921,13.229248,7.930893,12.542473,13.778571,13.069091,5.923752,6.831027,-6.636175,20.289246,23.968815,16.480755,3.823297,14.097805,16.221817,23.045181,31.252520,29.213737,21.157114,35.478348,34.978828,20.373991,39.789303,40.447235,21.878893,27.208168,35.310013,29.551756,25.127771,29.196945,25.694302,20.146074,22.509865,15.593727,17.570042,18.641277,14.343461,14.806234,8.940886,11.736301,12.416666,20.157890,22.303019,14.933651,13.429159,13.706230,3.966534,14.921154,21.143305,15.727335,5.885734,24.228449,20.324913,-9.437987,26.637146,26.040956,17.091808,15.041016,20.093916,10.062849,16.561134,17.641338,9.230896,18.625811,21.883821,19.121355,11.873536,6.095278,4.855331,14.684946,12.220420,17.028894,9.110548,19.109709,20.215549,15.664464,20.896795,20.636852,17.863613,17.906439,14.320827,-3.966136,12.804520,22.751867,14.019176,26.251154,39.271614,38.866737,28.780193,32.673370,28.775429,14.458464,16.610037,11.387683,12.171217,11.116122,21.339808,17.371696,5.673514,19.156269,17.076031,10.858774,15.653341,11.099100,7.194284,5.913628,5.693463,13.857824,12.414928,11.594667,13.576878,12.686134,9.547595,16.854536,17.467350,21.882767,17.051752,22.216681,26.973696,26.882641,18.504852,20.007048,19.555681,6.358416,3.203116,15.453451,8.859961,13.352536,12.421413,11.728716,14.879881,6.149283,11.233589,17.182619,17.429800,15.839768,9.246683,-4.658934,10.313945,15.520369,17.270092,6.494798,15.403713,21.570774,26.608559,21.670277,23.257113,31.213936,29.724567,27.789265,31.878632,33.355423,32.609497,29.597332,30.473137,28.092556,21.520758,24.588928,21.009066,5.372167,16.858084,16.384275,15.402484,19.948174,17.161861,2.639831,16.139868,16.032097,8.000595,8.907791,16.192024,12.781129,7.332826,14.531509,10.792387,16.018024,11.078051,13.557695,8.947871,17.988585,16.183487,21.635799,19.252789,22.642521,26.935015,20.416224,17.625130,23.740402,23.644960,21.560862,16.181881,10.476519,16.664078,20.824299,17.345177,15.608077,16.666319,11.650497,15.710348,16.821676,11.063071,21.706316,24.560444,21.716061,19.506334,19.888731,14.995307,19.678682,25.005770,21.668163,26.068228,30.113987,27.836973,27.097668,38.040710,33.265724,31.129921,28.847702,29.508331,23.076191,14.151802,23.180456,18.634529,21.411266,28.979992,25.100384,14.276987,25.419765,23.678551,13.277435,25.140972,27.662107,12.906410,21.659517,24.673273,16.688602,26.687832,29.606169,22.542143,18.314920,23.900780,20.110222,10.693307,20.064371,25.437906,12.230868,27.702705,29.481731,28.719242,16.375011,25.998137,21.722111,6.175383,21.643017,8.635586,19.418619,21.669405,12.389597,15.512518,19.453981,17.411606,15.040833,12.502716,17.929424,3.816532,17.319918,17.608068,16.045238,18.064669,12.984699,11.453500,15.374641,17.563822,19.525993,13.125631,26.208982,26.799946,24.777830,26.517239
[0;32mI (11900) ANALISIS_ESPECTRO: Frame exportado | t=11.23 s | pico=93.8 Hz | 52.4 dB[0m
SPECTRUM_FRAME,12.252316,93.750000,52.469387,hann,512,26.968470,21.090054,50.895203,59.050079,55.226303,43.095032,52.469387,50.758278,35.145943,44.955330,45.621738,32.292847,40.194519,42.160301,32.186436,36.324738,40.159462,33.586784,34.569294,40.733360,35.623936,30.504639,39.924217,37.267551,20.668453,32.606236,31.121569,22.896214,11.941483,23.531416,28.095375,29.394777,27.188280,25.914303,31.242838,33.256817,25.015574,21.792204,28.111862,28.436911,25.063908,34.952789,34.285458,21.947872,32.101505,33.281116,18.900425,9.896081,12.354050,13.328060,23.653765,27.740763,23.421812,26.709396,30.890589,25.744884,15.394342,31.401569,29.306168,8.664062,33.050850,35.872616,16.992136,30.965847,41.271751,36.026237,32.879650,40.948967,36.627918,28.206942,35.891712,32.817665,17.356781,16.853830,20.874580,11.142217,29.991247,30.487499,21.466848,27.343378,27.956425,21.645927,10.192020,13.526266,10.666284,16.539234,25.446953,25.026863,18.646572,21.030701,27.013494,28.008251,25.911543,18.614180,27.813381,29.374580,29.642466,14.201403,20.633282,27.748486,21.926422,17.364239,21.738060,20.022566,13.300830,18.101456,16.747532,11.923820,20.387316,22.403582,11.425309,21.443432,25.098747,20.265291,26.817358,31.074669,26.709686,24.000153,28.355028,24.569132,24.706303,36.729847,35.081203,28.170977,43.674942,44.656334,34.863190,45.998539,49.159412,40.488049,41.945885,45.487984,38.852654,25.971268,34.939537,32.273270,12.251548,25.442114,21.867371,15.953622,29.164246,29.554298,17.524302,23.248375,25.638664,16.920645,14.036320,23.885839,19.897936,11.455944,18.804609,9.261455,12.659179,21.069016,20.251392,14.369303,23.394150,22.814964,19.255451,27.481934,30.936394,26.353598,25.467205,22.459831,8.014523,20.830910,26.286867,22.206772,19.783556,23.406170,18.638231,18.783009,22.151594,19.328892,2.909476,5.918438,15.365211,6.894077,21.361839,24.962967,18.613331,7.054929,17.664949,18.498476,16.412134,21.081324,19.270538,19.206083,28.135374,25.394062,25.787477,39.557556,42.112198,33.846764,30.311291,31.025686,28.727692,22.706163,26.314190,18.803144,13.180140,-4.519330,9.604429,10.785127,21.559994,19.054344,15.393310,12.960805,14.589152,10.163500,18.994644,19.876806,9.296162,18.834925,23.646267,19.820114,15.814022,21.363382,20.425024,21.531096,24.362804,19.433283,10.370796,24.598888,27.046326,27.599720,24.422260,19.697083,21.507099,23.786716,18.842346,6.321666,18.201740,16.269260,10.626909,0.326955,13.159223,18.322355,15.249449,17.235359,19.336361,16.339279,15.675057,18.820856,19.141562,19.015310,22.660494,23.333279,19.806198,29.657402,29.617613,22.907946,36.084908,35.335953,29.044779,42.874912,43.248779,33.927341,36.823620,36.692013,28.456291,24.828850,28.751030,21.136267,11.897482,14.957485,12.048685,19.093557,25.546152,24.027155,20.125648,18.293837,16.659533,16.119726,7.741287,20.613556,16.160074,17.597933,20.290632,7.922237,19.682034,23.346292,22.014771,23.449591,25.647203,22.554052,27.412823,26.304369,20.914812,27.148809,27.568718,27.740337,11.582869,18.045715,20.027691,12.984427,15.390139,3.124845,7.128624,7.159047,-2.014179,9.567779,17.038303,18.365963,18.335609,9.599223,17.578411,19.665125,14.889635,20.878128,24.491753,23.109301,10.045269,13.151885,15.974759,5.295873,28.124443,24.561214,24.182005,38.274075,39.287800,26.608448,29.751648,30.413187,8.339034,24.570915,19.755365,15.252045,18.473534,7.413379,10.469070,8.423611,18.410648,17.904886,14.216511,18.977903,17.060764,17.153807,12.127031,10.212821,12.055199,18.628986,21.023874,16.747854,7.123646,22.527275,23.742161,-1.521462,27.435989,26.908102,23.868568,28.962946,30.071764,29.581734,21.726616,27.792730,20.813660,16.648853,22.159267,21.098953,8.486485,17.184628,11.914598,12.902179,12.260584,10.984171,6.270989,5.436225,5.451556,14.688816,18.316820,13.888317,9.201592,4.046860,13.295642,14.911161,21.335941,27.407833,22.280596,23.954433,31.016159,28.085075,18.469961,24.407372,22.546270,28.548414,27.697155,32.776829,24.626791,22.015009,25.063866,19.479225,9.879000,19.569349,3.639071,16.396997,8.130874,13.434678,14.054005,12.931962,10.531128,11.551061,15.137289,15.068383,18.164202,15.463057,8.190697,17.709627,16.789999,12.728132,24.420071,25.890627,25.974180,20.537762,28.159542,27.527504,14.898531,25.312656,20.796051,14.043818,24.608753,16.809746,19.540182,14.795562,17.654285,16.045670,21.346573,19.028048,16.876617,18.099213,13.908887,18.301710,24.115711,19.210197,16.969763,21.956287,20.272924,10.612617,23.112020,21.983459,5.837755,15.687737,16.338451,21.172413,21.735821,28.504395,33.839958,40.086266,34.875931,35.678513,33.394070,27.881269,26.218704,21.278019,27.694580,22.109024,6.009591,25.773884,24.133049,7.380171,21.448572,23.303259,13.546500,23.499287,27.206285,20.035984,23.241194,26.276722,21.831009,21.847284,28.497486,23.885056,19.364206,25.684589,19.890907,15.014949,23.300276,17.420425,12.888665,24.789597,24.590185,21.790840,21.204292,19.076689,11.063438,21.945610,21.569950,16.412304,17.748926,22.611507,23.868050,19.382202,18.882627,21.385525,16.843622,16.104418,17.686295,12.234385,22.034649,23.866766,18.954613,6.347165,9.932317,12.612189,18.400600,25.389139,25.145884,23.995840,30.163385,28.054279,24.859276,35.265469
[0;32mI (12920) ANALISIS_ESPECTRO: Frame exportado | t=12.25 s | pico=93.8 Hz | 52.5 dB[0m
SPECTRUM_FRAME,13.274681,93.750000,53.888321,hann,512,28.299980,29.030716,49.752228,58.143177,54.526550,43.125031,53.888321,52.485500,37.073494,47.374489,48.054947,36.031387,41.605625,45.034225,35.627289,37.034927,42.563393,36.450394,34.281960,41.711460,37.638008,29.709986,41.372391,39.188141,20.953945,34.791252,35.377430,22.591972,26.325260,29.293320,18.686235,32.161510,36.333664,27.712963,27.173767,31.344311,27.351490,9.384411,28.506390,25.371056,15.021482,35.570259,34.937763,17.797270,33.354095,35.196472,22.955181,23.945412,27.632011,18.986076,14.108620,25.949623,17.178452,18.257505,29.367674,24.431076,19.812223,30.093098,27.102726,17.747725,30.595062,31.103456,15.372926,27.689636,30.890463,21.786890,20.010290,24.508690,19.373440,10.968857,12.905981,4.589678,3.137993,17.513649,18.496700,9.873363,16.781378,17.792278,12.976437,21.254122,21.072214,3.278958,20.959507,22.081041,1.921514,15.634661,17.070389,0.170466,1.975134,1.586603,5.435255,6.790657,16.685949,3.752396,13.508352,17.109196,11.031895,14.800076,12.355500,8.135540,13.773355,9.413353,6.381710,9.804293,13.673504,12.330534,12.020533,13.184628,6.948837,9.128659,7.877903,7.497082,11.734532,1.887664,13.377825,16.487629,13.274308,11.194348,12.904581,9.547258,18.607960,24.224957,20.568863,20.014734,29.943882,27.754688,12.440142,30.994284,30.077488,17.917053,27.767591,28.900524,19.305344,19.402363,23.267395,11.584701,16.300613,12.688342,3.209096,13.836270,16.216122,7.553819,7.119960,12.436848,6.897606,11.305431,10.129991,7.391990,16.321602,16.795647,10.860386,15.350274,19.955114,18.077562,11.254997,16.667112,18.019657,12.653301,7.472440,11.821106,11.863119,15.339622,19.132936,16.326862,14.229431,19.637499,17.864151,8.019054,11.419058,10.707322,0.822770,12.750299,15.975089,8.311228,15.042961,19.980658,14.539196,9.734698,16.909481,14.214336,0.311423,0.921914,4.583933,3.667996,11.422124,11.248408,-0.854484,13.495126,15.481478,4.775221,11.239279,13.736018,6.718777,6.526009,5.816932,-1.944709,0.489450,5.989144,5.169394,-6.110317,6.842192,9.435629,-7.477979,2.587255,5.252885,1.983362,0.776809,-8.181999,2.427652,-4.034999,2.491623,-4.028363,2.398649,1.451183,-15.754469,6.110039,7.888437,-0.412149,6.283965,11.081877,7.181806,0.824656,10.615303,10.063901,-1.119774,6.160877,8.781048,7.636127,-15.119833,0.734102,6.622253,1.171731,5.730541,-1.061463,0.639787,10.788678,9.977728,-1.911906,9.990175,11.899843,6.911856,2.494631,7.349916,8.251760,8.276792,8.988966,5.467071,12.084632,14.580145,7.448725,9.663990,15.189290,10.460735,-1.142297,11.425220,10.220770,5.087300,7.368174,5.533912,6.837521,10.893709,-0.138670,7.168416,11.300549,9.413209,8.201769,13.052897,10.889506,10.463318,15.730742,10.537629,11.033630,16.689648,13.096645,7.359894,15.358377,14.567876,4.890944,10.862391,13.522232,8.247021,8.440866,13.279513,10.241320,9.236132,15.928401,12.156666,5.829349,16.137045,13.691062,1.436209,13.073696,13.404871,-5.191240,11.203265,11.164498,-1.614286,11.977798,12.283067,-1.003336,12.085587,15.023283,6.932263,11.862058,16.427036,13.266228,8.533001,16.376738,15.317539,1.142995,14.520111,14.694499,3.090084,13.017057,13.407197,11.012416,11.571541,13.821007,14.640874,8.030111,12.154053,14.167961,9.074913,3.786783,9.343510,7.260840,8.372639,7.216575,-2.479655,9.604604,12.015767,9.126437,-1.084105,11.663070,12.174049,6.924629,3.637984,10.563970,10.730585,6.125516,4.541937,8.351960,10.288548,8.651157,6.123380,6.989051,10.401472,5.083376,5.723883,8.051815,-3.608882,6.358785,11.470985,8.586316,0.349800,11.877338,11.715185,1.508690,4.177326,7.730073,-3.155968,3.103859,7.432480,4.212484,7.724690,13.821550,10.814800,4.785828,14.149466,11.350833,-7.534934,10.467276,6.242931,-1.444448,4.903320,1.797233,5.121862,7.946410,9.241029,7.602032,11.091580,12.751695,8.840794,10.929174,14.409743,10.371180,7.483365,14.127935,11.854971,-0.740352,12.362978,12.143588,-2.062309,9.890770,11.738544,0.208683,6.517387,11.415210,7.328523,3.284691,10.930682,12.490964,3.136636,11.747057,13.874037,5.954534,11.209445,13.541802,5.012912,7.586140,12.003128,5.256905,7.388311,11.693966,9.424025,6.681740,14.514246,11.909309,-4.172193,14.902239,13.986713,-1.603802,15.437181,15.396566,-0.905173,17.550365,17.128719,-2.229931,17.017870,17.941742,8.075894,14.198195,16.997585,10.166473,14.183762,19.067850,9.714030,14.976262,21.456963,16.325724,12.663947,21.918219,19.676348,4.796515,22.250853,21.671654,-1.154775,22.216080,24.168215,13.702673,20.313528,25.256460,19.039804,16.939018,25.155199,20.543301,15.651326,25.661535,22.355310,13.132341,26.130096,25.102938,11.381897,24.897751,26.334536,17.150057,21.472570,26.122215,19.322882,17.395969,25.334414,20.563232,13.909758,24.391026,21.519258,5.912870,22.695229,21.953306,6.197458,19.712194,22.194183,12.371922,15.979822,21.495352,15.067799,12.380181,19.020647,14.412317,11.811280,15.014942,10.210128,11.037542,13.015861,6.391653,6.580000,11.598658,6.402429,6.958584,7.343803,3.693071,7.361126,7.914214,-1.028924,3.263113,8.145529,-0.807200,-0.621297,4.141589,-5.656572,1.820977,-1.804310,-10.316286
[0;32mI (13930) ANALISIS_ESPECTRO: Frame exportado | t=13.27 s | pico=93.8 Hz | 53.9 dB[0m
SPECTRUM_FRAME,14.297051,93.750000,53.926197,hann,512,18.680349,17.111082,50.118210,58.203407,54.295959,43.247437,53.926197,51.818348,35.117867,47.971107,47.748905,34.565208,44.406738,46.335579,37.661251,40.879799,44.032001,39.254284,35.820381,41.292095,39.946087,31.085514,39.840805,39.476341,28.029449,32.762424,32.894405,18.520519,25.204994,29.616966,24.402889,29.673237,35.446754,29.203457,22.700161,28.846546,21.225979,19.941631,30.350574,28.340700,22.687355,35.631519,34.544479,21.669487,34.101913,34.196861,17.715481,27.137627,29.064943,14.780231,11.007994,23.469215,17.859751,21.090336,29.517527,25.413269,19.298445,31.389311,29.451246,16.891081,30.380171,30.144413,15.586477,27.158072,28.793514,16.491211,21.132408,25.609886,17.528284,15.442188,19.487700,9.796866,14.217289,9.628378,15.237733,14.997458,12.741017,20.248259,16.614721,18.945698,21.040476,14.495069,20.891115,20.866201,10.244324,19.724569,20.190197,10.508285,14.166252,15.054678,9.739301,7.998297,15.085695,5.579371,7.749104,20.588623,18.142555,1.057397,17.852997,19.193726,10.467773,10.175865,10.244419,10.390631,12.856903,15.542136,6.230403,6.716256,16.931309,11.050756,-2.247778,15.955349,13.646875,0.821433,17.478077,17.377136,2.497021,14.014828,15.843151,5.264168,9.264315,5.543845,8.667684,8.650653,16.129026,15.712753,5.474874,17.014944,18.519951,12.541601,12.565083,17.567926,13.627276,13.094610,14.258666,7.724203,13.350034,14.047491,1.778680,7.828567,12.267040,10.460226,7.799928,3.741240,9.054913,4.936468,3.537134,1.024726,0.850756,-0.770925,-3.302429,10.880929,11.724424,9.818861,12.063006,13.625464,12.710670,10.682671,8.834868,8.423076,5.654302,-12.096397,6.508417,5.814919,6.661284,12.713799,11.419609,9.662226,13.269347,11.053515,8.990188,10.410308,5.928433,4.570059,2.476355,-14.654577,-6.735917,4.143502,6.964968,1.156681,10.926331,13.467291,7.999672,12.755325,15.292286,10.330377,11.169692,12.602582,7.217283,6.238968,3.361670,0.604408,6.036137,8.679863,12.624016,11.130955,11.038075,13.770894,12.626854,9.421433,8.810022,9.987272,5.924246,1.682326,6.435108,3.498955,4.682046,4.737924,2.632936,2.440598,-12.261074,4.877662,-1.359369,1.813130,8.527217,9.028343,2.505176,8.374095,12.270187,5.531454,6.158373,11.681646,5.411682,5.533619,9.386615,-1.048176,-0.331793,6.380308,9.565745,2.571218,4.327134,12.170971,7.924387,3.377916,10.657277,7.273860,2.017020,6.436315,3.475515,5.423776,1.657104,8.345683,6.161166,3.572366,11.230092,5.165491,7.419682,9.530791,6.336274,10.140341,-0.823420,9.535261,12.235417,12.749190,13.698602,12.441510,16.916037,16.336859,8.838859,16.460983,15.542738,1.510351,13.727388,13.562199,2.186555,12.808699,17.032118,11.082777,11.491331,18.456038,14.832003,6.650093,17.411724,15.806476,-2.857316,16.040951,16.451246,4.538636,14.142493,16.395487,6.195123,13.013882,15.278769,-6.801522,13.536627,16.034510,10.242006,10.563679,16.067675,14.611812,3.083384,11.580145,14.201049,10.521519,9.726008,9.735519,10.825163,15.085401,10.761914,4.480274,14.189963,14.041619,1.544692,9.603382,13.981386,6.113861,8.355938,14.127265,12.609909,0.012572,13.104362,14.141149,10.668280,9.804688,10.207733,9.897964,13.445386,12.678110,5.572590,13.528809,16.196795,15.048168,10.633207,14.142299,15.388884,9.496429,5.345409,9.566281,-7.521007,9.434094,11.836992,10.503994,11.838628,14.738905,14.042465,9.083043,12.936107,11.751281,-5.223107,8.315583,6.714735,5.289255,8.098935,6.816065,6.040779,6.931610,9.457043,-5.248380,9.245277,12.334652,-1.558543,13.021831,12.938011,0.241668,10.905475,8.737079,-8.672036,-3.288160,-1.330297,0.520819,6.075340,12.010589,8.939421,6.121075,13.526726,11.549987,-6.188465,10.176012,10.550449,-2.545924,5.367941,5.467611,-1.478090,1.494620,-6.208189,-12.140503,-2.098201,3.692573,1.306955,4.924911,8.641933,6.728902,7.617405,9.496965,6.875531,8.870831,8.682605,2.909100,8.061847,9.221978,3.441640,1.582030,8.580251,6.323048,-7.059249,4.945770,5.704038,3.211197,4.896134,9.526272,7.883515,8.412983,12.136034,10.993542,11.109096,11.719501,10.965206,11.830816,12.318697,7.378001,8.458382,12.979288,8.031492,-3.992106,10.057554,9.756233,0.312361,1.110014,7.126521,6.230951,-16.381035,6.458006,9.740497,-3.335776,7.396339,10.490333,3.444411,5.058191,8.747826,9.081446,4.217175,11.052748,14.990913,9.321507,12.086187,17.466455,13.535431,7.173035,17.399622,14.801513,3.805285,18.371447,17.012171,5.081427,20.448418,20.579983,2.999604,20.196915,22.277039,12.410979,18.001625,22.461327,14.331889,17.465155,23.092203,16.375744,17.014519,24.142567,20.763531,12.505735,24.182007,23.417969,1.779658,23.421131,24.455910,9.137432,22.560448,25.179470,13.655693,21.495422,25.820160,18.535124,19.362511,25.437550,21.442982,14.976617,23.616810,21.642199,7.205086,20.961706,20.776493,4.360634,19.517044,21.733599,9.018800,18.723114,22.438324,13.870710,16.134874,20.965546,14.788359,11.178734,17.519531,12.856797,7.308478,14.355343,11.323747,6.511856,11.502401,10.178808,8.340023,4.165573,10.280508,9.574917,-6.772128,11.992583,10.099530,0.777905,11.068281,8.475381,-2.810805,6.442501
[0;32mI (14950) ANALISIS_ESPECTRO: Frame exportado | t=14.30 s | pico=93.8 Hz | 53.9 dB[0m
SPECTRUM_FRAME,15.319403,93.750000,53.153721,hann,512,33.103569,27.849443,49.485073,57.773170,54.206921,39.887764,53.153721,51.327843,18.065832,46.793346,46.613716,30.800341,43.075008,45.390965,37.766308,36.737045,42.806168,38.610043,31.681040,41.068855,38.075947,24.655926,39.383465,37.907063,30.636902,17.869411,25.699778,34.992023,40.913353,37.676529,29.601898,42.469734,41.804939,28.675182,36.804188,37.619946,30.067505,23.161240,33.431465,29.972050,31.260511,40.117943,37.389149,21.850595,38.313725,37.797077,25.448040,25.989376,30.535797,26.765060,27.249529,24.004501,11.209538,27.317331,29.763250,21.748718,20.563824,27.822134,23.959175,21.085167,29.280815,27.379631,17.062788,26.452572,27.188931,21.765133,18.737520,19.814913,20.881044,24.565434,21.003906,12.673310,24.108559,23.012154,9.087559,18.423512,16.923416,3.336180,13.838305,17.131086,13.374881,13.571382,22.938795,21.023006,6.494810,20.704868,22.478920,15.882087,-3.748626,16.819933,16.394741,16.610338,11.062116,5.697949,14.579023,17.975906,12.176914,5.881949,12.163103,16.666204,18.362505,12.093199,15.709262,19.533487,16.793360,11.994325,15.944953,16.308952,6.772935,8.866819,19.221085,15.323946,10.864135,19.624846,17.840464,14.961464,16.607006,12.590191,14.147339,13.488274,9.836052,6.125094,4.195877,14.564115,13.111551,11.774015,13.751566,13.530853,14.146372,15.198318,13.039762,8.266714,11.779376,15.565214,13.938212,7.103886,13.727167,14.678476,9.788762,12.360565,8.888014,-0.714844,9.690805,10.502553,14.760885,9.866552,8.031327,15.991100,15.207176,12.665128,7.570039,13.784616,15.318855,11.610716,7.550840,10.369951,14.544920,13.150259,1.107503,9.839386,13.476891,11.841984,3.524181,5.252795,10.750820,10.126989,6.950561,1.838847,12.115990,12.795247,10.477897,11.373499,12.348622,14.775094,12.234446,5.551674,14.100964,14.632643,0.814890,7.432023,13.125719,8.731773,6.181371,7.111794,8.003093,9.160167,9.068726,4.277463,3.482986,5.721657,1.784747,1.724137,3.119474,-4.588039,6.143935,11.957279,9.550111,1.764866,12.261262,12.979728,5.723258,7.800561,13.926037,11.251168,6.529105,14.143793,12.590585,11.864908,12.382872,10.424324,13.682304,10.971825,-1.758862,11.453583,12.208990,6.612682,-1.096768,9.550133,10.777383,9.844094,7.631798,5.959754,13.947143,13.701511,5.378344,11.930151,14.672615,12.008656,-0.118506,12.232277,11.135792,4.745448,9.982175,3.536449,9.085131,8.694055,-5.577460,8.594293,7.809824,5.385252,7.998525,11.844303,8.354812,7.683197,12.883722,7.749949,3.626263,6.767945,-4.816799,-4.739192,9.108875,10.888891,-18.495983,14.339213,16.741590,6.220270,12.073194,16.390106,12.003971,-3.029710,10.038262,13.875700,6.039912,11.856520,15.977085,10.667649,12.133696,17.166103,14.527799,-1.313452,14.562922,16.271116,10.875387,10.014618,17.217215,12.127128,12.414690,18.387936,14.208233,7.798047,17.615950,17.598242,7.438932,13.571796,17.086731,12.802416,12.255312,15.510647,6.740480,12.679324,16.003754,10.650226,2.380760,13.208708,14.577523,9.446371,9.201413,10.086760,14.050527,15.922121,7.603960,12.343326,17.711916,14.118300,6.712131,16.130779,14.771664,1.758751,13.531381,14.350700,5.293862,11.643316,15.379372,9.764825,7.873890,15.454561,11.284351,4.659443,14.194790,11.168421,2.587564,13.090352,12.042218,0.588965,11.659216,12.512202,4.594139,11.070375,11.621359,-1.377510,10.754578,10.732098,0.005411,6.495361,8.586865,6.308046,2.421829,0.044315,7.580418,7.034835,0.684977,9.286198,10.272765,6.495710,10.774754,11.985435,8.825948,10.862561,11.236256,9.564800,10.278978,9.904333,6.119130,9.316138,9.737331,1.926711,5.010188,7.850831,4.564569,-6.265936,7.075146,5.536602,1.092066,8.870480,8.708061,-3.311722,8.504816,8.580979,-6.225047,4.734764,6.940897,4.543407,-2.143680,5.396255,7.253433,-3.286471,-2.220266,2.936085,-1.700543,-2.550236,1.087175,-1.325044,6.680756,8.877823,-3.572329,9.832092,10.727148,-3.223860,9.397220,9.483211,5.528314,8.094310,7.331908,4.156208,11.487400,10.372820,-5.212019,10.863188,12.071863,5.098767,-0.630358,8.136306,6.919563,7.094598,8.201653,9.499207,10.818892,13.468905,11.524734,11.206703,11.411627,10.160358,10.211702,6.755637,-0.182493,6.840423,12.887349,8.723222,7.254531,13.288395,12.424395,8.888329,12.852705,10.354086,7.851938,15.793767,15.420471,9.066485,17.867220,19.171722,11.759920,18.715172,20.329575,12.731695,17.591883,21.425041,15.897794,15.319708,21.843266,18.588104,14.835815,22.194332,19.471106,10.994435,22.835855,21.926403,1.484728,21.566257,23.830645,15.093412,19.008974,24.071304,17.791332,18.641962,24.850864,19.931593,17.080246,25.641956,22.488647,11.272833,25.008623,23.607464,0.562045,23.962696,24.388943,5.066188,23.067226,25.280664,15.372186,21.010332,25.244640,18.556381,18.524490,24.811766,19.379473,16.424448,24.217014,20.708998,10.014336,22.053860,20.862104,-1.941596,18.854925,19.417547,6.910678,17.578053,18.675285,2.836145,15.272091,16.512131,2.599064,9.628563,10.334761,4.024370,4.250337,10.370037,9.388333,0.804022,9.332913,9.928792,1.219429,0.140123,4.206818,3.314224,8.372618,5.094404,1.235060,10.007525,7.812576,-9.540324,4.781878,2.868359
[0;32mI (15970) ANALISIS_ESPECTRO: Frame exportado | t=15.32 s | pico=93.8 Hz | 53.2 dB[0m
SPECTRUM_FRAME,16.341767,93.750000,51.660275,hann,512,36.533909,33.751137,47.563496,56.041050,52.694992,37.658638,51.660275,50.134296,21.969393,45.154400,44.926285,30.620251,40.116329,43.232735,35.786701,33.407330,40.803101,36.572121,31.630478,37.654301,32.813442,30.841303,39.476913,35.805740,25.558228,36.248619,35.026737,27.663839,31.775066,27.932556,22.720327,32.597584,35.155735,26.031401,26.180571,32.670273,26.912458,21.413668,25.339397,25.479122,20.867319,35.898022,36.301590,22.094612,35.420612,38.286232,29.075191,28.362978,34.291561,27.647705,19.330486,13.042591,14.031597,20.997318,26.493530,26.396093,22.637886,24.977814,27.350103,24.080204,24.363153,24.176075,21.135033,24.144371,25.358641,17.483829,15.745774,22.255657,18.954098,9.607250,8.292091,13.080316,11.965636,19.942678,15.008439,3.898142,19.218569,22.114223,17.281387,13.838852,23.415205,22.026217,7.613981,22.478527,22.955914,1.861732,19.917269,20.872272,8.135396,12.710579,16.371006,13.215197,8.973625,14.917894,11.023355,15.622820,16.751358,6.324205,12.768021,18.667549,16.986500,3.588962,21.178396,20.449158,-7.597449,21.110912,20.075663,7.988838,15.223387,14.599385,12.895666,7.282309,12.374631,12.112410,14.597808,19.488811,14.889884,10.102341,19.556381,17.196905,9.709025,13.119381,15.527142,12.636071,0.239063,11.712772,9.324865,8.384150,11.891942,5.498738,1.275343,9.445021,6.337767,1.394381,3.843278,3.928590,8.546809,11.007508,1.821057,10.257931,13.250837,7.433867,7.518487,10.756845,7.388216,10.389944,6.578569,6.411891,14.298407,14.025450,10.958253,13.197865,15.938086,12.277299,2.904440,12.592281,11.549421,7.713079,-0.761642,12.063282,12.573533,4.433985,12.213154,10.255805,2.649430,10.700011,6.411513,8.727245,7.591218,10.872998,14.892433,8.114699,11.020804,16.564114,12.007022,8.161434,14.842243,11.982157,5.750698,8.075986,5.706575,2.144707,0.710942,-2.157251,2.427594,9.309984,6.566775,3.135886,8.564605,3.053701,0.113218,2.021917,6.106012,3.652177,1.224215,11.636778,8.775763,-0.884000,11.531463,10.630088,-4.803549,5.755091,7.853956,0.732972,-11.355271,-1.107393,2.803034,-0.369046,8.106878,6.841487,-2.429395,8.960830,7.675868,-1.168432,0.147426,1.378973,-2.562379,2.726304,3.482457,-8.571186,9.816985,11.448293,-7.023963,11.989864,13.298317,1.063133,11.020309,11.631716,1.111454,4.616908,5.374251,-5.668294,-9.999882,-0.353451,-1.223827,1.260052,4.654845,-4.575337,2.443384,1.596977,1.650475,2.090278,5.322510,8.784296,1.705569,6.482358,9.099204,5.723953,6.184140,-0.667464,6.817567,9.454615,6.917471,8.144091,7.163598,11.376227,9.944928,-3.222221,8.022192,6.960786,3.023484,6.718079,5.836942,-8.676782,11.631294,13.088955,3.896433,10.884022,14.092201,5.460520,8.283727,10.892965,1.209808,5.893350,12.245732,12.600574,-1.859578,15.460346,16.253241,-3.147126,16.613417,17.069067,-4.990817,16.662285,17.469709,8.900867,14.333749,17.071571,12.187461,7.277661,14.307131,9.832438,2.126896,11.119100,4.888594,4.411498,10.582785,9.909195,2.097737,9.638578,12.418760,-2.493979,12.787627,14.540329,1.299808,14.163371,15.976383,7.782187,11.556531,14.434972,8.622787,4.243499,7.825854,4.193162,-10.765429,5.129171,5.535328,-1.805846,9.488041,10.662417,2.888092,8.497365,11.447523,4.220519,4.656475,9.637131,3.419826,1.560385,7.744517,1.207153,1.647710,6.196194,-2.909236,4.708323,3.005488,-4.550109,7.166771,1.830540,2.189983,7.522964,2.307430,5.314769,6.273102,-0.581918,5.300493,4.620200,-3.326508,4.542968,4.351276,-1.326825,5.943502,5.561791,-5.341926,6.895202,6.548532,-7.487085,6.747802,5.541155,-1.610958,5.848100,-0.674596,-2.694103,0.813259,2.486624,-2.747357,3.710524,10.406836,2.578325,9.092746,13.242737,6.743115,8.945768,12.726569,6.645284,8.472203,10.191792,-5.087022,9.743625,11.559495,6.920192,6.200204,12.773777,12.095141,-0.225152,9.577192,11.265821,5.287601,-0.610372,4.547888,0.121237,0.074921,4.925106,5.408015,4.073064,9.693510,9.232969,6.750053,11.894018,8.740359,2.000644,12.009467,10.948666,4.361019,6.590979,11.640244,11.268560,0.646747,9.664124,10.406775,10.864978,13.636326,8.103541,10.702027,16.476833,13.318430,3.074039,15.808501,14.595684,-4.438150,13.292034,12.756203,-6.988076,11.920988,13.030043,5.154538,10.643745,15.317324,10.064754,12.816010,17.097361,9.704741,14.959172,18.675905,12.015543,12.747984,19.385738,16.377781,4.815297,19.745514,18.724110,7.113706,20.699327,20.118292,6.177234,21.224949,21.642426,5.904064,20.832235,23.575478,15.318356,19.950428,25.142189,19.767559,18.163349,25.536804,21.565771,14.487027,24.873819,22.477491,6.452865,24.002708,24.108084,8.933172,23.096655,25.428879,16.288168,21.725319,25.573149,18.540308,20.142654,25.234137,19.788639,17.406628,24.801321,21.738392,10.502391,23.396950,22.519821,9.391910,20.570999,21.748695,13.629388,17.541412,20.492975,14.524382,15.987262,19.076231,14.555000,14.624614,17.523993,12.874669,11.249851,15.943709,12.323266,3.423940,12.037876,13.220959,8.903356,6.736942,10.008656,11.151605,11.356890,6.103478,5.742088,11.942108,11.883001,2.050730,6.600155,13.082715,12.178141,-3.455902,10.106518
[0;32mI (16990) ANALISIS_ESPECTRO: Frame exportado | t=16.34 s | pico=93.8 Hz | 51.7 dB[0m
SPECTRUM_FRAME,17.364129,93.750000,54.403084,hann,512,39.849289,37.637062,49.982090,58.542572,55.325817,41.544670,54.403084,52.884933,36.474567,48.830296,48.373520,29.179842,44.038319,46.574524,38.653427,36.222595,44.339634,41.051601,29.100130,42.362579,41.116291,24.905317,41.238270,41.453205,30.028271,33.734314,36.838669,30.504967,26.871273,26.794979,18.687126,27.128553,35.125992,33.780815,28.478853,25.618233,31.871984,34.505943,34.733288,23.745134,31.080332,38.098236,35.982849,18.592745,34.102753,35.894577,27.787277,21.751976,27.969206,23.436226,22.102346,25.474329,21.485415,20.468044,28.710806,26.855835,22.610092,29.799229,28.870392,17.197912,29.341454,30.387348,21.166666,23.568272,28.624172,23.014244,13.947386,22.447977,18.292297,5.928937,18.236883,18.831270,14.367404,16.326996,21.819860,18.955442,19.499395,22.685984,18.606138,18.823675,23.562958,19.485201,10.797964,22.072031,19.592531,-8.602458,17.280714,15.296168,7.322476,11.131067,11.176039,15.331950,8.119589,17.967516,17.984598,4.168125,19.245556,16.574329,10.582335,18.284027,14.012918,14.878309,18.141644,18.210104,14.560838,18.023996,19.740913,9.847833,19.744665,16.761570,16.452328,22.425510,11.396394,21.243324,23.998327,15.872718,22.574751,24.787712,20.327259,22.164896,26.375332,22.148964,20.989656,27.791674,21.981552,19.491070,27.008219,20.504917,17.878103,22.659744,16.987560,15.955914,11.950626,11.091818,13.178596,7.094594,16.225212,12.293234,9.369467,15.852669,16.422880,11.463832,4.620724,17.051371,15.197483,11.363879,12.552494,15.746855,14.962211,7.474563,12.021603,14.714582,9.713830,10.183002,16.047808,12.568593,12.073355,19.175083,15.416550,10.488110,20.681000,17.017021,10.769907,20.676647,17.222244,12.268872,20.241600,15.790700,11.391556,18.537687,11.879946,8.970387,13.244373,-2.743247,8.257547,-1.509479,7.887556,11.053046,8.562012,10.849751,11.989833,11.807817,6.655177,7.743724,11.728993,10.188969,-6.914494,8.533587,12.674381,6.752257,3.032908,9.656607,6.021279,-7.160564,9.816287,11.479568,2.173635,12.386864,15.965749,8.559791,11.258150,15.624360,9.366731,6.732314,11.100088,7.165459,-2.049778,5.549193,8.965977,5.560431,-3.691604,9.826241,8.948556,1.270232,5.505624,7.841181,6.317518,7.620739,3.934380,3.757316,8.649892,5.307062,2.303370,2.255875,6.765434,7.512648,-3.798582,9.866087,9.763194,2.032814,12.115712,10.148149,0.965653,11.268213,9.382341,-1.186983,8.365084,9.511472,6.231814,4.628462,11.460979,11.850247,-3.937950,11.595894,14.205780,6.170339,10.443233,13.857063,9.568399,12.599162,12.721794,5.265446,13.981125,13.998175,3.116931,11.368725,14.937199,12.130910,3.229766,13.294038,14.264474,5.870693,8.115911,12.846979,9.523094,6.836560,12.527457,9.408426,11.387499,16.642887,12.870626,9.584183,18.189005,16.695078,-31.752113,15.986186,17.135527,8.554171,12.552062,16.024509,9.148572,14.575272,17.553638,9.831204,13.788208,18.460556,14.427600,7.221384,16.727007,15.077886,-8.010615,14.423809,14.051194,-1.225320,13.135895,14.315641,9.721886,8.242389,13.198787,12.553185,-8.137568,9.521887,10.380515,5.573839,7.664246,1.659343,6.049119,7.121979,1.131369,4.859394,6.707566,9.279569,6.036377,9.078392,12.414455,7.707323,8.922897,12.713933,7.847347,3.131921,9.873625,5.919368,-2.472958,7.236455,3.090345,4.200068,11.104011,8.155842,2.477229,11.372210,11.011835,7.090466,5.674119,8.801831,10.968127,6.199054,3.360955,10.646599,11.207208,9.987435,7.314184,11.038752,12.448287,5.192600,7.282657,12.063540,8.035183,2.075636,11.678740,12.146532,5.195599,11.973720,14.642472,9.701342,11.385761,14.527514,10.740993,9.198889,11.101337,6.999055,4.782408,2.991080,3.342604,6.614211,4.905879,10.093620,10.429196,8.701516,10.980739,10.207832,7.694412,7.067105,6.187826,-0.241285,1.997625,2.764861,2.598334,7.471451,4.830716,5.999911,10.115641,4.044045,6.736860,10.181598,4.731362,8.799501,10.789193,10.351486,10.415263,10.889744,13.772439,11.298586,7.408042,13.605585,11.105326,-2.189303,9.632098,8.733241,-11.169346,5.265657,8.427476,1.695044,5.528064,9.917486,6.546940,8.910503,8.598461,1.901732,11.436886,12.217749,5.061698,8.955774,14.975170,13.926464,-6.674057,13.936664,15.537057,3.040672,11.220069,13.780662,3.244009,9.195341,14.305733,9.940678,5.205092,16.464506,14.913874,6.510386,17.333971,17.036137,5.121233,17.275043,18.164196,4.522834,15.297922,18.628723,10.128920,12.551271,18.948393,13.111485,11.084555,20.107647,17.507416,3.817970,20.748396,20.773418,2.891356,20.645767,22.816515,10.737028,20.412539,24.310122,16.117825,18.465408,24.631111,19.387192,14.776531,23.974894,20.376816,14.103603,24.562845,22.472708,9.741007,25.281706,25.216801,6.274492,23.746862,26.057114,16.397198,20.041061,25.339577,19.068819,17.214195,24.716578,20.176811,14.958901,23.917685,20.382318,10.575256,21.744707,19.586609,1.796411,19.545559,20.296799,6.141985,17.498180,21.244370,13.664208,12.422829,19.517643,14.602182,5.920789,16.135551,13.094077,6.170135,16.068760,14.262695,3.123301,15.429876,14.439301,-6.916597,12.668749,13.099480,5.353739,8.848742,13.340891,11.469680,2.686179,11.127467,10.066405,-6.138700,1.612261
[0;32mI (18020) ANALISIS_ESPECTRO: Frame exportado | t=17.36 s | pico=93.8 Hz | 54.4 dB[0m
SPECTRUM_FRAME,18.386498,93.750000,53.770374,hann,512,30.474806,23.168667,49.653210,58.092533,54.593624,40.816017,53.770374,52.217258,35.554462,47.472450,47.995079,35.405453,43.355247,46.051483,35.742264,38.592117,43.138428,35.336067,33.085861,40.228596,35.162758,30.183662,40.503342,37.949986,19.313004,35.326313,33.986839,19.126717,29.628019,29.783842,19.364922,32.954407,37.056316,29.535629,26.411716,33.171268,27.668598,21.020695,26.358295,23.406895,24.494848,35.821091,34.792217,15.572641,35.181477,35.740257,21.284637,28.824728,30.425121,20.211403,13.621282,21.264946,17.181084,21.810085,28.605022,23.278450,22.405365,30.159592,26.186623,17.761248,29.148806,27.952965,7.540717,25.767601,26.752846,13.116263,20.334061,21.798820,9.621285,13.298482,12.552034,-12.893984,2.373544,3.484117,7.635313,-1.277179,14.217710,14.611293,3.449980,15.838708,18.378294,8.024501,16.180511,21.675247,16.122185,13.570883,22.052780,18.979080,4.368524,15.616714,13.777313,7.691970,14.309786,14.579962,-0.951220,20.832720,22.615738,10.789293,20.123337,23.155056,14.819755,16.032398,20.356686,14.236694,11.721358,18.668085,15.971938,5.848230,17.280676,16.718637,9.665497,15.537601,15.214088,11.780281,17.386497,15.350524,8.109898,17.694839,16.848705,-11.654398,14.968773,16.257637,7.656734,9.321562,12.400598,6.643205,1.660779,5.597282,-2.868510,-1.569299,-0.924553,5.509457,-0.260262,-4.295029,1.284192,-2.733680,-3.919736,-7.615583,-5.964706,4.824031,4.833328,-7.116122,9.500431,10.094037,-4.947042,12.077826,13.074327,1.972012,12.488089,14.785845,6.522816,8.694035,13.416495,10.833027,0.436043,3.500272,7.383608,5.682749,5.285611,4.409009,-4.414147,7.841494,12.625922,8.874894,-24.684259,9.474767,11.979667,9.256600,4.393443,2.509836,11.258582,13.839853,10.080763,9.433952,13.357958,14.584813,12.638535,7.085539,9.405864,11.687925,9.344050,6.672771,-8.911400,9.236993,15.348354,14.760722,8.349287,15.320401,17.669502,12.922392,12.240648,16.143267,12.993038,11.662717,15.703601,12.209326,9.275602,15.936128,13.790206,3.319543,12.489908,12.158646,4.426885,10.645851,12.211070,4.438236,11.464501,14.973743,9.473048,5.512309,12.619036,9.749962,1.924564,-2.633128,-0.310589,6.581711,9.498582,6.786465,5.984457,11.637874,11.049608,8.950933,10.241281,9.822351,9.810170,9.619791,5.759335,7.841097,8.581448,-0.278957,4.238493,6.422620,3.173270,-0.698460,2.308343,5.247420,-3.534314,-5.814526,4.515551,-5.961125,-1.242097,7.520788,-0.523829,4.797514,10.390741,7.859564,8.148106,11.110106,11.862658,12.519345,9.273303,9.678241,14.554105,11.216020,1.270581,10.158740,13.516163,14.268798,4.316156,12.060281,15.866976,13.843359,13.291645,13.021233,10.939495,14.676490,14.808377,9.153775,10.575153,16.703445,16.448036,8.777590,15.843730,16.740704,10.826806,14.864664,15.868440,7.880539,13.122475,17.104218,13.080141,9.895000,16.714504,14.657057,8.537683,15.088344,13.638098,1.475121,13.797977,15.673050,4.182273,12.268606,16.894434,10.720410,12.670378,16.047541,9.388826,13.558683,14.848177,4.004611,11.109268,13.339605,9.748331,0.743406,11.728002,12.950266,3.578643,13.471756,14.505926,7.207965,14.302149,15.315325,8.165244,11.899664,13.706196,8.918974,9.503451,10.356306,5.059418,9.101948,12.162227,9.475795,0.821073,12.594739,14.428834,5.022080,8.809344,14.705345,11.351980,6.325589,12.381192,11.203017,8.249210,10.921495,8.545101,7.918697,10.886948,8.161308,5.878754,10.935078,9.056452,-0.675397,9.474379,9.480528,1.784724,5.100203,8.901640,5.992075,8.014090,9.645361,4.586077,9.784056,12.173063,6.570343,5.286967,12.337483,11.004456,2.675964,9.702028,11.668887,8.639451,9.778563,9.330291,6.311359,10.929465,10.538887,-1.492918,6.196193,12.435215,12.143730,0.214880,12.000495,14.488482,10.347897,12.898127,13.208219,8.409943,12.761144,12.575482,1.835458,5.671508,10.134431,11.345477,7.463379,-20.636253,9.426404,12.560228,11.301226,3.225016,9.656469,13.722422,12.540168,8.592525,10.785474,12.158297,10.730652,7.758450,5.459890,3.729508,6.983257,10.611905,11.331919,8.351702,13.116190,15.542188,13.130716,12.223576,14.707230,13.477219,11.548509,11.822243,10.138330,11.370944,12.131415,9.265468,10.844574,13.166571,9.541997,10.320732,13.215672,8.453715,7.429864,13.114824,11.414923,6.767658,13.549508,13.266788,10.713573,15.251390,14.523459,10.497105,16.724833,16.856091,7.871664,16.625244,18.956402,10.729028,15.294310,20.174301,14.918619,14.978954,20.839527,16.993845,15.209223,21.591862,18.600594,11.163754,21.452322,21.731884,5.299354,19.807991,23.925755,17.017616,19.756615,24.888823,19.494587,20.847385,25.616173,20.095715,18.849552,25.480997,22.557142,11.396562,23.911474,24.288294,13.225513,22.349033,24.720367,16.510180,21.378746,24.800966,17.676794,18.802483,24.110334,19.617311,14.197068,22.554386,20.843712,10.306663,20.947315,21.684340,10.996051,18.173641,21.529322,15.015191,13.782681,19.336107,15.259521,12.903871,17.637074,13.141029,10.312614,17.145765,14.462683,-3.104700,12.810171,12.956800,2.367921,5.247840,7.143002,-5.134953,9.386216,12.591147,4.112718,7.775037,13.177009,6.808999,3.013591,9.205379,1.246884,2.996723,5.015395
[0;32mI (19040) ANALISIS_ESPECTRO: Frame exportado | t=18.39 s | pico=93.8 Hz | 53.8 dB[0m
SPECTRUM_FRAME,19.408852,93.750000,78.900406,hann,512,48.376526,54.978809,76.780602,84.559334,80.463196,68.744003,78.900406,76.316505,42.982231,65.755531,64.246201,59.712757,60.585388,62.414871,62.159615,61.016956,62.099857,59.990662,55.404568,58.672745,57.001614,49.555138,53.500389,51.779449,41.052193,41.229855,43.550323,40.004913,50.121391,52.403572,45.676250,47.656662,50.110153,44.464981,43.619789,46.944870,43.847965,42.324657,47.807617,45.000931,42.636345,48.245090,45.422520,42.008202,45.270027,41.824379,33.857693,38.152344,42.803047,36.430481,33.841274,43.971981,42.967567,38.833992,41.012691,42.261120,41.503021,38.340000,35.111050,40.400681,40.299713,35.624550,38.027321,38.091747,38.859371,35.113880,30.194853,34.903564,32.846062,27.655222,35.881092,34.771107,27.675264,41.016380,39.145947,17.073305,41.944141,41.794247,27.095753,37.034100,38.785851,25.110706,30.360945,30.810905,15.940894,27.449436,30.465534,24.940662,30.188997,36.872948,30.837997,27.078976,36.000618,32.454868,27.022785,32.860146,29.343346,24.135801,30.822250,30.180229,19.001930,31.450710,34.432751,27.439453,25.166319,31.708155,28.406948,17.374489,9.921712,12.822950,19.432175,30.119059,26.563019,19.504099,28.459934,22.985466,20.743431,21.885643,6.464999,20.904583,12.344594,21.512444,23.807098,21.506660,31.037634,32.264988,29.425838,31.678352,32.957455,31.045935,29.636749,29.109882,30.201044,30.130827,26.228897,24.846844,30.194109,30.976374,26.629303,28.933796,32.666374,29.587471,26.779377,28.990494,26.498440,19.460865,22.820456,21.059496,18.534782,11.388378,22.056501,27.939260,18.980198,23.151466,27.893732,25.898935,19.808096,27.436781,27.549923,22.534775,26.009943,26.393318,21.889339,23.912228,26.946241,23.414322,20.586590,27.037649,28.510401,25.484104,24.155907,30.631069,30.711838,26.169271,29.327297,31.386494,29.904564,27.234871,27.046158,28.986395,27.273594,19.132782,24.118183,27.629099,22.257172,22.955324,29.556633,28.103258,16.294722,29.320984,29.878721,-3.624366,28.916121,27.987610,19.535799,24.494942,18.092964,14.501491,21.193768,15.167482,16.804153,23.136007,22.192173,18.587856,22.083986,20.275539,21.243748,26.112541,26.407022,23.954971,25.267845,26.287355,26.193501,24.344875,25.090368,24.709227,23.394403,24.393942,21.342617,16.330463,11.669067,18.350279,19.314592,16.822361,22.112316,27.578909,26.110203,25.536325,28.433218,24.704765,21.307184,26.219969,23.943586,20.944712,24.958822,21.583923,15.423765,23.359818,24.332983,17.310963,20.154312,23.336012,13.726604,12.648524,22.935513,22.082558,18.217676,22.759525,21.880585,16.763542,22.865496,23.685459,18.889784,20.436850,20.978994,10.691343,12.806166,20.038174,22.942049,20.460030,21.188473,20.152546,16.468813,22.665281,24.697041,18.607506,20.463064,24.401619,20.184071,9.281651,24.604095,27.425087,21.948748,21.123291,24.746935,24.561989,23.619967,23.680511,25.224600,22.955591,20.047400,21.828800,20.113642,21.111073,25.860682,24.289000,19.650272,23.413488,24.771553,24.616777,23.733753,23.427979,24.700447,21.349430,16.830021,19.494335,21.284151,19.994566,12.968628,10.206718,16.206829,19.555803,18.187969,22.618469,24.162352,18.252647,20.840818,24.501917,21.459665,23.875292,26.371307,22.710573,23.425644,24.590012,23.534416,23.572117,23.245342,21.859224,22.852470,24.118980,19.926277,10.544899,14.434657,15.908452,10.241457,15.370444,17.220089,13.727800,15.517109,19.224985,14.662514,17.374725,21.153030,18.477402,8.084558,13.744149,18.681049,15.427794,12.498064,16.642925,18.146641,19.073908,1.530222,17.287886,19.264582,14.411652,13.596741,20.355101,19.738163,14.408409,21.027779,20.354713,12.917025,14.950140,17.694859,16.365324,6.474648,19.730705,20.837337,14.340142,17.542183,21.088369,19.204016,18.797785,18.522560,19.291401,16.571873,-0.015504,15.973664,17.327675,10.894516,7.212027,15.042576,20.947796,16.485210,17.296289,23.829098,19.659321,13.367941,20.583733,18.913620,-6.341876,14.245048,19.330328,19.547218,16.710604,23.495232,24.719868,20.045368,22.613979,24.247688,20.534428,21.129103,23.730206,23.133757,21.355831,19.939043,23.330372,21.868835,18.212112,21.025871,21.726604,19.088512,13.039749,15.579471,19.707355,20.556698,3.853033,17.393450,18.690186,10.426405,20.065742,22.929039,19.357206,23.910620,22.807781,16.206635,24.708178,25.910740,22.358803,21.167784,23.790573,21.251030,16.730186,20.956741,25.076454,21.432028,21.578941,24.705965,19.871431,22.230015,28.148348,26.299232,13.084148,23.379938,25.566675,16.907887,20.686768,28.606012,23.462046,20.101868,28.433020,25.749382,23.001705,31.322083,29.839087,19.310381,27.944593,28.995731,22.105665,29.226980,31.653587,19.574383,26.628332,31.845839,22.859343,25.904570,33.974602,28.105255,21.272408,31.779285,28.808443,20.155842,32.715393,31.929693,12.539169,30.145712,32.170013,19.365217,29.664049,34.648720,27.111395,23.642447,33.085838,29.658251,24.041553,33.348087,30.401571,19.433992,29.570343,27.857624,20.760031,29.646278,29.164717,2.858299,24.641840,28.558178,22.575237,20.656092,29.973391,26.452099,15.827425,25.033413,25.683434,23.354521,24.943665,19.707733,17.759884,16.345427,17.326536,14.313955,12.241728,11.077185,14.690674,9.876622,9.565326,11.309723,16.732094,19.985285,13.784782,7.145514,12.132750
[0;32mI (20080) ANALISIS_ESPECTRO: Frame exportado | t=19.41 s | pico=93.8 Hz | 78.9 dB[0m
SPECTRUM_FRAME,20.431214,93.750000,79.399284,hann,512,53.075600,56.037502,76.171890,85.052948,81.246994,67.890099,79.399284,77.896545,61.703438,67.084595,68.022774,56.544739,53.747677,55.077446,40.069389,55.464268,58.996864,49.949642,53.366543,58.371868,51.880653,49.146729,54.076099,48.851273,42.416859,46.445572,47.996170,37.803684,51.189873,54.640026,46.232277,45.154427,51.136280,45.705856,29.562099,42.071705,38.799358,36.075356,40.104774,34.869293,36.580338,47.667480,46.678432,38.321465,43.894028,47.163605,41.354488,27.956009,39.551666,39.409645,38.625507,39.597736,36.383778,36.691216,42.425400,37.638382,28.511047,40.001740,36.556759,24.736288,24.628904,24.155046,28.497608,37.674644,38.455070,31.472778,37.030556,39.615498,34.785583,34.268795,38.942524,35.002857,31.043404,37.817890,34.771267,29.774990,39.461086,38.209274,27.521803,37.084576,38.692783,29.957279,30.191477,35.905949,30.332432,22.588184,26.802490,29.139870,34.155373,35.071888,31.361244,34.686661,39.173866,35.907959,30.662291,37.211243,34.981197,25.665195,30.469517,29.833200,23.410252,29.305824,25.500244,18.012131,31.582829,32.939877,27.307529,29.395618,36.108940,35.463669,26.326569,35.174034,37.728039,32.923347,35.108200,37.421402,32.363045,34.373821,36.228325,29.999331,30.316889,31.879606,24.261055,16.429899,17.537037,26.900707,29.069992,30.911278,30.715660,28.000219,31.614647,32.637169,26.122637,29.806595,32.457283,25.446682,25.245438,27.956184,26.301624,23.756313,25.673138,24.841148,26.092909,26.678596,26.397362,24.270899,24.029030,22.762106,16.918560,19.613541,23.977545,15.922911,22.500454,30.880220,25.389843,21.910145,32.953362,32.309620,26.876751,27.958643,31.329672,29.713964,26.092892,26.511971,31.202141,31.454655,19.131817,29.572666,32.957710,27.067635,28.853573,32.710159,28.352779,27.913351,30.517651,28.613331,24.736889,27.389734,28.251698,25.001944,23.935654,27.194092,26.735497,12.876220,18.864595,23.828571,8.282342,21.859177,15.184841,23.812614,27.473076,22.456470,24.676804,24.960587,21.274204,27.123501,23.173992,20.372887,27.742325,20.694265,15.821433,21.699070,15.732694,22.779148,12.612946,14.332626,22.801497,22.271355,18.736216,15.497924,12.932913,10.072245,16.681644,23.087618,24.517262,24.148321,27.001972,26.646902,23.844423,27.130926,28.375454,25.794167,22.471560,21.547474,20.941935,14.526499,9.469974,16.344107,22.505131,17.060730,23.137924,25.284958,21.576120,28.696796,27.651270,18.732958,26.739462,22.980572,13.682096,21.386042,4.073452,18.983498,21.889648,11.153756,23.522499,12.941309,23.332026,26.323347,7.403055,24.881079,25.921642,20.185238,22.428299,24.722260,20.704308,18.800045,19.719679,19.822371,23.863459,26.756443,20.784668,23.842070,26.270988,23.647783,16.942499,23.913595,24.165537,20.936510,19.162861,21.507275,23.873718,20.216297,26.399424,22.408838,13.240934,25.994091,23.591211,22.184063,28.114334,23.612961,24.385094,27.458866,23.165224,22.101185,28.399803,25.153709,18.475006,25.263145,24.979427,23.642378,18.116945,20.701597,24.827950,20.179504,12.381384,23.353338,22.707264,23.058956,21.259781,4.557429,18.207415,23.718830,21.948780,16.044353,23.526718,21.214182,12.933949,22.238550,20.901981,13.865527,22.300528,19.943539,12.908708,12.361422,22.944511,17.212994,22.568291,24.179905,9.640427,23.924591,27.093426,15.774068,22.738503,27.409716,19.912519,22.156199,23.446732,25.689751,20.398684,18.017603,23.327244,26.880262,24.588680,12.744450,27.665474,29.016607,20.177631,24.775389,27.456167,23.524408,19.573948,23.621347,24.413498,13.567061,23.319969,22.019890,14.600000,17.179924,20.698889,13.276091,21.391956,23.085558,14.982616,18.112579,25.918215,23.459003,16.790886,26.132011,26.031105,10.319786,21.301430,25.157162,17.657795,19.619106,17.303188,20.594448,22.746189,13.238487,21.540043,19.681610,18.149460,20.905773,25.401785,21.712566,19.672720,28.283255,26.227829,24.734406,31.830032,28.624264,27.726513,34.078411,34.119652,31.291962,31.044273,33.824699,30.459572,23.515457,32.508160,19.803793,29.915543,35.173630,27.635971,29.766035,31.214762,18.170269,32.538181,31.351328,30.688366,38.137512,38.434437,36.406063,39.412922,39.660572,36.407951,37.093403,37.940483,34.596550,31.904667,32.208923,30.541954,24.577066,22.567451,20.291241,14.159430,6.239410,14.429293,23.099831,19.656380,12.691311,23.285572,21.320869,22.692421,25.983543,22.171705,29.026499,30.630047,24.507599,27.405260,30.721350,27.006641,25.275303,29.911726,27.490654,15.427279,23.149481,25.343485,28.863546,25.178322,17.401459,29.917736,33.324085,26.203114,24.433126,34.794800,32.857422,23.220673,26.987143,32.065327,26.914339,21.149952,29.575079,24.136036,27.420271,31.054699,20.970821,29.939177,36.393860,28.968542,24.292084,34.889980,31.640846,12.166273,29.974323,30.811148,20.924122,25.497269,30.800949,23.633976,29.217510,34.926075,27.009621,26.917746,35.703384,30.055099,26.670677,36.280594,32.332100,23.110104,30.823557,29.044529,15.999403,24.297541,27.601698,21.992447,24.103680,32.000420,27.579573,28.153103,35.069126,30.568342,25.535448,34.703487,33.767292,26.971142,35.097324,36.169098,28.169888,31.743435,35.985512,31.290348,30.348587,34.262215,29.241852,28.341124,30.708864,28.595844,28.032921,25.742750,27.631388,28.455126,22.464664
[0;32mI (21100) ANALISIS_ESPECTRO: Frame exportado | t=20.43 s | pico=93.8 Hz | 79.4 dB[0m
SPECTRUM_FRAME,21.453575,93.750000,54.248596,hann,512,28.619652,33.128654,49.271584,58.211369,54.782005,43.803631,54.248596,52.915211,41.908077,48.791409,48.954514,37.877708,43.918133,45.982529,34.887123,36.444504,42.273060,34.013515,31.722206,40.777832,35.066078,19.362663,40.057335,38.719299,31.203690,28.944252,34.748055,33.913219,34.093609,29.202236,25.728910,35.426735,37.105488,30.516590,25.967930,30.760099,29.113894,32.391506,35.348984,28.909246,31.856846,39.685822,37.902115,15.146692,36.753670,38.010544,26.643007,22.992819,28.849209,24.322750,22.989315,26.621721,17.603369,22.202312,30.511713,27.424261,13.658634,23.834911,25.453691,17.009394,21.108997,22.810152,19.454241,16.466619,24.190029,20.549128,12.110243,18.161991,20.556805,19.348461,13.209586,18.192410,17.744453,17.458008,11.368601,7.939166,-3.459768,3.468630,12.682161,16.407558,14.380098,17.835457,19.362644,19.862774,19.233986,19.618263,21.700153,17.372610,11.108440,18.726238,13.197176,13.947450,17.268469,16.988014,15.808392,21.411400,24.049580,18.038559,18.726398,23.357018,18.112629,9.133991,17.659990,16.481176,16.514648,15.738927,6.597847,14.909077,16.938156,13.938057,9.078613,4.164401,3.282923,5.615269,9.646120,13.595329,13.140482,16.634424,19.795567,17.018127,14.689768,17.772888,18.082966,17.632448,19.263552,16.784094,15.453711,18.391941,18.596832,13.689889,12.961183,15.337543,13.441234,6.987466,12.132453,16.749023,16.949593,14.105358,13.403515,15.647066,15.315900,14.181932,11.805491,8.547114,8.636463,3.030891,11.258514,11.429521,5.021899,10.145860,8.249134,5.382096,14.676043,10.355271,11.949721,18.086857,15.652699,11.241584,16.937897,9.785161,12.287336,15.715912,6.167875,9.086774,6.691185,-2.246278,3.199128,2.294724,5.255249,7.706181,9.094485,1.556031,6.136613,11.696052,10.918025,3.800828,-1.774435,7.214078,4.701049,1.120309,4.122030,0.841061,-9.296386,5.020931,8.870667,8.643876,10.554675,11.915027,8.867270,8.520301,11.017467,4.073946,11.945281,13.820853,6.654615,8.449129,8.770544,6.904894,11.382053,4.903575,7.471468,11.026018,6.448493,3.913311,6.660838,10.219202,10.937822,12.036728,3.471987,9.494544,11.662418,7.500226,10.635120,12.342181,8.177772,0.371593,6.621905,9.387346,7.771277,3.481910,9.866748,2.938485,8.789750,14.706472,6.462317,5.819739,12.654983,3.299583,9.369824,6.346098,7.320045,14.695059,9.935679,7.011469,14.056357,7.161558,13.674513,14.526926,1.783340,9.816627,5.701597,8.687450,4.102326,13.563767,18.338898,11.779211,13.471582,19.116173,11.618488,16.547657,19.948513,10.725659,10.560318,17.795334,12.927437,8.886481,18.386637,17.232882,-2.747879,14.802537,16.777628,4.218587,16.469046,19.039764,6.827132,11.521211,19.074148,10.593012,12.695198,19.901249,14.348016,0.882322,17.656826,14.951663,8.873954,18.380386,16.944571,-6.052570,12.618517,15.099375,5.543811,15.311804,18.212877,7.547087,12.387939,19.398806,11.900372,13.803526,19.855785,14.140445,-1.770218,14.215443,12.102259,9.043887,17.302755,16.617193,-11.947079,13.161573,17.678549,8.899917,12.223331,17.628092,11.587898,9.599420,15.714084,11.832260,16.399940,19.207926,11.910543,13.468480,13.667040,12.283953,7.240114,5.366110,13.302670,3.431669,1.684011,14.361931,-1.809273,10.826117,17.250658,10.060549,6.498622,7.977892,5.955520,3.557801,9.882620,10.819868,6.304102,8.589956,15.151057,1.193179,10.961979,17.406109,10.641834,-11.176162,9.184460,9.199626,11.470284,12.232552,-4.350978,9.907007,12.106728,3.228740,12.789927,14.709115,9.889869,9.177107,8.414310,-6.944207,7.073794,6.542404,11.167183,-2.980830,5.424976,11.004669,8.264008,14.654732,13.906393,2.126842,12.849691,7.512765,-6.229578,10.025205,11.439304,11.970096,-2.811088,8.561293,10.572893,8.124655,11.686226,12.430941,0.923850,3.414341,8.657432,10.378571,9.129572,13.453736,14.059249,9.576218,10.382431,11.792564,14.483721,14.223999,12.107347,6.723101,9.286000,8.223137,9.849125,12.777054,12.531685,-6.149276,9.742008,10.821650,5.312167,8.752262,13.137959,13.120297,-3.203509,1.200502,7.043634,10.295670,8.657168,7.060632,1.993692,5.634828,8.841442,-0.036947,7.588167,10.603834,11.661654,2.073995,7.543195,4.110805,9.791166,9.282819,10.429273,6.034927,2.993655,14.938979,5.790206,0.375447,16.264971,10.941234,8.151513,18.042551,10.171453,7.351122,17.162918,17.159332,6.110718,15.590477,18.315826,3.237000,12.859778,18.602449,8.092310,15.866685,23.075138,16.612213,5.244225,23.390736,21.488628,10.787460,23.492916,23.521402,11.031232,22.473288,24.977999,14.182195,22.951580,27.248878,17.834347,18.025412,27.313446,21.891144,19.059376,28.212646,24.037266,14.340011,27.708437,26.256741,14.037229,27.130440,28.721016,19.767416,24.823217,29.301533,22.357332,25.173933,29.806089,21.490414,20.152325,28.479313,23.170841,12.856365,26.898033,25.183256,14.738640,23.679123,24.159206,15.903757,22.518421,22.315338,2.040519,14.500495,21.443642,16.020836,14.888378,23.390959,19.783728,13.966850,21.034760,18.045023,12.687936,17.684984,13.474783,7.643452,1.799664,5.814652,9.374262,12.634721,9.808027,5.375969,10.338402,8.077082,-0.895000,3.747717,12.139893,13.508996,11.688519,11.815610
[0;32mI (22110) ANALISIS_ESPECTRO: Frame exportado | t=21.45 s | pico=93.8 Hz | 54.2 dB[0m
SPECTRUM_FRAME,22.475946,93.750000,39.892658,hann,512,15.424037,15.429022,36.430138,45.107273,41.344296,29.164621,39.892658,38.367191,24.551384,31.009817,31.999317,21.681023,30.457596,33.317207,23.185110,27.121675,31.794430,24.363731,10.985013,12.961357,5.771297,15.889602,27.934988,25.960110,16.028225,30.214865,30.109320,15.439100,28.424301,30.229153,20.612324,26.385162,30.604048,24.219101,22.328207,29.689991,24.921822,11.002713,23.509628,20.377201,5.038874,18.571400,18.933027,6.858354,24.417936,26.307573,16.883896,22.310543,26.886726,19.373375,16.360342,24.402773,18.696020,8.357121,19.538225,15.922592,4.604944,14.235878,13.588425,2.502954,11.159924,14.375132,6.224265,8.596298,10.806228,7.390591,10.522999,10.832292,10.713612,15.454264,20.247063,17.801691,14.713639,22.917473,20.268373,5.200704,20.961712,18.372993,4.185556,16.162468,16.378674,12.294536,16.181471,20.121592,16.032291,14.351126,21.053246,14.179461,12.115712,18.783300,8.618938,14.770830,17.048828,17.555355,15.218922,17.255434,19.667061,14.901380,14.424679,18.607723,9.283096,11.564951,17.569830,8.604239,13.585681,18.532255,16.484577,10.478678,18.292152,16.862782,4.034210,15.533491,13.035335,-0.310012,8.279961,0.662631,6.725693,7.175198,10.299026,9.849242,9.935368,14.601055,11.144955,9.586875,15.504581,10.765062,4.750463,14.151822,10.176647,-7.213650,5.718844,1.440502,-5.882921,4.936644,7.819674,0.945058,8.832149,12.906797,6.470208,5.168073,11.999924,8.081370,0.887570,8.690166,0.367587,2.803926,11.929030,9.464338,3.533217,12.184058,12.138769,2.727484,3.600839,7.615391,1.035694,5.087830,7.504621,2.494347,6.359352,12.657436,10.881892,5.233912,10.978933,10.881105,2.900257,5.512392,7.531255,-2.707314,4.776552,9.600896,3.586560,-1.826456,9.347681,10.571894,4.837018,-1.224683,9.591368,6.465474,5.740900,4.028218,6.803935,12.114606,6.629878,-1.848793,9.038738,9.263023,3.383289,4.123862,6.786344,2.080956,-2.888180,-3.667850,-0.937568,7.317600,9.026005,0.073903,7.838428,10.832214,6.029017,8.494036,10.763265,7.164805,3.598798,1.071252,3.359546,0.355224,-0.441869,2.764098,-10.260654,3.759211,5.399504,0.565178,4.331446,5.104714,-0.893121,-20.154213,-3.227418,-15.987201,-0.323359,8.477558,4.788630,6.217488,11.163602,7.057226,8.821868,12.020300,9.409015,6.677878,7.312659,4.177064,5.463983,3.208257,-0.996179,-4.159460,-14.065820,2.416106,-17.315800,-1.464574,7.796331,0.173499,0.417514,7.430839,-2.871363,4.453941,11.679661,7.116285,1.841617,11.894838,9.761127,0.791342,11.514167,11.912622,2.724951,3.552812,7.102251,4.203148,2.905133,8.781561,7.507708,8.215504,11.480436,9.141177,12.465645,14.803514,10.683927,12.291795,14.342720,10.081299,10.459633,13.890265,13.379259,-2.357993,8.924918,13.176717,8.538239,9.329972,14.723083,12.887608,11.648605,14.283572,13.094461,14.072038,14.992430,13.148981,12.307453,13.352806,13.280849,11.777278,14.322825,15.118546,10.218252,13.284717,12.633782,9.176306,11.639229,9.658607,4.742495,5.265615,10.157772,11.726082,8.284280,14.001696,15.231613,9.783908,12.036688,12.384838,8.471888,7.390273,7.651985,3.056864,-2.292578,9.726350,11.372585,11.089504,12.405766,11.985117,11.444998,6.802415,4.664234,7.502843,1.565431,10.273362,1.338901,6.295074,13.414489,11.740275,11.196918,13.606819,11.037048,8.531103,8.109371,6.103439,1.789684,6.495766,9.233085,0.949627,3.700133,10.379158,8.872490,6.006703,7.825590,4.089620,-2.925341,6.003098,4.906960,-1.020014,8.969419,10.115112,-0.152847,1.581336,9.916737,4.867013,2.193761,6.004493,1.744111,4.388227,9.594526,8.806892,7.597974,11.703922,9.845052,2.312781,7.703551,9.623259,2.176150,4.336868,6.209622,-4.580324,-2.005335,7.504804,3.348534,-2.638235,2.946222,-1.605169,-0.668399,2.435326,4.237599,5.950201,9.724249,6.508615,3.125213,6.375160,7.210429,3.380428,-6.206411,-7.549687,4.161449,4.805226,5.706682,3.005804,7.530931,10.963726,4.534482,0.951535,8.219305,6.821604,4.645285,5.531415,8.162313,8.298308,5.186245,9.568881,8.149759,5.819505,6.444101,-1.535104,2.717617,-2.473923,-11.358452,9.280396,4.827934,-0.053272,11.764651,9.862817,1.324129,8.780354,10.610456,-1.969066,7.890317,13.030827,0.835346,8.526583,15.575636,10.421891,11.306999,17.082912,12.330165,11.322103,15.722947,11.943739,7.990464,12.895645,14.108243,-5.258760,8.568759,16.812399,9.877069,12.472795,18.738293,11.627300,11.986255,18.480278,11.639549,7.663626,18.304079,16.688688,-11.924713,17.129438,19.732092,7.463353,18.186520,21.773260,7.473726,16.018734,23.188778,14.811266,13.952274,24.687941,20.556353,12.253511,24.331486,22.940971,13.865793,23.392794,23.628778,11.491478,21.083969,24.164047,14.205512,19.989916,25.206404,17.093788,17.907000,24.876329,18.832052,14.973412,23.630955,19.245239,6.904154,21.406376,20.990704,5.476519,19.849392,22.262190,10.661607,16.513199,21.017288,12.905278,11.655251,16.657978,7.436769,6.295152,10.941324,-4.329134,-1.259697,11.670436,10.057292,2.368367,7.977917,11.077463,-1.902771,10.518521,13.059971,1.184121,9.039186,13.112278,5.640241,7.382646,11.311588,6.769148,7.381647,-0.243510
[0;32mI (23130) ANALISIS_ESPECTRO: Frame exportado | t=22.48 s | pico=93.8 Hz | 39.9 dB[0m
SPECTRUM_FRAME,23.498296,93.750000,39.252506,hann,512,16.206650,15.818890,35.834774,44.530453,40.700851,28.648603,39.252506,37.725006,23.577587,30.271706,31.692055,21.706732,29.744011,33.091625,24.186607,25.759638,31.284267,24.713669,-0.643362,11.641363,8.449062,19.719788,28.905140,26.742887,19.017328,30.527851,30.605909,17.539879,27.320076,29.777260,18.596304,24.434620,29.015982,19.402746,22.026655,28.298103,21.851500,14.328871,21.891373,18.569012,5.179007,18.180117,16.474703,10.259532,24.851624,25.697487,14.855308,23.616793,26.819895,19.607695,19.033442,24.464100,20.860413,15.873310,20.337202,19.289740,14.852262,14.871970,14.161929,9.386593,-6.614523,-5.648693,8.303901,11.940917,12.972221,12.772969,14.044254,16.601748,15.061673,13.353855,21.480772,18.088408,13.789471,23.562929,22.053921,14.224080,21.911396,22.472065,14.092697,17.117863,18.229393,11.238150,15.180541,19.146091,4.645806,16.388426,21.351086,16.004986,14.991053,19.082787,17.275972,7.183872,15.397608,13.250692,-2.896646,16.354082,17.268787,9.441493,16.843058,19.156811,13.897811,15.892216,18.702374,14.159651,12.203770,18.975872,12.716512,7.568994,17.536137,14.148969,6.905429,11.984943,12.647852,6.384953,3.257811,7.182590,6.213067,6.392857,10.777617,1.338060,6.387498,11.769639,-3.853535,4.647483,6.534389,0.208359,3.617289,0.248611,-0.751471,-0.740138,7.160644,3.220804,2.241785,8.357660,8.496796,6.623007,8.644321,7.683430,6.003678,7.098627,-6.299505,2.350476,6.800298,9.801499,8.737597,3.422088,14.267656,13.826109,7.328539,14.084530,14.497902,8.522370,11.768723,13.337564,8.852106,8.687230,12.313688,10.207410,7.839098,11.136726,9.987272,7.323137,6.482048,5.237598,1.874014,-10.038663,1.175772,-12.748166,6.907606,11.226263,4.169595,7.089797,13.283669,8.483768,4.182867,11.473845,8.097032,-6.212195,6.149575,6.747722,-1.679202,-4.621810,1.003603,-3.651035,0.806691,7.579979,2.595795,-0.334596,8.580812,4.757895,-16.954922,6.307303,7.163282,-3.766233,2.739667,5.740460,-9.395882,6.268332,5.850708,0.596105,5.473186,6.217739,2.958186,-5.310837,-2.343330,4.576756,1.544863,7.025828,-2.149510,1.933390,11.405302,3.330439,1.984973,10.082254,5.905522,1.890550,2.152925,4.676139,1.163764,4.725886,4.189172,4.471185,8.715479,7.209489,4.473571,8.909160,6.815977,-0.568284,1.768076,2.111412,2.850890,-0.454284,6.548196,8.626010,6.951868,9.689712,11.795509,10.962160,10.016264,10.304833,9.765012,5.893708,5.411351,7.484645,6.022361,3.213770,3.756861,8.767816,9.989550,10.065184,11.326851,10.526796,11.278248,11.388456,8.307436,9.193361,11.991719,11.241199,5.544229,10.500481,12.606124,12.520542,11.051044,11.444259,12.728542,13.257820,10.102400,9.332818,13.824976,13.585429,12.280894,11.198398,14.819029,14.681821,13.237954,14.510500,13.097825,13.464856,14.635012,10.633570,10.595536,15.444050,13.980463,11.244813,14.390530,15.703352,14.661444,13.395126,15.350537,14.344019,12.933739,14.740826,12.861469,12.107990,14.745953,12.526212,9.562993,14.011947,12.261439,9.480449,11.642550,11.622809,10.594151,9.186293,12.863577,13.736554,10.219506,13.281496,14.746666,13.096935,12.523020,13.157722,14.599522,13.426193,9.329479,11.404308,14.420340,10.373417,6.270029,11.751844,10.456064,7.101421,5.626596,8.856516,8.503654,8.750901,9.839853,8.616499,9.444934,12.411361,10.209368,10.005014,12.279507,9.283916,8.686307,11.927662,8.662191,5.561605,10.522728,7.969286,0.567944,4.353986,8.974918,6.352095,6.046314,6.714100,6.366914,10.311955,10.599408,7.221364,10.132728,12.410496,6.587849,3.524695,11.162553,9.059482,-5.529969,2.743155,6.433791,-3.652778,-6.852460,1.660783,1.382806,5.591979,-1.672789,-1.584547,7.094891,8.510074,5.953694,8.562116,11.731968,9.395480,7.237802,11.533489,12.586767,8.847729,9.097050,12.297419,9.683658,7.984800,12.230043,12.758759,11.257138,9.192661,12.510513,12.876682,10.374563,12.250612,13.539764,13.040862,13.369355,12.007204,12.827984,16.114214,12.858790,6.208682,14.018865,13.010586,2.152388,6.808298,11.476261,9.967143,6.814701,7.860689,10.281739,10.212612,9.558277,10.574075,7.820383,8.580080,10.510932,8.368093,13.418022,14.486217,9.954446,14.931861,16.575104,9.559093,13.242293,17.170450,11.821957,10.703534,15.675899,12.840266,13.283849,17.933208,15.324744,13.334215,18.742996,17.383427,10.406772,17.556669,19.465960,12.407726,14.965046,19.667101,15.547157,15.354841,20.070271,16.597836,14.778063,19.564171,14.972496,11.438570,19.538971,17.755270,4.661884,19.215250,20.822842,9.953259,19.040894,22.699919,13.931218,17.186184,22.752644,15.085669,13.898829,22.968187,18.758949,11.442974,22.986771,21.552944,12.030403,22.784941,23.630922,13.335725,20.808828,23.937387,14.837193,18.317097,23.903851,17.351896,16.687128,23.579826,18.421009,14.967727,23.405788,20.451900,10.611239,21.408607,21.506039,10.693307,18.854057,21.941832,14.668592,16.762081,20.980434,15.119602,14.822191,19.824282,15.231079,10.227581,16.886826,14.909622,7.604640,14.566975,15.835211,9.256705,11.142677,14.750825,10.426867,8.489681,13.081450,11.190119,9.982272,13.160700,9.408920,9.237662,15.485114,14.452819,6.769645,12.635032
[0;32mI (24150) ANALISIS_ESPECTRO: Frame exportado | t=23.50 s | pico=93.8 Hz | 39.3 dB[0m
SPECTRUM_FRAME,24.520661,93.750000,78.991295,hann,512,56.554749,51.639763,76.006828,84.679367,80.798424,69.419594,78.991295,77.604370,62.719723,66.385139,67.820862,54.023705,55.114258,56.789570,47.643890,55.094486,60.338989,53.457790,49.520855,57.182728,52.673031,43.018120,52.955177,50.562420,34.303467,43.059940,42.620319,36.493046,49.730621,51.943611,41.931877,42.616600,47.797085,39.855381,27.643873,34.344715,29.615925,35.875340,44.706490,41.676437,36.443985,47.718449,46.793823,35.761902,44.302807,45.596703,33.621639,36.935440,41.394478,32.406864,37.907192,44.335815,38.259937,34.879612,43.897408,40.276337,29.804047,40.979557,39.199677,19.079542,26.316803,26.053038,17.828453,33.197762,35.289349,28.721764,30.248665,35.334888,30.887163,23.933477,28.875372,28.561977,28.293163,35.036777,34.515358,32.512009,39.868698,39.830269,33.848167,39.308624,40.454136,34.193840,34.956867,35.816303,30.126427,27.986795,27.582989,16.050732,23.878494,31.983068,25.369980,21.902952,31.737425,30.139004,19.738838,23.409662,25.618999,14.521221,24.652605,29.933403,21.309301,29.351818,34.136261,28.320629,28.265162,33.124825,29.590908,22.684650,26.836290,24.886026,9.491435,23.129072,23.613432,18.394754,30.060497,31.614161,24.732370,28.147930,29.905437,24.823141,23.235294,22.379860,8.639258,4.575646,29.611706,29.015944,22.348192,32.086071,32.300125,21.773329,28.610544,31.023714,19.066330,20.628719,24.295099,3.357161,13.912968,25.248226,24.779757,24.680758,29.970020,29.220627,25.939619,29.044344,28.662813,24.392845,26.330261,23.606958,17.877628,24.297134,28.340309,14.949409,23.861008,30.147308,24.389116,18.119963,27.523518,24.567963,19.109159,23.858925,19.911348,16.376698,24.878614,25.391220,20.031260,23.235687,27.673969,21.354588,17.472651,22.739799,23.061007,20.327833,17.681690,15.436617,18.222643,25.489109,21.441534,3.393437,26.745642,26.082695,14.310164,20.517742,23.879158,13.511339,17.160393,18.246481,8.326019,13.741339,23.199272,18.180754,9.039886,22.797243,19.225527,15.242473,9.855218,15.881437,11.069864,14.753643,12.382469,6.290269,16.061737,21.140072,17.372713,15.176435,20.765652,18.798988,14.242558,15.188065,16.400640,16.681698,13.583406,17.421814,20.896580,18.520845,20.649250,19.153149,20.544949,22.133684,19.955353,17.121279,18.356331,14.717445,9.085946,18.103861,16.696789,14.143835,18.318279,22.599180,20.900764,20.189091,23.244900,21.031528,20.093267,22.637300,21.543091,21.344498,21.952257,18.154987,18.977940,21.784840,17.519148,19.242405,19.859901,15.444818,19.661367,22.333527,14.437858,17.171465,25.762157,22.220556,13.583788,24.280602,26.958525,19.816189,20.013451,26.424017,23.777105,17.867352,21.782791,22.427130,18.748400,19.698565,20.335888,14.556114,19.069527,21.479259,15.985926,18.518675,21.981680,18.973421,20.207600,21.554270,20.585058,21.559742,21.923756,20.171192,17.478714,19.808542,18.392071,11.682211,13.400005,18.568745,8.071439,10.453629,17.441002,11.606495,17.665627,20.681465,17.272207,19.665932,23.147606,20.440042,19.864199,20.013201,21.495575,14.630390,14.776402,15.851286,11.399052,14.916266,9.030765,10.091153,17.055227,20.736023,20.029224,22.272846,23.473522,23.237122,23.522308,22.179575,20.194542,21.497858,20.457727,14.241486,16.977739,21.403505,17.980692,16.756918,21.616299,22.834818,18.862644,20.230701,22.390326,18.297804,16.795666,19.623856,17.672758,16.560322,16.002697,19.108528,22.533590,21.461027,21.665800,23.387424,24.767406,21.613823,19.562246,24.263748,23.805359,15.772672,18.535797,20.282900,11.360306,9.995369,6.752994,4.151431,14.061889,13.937097,5.970578,15.332380,19.221514,13.667164,17.186741,20.239374,15.478039,16.926445,21.274549,18.884319,16.604664,19.963764,17.869041,12.531461,18.519653,18.208076,9.796452,14.985058,17.397358,7.456602,10.205693,20.623407,17.637205,15.001316,22.099236,21.845331,14.298704,19.536434,22.321728,16.304848,11.714327,15.563764,16.473312,4.661100,7.336231,14.043293,8.349533,13.606522,7.668178,1.872485,19.237312,20.554432,18.361452,21.195030,20.391544,18.167507,21.906710,22.542892,18.804914,20.742313,22.214905,18.177565,19.140989,22.556694,20.901327,18.977789,21.293125,20.853376,18.229998,20.854240,21.943279,17.462183,17.893181,19.391012,17.888790,16.527763,18.024439,18.161829,18.629477,13.195401,14.627824,20.244186,19.536510,17.499584,15.529478,18.792080,18.223345,16.167906,6.332898,17.081240,17.167133,18.967382,2.970838,22.446583,25.372261,15.086814,20.686159,25.148525,14.229232,17.532900,24.795073,13.092487,17.797506,23.337467,15.580378,14.809861,27.214546,24.734093,17.040733,26.247890,26.788372,10.900150,23.703146,28.586540,10.118094,19.326170,29.746553,19.435394,20.320278,31.847799,25.707912,18.690039,31.419889,28.571634,14.540874,31.214619,31.801756,16.395369,28.720104,32.534885,22.426136,27.720535,32.774765,23.166241,23.049084,31.648169,22.353046,19.122971,30.874538,26.874025,15.045797,27.037739,28.446091,16.427158,25.735502,28.591261,20.480585,23.010664,26.278961,16.941658,19.826948,25.954006,10.015282,10.397118,21.950535,17.379457,12.520374,21.728695,20.877188,8.787507,19.344313,19.748270,9.330286,18.625669,19.229460,8.284369,2.822430,13.466359,12.849833,14.523493,18.331926,10.471272,12.085814,17.148142
[0;32mI (25190) ANALISIS_ESPECTRO: Frame exportado | t=24.52 s | pico=93.8 Hz | 79.0 dB[0m
SPECTRUM_FRAME,25.543022,93.750000,79.393219,hann,512,56.772099,48.332756,76.223549,84.944244,81.041641,69.929565,79.393219,78.042099,63.393112,67.529190,69.032967,55.150787,52.308319,52.683243,44.810795,54.077995,59.213528,52.411293,50.145103,58.257835,53.641479,45.254333,55.465511,53.393703,37.288876,39.258224,39.316784,33.033432,49.241238,51.184078,39.771397,44.975620,49.736233,40.509644,35.013573,41.989357,34.599792,23.963921,39.417660,34.584103,32.394585,46.778908,45.861389,34.002182,45.391106,47.130920,34.933563,36.828236,41.346859,29.904743,32.567413,38.821663,32.673107,34.360268,42.619331,38.570751,32.749004,42.533878,41.002197,29.301899,32.583519,33.856583,22.822399,28.941463,32.272766,22.039936,32.093651,37.413040,30.709734,32.163826,38.403000,34.791016,32.016937,38.729034,35.629860,28.208763,38.299557,37.333008,21.943489,35.571793,38.220215,26.000763,30.076754,37.559383,30.443939,22.501266,34.208073,31.584509,28.266476,28.138428,27.343786,29.179291,34.675423,31.182465,24.941244,34.416420,35.066063,25.987408,29.139433,33.032066,28.730904,29.350260,32.991253,30.528137,31.731400,36.016861,32.927917,30.505531,36.319706,34.790909,26.733631,29.057856,30.408833,25.159605,21.564856,18.672592,21.736317,24.140209,26.812347,19.867575,24.570396,31.121292,26.847773,18.928555,27.511415,26.143332,20.230778,28.900833,30.162319,23.459862,28.661446,31.234184,23.664629,25.663742,30.558416,24.541981,22.831543,27.367260,23.722321,24.291056,28.640158,24.803133,24.673901,31.390762,30.829380,26.033348,30.743355,32.223248,28.083174,28.249393,28.878868,27.680586,29.472799,29.331631,26.051731,28.218363,30.997896,28.055971,26.058006,31.224419,30.677164,22.896481,24.730400,27.624744,23.330448,17.195913,19.728125,22.708826,12.048903,1.907661,22.689106,17.174604,19.743061,8.884624,7.600637,16.814882,15.723008,15.860394,22.296234,12.505526,17.057638,21.257936,16.466768,21.128296,20.063154,21.852114,16.678923,20.841282,14.688601,7.650013,18.606806,23.345785,19.576784,15.988265,24.727327,19.707014,19.444340,22.265537,20.819458,15.156942,13.530026,17.074986,16.941048,2.857831,14.273267,11.889424,4.019326,20.187679,7.999767,14.218306,18.758842,5.205050,18.629696,13.868550,19.233845,20.021250,8.703762,14.023553,19.060751,13.247936,10.740791,14.702108,18.225836,21.777058,9.239113,11.174492,14.884060,15.591849,8.681330,12.410353,13.318639,12.158430,15.376755,7.930344,9.355258,17.839016,19.391884,-7.750597,12.231358,14.852838,11.907722,3.819707,10.763500,8.891058,11.566736,14.997478,9.711239,1.897255,7.693868,5.267257,10.666432,15.760541,21.229067,19.355007,15.455025,15.792286,18.711802,14.216890,-3.018397,16.172907,17.642920,15.408951,12.888875,14.091697,17.156012,12.097840,10.314356,15.647139,15.588188,12.902649,12.051587,15.773787,12.243286,15.570889,3.459447,16.889994,15.913271,14.245281,18.424450,15.158155,13.724881,22.104877,18.170225,10.642323,19.354097,16.036283,14.427601,11.249829,17.622606,19.638340,18.315632,17.431278,18.520454,15.388637,15.384765,16.230370,8.897436,11.425672,13.658618,15.808975,15.564876,15.879537,18.156950,19.502071,18.944719,16.978003,14.483737,10.796399,8.248581,13.348124,12.770349,15.331584,10.629313,5.939921,11.766152,16.038254,14.363717,16.926863,17.868931,5.283638,11.352707,16.295000,5.503660,9.451721,16.974051,11.441607,12.467748,4.657868,9.360330,-1.158320,1.751370,5.472631,8.234557,9.604142,9.997909,15.698784,14.028265,3.525882,13.873833,15.875783,9.366822,1.903251,4.264118,1.574409,7.261352,4.652318,7.700110,12.770485,4.481285,9.019705,20.150341,17.848553,2.676835,16.504791,16.863272,9.575744,16.749510,17.469191,11.878929,11.004192,10.908341,-10.693487,12.431349,16.140305,15.225492,15.159730,2.116985,13.258167,14.792432,11.353854,16.891253,12.227915,8.685284,0.001039,13.942327,11.624493,-3.948163,16.603779,16.683739,12.115989,15.657248,6.797362,11.508918,10.803095,12.276702,14.092369,14.308671,12.229814,15.220846,11.783609,5.162551,8.334187,9.667777,9.347589,9.041873,14.845095,15.175977,7.047158,7.365226,-11.732367,8.845507,14.006594,7.652468,8.137552,-2.150634,3.701051,4.636694,9.900102,16.148159,6.799387,2.742439,12.074860,7.682871,14.830667,16.236542,-0.824803,16.906578,16.364868,14.637546,18.034107,17.345245,16.028957,18.070969,16.307735,17.358135,23.684313,21.694920,14.156885,22.334051,23.090982,16.727486,23.236959,24.736019,16.976940,21.930267,24.993294,17.138065,20.955860,26.922750,20.569042,15.509373,24.220661,19.862762,13.316618,25.319710,23.216072,14.471599,26.016376,25.463310,13.995151,27.272970,29.617638,14.096762,23.957008,30.747059,20.390396,21.778452,32.180691,27.703705,23.375763,31.247982,29.286140,23.007034,30.725710,30.806271,22.233812,28.659935,31.145823,20.781422,26.957712,32.951702,25.623796,23.422689,32.500313,28.130745,22.819071,31.918135,29.836424,20.973454,28.963341,28.597937,17.686611,26.327557,28.484634,15.592860,18.557335,27.484547,20.587269,18.550976,28.233639,24.091782,17.263252,25.290937,22.489378,13.656001,21.682278,19.129910,8.937603,9.159073,13.861187,12.489921,15.649202,19.809969,17.844585,13.977968,17.352934,13.879880,7.420535,19.312263,20.239693,14.617889,15.948809
[0;32mI (26210) ANALISIS_ESPECTRO: Frame exportado | t=25.54 s | pico=93.8 Hz | 79.4 dB[0m
