Command: /home/yuusha1/esp/idf-tools/python_env/idf6.1_py3.12_env/bin/python /home/yuusha1/esp/idf/esp-idf/tools/idf_monitor.py -p /dev/ttyACM0 -b 115200 --toolchain-prefix xtensa-esp32s3-elf- --target esp32s3 --revision 0 /home/yuusha1/esp/projects/labs/Rep_SE_202601_grupo_Diego_Santiago_Chen/Lab_1/Ejercicio_5/analisis_espectro/build/analisis_espectro.elf /home/yuusha1/esp/projects/labs/Rep_SE_202601_grupo_Diego_Santiago_Chen/Lab_1/Ejercicio_5/analisis_espectro/build/bootloader/bootloader.elf -m '/home/yuusha1/esp/idf-tools/python_env/idf6.1_py3.12_env/bin/python' '/home/yuusha1/esp/idf/esp-idf/tools/idf.py' '-p' '/dev/ttyACM0'
[0;32mI (274) main_task: Calling app_main()[0m
[0;32mI (274) ANALISIS_ESPECTRO: Inicializando analisis de espectro[0m
ESP-ROM:esp32s3-20210327
Build:Mar 27 2021
rst:0x15 (USB_UART_CHIP_RESET),boot:0x8 (SPI_FAST_FLASH_BOOT)
Saved PC:0x42007903
SPIWP:0xee
mode:DIO, clock div:1
load:0x3fce2820,len:0x14f0
load:0x403c8700,len:0xda0
load:0x403cb700,len:0x2f58
entry 0x403c8908
[0;32mI (24) boot: ESP-IDF v6.1-dev-2938-g12f36a021f 2nd stage bootloader[0m
[0;32mI (25) boot: compile time Apr  8 2026 14:46:03[0m
[0;32mI (25) boot: Multicore bootloader[0m
[0;32mI (26) boot: chip revision: v0.2[0m
[0;32mI (29) boot: efuse block revision: v1.4[0m
[0;32mI (33) boot.esp32s3: Boot SPI Speed : 80MHz[0m
[0;32mI (37) boot.esp32s3: SPI Mode       : DIO[0m
[0;32mI (40) boot.esp32s3: SPI Flash Size : 16MB[0m
[0;32mI (44) boot: Enabling RNG early entropy source...[0m
[0;32mI (49) boot: Partition Table:[0m
[0;32mI (51) boot: ## Label            Usage          Type ST Offset   Length[0m
[0;32mI (58) boot:  0 nvs              WiFi data        01 02 00009000 00006000[0m
[0;32mI (64) boot:  1 phy_init         RF data          01 01 0000f000 00001000[0m
[0;32mI (71) boot:  2 factory          factory app      00 00 00010000 00100000[0m
[0;32mI (77) boot: End of partition table[0m
[0;32mI (81) esp_image: segment 0: paddr=00010020 vaddr=3c020020 size=0f458h ( 62552) map[0m
[0;32mI (99) esp_image: segment 1: paddr=0001f480 vaddr=3fc91300 size=00b98h (  2968) load[0m
[0;32mI (100) esp_image: segment 2: paddr=00020020 vaddr=42000020 size=16254h ( 90708) map[0m
[0;32mI (119) esp_image: segment 3: paddr=0003627c vaddr=3fc91e98 size=025e4h (  9700) load[0m
[0;32mI (122) esp_image: segment 4: paddr=00038868 vaddr=40374000 size=0d2e4h ( 53988) load[0m
[0;32mI (135) esp_image: segment 5: paddr=00045b54 vaddr=50000000 size=00024h (    36) load[0m
[0;32mI (141) boot: Loaded app from partition at offset 0x10000[0m
[0;32mI (141) boot: Disabling RNG early entropy source...[0m
[0;32mI (153) cpu_start: Multicore app[0m
[0;32mI (161) cpu_start: GPIO 44 and 43 are used as console UART I/O pins[0m
[0;32mI (162) cpu_start: Pro cpu start user code[0m
[0;32mI (162) cpu_start: cpu freq: 160000000 Hz[0m
[0;32mI (164) app_init: Application information:[0m
[0;32mI (167) app_init: Project name:     analisis_espectro[0m
[0;32mI (172) app_init: App version:      bc6dc7c-dirty[0m
[0;32mI (177) app_init: Compile time:     Apr  8 2026 14:46:06[0m
[0;32mI (182) app_init: ELF file SHA256:  d65aaaa4b...[0m
[0;32mI (186) app_init: ESP-IDF:          v6.1-dev-2938-g12f36a021f[0m
[0;32mI (191) efuse_init: Min chip rev:     v0.0[0m
[0;32mI (195) efuse_init: Max chip rev:     v0.99 [0m
[0;32mI (199) efuse_init: Chip rev:         v0.2[0m
[0;32mI (203) heap_init: Initializing. RAM available for dynamic allocation:[0m
[0;32mI (209) heap_init: At 3FC99690 len 00050080 (320 KiB): RAM[0m
[0;32mI (214) heap_init: At 3FCE9710 len 00005724 (21 KiB): RAM[0m
[0;32mI (220) heap_init: At 3FCF0000 len 00008000 (32 KiB): DRAM[0m
[0;32mI (225) heap_init: At 600FE000 len 00001FE8 (7 KiB): RTCRAM[0m
[0;32mI (231) spi_flash: detected chip: boya[0m
[0;32mI (234) spi_flash: flash io: dio[0m
[0;32mI (237) sleep_gpio: Configure to isolate all GPIO pins in sleep state[0m
[0;32mI (243) sleep_gpio: Enable automatic switching of GPIO sleep configuration[0m
[0;32mI (250) main_task: Started on CPU0[0m
[0;32mI (260) main_task: Calling app_main()[0m
[0;32mI (260) ANALISIS_ESPECTRO: Inicializando analisis de espectro[0m
[0;32mI (260) ANALISIS_ESPECTRO: fs=16000 Hz, FFT=1024, periodo=1000 ms, export CSV por serial[0m
[0;32mI (280) main_task: Returned from app_main()[0m
SPECTRUM_CFG,16000,1024,512,15.625000,hann
SPECTRUM_FRAME,1.006350,296.875000,16.704813,hann,512,-14.930577,-7.944093,10.070251,18.923172,15.698079,3.171605,16.185925,15.394448,2.019406,11.865585,13.685881,4.839570,9.490438,13.201504,5.914227,10.247871,15.245617,8.980523,9.537631,16.704813,12.731910,5.891638,16.556395,15.049705,-1.718280,14.761601,15.775041,2.812873,11.343218,15.142573,7.237458,6.764359,13.650900,8.786076,3.475897,12.308836,9.375043,1.984514,11.710873,10.380816,-0.909969,10.988960,11.647669,-1.752663,9.209423,12.225273,2.794100,6.036394,11.719254,5.648350,1.845175,10.371769,6.788588,-1.876629,9.050347,7.661165,-5.162642,8.267624,9.258120,-4.031642,7.133964,10.620419,1.933177,4.615077,10.655781,5.310079,0.170278,8.849268,5.997206,-4.964594,4.862052,4.029881,-6.783127,0.361523,1.372563,-9.007133,0.900278,4.411327,-3.744517,1.164586,7.039068,2.059649,-1.561119,7.027194,4.542448,-6.658669,4.364789,4.341549,-5.282709,-0.605355,2.103091,-2.918054,-1.011178,1.830852,-2.416175,1.148659,4.615872,-0.417111,0.360669,5.942453,2.466172,-4.154171,5.074766,3.939122,-8.909953,1.845414,3.702502,-3.192486,-3.360517,2.326949,-0.729280,-3.551303,1.724705,-0.305451,-1.656403,2.983251,0.325063,-2.590791,4.123650,2.196344,-6.204738,4.002499,4.113936,-7.265257,2.372889,5.164055,-3.133211,-0.854672,5.072561,-0.316702,-5.535187,3.813498,0.899808,-9.833068,1.694537,1.069467,-10.543880,-0.305531,1.380459,-8.350950,-1.391021,2.631678,-4.065160,-2.374018,3.750737,-0.223387,-4.111878,3.744621,2.104577,-6.120912,2.330601,2.914527,-6.137812,-0.446638,2.455731,-4.457428,-4.024645,1.199254,-3.300139,-7.061139,-0.249840,-3.091823,-10.080889,-1.813751,-3.482154,-17.949871,-4.005536,-4.168611,-17.084641,-6.416864,-5.193163,-8.918264,-6.861320,-6.224465,-6.457429,-6.589333,-5.905149,-5.925842,-8.746990,-4.326172,-4.719134,-18.428354,-2.960344,-2.747783,-14.106405,-2.257351,-1.845661,-7.728086,-2.111419,-2.593256,-7.940297,-2.602890,-3.962589,-15.917727,-4.342833,-2.624055,-7.721244,-8.719055,0.183300,-0.768711,-14.956261,1.854038,2.278083,-8.199069,1.995752,3.294335,-4.771011,0.558423,2.841382,-4.290511,-2.681682,1.087955,-5.636701,-8.433575,-1.884442,-7.535042,-19.522367,-5.406134,-8.085202,-24.615831,-7.565417,-7.265274,-19.878025,-8.636664,-6.388037,-18.297358,-10.733736,-5.750366,-14.566840,-14.714966,-4.902151,-9.304752,-18.385536,-3.739929,-4.628683,-12.656965,-2.838343,-1.495520,-7.330883,-2.724188,-0.021411,-4.287450,-3.786873,-0.215641,-3.292802,-6.640631,-2.298057,-4.628730,-12.946356,-7.254802,-9.884829,-28.781454,-21.212408,-21.596735,-14.239332,-13.015396,-8.378717,-9.570845,-9.571680,-4.958978,-6.950016,-12.378917,-4.894707,-6.165004,-38.672684,-7.275894,-7.923642,-12.316190,-10.806828,-13.169178,-8.849549,-9.696157,-13.919698,-10.303366,-7.274833,-10.149200,-13.021854,-6.733038,-10.949296,-9.676855,-7.063037,-18.054001,-8.043071,-6.737839,-12.509192,-9.227302,-6.735598,-6.260431,-7.879409,-9.366608,-3.799123,-3.827238,-20.671856,-3.218309,-1.654667,-13.854301,-3.528991,-1.503279,-7.818182,-3.958317,-2.934084,-7.147686,-4.380546,-5.156574,-10.347927,-5.248075,-7.053056,-17.078503,-6.813076,-8.802018,-12.000381,-8.756481,-10.987124,-8.308588,-10.303701,-11.142879,-6.935406,-10.774650,-9.128148,-6.000762,-9.982754,-8.133690,-5.175302,-8.788937,-9.078254,-5.175303,-8.282787,-13.163022,-6.566249,-8.465252,-32.255894,-9.869243,-7.889278,-11.447696,-16.258690,-6.197356,-5.309977,-16.671494,-5.157297,-2.422665,-10.611809,-5.788640,-1.471822,-7.954102,-8.561050,-2.291437,-7.579605,-14.016550,-5.215975,-8.939314,-20.075977,-10.369449,-10.039207,-19.534405,-10.088334,-7.210953,-18.734953,-6.620588,-3.745850,-16.003799,-5.502663,-1.728693,-11.876493,-6.170022,-1.239044,-8.556883,-8.278573,-2.203925,-6.674538,-12.376427,-4.626114,-6.366303,-22.562551,-8.706673,-7.437953,-19.389091,-15.544462,-8.841455,-11.259571,-30.508980,-8.941820,-7.491445,-18.851681,-8.344051,-5.605432,-15.357492,-8.391022,-5.293047,-14.501514,-9.639772,-6.565604,-12.495405,-12.797705,-9.089314,-8.642694,-18.337446,-10.188255,-5.370154,-16.552151,-7.839708,-3.378068,-13.548044,-5.415030,-2.649220,-14.892134,-4.124006,-3.115650,-19.032850,-3.929063,-4.783446,-12.122986,-4.350392,-7.859286,-7.356947,-4.529064,-12.894081,-5.418716,-4.438703,-17.579260,-5.334225,-5.234294,-14.751099,-6.634963,-8.270767,-12.970755,-8.901019,-16.954229,-12.261285,-11.676539,-16.252758,-10.150349,-15.204339,-8.944714,-7.746232,-18.950960,-7.202117,-6.611450,-15.591048,-8.934575,-7.151843,-12.154509,-15.725492,-10.158366,-11.106511,-14.709757,-20.319256,-11.058154,-8.690862,-13.840470,-9.853741,-7.386115,-7.342113,-7.443607,-8.963539,-5.863710,-5.479159,-12.166381,-7.942986,-4.958073,-13.338279,-13.517410,-6.756276,-12.713821,-10.722494,-12.885819,-13.085040,-6.905687,-14.757820,-11.751552,-6.424965,-7.987781,-7.457360,-8.203574,-6.563673,-4.251682,-9.444775,-9.004435,-3.079910,-7.070611,-15.224562,-4.039498,-5.110178,-9.691686,-7.395007,-5.433260,-4.957507,-11.170036,-9.070002,-3.561176,-7.980468,-23.669243,-5.033588,-5.199964,-13.175988,-11.046170,-5.151341,-7.671690,-18.394032,-8.748333,-6.437363,-8.087687,-15.918984,-7.837290,-5.708713,-6.653254,-11.947417,-6.677639,-2.629818,-9.672895,-10.404675,-2.047342,-4.271439
[0;32mI (1680) ANALISIS_ESPECTRO: Frame exportado | t=1.01 s | pico=296.9 Hz | 16.7 dB[0m
SPECTRUM_FRAME,2.028704,296.875000,15.678885,hann,512,-13.846218,-6.715014,7.730875,18.164455,14.227333,2.393190,15.153994,14.250646,-0.005574,10.240885,12.368259,-0.361108,6.718614,11.494737,0.704690,6.493894,13.965034,6.629201,5.104505,15.678885,11.651342,2.668895,15.535031,14.463521,1.825454,13.650257,15.394851,3.223610,10.147391,14.713223,4.696117,5.070189,12.699844,5.091367,-1.804854,10.066648,5.428953,-13.312437,8.162254,7.700703,-11.574398,7.193560,10.346986,-1.294042,6.117435,11.828546,3.988831,4.627226,12.017702,6.894232,2.979425,11.150217,8.166061,1.257164,9.509826,8.497858,-1.017871,7.191970,8.642605,-3.858728,3.848640,8.712643,-1.844836,-1.109362,8.089960,2.298498,-4.937647,6.415545,4.330712,-2.746787,4.398811,4.654305,-1.383749,3.315842,4.657282,-1.964581,2.117773,5.196763,-2.614261,-1.193653,4.993260,-0.929543,-7.576470,2.663639,0.198296,-6.788825,-1.932338,-1.060171,-3.932331,-2.129062,-1.719721,-4.672543,-0.175535,1.816093,-6.286077,-1.514283,3.931093,-2.951692,-7.548635,3.358503,-0.138520,-18.493240,-0.324216,-0.065859,-8.256754,-9.086810,-3.000403,-6.446311,-8.063076,-5.874691,-7.174981,-3.966899,-0.818557,-6.234789,-3.694474,2.664008,-1.782444,-4.930428,3.802210,2.023162,-6.259871,3.126486,3.938230,-6.244619,0.868147,3.964771,-5.152364,-2.981970,2.443809,-4.354729,-9.306361,0.841665,-1.717816,-14.552588,1.139476,2.311324,-5.354300,2.151704,5.062341,-0.361650,2.659082,6.203979,2.087360,2.525144,6.077240,2.677092,1.544512,5.061018,1.968760,-0.857931,3.305304,1.156173,-5.908056,0.535425,1.205750,-12.191182,-3.884756,1.251316,-6.316738,-9.829859,0.452318,-3.436698,-10.038389,-1.078737,-3.080365,-7.980621,-2.574748,-3.741953,-7.913878,-3.179592,-3.777153,-8.660026,-2.941440,-2.062818,-8.054737,-2.589230,0.559292,-5.078073,-2.642985,2.681005,-1.354713,-3.201408,3.586551,1.485955,-3.966140,2.943273,2.726223,-4.576794,0.430090,1.871886,-5.668492,-4.311604,-1.792491,-9.282896,-8.694005,-3.950051,-8.877343,-6.633306,1.192481,-0.712116,-3.998886,3.872218,3.759006,-1.847199,4.117395,5.718579,-0.448867,2.524005,5.657618,-0.165632,-0.615984,3.537154,-1.194295,-5.555311,-1.311005,-4.165900,-10.965765,-12.617469,-10.860404,-7.586520,-12.798041,-8.576939,-5.698534,-6.588940,-2.796835,-6.217530,-5.410839,-0.549697,-4.648582,-5.927225,-0.146669,-1.912628,-4.916782,-0.724033,-0.985302,-2.657298,-1.779734,-1.821801,-2.347596,-3.142455,-3.700531,-5.325544,-5.454323,-6.163375,-13.297777,-11.317410,-8.925773,-10.907280,-22.086819,-8.775276,-7.197371,-9.318497,-6.314402,-6.541164,-7.565265,-5.226955,-6.527453,-10.129890,-6.316627,-7.093461,-10.396248,-10.427055,-8.596658,-6.524407,-17.681812,-9.490379,-5.006349,-14.625607,-9.423375,-5.593544,-14.949637,-10.228877,-8.389164,-27.739286,-11.111586,-16.841084,-13.024436,-9.765982,-13.171671,-7.317185,-7.841575,-6.474399,-4.934831,-6.895724,-5.130894,-4.160427,-7.358415,-7.803444,-5.156921,-9.810091,-19.015558,-9.769156,-15.979671,-12.877088,-27.421276,-23.066874,-7.042118,-7.735172,-13.619275,-5.659404,-3.542774,-10.184881,-6.169559,-2.964382,-8.990470,-7.743167,-5.164724,-9.154009,-10.697341,-10.480412,-11.390404,-17.156296,-14.204326,-19.417917,-29.635592,-12.250380,-19.403307,-20.626236,-13.116488,-12.333725,-21.072880,-12.048555,-11.153221,-22.373341,-8.753706,-9.638094,-27.536356,-7.677635,-7.030207,-22.874899,-9.435734,-6.653466,-13.893546,-16.237627,-10.063509,-12.973737,-22.452745,-19.101656,-19.289862,-11.622965,-10.514858,-11.191301,-8.884304,-6.159547,-5.427852,-7.714214,-4.990278,-3.758324,-6.931016,-5.749401,-4.728839,-8.049603,-8.210736,-8.075989,-13.977127,-13.965072,-14.636896,-22.197561,-24.769955,-26.757452,-10.797050,-10.198012,-15.014902,-8.446841,-6.709933,-9.609071,-8.674305,-7.218883,-7.334147,-9.219810,-11.499032,-7.545946,-8.703100,-21.157887,-9.172400,-7.982530,-23.731688,-9.129237,-8.059263,-21.425053,-8.773417,-8.968370,-16.808586,-11.625543,-10.943326,-14.710278,-22.298632,-15.996756,-16.121866,-17.457392,-23.934914,-14.807707,-14.033240,-14.771635,-9.571774,-16.193283,-12.797047,-6.715319,-14.330473,-15.315661,-6.215159,-8.984952,-20.153450,-7.603826,-6.468668,-14.862621,-9.976805,-6.255796,-10.775143,-11.622014,-7.916026,-9.392659,-12.018007,-10.778633,-9.980476,-11.282134,-13.616166,-9.953322,-10.324495,-18.557480,-6.954530,-11.254635,-25.405378,-4.909683,-14.148016,-14.308580,-5.457594,-11.507159,-12.954134,-9.173200,-8.861736,-19.509720,-16.684179,-10.615596,-15.636065,-24.724113,-20.916229,-10.085981,-16.519606,-15.877858,-10.725407,-9.030893,-11.259803,-16.114315,-6.681735,-9.787872,-13.638320,-8.427697,-7.828063,-9.662381,-15.452101,-7.490848,-8.061417,-17.084326,-10.407267,-7.975848,-12.578484,-16.501898,-10.888662,-12.384452,-17.002661,-24.059477,-15.316335,-15.592836,-13.292713,-24.789577,-13.860379,-7.556566,-15.383333,-11.816658,-5.550873,-10.602899,-10.024514,-5.561146,-9.474282,-8.721844,-7.192647,-10.375977,-9.236954,-8.366004,-14.407969,-12.094011,-7.804001,-19.154400,-15.007038,-8.754872,-10.665001,-14.857860,-11.870695,-7.688690,-12.968398,-11.326766,-6.938077,-10.742749,-8.747417,-4.992332,-10.364443,-7.812892,-2.610558,-11.123691,-7.961182,-1.627314,-10.360955,-9.122598,-2.246152,-10.026583,-11.799133,-4.442471,-12.940875,-16.096752,-8.755949,-15.681876
[0;32mI (2700) ANALISIS_ESPECTRO: Frame exportado | t=2.03 s | pico=296.9 Hz | 15.7 dB[0m
SPECTRUM_FRAME,3.051067,296.875000,16.208088,hann,512,-9.596168,-11.969954,8.919621,17.944485,14.316140,4.873722,15.656109,14.641825,2.186188,12.576424,13.809093,2.519154,10.243540,13.747948,4.456250,8.692295,15.207747,8.247901,6.659771,16.208088,12.126374,4.090767,15.890946,14.520134,2.403612,14.287508,15.307321,3.672847,11.612949,14.781343,5.687427,8.024961,13.525037,6.875382,3.564587,12.341517,8.277925,-1.073734,11.456841,10.404573,-2.589267,10.312940,12.103168,0.451755,8.434109,12.689714,3.819354,5.649549,12.130777,5.763505,1.980027,10.669916,6.421945,-1.975560,8.747810,6.637734,-4.028007,6.715200,7.297338,-2.910966,4.297335,8.031334,-0.324827,0.840683,7.849206,2.122186,-3.782396,6.186562,3.375540,-7.888596,2.981255,2.958893,-8.728649,-0.782328,1.129629,-8.196142,-3.845534,-0.138003,-9.552450,-8.751616,-0.119050,-9.249155,-25.658321,-1.547506,-4.695318,-15.368841,-5.041610,-2.270379,-12.666771,-4.977121,-1.280173,-11.230359,-3.353179,0.161104,-8.850657,-5.020139,1.434227,-6.542137,-11.254687,0.962298,-3.909337,-16.564449,-2.024114,-2.239013,-14.431265,-5.850253,-1.960143,-17.742598,-4.277452,-1.053903,-12.700308,-3.465610,1.437324,-6.881743,-5.835534,3.063977,-2.312368,-10.947132,2.794697,0.987757,-15.288818,0.591593,2.536941,-11.786532,-2.760355,2.385627,-5.652289,-4.992776,1.145188,-2.237366,-6.199505,0.077731,-1.032975,-7.527186,-0.631608,-1.055699,-8.472582,-2.498257,-1.362967,-11.405774,-7.138348,-1.900687,-25.603424,-15.563465,-3.252125,-12.183161,-9.340809,-5.136952,-7.131950,-5.120196,-5.614914,-5.911487,-3.942199,-4.318401,-5.796515,-5.049317,-3.165911,-4.905425,-7.275064,-3.176659,-3.271590,-6.713515,-4.521808,-2.203503,-4.889261,-6.214628,-2.785348,-4.403237,-7.158886,-6.270504,-4.994334,-9.539958,-17.059647,-5.195506,-17.642330,-10.548895,-2.754033,-10.084891,-5.430947,0.512009,-3.363155,-4.396417,2.426292,0.168160,-5.207102,2.455243,1.996985,-6.336244,0.201768,2.206541,-6.688874,-5.477595,0.337569,-6.484193,-15.441809,-3.582592,-5.676329,-10.234214,-2.265316,-2.777960,-9.101135,1.338325,1.291127,-7.932682,2.171083,4.247214,-4.126247,0.340614,5.393946,-1.042097,-4.196515,4.502707,0.609496,-10.665638,1.060673,0.670045,-15.157013,-6.559441,-0.916862,-15.589581,-9.959649,-2.341111,-7.786896,-5.504910,-0.482929,-3.249763,-5.512677,1.399264,-0.852758,-7.158234,1.375479,0.362823,-8.356617,-0.861772,0.547981,-9.667896,-5.944114,-0.611840,-10.236141,-14.959862,-3.491756,-8.240328,-14.402527,-7.135557,-6.731870,-13.025060,-7.413716,-6.513172,-13.659872,-7.524301,-6.439428,-13.131352,-11.953168,-6.406960,-13.966805,-31.458055,-8.268166,-14.932681,-13.561358,-14.246901,-12.387777,-13.056965,-14.464064,-12.085382,-21.361715,-10.955589,-16.258305,-17.746704,-13.996042,-23.152124,-14.133977,-25.702831,-19.467218,-16.639992,-12.935962,-14.011585,-17.619148,-10.718106,-9.648732,-13.889820,-12.235758,-8.541708,-12.886261,-14.903891,-11.097288,-14.604042,-19.298517,-19.305145,-13.642437,-24.165802,-18.933783,-8.176725,-10.741526,-12.474798,-5.157673,-5.277822,-9.005423,-4.529138,-3.042702,-6.616914,-5.584727,-3.351456,-5.606160,-7.604153,-6.441093,-6.832412,-10.142993,-14.128814,-12.430572,-13.914614,-23.164318,-23.878559,-21.776932,-13.694717,-9.924500,-15.950624,-11.459337,-6.701682,-10.369686,-10.921328,-6.456951,-8.543066,-10.605207,-8.361917,-9.064306,-10.715853,-12.414856,-12.787577,-12.012225,-16.215893,-22.315235,-16.393196,-16.728270,-10.628261,-25.507015,-17.633204,-6.582604,-10.079699,-16.318066,-6.389327,-5.660447,-12.011684,-8.653235,-5.320547,-8.899570,-11.362373,-8.187557,-8.642769,-11.581724,-9.846239,-10.507436,-10.438023,-7.152958,-7.856325,-8.986582,-6.332801,-4.734369,-6.725994,-7.681010,-4.830101,-5.049494,-9.691949,-8.467002,-5.595782,-8.831434,-11.283158,-8.467527,-6.454858,-6.062503,-7.718799,-4.835058,-2.960462,-4.361567,-3.695617,-2.076738,-3.247164,-3.293723,-3.043761,-4.346095,-4.651358,-5.943142,-8.072042,-9.246325,-11.449244,-16.239555,-26.694290,-15.757890,-10.459719,-12.670481,-10.623927,-5.406399,-7.410249,-8.362329,-3.761127,-5.534718,-8.607146,-4.418639,-5.502986,-10.214482,-7.371787,-7.649624,-12.330057,-12.829045,-14.954865,-16.970001,-18.270905,-16.773209,-23.125114,-21.272987,-7.547876,-8.232337,-15.415398,-4.714533,-2.792518,-7.886443,-4.010934,-0.599634,-3.725230,-3.939683,-0.727842,-2.154743,-4.124215,-3.015699,-3.264439,-5.408273,-8.022579,-8.575680,-9.854122,-20.322378,-18.979103,-29.835260,-13.085198,-6.661554,-8.049108,-6.600583,-2.996128,-3.411169,-3.754270,-1.928512,-2.259086,-3.008470,-2.234954,-3.193972,-4.323632,-3.714452,-5.646773,-8.214840,-6.884650,-9.123163,-16.355932,-13.635214,-12.652529,-27.540209,-26.890305,-14.394698,-20.741188,-15.883987,-14.142989,-17.459509,-15.195437,-13.467155,-14.721096,-18.265144,-13.171884,-13.258548,-17.593803,-13.096093,-11.919098,-13.855848,-12.015351,-9.951978,-11.165970,-9.723618,-8.156960,-9.047485,-8.000858,-7.156255,-7.719398,-7.859867,-7.461054,-7.800912,-9.622786,-10.299655,-10.127521,-13.978174,-21.669542,-17.285574,-22.965042,-14.724050,-14.526044,-15.332224,-7.993727,-7.285915,-9.744017,-6.007504,-4.688848,-7.189640,-6.247253,-4.992170,-6.682046,-7.984482,-8.100558,-8.590195,-10.250640,-13.062235,-13.803697,-11.665119,-10.931760,-13.059120,-13.096529,-8.264658,-8.809229
[0;32mI (3730) ANALISIS_ESPECTRO: Frame exportado | t=3.05 s | pico=296.9 Hz | 16.2 dB[0m
SPECTRUM_FRAME,4.073428,343.750000,16.737404,hann,512,-6.700032,-0.982161,10.644751,19.458380,15.864061,2.676157,16.501602,14.997583,-8.997297,11.370848,12.072335,-0.613258,7.651811,11.356187,3.783200,8.634801,14.755569,9.560329,7.743706,16.710760,13.676534,3.330723,16.737404,15.880497,-0.401127,15.129599,16.515322,5.339258,12.085452,15.872651,8.248691,7.900685,14.311032,8.912773,3.441105,12.486567,8.675239,-0.710832,11.211047,9.391075,-6.314245,10.507026,11.278888,-1.295909,9.596779,12.838055,4.970591,7.720770,13.374184,8.167185,4.127321,12.744352,9.471681,-2.448635,10.936507,9.670017,-6.670170,8.183015,9.740500,-0.223475,5.357279,10.296268,3.955519,3.017671,10.705672,6.517408,-0.387158,10.080034,7.485063,-6.994892,7.908772,6.788051,-7.551933,3.929588,4.874681,-2.857307,-1.296929,3.906519,0.044079,-5.317557,4.598675,2.386572,-8.739766,4.255212,3.545110,-7.996512,1.440227,2.915082,-4.796734,-5.057755,0.528922,-4.285980,-10.638113,-1.158644,-5.090359,-7.212579,0.075955,-4.079847,-7.288494,0.364321,-2.586883,-7.737318,-2.287347,-3.131270,-6.982568,-11.174823,-7.145917,-7.841369,-8.493376,-8.729831,-14.196043,-2.393381,-1.362242,-11.717960,-1.786772,2.116096,-2.289587,-5.496287,2.549794,1.708980,-7.814790,-0.308962,2.857023,-1.801806,-9.641813,1.435346,0.068823,-7.079709,-2.246647,-2.313017,-2.695729,-2.395063,-10.354118,-4.899808,0.149222,-1.505527,-19.925526,0.100705,3.344281,-4.016683,-2.649931,4.645782,1.155044,-8.114734,3.665706,2.677658,-19.152477,0.973583,2.093103,-8.771564,-2.906234,0.526949,-3.193890,-7.640817,0.000171,-1.698830,-10.374045,0.220889,-2.720607,-10.730796,-0.858932,-4.327224,-18.679346,-4.212125,-4.165145,-9.215690,-11.093816,-3.401167,-2.234367,-17.999985,-2.812995,0.397129,-10.988559,-2.406619,0.933862,-8.541989,-2.802456,0.563491,-7.139820,-4.408121,0.026438,-3.929414,-6.000340,-0.977983,-0.875059,-4.534123,-3.470236,0.214042,-2.339842,-8.545150,-1.612307,-2.301664,-11.972120,-10.368585,-6.995342,-10.413160,-8.069923,-9.305905,-17.949942,-0.284897,1.592903,-9.101574,1.359339,5.788763,-0.138354,-0.416649,6.893416,3.585599,-4.083636,5.340991,4.372559,-2.238682,0.359911,2.222863,0.289851,-6.585624,-3.893805,0.124510,-1.619786,-2.555550,-1.818906,-0.620695,2.087224,-1.950201,-4.600452,2.827505,-0.030855,-14.256599,0.489983,0.863919,-3.812386,-5.506772,0.727348,0.148711,-12.864751,0.299787,1.451765,-8.843302,-0.582253,1.422410,-8.318252,-2.896767,0.196321,-9.175140,-8.014950,-2.678841,-8.362658,-21.324818,-6.557158,-7.416232,-14.463121,-4.963315,-7.219126,-9.499163,-1.761660,-6.945801,-7.849424,-0.523663,-6.675644,-7.508303,-1.204919,-7.655988,-7.917424,-4.087762,-11.131256,-8.537722,-10.934141,-12.091326,-8.685112,-26.425690,-6.282825,-8.132043,-11.212675,-3.137748,-7.384867,-8.754729,-2.435100,-7.337570,-9.606405,-3.683204,-8.816402,-13.074107,-6.470722,-11.670627,-20.490168,-9.244990,-11.409587,-26.352758,-9.280608,-8.871671,-16.971241,-7.766308,-8.526731,-12.737120,-6.224317,-11.330142,-10.739243,-5.008960,-12.311018,-10.146461,-4.597487,-6.059687,-8.235579,-5.695918,-2.582495,-4.184711,-9.385518,-1.921831,-1.254274,-11.757612,-4.357003,-0.579549,-5.724759,-13.972975,-2.910124,-2.674339,-9.979403,-10.790038,-2.697103,-2.880860,-6.081370,-5.367302,-1.083812,-0.361489,-6.308296,-2.423854,1.156483,-3.010424,-7.597537,-0.244890,-1.780147,-14.867495,-5.421819,-3.655713,-7.988997,-15.232103,-10.322626,-6.137041,-5.478735,-14.682102,-7.673998,-2.221813,-6.901241,-10.954286,-2.053729,-5.079637,-11.922338,-3.844256,-6.242389,-11.094035,-7.101149,-10.331779,-12.132065,-11.449809,-21.267170,-17.087887,-15.318872,-15.662752,-21.638700,-10.190153,-9.110167,-13.854304,-4.866568,-6.420648,-11.971081,-2.278634,-5.577291,-14.409626,-2.282114,-6.352850,-23.988953,-5.542879,-9.451025,-19.547174,-16.804676,-11.907321,-11.634990,-12.263879,-5.782600,-6.748488,-7.563692,-2.037678,-3.523325,-8.752768,-1.117110,-2.037991,-13.583996,-2.682544,-2.423733,-12.723083,-6.998567,-4.932687,-10.920911,-14.841616,-9.677145,-13.453374,-22.900986,-12.450476,-14.838166,-16.876127,-10.796711,-9.505291,-10.034389,-10.619717,-6.744289,-6.612873,-12.975554,-5.911631,-5.725480,-22.971901,-5.519248,-6.855131,-15.142020,-4.242734,-9.973603,-7.533019,-2.624320,-14.269289,-4.591442,-2.165494,-13.026018,-3.631558,-4.015867,-10.450121,-3.149534,-9.477757,-8.084969,-2.506086,-8.501936,-3.798581,-2.458668,-3.189939,-0.266789,-3.648558,-1.433678,1.327939,-5.825050,-1.924046,1.086731,-8.130915,-3.486499,-0.346385,-9.430308,-4.666746,-1.362781,-6.860632,-5.394514,-1.450357,-3.582875,-6.462264,-2.293447,-2.310380,-7.359256,-4.912305,-3.144407,-7.491776,-9.357032,-5.509964,-6.996582,-12.998613,-7.568889,-5.676283,-11.547013,-7.968540,-4.111456,-9.029259,-7.633096,-2.897381,-7.899956,-6.887126,-2.087130,-8.646418,-6.320677,-1.931135,-11.374558,-6.112218,-2.695564,-16.254963,-5.822854,-3.665120,-13.104036,-5.947718,-3.498286,-6.303778,-7.522235,-3.155656,-2.761035,-10.454974,-3.840945,-1.664503,-12.110801,-4.688039,-2.366504,-13.882474,-4.527695,-3.594829,-23.819857,-5.044164,-3.969685,-15.423183,-8.293852,-4.713800,-9.973033,-17.821156,-7.626421,-9.661948,-19.219048,-13.568977,-12.425107,-13.804600,-17.042551,-15.389581
[0;32mI (4740) ANALISIS_ESPECTRO: Frame exportado | t=4.07 s | pico=343.8 Hz | 16.7 dB[0m
SPECTRUM_FRAME,5.095797,93.750000,15.672425,hann,512,-14.881964,-5.491943,9.477454,17.982182,15.002682,2.825966,15.672425,14.811594,0.673242,12.134790,13.298363,2.799564,9.192625,12.380751,4.062318,8.306620,13.695512,7.955449,6.944247,15.084789,11.803579,3.111074,15.322525,14.127749,-3.689750,14.343561,15.089333,0.877590,12.234936,14.982218,5.529120,8.990184,14.082268,7.893485,4.411562,12.702404,9.235574,-1.649997,11.248202,10.151678,-4.764617,10.092634,10.901777,-2.016902,9.188479,11.540093,0.849892,7.995716,11.973574,4.057087,5.777960,12.021257,7.255687,1.311972,11.513010,9.728052,-12.111336,10.340063,11.223397,-3.386185,8.404774,11.712482,3.148846,5.516117,11.175070,5.547281,1.306690,9.553660,5.887845,-4.872508,6.889077,4.858509,-16.285513,3.842951,3.990095,-12.176319,1.776021,5.042556,-2.783450,0.186227,6.336239,1.672901,-2.405350,6.299212,3.527026,-5.081109,4.599985,3.203993,-5.714886,1.262077,0.509660,-6.617156,-3.299019,-5.758724,-7.884244,-8.048613,-13.000360,-5.873941,-11.397392,-6.239380,-3.231428,-10.727272,-3.698009,-1.766869,-9.766544,-3.147210,-1.242024,-10.558584,-3.635493,-1.474666,-11.143336,-5.045518,-2.298905,-8.904831,-7.750378,-3.274235,-5.207492,-12.667671,-4.220753,-2.222789,-12.975502,-5.216270,-0.646130,-8.201108,-5.319838,0.014891,-6.389694,-4.898757,0.976425,-4.364173,-6.648003,2.277143,-0.014575,-15.804806,2.760906,3.502823,-9.037594,1.913559,5.267725,-2.015550,0.074818,5.529678,0.427725,-1.876205,4.756057,0.659723,-4.183486,3.462108,0.152483,-9.478545,1.806160,0.584226,-26.476772,-0.396057,1.732178,-7.884820,-2.777770,2.616192,-3.439775,-4.437108,3.096481,-1.456512,-6.115697,3.109386,-0.236331,-9.836692,2.381863,0.567771,-20.651764,0.680703,0.771835,-16.212093,-1.941757,0.399158,-8.868352,-4.221646,0.012776,-5.869019,-4.004783,0.386689,-4.333429,-3.139720,1.119986,-3.065510,-3.754268,1.010668,-2.030570,-6.867836,-0.784870,-2.228480,-15.712289,-5.087691,-3.569010,-12.431522,-12.936781,-2.144058,-3.328421,-10.595365,1.064680,1.669676,-5.663869,2.647824,4.504772,-2.568054,2.402124,5.433669,-0.679926,0.637109,4.454209,-0.640044,-2.267360,1.346720,-3.774503,-5.790145,-4.687779,-18.741386,-8.305500,-16.799070,-6.229658,-6.071945,-14.526133,-0.414469,-2.611843,-11.764839,1.349389,-0.740231,-12.687072,1.263207,-0.568668,-14.764748,0.174358,-1.829460,-15.210849,-1.374094,-3.979266,-13.122539,-3.102484,-6.057166,-10.124397,-5.101881,-7.801981,-7.663570,-7.378906,-10.773320,-6.805949,-8.510710,-18.517622,-8.138054,-8.172285,-20.237869,-10.901580,-9.321903,-12.492800,-9.594802,-13.915680,-10.964087,-6.892514,-13.149691,-13.058931,-6.122782,-8.421063,-18.996325,-6.824564,-7.191028,-25.159801,-8.058945,-8.416834,-30.886036,-8.994349,-11.533078,-21.227739,-9.322857,-16.856710,-13.925824,-9.320788,-20.040691,-10.531092,-9.791738,-16.818308,-8.316892,-10.789704,-17.226265,-7.113471,-10.206228,-14.488268,-7.701578,-8.976826,-8.601456,-9.523991,-10.508527,-5.739814,-8.377626,-18.609905,-5.717649,-6.130790,-12.571875,-8.219278,-6.258367,-7.028581,-10.465267,-9.765078,-6.057639,-9.052565,-20.233595,-7.851781,-9.030180,-19.751165,-10.342231,-11.150455,-15.845152,-10.538112,-10.870681,-16.609049,-10.281019,-9.177150,-15.736162,-10.102509,-9.654221,-16.589329,-9.853335,-11.048884,-31.415924,-11.012327,-11.327269,-16.010790,-13.073150,-13.729257,-10.774565,-11.884192,-28.500992,-11.582961,-10.991165,-14.530346,-20.196894,-13.991409,-9.532062,-12.740079,-12.534927,-7.991822,-7.760454,-5.869695,-6.235570,-7.479497,-2.987061,-3.927062,-10.362799,-3.060427,-2.846235,-13.253038,-6.141546,-3.976452,-12.248731,-13.238838,-8.296496,-13.503166,-13.333628,-10.418891,-18.824743,-9.669657,-4.668871,-10.115085,-10.089966,-1.989934,-4.365359,-15.301477,-1.719335,-1.820551,-20.149118,-3.512471,-1.467373,-9.237110,-8.540145,-3.206641,-5.551758,-29.105003,-8.087329,-5.209253,-8.296328,-19.847389,-8.067921,-4.270297,-7.610611,-14.768105,-4.528842,-3.273789,-9.879208,-8.856003,-3.004202,-5.356724,-12.597712,-7.009865,-4.851776,-6.571320,-13.201021,-9.368434,-4.373084,-4.957057,-17.143887,-5.016922,-1.988595,-4.696779,-5.772687,-2.169189,-1.537051,-3.281044,-4.199588,-2.076973,-1.362993,-5.862198,-5.935835,-1.971882,-6.083155,-14.786129,-5.562304,-8.393494,-15.698117,-10.736700,-20.902464,-10.497979,-9.596397,-9.813148,-6.857107,-8.808814,-4.057494,-3.341054,-10.155978,-2.701168,-1.183818,-10.260247,-3.741778,-0.826652,-8.403095,-6.595283,-2.322199,-7.939632,-11.054602,-5.773916,-10.332747,-16.002480,-11.438957,-17.011488,-20.612434,-16.846373,-16.544365,-24.140327,-16.933857,-11.843109,-15.754208,-19.609379,-10.840002,-12.546183,-20.175247,-11.566392,-12.264664,-16.523964,-11.568003,-11.886072,-17.083593,-10.959558,-9.756125,-16.501244,-12.854887,-8.418041,-11.984506,-22.859303,-9.578648,-9.975649,-18.133999,-15.457658,-10.928507,-11.256213,-22.618687,-15.119438,-9.263450,-11.598773,-17.251104,-8.976517,-8.702503,-12.778329,-9.571344,-8.915865,-11.233727,-11.179472,-12.414116,-13.055053,-13.621815,-21.101753,-22.955193,-14.828131,-11.058924,-15.263708,-14.840542,-6.026566,-7.042086,-14.370571,-4.346433,-3.619787,-10.607059,-4.905197,-2.702695,-7.047206,-7.297604,-3.900415,-5.493975,-10.193966,-7.512578,-5.821717,-10.975647,-14.570389,-7.544744,-11.753384,-15.712280
[0;32mI (5770) ANALISIS_ESPECTRO: Frame exportado | t=5.10 s | pico=93.8 Hz | 15.7 dB[0m
SPECTRUM_FRAME,6.118150,343.750000,15.740101,hann,512,-9.007022,-5.847497,10.269321,17.880537,13.998320,6.500049,15.475206,13.670959,1.794194,11.492643,12.277966,-1.498113,7.521031,12.116188,3.023061,6.783085,14.107404,8.547741,6.797518,15.631943,12.376945,6.009560,15.740101,14.604097,5.396052,14.419851,15.403124,5.850501,11.794791,14.944573,6.672831,8.091368,13.544542,7.215900,3.738075,11.889748,8.038511,-0.482567,10.672450,9.712655,-1.494810,9.581166,11.382633,1.662375,7.869878,12.155994,4.610950,5.328175,11.794944,6.292884,2.338538,10.469593,6.923399,-0.533976,8.702361,7.258184,-2.813128,7.050036,8.085020,-2.698295,5.332205,8.986958,-0.005213,2.866529,9.045438,2.368105,-0.788100,7.801235,3.316637,-5.538366,5.192521,2.882060,-9.408459,1.811548,2.086479,-8.872791,-0.591418,2.557576,-6.050069,-1.898556,3.515764,-3.304825,-4.172289,3.462550,-1.489526,-8.561196,2.096876,-0.615274,-11.846205,0.090135,0.015121,-8.359211,-1.096068,1.055865,-5.694512,-1.718653,1.994523,-4.329768,-3.697183,1.887695,-3.559702,-9.155031,0.043415,-3.057104,-21.814440,-4.215340,-2.376443,-8.379810,-8.724575,-0.864599,-3.700316,-6.144300,1.065781,-1.173536,-4.840201,2.320570,0.605208,-6.251445,2.269839,1.930561,-9.551981,0.607093,2.616240,-11.026476,-2.994304,2.387430,-8.261549,-9.253948,1.168024,-5.611158,-21.071424,-0.662104,-3.454926,-19.138071,-2.294055,-0.998025,-11.847040,-3.703530,1.317556,-6.913532,-5.931485,2.612209,-3.215502,-9.712340,2.462355,-0.909822,-13.892759,0.639355,-0.172779,-13.867359,-3.192642,-1.163099,-12.206601,-9.529512,-3.955517,-11.616975,-15.963055,-6.995684,-11.586919,-18.037144,-6.557291,-9.506968,-26.801863,-6.044536,-5.870470,-23.951225,-8.079494,-3.227096,-15.422527,-12.647226,-2.108882,-9.639441,-13.689585,-2.324534,-5.361410,-12.772881,-3.114115,-3.111295,-15.253889,-3.051592,-2.845522,-16.433323,-2.152564,-4.326488,-14.649581,-1.906274,-6.881330,-18.851173,-3.306241,-10.044659,-21.662128,-7.506523,-16.574366,-9.657387,-21.264784,-9.685157,-5.111785,-12.682417,-2.675858,-2.246473,-7.089466,0.520255,0.172772,-5.663090,1.361331,1.915308,-5.964312,0.216728,2.524780,-6.846731,-3.097841,1.773282,-7.402129,-9.932781,-0.489301,-6.958648,-27.967522,-4.450319,-5.394621,-11.785731,-9.342537,-3.463282,-7.539734,-9.405539,-1.797779,-5.170019,-6.910805,-0.605412,-3.356456,-5.743477,-0.053625,-1.993242,-5.919847,-0.433140,-1.324147,-7.260785,-2.163608,-1.691997,-9.651806,-5.944647,-3.558069,-12.917681,-13.185204,-7.614312,-15.986815,-15.965028,-12.161025,-15.154360,-12.195518,-9.416090,-11.901359,-12.411914,-7.866421,-9.788432,-15.059285,-9.549129,-9.781002,-17.801506,-12.858847,-13.080097,-17.751045,-11.789054,-22.196548,-16.016848,-10.569513,-13.038063,-14.427256,-11.953238,-8.927681,-11.606552,-12.868551,-8.935202,-8.166693,-10.196733,-12.697979,-6.275015,-7.878773,-24.639847,-6.537561,-7.122411,-21.354530,-8.899756,-8.125504,-16.896173,-11.598036,-9.455689,-16.985285,-11.203517,-6.813760,-13.792936,-10.492181,-3.887676,-8.548436,-11.431528,-3.025659,-5.447969,-14.741554,-4.188394,-4.541703,-25.409479,-7.244275,-5.240617,-17.497643,-12.295618,-5.933631,-9.331519,-19.414379,-5.385962,-5.132987,-20.577974,-5.126350,-3.020972,-16.868193,-6.315887,-2.779002,-13.250355,-9.467598,-4.635648,-10.547106,-16.793037,-9.509922,-10.116817,-24.483250,-22.902981,-12.851209,-13.227522,-16.202982,-17.349806,-11.423412,-10.967742,-12.523769,-14.818924,-8.921881,-9.226521,-31.316490,-8.093508,-8.495836,-12.459155,-8.714858,-8.677030,-7.901760,-11.618380,-8.500319,-6.836477,-15.885752,-8.986017,-7.685869,-13.851137,-12.143085,-9.076596,-12.691250,-17.926697,-10.518867,-15.629992,-13.916525,-13.295221,-21.161263,-12.379540,-13.235717,-23.175522,-16.401159,-9.836666,-20.674494,-24.278763,-9.604193,-12.206656,-15.123331,-13.734183,-9.159906,-11.696038,-16.024094,-10.507961,-10.286798,-10.574126,-13.617373,-10.734575,-8.780366,-8.451216,-11.731466,-9.359745,-5.182617,-7.837988,-11.820742,-4.711816,-4.355240,-15.884642,-6.037800,-3.453019,-13.423832,-8.533650,-4.935849,-10.112257,-11.008668,-8.548419,-10.462274,-9.373720,-11.527035,-14.605122,-6.746466,-8.521046,-14.468054,-6.245592,-5.300010,-9.345579,-7.994355,-4.013868,-6.787589,-11.244678,-4.819629,-5.937113,-13.128775,-7.983027,-6.522870,-12.952567,-13.966574,-8.851231,-13.168169,-18.599878,-13.739691,-14.172645,-17.979757,-24.691048,-15.998009,-21.405300,-24.223492,-19.393150,-24.872658,-15.184735,-27.190479,-18.368570,-10.160499,-23.632948,-15.582722,-7.371239,-15.075606,-13.751585,-6.783268,-10.655119,-11.887318,-8.384351,-8.810293,-11.222816,-11.035642,-9.488949,-12.012403,-11.462630,-12.720156,-12.854371,-12.207806,-14.081900,-13.021482,-17.830534,-12.011548,-14.213952,-19.710701,-13.389395,-16.904509,-12.873381,-24.055191,-18.417803,-11.901241,-17.952686,-17.070183,-14.249072,-11.787432,-13.795924,-16.638779,-10.821135,-10.356664,-15.368103,-12.291919,-8.117253,-14.095034,-14.963694,-7.172749,-13.574669,-18.097904,-7.398433,-13.557954,-23.209259,-8.878469,-13.686906,-28.803295,-11.918112,-12.605864,-17.382746,-14.735975,-10.231347,-12.306101,-11.587466,-7.960798,-10.155796,-8.455551,-6.459055,-9.937710,-7.627867,-5.983708,-11.194448,-9.193712,-6.786166,-13.143844,-13.817415,-8.978200,-12.852018,-20.329695,-11.265626,-9.928336,-14.556389,-10.848059,-7.652856,-10.931578,-9.987787
[0;32mI (6800) ANALISIS_ESPECTRO: Frame exportado | t=6.12 s | pico=343.8 Hz | 15.7 dB[0m
SPECTRUM_FRAME,7.140514,296.875000,15.678688,hann,512,-8.350485,-10.786043,9.419405,17.999514,14.410849,5.791444,15.475701,14.559532,3.424255,11.846350,13.350954,3.008435,9.576084,12.740931,4.319200,9.002068,14.324780,7.625627,7.471357,15.678688,11.362654,4.590390,15.489794,13.953014,2.054391,13.576653,15.036644,2.246327,9.916078,14.679695,4.162104,4.802840,13.209660,5.929494,0.124500,11.515671,7.491489,-1.567540,10.547619,9.386672,-0.233883,9.723652,11.128309,2.454586,7.969222,11.944075,4.583861,4.829493,11.593168,5.656164,0.248275,10.308738,6.048105,-5.536033,8.728642,6.996475,-10.011629,7.329789,8.747078,-4.165838,5.701862,9.906206,1.342632,3.177309,9.581091,4.186420,-0.613772,7.391881,4.567441,-5.515730,3.048864,2.236910,-7.661417,-2.408510,-1.653409,-6.797996,-3.671587,1.152165,-7.196119,-3.591191,3.838439,-4.626937,-4.675028,3.438545,-1.096511,-7.571035,-0.255010,-0.280280,-15.418385,-9.096962,-2.913667,-11.731319,-9.255539,-8.087757,-8.186234,-5.164928,-3.840917,-11.636167,-4.729518,-1.029823,-11.596879,-6.196708,-1.683463,-4.001132,-10.588972,-5.590734,-1.475985,-20.508146,-14.812162,-1.714345,-14.203485,-22.717804,-2.697740,-8.735248,-18.070162,-1.910306,-2.750563,-21.133659,-0.421504,1.578110,-8.585080,0.301231,3.793216,-2.672246,0.194983,4.291801,-0.241209,-0.698745,3.563502,-0.312787,-2.792777,2.149242,-1.625342,-7.489558,0.286663,-0.499867,-13.117716,-2.095987,1.939679,-4.403503,-3.468571,2.828955,-0.055954,-2.354068,1.976439,1.357155,-1.661111,0.101196,0.475202,-2.835705,-1.754216,-2.545681,-5.995593,-4.274657,-5.660439,-11.233622,-10.579566,-5.398502,-22.006397,-24.065899,-6.275144,-15.989269,-12.406559,-11.205926,-10.064155,-15.280041,-13.304031,-8.875797,-20.092102,-9.007774,-8.995880,-9.364779,-8.444136,-7.061615,-8.166699,-8.977571,-5.333603,-14.221083,-9.320494,-5.854127,-17.504311,-12.240747,-9.328922,-8.244466,-13.157848,-18.742298,-7.525279,-7.630253,-17.939945,-11.986095,-6.543566,-11.080423,-9.364483,-10.304480,-9.850698,-2.914169,-6.677051,-11.343657,0.219371,0.021578,-8.320862,1.388281,3.359082,-3.628784,1.048976,4.604693,-1.488271,-0.828801,4.146424,-1.721326,-4.927834,1.824504,-4.188786,-13.908751,-2.547887,-6.032097,-8.730028,-3.513714,-1.322660,-2.542308,-0.004942,2.942716,0.456923,1.371437,5.227766,2.122478,0.417131,5.709123,3.042617,-2.752321,4.312469,3.114752,-7.120564,0.599018,1.832975,-7.708466,-5.477335,-1.577989,-6.975089,-5.636965,-7.225773,-7.875217,-3.965533,-5.758867,-7.828307,-5.905877,-3.094860,-5.048581,-12.080699,-3.958881,-2.664249,-15.335817,-9.167521,-1.900375,-10.281940,-40.536327,-3.100309,-7.068877,-13.369246,-6.856666,-5.207144,-11.093790,-13.671346,-5.510045,-10.470929,-14.711514,-8.836646,-9.616863,-14.220098,-14.707736,-12.087898,-18.326153,-13.223791,-24.475233,-16.785248,-11.882286,-10.416312,-11.628687,-11.036344,-5.798125,-8.452286,-8.813434,-4.767747,-6.909151,-8.537148,-5.370927,-7.586954,-12.179099,-6.434249,-11.202493,-17.164398,-6.762857,-12.791461,-9.556000,-4.744699,-7.617459,-5.924930,-2.252780,-4.220808,-4.894359,-1.369059,-2.379977,-5.442385,-2.747097,-1.972092,-6.544430,-7.221518,-3.451076,-6.744792,-13.405332,-7.015495,-6.303660,-8.224659,-7.530797,-6.142039,-5.533407,-4.173863,-5.775654,-5.669555,-2.947084,-5.089198,-7.632286,-4.206476,-5.142267,-10.493004,-8.147336,-6.716419,-13.740903,-14.553356,-10.305605,-17.802219,-14.769343,-17.137339,-17.887514,-13.994851,-25.314041,-16.397274,-17.328943,-18.530205,-18.540365,-24.364582,-17.113171,-18.004284,-22.685392,-18.955685,-13.926048,-16.762182,-18.982952,-13.761072,-12.292461,-14.469510,-19.218891,-10.379078,-10.742712,-20.440578,-10.922928,-8.598056,-12.838991,-12.980511,-8.033023,-10.666361,-13.842631,-8.918533,-11.685981,-13.539923,-10.691309,-16.536482,-14.074277,-11.695704,-23.431561,-15.093071,-10.393735,-14.601016,-15.831974,-8.523546,-11.303368,-14.833712,-7.989805,-11.184826,-11.889911,-9.667983,-14.193707,-9.518719,-14.639554,-25.388248,-8.349901,-21.559956,-15.831317,-7.839205,-16.001125,-9.554605,-7.179865,-13.269940,-7.401566,-6.243441,-13.102817,-7.409663,-5.793018,-15.543218,-8.535527,-6.519694,-24.708561,-10.218670,-8.587607,-20.075542,-13.622374,-11.514205,-12.322886,-17.592770,-15.426421,-9.165994,-11.245580,-27.543350,-8.094763,-7.266052,-17.933847,-8.357845,-6.015849,-11.673965,-9.074986,-6.773190,-10.439451,-9.573431,-9.376944,-12.665169,-10.889585,-13.975295,-20.139709,-15.156993,-21.854897,-24.422853,-30.956608,-29.910645,-15.498833,-20.814899,-15.982798,-12.991602,-16.528700,-11.500294,-12.502412,-15.193013,-10.488124,-11.774048,-14.716512,-12.187405,-10.234565,-16.515944,-16.172569,-9.292101,-19.837135,-18.582680,-9.514439,-15.517759,-14.104191,-10.545639,-12.111809,-10.024515,-10.693769,-11.648403,-8.386070,-8.869005,-13.970977,-9.439191,-7.812507,-18.551876,-13.808802,-9.973533,-16.489975,-19.455004,-22.279451,-13.651792,-14.819529,-11.804626,-11.178577,-11.613562,-6.148897,-6.521699,-10.009270,-5.344840,-3.224360,-8.720216,-7.782403,-2.528771,-7.013415,-13.067655,-4.985116,-5.970362,-17.086857,-11.791896,-7.425385,-19.000742,-9.142582,-15.533207,-24.034172,-5.218790,-13.890060,-25.321255,-5.476385,-5.694418,-26.369160,-9.332807,-3.693461,-16.064468,-17.733667,-4.820475,-10.648829,-19.244896,-8.506504,-8.822885,-18.227938,-11.548715,-9.673983
[0;32mI (7820) ANALISIS_ESPECTRO: Frame exportado | t=7.14 s | pico=296.9 Hz | 15.7 dB[0m
SPECTRUM_FRAME,8.162875,296.875000,15.416479,hann,512,-10.493637,-7.256264,9.086923,17.739408,14.614425,2.783078,14.659101,14.073383,-2.360167,10.048529,11.677692,-2.289551,8.311928,11.126472,1.871041,8.729099,13.897982,8.099272,7.163114,15.416479,12.191876,3.506462,14.952286,14.263210,1.490275,12.637426,14.693189,3.629938,8.758001,13.802396,5.681595,4.696237,12.201457,7.117563,1.909248,11.041008,8.242022,-1.757300,10.535912,9.335526,-4.018149,9.364423,10.345016,-0.462538,6.454736,10.731860,2.655164,1.283158,10.064125,5.295441,-5.320868,8.610999,7.238794,-12.881774,7.558979,8.391859,-9.674985,7.034948,9.259790,-1.671352,5.441671,9.835356,2.145345,1.452153,9.337848,4.246797,-7.302186,6.978847,4.718961,-17.880053,2.233547,3.061112,-8.737646,-1.396822,0.817174,-11.041917,0.373883,3.202384,-7.358551,0.047171,5.492898,-0.016971,-4.401549,5.267653,2.881439,-15.196147,2.342606,2.556806,-6.391952,-2.320910,-1.241532,-4.664660,-1.332217,-5.377061,-9.160103,0.235833,-0.012336,-18.360331,-1.456750,2.374048,-5.270264,-7.213757,1.528583,-1.750753,-18.395700,-2.236824,-1.516849,-14.772766,-5.675116,-3.345110,-14.890894,-3.927228,-3.232198,-11.199825,-4.377110,-0.057430,-5.999242,-9.701264,1.610091,-2.292374,-21.432856,0.998076,0.102798,-12.396566,-1.587689,1.176399,-13.009470,-4.235472,1.440451,-8.458043,-5.359285,1.840645,-2.190498,-7.853386,2.175399,1.154822,-9.871577,1.408609,2.512492,-6.647120,-0.849833,2.516261,-4.617022,-4.154132,2.029907,-3.340740,-7.674131,1.734153,-0.927008,-9.856651,0.962385,1.347822,-7.608294,-1.222325,2.092908,-4.853070,-4.891689,1.145211,-3.861032,-8.707644,-0.877004,-4.502132,-9.941328,-2.844726,-5.297361,-7.924928,-4.483836,-5.056051,-5.553822,-5.494173,-5.582180,-3.995102,-5.581286,-7.877291,-3.077621,-6.081866,-10.123550,-2.192112,-6.348271,-8.317038,-0.866541,-4.522383,-4.692420,0.493652,-2.463399,-2.255014,1.179698,-1.812941,-1.654810,0.561996,-3.466030,-3.125721,-2.199087,-10.906405,-7.470116,-9.435812,-9.462106,-9.341592,-19.942577,-0.015845,-1.829549,-7.757136,3.358322,2.567344,-4.812833,3.769035,4.438039,-3.405339,1.441201,3.920655,-2.788777,-4.807780,0.045799,-4.414445,-11.332561,-15.599949,-13.481215,-5.755985,-3.230769,-8.245842,-6.227160,1.335751,-0.397236,-11.580380,1.171923,2.101210,-8.341738,-3.247883,1.722963,-4.781031,-25.527805,-1.732588,-4.937851,-6.936729,-11.324833,-7.209734,-4.304480,-7.182387,-9.179360,-6.941309,-2.755623,-8.055738,-15.511479,-3.197002,-5.939325,-23.515368,-7.335598,-5.627278,-14.631089,-14.108809,-7.985919,-11.619959,-13.176310,-13.692412,-11.056067,-12.027367,-18.056955,-12.583971,-13.640503,-11.973886,-11.646190,-18.507805,-7.825627,-6.961164,-21.781914,-5.749733,-3.555219,-13.561268,-5.700530,-2.036524,-9.549564,-8.043688,-2.523819,-8.448602,-13.755942,-5.796587,-10.166698,-24.501781,-14.947712,-17.112059,-18.790796,-13.185206,-14.566027,-13.623834,-8.943890,-7.519726,-11.445609,-10.031065,-5.971374,-11.366642,-13.858853,-8.823863,-12.586137,-18.256863,-21.204624,-15.637556,-18.303175,-16.777132,-16.477648,-12.424358,-13.388771,-12.888468,-10.290850,-13.443052,-14.181498,-11.727707,-11.096124,-28.220797,-14.731609,-10.851044,-12.355004,-11.559456,-15.433539,-7.528277,-8.473320,-21.690018,-6.226684,-7.799525,-13.920967,-6.736871,-7.572603,-13.079596,-8.916983,-6.661415,-14.502825,-13.486416,-7.463464,-11.262984,-16.979366,-13.101501,-9.964264,-11.493612,-17.863672,-13.250675,-8.285989,-8.346565,-12.124356,-7.575923,-5.329780,-6.869878,-8.418268,-4.701927,-5.156217,-10.223197,-5.616477,-5.585318,-11.746670,-8.254761,-6.724977,-8.074841,-11.371231,-7.672701,-4.310862,-7.074128,-8.866312,-2.875007,-3.010142,-10.318554,-3.467613,-1.632287,-9.973684,-5.947567,-2.585186,-9.179671,-10.857716,-5.926335,-10.986304,-20.968134,-12.941605,-18.188633,-30.210938,-19.144188,-17.053761,-23.577061,-11.187693,-9.682522,-24.547655,-8.066565,-6.432521,-20.091972,-6.816515,-5.150842,-13.727787,-6.717246,-5.157146,-10.449361,-7.927150,-5.927845,-9.584229,-11.013490,-7.263227,-10.078840,-17.717716,-9.677941,-10.662548,-20.627079,-14.231930,-10.892756,-15.210080,-14.382730,-12.034655,-15.324350,-9.575547,-15.771490,-19.144072,-8.346539,-16.416433,-20.909077,-10.789083,-12.863402,-15.236430,-18.125849,-12.828656,-9.990043,-34.856140,-11.318096,-6.959614,-40.468731,-7.160818,-5.385597,-22.466146,-5.148516,-4.496643,-15.437821,-5.359080,-4.448936,-13.101025,-7.273815,-5.777444,-14.326248,-10.584839,-8.406405,-23.114529,-14.931144,-10.674723,-17.076263,-14.505238,-10.435308,-10.130988,-9.869901,-8.765284,-7.824118,-7.374065,-7.324227,-7.440714,-7.315808,-7.253284,-8.013275,-9.666800,-9.946438,-9.618586,-15.003091,-21.567209,-13.289729,-25.081921,-13.976309,-13.909120,-19.881559,-7.295340,-7.582612,-16.184711,-5.194456,-4.214557,-12.186106,-5.462050,-3.498431,-8.065197,-8.096628,-5.139814,-6.299815,-12.182488,-9.883023,-7.362222,-10.435821,-18.600637,-11.742116,-8.750314,-10.995037,-13.894169,-10.467525,-7.791659,-8.723252,-13.677821,-8.187582,-6.418900,-10.996664,-9.738955,-6.719301,-8.104145,-8.764266,-8.856151,-7.508292,-7.232559,-10.723120,-9.023174,-7.222397,-11.257448,-12.464647,-9.039637,-12.963667,-16.176725,-13.451893,-16.062243,-15.005406,-22.667282,-15.335720,-11.500329,-17.492760,-12.507614,-9.183024,-12.781215,-11.489406
[0;32mI (8840) ANALISIS_ESPECTRO: Frame exportado | t=8.16 s | pico=296.9 Hz | 15.4 dB[0m
SPECTRUM_FRAME,9.185241,93.750000,7.591617,hann,512,-9.958376,-12.241858,-0.143067,8.382648,5.480094,-6.572567,7.591617,6.778503,-16.730637,6.216977,7.417203,-4.898247,4.144305,7.478887,-0.197111,1.113115,6.994211,2.222918,-3.554407,5.957707,3.445392,-12.492286,4.325676,3.819659,-15.689770,1.998531,3.472478,-7.477983,-1.223948,2.423804,-4.672518,-5.767391,0.608661,-3.955335,-12.769257,-2.149643,-4.734173,-28.755606,-6.241122,-7.154986,-24.881258,-12.571449,-12.285968,-25.907310,-21.203064,-18.910305,-25.085873,-19.062140,-10.998241,-13.072916,-18.888561,-6.592671,-7.152722,-23.874168,-4.568012,-3.404352,-15.821729,-4.051838,-0.909009,-8.626953,-4.864847,0.679442,-4.176611,-7.278986,1.512445,-1.143381,-12.447477,1.651507,0.969622,-17.086227,1.099010,2.380195,-8.854849,-0.207835,3.192652,-3.998983,-2.443100,3.458147,-1.058971,-6.005574,3.198617,0.811484,-11.322832,2.414454,1.942856,-12.071671,1.084140,2.489674,-7.240746,-0.835337,2.534776,-4.059952,-3.380929,2.129071,-2.201794,-6.414397,1.313015,-1.194835,-9.016538,0.138091,-0.788561,-9.586044,-1.303563,-0.827568,-8.742191,-2.853981,-1.183782,-7.950771,-4.326966,-1.718765,-7.555614,-5.657450,-2.280444,-7.366678,-7.031412,-2.757659,-7.051916,-8.848964,-3.159926,-6.394251,-11.726349,-3.624470,-5.485154,-16.969881,-4.345317,-4.605188,-23.347290,-5.528577,-3.995999,-15.147947,-7.430420,-3.797036,-10.272707,-10.498580,-4.089383,-7.562279,-15.739067,-4.955087,-6.078608,-21.488098,-6.538324,-5.479125,-15.371696,-9.144578,-5.638515,-11.253209,-13.540492,-6.564246,-9.242640,-22.536842,-8.410313,-8.553229,-22.358953,-11.582087,-8.939767,-15.344503,-16.890575,-10.435236,-12.753756,-20.097996,-13.208616,-12.259550,-14.870573,-16.075022,-13.582725,-11.586979,-13.895503,-17.570618,-10.156474,-10.030819,-23.452435,-10.118546,-7.365344,-14.852436,-11.533208,-5.795640,-9.225320,-15.078146,-5.096559,-5.865341,-19.894653,-5.173194,-3.766113,-13.672267,-6.056146,-2.536734,-8.194443,-7.890959,-1.999968,-4.817683,-10.694995,-2.086405,-2.681232,-12.269749,-2.807183,-1.406092,-9.382993,-4.248521,-0.817196,-5.952111,-6.539309,-0.844633,-3.542920,-9.475620,-1.494240,-2.043914,-10.713664,-2.845899,-1.288182,-8.418540,-5.071237,-1.197902,-5.776033,-8.432537,-1.777916,-3.975610,-12.523092,-3.118998,-2.995620,-12.554799,-5.446689,-2.746373,-9.225290,-9.329108,-3.209757,-6.797386,-16.869488,-4.439010,-5.459003,-26.125452,-6.542824,-4.978449,-13.972249,-9.563531,-5.218606,-10.038185,-12.563792,-6.060804,-8.279027,-12.526695,-7.228404,-7.679330,-10.515682,-8.066021,-7.841433,-9.068908,-7.906728,-8.392037,-8.583680,-7.045689,-8.712955,-9.011093,-6.248534,-8.210418,-10.279302,-5.943776,-7.073467,-12.065495,-6.303730,-5.947373,-13.017813,-7.455297,-5.237712,-11.759334,-9.607317,-5.109090,-9.675957,-13.208443,-5.652371,-8.064641,-19.107092,-6.978488,-7.207355,-21.523933,-9.287342,-7.143417,-16.353609,-13.015514,-7.940288,-13.463048,-19.439770,-9.776617,-12.380669,-31.405619,-13.066617,-12.748308,-22.346149,-18.844278,-14.800434,-18.853952,-25.505627,-19.951637,-18.516388,-19.912924,-41.537533,-20.431204,-16.895521,-19.233606,-22.293152,-16.411678,-13.922029,-17.821220,-17.864594,-11.580325,-13.060495,-20.337429,-10.862903,-9.908665,-18.193199,-11.494612,-7.983499,-13.359103,-13.714415,-7.026215,-9.789886,-18.635605,-6.933812,-7.431987,-23.488501,-7.739739,-5.999352,-15.407046,-9.677934,-5.333377,-10.630447,-13.492111,-5.376675,-7.905803,-22.673370,-6.165150,-6.366332,-22.288460,-7.853310,-5.677279,-13.495697,-10.782485,-5.710943,-9.832522,-15.381773,-6.456953,-7.977355,-17.805967,-7.977731,-7.180686,-13.708344,-10.265727,-7.177517,-10.600937,-12.510736,-7.870386,-8.970636,-12.394910,-9.151954,-8.354833,-10.428335,-10.529901,-8.508823,-8.761791,-10.763590,-9.293886,-7.888045,-9.457981,-10.437178,-7.750971,-7.853402,-11.094994,-8.270312,-6.729321,-10.285821,-9.398411,-6.228499,-8.581596,-10.958066,-6.319149,-7.041528,-12.134986,-6.970799,-6.047069,-11.638649,-8.191645,-5.626313,-9.943591,-9.973833,-5.733900,-8.340459,-12.041967,-6.340268,-7.276525,-13.358070,-7.443431,-6.770031,-12.940173,-9.030208,-6.764091,-11.657736,-10.981638,-7.213418,-10.509311,-12.938921,-8.065795,-9.746646,-14.325878,-9.195720,-9.356975,-14.752978,-10.366912,-9.264773,-14.259872,-11.367229,-9.313124,-13.157915,-12.234964,-9.272158,-11.849042,-13.127777,-9.024315,-10.569773,-13.879797,-8.722624,-9.338482,-13.890703,-8.635582,-8.137498,-12.888900,-8.926580,-7.054126,-11.311025,-9.601971,-6.236209,-9.590430,-10.549935,-5.789689,-7.953277,-11.557055,-5.747578,-6.558013,-12.204279,-6.102709,-5.513122,-11.886206,-6.863832,-4.859617,-10.553061,-8.103346,-4.590204,-8.897264,-9.968318,-4.691816,-7.467394,-12.601522,-5.186948,-6.438868,-15.565133,-6.157866,-5.823696,-16.190979,-7.761008,-5.618401,-13.831239,-10.282396,-5.861456,-11.399353,-14.400747,-6.642442,-9.699176,-22.765335,-8.105994,-8.736334,-24.581181,-10.500454,-8.497164,-15.647002,-14.320507,-9.027085,-11.736875,-19.617607,-10.454370,-9.645263,-17.624598,-13.119401,-8.626181,-12.563093,-18.179115,-8.374666,-9.336661,-31.376970,-8.695551,-7.339396,-18.877071,-9.421083,-6.150289,-12.642528,-10.377501,-5.514070,-9.217704,-11.289673,-5.248880,-7.082808,-11.654592,-5.233605,-5.725279,-11.082813,-5.409669,-4.871585,-9.898689,-5.756177,-4.348127,-8.677999,-6.254349,-4.057824,-7.674644,-6.887038
[0;32mI (9870) ANALISIS_ESPECTRO: Frame exportado | t=9.19 s | pico=93.8 Hz | 7.6 dB[0m
SPECTRUM_FRAME,10.207602,218.750000,-22.572922,hann,512,-40.344841,-22.021038,-23.241512,-22.620110,-23.691446,-22.975410,-22.777988,-23.753527,-22.750795,-23.015705,-23.674019,-22.609289,-23.291019,-23.476648,-22.572922,-23.547081,-23.215332,-22.647442,-23.721756,-22.952204,-22.822855,-23.767414,-22.740240,-23.072636,-23.671803,-22.616032,-23.352833,-23.464252,-22.599009,-23.604906,-23.201458,-22.692659,-23.767164,-22.945293,-22.884733,-23.795647,-22.746826,-23.146244,-23.684048,-22.640219,-23.430738,-23.466997,-22.642641,-23.678032,-23.203548,-22.755396,-23.827126,-22.955084,-22.963959,-23.838123,-22.770596,-23.236816,-23.710852,-22.681902,-23.524948,-23.485052,-22.703949,-23.766577,-23.221788,-22.835857,-23.901739,-22.981699,-23.060814,-23.894997,-22.811680,-23.344633,-23.752419,-22.741264,-23.635689,-23.518604,-22.783157,-23.870739,-23.256351,-22.934364,-23.991211,-23.025312,-23.175613,-23.966484,-22.870308,-23.470020,-23.808971,-22.818550,-23.763264,-23.567904,-22.880608,-23.990795,-23.307455,-23.051264,-24.095793,-23.086176,-23.308771,-24.052868,-22.946747,-23.613365,-23.880806,-22.914120,-23.908033,-23.633236,-22.996700,-24.127083,-23.375416,-23.187012,-24.215832,-23.164627,-23.460735,-24.154470,-23.041380,-23.775158,-23.968273,-23.028391,-24.070484,-23.714972,-23.131897,-24.280031,-23.460608,-23.342140,-24.351702,-23.261055,-23.632105,-24.271713,-23.154648,-23.955973,-24.071793,-23.161867,-24.251127,-23.813536,-23.286774,-24.450111,-23.563480,-23.517277,-24.503906,-23.375971,-23.823568,-24.405060,-23.287094,-24.156498,-24.191854,-23.315145,-24.450611,-23.929434,-23.462011,-24.637949,-23.684574,-23.713217,-24.672970,-23.509911,-24.035915,-24.555077,-23.439333,-24.377535,-24.329054,-23.488941,-24.669703,-24.063286,-23.658440,-24.844177,-23.824501,-23.930805,-24.859545,-23.663561,-24.270069,-24.722416,-23.612129,-24.620001,-24.484045,-23.684103,-24.909250,-24.215763,-23.876970,-25.069618,-23.984001,-24.171095,-25.064388,-23.837721,-24.527147,-24.907835,-23.806334,-24.884996,-24.657604,-23.901587,-25.170273,-24.387669,-24.118706,-25.315189,-24.163912,-24.435287,-25.288374,-24.033289,-24.808411,-25.112200,-24.022972,-25.173782,-24.850613,-24.142536,-25.453960,-24.579929,-24.384909,-25.581951,-24.365196,-24.724779,-25.532516,-24.251326,-25.115347,-25.336494,-24.263201,-25.487835,-25.064108,-24.408272,-25.761660,-24.793594,-24.677082,-25.871164,-24.588997,-25.041220,-25.797960,-24.493046,-25.449688,-25.581884,-24.528406,-25.828875,-25.299248,-24.700336,-26.094988,-25.029903,-24.996950,-26.184237,-24.836628,-25.386534,-26.086061,-24.759893,-25.813482,-25.849707,-24.820154,-26.198910,-25.557394,-25.020515,-26.455776,-25.290272,-25.346563,-26.522873,-25.109581,-25.762987,-26.398390,-25.053520,-26.209129,-26.141479,-25.140312,-26.600334,-25.840128,-25.370930,-26.846252,-25.576340,-25.728304,-26.889017,-25.409622,-26.173260,-26.736752,-25.375845,-26.639517,-26.459017,-25.491068,-27.035971,-26.149271,-25.754063,-27.268951,-25.890009,-26.145037,-27.284950,-25.738813,-26.620581,-27.103271,-25.729176,-27.108038,-26.804375,-25.874979,-27.509184,-26.486942,-26.172871,-27.726965,-26.233530,-26.600174,-27.713396,-26.099579,-27.108780,-27.500454,-26.116161,-27.618845,-27.180023,-26.295086,-28.024042,-26.855656,-26.630878,-28.223949,-26.609547,-27.097813,-28.177559,-26.494772,-27.642551,-27.931255,-26.540012,-28.176966,-27.588846,-26.755047,-28.585495,-27.258362,-27.132336,-28.764322,-27.021175,-27.642946,-28.681278,-26.927805,-28.227638,-28.399178,-27.004538,-28.788660,-28.034271,-27.259251,-29.199650,-27.698601,-27.682421,-29.353455,-27.472170,-28.241739,-29.229200,-27.402773,-28.871222,-28.908442,-27.514351,-29.461731,-28.520460,-27.813068,-29.874088,-28.180616,-28.287529,-29.998024,-27.967072,-28.901880,-29.826954,-27.924669,-29.582386,-29.464178,-28.075119,-30.206125,-29.052401,-28.423098,-30.618473,-28.709602,-28.955631,-30.706289,-28.511417,-29.633123,-30.481525,-28.499601,-30.372839,-30.072691,-28.693819,-31.034840,-29.636278,-29.097631,-31.445286,-29.291925,-29.696836,-31.488792,-29.112082,-30.448124,-31.201601,-29.135246,-31.258064,-30.741772,-29.379257,-31.965191,-30.279770,-29.847174,-32.371029,-29.935619,-30.524256,-32.359108,-29.777725,-31.363598,-31.998194,-29.841249,-32.259041,-31.481268,-30.142662,-33.020958,-30.992599,-30.685368,-33.418137,-30.650871,-31.455181,-33.335094,-30.519463,-32.402317,-32.885414,-30.630140,-33.405281,-32.303829,-30.998716,-34.236160,-31.787394,-31.630203,-34.617996,-31.450987,-32.513092,-34.440712,-31.351883,-33.596306,-33.881752,-31.518501,-34.740040,-33.225983,-31.966944,-35.661777,-32.680710,-32.706116,-36.016487,-32.353703,-33.730682,-35.708893,-32.294632,-34.992413,-35.011703,-32.528767,-36.330345,-34.269737,-33.074192,-37.379219,-33.695122,-33.947166,-37.683674,-33.383488,-35.155205,-37.185493,-33.375095,-36.662640,-36.308022,-33.692513,-38.288303,-35.465126,-34.358349,-39.530636,-34.862251,-35.402199,-39.732662,-34.575363,-36.857105,-38.934338,-34.632980,-38.724346,-37.814152,-35.055809,-40.822281,-36.853836,-35.874901,-42.399414,-36.228149,-37.143044,-42.355141,-35.981979,-38.943722,-41.036331,-36.129017,-41.379700,-39.583344,-36.689281,-44.386879,-38.494133,-37.707611,-46.689308,-37.863308,-39.274326,-45.854088,-37.687897,-41.567974,-43.540081,-37.962868,-44.961891,-41.657822,-38.707767,-50.241707,-40.463352,-39.983143,-55.096111,-39.881474,-41.921059,-50.053223,-39.841927,-44.805214,-46.131203,-40.314999,-49.330921,-43.950874,-41.308640,-57.282974,-42.832523,-42.859131,-56.127243,-42.475426,-44.987675,-50.107010,-42.744213,-47.475262,-47.185513,-43.563419,-49.181347,-45.813698,-44.820343,-48.699097,-45.464470,-46.168327,-47.156723,-45.948982
[0;32mI (10920) ANALISIS_ESPECTRO: Frame exportado | t=10.21 s | pico=218.8 Hz | -22.6 dB[0m
SPECTRUM_FRAME,11.229990,78.125000,-120.000000,hann,512,-120.000000,-120.000000,-120.000000,-120.000000,-120.000000,-120.000000,-120.000000,-120.000000,-120.000000,-120.000000,-120.000000,-120.000000,-120.000000,-120.000000,-120.000000,-120.000000,-120.000000,-120.000000,-120.000000,-120.000000,-120.000000,-120.000000,-120.000000,-120.000000,-120.000000,-120.000000,-120.000000,-120.000000,-120.000000,-120.000000,-120.000000,-120.000000,-120.000000,-120.000000,-120.000000,-120.000000,-120.000000,-120.000000,-120.000000,-120.000000,-120.000000,-120.000000,-120.000000,-120.000000,-120.000000,-120.000000,-120.000000,-120.000000,-120.000000,-120.000000,-120.000000,-120.000000,-120.000000,-120.000000,-120.000000,-120.000000,-120.000000,-120.000000,-120.000000,-120.000000,-120.000000,-120.000000,-120.000000,-120.000000,-120.000000,-120.000000,-120.000000,-120.000000,-120.000000,-120.000000,-120.000000,-120.000000,-120.000000,-120.000000,-120.000000,-120.000000,-120.000000,-120.000000,-120.000000,-120.000000,-120.000000,-120.000000,-120.000000,-120.000000,-120.000000,-120.000000,-120.000000,-120.000000,-120.000000,-120.000000,-120.000000,-120.000000,-120.000000,-120.000000,-120.000000,-120.000000,-120.000000,-120.000000,-120.000000,-120.000000,-120.000000,-120.000000,-120.000000,-120.000000,-120.000000,-120.000000,-120.000000,-120.000000,-120.000000,-120.000000,-120.000000,-120.000000,-120.000000,-120.000000,-120.000000,-120.000000,-120.000000,-120.000000,-120.000000,-120.000000,-120.000000,-120.000000,-120.000000,-120.000000,-120.000000,-120.000000,-120.000000,-120.000000,-120.000000,-120.000000,-120.000000,-120.000000,-120.000000,-120.000000,-120.000000,-120.000000,-120.000000,-120.000000,-120.000000,-120.000000,-120.000000,-120.000000,-120.000000,-120.000000,-120.000000,-120.000000,-120.000000,-120.000000,-120.000000,-120.000000,-120.000000,-120.000000,-120.000000,-120.000000,-120.000000,-120.000000,-120.000000,-120.000000,-120.000000,-120.000000,-120.000000,-120.000000,-120.000000,-120.000000,-120.000000,-120.000000,-120.000000,-120.000000,-120.000000,-120.000000,-120.000000,-120.000000,-120.000000,-120.000000,-120.000000,-120.000000,-120.000000,-120.000000,-120.000000,-120.000000,-120.000000,-120.000000,-120.000000,-120.000000,-120.000000,-120.000000,-120.000000,-120.000000,-120.000000,-120.000000,-120.000000,-120.000000,-120.000000,-120.000000,-120.000000,-120.000000,-120.000000,-120.000000,-120.000000,-120.000000,-120.000000,-120.000000,-120.000000,-120.000000,-120.000000,-120.000000,-120.000000,-120.000000,-120.000000,-120.000000,-120.000000,-120.000000,-120.000000,-120.000000,-120.000000,-120.000000,-120.000000,-120.000000,-120.000000,-120.000000,-120.000000,-120.000000,-120.000000,-120.000000,-120.000000,-120.000000,-120.000000,-120.000000,-120.000000,-120.000000,-120.000000,-120.000000,-120.000000,-120.000000,-120.000000,-120.000000,-120.000000,-120.000000,-120.000000,-120.000000,-120.000000,-120.000000,-120.000000,-120.000000,-120.000000,-120.000000,-120.000000,-120.000000,-120.000000,-120.000000,-120.000000,-120.000000,-120.000000,-120.000000,-120.000000,-120.000000,-120.000000,-120.000000,-120.000000,-120.000000,-120.000000,-120.000000,-120.000000,-120.000000,-120.000000,-120.000000,-120.000000,-120.000000,-120.000000,-120.000000,-120.000000,-120.000000,-120.000000,-120.000000,-120.000000,-120.000000,-120.000000,-120.000000,-120.000000,-120.000000,-120.000000,-120.000000,-120.000000,-120.000000,-120.000000,-120.000000,-120.000000,-120.000000,-120.000000,-120.000000,-120.000000,-120.000000,-120.000000,-120.000000,-120.000000,-120.000000,-120.000000,-120.000000,-120.000000,-120.000000,-120.000000,-120.000000,-120.000000,-120.000000,-120.000000,-120.000000,-120.000000,-120.000000,-120.000000,-120.000000,-120.000000,-120.000000,-120.000000,-120.000000,-120.000000,-120.000000,-120.000000,-120.000000,-120.000000,-120.000000,-120.000000,-120.000000,-120.000000,-120.000000,-120.000000,-120.000000,-120.000000,-120.000000,-120.000000,-120.000000,-120.000000,-120.000000,-120.000000,-120.000000,-120.000000,-120.000000,-120.000000,-120.000000,-120.000000,-120.000000,-120.000000,-120.000000,-120.000000,-120.000000,-120.000000,-120.000000,-120.000000,-120.000000,-120.000000,-120.000000,-120.000000,-120.000000,-120.000000,-120.000000,-120.000000,-120.000000,-120.000000,-120.000000,-120.000000,-120.000000,-120.000000,-120.000000,-120.000000,-120.000000,-120.000000,-120.000000,-120.000000,-120.000000,-120.000000,-120.000000,-120.000000,-120.000000,-120.000000,-120.000000,-120.000000,-120.000000,-120.000000,-120.000000,-120.000000,-120.000000,-120.000000,-120.000000,-120.000000,-120.000000,-120.000000,-120.000000,-120.000000,-120.000000,-120.000000,-120.000000,-120.000000,-120.000000,-120.000000,-120.000000,-120.000000,-120.000000,-120.000000,-120.000000,-120.000000,-120.000000,-120.000000,-120.000000,-120.000000,-120.000000,-120.000000,-120.000000,-120.000000,-120.000000,-120.000000,-120.000000,-120.000000,-120.000000,-120.000000,-120.000000,-120.000000,-120.000000,-120.000000,-120.000000,-120.000000,-120.000000,-120.000000,-120.000000,-120.000000,-120.000000,-120.000000,-120.000000,-120.000000,-120.000000,-120.000000,-120.000000,-120.000000,-120.000000,-120.000000,-120.000000,-120.000000,-120.000000,-120.000000,-120.000000,-120.000000,-120.000000,-120.000000,-120.000000,-120.000000,-120.000000,-120.000000,-120.000000,-120.000000,-120.000000,-120.000000,-120.000000,-120.000000,-120.000000,-120.000000,-120.000000,-120.000000,-120.000000,-120.000000,-120.000000,-120.000000,-120.000000,-120.000000,-120.000000,-120.000000,-120.000000,-120.000000,-120.000000,-120.000000,-120.000000,-120.000000,-120.000000,-120.000000,-120.000000,-120.000000,-120.000000,-120.000000,-120.000000,-120.000000,-120.000000,-120.000000,-120.000000,-120.000000,-120.000000,-120.000000,-120.000000,-120.000000,-120.000000,-120.000000,-120.000000,-120.000000,-120.000000,-120.000000,-120.000000,-120.000000,-120.000000,-120.000000,-120.000000,-120.000000,-120.000000,-120.000000,-120.000000,-120.000000,-120.000000,-120.000000,-120.000000,-120.000000,-120.000000,-120.000000,-120.000000,-120.000000,-120.000000,-120.000000,-120.000000
[0;32mI (11990) ANALISIS_ESPECTRO: Frame exportado | t=11.23 s | pico=78.1 Hz | -120.0 dB[0m
SPECTRUM_FRAME,12.252321,93.750000,-22.282211,hann,512,-41.537895,-20.269873,-22.277954,-22.280710,-22.282145,-22.282293,-22.282211,-22.282623,-22.283400,-22.284130,-22.284714,-22.285370,-22.286247,-22.287247,-22.288231,-22.289221,-22.290325,-22.291569,-22.292891,-22.294209,-22.295589,-22.297096,-22.298689,-22.300343,-22.302017,-22.303810,-22.305687,-22.307636,-22.309629,-22.311689,-22.313852,-22.316090,-22.318390,-22.320749,-22.323193,-22.325718,-22.328329,-22.330990,-22.333714,-22.336536,-22.339418,-22.342388,-22.345411,-22.348518,-22.351702,-22.354973,-22.358299,-22.361689,-22.365162,-22.368719,-22.372356,-22.376043,-22.379810,-22.383659,-22.387592,-22.391590,-22.395647,-22.399796,-22.404007,-22.408302,-22.412666,-22.417110,-22.421635,-22.426226,-22.430885,-22.435625,-22.440443,-22.445335,-22.450294,-22.455334,-22.460443,-22.465641,-22.470909,-22.476255,-22.481667,-22.487152,-22.492722,-22.498363,-22.504086,-22.509872,-22.515738,-22.521690,-22.527723,-22.533810,-22.539976,-22.546232,-22.552555,-22.558960,-22.565426,-22.571995,-22.578623,-22.585339,-22.592121,-22.598974,-22.605917,-22.612934,-22.620022,-22.627197,-22.634445,-22.641766,-22.649176,-22.656658,-22.664206,-22.671844,-22.679548,-22.687355,-22.695210,-22.703159,-22.711189,-22.719297,-22.727488,-22.735739,-22.744076,-22.752497,-22.761002,-22.769575,-22.778221,-22.786959,-22.795776,-22.804676,-22.813643,-22.822695,-22.831829,-22.841043,-22.850332,-22.859715,-22.869167,-22.878700,-22.888309,-22.898006,-22.907789,-22.917645,-22.927574,-22.937595,-22.947695,-22.957882,-22.968143,-22.978497,-22.988920,-22.999424,-23.010015,-23.020699,-23.031456,-23.042290,-23.053211,-23.064217,-23.075315,-23.086479,-23.097725,-23.109064,-23.120483,-23.132000,-23.143576,-23.155260,-23.167015,-23.178862,-23.190788,-23.202791,-23.214891,-23.227070,-23.239334,-23.251688,-23.264124,-23.276642,-23.289259,-23.301954,-23.314728,-23.327606,-23.340542,-23.353596,-23.366718,-23.379932,-23.393234,-23.406630,-23.420113,-23.433664,-23.447313,-23.461054,-23.474892,-23.488804,-23.502810,-23.516905,-23.531094,-23.545368,-23.559723,-23.574179,-23.588711,-23.603346,-23.618069,-23.632887,-23.647787,-23.662779,-23.677860,-23.693043,-23.708309,-23.723667,-23.739111,-23.754654,-23.770285,-23.786020,-23.801838,-23.817760,-23.833759,-23.849850,-23.866043,-23.882330,-23.898716,-23.915180,-23.931747,-23.948412,-23.965178,-23.982029,-23.998964,-24.016010,-24.033146,-24.050385,-24.067707,-24.085140,-24.102659,-24.120285,-24.138002,-24.155807,-24.173721,-24.191725,-24.209833,-24.228037,-24.246342,-24.264738,-24.283241,-24.301844,-24.320538,-24.339336,-24.358217,-24.377234,-24.396315,-24.415516,-24.434811,-24.454220,-24.473728,-24.493313,-24.513016,-24.532824,-24.552738,-24.572746,-24.592850,-24.613064,-24.633385,-24.653807,-24.674324,-24.694956,-24.715683,-24.736521,-24.757458,-24.778502,-24.799652,-24.820910,-24.842266,-24.863737,-24.885303,-24.906981,-24.928759,-24.950655,-24.972647,-24.994751,-25.016966,-25.039288,-25.061710,-25.084238,-25.106884,-25.129635,-25.152494,-25.175459,-25.198526,-25.221714,-25.245026,-25.268425,-25.291927,-25.315554,-25.339287,-25.363144,-25.387085,-25.411163,-25.435343,-25.459635,-25.484032,-25.508541,-25.533173,-25.557903,-25.582752,-25.607718,-25.632792,-25.657970,-25.683281,-25.708696,-25.734211,-25.759859,-25.785599,-25.811478,-25.837456,-25.863550,-25.889755,-25.916084,-25.942524,-25.969067,-25.995731,-26.022512,-26.049419,-26.076424,-26.103546,-26.130781,-26.158146,-26.185627,-26.213200,-26.240906,-26.268713,-26.296646,-26.324696,-26.352863,-26.381145,-26.409534,-26.438038,-26.466667,-26.495409,-26.524261,-26.553226,-26.582314,-26.611509,-26.640827,-26.670261,-26.699810,-26.729467,-26.759233,-26.789120,-26.819118,-26.849241,-26.879463,-26.909805,-26.940260,-26.970840,-27.001513,-27.032297,-27.063206,-27.094215,-27.125351,-27.156572,-27.187939,-27.219391,-27.250965,-27.282637,-27.314417,-27.346310,-27.378313,-27.410414,-27.442636,-27.474958,-27.507378,-27.539911,-27.572548,-27.605276,-27.638113,-27.671036,-27.704098,-27.737225,-27.770460,-27.803802,-27.837236,-27.870773,-27.904387,-27.938101,-27.971909,-28.005817,-28.039806,-28.073872,-28.108036,-28.142300,-28.176636,-28.211052,-28.245556,-28.280134,-28.314798,-28.349533,-28.384346,-28.419237,-28.454199,-28.489218,-28.524319,-28.559486,-28.594713,-28.629986,-28.665337,-28.700743,-28.736202,-28.771717,-28.807287,-28.842890,-28.878540,-28.914238,-28.949989,-28.985764,-29.021570,-29.057405,-29.093275,-29.129177,-29.165081,-29.201002,-29.236948,-29.272909,-29.308889,-29.344843,-29.380819,-29.416782,-29.452753,-29.488701,-29.524620,-29.560537,-29.596428,-29.632282,-29.668112,-29.703896,-29.739639,-29.775345,-29.810993,-29.846565,-29.882099,-29.917536,-29.952938,-29.988234,-30.023449,-30.058577,-30.093615,-30.128544,-30.163357,-30.198051,-30.232639,-30.267096,-30.301416,-30.335596,-30.369629,-30.403509,-30.437222,-30.470764,-30.504133,-30.537312,-30.570312,-30.603104,-30.635700,-30.668072,-30.700224,-30.732143,-30.763838,-30.795273,-30.826454,-30.857365,-30.888012,-30.918379,-30.948469,-30.978251,-31.007740,-31.036896,-31.065722,-31.094229,-31.122400,-31.150219,-31.177666,-31.204750,-31.231462,-31.257784,-31.283724,-31.309227,-31.334345,-31.359024,-31.383284,-31.407089,-31.430462,-31.453358,-31.475809,-31.497768,-31.519234,-31.540224,-31.560696,-31.580673,-31.600117,-31.619051,-31.637436,-31.655281,-31.672588,-31.689323,-31.705494,-31.721081,-31.736128,-31.750542,-31.764391,-31.777628,-31.790283,-31.802320,-31.813709,-31.824497,-31.834675,-31.844200,-31.853100,-31.861345,-31.868950,-31.875908,-31.882212,-31.887867,-31.892851,-31.897190,-31.900860,-31.903851,-31.906193,-31.907864,-31.908875
[0;32mI (12970) ANALISIS_ESPECTRO: Frame exportado | t=12.25 s | pico=93.8 Hz | -22.3 dB[0m
SPECTRUM_FRAME,13.274712,78.125000,-120.000000,hann,512,-120.000000,-120.000000,-120.000000,-120.000000,-120.000000,-120.000000,-120.000000,-120.000000,-120.000000,-120.000000,-120.000000,-120.000000,-120.000000,-120.000000,-120.000000,-120.000000,-120.000000,-120.000000,-120.000000,-120.000000,-120.000000,-120.000000,-120.000000,-120.000000,-120.000000,-120.000000,-120.000000,-120.000000,-120.000000,-120.000000,-120.000000,-120.000000,-120.000000,-120.000000,-120.000000,-120.000000,-120.000000,-120.000000,-120.000000,-120.000000,-120.000000,-120.000000,-120.000000,-120.000000,-120.000000,-120.000000,-120.000000,-120.000000,-120.000000,-120.000000,-120.000000,-120.000000,-120.000000,-120.000000,-120.000000,-120.000000,-120.000000,-120.000000,-120.000000,-120.000000,-120.000000,-120.000000,-120.000000,-120.000000,-120.000000,-120.000000,-120.000000,-120.000000,-120.000000,-120.000000,-120.000000,-120.000000,-120.000000,-120.000000,-120.000000,-120.000000,-120.000000,-120.000000,-120.000000,-120.000000,-120.000000,-120.000000,-120.000000,-120.000000,-120.000000,-120.000000,-120.000000,-120.000000,-120.000000,-120.000000,-120.000000,-120.000000,-120.000000,-120.000000,-120.000000,-120.000000,-120.000000,-120.000000,-120.000000,-120.000000,-120.000000,-120.000000,-120.000000,-120.000000,-120.000000,-120.000000,-120.000000,-120.000000,-120.000000,-120.000000,-120.000000,-120.000000,-120.000000,-120.000000,-120.000000,-120.000000,-120.000000,-120.000000,-120.000000,-120.000000,-120.000000,-120.000000,-120.000000,-120.000000,-120.000000,-120.000000,-120.000000,-120.000000,-120.000000,-120.000000,-120.000000,-120.000000,-120.000000,-120.000000,-120.000000,-120.000000,-120.000000,-120.000000,-120.000000,-120.000000,-120.000000,-120.000000,-120.000000,-120.000000,-120.000000,-120.000000,-120.000000,-120.000000,-120.000000,-120.000000,-120.000000,-120.000000,-120.000000,-120.000000,-120.000000,-120.000000,-120.000000,-120.000000,-120.000000,-120.000000,-120.000000,-120.000000,-120.000000,-120.000000,-120.000000,-120.000000,-120.000000,-120.000000,-120.000000,-120.000000,-120.000000,-120.000000,-120.000000,-120.000000,-120.000000,-120.000000,-120.000000,-120.000000,-120.000000,-120.000000,-120.000000,-120.000000,-120.000000,-120.000000,-120.000000,-120.000000,-120.000000,-120.000000,-120.000000,-120.000000,-120.000000,-120.000000,-120.000000,-120.000000,-120.000000,-120.000000,-120.000000,-120.000000,-120.000000,-120.000000,-120.000000,-120.000000,-120.000000,-120.000000,-120.000000,-120.000000,-120.000000,-120.000000,-120.000000,-120.000000,-120.000000,-120.000000,-120.000000,-120.000000,-120.000000,-120.000000,-120.000000,-120.000000,-120.000000,-120.000000,-120.000000,-120.000000,-120.000000,-120.000000,-120.000000,-120.000000,-120.000000,-120.000000,-120.000000,-120.000000,-120.000000,-120.000000,-120.000000,-120.000000,-120.000000,-120.000000,-120.000000,-120.000000,-120.000000,-120.000000,-120.000000,-120.000000,-120.000000,-120.000000,-120.000000,-120.000000,-120.000000,-120.000000,-120.000000,-120.000000,-120.000000,-120.000000,-120.000000,-120.000000,-120.000000,-120.000000,-120.000000,-120.000000,-120.000000,-120.000000,-120.000000,-120.000000,-120.000000,-120.000000,-120.000000,-120.000000,-120.000000,-120.000000,-120.000000,-120.000000,-120.000000,-120.000000,-120.000000,-120.000000,-120.000000,-120.000000,-120.000000,-120.000000,-120.000000,-120.000000,-120.000000,-120.000000,-120.000000,-120.000000,-120.000000,-120.000000,-120.000000,-120.000000,-120.000000,-120.000000,-120.000000,-120.000000,-120.000000,-120.000000,-120.000000,-120.000000,-120.000000,-120.000000,-120.000000,-120.000000,-120.000000,-120.000000,-120.000000,-120.000000,-120.000000,-120.000000,-120.000000,-120.000000,-120.000000,-120.000000,-120.000000,-120.000000,-120.000000,-120.000000,-120.000000,-120.000000,-120.000000,-120.000000,-120.000000,-120.000000,-120.000000,-120.000000,-120.000000,-120.000000,-120.000000,-120.000000,-120.000000,-120.000000,-120.000000,-120.000000,-120.000000,-120.000000,-120.000000,-120.000000,-120.000000,-120.000000,-120.000000,-120.000000,-120.000000,-120.000000,-120.000000,-120.000000,-120.000000,-120.000000,-120.000000,-120.000000,-120.000000,-120.000000,-120.000000,-120.000000,-120.000000,-120.000000,-120.000000,-120.000000,-120.000000,-120.000000,-120.000000,-120.000000,-120.000000,-120.000000,-120.000000,-120.000000,-120.000000,-120.000000,-120.000000,-120.000000,-120.000000,-120.000000,-120.000000,-120.000000,-120.000000,-120.000000,-120.000000,-120.000000,-120.000000,-120.000000,-120.000000,-120.000000,-120.000000,-120.000000,-120.000000,-120.000000,-120.000000,-120.000000,-120.000000,-120.000000,-120.000000,-120.000000,-120.000000,-120.000000,-120.000000,-120.000000,-120.000000,-120.000000,-120.000000,-120.000000,-120.000000,-120.000000,-120.000000,-120.000000,-120.000000,-120.000000,-120.000000,-120.000000,-120.000000,-120.000000,-120.000000,-120.000000,-120.000000,-120.000000,-120.000000,-120.000000,-120.000000,-120.000000,-120.000000,-120.000000,-120.000000,-120.000000,-120.000000,-120.000000,-120.000000,-120.000000,-120.000000,-120.000000,-120.000000,-120.000000,-120.000000,-120.000000,-120.000000,-120.000000,-120.000000,-120.000000,-120.000000,-120.000000,-120.000000,-120.000000,-120.000000,-120.000000,-120.000000,-120.000000,-120.000000,-120.000000,-120.000000,-120.000000,-120.000000,-120.000000,-120.000000,-120.000000,-120.000000,-120.000000,-120.000000,-120.000000,-120.000000,-120.000000,-120.000000,-120.000000,-120.000000,-120.000000,-120.000000,-120.000000,-120.000000,-120.000000,-120.000000,-120.000000,-120.000000,-120.000000,-120.000000,-120.000000,-120.000000,-120.000000,-120.000000,-120.000000,-120.000000,-120.000000,-120.000000,-120.000000,-120.000000,-120.000000,-120.000000,-120.000000,-120.000000,-120.000000,-120.000000,-120.000000,-120.000000,-120.000000,-120.000000,-120.000000,-120.000000,-120.000000,-120.000000,-120.000000,-120.000000,-120.000000,-120.000000,-120.000000,-120.000000,-120.000000,-120.000000,-120.000000,-120.000000,-120.000000,-120.000000,-120.000000,-120.000000,-120.000000,-120.000000,-120.000000,-120.000000,-120.000000,-120.000000,-120.000000
[0;32mI (14030) ANALISIS_ESPECTRO: Frame exportado | t=13.27 s | pico=78.1 Hz | -120.0 dB[0m
SPECTRUM_FRAME,14.297049,125.000000,-17.802521,hann,512,-37.732231,-18.232124,-18.134636,-17.842823,-18.615547,-17.868160,-18.176723,-18.526815,-17.802521,-18.563105,-18.281347,-17.996309,-18.801691,-18.078011,-18.399925,-18.788208,-18.076370,-18.861807,-18.613415,-18.337093,-19.180742,-18.477028,-18.814125,-19.246536,-18.542585,-19.358110,-19.145786,-18.875191,-19.765289,-19.080050,-19.433031,-19.918072,-19.217796,-20.069229,-19.898262,-19.629448,-20.576946,-19.909912,-20.278414,-20.829266,-20.127661,-21.021248,-20.901682,-20.628529,-21.647697,-21.001209,-21.382582,-22.018963,-21.310045,-22.251637,-22.201302,-21.913231,-23.022717,-22.404060,-22.789494,-23.541708,-22.817982,-23.808922,-23.859810,-23.537106,-24.757872,-24.185226,-24.550045,-25.462667,-24.715347,-25.737614,-25.947273,-25.549866,-26.888216,-26.405294,-26.680460,-27.801125,-27.026642,-27.989243,-28.444483,-27.893484,-29.254139,-28.953529,-28.962440,-30.222965,-29.459751,-30.066357,-30.756012,-29.976940,-30.936861,-30.877441,-30.408638,-31.305666,-30.687437,-30.615841,-31.076424,-30.293549,-30.486538,-30.394329,-29.787834,-29.984570,-29.518612,-29.214403,-29.182570,-28.658470,-28.556324,-28.245651,-27.903193,-27.783886,-27.348743,-27.230089,-26.927322,-26.597452,-26.556679,-26.087378,-25.999519,-25.823812,-25.373104,-25.478634,-25.059023,-24.837923,-24.928024,-24.359791,-24.451668,-24.295422,-23.821390,-24.110092,-23.632563,-23.478233,-23.692791,-23.054886,-23.279352,-23.157463,-22.660500,-23.098335,-22.582329,-22.476389,-22.799757,-22.104374,-22.437250,-22.347836,-21.829197,-22.396173,-21.845333,-21.780680,-22.200439,-21.450912,-21.881958,-21.818283,-21.278950,-21.965677,-21.376175,-21.351900,-21.859865,-21.054359,-21.582294,-21.535719,-20.976433,-21.781321,-21.144367,-21.164024,-21.755280,-20.888384,-21.518856,-21.478775,-20.900610,-21.828171,-21.130508,-21.201830,-21.873465,-20.936790,-21.681931,-21.634594,-21.039726,-22.099983,-21.322954,-21.458902,-22.208326,-21.190800,-22.070057,-21.996078,-21.389359,-22.597456,-21.715267,-21.936058,-22.758493,-21.646841,-22.688772,-22.558987,-21.950592,-23.326366,-22.303295,-22.640205,-23.523617,-22.304028,-23.549110,-23.317276,-22.727985,-24.293453,-23.080721,-23.582104,-24.496820,-23.159882,-24.663303,-24.254244,-23.725163,-25.495724,-24.030231,-24.770355,-25.647203,-24.201452,-26.031637,-25.324461,-24.933964,-26.891163,-25.106495,-26.193489,-26.882849,-25.386238,-27.602644,-26.422539,-26.307671,-28.329966,-26.207125,-27.770214,-27.994766,-26.606676,-29.173935,-27.351929,-27.704294,-29.457523,-27.145710,-29.243389,-28.656567,-27.650627,-30.265961,-27.862995,-28.819038,-29.806547,-27.688601,-30.112688,-28.636400,-28.238605,-30.352308,-27.826040,-29.269564,-29.285625,-27.712559,-29.996395,-28.055080,-28.226990,-29.538380,-27.365238,-28.963041,-28.311787,-27.328327,-29.151590,-27.249645,-27.765406,-28.409801,-26.738621,-28.221184,-27.314608,-26.777962,-28.117489,-26.491993,-27.144976,-27.381773,-26.159933,-27.422152,-26.510883,-26.269642,-27.226269,-25.924210,-26.593840,-26.616940,-25.754066,-26.785332,-25.981026,-25.930155,-26.606239,-25.611097,-26.238937,-26.163885,-25.588486,-26.407354,-25.755377,-25.831360,-26.300373,-25.589048,-26.147615,-26.040668,-25.708750,-26.333952,-25.856968,-26.024160,-26.332052,-25.894588,-26.367933,-26.269808,-26.163555,-26.602951,-26.323271,-26.564196,-26.735067,-26.584442,-26.956299,-26.897480,-27.026707,-27.270309,-27.225574,-27.536407,-27.574949,-27.761318,-28.004154,-28.016758,-28.430935,-28.438187,-28.704224,-29.095266,-28.982466,-29.630016,-29.684052,-29.819115,-30.648952,-30.312481,-31.061710,-31.566242,-31.239365,-32.670364,-32.372963,-32.751251,-34.373177,-33.377388,-35.109375,-35.810463,-35.088886,-38.481621,-37.124081,-38.236099,-42.412178,-39.222176,-44.695526,-45.035709,-43.918793,-62.566750,-47.183357,-54.561649,-44.159119,-51.854889,-42.322353,-40.156944,-44.461281,-36.849865,-38.560547,-37.549122,-34.129078,-37.040016,-33.414658,-32.800396,-34.390999,-30.872475,-32.131981,-31.417112,-29.412369,-31.302368,-28.992731,-28.705015,-29.752136,-27.324394,-28.360949,-27.810514,-26.356699,-27.836325,-26.078489,-25.930174,-26.749992,-24.844683,-25.755257,-25.304499,-24.149143,-25.406528,-23.959675,-23.889446,-24.586761,-22.994425,-23.824501,-23.443268,-22.477903,-23.596247,-22.353479,-22.333982,-22.956875,-21.576431,-22.350988,-22.023333,-21.191231,-22.215195,-21.119635,-21.136345,-21.711376,-20.486027,-21.220524,-20.937317,-20.204861,-21.161678,-20.179482,-20.223856,-20.767672,-19.662241,-20.367023,-20.122860,-19.468477,-20.376293,-19.485884,-19.552431,-20.076599,-19.067822,-19.750298,-19.542130,-18.951084,-19.822886,-19.009914,-19.094959,-19.608171,-18.680016,-19.345726,-19.172153,-18.634016,-19.479599,-18.734488,-18.835381,-19.344757,-18.485929,-19.139141,-19.000170,-18.507298,-19.334454,-18.651007,-18.765781,-19.277576,-18.480209,-19.124218,-19.021132,-18.567936,-19.383041,-18.757879,-18.884871,-19.405006,-18.663950,-19.301231,-19.236732,-18.819109,-19.627525,-19.059851,-19.197567,-19.731930,-19.044512,-19.676628,-19.655077,-19.270288,-20.076372,-19.568218,-19.714981,-20.269669,-19.635859,-20.263153,-20.290976,-19.937551,-20.744360,-20.301153,-20.454823,-21.035976,-20.459080,-21.079771,-21.165817,-20.843967,-21.651974,-21.283688,-21.440947,-22.053604,-21.541674,-22.149923,-22.305269,-22.017534,-22.821264,-22.543524,-22.698826,-23.342743,-22.910711,-23.492193,-23.726498,-23.479433,-24.258471,-24.091232,-24.234772,-24.890730,-24.561785,-25.084265,-25.389053,-25.195137,-25.892794,-25.843847,-25.960009,-26.551973,-26.345520,-26.747364,-27.040401,-26.914650,-27.409237,-27.406672,-27.483944,-27.828405,-27.696777,-27.920547,-27.976318,-27.905716
[0;32mI (15010) ANALISIS_ESPECTRO: Frame exportado | t=14.30 s | pico=125.0 Hz | -17.8 dB[0m
SPECTRUM_FRAME,15.319404,93.750000,74.453529,hann,512,28.284128,46.625206,71.304619,80.077713,76.690681,61.540733,74.453529,73.308289,55.865482,63.749157,64.480415,52.429741,51.649574,53.388222,45.553516,40.975975,44.731026,40.049217,44.459297,53.172958,50.117611,37.306961,50.956234,49.960670,31.920059,37.824982,38.221466,23.868496,43.918900,47.422943,39.188183,31.856598,37.377468,31.978456,34.233097,42.743763,39.444946,27.290304,40.571953,39.474415,19.493557,30.738420,31.555016,20.511787,34.137493,37.657711,29.592190,1.983306,17.179787,12.390059,24.529593,33.427261,30.349142,16.301363,25.131626,24.998291,20.310556,33.481773,35.609325,26.074253,29.997646,34.991371,27.864197,27.157875,34.525829,29.919468,24.299644,32.369923,29.143694,22.354849,32.526787,31.793936,13.588017,25.675232,26.248569,11.708665,26.133345,30.547190,23.559147,28.009874,34.714844,29.254372,19.458494,29.146269,25.296963,14.498760,25.308361,23.864746,8.812250,24.020185,24.688139,17.648254,26.210375,30.858910,24.627714,18.888916,27.456898,21.788321,3.349419,16.900440,17.816122,-3.256761,19.103344,19.791697,-3.522365,18.316671,20.432312,14.124316,13.546695,21.122225,14.425363,3.114789,8.406161,2.525106,7.417982,12.798847,7.932269,13.229461,21.212364,20.375196,10.735943,20.759865,22.353466,13.699429,15.250488,20.303507,14.742469,13.210387,19.530691,15.658554,12.967838,17.834263,14.386265,12.579274,20.185913,18.931278,10.199939,15.614914,16.869299,5.950002,12.957094,19.438961,14.434998,7.675922,13.041328,12.837930,13.255487,15.693342,14.511654,6.619179,3.871693,6.575340,7.967813,12.589121,13.760699,11.857012,11.652117,12.658632,9.772070,13.198832,16.742302,11.818211,10.636040,18.999611,16.226404,0.528181,10.246084,8.655664,-3.260376,8.025946,11.948702,6.610345,7.560211,13.983270,10.007062,9.567269,14.289797,9.601074,1.898889,9.551390,5.654245,-0.402127,9.376318,9.137968,3.279075,5.928273,8.959940,9.970732,6.838706,11.117064,12.874485,10.945173,7.075347,3.535861,9.839329,13.463562,8.141687,-0.328163,12.945522,14.488676,7.917554,19.223078,24.484303,18.465515,18.704250,26.347635,22.316074,13.054182,23.111055,21.403137,9.245142,15.609198,16.517870,7.200627,7.966428,11.020266,3.427993,7.361510,7.731057,1.383115,4.660476,1.046737,3.901921,2.822848,9.211477,5.789285,3.428759,5.513191,5.326962,4.526343,3.442192,7.454215,5.810009,7.834492,11.096390,-0.943505,6.126331,9.289486,3.478652,3.189571,7.803061,8.983799,7.606030,12.176569,10.297370,1.274128,3.046340,4.024457,0.877560,5.889833,12.782750,8.519650,1.545430,-0.971803,-0.529764,-14.096792,7.844609,8.483918,-12.567064,1.887081,0.573275,7.416524,4.797171,13.653754,13.656592,5.230033,10.233783,10.277868,7.162889,6.327311,-0.555902,0.838655,8.092431,9.720924,5.313969,2.256051,9.260944,4.429743,8.575896,10.545935,4.227259,4.052141,5.895321,2.856889,3.703222,8.207176,8.248865,7.655268,11.451573,11.409176,1.443970,-6.202095,1.975605,4.811310,7.988959,10.375314,8.217361,5.218112,6.295994,-1.290254,-1.411782,6.333269,4.620914,3.503201,4.828890,0.217498,-1.987705,5.588017,7.979046,8.900793,11.013865,12.190007,8.890401,11.460699,11.831225,-0.338787,9.850470,8.860455,-5.614787,10.773688,7.280713,1.398947,10.701807,9.624244,-2.650428,9.015575,7.463431,-2.358635,6.918521,-2.791984,3.248432,-2.358605,-10.275490,4.279565,0.398283,6.006347,6.488982,2.888311,7.681191,8.814863,5.036120,-4.928656,0.228058,3.940067,3.571655,6.222718,-8.458580,2.703505,5.571794,1.965245,1.226999,-3.483867,5.318317,0.831276,3.123901,12.120881,9.083777,-7.480543,5.517790,7.687566,2.386871,4.812155,3.540892,-14.441996,8.014554,11.168770,7.485557,1.418994,9.974446,6.555390,5.998930,5.981495,0.143738,1.350188,-0.925617,1.449655,0.769446,8.968114,8.822678,4.447776,8.356591,6.437001,4.151620,9.216160,7.634951,-0.167923,6.599851,5.396332,-5.729556,2.466979,2.422624,-1.350185,8.324994,10.445653,5.150947,2.827595,6.831074,-2.848218,5.405507,0.073586,3.646476,3.728544,0.310436,9.650899,14.299986,12.818577,10.422441,15.967894,14.904057,7.567831,14.263000,12.391686,0.357109,8.256872,9.498344,10.024420,6.673637,10.597011,12.839039,11.751492,8.998497,9.426984,8.309500,1.469652,-13.245457,-9.931948,-4.705768,5.739883,6.046324,-8.149988,1.139973,3.014042,3.448238,5.343306,-3.282380,4.915792,7.163669,4.273707,7.808602,9.298073,7.382474,8.175175,9.513514,9.664511,8.917475,-0.114212,3.853389,7.205543,2.632519,-6.129446,1.440727,5.601548,4.332189,-4.025373,3.313303,7.530601,0.315721,3.753378,5.022916,5.811991,7.540066,4.053776,0.434362,2.128281,2.908902,-4.617108,8.937506,10.062136,-0.768241,8.471395,9.114250,3.186704,-1.660257,5.700487,7.203016,3.573480,3.129563,4.976639,5.701861,0.805419,-4.664721,1.243045,0.456198,-1.492611,7.492799,7.102862,-1.705084,4.718494,8.844300,6.829300,-0.814321,-3.261606,4.675890,0.576770,1.465032,2.189474,-2.360955,-6.299957,-12.546944,-18.213806,3.201081,2.110884,-3.933277,2.805521,-3.960494,1.535992,2.603914,-5.104655,9.179632,7.259944,-10.371914,6.303785
[0;32mI (15970) ANALISIS_ESPECTRO: Frame exportado | t=15.32 s | pico=93.8 Hz | 74.5 dB[0m
SPECTRUM_FRAME,16.341765,93.750000,74.364410,hann,512,53.052620,46.608109,71.397003,80.238800,76.545837,64.866920,74.364410,73.365486,58.887482,62.886314,64.714905,52.158394,49.844669,53.411312,44.620903,40.859863,45.268703,40.222088,44.609875,53.610996,50.078453,40.409416,50.716022,50.035873,33.889656,36.531548,37.409149,22.625069,43.695763,47.451363,38.104435,31.424442,36.807613,30.983011,34.155563,42.846436,40.081367,30.624012,39.734711,39.602524,23.556957,31.963894,32.111237,18.349052,33.529526,37.256008,27.405262,12.546296,18.198280,12.955170,24.163116,33.355709,30.729057,19.453342,29.075455,28.599010,19.220440,33.473503,34.951447,21.915739,28.502638,32.711254,23.507845,29.155964,34.910351,29.109945,26.003090,33.996918,29.797174,22.190296,33.611465,32.429543,16.387592,23.946526,26.993229,6.910448,27.121040,29.353836,20.538261,26.245998,32.566971,25.755810,13.037749,25.663181,20.257221,5.936486,25.372030,24.817623,-0.996326,20.715130,22.896261,13.482855,25.821344,30.287361,22.157040,19.195011,26.533627,20.802879,7.612693,21.805811,16.294910,3.202885,20.947704,20.300205,6.617867,14.146814,16.481991,3.918853,16.413704,21.702841,14.012392,5.957890,14.376335,9.416419,5.225782,15.966611,13.175622,6.570942,16.986607,16.495358,10.632507,15.816395,16.591932,11.026244,17.705976,17.800699,9.712000,13.689852,16.935919,7.506981,6.985091,17.046022,12.776704,1.101837,13.448868,14.229258,4.225941,12.467818,11.068722,5.332174,14.792405,17.143572,9.296783,2.209977,3.462484,-1.829275,4.183821,14.773502,13.024240,6.556630,12.213282,13.412874,9.294668,8.880274,12.746816,11.007892,4.202171,4.512815,4.356787,8.279748,13.079010,9.720286,8.739742,16.782215,15.156200,2.711745,8.669815,-1.947630,1.041606,15.637100,17.270077,7.816229,10.423872,15.053731,11.280612,-0.807159,11.221609,5.326414,-3.991600,11.401733,11.263953,6.804373,8.917665,4.962225,5.318739,-1.798737,7.514675,-2.389121,4.449327,-3.372281,1.950963,0.018682,10.433372,6.254004,9.336475,16.247709,14.349245,11.566953,10.623943,12.721184,13.824652,21.523151,19.245214,12.967759,24.868841,26.127748,14.496744,20.460056,25.403629,16.716312,6.320268,17.247980,13.657638,4.980150,9.053687,-3.034978,3.829215,13.698812,13.421518,5.201836,10.869428,12.937651,8.099058,4.324077,4.131183,5.783514,4.613112,11.993642,12.192415,6.087601,6.546464,10.600687,5.433700,7.762272,6.486535,3.175384,6.519809,7.653811,-0.765773,-14.783445,3.677437,3.490114,-6.018341,7.961748,7.243476,-12.485944,5.451290,7.248792,-0.518340,3.524324,11.773277,7.383171,2.402129,10.097435,8.366615,4.323762,0.466174,-0.016925,4.086337,-2.341880,5.463042,1.169879,3.604708,9.280232,-5.155521,-8.179443,5.924405,2.343698,8.465413,7.502909,1.907732,10.723434,12.922702,5.795179,6.990404,10.892780,5.899058,-2.669746,5.232829,1.994246,-1.692050,7.463202,8.826797,-5.593987,4.709511,7.528608,6.112568,-1.592197,-4.320706,1.848822,5.905135,6.699186,-6.249952,1.638738,11.152409,7.238577,1.310226,9.973476,12.181137,8.176783,5.828424,7.540452,6.651056,-6.726439,1.010518,8.690654,10.498266,10.997262,10.325321,12.293215,13.467125,10.097517,6.155921,10.209709,11.131224,-0.663377,0.265444,5.247377,4.493749,5.680702,1.482794,7.933845,11.091882,11.801094,6.655598,8.470292,12.045181,4.454396,4.465798,3.476157,1.398941,6.747746,8.662272,11.727601,10.156827,12.188439,12.681313,11.139061,11.905527,10.916981,9.346196,7.415836,6.917560,7.575011,-0.065746,-9.571985,-0.001682,-8.149577,0.768613,4.044084,3.053899,-5.690901,4.869036,-0.149324,1.841586,1.919101,4.962200,-4.098527,-1.845039,7.912214,7.157077,6.757746,6.128032,4.687849,11.132169,11.762564,3.942653,9.090009,12.876318,8.551475,4.932487,4.911607,6.340883,-18.075905,0.521501,7.258215,8.028624,9.558798,9.525135,9.846096,11.545666,7.338275,-1.386639,4.996007,-20.128544,4.561444,2.832759,9.593930,10.331439,6.612458,11.270382,10.744519,0.850993,3.765039,-2.334248,1.894143,1.761254,9.589499,6.552540,7.016432,11.218262,7.457558,8.715714,8.151456,1.439112,1.688652,6.108123,3.675346,5.498831,1.391202,-0.641651,5.870742,5.766652,4.158266,-5.684227,-2.243153,10.077044,10.479906,3.739413,10.076471,11.028482,8.235217,12.236774,5.865310,5.119941,10.120951,10.312727,0.785633,3.949308,13.222187,12.850617,12.572573,13.486778,14.078164,16.206518,16.972801,9.476917,10.160117,15.403137,10.244092,5.544689,3.892111,5.581124,7.725427,4.879326,-3.570226,7.039171,12.753310,11.368044,9.134657,11.212379,14.564791,4.148420,13.341516,4.797377,-7.203589,8.198423,1.483922,8.387868,9.837000,9.892218,10.283525,10.245347,4.991467,9.196142,6.227407,11.777097,7.120021,6.421118,10.643324,9.736460,11.053398,8.230680,-0.096045,4.258741,11.866047,9.423729,11.909953,10.483213,13.194744,12.764283,11.298390,10.366591,9.529976,6.563024,10.343506,5.224221,-6.777172,5.061800,6.896522,-5.906974,2.844465,7.751789,9.068519,8.426268,10.352649,12.839294,10.389273,12.938347,12.114019,5.822211,9.624981,9.454071,-2.822917,3.850519,10.362515,4.680917,6.778661,12.547092,8.448341,8.670235,11.192286
[0;32mI (16990) ANALISIS_ESPECTRO: Frame exportado | t=16.34 s | pico=93.8 Hz | 74.4 dB[0m
SPECTRUM_FRAME,17.364126,93.750000,26.538094,hann,512,0.310348,1.208318,21.263046,30.163261,26.517546,15.033565,26.538094,25.194170,11.324392,19.985537,20.880501,9.551786,16.097977,19.890020,10.328507,17.236279,23.466343,17.498203,15.326149,24.180754,20.901539,10.208349,22.309635,21.325912,6.743147,18.502783,19.686470,8.594149,14.205387,18.079018,9.692207,11.187960,18.230255,12.529192,8.206074,17.923214,15.150206,4.192514,15.896023,15.789567,3.778924,12.340309,14.681429,6.480202,8.515211,13.416425,7.852120,5.504172,13.584282,9.080008,2.047843,13.760934,11.017085,-3.502022,13.106655,12.799548,-4.908474,12.271813,14.279136,2.834119,11.403225,15.512229,7.772967,9.505151,15.977438,10.834398,5.592323,15.120508,12.427094,-0.346560,12.687167,12.673231,0.022497,9.019732,12.110467,3.645451,5.790101,12.113891,6.084043,3.405646,12.758589,8.365642,-0.631699,12.413360,9.999834,-10.263063,10.103367,9.742957,-12.729751,5.289474,6.306787,-6.702859,-2.898646,-3.975917,-11.453630,-15.494250,0.348877,-3.806900,-16.019011,4.389304,2.990141,-17.677380,4.010577,5.459459,-10.178835,1.165393,5.315565,-4.525699,-3.883349,2.273353,-3.039699,-12.771910,-9.158322,-6.991531,-29.406944,-2.944341,-5.947203,-23.018053,2.744860,2.600789,-14.982242,2.724890,5.234617,-5.287037,-1.545996,3.498650,-1.898596,-8.500687,-6.214902,-3.688507,-4.100639,-2.002635,-12.609175,-2.805942,3.331544,-2.001128,-5.926602,2.972044,1.218367,-11.215643,-1.549276,-0.846205,-6.962243,-14.043717,-7.704961,-6.786222,-14.160414,-4.314686,-8.466016,-12.068156,-2.211000,-3.462484,-13.482771,-3.008423,0.482694,-6.571852,-3.196544,3.150182,-3.643623,-2.981213,4.388914,-2.564085,-3.824072,3.533530,-1.073726,-6.185136,0.874283,0.056514,-7.256148,-0.939680,1.478771,-4.462292,-1.468411,3.310167,-2.085842,-3.406153,3.627396,-0.141304,-6.495016,1.761302,0.829138,-7.829459,-1.034004,0.866671,-7.296210,-2.098849,1.644161,-7.912263,-3.433595,2.275092,-7.137882,-7.631614,-0.235664,-4.601904,-15.948467,-10.102338,-5.090509,-17.498173,1.451030,-1.610535,-13.161359,6.245236,5.356912,-11.606427,7.136876,8.768818,-3.564344,5.332053,8.929894,1.775482,0.733461,5.350395,2.624469,-6.729603,-7.134561,-2.197853,-5.206141,-1.368184,-3.495405,-5.759855,2.971835,3.026844,-9.920509,2.689568,3.796117,-2.739966,-0.500104,2.415145,-0.125350,-7.573042,2.489110,1.475103,-14.261196,1.744291,3.147599,-8.777123,-3.175815,1.651817,-5.850042,-14.773688,-8.216706,-9.885038,-4.691428,-1.878904,-8.859045,-2.621558,3.251861,1.333214,-3.555374,3.367887,3.995826,-2.810297,0.647057,2.718806,-1.910408,-3.344788,-2.279636,-5.173216,-6.711945,-8.957253,-25.905323,-10.312197,-10.505010,-8.616798,-8.090069,-20.769985,-6.215098,-6.352261,-14.032607,-8.106886,-9.893667,-10.981339,-9.367680,-8.630816,-24.245941,-8.667022,-3.611045,-8.597907,-7.625051,-2.799731,-3.853195,-6.130864,-4.796926,-5.034672,-6.271080,-8.382627,-13.718480,-10.286984,-11.971589,-13.443357,-8.454379,-13.403856,-9.226575,-3.146451,-10.931148,-11.874783,-2.111606,-7.930284,-13.948153,-3.950459,-6.776385,-11.798081,-5.518456,-7.155609,-13.627123,-5.714204,-7.376927,-15.457272,-9.287830,-6.452570,-9.556478,-16.361227,-4.225724,-5.776494,-7.955578,-1.462479,-4.024125,-6.298198,-0.068538,-3.536506,-10.759248,-1.235290,-3.779662,-21.313702,-6.938538,-4.819427,-6.922806,-20.877419,-6.727443,-4.087381,-6.552107,-7.287169,-5.556884,-5.880416,-6.982790,-12.237125,-13.158202,-10.580043,-22.547462,-9.634717,-14.796119,-14.536315,-4.173684,-4.889769,-13.561021,-5.071571,-2.170245,-10.524602,-13.638926,-4.419685,-8.664104,-10.925196,-18.383499,-11.156693,-6.127553,-7.553113,-19.106161,-7.008696,-3.776581,-8.916054,-8.982934,-4.711070,-5.022266,-5.571792,-4.049034,-3.240369,-2.846813,-1.414866,-1.176750,-2.643249,-1.148263,-0.079763,-3.989601,-4.456762,-1.467366,-3.399937,-16.739496,-6.852500,-1.594925,-5.867354,-13.137883,-1.999698,-1.040112,-6.314607,-6.398974,-1.010218,-4.766117,-19.814030,-6.107797,-6.824503,-6.957336,-15.851776,-9.316566,-3.180863,-4.243150,-6.186419,-2.642434,-2.119724,-4.759915,-4.149802,-3.468084,-6.938385,-8.344620,-6.542722,-9.174443,-22.560062,-9.304170,-5.928247,-11.737131,-11.408762,-4.583583,-6.196340,-10.419561,-5.369525,-4.747972,-5.788527,-6.399069,-5.453738,-2.769685,-7.475938,-7.284429,-2.264154,-11.062188,-7.437375,-4.267190,-21.512270,-6.304235,-6.334929,-10.417097,-6.814281,-5.651702,-5.123366,-8.031421,-8.242525,-4.013776,-7.502199,-32.451241,-7.658457,-7.453282,-7.597070,-20.328781,-9.024555,-4.742504,-6.077090,-8.513252,-7.115513,-3.832537,-5.910234,-14.482929,-6.084930,-5.519480,-20.757200,-7.658210,-7.419789,-19.871954,-7.151665,-8.054119,-14.898519,-11.057491,-8.291996,-10.942598,-13.264585,-9.554006,-10.932980,-8.202140,-6.575810,-15.559038,-8.118900,-5.919333,-20.743189,-11.244669,-13.019719,-15.391450,-9.883429,-11.554670,-7.666590,-5.138001,-3.058712,-2.775308,-2.359867,-0.765772,-1.160730,-1.824031,-1.139342,-2.151769,-4.133034,-3.690606,-4.514889,-9.016347,-8.729964,-5.884876,-6.306539,-9.715167,-6.178585,-4.095657,-6.236618,-6.971093,-5.743311,-6.695321,-8.643238,-10.551058,-13.333921,-8.706485,-17.372478,-20.070435,-6.618836,-12.977790,-11.897362,-6.327832,-6.580920,-11.653480,-8.935177
[0;32mI (18030) ANALISIS_ESPECTRO: Frame exportado | t=17.36 s | pico=93.8 Hz | 26.5 dB[0m
SPECTRUM_FRAME,18.386499,93.750000,59.109161,hann,512,37.656998,37.970818,53.913685,62.582390,59.123032,45.179523,59.109161,57.660965,36.047710,53.255291,53.741451,40.373756,45.305786,47.998802,38.577225,37.448296,42.888466,36.105808,31.839788,39.056099,34.506157,23.973511,31.972977,29.078934,13.612847,17.399538,20.922531,0.457213,29.026199,31.774876,21.232807,27.064262,31.556736,25.627785,21.555569,30.181782,27.512020,16.917883,30.745220,29.515713,0.049399,27.343924,27.660931,12.763158,20.610197,23.115345,14.124111,20.284767,25.999701,20.538904,14.724746,23.892544,21.016825,7.092172,15.877207,13.773847,8.614910,21.520130,22.312319,6.591753,21.439219,24.622261,16.140015,18.917810,23.101789,16.076126,19.125751,25.290768,21.380974,15.201460,26.527788,25.435762,2.213948,23.068048,24.175167,14.157736,14.247255,16.279640,9.289814,17.949697,22.756721,16.969418,17.026136,25.201038,22.134380,8.012489,22.250576,21.062862,3.664328,12.989868,12.071249,-0.810062,2.041686,11.033374,6.278207,10.964317,17.999382,13.104650,11.341705,19.514946,16.056679,5.315036,18.148827,16.972872,0.157641,12.667298,14.277583,6.031000,-5.682046,2.290457,-6.273955,1.226848,8.084377,7.000932,3.414882,11.469681,11.539020,3.739373,10.540887,11.410216,-2.858506,9.705099,9.359416,-3.692652,9.646690,5.761945,1.300080,6.383276,2.333349,4.966467,-18.059961,10.192498,10.403352,8.455961,14.906311,11.587708,11.945354,16.126461,9.825865,9.297947,13.797698,10.667645,8.023096,4.636284,9.087996,10.901389,5.365385,1.344752,5.498375,7.258983,5.088596,-4.459582,-2.629881,4.454591,0.735689,3.534366,8.058704,4.562668,-0.557968,9.625145,10.643272,4.011529,1.822462,9.164882,8.200077,2.498949,-6.476576,4.106267,4.632716,1.428332,-7.331923,-5.600104,-7.030531,3.767286,4.969550,1.345339,2.953778,5.395833,2.618914,2.622413,1.397512,3.373714,8.110331,2.677061,4.705468,11.465398,5.911472,-0.961440,4.735263,-2.822167,-3.964351,7.948189,11.679100,3.705085,9.067123,13.851110,7.478504,0.813505,-0.931991,0.524568,9.786062,18.910255,17.631313,5.002384,21.057003,21.230843,6.352527,16.014076,17.886425,8.033434,-20.887796,-3.586767,2.101477,7.856902,15.573986,11.430670,5.653754,14.018028,11.310605,2.423405,6.140818,3.098761,-12.260728,3.149002,7.419185,5.082297,-20.866764,5.526849,6.022998,-0.015724,-1.129976,2.762947,-2.652795,2.077616,3.326349,-9.624136,1.764965,1.217596,-11.752248,0.498017,-5.640781,-4.906925,2.329296,-3.735397,-1.916675,2.493280,1.674500,2.956980,1.847700,4.010489,8.494185,3.371846,3.993342,7.685359,2.267121,-0.295883,-5.386717,-4.515691,-7.057964,2.184281,7.043891,-2.083981,3.179952,7.250771,1.005143,-4.854711,-1.474414,-6.578200,-6.667733,-5.165589,-1.590288,-1.581547,-11.978083,4.378663,5.015801,-2.342023,2.724641,6.019732,2.087559,-20.141010,2.045897,1.461373,-1.517740,2.405674,0.327686,-2.418699,-2.700800,-2.193231,-1.466769,-0.108669,3.509745,1.237013,3.958196,5.626868,2.297380,-4.128062,-1.361790,-0.216502,-1.770360,2.990180,3.104253,-6.104878,5.701375,6.065767,-9.045699,4.340548,6.107297,-3.235899,3.573647,5.924104,-0.035516,-2.982059,3.168529,1.072133,-4.345843,-15.880764,0.317597,5.399321,2.747097,4.219821,7.645049,6.955462,5.280243,5.277932,3.630343,-0.714404,-7.671803,-8.744306,-4.153396,4.350927,4.338019,1.807192,7.018905,6.111545,-2.813684,1.222555,0.325212,-10.944759,-5.606050,-4.245134,-8.116616,-0.670540,0.232754,-0.572366,-1.426613,-7.277411,5.368459,4.167953,3.348348,8.687257,7.026447,3.509842,5.724740,5.043655,1.605314,-1.446736,-14.216330,-3.253296,4.249163,4.081673,-9.425304,-1.119559,1.045364,-4.595499,-1.877031,-4.155112,-6.216289,-0.051319,3.010493,1.329461,-2.092881,-2.487444,1.391252,3.568237,0.375242,-1.424635,3.695972,1.361970,-13.067304,-7.229087,-3.699360,2.982810,1.891209,1.390839,2.843668,4.839307,0.243731,-21.363773,-2.099820,-9.399910,2.047845,-2.003834,-2.144329,3.358875,-4.217000,-4.984470,3.154866,2.405522,-2.758060,6.848117,5.026798,2.645340,8.568024,0.297236,6.908427,9.346189,-5.376534,9.002745,8.900889,-9.649502,5.797734,4.181740,-3.141530,-3.946208,3.111302,3.241824,-12.476544,1.045417,3.071239,2.667476,4.647546,-2.686834,2.375740,8.466276,7.044863,-2.596924,0.585080,2.232089,3.410472,4.653059,2.783697,-10.625001,4.850471,8.150997,4.445604,0.229899,5.306993,3.350665,5.006715,7.439572,2.137809,-2.666918,5.154002,4.136741,-3.962566,-5.527859,1.875019,3.015137,-0.796804,-0.282002,2.305767,5.122828,3.162109,-13.539620,3.022624,3.884549,-1.682175,0.117696,-2.505617,-10.364743,-0.538382,2.072472,-1.723636,2.556803,4.089919,1.075809,3.051095,5.796867,0.907002,-3.086251,2.833426,-1.531399,-0.087595,5.970659,4.664721,2.662525,5.616890,4.975141,0.405220,0.455148,-0.938633,-5.729762,-14.139243,-2.192613,3.232310,2.147162,-5.761535,-4.529499,-0.047586,0.491047,2.007035,-3.195308,-5.994059,2.164632,4.088063,-0.301583,-7.796589,-2.046461,-1.667523,-0.765798,-2.731981,1.837645,4.787456,2.557862,2.994007,6.159268,7.179899,5.040050,1.991567,6.544508,8.958641,7.104420
[0;32mI (19030) ANALISIS_ESPECTRO: Frame exportado | t=18.39 s | pico=93.8 Hz | 59.1 dB[0m
SPECTRUM_FRAME,19.408882,78.125000,-120.000000,hann,512,-120.000000,-120.000000,-120.000000,-120.000000,-120.000000,-120.000000,-120.000000,-120.000000,-120.000000,-120.000000,-120.000000,-120.000000,-120.000000,-120.000000,-120.000000,-120.000000,-120.000000,-120.000000,-120.000000,-120.000000,-120.000000,-120.000000,-120.000000,-120.000000,-120.000000,-120.000000,-120.000000,-120.000000,-120.000000,-120.000000,-120.000000,-120.000000,-120.000000,-120.000000,-120.000000,-120.000000,-120.000000,-120.000000,-120.000000,-120.000000,-120.000000,-120.000000,-120.000000,-120.000000,-120.000000,-120.000000,-120.000000,-120.000000,-120.000000,-120.000000,-120.000000,-120.000000,-120.000000,-120.000000,-120.000000,-120.000000,-120.000000,-120.000000,-120.000000,-120.000000,-120.000000,-120.000000,-120.000000,-120.000000,-120.000000,-120.000000,-120.000000,-120.000000,-120.000000,-120.000000,-120.000000,-120.000000,-120.000000,-120.000000,-120.000000,-120.000000,-120.000000,-120.000000,-120.000000,-120.000000,-120.000000,-120.000000,-120.000000,-120.000000,-120.000000,-120.000000,-120.000000,-120.000000,-120.000000,-120.000000,-120.000000,-120.000000,-120.000000,-120.000000,-120.000000,-120.000000,-120.000000,-120.000000,-120.000000,-120.000000,-120.000000,-120.000000,-120.000000,-120.000000,-120.000000,-120.000000,-120.000000,-120.000000,-120.000000,-120.000000,-120.000000,-120.000000,-120.000000,-120.000000,-120.000000,-120.000000,-120.000000,-120.000000,-120.000000,-120.000000,-120.000000,-120.000000,-120.000000,-120.000000,-120.000000,-120.000000,-120.000000,-120.000000,-120.000000,-120.000000,-120.000000,-120.000000,-120.000000,-120.000000,-120.000000,-120.000000,-120.000000,-120.000000,-120.000000,-120.000000,-120.000000,-120.000000,-120.000000,-120.000000,-120.000000,-120.000000,-120.000000,-120.000000,-120.000000,-120.000000,-120.000000,-120.000000,-120.000000,-120.000000,-120.000000,-120.000000,-120.000000,-120.000000,-120.000000,-120.000000,-120.000000,-120.000000,-120.000000,-120.000000,-120.000000,-120.000000,-120.000000,-120.000000,-120.000000,-120.000000,-120.000000,-120.000000,-120.000000,-120.000000,-120.000000,-120.000000,-120.000000,-120.000000,-120.000000,-120.000000,-120.000000,-120.000000,-120.000000,-120.000000,-120.000000,-120.000000,-120.000000,-120.000000,-120.000000,-120.000000,-120.000000,-120.000000,-120.000000,-120.000000,-120.000000,-120.000000,-120.000000,-120.000000,-120.000000,-120.000000,-120.000000,-120.000000,-120.000000,-120.000000,-120.000000,-120.000000,-120.000000,-120.000000,-120.000000,-120.000000,-120.000000,-120.000000,-120.000000,-120.000000,-120.000000,-120.000000,-120.000000,-120.000000,-120.000000,-120.000000,-120.000000,-120.000000,-120.000000,-120.000000,-120.000000,-120.000000,-120.000000,-120.000000,-120.000000,-120.000000,-120.000000,-120.000000,-120.000000,-120.000000,-120.000000,-120.000000,-120.000000,-120.000000,-120.000000,-120.000000,-120.000000,-120.000000,-120.000000,-120.000000,-120.000000,-120.000000,-120.000000,-120.000000,-120.000000,-120.000000,-120.000000,-120.000000,-120.000000,-120.000000,-120.000000,-120.000000,-120.000000,-120.000000,-120.000000,-120.000000,-120.000000,-120.000000,-120.000000,-120.000000,-120.000000,-120.000000,-120.000000,-120.000000,-120.000000,-120.000000,-120.000000,-120.000000,-120.000000,-120.000000,-120.000000,-120.000000,-120.000000,-120.000000,-120.000000,-120.000000,-120.000000,-120.000000,-120.000000,-120.000000,-120.000000,-120.000000,-120.000000,-120.000000,-120.000000,-120.000000,-120.000000,-120.000000,-120.000000,-120.000000,-120.000000,-120.000000,-120.000000,-120.000000,-120.000000,-120.000000,-120.000000,-120.000000,-120.000000,-120.000000,-120.000000,-120.000000,-120.000000,-120.000000,-120.000000,-120.000000,-120.000000,-120.000000,-120.000000,-120.000000,-120.000000,-120.000000,-120.000000,-120.000000,-120.000000,-120.000000,-120.000000,-120.000000,-120.000000,-120.000000,-120.000000,-120.000000,-120.000000,-120.000000,-120.000000,-120.000000,-120.000000,-120.000000,-120.000000,-120.000000,-120.000000,-120.000000,-120.000000,-120.000000,-120.000000,-120.000000,-120.000000,-120.000000,-120.000000,-120.000000,-120.000000,-120.000000,-120.000000,-120.000000,-120.000000,-120.000000,-120.000000,-120.000000,-120.000000,-120.000000,-120.000000,-120.000000,-120.000000,-120.000000,-120.000000,-120.000000,-120.000000,-120.000000,-120.000000,-120.000000,-120.000000,-120.000000,-120.000000,-120.000000,-120.000000,-120.000000,-120.000000,-120.000000,-120.000000,-120.000000,-120.000000,-120.000000,-120.000000,-120.000000,-120.000000,-120.000000,-120.000000,-120.000000,-120.000000,-120.000000,-120.000000,-120.000000,-120.000000,-120.000000,-120.000000,-120.000000,-120.000000,-120.000000,-120.000000,-120.000000,-120.000000,-120.000000,-120.000000,-120.000000,-120.000000,-120.000000,-120.000000,-120.000000,-120.000000,-120.000000,-120.000000,-120.000000,-120.000000,-120.000000,-120.000000,-120.000000,-120.000000,-120.000000,-120.000000,-120.000000,-120.000000,-120.000000,-120.000000,-120.000000,-120.000000,-120.000000,-120.000000,-120.000000,-120.000000,-120.000000,-120.000000,-120.000000,-120.000000,-120.000000,-120.000000,-120.000000,-120.000000,-120.000000,-120.000000,-120.000000,-120.000000,-120.000000,-120.000000,-120.000000,-120.000000,-120.000000,-120.000000,-120.000000,-120.000000,-120.000000,-120.000000,-120.000000,-120.000000,-120.000000,-120.000000,-120.000000,-120.000000,-120.000000,-120.000000,-120.000000,-120.000000,-120.000000,-120.000000,-120.000000,-120.000000,-120.000000,-120.000000,-120.000000,-120.000000,-120.000000,-120.000000,-120.000000,-120.000000,-120.000000,-120.000000,-120.000000,-120.000000,-120.000000,-120.000000,-120.000000,-120.000000,-120.000000,-120.000000,-120.000000,-120.000000,-120.000000,-120.000000,-120.000000,-120.000000,-120.000000,-120.000000,-120.000000,-120.000000,-120.000000,-120.000000,-120.000000,-120.000000,-120.000000,-120.000000,-120.000000,-120.000000,-120.000000,-120.000000,-120.000000,-120.000000,-120.000000,-120.000000,-120.000000,-120.000000,-120.000000,-120.000000,-120.000000,-120.000000,-120.000000,-120.000000,-120.000000,-120.000000,-120.000000
[0;32mI (20170) ANALISIS_ESPECTRO: Frame exportado | t=19.41 s | pico=78.1 Hz | -120.0 dB[0m
SPECTRUM_FRAME,20.431244,78.125000,-120.000000,hann,512,-120.000000,-120.000000,-120.000000,-120.000000,-120.000000,-120.000000,-120.000000,-120.000000,-120.000000,-120.000000,-120.000000,-120.000000,-120.000000,-120.000000,-120.000000,-120.000000,-120.000000,-120.000000,-120.000000,-120.000000,-120.000000,-120.000000,-120.000000,-120.000000,-120.000000,-120.000000,-120.000000,-120.000000,-120.000000,-120.000000,-120.000000,-120.000000,-120.000000,-120.000000,-120.000000,-120.000000,-120.000000,-120.000000,-120.000000,-120.000000,-120.000000,-120.000000,-120.000000,-120.000000,-120.000000,-120.000000,-120.000000,-120.000000,-120.000000,-120.000000,-120.000000,-120.000000,-120.000000,-120.000000,-120.000000,-120.000000,-120.000000,-120.000000,-120.000000,-120.000000,-120.000000,-120.000000,-120.000000,-120.000000,-120.000000,-120.000000,-120.000000,-120.000000,-120.000000,-120.000000,-120.000000,-120.000000,-120.000000,-120.000000,-120.000000,-120.000000,-120.000000,-120.000000,-120.000000,-120.000000,-120.000000,-120.000000,-120.000000,-120.000000,-120.000000,-120.000000,-120.000000,-120.000000,-120.000000,-120.000000,-120.000000,-120.000000,-120.000000,-120.000000,-120.000000,-120.000000,-120.000000,-120.000000,-120.000000,-120.000000,-120.000000,-120.000000,-120.000000,-120.000000,-120.000000,-120.000000,-120.000000,-120.000000,-120.000000,-120.000000,-120.000000,-120.000000,-120.000000,-120.000000,-120.000000,-120.000000,-120.000000,-120.000000,-120.000000,-120.000000,-120.000000,-120.000000,-120.000000,-120.000000,-120.000000,-120.000000,-120.000000,-120.000000,-120.000000,-120.000000,-120.000000,-120.000000,-120.000000,-120.000000,-120.000000,-120.000000,-120.000000,-120.000000,-120.000000,-120.000000,-120.000000,-120.000000,-120.000000,-120.000000,-120.000000,-120.000000,-120.000000,-120.000000,-120.000000,-120.000000,-120.000000,-120.000000,-120.000000,-120.000000,-120.000000,-120.000000,-120.000000,-120.000000,-120.000000,-120.000000,-120.000000,-120.000000,-120.000000,-120.000000,-120.000000,-120.000000,-120.000000,-120.000000,-120.000000,-120.000000,-120.000000,-120.000000,-120.000000,-120.000000,-120.000000,-120.000000,-120.000000,-120.000000,-120.000000,-120.000000,-120.000000,-120.000000,-120.000000,-120.000000,-120.000000,-120.000000,-120.000000,-120.000000,-120.000000,-120.000000,-120.000000,-120.000000,-120.000000,-120.000000,-120.000000,-120.000000,-120.000000,-120.000000,-120.000000,-120.000000,-120.000000,-120.000000,-120.000000,-120.000000,-120.000000,-120.000000,-120.000000,-120.000000,-120.000000,-120.000000,-120.000000,-120.000000,-120.000000,-120.000000,-120.000000,-120.000000,-120.000000,-120.000000,-120.000000,-120.000000,-120.000000,-120.000000,-120.000000,-120.000000,-120.000000,-120.000000,-120.000000,-120.000000,-120.000000,-120.000000,-120.000000,-120.000000,-120.000000,-120.000000,-120.000000,-120.000000,-120.000000,-120.000000,-120.000000,-120.000000,-120.000000,-120.000000,-120.000000,-120.000000,-120.000000,-120.000000,-120.000000,-120.000000,-120.000000,-120.000000,-120.000000,-120.000000,-120.000000,-120.000000,-120.000000,-120.000000,-120.000000,-120.000000,-120.000000,-120.000000,-120.000000,-120.000000,-120.000000,-120.000000,-120.000000,-120.000000,-120.000000,-120.000000,-120.000000,-120.000000,-120.000000,-120.000000,-120.000000,-120.000000,-120.000000,-120.000000,-120.000000,-120.000000,-120.000000,-120.000000,-120.000000,-120.000000,-120.000000,-120.000000,-120.000000,-120.000000,-120.000000,-120.000000,-120.000000,-120.000000,-120.000000,-120.000000,-120.000000,-120.000000,-120.000000,-120.000000,-120.000000,-120.000000,-120.000000,-120.000000,-120.000000,-120.000000,-120.000000,-120.000000,-120.000000,-120.000000,-120.000000,-120.000000,-120.000000,-120.000000,-120.000000,-120.000000,-120.000000,-120.000000,-120.000000,-120.000000,-120.000000,-120.000000,-120.000000,-120.000000,-120.000000,-120.000000,-120.000000,-120.000000,-120.000000,-120.000000,-120.000000,-120.000000,-120.000000,-120.000000,-120.000000,-120.000000,-120.000000,-120.000000,-120.000000,-120.000000,-120.000000,-120.000000,-120.000000,-120.000000,-120.000000,-120.000000,-120.000000,-120.000000,-120.000000,-120.000000,-120.000000,-120.000000,-120.000000,-120.000000,-120.000000,-120.000000,-120.000000,-120.000000,-120.000000,-120.000000,-120.000000,-120.000000,-120.000000,-120.000000,-120.000000,-120.000000,-120.000000,-120.000000,-120.000000,-120.000000,-120.000000,-120.000000,-120.000000,-120.000000,-120.000000,-120.000000,-120.000000,-120.000000,-120.000000,-120.000000,-120.000000,-120.000000,-120.000000,-120.000000,-120.000000,-120.000000,-120.000000,-120.000000,-120.000000,-120.000000,-120.000000,-120.000000,-120.000000,-120.000000,-120.000000,-120.000000,-120.000000,-120.000000,-120.000000,-120.000000,-120.000000,-120.000000,-120.000000,-120.000000,-120.000000,-120.000000,-120.000000,-120.000000,-120.000000,-120.000000,-120.000000,-120.000000,-120.000000,-120.000000,-120.000000,-120.000000,-120.000000,-120.000000,-120.000000,-120.000000,-120.000000,-120.000000,-120.000000,-120.000000,-120.000000,-120.000000,-120.000000,-120.000000,-120.000000,-120.000000,-120.000000,-120.000000,-120.000000,-120.000000,-120.000000,-120.000000,-120.000000,-120.000000,-120.000000,-120.000000,-120.000000,-120.000000,-120.000000,-120.000000,-120.000000,-120.000000,-120.000000,-120.000000,-120.000000,-120.000000,-120.000000,-120.000000,-120.000000,-120.000000,-120.000000,-120.000000,-120.000000,-120.000000,-120.000000,-120.000000,-120.000000,-120.000000,-120.000000,-120.000000,-120.000000,-120.000000,-120.000000,-120.000000,-120.000000,-120.000000,-120.000000,-120.000000,-120.000000,-120.000000,-120.000000,-120.000000,-120.000000,-120.000000,-120.000000,-120.000000,-120.000000,-120.000000,-120.000000,-120.000000,-120.000000,-120.000000,-120.000000,-120.000000,-120.000000,-120.000000,-120.000000,-120.000000,-120.000000,-120.000000,-120.000000,-120.000000,-120.000000,-120.000000,-120.000000,-120.000000,-120.000000,-120.000000,-120.000000,-120.000000,-120.000000,-120.000000,-120.000000,-120.000000,-120.000000,-120.000000,-120.000000,-120.000000,-120.000000,-120.000000,-120.000000,-120.000000
[0;32mI (21190) ANALISIS_ESPECTRO: Frame exportado | t=20.43 s | pico=78.1 Hz | -120.0 dB[0m
SPECTRUM_FRAME,21.453573,93.750000,34.684288,hann,512,10.896678,5.222337,29.432199,38.101158,34.364113,25.114210,34.684288,33.592262,21.922157,29.495317,31.077215,20.585533,25.348049,29.475189,21.405262,22.533207,28.932209,23.409498,18.194948,26.176163,23.349720,12.734413,20.130756,20.030037,7.880315,16.349377,18.038315,6.585531,15.914705,19.825853,11.182507,12.184956,17.999542,13.049730,6.889985,11.756903,11.480364,4.661493,11.291372,12.515400,5.044746,13.078142,15.664592,6.163736,11.689921,16.670988,7.829773,8.946926,16.441147,9.726821,6.406882,16.205656,12.106751,4.585858,15.836504,14.388254,4.260776,14.687797,15.758395,5.734437,13.423882,16.654327,8.353409,12.334787,17.727156,11.326775,9.354613,17.633158,13.314728,2.281291,14.435267,12.540545,-4.627809,7.903780,7.884605,1.292329,10.798126,12.750398,6.785545,11.439827,16.341568,10.769623,7.082167,14.506197,11.118773,-2.223246,1.382440,1.975175,-2.374276,9.360599,9.946212,2.749929,13.235979,16.706757,8.703546,11.437131,17.432766,12.063798,6.074043,13.614058,11.461905,-0.796077,2.101334,4.353791,-3.268582,5.432425,5.147835,-6.410490,7.527474,11.096034,-1.668734,5.111304,11.777851,2.411046,0.951003,10.437557,3.149824,-2.415360,8.706485,3.552301,-2.245873,7.173142,5.210459,-1.484388,5.196839,6.710494,-0.652744,0.184128,5.867953,1.891786,-9.131585,4.175012,4.833057,-2.001512,8.574475,8.301193,-0.646938,10.908010,10.873685,1.488767,9.134247,10.579245,2.840064,1.179568,5.536971,-2.518037,-7.387218,5.560264,0.911792,0.192424,10.745078,9.518515,0.504359,10.592047,11.650497,2.861383,5.200809,9.446164,2.076842,-16.553799,5.125624,-6.764376,1.170437,8.258876,5.913854,2.206619,9.606800,10.102642,2.760084,7.597265,9.744722,4.848148,2.162910,6.834988,2.790086,-5.421552,5.273712,-18.890427,0.242736,3.904692,1.896393,2.483263,1.087390,4.883527,3.463520,2.688744,4.029575,3.095908,3.197317,5.411707,-2.134390,-2.238639,5.637739,-4.992795,-7.590319,0.411499,2.938095,1.798046,7.219107,6.968781,4.111516,11.865126,11.862402,4.103989,11.761141,14.650879,3.441084,7.401854,14.065123,4.774189,-3.298270,8.947135,4.210634,-7.492205,0.896536,0.484815,-4.844505,5.877240,6.053894,-5.031995,3.858657,8.571038,-4.563747,-6.179423,7.175412,-0.796902,-1.205138,6.318310,2.011745,0.595653,7.478090,3.788529,-0.634296,6.223956,3.652813,-1.064515,1.789094,1.619573,0.754232,-4.247631,1.269556,3.096951,-6.782097,1.158084,3.760384,-5.944106,-2.909110,1.194044,-5.741210,-14.905729,-9.582395,-10.321747,-9.786541,-5.767338,-19.352142,-8.829191,-0.007371,-5.842421,-11.705229,0.191447,-3.094883,-7.335091,-0.127631,-6.826683,-2.620926,3.753324,-3.825598,-0.574590,6.287723,5.153688,0.277828,5.901762,8.014963,2.164045,2.981319,6.557459,2.710573,-0.238146,-0.382643,-3.494819,-0.812059,-0.899719,-1.888556,-2.130842,2.892955,5.969563,-0.148682,1.805573,6.599038,3.042201,-1.960439,1.853024,1.138083,-6.467913,-24.968359,-15.373785,-15.037485,-1.551820,1.254856,-1.725260,1.697604,4.441602,2.963713,2.294903,2.911089,2.277660,0.632636,-2.421909,-5.361029,-6.778947,-9.671742,-9.504850,-8.205944,-3.087203,-2.167696,-2.391147,-0.754045,-2.730572,-6.106574,-4.952525,-9.529468,-17.486313,-6.279665,-6.234416,-4.164240,2.177949,2.306985,-1.864480,3.236838,5.224728,-1.407576,0.085151,4.100262,-1.231318,-1.404371,-1.212333,-1.079955,0.426177,-1.201348,0.299393,2.190807,-0.786175,1.547750,4.286632,-8.321312,-1.344483,4.574149,-1.147993,-21.538227,1.337809,2.429735,0.395142,-5.224987,0.891441,3.434446,1.338121,-2.564068,1.965450,3.522590,0.818256,-0.969522,1.152687,1.787523,0.241148,-4.188004,-2.778606,-0.607755,-2.578320,-13.487311,-11.914950,-2.864729,-5.059805,-4.174956,-8.645905,-6.819701,-1.219318,-0.939306,-13.166542,-7.099451,0.704940,-0.178248,-3.112434,-6.597974,3.419678,1.601875,-2.243198,2.843597,1.610559,2.489013,0.381453,-1.976376,0.327598,-0.954644,-11.734084,-10.171643,-4.752273,-18.052223,-7.128544,-4.249234,-12.387203,-9.817273,-0.920295,-3.235443,-9.056290,-4.961167,-0.235861,-0.659670,-9.142072,-2.522897,-0.559837,-2.395415,-7.359073,-8.885160,-7.869890,-5.297725,-7.140669,-3.199385,-14.479826,-2.198570,3.000349,-4.316569,-6.016503,1.638726,0.621912,-12.048665,-10.051052,-4.616512,-1.648071,1.017808,-2.050810,-0.744337,4.598095,5.723708,-1.087596,3.433627,6.478052,1.496991,-2.752725,1.941125,0.006435,-20.917755,-10.537266,-10.718456,-5.533977,-0.091284,2.584802,-4.098433,0.999672,6.578415,-0.953661,-3.888639,5.983407,0.979325,-7.561028,0.103977,-1.823497,-1.805671,-5.758529,-13.114584,-0.851233,2.222271,0.997608,-0.351748,2.364338,3.926859,1.273043,-3.360372,1.122018,-0.049788,-8.337116,-13.941368,-13.360659,-2.942903,-0.008722,-1.049647,-2.437943,3.276363,4.154020,0.350722,2.135568,4.203387,1.912826,-0.090218,0.286482,-1.158597,0.426848,-10.356270,-12.719789,0.039987,-5.976664,-4.688852,-1.518226,-2.925966,-3.485373,-2.594453,-5.304046,-10.124327,-8.208437,-12.877886,-10.120206,-10.927656,-8.640662,-1.840475,-1.370538,-3.786581,0.440290,0.176801,-3.316270,-1.081541,-1.994637,-8.350269,-8.093034
[0;32mI (22110) ANALISIS_ESPECTRO: Frame exportado | t=21.45 s | pico=93.8 Hz | 34.7 dB[0m
SPECTRUM_FRAME,22.475944,203.125000,1.101347,hann,512,-21.532074,-12.619029,-8.745525,1.950049,-2.260319,-14.162522,0.969359,-0.379228,-24.948395,-0.673022,0.724980,-18.207544,-2.970442,1.101347,-10.800620,-5.894818,0.778039,-6.752839,-9.473352,-0.233254,-4.326591,-14.234303,-1.927490,-3.047841,-23.302574,-4.286560,-2.737858,-22.885601,-7.252033,-3.339068,-14.630293,-10.742092,-4.874917,-11.262197,-14.846615,-7.453650,-10.084009,-19.931950,-11.314671,-10.642223,-22.604391,-17.001747,-13.232862,-19.390251,-26.385361,-19.657650,-17.566290,-34.833775,-25.807564,-18.269489,-24.661289,-15.742271,-20.812542,-20.354443,-11.928748,-17.732641,-18.325500,-10.377646,-12.225145,-18.426592,-10.049386,-8.588958,-20.872101,-10.411352,-6.396045,-20.582596,-11.093965,-5.241211,-14.402472,-12.031668,-4.876511,-9.874667,-13.653999,-5.113947,-6.998833,-17.065611,-5.776085,-5.259877,-26.880529,-6.702787,-4.361268,-23.163826,-7.820084,-4.109583,-14.482235,-9.212911,-4.349246,-10.574854,-11.115083,-4.938405,-8.451912,-13.825234,-5.757847,-7.363951,-17.411449,-6.740170,-6.961381,-19.923750,-7.881687,-7.017865,-18.442924,-9.204062,-7.371090,-16.195652,-10.678522,-7.922896,-14.691824,-12.154202,-8.637901,-13.764600,-13.347402,-9.508719,-13.185854,-13.962803,-10.500265,-12.886228,-13.906429,-11.504229,-12.894741,-13.378210,-12.321748,-13.230597,-12.739363,-12.699043,-13.837584,-12.313942,-12.480550,-14.571329,-12.295763,-11.801670,-15.209867,-12.746058,-11.021198,-15.456957,-13.597498,-10.471612,-15.045939,-14.634809,-10.345377,-14.056912,-15.498760,-10.705669,-12.948884,-15.806581,-11.497135,-12.176884,-15.376287,-12.513733,-12.010955,-14.389791,-13.374743,-12.585076,-13.302696,-13.666960,-13.929425,-12.573796,-13.243935,-15.815105,-12.542635,-12.303165,-17.244938,-13.501923,-11.208216,-16.846458,-15.875851,-10.324753,-15.116184,-20.637608,-9.938808,-13.131264,-28.014757,-10.250398,-11.266747,-21.981840,-11.376266,-9.707748,-17.483303,-13.177256,-8.640775,-15.092808,-14.545319,-8.219526,-13.320578,-13.864966,-8.549387,-11.527415,-12.253107,-9.657238,-9.814472,-11.209852,-11.269957,-8.548447,-11.010954,-12.257825,-7.981767,-11.352488,-11.533955,-8.244846,-11.502495,-10.190107,-9.399748,-10.875468,-9.408035,-11.320513,-9.897481,-9.496248,-13.066631,-9.322327,-10.391352,-12.923019,-9.561880,-11.708531,-11.603661,-10.811261,-12.603956,-10.754596,-13.150219,-12.582459,-10.861631,-16.000776,-12.376316,-11.923575,-16.748787,-12.861187,-13.681265,-15.203978,-14.516697,-15.376177,-14.082975,-17.581579,-16.143576,-14.050695,-20.686092,-16.467062,-14.886375,-19.274048,-17.413019,-15.968304,-16.579336,-19.179247,-16.523235,-15.027527,-19.839033,-16.609818,-14.329539,-17.596489,-16.943560,-13.948392,-15.023055,-17.630907,-13.578848,-13.296835,-17.491983,-13.353249,-12.286596,-15.628009,-13.626404,-11.664418,-13.333182,-14.645098,-11.195231,-11.578491,-16.155661,-10.884938,-10.474096,-16.516039,-10.950741,-9.856445,-14.566044,-11.684284,-9.520973,-12.156409,-13.395614,-9.345025,-10.359601,-16.323116,-9.371222,-9.226511,-18.970612,-9.790654,-8.593282,-16.717913,-10.883170,-8.299975,-13.220529,-13.053738,-8.264345,-10.808146,-17.144491,-8.518442,-9.306880,-25.290575,-9.201298,-8.429555,-21.512470,-10.542292,-7.993590,-15.265087,-12.920362,-7.922105,-12.010040,-17.217989,-8.235294,-10.121385,-27.680368,-9.035045,-9.013431,-24.935638,-10.502842,-8.433708,-16.890238,-12.960371,-8.288404,-13.362737,-17.157618,-8.584036,-11.398069,-26.238728,-9.398922,-10.261584,-28.170544,-10.878424,-9.665873,-19.030207,-13.274280,-9.503513,-15.465153,-17.076162,-9.765719,-13.647144,-23.034170,-10.497726,-12.718953,-24.634392,-11.760977,-12.333659,-19.777367,-13.561444,-12.329552,-17.036993,-15.604872,-12.633112,-15.860275,-16.820745,-13.183060,-15.737377,-16.283884,-13.831071,-16.447966,-14.983674,-14.255710,-17.865164,-13.990407,-14.092623,-19.629162,-13.631044,-13.335344,-20.353777,-13.988958,-12.357774,-18.699200,-15.174217,-11.516735,-16.096312,-17.476685,-10.996262,-13.817461,-21.646317,-10.873039,-12.104553,-27.659159,-11.190527,-10.923523,-22.560699,-11.997966,-10.210640,-17.248844,-13.356189,-9.916597,-14.082665,-15.261563,-10.014957,-12.129798,-17.240435,-10.506886,-10.987840,-17.673056,-11.423622,-10.466198,-16.010674,-12.813858,-10.466940,-13.998326,-14.662830,-10.948818,-12.537092,-16.561516,-11.925902,-11.751590,-17.226326,-13.488129,-11.609055,-16.075691,-15.839276,-12.081307,-14.468393,-19.276869,-13.186733,-13.336700,-22.919617,-15.036727,-12.894499,-21.475960,-17.952293,-13.155794,-17.941803,-22.777996,-14.103203,-15.632257,-28.688049,-15.678961,-14.510061,-22.897017,-17.583117,-14.372433,-18.127558,-18.734674,-15.100870,-15.471968,-17.864891,-16.512945,-14.132624,-15.807437,-17.904818,-13.834853,-13.816420,-17.752083,-14.537079,-12.306720,-15.911268,-16.335922,-11.372223,-13.783193,-19.235577,-11.062674,-12.007656,-21.204529,-11.455311,-10.669532,-18.660177,-12.696920,-9.759203,-15.302711,-15.090822,-9.291953,-12.846928,-19.327194,-9.321140,-11.149655,-25.513746,-9.938549,-9.998153,-21.681211,-11.293206,-9.283289,-16.729465,-13.658923,-8.984831,-13.855133,-17.656126,-9.145611,-12.095624,-24.964199,-9.855289,-10.994777,-26.063496,-11.255875,-10.353573,-19.442793,-13.586918,-10.118111,-16.158516,-17.325190,-10.325977,-14.368614,-23.484440,-11.073065,-13.328930,-27.419941,-12.503648,-12.720298,-22.036144,-14.828991,-12.447314,-19.021681,-18.347485,-12.555096,-17.570911,-22.980997,-13.154937,-16.746975,-24.844826,-14.367019,-16.019724,-22.754986,-16.257679,-15.270323,-21.493618,-18.639702,-14.682552,-21.243359,-20.617458
[0;32mI (23180) ANALISIS_ESPECTRO: Frame exportado | t=22.48 s | pico=203.1 Hz | 1.1 dB[0m
SPECTRUM_FRAME,23.498328,78.125000,-120.000000,hann,512,-120.000000,-120.000000,-120.000000,-120.000000,-120.000000,-120.000000,-120.000000,-120.000000,-120.000000,-120.000000,-120.000000,-120.000000,-120.000000,-120.000000,-120.000000,-120.000000,-120.000000,-120.000000,-120.000000,-120.000000,-120.000000,-120.000000,-120.000000,-120.000000,-120.000000,-120.000000,-120.000000,-120.000000,-120.000000,-120.000000,-120.000000,-120.000000,-120.000000,-120.000000,-120.000000,-120.000000,-120.000000,-120.000000,-120.000000,-120.000000,-120.000000,-120.000000,-120.000000,-120.000000,-120.000000,-120.000000,-120.000000,-120.000000,-120.000000,-120.000000,-120.000000,-120.000000,-120.000000,-120.000000,-120.000000,-120.000000,-120.000000,-120.000000,-120.000000,-120.000000,-120.000000,-120.000000,-120.000000,-120.000000,-120.000000,-120.000000,-120.000000,-120.000000,-120.000000,-120.000000,-120.000000,-120.000000,-120.000000,-120.000000,-120.000000,-120.000000,-120.000000,-120.000000,-120.000000,-120.000000,-120.000000,-120.000000,-120.000000,-120.000000,-120.000000,-120.000000,-120.000000,-120.000000,-120.000000,-120.000000,-120.000000,-120.000000,-120.000000,-120.000000,-120.000000,-120.000000,-120.000000,-120.000000,-120.000000,-120.000000,-120.000000,-120.000000,-120.000000,-120.000000,-120.000000,-120.000000,-120.000000,-120.000000,-120.000000,-120.000000,-120.000000,-120.000000,-120.000000,-120.000000,-120.000000,-120.000000,-120.000000,-120.000000,-120.000000,-120.000000,-120.000000,-120.000000,-120.000000,-120.000000,-120.000000,-120.000000,-120.000000,-120.000000,-120.000000,-120.000000,-120.000000,-120.000000,-120.000000,-120.000000,-120.000000,-120.000000,-120.000000,-120.000000,-120.000000,-120.000000,-120.000000,-120.000000,-120.000000,-120.000000,-120.000000,-120.000000,-120.000000,-120.000000,-120.000000,-120.000000,-120.000000,-120.000000,-120.000000,-120.000000,-120.000000,-120.000000,-120.000000,-120.000000,-120.000000,-120.000000,-120.000000,-120.000000,-120.000000,-120.000000,-120.000000,-120.000000,-120.000000,-120.000000,-120.000000,-120.000000,-120.000000,-120.000000,-120.000000,-120.000000,-120.000000,-120.000000,-120.000000,-120.000000,-120.000000,-120.000000,-120.000000,-120.000000,-120.000000,-120.000000,-120.000000,-120.000000,-120.000000,-120.000000,-120.000000,-120.000000,-120.000000,-120.000000,-120.000000,-120.000000,-120.000000,-120.000000,-120.000000,-120.000000,-120.000000,-120.000000,-120.000000,-120.000000,-120.000000,-120.000000,-120.000000,-120.000000,-120.000000,-120.000000,-120.000000,-120.000000,-120.000000,-120.000000,-120.000000,-120.000000,-120.000000,-120.000000,-120.000000,-120.000000,-120.000000,-120.000000,-120.000000,-120.000000,-120.000000,-120.000000,-120.000000,-120.000000,-120.000000,-120.000000,-120.000000,-120.000000,-120.000000,-120.000000,-120.000000,-120.000000,-120.000000,-120.000000,-120.000000,-120.000000,-120.000000,-120.000000,-120.000000,-120.000000,-120.000000,-120.000000,-120.000000,-120.000000,-120.000000,-120.000000,-120.000000,-120.000000,-120.000000,-120.000000,-120.000000,-120.000000,-120.000000,-120.000000,-120.000000,-120.000000,-120.000000,-120.000000,-120.000000,-120.000000,-120.000000,-120.000000,-120.000000,-120.000000,-120.000000,-120.000000,-120.000000,-120.000000,-120.000000,-120.000000,-120.000000,-120.000000,-120.000000,-120.000000,-120.000000,-120.000000,-120.000000,-120.000000,-120.000000,-120.000000,-120.000000,-120.000000,-120.000000,-120.000000,-120.000000,-120.000000,-120.000000,-120.000000,-120.000000,-120.000000,-120.000000,-120.000000,-120.000000,-120.000000,-120.000000,-120.000000,-120.000000,-120.000000,-120.000000,-120.000000,-120.000000,-120.000000,-120.000000,-120.000000,-120.000000,-120.000000,-120.000000,-120.000000,-120.000000,-120.000000,-120.000000,-120.000000,-120.000000,-120.000000,-120.000000,-120.000000,-120.000000,-120.000000,-120.000000,-120.000000,-120.000000,-120.000000,-120.000000,-120.000000,-120.000000,-120.000000,-120.000000,-120.000000,-120.000000,-120.000000,-120.000000,-120.000000,-120.000000,-120.000000,-120.000000,-120.000000,-120.000000,-120.000000,-120.000000,-120.000000,-120.000000,-120.000000,-120.000000,-120.000000,-120.000000,-120.000000,-120.000000,-120.000000,-120.000000,-120.000000,-120.000000,-120.000000,-120.000000,-120.000000,-120.000000,-120.000000,-120.000000,-120.000000,-120.000000,-120.000000,-120.000000,-120.000000,-120.000000,-120.000000,-120.000000,-120.000000,-120.000000,-120.000000,-120.000000,-120.000000,-120.000000,-120.000000,-120.000000,-120.000000,-120.000000,-120.000000,-120.000000,-120.000000,-120.000000,-120.000000,-120.000000,-120.000000,-120.000000,-120.000000,-120.000000,-120.000000,-120.000000,-120.000000,-120.000000,-120.000000,-120.000000,-120.000000,-120.000000,-120.000000,-120.000000,-120.000000,-120.000000,-120.000000,-120.000000,-120.000000,-120.000000,-120.000000,-120.000000,-120.000000,-120.000000,-120.000000,-120.000000,-120.000000,-120.000000,-120.000000,-120.000000,-120.000000,-120.000000,-120.000000,-120.000000,-120.000000,-120.000000,-120.000000,-120.000000,-120.000000,-120.000000,-120.000000,-120.000000,-120.000000,-120.000000,-120.000000,-120.000000,-120.000000,-120.000000,-120.000000,-120.000000,-120.000000,-120.000000,-120.000000,-120.000000,-120.000000,-120.000000,-120.000000,-120.000000,-120.000000,-120.000000,-120.000000,-120.000000,-120.000000,-120.000000,-120.000000,-120.000000,-120.000000,-120.000000,-120.000000,-120.000000,-120.000000,-120.000000,-120.000000,-120.000000,-120.000000,-120.000000,-120.000000,-120.000000,-120.000000,-120.000000,-120.000000,-120.000000,-120.000000,-120.000000,-120.000000,-120.000000,-120.000000,-120.000000,-120.000000,-120.000000,-120.000000,-120.000000,-120.000000,-120.000000,-120.000000,-120.000000,-120.000000,-120.000000,-120.000000,-120.000000,-120.000000,-120.000000,-120.000000,-120.000000,-120.000000,-120.000000,-120.000000,-120.000000,-120.000000,-120.000000,-120.000000,-120.000000,-120.000000,-120.000000,-120.000000,-120.000000,-120.000000,-120.000000,-120.000000,-120.000000,-120.000000,-120.000000,-120.000000,-120.000000,-120.000000,-120.000000,-120.000000,-120.000000,-120.000000
[0;32mI (24260) ANALISIS_ESPECTRO: Frame exportado | t=23.50 s | pico=78.1 Hz | -120.0 dB[0m
