Command: /home/yuusha1/esp/idf-tools/python_env/idf6.1_py3.12_env/bin/python /home/yuusha1/esp/idf/esp-idf/tools/idf_monitor.py -p /dev/ttyACM0 -b 115200 --toolchain-prefix xtensa-esp32s3-elf- --target esp32s3 --revision 0 /home/yuusha1/esp/projects/labs/Rep_SE_202601_grupo_Diego_Santiago_Chen/Lab_1/Ejercicio_5/analisis_espectro/build/analisis_espectro.elf /home/yuusha1/esp/projects/labs/Rep_SE_202601_grupo_Diego_Santiago_Chen/Lab_1/Ejercicio_5/analisis_espectro/build/bootloader/bootloader.elf -m '/home/yuusha1/esp/idf-tools/python_env/idf6.1_py3.12_env/bin/python' '/home/yuusha1/esp/idf/esp-idf/tools/idf.py' '-p' '/dev/ttyACM0'
ESP-ROM:esp32s3-20210327
Build:Mar 27 2021
rst:0x15 (USB_UART_CHIP_RESET),boot:0xa (SPI_FAST_FLASH_BOOT)
Saved PC:0x4037957a
SPIWP:0xee
mode:DIO, clock div:1
load:0x3fce2820,len:0x14f0
load:0x403c8700,len:0xda0
load:0x403cb700,len:0x2f58
entry 0x403c8908
[0;32mI (24) boot: ESP-IDF v6.1-dev-2938-g12f36a021f 2nd stage bootloader[0m
[0;32mI (25) boot: compile time Apr  8 2026 14:46:03[0m
[0;32mI (25) boot: Multicore bootloader[0m
[0;32mI (26) boot: chip revision: v0.2[0m
[0;32mI (29) boot: efuse block revision: v1.4[0m
[0;32mI (33) boot.esp32s3: Boot SPI Speed : 80MHz[0m
[0;32mI (37) boot.esp32s3: SPI Mode       : DIO[0m
[0;32mI (40) boot.esp32s3: SPI Flash Size : 16MB[0m
[0;32mI (44) boot: Enabling RNG early entropy source...[0m
[0;32mI (49) boot: Partition Table:[0m
[0;32mI (51) boot: ## Label            Usage          Type ST Offset   Length[0m
[0;32mI (58) boot:  0 nvs              WiFi data        01 02 00009000 00006000[0m
[0;32mI (64) boot:  1 phy_init         RF data          01 01 0000f000 00001000[0m
[0;32mI (71) boot:  2 factory          factory app      00 00 00010000 00100000[0m
[0;32mI (77) boot: End of partition table[0m
[0;32mI (81) esp_image: segment 0: paddr=00010020 vaddr=3c020020 size=0f458h ( 62552) map[0m
[0;32mI (99) esp_image: segment 1: paddr=0001f480 vaddr=3fc91300 size=00b98h (  2968) load[0m
[0;32mI (100) esp_image: segment 2: paddr=00020020 vaddr=42000020 size=16254h ( 90708) map[0m
[0;32mI (119) esp_image: segment 3: paddr=0003627c vaddr=3fc91e98 size=025e4h (  9700) load[0m
[0;32mI (122) esp_image: segment 4: paddr=00038868 vaddr=40374000 size=0d2e4h ( 53988) load[0m
[0;32mI (135) esp_image: segment 5: paddr=00045b54 vaddr=50000000 size=00024h (    36) load[0m
[0;32mI (141) boot: Loaded app from partition at offset 0x10000[0m
[0;32mI (141) boot: Disabling RNG early entropy source...[0m
[0;32mI (153) cpu_start: Multicore app[0m
[0;32mI (161) cpu_start: GPIO 44 and 43 are used as console UART I/O pins[0m
[0;32mI (162) cpu_start: Pro cpu start user code[0m
[0;32mI (162) cpu_start: cpu freq: 160000000 Hz[0m
[0;32mI (164) app_init: Application information:[0m
[0;32mI (167) app_init: Project name:     analisis_espectro[0m
[0;32mI (172) app_init: App version:      bc6dc7c-dirty[0m
[0;32mI (177) app_init: Compile time:     Apr  8 2026 14:46:06[0m
[0;32mI (182) app_init: ELF file SHA256:  d65aaaa4b...[0m
[0;32mI (186) app_init: ESP-IDF:          v6.1-dev-2938-g12f36a021f[0m
[0;32mI (191) efuse_init: Min chip rev:     v0.0[0m
[0;32mI (195) efuse_init: Max chip rev:     v0.99 [0m
[0;32mI (199) efuse_init: Chip rev:         v0.2[0m
[0;32mI (203) heap_init: Initializing. RAM available for dynamic allocation:[0m
[0;32mI (209) heap_init: At 3FC99690 len 00050080 (320 KiB): RAM[0m
[0;32mI (214) heap_init: At 3FCE9710 len 00005724 (21 KiB): RAM[0m
[0;32mI (220) heap_init: At 3FCF0000 len 00008000 (32 KiB): DRAM[0m
[0;32mI (225) heap_init: At 600FE000 len 00001FE8 (7 KiB): RTCRAM[0m
[0;32mI (231) spi_flash: detected chip: boya[0m
[0;32mI (234) spi_flash: flash io: dio[0m
[0;32mI (237) sleep_gpio: Configure to isolate all GPIO pins in sleep state[0m
[0;32mI (243) sleep_gpio: Enable automatic switching of GPIO sleep configuration[0m
[0;32mI (250) main_task: Started on CPU0[0m
[0;32mI (260) main_task: Calling app_main()[0m
[0;32mI (260) ANALISIS_ESPECTRO: Inicializando analisis de espectro[0m
[0;32mI (260) ANALISIS_ESPECTRO: fs=16000 Hz, FFT=1024, periodo=1000 ms, export CSV por serial[0m
[0;32mI (280) main_task: Returned from app_main()[0m
SPECTRUM_CFG,16000,1024,512,15.625000,hann
SPECTRUM_FRAME,1.006341,93.750000,23.894115,hann,512,7.597590,3.001530,18.137478,27.358809,24.834854,8.901416,23.894115,23.629333,14.003592,18.636114,19.368286,14.356155,16.932953,14.709735,6.688370,16.113846,16.736986,6.159989,9.570500,15.553738,13.071774,4.815972,4.068567,11.591006,13.819277,11.592987,-4.392650,14.666071,17.177988,11.933194,12.464229,17.318949,16.263378,14.610817,14.536749,16.013477,18.748562,14.735474,12.347445,20.822613,18.462236,8.782500,21.020054,20.467937,11.799674,19.294872,20.520905,13.783466,14.615047,18.363659,13.965445,0.349055,12.181198,12.097025,9.986730,5.775313,5.314946,13.945975,14.772268,0.879710,13.290226,16.779129,10.880014,9.371291,14.982349,12.358474,4.449682,8.568422,8.646751,3.052932,-13.631325,2.411224,-0.232670,4.100923,10.833845,6.523357,3.844130,13.442390,11.464143,4.109277,12.983595,12.899336,7.576464,12.003360,12.391653,8.136291,12.229386,12.188803,6.099732,11.602612,12.918722,6.177256,8.103572,12.482747,8.861322,0.739333,9.745790,10.092612,5.256310,6.208943,10.049084,9.518994,8.312246,9.279310,10.969854,10.924592,7.462640,10.305835,11.719917,5.129981,6.774483,10.787587,5.721980,2.402143,7.761912,6.623953,7.568599,4.108453,4.249030,9.724725,6.170099,-3.038781,7.821719,6.996418,0.861392,2.860489,2.317214,2.654823,5.604574,0.381259,-6.515506,7.051556,8.384863,1.852295,0.881223,9.614839,9.106487,2.300487,4.237618,10.608803,11.546960,3.784533,7.574795,14.365202,13.189646,-7.842800,14.052660,16.270819,7.094929,10.930462,16.294712,11.305986,4.955308,13.757859,10.834438,2.557496,9.221459,5.814683,2.954713,7.715111,2.595130,0.406427,8.517366,8.592600,2.632151,6.857005,9.814816,5.439302,2.737855,7.698273,4.822008,-0.669295,4.191164,2.328417,-3.212954,3.392861,3.484221,-8.952394,1.529107,4.354215,-2.535362,-9.315505,1.263637,1.874508,-3.307125,1.551187,5.080020,2.761181,6.832395,8.204609,4.400510,8.320470,9.890663,5.276582,6.196309,9.250959,5.632892,-0.914504,5.194444,3.682292,-5.214740,-7.872519,-4.138242,-1.626218,-0.839336,-3.332391,-9.080412,1.311416,3.043085,-2.630720,-6.520151,3.451280,4.494970,-1.872219,1.184590,6.345883,5.363152,2.403082,5.371419,6.785462,4.937496,2.462207,4.453255,4.959871,0.243636,-3.879010,2.690139,2.796255,-4.925147,0.290445,5.914292,2.768321,-0.941600,7.134037,5.222150,-6.640420,5.834765,5.403933,-8.283304,0.438854,3.410864,1.513659,-9.423210,-1.008587,3.925917,1.120260,-3.421120,2.546219,2.936103,-2.628643,-3.730267,-0.436692,-5.074327,-13.269728,-19.175501,-2.434709,0.707152,-2.550142,2.339247,5.243036,1.224477,3.414597,6.843976,1.737623,0.278050,5.710873,2.017071,-19.048744,0.130369,1.525651,-1.235754,-11.603178,-2.356113,3.056369,1.823460,-5.879362,2.253396,4.106835,0.889072,-3.705904,2.149815,2.924149,-4.354082,-4.196082,1.198138,0.851826,-4.647309,-3.013846,0.736418,-1.449299,-2.982658,-4.491346,-3.621625,-2.360611,-12.205971,-9.316743,-5.062140,-6.087764,-2.450606,-4.127559,-8.503527,0.355179,-0.640932,-22.782112,-1.147530,-0.267166,-6.270237,-7.393484,-2.775464,-3.792386,-7.587202,-5.158821,-4.287143,-4.515150,-4.567567,-3.384910,-6.067986,-7.925033,-2.677265,-3.937962,-14.852096,-6.113886,-0.002017,-0.663439,-13.355154,0.487789,3.498451,-1.942357,-3.325584,3.924066,1.748962,-16.432934,0.631806,1.547797,-4.822290,-12.389713,-2.821669,-1.821142,-3.963306,-9.550685,-3.809680,0.712210,-1.639342,-12.381832,0.194757,0.843951,-8.789499,-4.976060,-0.557420,-3.504441,-12.082461,-6.483366,-2.636698,-3.754262,-12.168164,-4.450965,-1.371127,-5.584843,-7.253808,-2.201578,-4.855429,-4.888606,-4.642146,-8.728000,-1.592287,-3.306707,-18.448015,-0.576128,-0.318014,-7.344091,-2.089802,0.244781,-2.779245,-6.084585,-2.525361,-1.879369,-5.181630,-11.272902,-4.384034,-1.442091,-5.959966,-12.855280,-0.863730,-0.960600,-11.465796,-3.966989,-0.349702,-5.987463,-12.615462,-3.583694,-4.794257,-6.783483,-13.943605,-5.353904,-2.103384,-5.036533,-7.657013,-0.696723,-0.355680,-11.169130,-1.248308,0.683080,-9.309723,-2.859416,-0.160693,-8.109535,-3.029697,-1.390963,-11.186996,-2.447178,-1.616772,-7.957839,-4.241288,-2.190254,-2.463733,-6.188094,-6.203924,-0.627811,-1.566129,-26.555578,-1.744673,1.064568,-3.881507,-5.270171,0.492714,0.102813,-6.564807,-3.638237,-0.092668,-5.232912,-14.966111,-4.125505,-7.368632,-19.544666,-16.388994,-19.180347,-20.442484,-13.822254,-13.706696,-10.393109,-7.699295,-10.321847,-3.324533,-3.187911,-16.850101,-0.006317,0.030629,-11.281010,1.904464,1.473178,-5.842384,3.119104,1.784291,-6.423404,3.221318,1.643270,-15.003984,1.451351,1.008672,-12.762630,-2.883814,0.161225,-5.204076,-6.734672,1.147026,-1.687105,-5.523831,3.154013,1.205068,-8.127575,3.691251,2.932744,-16.016296,1.745253,2.797535,-5.805554,-3.593561,0.556225,-2.402057,-4.585724,-2.422104,-2.284016,0.203380,-1.543356,-3.990948,1.997360,-0.070747,-7.482293,2.019022,-0.428385,-10.988010,1.095842,-1.469883,-4.883075,-0.510280,-1.342265,-0.869707,-2.771895,-0.985381,0.135061,-6.243095,-1.672049,-1.556763,-13.528833,-2.966170,-6.857522,-8.515919,-3.846271,-17.103594,-2.670398,-4.935161,-8.386117
[0;32mI (1660) ANALISIS_ESPECTRO: Frame exportado | t=1.01 s | pico=93.8 Hz | 23.9 dB[0m
SPECTRUM_FRAME,2.028693,703.125000,22.141047,hann,512,1.034563,3.414964,16.054085,25.461231,22.931444,-0.118645,20.776340,20.752487,7.984218,9.263209,12.160101,4.062003,4.326964,8.791533,8.233980,6.555090,15.462132,15.649494,9.806958,13.507664,16.873775,15.028097,10.145384,13.586819,16.180048,15.045982,8.857819,14.048088,16.746080,12.752961,8.835203,15.506787,13.072137,-3.368474,12.329649,12.420654,9.123202,6.630165,15.424386,17.668266,8.934799,16.528963,21.452503,16.349144,14.575035,22.141047,19.496414,13.238849,19.920059,19.314362,15.314493,15.393982,14.727116,14.891563,15.069757,5.427644,8.255004,15.849775,15.967340,6.636417,12.265314,18.174046,15.082336,1.607903,15.847271,16.248295,10.079025,7.632821,12.564641,11.958672,7.682550,-4.479442,7.746875,12.031954,10.018499,-10.158467,10.821074,13.442905,7.496007,5.459235,12.682098,10.186495,5.770317,11.284128,10.535887,9.114861,13.840914,12.232562,8.663017,16.279844,14.864116,3.677416,16.367601,16.496613,1.235402,13.488707,16.150856,9.908200,5.873161,12.570433,13.237366,8.849076,1.556570,13.551201,13.942642,9.830865,12.243717,15.098616,14.104018,11.722374,13.583779,14.479337,11.564403,9.546987,12.520517,9.561747,2.000144,8.538822,6.692240,-8.389894,2.472354,5.490131,5.523956,1.941073,1.478545,9.283501,7.633838,-9.158937,10.291037,11.084041,2.975080,11.765554,12.924920,5.384984,13.426104,14.064362,5.027361,12.978139,14.464860,5.583611,9.106617,13.107244,6.532917,2.597611,9.228988,4.750898,6.799635,9.175051,-2.133658,8.439710,12.794542,5.505626,6.093087,13.417115,10.380573,0.711308,11.007875,10.942762,1.477904,5.434813,7.638583,2.115025,-0.167504,-0.183953,-5.287585,-0.221297,2.588868,-2.928575,-2.447129,4.449662,2.918539,-1.324853,2.424391,0.543550,1.099695,0.963930,-14.100203,0.910475,1.938707,2.742020,2.011649,1.304235,5.667409,4.298149,-1.225299,4.206453,4.074934,-4.280258,-0.791425,0.687882,-7.482867,-7.068033,-2.602706,-8.656630,-6.545269,-2.481397,-5.255340,-4.454363,-6.356446,-2.438410,-2.990015,-16.952456,-0.325862,-2.513210,-10.054737,0.766863,-2.902435,-10.037205,-0.400471,-4.122935,-8.465921,-5.761543,-6.057294,-7.571838,-24.996883,-7.262640,-10.183759,-12.464293,-5.838207,-6.018317,-13.001200,-5.589281,-1.994742,-6.317277,-11.169662,-2.164039,-2.996634,-12.242111,-6.445651,-4.860790,-3.398913,-2.803607,-17.938915,-0.935017,1.615757,-5.792747,-1.007113,2.370038,-2.301636,-2.420263,0.991951,-5.164442,-5.865178,-1.134016,-6.205083,-11.246033,-5.932883,-1.207974,-2.241799,-11.022371,-1.925006,1.829720,0.632251,-10.122014,1.700184,4.283276,-1.659543,-2.004949,4.101421,2.737981,-1.666783,-0.265709,2.854906,1.809417,-13.536337,0.524623,1.904248,-4.898420,-1.027451,-0.382103,-5.765409,-1.355321,-1.088333,-17.766350,-4.359462,-1.110766,-1.245287,-4.361784,-5.691564,1.719386,0.507899,-15.972690,0.130045,1.306645,-3.343327,-2.010076,-2.625099,-2.021934,0.055406,-3.977157,-7.416527,-0.310649,0.839839,-4.447485,-4.395286,0.387721,1.466911,-1.120398,-8.156577,2.170593,2.568899,-7.054103,-0.154855,1.951864,-0.351003,0.129741,-3.796655,-0.727335,2.316761,-2.883344,-4.750482,1.898365,1.815214,-1.756320,-1.433450,1.470655,1.500722,-4.534621,-3.884465,1.226524,-2.731608,-9.177673,-1.613492,-2.853583,-2.541522,-3.522502,-7.602587,-1.674042,-3.248724,-17.236656,-4.259620,-5.770560,-7.728018,-5.477767,-18.810823,-6.765018,-4.251260,-8.071667,-10.744525,-7.141858,-4.114040,-6.453324,-28.872459,-6.592927,-2.750802,-5.715048,-25.053871,-3.796579,-2.705342,-9.506162,-8.915556,-5.511159,-7.901483,-7.996614,-11.903118,-17.482111,-7.628903,-6.432796,-11.854095,-18.469313,-7.907129,-8.337412,-10.871544,-19.188173,-21.555929,-6.196422,-3.585652,-6.345241,-8.870562,-0.310183,-0.607807,-15.362605,-1.054772,0.428719,-6.808507,-5.014875,0.343070,-1.441316,-16.572031,0.683363,2.372698,-9.120852,-0.952128,3.743259,-1.583327,-8.608601,1.835303,0.426513,-12.621563,-5.108629,-1.630076,-5.210290,-9.318171,-5.857141,-5.710650,-4.920851,-2.062292,-3.162899,-5.821547,0.176250,0.978509,-5.317509,-0.850982,2.039918,-3.012132,-6.179796,-0.110551,-2.631597,-11.601958,-6.475976,-4.667415,-2.066962,-4.964652,-9.918093,-0.125880,-0.862029,-10.701513,-2.872083,-2.327255,-7.820357,-11.260567,-9.618672,-8.057228,-9.216625,-4.775619,-2.426437,-4.135120,-3.095255,0.351708,-0.164798,-4.368592,-2.510330,0.827734,-0.509143,-8.331577,-4.373362,0.833825,0.210365,-7.293921,-4.511675,1.532735,1.813225,-7.438898,-3.767567,2.307799,1.308154,-10.705330,-4.560624,1.187898,-0.377730,-6.765139,-8.248711,0.993054,2.168374,-3.855404,0.248871,4.383245,1.945164,0.738391,4.044296,2.219296,0.227214,1.533059,-1.048877,-3.502956,-4.430719,-9.898273,-10.020739,-15.609685,-6.413311,-6.281392,-11.256709,-2.367625,-2.314155,-19.424187,-3.565203,-2.077689,-11.347919,-9.903184,-3.840207,-5.688002,-18.042980,-2.972216,-2.911534,-20.366077,-2.895584,-1.302838,-11.560070,-8.566707,-4.205388,-7.256765,-13.316712,-19.761913,-14.613638,-4.390022,-0.846619,-5.354173,-4.186193,3.031028,1.481752,-8.792657,3.282904,2.855003,-9.693316,1.222496,0.908407,-9.880427,-2.740955,-3.898075,-17.847944,-8.558150,-10.885572
[0;32mI (2690) ANALISIS_ESPECTRO: Frame exportado | t=2.03 s | pico=703.1 Hz | 22.1 dB[0m
SPECTRUM_FRAME,3.051054,93.750000,25.230349,hann,512,1.930090,5.301097,20.929817,28.981785,25.717705,14.322308,25.230349,23.668262,12.379725,18.741491,17.306931,10.952520,17.131594,15.525874,-1.487898,18.738598,20.401346,7.695269,17.831844,20.637415,11.034223,15.890007,17.645245,10.435305,15.641116,12.431754,14.531590,17.514946,8.444975,17.448885,19.199268,10.841702,16.141937,19.049278,15.673021,7.598295,15.486799,18.205833,14.675444,14.756262,18.800976,19.728338,21.828920,20.148401,19.890120,24.909092,23.053669,15.552116,24.922756,24.712942,8.148536,21.988295,23.881628,15.107703,15.290310,19.272066,16.319458,12.119654,-2.379450,13.460969,14.746432,15.777285,14.023915,12.952755,18.873751,17.207794,6.320498,17.592770,17.041237,-18.584938,13.594198,13.020599,2.276114,8.695484,7.710378,9.206688,7.786211,11.002378,12.431952,11.031199,12.842197,12.049971,13.228541,14.970057,8.176779,12.584208,17.175234,12.196960,8.370915,17.286533,16.935045,8.936796,14.096560,18.091078,13.112845,5.628477,16.484497,12.994209,8.817786,14.528811,8.818624,11.731480,15.810680,10.926586,11.850443,16.356306,14.957166,14.038191,14.344721,15.026138,15.929512,11.418633,10.966292,15.272218,11.235132,0.189574,11.373718,10.204984,4.348456,1.116127,5.655717,4.293424,-0.415678,5.589256,-10.280888,8.797462,10.140795,2.650412,13.312435,12.581688,5.540977,15.356421,13.910447,0.057926,14.584549,13.736592,-2.310107,9.052769,10.090660,6.557354,4.150184,-9.686537,6.701502,13.848163,13.175070,-0.609540,16.433619,18.236389,6.401773,15.910731,19.634226,11.789835,13.749153,18.594713,12.454456,11.825924,15.642393,9.066366,10.031460,11.801889,1.274511,6.225676,7.336221,4.921335,2.290284,-4.368186,5.240195,3.256662,1.115513,-1.426382,1.434149,6.268231,4.718457,4.230384,6.595768,8.464824,10.058504,7.554254,7.238597,12.334714,9.983520,0.725800,11.487598,10.788345,-0.007177,6.758050,8.614158,4.057633,-1.755170,-0.197557,1.830446,5.300572,3.138417,-6.915174,6.795485,9.904701,4.939805,3.339131,11.387931,9.260406,-9.865364,9.829490,9.887985,-3.112330,5.527777,7.591048,0.128123,-0.606334,1.767361,-0.349054,-2.576136,-9.810265,0.084964,-1.595094,-14.540826,-0.479236,-1.580247,-13.563190,-8.047791,-5.110874,-4.658262,-4.452506,-7.876109,-2.399062,3.945498,1.930597,-4.911501,6.716681,6.461799,-8.381425,6.779093,8.303963,-1.095565,4.531364,8.237509,3.235025,-0.713457,6.253612,5.040819,-4.611273,1.314306,4.813816,1.119504,-16.339109,2.221870,3.433530,-2.607500,-2.522316,2.353906,1.788582,-0.619313,-3.311452,1.675457,2.369446,-6.251088,-2.191323,2.040645,0.224142,-9.518875,-1.965368,1.038970,-4.673946,-14.189805,-2.219788,-3.225931,-9.628855,-8.362580,-7.620676,-5.586250,-8.614337,-13.087067,-6.616321,-9.095326,-5.162687,-9.575943,-8.652104,-2.972665,-9.350747,-4.883429,-2.863230,-9.708635,-3.042079,-3.387383,-14.803914,-3.576144,-5.104833,-8.708763,-5.326288,-12.417871,-4.284490,-2.696318,-9.214184,-5.585631,1.219121,0.541219,-16.289419,2.554770,4.089571,-2.628199,0.639868,4.382255,1.906839,-6.778862,1.729761,2.166825,-12.570936,0.195866,0.651558,-6.279799,3.969518,1.989238,-9.140303,5.280457,3.688666,-16.160479,2.812943,2.176804,-12.393547,-4.782001,-5.283465,-15.053915,-1.103274,0.416807,-8.833210,3.091591,6.022545,-2.103190,3.495852,7.449322,0.831727,1.293663,6.174579,0.776086,-3.397514,2.175190,-2.972824,-6.747118,-6.985962,-7.948594,-4.155076,-13.467311,-0.947933,-1.880809,-5.266770,1.883766,0.592609,-3.497657,1.279453,2.191844,-1.137588,-0.690770,1.294816,0.610331,0.195727,-3.366560,-0.751390,0.723547,-9.901093,-5.212192,-2.133871,-9.673001,-2.652279,-2.996691,-30.284508,-2.026071,0.560113,-3.668402,-12.301985,0.036515,0.653216,-0.483589,-0.386055,-0.546108,5.217844,5.239371,-8.179625,6.337092,8.083075,-2.380525,4.402833,7.804592,1.418577,-0.515647,4.409407,-0.054812,-6.773598,-4.026655,-9.426217,-7.484680,-6.400533,-7.030506,-11.925278,-0.917324,-0.201946,-13.769703,-1.453100,0.146519,-4.611187,-5.660734,-6.617958,-4.506540,-3.797373,-6.786428,-7.872653,-3.153397,1.643932,0.704709,-11.916201,1.964598,4.118677,-1.399359,-5.564789,3.010459,3.319841,-3.264190,-0.846559,3.723735,2.782070,1.838095,4.214759,3.390371,3.202663,6.236825,4.156046,-1.002794,6.204500,6.004916,-6.404837,2.245176,5.436741,0.965538,-11.016863,0.553332,1.690486,-3.386439,-8.072797,-1.525122,-0.826319,-0.955034,-5.730972,-2.862072,0.649950,-6.333375,-4.042390,-0.736106,-3.008532,0.932021,-3.030591,-1.029852,4.189403,-2.143654,-0.673084,4.888052,-1.025836,1.108405,5.076961,-1.739555,1.498513,6.527223,2.547246,-4.136614,6.860448,6.483883,-4.587205,4.724550,7.281546,3.338783,3.019357,5.584583,4.420492,4.416151,3.488491,1.725917,3.536779,2.307307,-1.377630,-0.771600,-0.874166,-2.558005,-1.284696,-2.329504,-7.380491,-0.169648,1.187817,-5.395869,-3.649869,1.858175,-2.178808,-10.348520,0.789367,-2.967694,-9.156760,0.628416,-3.927210,-5.605924,1.469629,-3.144040,-3.586226,2.172355,-1.149727,-8.132061,1.074745,0.421608,-11.920648,-4.615965,-0.746027,-1.855839,-4.670842,-2.417678,-0.918003,0.735820,0.458227
[0;32mI (3710) ANALISIS_ESPECTRO: Frame exportado | t=3.05 s | pico=93.8 Hz | 25.2 dB[0m
SPECTRUM_FRAME,4.073417,93.750000,20.258678,hann,512,-4.025829,-0.777639,15.734211,24.487879,21.707676,6.814922,20.258678,19.749218,8.602828,11.388380,12.627959,7.672881,6.368346,4.910160,-8.274909,7.779968,12.706660,7.809594,-0.997586,10.645861,10.180803,0.307906,-11.187850,3.125291,4.939312,8.601173,6.558799,-0.804066,11.472627,14.120698,6.997309,9.522350,15.126799,12.853538,10.121956,12.120633,13.066415,14.188852,11.506381,5.806377,15.514569,15.559440,11.363626,14.587986,16.503790,18.050110,15.639164,13.736558,19.834435,18.567644,3.512166,18.691837,19.300556,5.122789,15.294637,16.802647,9.672191,11.726637,9.364410,6.219972,10.440425,7.234490,5.453475,8.375900,11.048245,11.279924,6.943739,8.875924,11.466269,9.011114,5.598859,5.766624,8.831748,10.540785,6.379547,3.315339,12.905947,12.709663,-4.942898,12.552940,14.557083,6.005232,10.856421,14.344103,7.932158,9.791674,13.967163,8.177696,8.815790,14.251467,9.939281,5.223841,13.724280,10.965195,-4.722116,10.868796,9.108163,-4.479406,3.787872,3.667896,0.888897,-10.948023,5.729877,5.567834,-5.022476,9.172126,8.548489,-3.505617,8.708539,8.718482,3.984327,5.179482,5.789436,6.963894,2.624203,-1.242897,6.690129,3.579412,-7.211056,3.390057,2.303929,-6.551886,-6.090232,-2.677359,-5.400140,-5.350051,-10.258475,1.755090,3.308176,-6.567504,5.557428,6.938918,-3.555361,6.586274,8.655324,-0.458916,4.967286,8.897723,3.017750,-0.376756,7.907526,5.456463,-7.446133,6.767813,6.440262,-2.241082,6.669924,6.082574,-2.207254,6.435790,4.475444,-4.760900,5.203024,1.536705,-4.261238,3.658119,-0.581562,-3.976876,0.965697,1.151536,-1.476428,-9.406826,2.144354,2.327490,-1.763671,1.977876,3.914789,4.234895,2.540745,3.533692,5.546862,2.776983,1.441747,4.688342,1.697462,-4.395089,2.203122,0.764107,-13.335118,-4.052351,-0.728128,-1.217096,-7.105487,-6.157262,0.693012,0.100069,-7.013424,-1.469748,0.609791,-4.745417,-5.592558,-4.398750,-14.386452,-12.837185,-10.923152,-4.999032,-8.725870,-4.748466,1.118013,-0.193190,-3.982026,1.687497,2.237490,-2.943771,-1.901842,1.725953,-0.736112,-14.669388,0.186681,0.497494,-7.663920,-0.685440,0.526039,-1.550910,-1.144883,-0.961663,0.199560,-1.470916,-4.162806,-1.151355,-2.876762,-7.850359,-6.779147,-9.219870,-9.497994,-26.094101,-8.958134,-7.745047,-18.568810,-2.532633,-3.157631,-13.480959,-3.532153,-0.558250,-1.917035,-11.438489,-1.098398,2.843246,-1.703591,-3.204485,4.090079,2.293730,-1.868614,2.576447,2.130229,-1.186264,-1.183725,-1.592113,-3.860729,-5.680679,-10.183578,-7.312035,-7.938033,-16.908403,-6.043415,-7.289071,-12.173275,-4.473028,-7.392232,-8.429483,-2.726771,-6.966938,-8.275290,-1.708263,-6.033002,-11.645130,-2.476794,-7.297254,-14.475416,-4.569798,-8.515390,-11.182880,-5.663464,-9.195692,-5.419745,-3.327416,-12.187015,-3.502602,-0.044303,-7.154782,-4.903503,1.220932,-3.312314,-7.228018,-0.336054,-3.439274,-9.848263,-5.464526,-8.623763,-19.029825,-19.217579,-21.820179,-11.901531,-13.203554,-6.431245,-7.776779,-6.607321,-2.743887,-7.198747,-3.116017,-1.039337,-7.134991,-1.438951,-0.073373,-6.557849,-2.415870,-0.102475,-6.107332,-7.642367,-2.194216,-7.129778,-11.508476,-7.193611,-12.210459,-6.899517,-5.499968,-19.500206,-6.126487,-2.203102,-6.013603,-6.290096,-1.818083,-2.666007,-7.870649,-2.985498,-3.330566,-13.830119,-6.797229,-7.229040,-11.570007,-13.967794,-11.202374,-4.279416,-5.512717,-8.685308,-0.884420,-2.494477,-6.691890,-0.080152,-2.430103,-8.008121,-1.655925,-3.392443,-15.076889,-6.192127,-5.221687,-13.938642,-16.462185,-8.737582,-7.929452,-9.190841,-8.603970,-7.900074,-4.570475,-4.587047,-13.183932,-4.341344,-3.111330,-10.298963,-8.771755,-4.360509,-6.657633,-25.131126,-8.760768,-8.632032,-13.499798,-16.633158,-22.968647,-11.070969,-6.812106,-8.912441,-7.410867,-1.433021,-1.239567,-5.530063,0.242040,2.332903,-3.985624,-1.805575,3.079731,-0.631698,-12.052784,0.869105,0.892789,-7.585214,-5.935541,-0.659137,-2.423797,-19.744656,-6.033596,-3.445247,-7.602359,-15.264273,-8.900519,-5.422282,-11.052717,-12.237038,-4.810186,-8.685593,-11.246838,-5.390540,-9.208776,-15.328613,-8.186401,-11.848178,-38.422073,-15.823707,-13.492197,-14.326513,-17.890738,-17.430231,-11.529255,-9.174250,-18.534805,-16.361588,-8.577919,-8.953937,-10.567025,-17.769581,-7.377590,-3.371378,-6.700507,-12.216697,-0.846151,-0.302830,-12.624913,-1.041430,1.635594,-5.448983,-2.718754,0.864252,-4.389023,-4.005005,-1.686157,-7.699223,-5.370208,-4.267263,-12.105111,-8.750357,-4.688636,-8.614546,-9.574097,-1.814125,-4.163588,-9.401782,0.691487,-0.254312,-14.909431,0.366022,1.311051,-7.701695,-4.248669,0.177349,-3.940484,-8.503563,-1.607658,-4.662887,-3.100301,0.153542,-5.780831,-3.142473,1.029470,-4.721899,-8.115884,-1.539509,-6.395503,-19.050636,-6.870246,-7.285643,-22.035921,-5.252203,-1.632890,-7.875826,-5.127641,0.908454,-2.489077,-11.866787,0.188936,-0.683273,-12.376813,-4.168878,-1.309281,-5.974575,-11.838564,-4.162178,-5.587848,-7.519695,-9.290403,-9.717943,-7.646457,-11.769224,-18.947344,-16.833763,-9.926941,-9.110789,-7.179312,-7.929840,-6.101027,-2.714748,-5.661401,-8.155822,-3.016211,-6.460286,-14.149054,-6.599006,-15.844973,-5.028999,-6.222154,-8.550413,-0.613242,-2.832062,-2.977958
[0;32mI (4740) ANALISIS_ESPECTRO: Frame exportado | t=4.07 s | pico=93.8 Hz | 20.3 dB[0m
SPECTRUM_FRAME,5.095785,406.250000,23.235355,hann,512,1.399139,9.653837,19.487350,27.061188,23.622917,11.152699,21.297409,19.107090,-4.194047,6.095801,-3.341100,4.809347,6.260671,16.870689,12.424926,10.289566,18.022383,12.761112,16.396917,19.668207,13.046912,17.683737,22.787537,20.352913,15.339397,22.987911,23.235355,17.394907,19.231997,22.429394,19.690792,8.161219,18.335215,18.534046,7.388350,14.217352,16.016081,2.467161,13.926639,14.190937,7.327250,7.219180,10.475948,11.055588,7.585911,15.863993,12.433117,13.551243,20.705328,18.210060,11.115108,21.692579,20.337191,7.695316,19.381617,18.362968,10.073235,13.778210,13.402990,11.693689,7.461820,16.496849,16.883171,5.955452,17.887966,19.357868,8.834973,14.602142,17.936705,9.657452,11.036451,12.496708,2.339021,13.337169,14.653408,6.071987,12.156138,17.094095,14.053099,5.201315,15.478655,15.447130,-10.980225,13.134069,13.267633,-1.403144,13.204242,10.730438,-2.424389,11.393532,9.939708,7.536867,6.358366,6.076896,11.476082,6.092620,5.950026,13.070749,7.704653,10.254833,13.920059,8.557725,10.279463,14.027781,9.468917,6.397042,12.761538,8.300518,-1.168062,9.318355,4.301190,-2.892479,0.574311,0.420593,0.859196,-1.442868,6.174948,1.093211,7.581001,11.663092,2.698592,10.142662,14.361780,7.872065,10.304217,14.335680,10.196839,8.885843,11.370918,9.037591,6.059071,4.470154,3.771199,2.270999,-9.693748,-1.127583,0.141742,-6.251828,-0.270780,-0.193784,5.404576,4.720943,-6.604021,10.118767,10.838351,-3.785584,10.665209,13.219151,5.040522,7.282967,12.090645,7.599504,0.906290,6.660768,6.763000,4.731297,1.563193,2.482775,6.945453,4.861848,-5.088032,6.059568,2.479132,-5.037670,3.352247,-5.629135,2.526599,0.039326,-1.945495,6.279409,1.866552,1.353814,6.164853,5.534221,5.001641,2.129921,6.180331,6.871829,-1.899483,3.329121,5.336378,-0.774209,-3.390627,-0.037345,-8.707611,-5.033720,-2.708225,-3.682549,-6.889945,-4.225010,1.476749,-0.080404,-8.337492,-1.169364,4.300153,3.883130,-10.609739,4.285158,6.604024,-3.052589,1.082835,3.753755,-4.788668,-6.445146,-2.826503,-1.139186,-13.900081,3.785846,6.466862,-3.755548,5.388203,8.228217,-1.332919,2.189343,5.035627,-3.118820,-8.484229,-8.918312,-4.041555,-4.048716,1.582252,2.471938,-4.769193,4.885085,4.157945,-10.734171,4.288792,1.560764,1.081581,3.990140,-4.829457,4.959568,4.891799,-12.642817,5.602246,4.252098,-12.654906,3.061367,2.876289,-3.191670,-3.911103,2.310796,1.228755,-15.554998,1.213926,1.246265,-9.474089,-2.298105,-2.285375,-1.404913,-8.713265,-2.580387,2.099554,-2.666655,-2.216970,2.536498,-2.716093,-6.277914,-0.406953,-3.557075,-21.214819,-3.281217,2.649321,-2.978746,-1.480224,5.184086,1.498178,-2.043107,4.414122,0.646966,0.881916,1.473053,-4.832822,3.665760,2.438570,-2.329513,3.812368,3.216632,3.274925,2.595406,-0.814528,4.658447,3.829221,-6.495934,2.871735,5.952083,-1.972227,0.968539,5.946710,-0.423109,-0.149234,4.982557,1.611314,-0.285695,3.823419,3.908971,2.611983,3.089162,2.667378,3.079335,5.386144,0.999435,-1.229340,7.385971,7.108363,-2.650642,7.903911,9.499370,3.962019,6.609051,8.826115,3.871579,2.701783,6.314208,1.749496,-6.437654,3.911347,6.098170,-1.722939,3.611092,7.269058,3.137187,2.093740,3.871750,1.108371,-2.513202,-9.055604,-3.112697,-6.644402,-1.115852,3.980327,-1.125104,1.993493,5.569575,1.370243,-0.554479,3.189647,-2.150783,-4.892668,-1.664097,-6.652561,-14.500959,-0.887174,0.783673,-5.827458,-1.804085,2.440848,-0.108134,-11.924410,0.751506,-0.556198,-10.231830,-4.674436,-3.509743,-9.721669,-13.476955,-5.135908,-1.511643,-9.038867,-4.621045,2.260990,-3.348361,-3.374214,2.658944,-2.596734,-2.242011,2.487606,-0.675370,-2.252592,3.087838,3.533407,0.194475,2.188806,5.144003,2.710291,-3.472804,4.158712,2.143844,-14.589338,0.163756,1.046497,-4.316240,-5.968556,2.381675,-0.920137,-4.876289,3.387023,1.932312,-7.554200,3.870364,4.656334,-16.462036,4.419408,6.921099,-2.981986,4.312134,8.148144,2.432887,2.232760,8.093950,4.688418,-2.938110,6.330242,4.973284,-11.385429,2.932872,2.894011,-17.181433,-0.418022,-3.037669,-21.443687,-3.827823,-14.077033,-10.741581,-12.782427,-9.455544,-3.503476,-8.140750,-3.958635,1.498791,-1.249751,-3.287954,4.779529,0.868271,-3.210462,5.219684,0.775443,-1.807828,2.635878,-1.332200,-2.519195,-2.420560,-3.089488,-4.591574,-6.812716,-0.409460,-4.261180,-6.445611,0.152333,-2.388307,-13.317120,-1.924252,-3.269750,-9.421754,-5.596977,-5.504882,-2.954468,0.692027,-2.940292,-3.595473,4.388103,1.391385,-5.196653,3.771692,2.617186,-1.340728,0.355982,-2.545357,2.239845,-1.086764,-3.014629,4.395175,1.497732,2.290765,6.225914,3.589068,0.915089,5.597725,3.846287,-0.126871,-3.954746,1.334660,2.603143,2.160705,-9.530953,3.173591,8.119209,3.199546,-0.030653,8.120710,7.050776,-18.145803,3.823068,4.849948,-3.715410,-11.232553,-9.049214,-4.299226,-0.602792,-1.085997,-3.125336,1.877645,2.113293,3.263476,1.171614,-1.765018,3.806953,3.047934,-13.824272,1.207648,3.409512,-0.811572,0.805714,0.595635,-0.406048,1.883877,-1.751332,-7.723740,0.542446,-1.166783,-10.828552,-3.414493
[0;32mI (5750) ANALISIS_ESPECTRO: Frame exportado | t=5.10 s | pico=406.2 Hz | 23.2 dB[0m
SPECTRUM_FRAME,6.118137,93.750000,23.042725,hann,512,2.658025,6.848873,19.625834,27.625904,24.479023,10.583778,23.042725,21.747417,5.257075,13.089284,15.380473,10.325850,8.045521,16.050106,15.106572,10.009825,16.655424,16.737741,9.519184,9.770454,14.256873,10.322686,10.668453,11.015893,7.138250,17.055851,15.794443,-2.378401,17.771494,17.666090,5.012244,15.249416,16.235540,7.109301,10.279302,13.230773,9.168400,7.531464,14.275869,12.888022,7.630582,16.312887,15.128245,6.217774,15.980459,15.588769,6.077705,12.911928,14.560796,7.665496,6.095912,11.580788,8.518497,-0.344415,3.461875,6.513305,5.777032,4.013939,1.207874,6.745888,10.773044,8.725040,2.688214,12.232280,12.268910,1.115935,11.001383,12.983088,6.844958,7.153280,13.781548,10.096233,1.610903,14.214808,12.529198,6.561266,12.725228,12.892985,10.385866,10.848550,10.039284,11.745577,11.540052,2.965486,11.543212,12.140427,-3.623487,8.958226,11.508661,7.224941,-5.224679,10.808344,13.788116,8.892923,11.511103,17.137423,15.417472,11.912716,18.077084,17.707798,9.700312,16.243189,17.533192,8.861650,9.473790,14.366504,13.566780,12.405061,1.117313,15.699080,17.995373,10.291054,15.635708,19.012297,15.097295,14.691036,17.144176,13.698188,12.081339,13.640758,8.673336,-0.099612,10.192641,13.516427,9.604300,7.249844,16.482437,15.668364,8.813684,16.492527,16.497265,11.552576,15.429582,14.056759,12.632338,14.883202,8.406006,12.594250,14.677238,0.329206,11.231494,12.919974,4.210701,8.854805,6.081635,7.457278,9.877215,1.199189,9.612183,12.208699,10.687323,11.450261,13.126511,11.596661,11.711144,13.451632,7.950605,11.589764,13.999410,-0.919455,13.699331,14.987173,-4.252158,15.434334,15.604382,-5.778628,15.067316,14.750365,-4.427479,12.322497,12.250127,3.328803,6.002171,10.499631,9.104201,-3.923666,11.290949,12.125763,8.361865,11.746769,12.712388,12.124950,11.300661,11.122804,12.693317,10.152760,6.914833,11.202688,8.623491,-5.701894,8.151754,9.172344,3.496532,2.242525,10.889040,10.286402,-7.142290,10.867095,12.687798,6.599398,8.677754,12.560181,10.277919,6.203606,10.591478,10.202511,5.064127,8.086603,8.037795,-0.422720,6.425934,7.150548,-1.807281,5.608304,7.457948,6.113072,6.919475,6.438574,6.854571,7.858533,4.565689,3.082264,5.856266,1.731744,-6.138789,0.109946,-6.297806,-8.841717,-5.314699,-7.153067,-2.629978,-4.593449,-3.443301,-0.162531,-2.325305,-3.469998,-2.097435,-3.228845,0.274263,-1.936417,-14.703530,2.040331,2.634368,-2.116763,3.527090,4.042518,1.168478,4.603427,3.871627,-1.691242,2.169008,1.510580,-10.530605,-7.087193,-14.535660,-4.920098,0.820401,1.979471,3.419909,4.883836,6.812860,8.253442,7.345996,6.659641,9.655445,9.704742,4.454336,7.549416,10.210666,5.666669,-0.741921,7.669914,6.551319,-4.940186,-0.930628,3.370215,2.323896,-4.341430,-3.682629,1.503696,1.938304,3.108346,1.139977,-1.495538,5.304062,4.314857,-15.098808,3.865860,4.767334,-0.556490,4.834932,3.198764,-0.768448,7.623556,4.748555,-1.550644,8.137861,6.392925,3.490767,7.160544,4.781959,4.233726,5.481279,-1.063167,-0.759099,0.682639,-4.150228,-8.038403,-6.118478,2.464818,1.777425,3.643435,5.996622,4.286523,6.328250,6.623435,4.031517,6.060813,4.240214,1.847640,4.507697,-1.319746,1.145062,2.989365,-7.725557,2.356136,1.787075,-10.112869,-0.345050,-2.124644,-15.303477,-14.655458,-9.902805,-8.140909,-2.057833,2.475544,0.176242,2.083398,5.458665,3.068776,3.121032,4.253485,1.373152,2.073050,-0.644687,-5.300124,-0.187254,-12.436572,0.193236,1.679453,-1.858575,3.677769,3.192344,1.847432,4.365724,0.909557,-0.336852,2.896063,-2.835329,-5.158603,-2.265556,-2.907998,1.899106,-0.591442,-4.259102,3.620959,2.451206,-0.646875,1.207354,-0.626942,-0.375732,-1.420008,-28.265055,-3.456278,-4.284818,-3.210487,1.324777,-4.491706,-4.162460,2.623930,1.373556,-12.495476,-1.454090,0.436990,-2.660402,-4.124879,-12.180320,-2.604061,-0.315746,-4.297768,-0.874982,0.801717,-2.577603,1.987069,3.088113,-3.441829,-0.551381,4.073656,0.722147,-12.999339,1.300942,1.492396,-5.111723,-7.925889,-1.665462,-3.965007,-12.674976,-8.607929,-3.891860,-2.176997,-14.469008,-4.138454,1.454309,-2.561295,-6.129069,0.329000,0.334266,-1.787776,-3.412443,-3.322227,-0.103768,-0.232905,-23.276577,-2.218215,-0.077003,-6.616113,-4.974107,-5.145535,-27.193487,-7.444937,-10.680485,-1.015282,-0.482806,-23.414673,3.672011,5.352946,-5.634665,2.776690,6.537522,-0.154642,-3.395611,3.009057,-1.519531,-8.582182,-9.428564,-10.306973,-1.874339,0.053810,-0.252976,0.615538,2.781818,2.595134,0.114908,0.953218,-0.017617,-5.329151,-5.793680,-4.425758,-9.824542,-7.538675,2.393655,0.928761,-3.167481,4.957685,4.386522,-5.311503,3.331003,3.791013,-11.659131,-3.872923,-3.027879,-7.523675,-10.268192,-3.516400,-1.612251,-5.002100,2.066730,2.555849,-7.718575,0.213791,2.200214,-8.573355,-6.243069,-5.601056,-13.694937,-2.094212,-0.717570,-6.134145,-0.781782,3.340731,0.725169,-1.687015,2.305985,0.606443,-3.398248,-0.106525,-1.873602,-15.470229,-2.553584,1.344536,-2.423100,-14.118756,1.455064,2.432388,-5.923486,-3.981936,1.439754,-1.906085,-9.109833,-4.092528,-4.142428,-7.049397
[0;32mI (6770) ANALISIS_ESPECTRO: Frame exportado | t=6.12 s | pico=93.8 Hz | 23.0 dB[0m
SPECTRUM_FRAME,7.140503,1265.625000,33.621677,hann,512,12.511207,20.247433,25.554626,36.125015,34.815411,21.516357,30.170490,33.586025,29.734493,14.742002,29.667246,30.095198,21.127079,23.870865,27.013840,24.257412,18.062284,21.393204,21.790373,19.837601,15.078539,15.526733,22.815903,23.532019,15.883985,22.573738,26.298655,21.173874,17.757076,24.853889,23.531342,10.111441,17.906391,21.945129,21.538780,12.063918,15.189837,23.823906,22.878834,4.875343,23.294945,25.692181,15.364566,21.169538,25.875628,19.260582,15.862969,23.061190,20.268658,11.191126,13.981095,17.483908,18.907127,12.548704,14.389750,20.700813,19.643019,14.289028,18.545334,20.767260,16.759989,14.904790,19.414955,21.645338,19.770931,17.994816,22.906620,25.837458,23.273657,19.841572,28.697193,29.464762,19.885998,27.591309,32.037224,28.261259,17.233789,31.021935,32.713036,24.844746,26.575344,33.621677,30.811041,14.198932,31.202301,31.452225,22.023008,24.829369,29.657995,27.993141,13.495664,25.864288,28.703844,24.855644,14.775240,26.650867,27.190094,19.304234,20.746616,24.516075,23.045147,15.978941,15.044345,21.058882,21.787374,13.737093,15.049212,21.387930,18.853268,3.163101,16.720901,17.109358,8.547054,6.551156,8.638901,7.110739,-3.193007,11.277845,10.891906,1.264802,13.870763,12.664599,9.668755,12.192024,6.737628,12.936985,12.326845,-1.340030,10.681385,8.864476,1.540035,6.920594,7.737443,5.429916,0.678098,13.539038,12.664671,-2.452752,12.539449,13.812153,6.201256,11.660059,13.138220,7.849369,15.529104,16.145664,5.999855,16.825375,19.372116,11.499000,13.089398,20.425207,19.949636,3.847789,18.921858,22.587303,18.098146,9.380642,20.162546,21.682816,15.952988,13.959723,22.598911,21.406887,7.363830,20.061405,20.624113,14.277281,8.094607,19.000608,20.300964,12.938861,14.861603,19.921970,18.107929,8.727914,15.978893,18.367495,15.188007,10.906387,14.605498,13.943829,10.799992,8.862584,11.818041,12.019190,7.303995,4.439813,9.717155,11.578488,6.993535,4.670724,14.591745,14.527259,-0.858097,12.812305,16.572815,11.924888,5.620067,15.750283,15.207775,3.976350,10.795058,13.753311,13.223114,0.152372,11.725841,16.286337,11.423340,11.024263,15.198231,12.810400,5.466815,10.296356,10.380944,5.827888,-4.904441,6.707499,10.352545,6.238675,2.306686,10.974062,10.612572,2.565874,9.959740,11.753418,10.966028,3.004025,12.526145,14.208125,5.287178,9.574434,13.438271,11.457104,-1.795619,10.469187,13.203297,10.360227,9.001105,10.110971,5.542855,3.488063,5.338144,5.345668,4.669154,11.102940,9.301208,-3.818567,6.481727,4.155995,3.423872,0.216723,0.855001,6.745800,4.077923,-11.879807,6.063654,7.919898,1.079960,5.182614,6.828126,2.541579,-12.385288,4.104127,7.918189,4.619620,3.643353,7.012923,6.833603,5.876929,5.703274,6.964053,9.056703,7.361713,1.248780,5.024496,6.807872,3.809442,1.721583,6.273079,6.215572,5.647817,3.991099,-6.556658,3.010341,5.808415,3.740523,-3.157535,7.812219,8.539733,-1.287900,4.727397,6.968862,3.112788,-0.681147,-0.989460,3.010940,-0.861278,-22.174627,-5.282524,-1.782462,-5.789441,-5.269926,-6.397688,-5.253233,-2.208934,1.188518,-1.594314,1.080149,4.147192,1.695170,-0.738274,2.537916,-0.459403,-9.317530,-5.584507,-11.808019,3.359749,5.686565,-2.501611,4.065768,5.107981,0.891508,-11.442471,0.916395,4.200106,-0.723347,-2.965207,-1.247100,-6.495686,-10.029779,-5.669199,-4.881601,-1.292704,0.998582,-9.331453,-9.185933,-10.035888,-7.218773,-5.046597,-5.008172,-2.726279,-10.749240,-12.257200,-5.113070,-6.044970,-11.675022,-6.582534,-12.166318,-29.710323,-7.113916,-0.345959,-6.914048,-1.317650,0.238076,-22.715637,-4.716241,-6.068397,3.358344,0.564242,3.013409,6.789172,1.873971,-1.422529,4.247849,4.515583,0.009761,-0.619175,5.162470,5.701001,1.167800,-6.031048,4.890630,7.788935,3.345024,0.027994,7.687361,5.781532,-8.868871,0.628285,2.858673,-1.962487,-11.362706,-2.961518,-4.137597,-8.477459,-6.533870,-3.181021,-5.226102,-5.037758,-5.105067,-5.726615,-13.207717,-13.145304,-2.670982,0.458543,-3.122914,2.836280,4.763949,-0.095215,2.394970,1.977160,-5.689205,-14.062533,-4.778576,-1.462041,-1.988570,-5.908381,-7.283314,-1.467970,1.317847,-1.381463,-2.441576,3.363638,1.663304,-8.777225,-3.031727,-1.297622,-2.456939,-13.705048,-2.976576,1.523430,-2.246789,-5.900579,-0.000533,-0.771308,-10.907601,-2.154461,1.671540,-3.050553,-1.526953,0.220831,-4.796960,-11.250768,1.294112,2.430245,-5.748861,1.475412,0.468672,-9.418875,-6.903553,-9.485148,0.245508,2.474166,0.992634,-5.791260,-2.278346,3.510758,3.199507,-8.078791,0.403168,5.386541,2.279799,-7.363801,-2.691043,3.623318,1.289550,-3.277383,-9.526840,-6.775849,-3.854516,1.249524,-0.599235,-31.548834,-0.959561,1.770536,-1.777553,-7.560205,-6.003160,1.230646,1.798271,-5.545525,-2.138409,2.870655,-0.138599,-2.221919,0.285713,3.908607,-2.083064,-3.084829,3.113111,-0.396757,-8.878643,-9.089068,-7.791113,-10.636408,-3.978268,2.579743,-0.138943,-24.402130,1.333627,6.096543,2.316699,-8.083727,5.184956,4.880659,-3.346113,-7.505834,2.024638,2.200874,-3.101426,-3.491147,-4.837699,-8.843952,-7.672495,-3.087533,-15.127725,-4.993279,-2.946937,-9.806320,-8.054550,-9.998697
[0;32mI (7800) ANALISIS_ESPECTRO: Frame exportado | t=7.14 s | pico=1265.6 Hz | 33.6 dB[0m
SPECTRUM_FRAME,8.162863,93.750000,22.518492,hann,512,-10.458145,8.576719,16.662683,25.936100,22.923441,3.532753,22.518492,21.918453,6.518139,16.299715,18.446699,10.305934,11.512965,14.462862,8.751401,13.203364,14.803799,6.046822,13.415730,14.938557,3.117437,12.854896,13.891793,-9.036208,12.323935,13.903994,3.880849,10.591235,14.479727,10.751810,3.394237,13.755393,14.430513,9.059546,10.913434,16.102907,17.370972,11.378783,15.350069,20.920792,16.806499,10.879257,21.739208,19.855375,3.663709,20.149918,20.440094,11.141067,15.847284,18.690985,13.797733,8.515200,14.419693,13.658281,6.227565,9.108802,12.512674,7.147599,8.408046,10.946978,5.204671,7.732771,7.651267,-0.989271,6.275218,4.497089,-3.102077,6.091251,8.482130,5.423416,6.993520,10.692438,7.319008,8.148188,11.034962,5.476157,7.423287,11.355440,5.964679,4.553638,11.219578,10.290159,6.515064,8.866941,11.995467,9.595619,2.028848,10.819683,9.597176,-10.707158,7.004990,6.173535,3.109675,4.154306,-2.564158,7.009801,6.289006,-5.351395,8.240786,7.452447,-1.926161,6.892916,6.241692,-2.273112,2.032327,1.474732,-3.764874,-3.592026,-3.893301,-8.886556,-0.427239,1.778998,-4.550524,-2.165332,2.340806,-1.341706,-13.826078,-3.108370,-3.581445,-6.516663,-14.738224,-1.788010,-2.168437,-2.775012,2.714467,0.490251,-3.055984,3.099074,1.247535,-9.863845,-0.860679,-3.582050,-26.261040,-8.345101,-7.598373,-4.812896,-4.329581,3.292057,3.462893,-3.006834,6.002137,7.266397,-0.715876,5.349882,8.018633,1.492500,2.481247,6.223657,-0.278480,-0.984397,2.372524,-11.350522,-2.113035,-1.286302,-3.692496,1.197162,-1.796830,0.158232,4.057048,-0.718084,-1.610452,3.878484,-0.078094,-6.189040,-0.790287,-1.794260,-6.922659,-37.137836,-9.207410,-5.166394,-3.250355,-13.704912,-1.901221,0.287076,-6.357327,-0.310194,2.338750,-5.747585,-1.227097,3.433586,-2.097764,-1.924720,2.468496,0.623332,0.081698,-0.447559,0.189148,1.131562,-3.484857,-2.402109,0.626597,-4.870059,-4.355489,0.270998,-2.716459,-4.572491,-0.333183,-0.228226,-2.811749,-3.305479,-1.388690,-2.212955,-4.931855,-10.087047,-8.100328,-3.409443,-2.372895,-7.486927,-8.407481,2.350793,2.295594,-9.667233,1.662656,4.870332,0.016150,-5.310730,3.439092,1.663737,-11.338290,-3.678283,-0.889084,-2.899034,-9.751114,-2.220955,-1.266017,-1.864715,1.595854,0.163050,-2.168059,2.477150,0.822719,-5.952562,-0.161238,-0.855267,-10.970459,-5.220764,-3.562896,-8.314796,-6.013535,-3.278497,-2.784148,-4.957783,-4.824697,-1.466309,-3.310669,-19.548481,-2.982597,-3.050795,-5.382236,-1.142861,-5.248758,-0.975482,2.099179,-3.867143,-2.049832,2.523058,-2.316872,-7.475605,-0.423347,-6.547033,-12.646667,-7.652297,-14.622993,-7.976417,-10.969469,-2.394654,-1.854432,-12.354660,-0.703535,0.640669,-10.674623,-4.243134,-1.072647,-6.969275,-9.664680,-9.565386,-11.426079,-5.128267,-6.251342,-6.164793,-4.332718,-3.008199,-0.101791,-1.810310,-8.308511,0.353351,1.298610,-8.853827,-4.361860,0.931453,-0.534027,-7.620869,-4.490156,0.881118,-2.442161,-9.744666,0.077100,-2.961912,-5.103346,0.885403,-4.915753,-6.556553,1.030098,-0.928688,-1.625150,-2.672458,0.600486,3.030769,-4.080115,-1.176195,4.292655,0.771187,-1.095561,3.217664,1.271597,1.461635,1.468142,-2.823327,1.111097,0.537979,-12.640694,-3.517187,-1.383314,-6.308625,-19.352028,-5.123674,-4.617858,-13.943820,-5.385615,-5.963559,-14.995623,-5.312755,-7.939209,-13.585491,-8.320168,-15.438380,-10.049759,-6.594186,-9.841880,-14.545049,-3.572180,-2.300390,-13.795570,-2.427559,-0.175389,-6.327514,-1.054845,-0.423332,-6.105859,0.466824,-0.829014,-9.817352,1.091801,-0.732105,-4.978776,1.250037,-1.291407,-1.676845,1.774277,-1.990173,-2.236069,1.795339,-1.320228,-5.021949,-0.043933,-0.686351,-3.981785,-3.348012,-1.868203,-1.418010,-2.674350,-4.467127,-1.321875,-0.741442,-3.780930,-3.736593,-1.459849,-1.454056,-4.869562,-6.411152,-0.534237,-2.101152,-21.776724,-0.876615,-0.740872,-5.668250,-2.370114,-1.733804,-2.524404,-4.405457,-5.818405,-2.034924,-5.830264,-8.033537,-0.936837,-7.402692,-2.328234,1.193927,-7.927328,-0.525598,2.520969,-6.054170,-2.554995,1.867388,-5.041398,-8.743438,-1.570884,-6.520664,-7.536721,-3.368204,-12.761572,-3.367583,0.633294,-8.502434,-2.703823,1.958089,-3.626273,-4.578983,0.224636,-4.489548,-7.560000,-4.743872,-13.121959,-7.703456,-13.266451,-6.876930,-4.416936,-12.889097,-2.419811,-1.780174,-9.404539,-2.856854,-2.077809,-5.884777,-4.876980,-6.854963,-4.780918,-2.948264,-7.088337,-7.523221,-0.922072,-1.673712,-7.434855,-1.505730,-0.846040,-2.843434,-4.969684,-3.595199,-1.699445,-9.627985,-8.737936,-2.341411,-11.160137,-7.617225,-1.684015,-9.168481,-5.701975,-0.868915,-4.069564,-6.740857,-1.935962,-2.070662,-8.878783,-4.759056,-3.916167,-8.562967,-6.551201,-12.038878,-6.399493,-4.773133,-9.815872,-3.524107,-2.244747,-2.890272,-1.910888,-0.635018,0.029174,-2.120550,-0.835589,1.221494,-2.153443,-4.165412,1.009148,-0.441867,-14.492244,-0.757607,0.590127,-7.349549,-4.446167,-0.192297,-3.485279,-10.695702,-2.737312,-3.808982,-23.902927,-6.544527,-5.291269,-15.311623,-10.435921,-5.148197,-7.314026,-13.990475,-5.069556,-4.195563,-20.076902,-6.168856,-3.833533,-18.524055,-7.463426,-5.319458,-11.893709,-8.874948
[0;32mI (8820) ANALISIS_ESPECTRO: Frame exportado | t=8.16 s | pico=93.8 Hz | 22.5 dB[0m
SPECTRUM_FRAME,9.185234,562.500000,41.746479,hann,512,5.483999,26.940544,33.689411,41.831039,39.765488,26.140596,32.907764,34.837605,29.389088,25.115454,27.790682,25.728043,25.042057,25.274323,22.629906,21.501453,16.761530,22.151134,24.788624,13.663011,22.397186,24.228722,13.351188,20.899714,-14.649975,25.129061,25.708286,15.615926,32.098145,34.504448,28.951128,31.301727,39.206429,39.173893,28.560825,39.605759,41.746479,36.269524,35.635780,38.925003,36.385056,27.758396,29.248859,30.178032,27.756008,23.954790,26.152039,27.855137,25.226631,23.375452,27.837341,25.443432,20.066925,29.082760,28.095066,22.672546,30.376671,28.778423,24.471788,27.200893,22.557280,23.968107,23.498209,16.457895,28.431818,28.730869,21.976921,29.121159,34.019379,31.578712,20.806875,35.106277,34.946609,27.472876,31.642313,32.125305,26.360874,23.035908,19.926870,13.349657,20.463043,22.964825,22.312002,24.622681,22.485226,17.659744,25.397711,23.243176,22.638016,29.726700,24.855972,24.379416,31.513653,29.054043,26.502535,27.232018,25.604601,25.859213,18.797293,18.119305,21.879169,13.846027,22.724800,23.336021,17.304993,9.557940,16.270309,21.739788,21.380039,17.800419,16.804630,20.027370,17.197016,0.964550,10.630758,14.964227,15.190581,13.726052,20.399536,21.610319,16.118525,15.709001,20.737246,18.822390,20.403790,24.000954,17.595558,18.676279,26.201168,26.824598,20.557831,21.222458,24.541273,18.364082,15.931211,17.994240,12.636181,20.107033,19.660812,20.557667,20.877056,15.102843,14.744585,18.159475,16.936018,7.205812,5.335607,15.877607,15.888783,8.555109,12.053419,14.028197,8.591247,10.307158,9.736271,9.640922,13.589727,15.661393,11.749832,17.261082,18.620888,17.220049,13.182893,15.068507,18.938438,18.100182,-3.661406,16.586218,14.231795,7.176042,16.845776,14.173385,17.787373,19.933838,15.058077,17.664137,19.543900,12.175947,8.997525,14.621445,14.036381,7.525838,4.414832,6.400587,10.831660,9.344687,5.893865,1.252465,11.979824,13.249737,9.501614,6.260951,13.764488,15.790912,9.338914,9.975981,14.344436,11.008873,9.690358,13.309462,4.969735,10.059078,6.323939,3.235914,4.893972,5.908646,0.833778,11.555181,12.777328,6.895967,8.480415,10.269974,6.267803,4.158625,0.688782,-6.730184,8.342093,10.857120,1.934121,-8.466134,3.989439,5.019842,-7.826791,-2.291114,2.275952,6.955839,2.910030,-0.373465,9.801178,11.204323,8.161203,5.028645,8.264912,6.083570,1.771983,-8.808859,-0.400704,-2.083142,3.562649,6.250167,5.799080,-2.307928,8.678365,5.241430,-4.776671,2.490134,3.062763,-1.098664,-2.434597,6.861017,7.610838,0.612524,6.657122,10.406661,6.114215,-7.811810,-2.411369,1.574711,-7.588605,3.066200,2.584331,-4.355247,0.100639,1.579946,-5.587325,-1.226833,6.198627,4.748716,2.908038,8.173079,6.594579,-0.459909,-10.627731,0.778877,-1.428030,6.304513,1.764995,2.373788,2.598785,-0.797706,-4.669517,-0.142863,0.167373,2.683349,-17.926765,6.322345,7.820601,-2.797560,6.663965,10.291753,4.658391,4.816107,7.019795,4.388286,2.007080,-1.998472,-2.344872,-12.257460,-4.471928,-2.726180,-9.874747,0.954840,4.142701,2.313390,3.655631,7.817482,5.986937,2.208014,-1.455119,-0.279156,-3.963413,1.382108,0.739598,-6.894530,-0.356871,0.853066,-5.716638,0.832698,2.604766,3.427851,0.749526,3.485741,7.704841,3.254814,2.300812,8.511045,0.032112,5.299774,6.969286,6.364794,7.363643,5.092707,6.191378,4.638342,-0.618647,0.248372,-3.597521,-0.519162,-0.100810,-9.169308,0.668695,5.186028,-1.575003,-10.073524,-1.701989,-4.471994,-6.557044,1.891940,3.975261,-2.640168,4.458427,6.256654,-1.332483,0.865728,4.077279,1.308045,-3.790797,-3.498614,5.882797,5.569472,-7.127440,2.703209,2.009459,-20.149658,-0.427171,1.617135,2.594815,1.697137,2.932956,4.900199,2.161341,-7.404471,-6.091055,0.263879,-1.857689,-2.557327,-3.858860,-7.695563,-1.881518,3.696854,-2.402866,1.053948,4.132947,0.991973,4.223295,4.832623,-1.414569,5.773475,4.961972,-2.792241,6.100230,3.130214,-5.359324,-2.877686,1.866843,4.711366,1.048609,-2.879154,1.348556,5.285985,3.397659,-0.107103,-1.698766,4.365300,1.945453,-2.668094,-23.940830,-5.702180,-0.961426,0.505876,4.043892,5.831050,2.055888,2.736821,7.212580,6.064068,1.131478,5.314818,2.864190,-3.678198,2.954684,-0.243133,-4.089398,-4.604666,-16.668083,-0.448227,3.271775,-1.281476,-11.731359,-1.497871,-1.364506,4.060859,4.320133,-13.046918,5.794086,6.986415,1.371381,-0.787204,1.471222,3.522351,4.056243,-2.975002,-14.919184,-3.488936,-6.950455,1.706877,-5.658665,-3.878764,0.863943,-4.915251,-6.534012,0.195828,1.639130,2.328292,2.590201,-1.484959,3.417162,7.319841,4.991892,-4.248044,3.928964,5.444813,1.415600,-0.348229,-1.687662,-4.278769,0.398207,1.663446,-1.072045,-4.605510,5.362680,4.223985,-6.463051,-0.736019,-1.947427,-3.996934,-0.012818,-1.314661,-3.563553,1.131209,-3.417506,-16.422142,-0.417446,2.811277,-13.674684,1.506176,5.772287,-5.580573,5.144378,6.914785,4.095846,3.633387,5.257372,6.276495,7.334994,4.622262,3.045209,5.631018,4.689289,3.701343,3.685055,0.965229,2.980592,3.592453,-2.053613,-2.831095,3.662071,3.649057,-6.398750,1.521475,2.807090,-5.438570
[0;32mI (9840) ANALISIS_ESPECTRO: Frame exportado | t=9.19 s | pico=562.5 Hz | 41.7 dB[0m
SPECTRUM_FRAME,10.207585,359.375000,37.745483,hann,512,9.773046,13.440283,30.995029,39.419197,36.077103,20.085770,31.986458,32.100414,24.377220,22.248753,19.632900,26.067242,29.220259,24.973267,25.355234,29.142067,27.260468,30.147850,28.938311,32.109665,35.285809,30.590721,34.136051,37.745483,33.114456,31.178841,37.046780,33.183567,10.738582,30.541187,28.797909,29.091824,22.985367,21.300575,30.873938,33.039097,27.936363,27.722158,33.141155,29.346972,23.001858,28.436123,27.440434,25.520538,20.498171,27.405083,29.277113,13.069248,28.025593,29.285110,21.292507,25.645782,23.281057,24.436325,24.309017,20.447227,25.569111,27.928455,28.167595,26.849842,27.083004,28.754103,26.414852,20.743263,24.750557,22.975386,12.602049,20.586918,22.783497,15.229294,23.415470,25.275156,19.726921,23.185225,25.474379,20.745153,21.213242,23.906481,15.270969,23.188587,24.315264,12.716469,24.712095,25.902700,19.599653,24.371700,24.776066,19.803194,22.911203,18.911173,15.395427,19.480961,15.316525,17.638924,16.360867,18.960358,19.774260,11.512370,17.159689,19.353907,12.113508,10.690995,17.349360,17.889420,9.627939,20.978855,22.940958,7.232838,22.013138,24.359072,15.810408,20.298510,22.283916,17.790781,17.014095,15.853454,13.218818,18.843740,20.976732,11.713907,19.393375,22.683640,15.996976,16.555716,19.545918,15.306492,11.725227,13.407066,7.568102,12.498008,14.317083,-3.336945,13.247819,12.244646,-10.853836,11.350841,9.569813,5.925492,5.186749,12.408426,14.891092,9.778779,5.079339,17.004889,17.026423,1.274524,13.910146,16.046980,2.959156,4.937344,9.930122,5.148637,6.311656,9.757943,6.251052,7.433733,9.319105,2.692614,6.231956,8.297595,7.074296,2.928498,9.128458,9.556850,1.959769,10.923146,12.064049,5.527349,-1.187485,8.474854,7.752044,0.436145,2.707765,8.339828,8.029449,2.871508,-4.629447,5.759210,9.831957,9.313873,-1.039328,11.315707,13.535107,8.287850,11.973367,15.073873,11.029264,5.703497,10.154625,6.630980,0.457424,0.037263,0.578846,5.873621,7.316886,3.864178,0.268718,8.304803,7.875481,-0.896592,4.175402,9.398696,9.837650,4.075776,8.016956,12.911053,11.116222,-18.840761,10.529223,11.333752,1.597185,5.692525,10.488865,8.241982,0.067024,-0.030152,4.689635,3.367942,-5.814565,-5.012443,3.200787,5.253375,-2.327972,-5.213681,6.494855,4.778169,-3.704269,1.499009,6.259325,-0.220362,-1.962608,6.365539,7.093284,1.064514,-12.340652,5.234179,3.097191,-17.754728,3.416300,5.887951,2.145489,-7.142692,-14.641716,-3.005215,2.132795,1.883676,-8.552733,3.811994,6.409190,-2.505340,0.419118,5.634167,4.829754,-1.569286,-3.669204,1.568418,0.511516,3.651316,2.390490,-0.776283,5.788633,8.426725,3.072073,4.317109,8.976940,6.948598,0.847830,1.464369,2.092756,0.210030,1.614717,3.025188,4.600041,7.040758,7.956095,6.761441,4.237511,1.928666,1.041759,2.700605,3.815319,-11.615811,3.788254,8.040810,-0.199839,2.364624,7.955204,6.791627,-4.311368,-3.266448,6.181958,5.366948,1.425930,-8.411001,1.794336,4.955711,2.579989,3.123555,7.170562,7.242242,5.945896,6.863564,6.567518,0.562260,0.283777,6.234313,4.425137,-1.665800,4.757375,6.127902,-0.922642,-0.569057,3.664122,1.511132,-0.003429,-3.777604,1.261248,2.368344,-1.868154,-10.534666,-2.718527,-15.831621,-5.850085,-2.977304,-10.762035,1.199165,-1.205520,-7.131686,-8.953669,-4.511841,2.556093,-0.717756,-7.471436,-7.969077,-12.029042,-4.095151,0.110040,-7.314483,-3.002831,4.839610,4.161606,3.188570,4.391656,3.058567,-1.515982,-14.799466,-4.479243,-8.133175,-4.007173,0.182469,-4.635129,0.800941,0.330155,-4.445117,-11.950272,-6.940021,0.615898,0.040281,-1.159415,-3.937621,-1.485246,-1.665115,3.441813,2.774228,-7.609258,4.000628,-3.985074,-17.830587,-1.845796,-4.262158,-3.594172,3.209682,2.002272,-13.392689,3.632389,3.525837,-3.926663,-5.859427,0.239251,1.101581,0.920763,-3.048080,4.128181,7.448318,2.424407,-2.511745,3.427081,0.404599,-1.206847,-0.805932,-1.073423,-4.724007,-7.396956,-8.411625,-6.771176,-4.128738,-2.662068,3.645495,3.054980,-11.972088,-0.937416,0.726290,0.140592,-4.019093,-3.636984,3.497665,4.499588,-12.005015,4.515016,6.808213,3.512636,-19.872570,-1.975842,2.857489,-1.792152,-3.075223,-1.594845,-1.745693,2.842894,0.592588,-13.324739,-3.241826,2.533981,3.077797,0.754434,-0.347096,-1.957173,1.451247,1.574363,-6.027911,1.839959,4.198458,2.652888,-5.620408,2.463465,6.595821,1.069718,0.284320,7.544143,4.088478,3.469667,7.567287,0.847229,3.253765,5.843805,1.930629,-6.984658,1.898675,5.356903,2.106050,5.460130,5.236599,-1.821722,5.756482,6.289842,-4.059677,3.521118,6.909583,1.129951,-4.208376,5.202378,5.730657,-0.715683,6.668331,8.077168,-0.002652,6.791544,8.573340,-7.223258,1.643381,6.484720,-3.245065,-5.252500,5.478892,0.657141,1.028973,8.842693,4.437383,-6.831445,7.017863,6.503129,1.835014,0.869474,4.412053,-0.935584,-24.407181,-0.609299,-2.720876,-1.608670,3.739274,2.920419,-1.359146,2.770616,2.073802,-2.360656,-2.741468,-8.164671,-9.086590,2.147223,-0.004451,-8.670131,2.162461,5.281306,1.177620,-6.286507,-1.827304,-1.207810,-1.152397,-8.202223,-15.915030,-24.396248,-19.136768
[0;32mI (10860) ANALISIS_ESPECTRO: Frame exportado | t=10.21 s | pico=359.4 Hz | 37.7 dB[0m
SPECTRUM_FRAME,11.229950,2000.000000,54.077953,hann,512,10.177471,30.293125,35.173676,46.674541,43.222431,23.292339,29.068338,27.702579,15.355248,27.211975,27.459066,15.578815,20.992474,24.282141,18.471180,13.446981,20.857025,14.472481,20.289688,26.600128,22.708570,22.445778,30.361071,28.686125,0.955171,26.869827,26.805836,14.113230,26.803865,27.804035,14.089014,23.491714,26.269157,17.903137,21.525749,27.703678,23.806269,14.481710,23.391275,19.081938,14.034590,20.319836,13.588331,11.959084,20.600761,21.837767,13.181103,16.515062,21.756191,14.267952,16.974693,23.310049,19.157839,17.806767,27.969723,26.152351,4.940100,18.679846,15.206665,1.491118,20.608582,22.666779,13.270060,15.208407,19.080961,10.048040,16.367704,18.995289,10.780680,11.238093,19.697630,19.374142,16.438160,28.654476,27.043856,10.778070,21.661964,23.348637,12.609239,17.419369,19.876751,9.302828,14.846517,18.209690,13.322135,13.898411,13.892411,5.363407,6.329879,19.538153,19.555367,9.890779,18.261898,21.159258,15.841301,9.408406,20.733147,16.466583,14.021563,21.433289,17.600254,14.589929,24.825047,22.883978,-4.019158,21.620636,23.058109,13.070956,21.524803,23.296528,12.924743,11.280993,9.634330,4.482717,16.187107,20.861845,15.894426,15.576881,24.380650,20.571804,5.693700,21.611092,18.553537,25.030630,40.113087,42.677528,32.478821,50.258659,54.077953,46.705799,38.170322,42.326767,36.740662,25.689434,26.088152,21.281015,16.319555,22.978168,21.046152,4.337991,17.137650,19.571352,10.210443,14.417324,18.550114,9.792747,15.291868,20.958145,14.928975,21.115561,27.796986,23.795309,-1.393825,19.670816,17.829540,9.972898,23.641184,23.204021,10.334133,18.128399,21.792366,13.635582,17.619663,22.364410,15.855809,11.413990,17.954708,12.208412,14.916794,19.787510,14.930777,-0.891982,17.643578,17.489359,5.068356,13.217033,10.011217,8.429378,12.992477,10.711408,-1.180605,9.084637,16.939966,12.724014,9.750010,16.066677,6.921079,11.028616,17.632175,13.724796,-2.571564,9.598999,10.827388,1.217199,10.772276,12.659176,-0.689508,13.647399,16.653269,7.470356,16.586548,19.784801,11.964310,-4.485559,8.449437,10.009907,4.308930,10.519941,9.193092,1.729754,11.965645,9.939301,7.027179,12.565751,12.605297,5.472639,9.406806,8.624241,1.749364,8.499132,12.769119,13.855240,9.560516,7.265207,9.558867,11.273975,0.518689,11.540005,10.768767,5.842370,0.115437,2.850237,4.580101,12.362409,10.391301,8.531515,-3.760793,8.051912,0.334560,0.865254,5.936549,-0.679785,4.136683,0.021210,6.104675,6.365767,15.449976,9.539945,3.276614,18.015701,23.328436,15.030745,28.738037,24.809511,29.193111,44.144711,46.064533,40.489994,27.568344,29.072979,24.441525,15.716066,24.552799,19.987728,16.765278,14.683716,3.111897,0.963725,-3.839867,2.238769,6.711096,7.024378,2.748952,6.348059,-2.650639,6.670443,9.382869,3.992800,10.670095,10.707784,2.736334,12.557592,10.841727,5.032766,0.713738,-1.322342,-0.143485,7.821769,7.151165,7.372630,8.513159,15.175991,12.373009,-5.318258,0.185415,3.435499,10.643616,8.406594,11.598577,7.296339,-15.026774,5.491014,10.145675,10.762378,7.363608,8.314329,13.555046,9.870264,3.267385,6.964076,3.839313,6.178363,5.391514,4.631904,-6.481846,10.246008,11.676062,5.835804,4.261615,12.104816,11.677197,8.099281,-3.417472,5.885700,6.433258,4.117067,7.784876,3.719215,9.024113,14.211550,11.707282,2.680087,13.300858,10.584124,-4.274552,5.206347,10.893632,7.148241,-3.783000,7.107862,9.202510,6.651372,8.344603,-4.751438,9.290875,8.243490,2.011731,7.911041,10.595780,7.508044,5.232657,-4.328769,6.863013,2.818669,10.772388,7.454438,-5.736154,11.148876,13.943086,11.898007,11.264156,0.593779,5.564506,11.195248,14.889135,6.852631,9.322714,0.850516,7.904263,10.311561,12.365114,12.118831,1.762115,14.053288,16.882668,12.310818,14.572896,12.228468,9.987628,21.155622,27.057112,31.279848,28.951836,41.115814,41.219250,36.336445,32.407871,27.795269,25.885876,21.315413,11.477594,13.387958,16.675493,17.320755,14.101972,5.491619,0.442982,-1.505489,3.015635,7.334454,7.281568,3.591973,3.671312,9.119301,3.378835,5.355904,10.920157,1.793478,6.925299,11.324194,6.312499,3.684738,8.038538,11.335773,8.220639,8.218575,11.146976,9.468558,6.521473,9.124804,-2.473134,-9.140987,6.985214,0.436970,7.053866,7.103498,8.509243,-7.451969,8.595338,0.734102,2.457752,2.576984,6.785300,9.263856,1.782129,0.209248,4.356769,3.457374,7.132668,2.875455,4.776135,4.694545,5.483280,11.595419,12.073106,9.055353,10.912223,6.238509,7.370135,12.392707,13.349072,11.982636,8.427321,10.352506,7.914296,0.480602,8.472814,12.647928,11.506685,5.033472,-0.885344,5.703716,8.784733,12.487979,12.657753,8.440989,6.629393,7.363292,7.692656,11.451996,13.836187,-2.326790,11.441957,9.802915,-3.089972,-2.186003,14.327064,15.961380,12.194471,11.653763,12.455178,11.041870,4.368293,4.705875,7.731151,7.839051,6.389434,11.623792,7.082835,11.560918,15.574417,15.053810,7.608078,6.726117,-1.974603,6.778041,-11.656544,10.285310,7.213031,3.453764,7.515876,-4.791678,3.251048,8.472115,15.973146,20.915110,23.633305,8.733453,22.750648,25.272951,30.844126,41.734055
[0;32mI (11880) ANALISIS_ESPECTRO: Frame exportado | t=11.23 s | pico=2000.0 Hz | 54.1 dB[0m
SPECTRUM_FRAME,12.252315,2000.000000,53.601936,hann,512,19.737690,29.057117,40.826698,47.516304,44.167934,30.490759,30.976288,28.704960,22.869099,29.426325,28.150558,8.475756,24.051926,23.949587,10.061007,15.709352,15.655531,9.022127,22.313889,27.401045,21.454943,19.647848,30.424452,28.436146,4.578262,26.046869,25.208462,9.073997,26.898144,27.034931,13.142811,22.541674,25.944607,17.032284,22.897366,28.084486,23.128059,17.703512,24.492407,21.059286,8.026000,22.140099,19.272997,10.610603,21.596989,21.379932,11.685007,13.761930,14.755102,13.956018,13.777791,17.670376,6.110716,13.262447,18.013004,18.182222,8.324411,9.817225,2.369633,8.923258,11.867674,6.735119,-1.452427,8.848799,7.304728,5.583778,2.085690,6.510458,5.403223,12.210608,4.620985,-7.374505,11.962921,21.653248,17.510271,8.947954,11.100036,9.835769,7.408934,13.697348,11.810044,11.142342,9.413004,17.597233,17.236311,17.625368,21.417297,19.376431,7.176447,15.368080,17.045719,4.875068,20.368498,23.313982,17.117683,10.259189,21.643131,18.362164,15.453324,22.680565,19.535938,2.468250,21.543507,20.679693,12.399609,24.901075,24.441164,10.900870,17.993311,21.970797,13.044463,10.580820,13.050317,6.547039,14.295624,21.560307,17.178009,8.505275,21.410677,16.028215,15.912668,3.273708,15.631294,21.493225,40.135857,42.505764,31.676376,50.285244,53.601936,43.580055,19.603395,41.261097,34.734905,21.679790,28.616734,27.788631,17.204098,22.212872,19.795933,8.336676,21.312788,20.561333,10.260020,17.898470,18.289469,11.125394,13.227518,19.693855,15.924407,17.655241,25.416128,20.510006,8.347341,18.290541,16.571472,10.631655,22.053528,21.275906,10.409913,15.701550,18.487558,10.895976,16.695461,20.046265,9.984991,16.397924,20.390539,16.264963,1.566827,13.816790,13.710640,4.465765,16.494896,15.445136,7.478296,12.713504,12.299458,9.847475,9.941667,16.915422,11.854596,11.051521,14.141987,7.573666,4.349106,13.996161,14.850682,7.069247,10.500385,14.116179,1.755442,12.033347,11.085217,3.467005,4.398167,8.971684,4.664388,5.868262,7.327971,6.760880,10.844690,17.787756,13.756652,4.178453,8.256846,13.338336,6.422044,4.269192,9.850296,6.382617,-0.196029,2.275032,6.825755,12.214422,10.460310,7.581052,2.100667,7.422248,9.306229,2.274127,3.788143,10.279196,8.210587,11.958232,11.195696,6.541584,3.461837,11.292195,11.373810,1.881420,4.691452,7.314967,-0.065467,7.725292,9.144970,-1.936073,7.488675,11.188775,5.875684,6.534543,14.337989,14.370509,10.371737,7.463948,10.935976,9.720610,14.961628,16.634363,20.370481,25.452896,25.671669,25.695877,31.230278,31.420078,33.905956,45.145958,45.815727,34.145912,33.078865,26.773483,24.334030,18.704170,25.057966,22.927204,20.811308,22.593000,18.030493,9.110032,5.158200,9.704373,10.596570,4.152285,6.874738,13.494954,14.909647,10.865597,5.223261,7.041726,13.232777,11.451048,7.035204,14.824898,11.959357,4.361211,10.486519,7.159317,5.947694,2.893568,7.580435,5.633667,12.336554,14.677065,12.643148,10.955751,7.044957,9.828643,5.720529,-1.295888,9.216315,10.326365,5.541575,-1.655426,5.633912,4.153240,7.771206,3.621956,8.943237,5.989157,3.138505,-4.819459,1.453478,7.825056,-6.093736,5.541574,10.046964,7.356416,3.509941,-1.727440,8.627611,8.864899,-4.334731,3.522689,3.071524,8.895262,12.228224,8.945826,7.129982,8.858253,6.299682,6.233451,3.806264,-3.255837,2.693293,0.399227,-2.341039,5.729420,12.659235,6.545711,-7.824042,1.039924,2.560879,7.668343,7.577194,-0.354961,3.654148,9.370956,7.485870,-0.823334,10.949077,10.698038,2.173492,4.636047,8.909389,4.505736,-6.015976,-8.609488,-9.123993,2.210083,11.265522,5.557129,5.328803,11.936663,9.603835,0.692625,7.860126,7.973846,3.538619,6.533938,6.412191,10.531553,15.803432,13.583649,-2.063520,14.737427,13.514533,12.905676,19.581501,23.370041,25.780426,19.614286,24.181320,18.342278,30.756634,40.476704,37.656425,36.215820,32.097694,26.558817,26.964813,25.087856,26.242590,24.139061,19.663887,20.147785,16.863415,10.903359,10.591983,9.527510,11.068933,11.740146,6.773049,2.612142,4.625208,10.049570,15.928785,16.829912,14.029537,10.380514,7.361380,-10.656480,-0.549603,5.426361,6.460803,-0.764175,8.337847,10.713890,9.823267,8.389051,5.184831,10.999605,6.482649,1.821101,4.542769,-0.224151,-1.907004,7.856744,11.280246,10.162453,6.467351,3.793130,7.519188,11.563385,12.478977,4.599082,6.122991,0.921318,-3.042276,0.241136,8.144499,14.958406,11.628924,5.606806,4.780558,4.898717,13.426061,15.397434,8.613896,3.193533,5.263166,6.184836,3.327408,8.445797,3.901355,-1.822858,-2.157578,3.583940,11.590107,17.689924,15.172112,0.845582,7.476673,8.608059,1.732820,8.153563,12.050159,7.557769,8.961720,8.880032,-3.594049,9.894962,18.415812,15.885696,-1.416557,9.304568,8.566920,8.089828,9.535963,8.004612,6.441010,2.804877,6.996403,-2.005754,13.362553,17.963444,13.977126,7.017122,8.115425,14.152499,9.533029,2.870929,9.568773,11.213456,14.320626,9.362160,5.260902,0.105693,10.706433,12.375760,7.197218,2.750378,10.174952,12.322960,9.657388,17.292101,16.142712,18.510033,13.040462,18.051865,24.813839,26.517433,30.252497,40.896908
[0;32mI (12900) ANALISIS_ESPECTRO: Frame exportado | t=12.25 s | pico=2000.0 Hz | 53.6 dB[0m
SPECTRUM_FRAME,13.274669,1984.375000,32.313721,hann,512,21.152678,27.031857,19.889744,32.896339,28.543541,14.963377,25.569805,24.699379,8.174495,8.087836,14.148575,2.075074,17.411007,20.329777,12.091476,16.954184,20.013407,13.444231,13.126206,15.325195,9.596684,8.526346,18.008358,14.416059,5.316136,19.453028,18.410818,6.248931,19.165821,19.139593,8.396919,16.253422,18.796547,9.509362,9.943915,15.566320,9.189769,4.219975,12.709704,-2.771578,6.503551,14.602386,7.570302,10.847624,15.407936,12.203665,11.423227,13.983168,11.636892,9.101085,9.964789,8.335127,4.346604,8.896720,12.523853,3.470791,6.333176,14.207970,8.072544,1.818115,10.594678,8.230014,-4.344193,4.378868,4.858298,-12.836476,3.914807,9.154747,-8.140081,0.401622,9.190165,3.735027,2.107710,2.902142,6.794781,6.656523,8.041071,10.447691,10.732460,11.098776,13.777390,12.356957,10.167121,13.441631,11.031954,6.041599,9.918741,5.285922,5.854974,1.230498,-1.784350,9.995292,11.796604,7.095821,9.058753,15.820415,13.655219,7.466269,15.287179,16.034277,4.893262,14.938051,15.571252,4.327071,13.089868,15.185637,8.478521,10.422380,14.850035,11.980953,11.349225,17.660238,15.855451,11.084648,17.076786,16.225273,6.048708,5.978283,7.746642,-4.914601,20.035896,23.762577,12.274530,23.713987,30.654413,21.953180,21.093967,32.313721,27.513094,18.074329,29.420334,28.170473,17.722031,21.249466,23.447880,12.552327,0.309800,13.558575,5.848143,9.935121,17.589718,10.130135,12.016120,16.082117,10.179003,10.178753,13.118526,6.875792,4.126925,16.044094,14.461437,-1.052241,15.455924,16.952799,1.723997,14.255886,16.082745,3.050197,11.053277,15.081454,1.894330,5.807712,13.135257,4.857038,5.775934,13.520712,9.012981,7.604358,14.680914,12.629558,9.496625,14.316978,12.318336,7.209872,11.069538,8.105331,0.270293,4.183563,7.442765,6.072182,8.606311,13.339082,9.671215,6.973129,13.119493,10.140150,-0.335214,5.648558,4.693921,-10.216568,-1.784364,-0.884005,0.688888,4.495201,6.414506,1.477436,2.477787,1.626719,1.108319,-8.699918,-0.698072,-3.659673,-3.909747,3.508005,6.575800,2.422954,2.244692,9.200596,7.487749,3.863270,6.776621,7.028129,4.972919,4.178237,1.250113,-0.597039,0.351487,-7.863708,-1.264427,-4.163188,-3.944338,-3.625010,3.872841,5.380609,-5.862703,-1.474125,6.602636,-2.976307,4.543164,-6.228953,-9.442917,7.111233,8.376930,2.452072,5.570802,10.201770,7.614317,1.567104,8.392147,9.197219,0.324212,6.211392,7.510698,-0.574324,-5.350632,-15.422407,-0.022193,9.383120,14.264194,11.611282,14.092701,21.810076,18.616928,12.109838,23.215305,22.709675,11.612277,19.233961,22.081831,12.655384,11.641965,15.388264,9.945114,4.173900,4.090338,5.132308,0.476312,7.033226,3.774189,1.898471,6.705734,2.076609,-0.080093,6.981546,6.142674,-6.036647,6.717776,9.784966,-12.643148,-0.148123,9.111683,-1.114413,-3.349695,4.648829,-0.122810,-9.821381,2.532220,-3.266348,-14.736061,1.109918,2.083295,-6.978185,5.644681,6.983925,2.332665,8.996803,9.973961,6.447974,10.244381,9.519789,3.642154,7.053764,5.023947,-12.976464,-9.885141,-4.021624,2.714249,5.453706,8.198202,5.422235,2.900681,7.969006,4.922776,-7.561860,-1.627087,-1.440092,-0.414792,1.915279,2.535049,1.661858,4.187959,5.479927,0.107785,-4.058195,1.446797,1.484191,2.210032,-1.149977,-1.759937,4.515407,3.819916,-0.551615,-3.989964,2.753786,2.068741,1.214263,-2.589149,-2.202239,0.451326,1.899559,-7.267704,-6.964086,0.191745,-0.076435,-0.231979,-17.815855,-0.441413,-2.533047,-11.232975,-5.279701,-5.887948,-0.576627,-1.015383,0.860257,4.541859,1.690777,-2.060064,2.412898,0.336208,-21.149750,-7.773480,-19.150478,-9.511488,-0.634778,0.575177,-4.796171,0.880552,4.671844,-3.082971,-0.075728,5.264781,-5.419734,-12.276163,-1.226525,-4.125666,-1.118079,7.692424,7.027840,3.993711,12.749194,11.641998,5.532132,13.763026,12.726667,-0.010939,9.901691,12.053225,-3.555315,-9.945205,6.805346,0.295315,-4.776411,-0.266952,0.202916,-1.422320,-3.520792,-4.082050,1.622430,-1.372614,-4.142220,-10.994267,-0.098758,-8.650992,-3.991275,-12.741701,-10.544825,-7.664554,-13.207745,-13.560904,-14.692007,-9.945555,-1.726374,-3.516094,-6.931212,3.158230,1.306768,-4.744880,3.254483,3.433941,-8.866172,-1.761401,1.404601,-10.777005,-5.717059,-10.912198,-0.341248,2.117913,-3.810596,0.179893,2.819209,-3.221318,-8.547420,-4.951066,-4.659227,-3.432465,-0.088341,-8.706833,-5.329643,2.384568,-2.148192,-5.049538,-2.502341,-2.646489,-1.957603,-5.328861,-10.699893,-4.577704,-2.444961,1.724853,-4.238241,-9.743137,4.521255,1.314755,-0.899528,5.081646,1.593165,0.198332,4.137755,-1.871269,-7.548856,1.799706,0.610224,-14.938745,-2.404603,2.851481,-6.184253,-6.120333,-0.161034,-7.118773,-13.823702,-8.807435,-2.928610,-7.022189,0.813192,2.102254,-2.755609,3.230671,4.071885,-6.317014,-3.032500,2.961526,-3.085975,-2.353546,1.734091,-0.802329,0.210254,1.043664,-1.241018,-5.883484,-1.906795,-5.646594,-1.277905,-15.189773,-4.727071,0.145360,-0.428484,-0.019389,0.393008,-4.380508,-3.976805,0.975922,-2.903035,-0.839498,-6.194500,1.030726,4.311936,6.187725,3.612476,-2.529428,5.489610,6.076546,1.402332
[0;32mI (13930) ANALISIS_ESPECTRO: Frame exportado | t=13.27 s | pico=1984.4 Hz | 32.3 dB[0m
SPECTRUM_FRAME,14.297041,1984.375000,29.274635,hann,512,-10.703196,16.596672,24.104538,31.529436,27.627352,17.775791,25.240021,23.512589,5.213026,12.756095,16.417343,11.736546,18.943146,21.286020,16.696550,17.828068,20.045467,15.778639,12.147165,13.283725,9.776390,9.850751,19.677843,17.180899,14.739585,22.508135,21.290516,16.072744,21.797932,21.476440,14.333641,18.192556,18.353682,9.827048,9.925425,11.194225,-0.124127,-1.901471,11.059655,5.241971,8.868030,13.694822,11.930610,9.254960,12.592459,12.507933,7.668377,10.797211,10.369406,6.196815,7.937323,13.130411,2.496457,-2.157422,12.687384,6.292433,4.453646,3.432153,4.624002,8.074378,11.375765,9.133130,9.550406,13.387230,14.114195,11.098313,9.232767,12.296609,10.619565,0.238801,10.458652,4.109836,-8.867610,14.396430,9.322982,-1.981781,12.719699,12.774921,4.687657,5.532224,9.516229,7.688905,7.332785,9.880251,7.859178,8.021235,12.796272,7.159883,5.102736,9.362677,7.000719,-11.359290,2.475256,11.627470,7.126212,12.355183,17.521957,13.744062,15.280200,20.467869,16.173985,14.564275,20.333042,15.674420,9.465502,15.847207,10.646988,0.426589,6.663023,9.595692,11.508922,16.735821,17.949818,14.470407,17.644140,18.857687,13.552963,12.218296,13.631811,0.140843,13.989326,23.795950,18.627321,18.409531,28.736393,26.281321,19.370489,29.274635,29.037931,19.400444,26.037138,28.021774,18.490131,17.555990,22.228548,14.102182,4.418351,15.037737,10.487532,12.033590,19.250322,16.261290,12.218105,16.459452,15.105205,9.428335,13.169147,12.738577,6.502552,16.608702,18.683647,11.668383,17.263031,20.524691,14.236363,15.275259,18.921938,13.701565,9.273110,13.821124,9.738172,-2.346735,1.835454,-2.061787,6.904922,6.240552,5.677377,6.413346,8.001314,10.400057,0.800859,4.754088,10.519071,5.349969,-1.365880,7.894944,6.706900,0.350282,6.426433,5.894137,2.001249,3.523502,7.945506,-2.049557,-11.733143,4.105776,-8.266977,3.603395,0.595521,-5.525856,4.631909,8.946924,4.305672,1.138731,6.949019,6.482861,-5.571894,2.554009,6.833961,-11.998305,7.250611,11.284960,0.690733,5.607938,11.871781,4.393958,-3.191238,6.066533,2.021321,-4.599127,0.414492,-1.833250,-0.773194,6.788947,5.033254,-1.465410,5.666661,4.855102,-5.951244,-1.597113,-2.540972,-0.465421,-1.773076,5.577012,6.986823,5.911089,10.842572,10.759375,7.749438,11.682947,11.332316,5.784307,8.330858,7.384677,-4.176741,-8.974792,-9.126074,1.235565,5.149510,9.936275,8.924946,8.989090,12.311740,10.430010,7.642502,7.640171,2.507920,1.494739,10.140390,11.812391,-2.299448,15.584404,19.644806,9.315479,15.345285,21.487617,13.918633,10.371778,18.840458,13.905954,-0.947292,9.745427,7.389777,-9.412061,8.048371,6.791172,-7.223413,8.076551,10.610334,-0.210482,4.195327,7.318208,1.917205,7.831957,10.381453,4.572912,6.383525,12.387949,7.470114,-0.076740,9.343044,6.848728,-10.507654,2.461427,1.940830,-4.386470,1.980761,-2.136760,-0.384661,4.257953,0.381136,-0.216615,3.464635,0.724114,-3.902829,-3.290076,-3.310433,-9.224108,-8.857040,-3.824746,0.680115,0.506707,-1.762596,3.263016,2.369836,-4.136456,1.431663,1.695682,-4.728102,-0.818595,1.001227,-3.750976,-4.918460,1.449866,-7.354842,-5.627350,-0.756901,-8.262858,1.511423,-1.759824,-4.611814,-0.051402,-0.448364,-15.186844,-13.958393,-2.131343,-1.551455,-1.924872,2.470080,4.447446,1.562439,3.210403,4.753664,2.068898,-4.788899,-1.012887,1.165170,-1.588114,-9.391383,-1.290208,3.802498,1.924590,-2.871347,3.078137,3.623206,0.094435,-1.211082,1.703472,0.223958,-4.661521,-4.297364,-6.125013,-7.717219,-3.044137,-0.229711,-3.425430,1.928289,4.016897,1.877974,2.505322,4.000748,1.948649,-1.206237,1.268300,-2.754968,-10.152339,-5.444020,-10.200220,-3.135250,-1.685664,-3.759316,-0.389521,1.092766,0.760618,-0.040330,-1.539773,1.616520,1.441875,-2.699196,2.225187,3.104766,-0.034318,2.444888,2.882406,0.114517,-0.881684,0.386682,-0.627047,-2.066164,0.298788,0.443299,0.146655,1.104219,1.160318,0.623585,-2.276337,-2.105357,0.394530,0.850961,-24.786331,-4.718602,2.281161,-3.182078,-8.434430,-4.100474,-2.144293,0.131304,0.416703,-0.700587,1.420350,4.227027,3.861820,0.424459,2.634278,3.981046,-0.474029,-1.943035,-1.399825,-3.171119,-4.371589,-11.813077,-9.117829,-6.145365,-7.118440,-6.928401,-10.281389,-13.068640,-8.953851,-11.203870,-14.073176,-10.850982,-5.260164,-8.101573,-2.956472,-1.427662,-4.369854,-1.722235,-1.341276,-2.080580,-4.172225,-7.662318,-4.813190,-5.315495,-9.067082,-20.740824,-5.395262,-2.149075,-5.615175,-8.570644,-4.189327,-7.860694,-10.864882,-12.924253,-11.906618,-3.757305,-1.975647,-1.835663,1.816560,-0.707057,-1.736068,3.315307,-0.289434,-9.395042,1.302305,4.019395,-4.940035,-2.549794,5.279469,-0.353683,-6.196576,2.478206,-2.283941,-12.224278,-2.937267,-5.310735,-8.073965,-1.456548,-0.002171,-6.428982,-2.586145,0.275366,-11.234165,-6.882010,-1.908640,-7.953902,-1.225265,0.992587,-1.306625,1.255485,2.221044,-1.334514,0.849898,-1.321150,-10.953284,-1.074865,-18.684772,-5.677849,-3.749304,-5.730425,0.178830,-8.205102,-6.523992,0.412059,-26.676739,-14.150867,-3.451488,-7.452053,0.184627,-5.234504,-3.560054,3.112213,1.312341
[0;32mI (14950) ANALISIS_ESPECTRO: Frame exportado | t=14.30 s | pico=1984.4 Hz | 29.3 dB[0m
SPECTRUM_FRAME,15.319396,2000.000000,33.304569,hann,512,11.636496,18.038921,29.393881,36.431507,33.287712,26.122591,30.643167,29.350037,23.361223,22.738728,22.869844,18.013874,19.090523,20.037544,13.899157,20.154053,18.281069,18.735376,22.812210,24.146297,26.783169,27.363667,27.140480,28.506620,28.940563,28.316849,27.632401,26.610241,25.734165,25.842358,22.701199,15.394424,19.757950,19.631598,20.096825,16.120937,16.411167,18.700592,23.521954,-11.322746,10.196699,20.190735,13.880919,-0.123239,11.972752,16.025087,0.093755,17.335476,16.023161,8.601707,18.404091,16.795195,14.972485,15.365746,18.939350,15.295934,9.782538,17.502125,13.646046,1.663344,16.363117,10.830170,14.182197,17.342766,11.150079,15.421408,16.071770,10.173978,12.113620,16.323990,8.645927,10.663896,21.850760,20.092972,14.924339,23.610632,24.952450,20.175762,22.575581,25.520622,23.388803,20.603504,22.671766,22.534029,18.505108,17.067036,18.139116,19.264681,11.538170,11.162786,22.278820,16.659874,-2.879597,19.070969,18.706953,0.106881,14.070951,9.066364,5.980642,20.275673,21.255381,18.761612,22.132633,23.735819,23.112555,23.015026,21.087217,19.978271,20.680645,17.209373,13.595176,1.314935,14.830699,16.543915,15.230209,19.598467,14.324024,14.123836,20.627094,11.322659,16.127417,25.220039,22.732883,17.852980,29.201370,30.837030,21.218872,28.187019,33.304569,25.906897,23.284172,30.966679,26.750906,18.265940,23.925678,21.793072,14.493686,16.014429,16.379215,7.519360,14.933144,15.024771,9.670471,15.634043,10.903768,7.833867,14.983175,16.533199,19.157133,19.123117,18.884106,19.761162,20.136435,20.796831,17.650589,14.669271,17.692680,17.204121,13.245735,4.312065,13.353052,6.138840,17.766760,12.085232,8.819600,16.252914,19.035303,3.189800,11.351710,16.160040,10.239533,-0.884663,3.578244,8.649849,3.932763,8.508588,-3.495292,2.901372,13.427020,8.990858,-4.460025,8.825252,11.136476,-7.221861,6.159987,6.465800,3.021314,9.755761,12.574964,11.875879,10.514214,12.923681,14.884094,10.615597,7.929012,12.152229,7.800972,-0.788033,-5.937672,-4.524391,13.364809,12.976780,12.137898,16.840263,17.846577,15.615010,16.477783,18.031631,15.086544,13.018366,14.448788,9.689837,5.231671,8.425053,-0.547691,6.038046,-1.918613,2.547086,12.204441,7.589965,4.425786,11.017581,13.186406,11.517946,8.326595,11.704713,13.188904,10.395086,12.824841,11.204613,9.635416,13.559902,12.477791,9.361110,9.305185,10.510757,9.991416,8.312337,9.768500,10.481347,11.104441,10.052643,10.826048,13.329201,9.611586,5.631872,10.439072,9.819857,0.615074,11.195808,-1.021538,0.515193,17.696831,17.601587,1.152258,16.617672,20.999372,10.931062,9.767414,16.812899,12.380373,-12.506226,-2.458983,3.593987,3.859827,8.803146,7.070234,5.920541,8.508527,6.491492,6.791631,7.655849,1.614619,1.471147,3.604028,-1.719940,-6.960991,1.476739,-6.117256,0.227847,10.272367,7.874808,1.485537,9.099756,9.291325,-7.154436,5.561707,3.246748,1.346862,-2.740407,2.795689,-0.451961,-4.184189,0.659408,3.752832,1.293108,-4.741097,1.519111,1.019978,-4.494533,-3.123807,-1.553964,-4.506016,-2.091881,2.907625,1.503221,2.276908,4.550817,6.271111,5.126200,2.277879,5.131817,8.344678,5.961343,0.472439,5.236334,8.267831,0.285942,-8.650953,5.518622,4.188586,-1.747180,1.789957,6.636736,2.338750,-2.285394,4.798046,3.173200,-8.290321,-10.394627,-1.985499,-6.257027,-4.125495,-7.824506,-1.729889,-3.459502,-2.347065,1.967020,4.997369,7.268440,6.465940,5.755257,8.713348,8.349174,3.934071,2.821690,4.463238,-0.269323,-11.816132,-4.461654,-6.358006,-7.163913,-3.024162,1.598432,-4.430736,-16.322201,-9.078750,-11.697502,0.285810,3.102685,3.591137,3.266209,4.350323,5.060701,4.674712,1.160518,-3.401400,2.825171,-0.242970,-5.834870,-7.212955,-3.433795,-7.651036,-5.926440,-5.757541,-6.714081,-4.250144,-0.650231,-2.727070,1.393545,5.635653,-1.935303,0.400310,7.524210,3.475930,-6.661912,-4.565341,0.506339,-9.373760,3.612263,2.530645,-7.684283,2.577720,5.467367,-10.005074,-6.149258,1.334433,-8.808197,-14.093989,-5.416491,-13.245773,-7.376606,-6.979249,-9.138718,-10.385149,-6.542717,-5.394129,-8.246697,-1.942084,-19.550116,-14.514702,-3.940783,-11.443025,-11.862782,-9.674053,-5.269347,-8.111637,-17.576914,-10.297255,-3.350502,1.828755,-4.509234,-15.492889,-3.331408,-3.780582,-2.447327,1.501187,-2.322988,-0.130609,6.351938,5.899425,1.484422,5.183508,5.904208,1.840074,3.067324,4.014871,-2.124655,-1.032241,3.302586,-1.130064,0.909993,3.848270,0.220390,1.636545,-0.490649,-9.052050,-5.860000,-5.148949,-2.133658,-6.165576,4.057145,4.964669,-3.095933,3.778110,5.708199,-1.588639,-2.578916,1.783816,-1.172812,2.990754,2.460891,-1.551450,3.263622,2.946934,0.201615,2.438024,0.239292,-4.241933,-3.821567,-1.268791,1.383640,1.758913,2.755089,3.896837,4.275112,5.363233,1.884058,-3.110325,0.745965,-0.222321,-13.517834,-8.454184,-2.755466,-9.057415,-4.210657,-17.239185,-6.499115,-1.509869,-2.395863,-4.132744,-8.852541,-2.914647,-0.473253,-6.825537,-5.070667,-0.769947,-14.279685,-2.445214,3.502385,0.888019,-2.065826,-0.995819,-0.864017,-2.037246,-4.417105,-4.372240,-1.500841,-0.908751,-8.827225,-5.105247,-0.550265
[0;32mI (15980) ANALISIS_ESPECTRO: Frame exportado | t=15.32 s | pico=2000.0 Hz | 33.3 dB[0m
SPECTRUM_FRAME,16.341759,93.750000,50.461922,hann,512,24.522230,26.641701,46.083336,55.867481,51.961777,38.712456,50.461922,49.417908,34.360558,43.967934,45.848518,35.641945,38.290329,43.664394,38.330357,30.180265,38.089272,39.362309,34.762337,40.305618,37.641365,32.162857,42.790890,37.128159,30.104120,37.740528,36.249142,24.806555,24.459961,28.652458,27.922913,26.515835,23.553457,26.316242,28.612694,23.039803,31.763470,29.968517,35.230560,40.602409,42.742783,39.235538,43.548767,45.847775,41.837524,42.703461,42.968563,41.425648,37.720562,34.604710,34.682251,27.860996,28.217640,23.084751,20.451296,26.659281,27.977495,30.208158,34.411594,35.945168,36.789963,35.414631,33.341095,37.186192,35.641998,32.342766,28.493052,29.233427,31.660656,23.366423,23.701538,26.468716,26.690905,28.501114,27.720039,25.948753,25.616470,20.758465,16.393223,21.942871,29.845253,26.208078,24.420429,31.540682,20.765667,29.685881,32.054153,30.004025,29.623661,31.364004,28.387844,28.329916,31.654455,29.615515,27.806063,29.693272,30.433672,25.383553,15.287671,19.290501,20.483606,23.440416,26.034554,22.660200,17.299397,25.434599,23.533792,25.699032,20.016777,15.356714,26.992262,27.463520,22.422342,21.372225,22.319679,22.244986,23.736271,26.150425,21.203407,15.044109,22.411356,21.218824,19.957195,24.467587,22.859837,20.241318,22.909700,23.565498,18.522451,7.965064,-0.489923,14.350849,20.431938,23.865189,15.414301,14.964943,22.304356,18.818529,15.169094,16.211349,-1.274936,21.117914,24.200497,20.126055,17.483570,23.387596,16.990854,7.108937,10.663791,15.804490,19.509661,18.406143,20.581299,20.279545,16.343109,13.364422,13.013994,7.428328,14.110373,13.514559,17.342613,17.605728,13.434315,14.749823,12.683412,-3.864403,10.342111,4.613203,5.151672,8.632586,5.018482,4.440473,3.741754,10.462308,6.696804,3.825717,14.552839,11.800746,11.728152,10.863547,9.724656,8.545879,15.177937,10.173452,8.250952,19.046062,16.067039,12.377111,14.472116,8.537040,3.905231,5.450435,14.039083,10.016966,10.576490,17.013872,14.311968,-1.040027,9.144663,13.343629,11.664459,14.670984,12.577748,6.588404,11.557598,4.847533,8.054170,12.172682,11.899084,12.025120,13.157090,11.007724,5.763126,4.212288,5.326208,7.832974,12.873552,14.712329,10.023657,9.158146,11.039206,3.969210,2.209952,9.318371,10.469677,11.916430,-0.337132,7.807226,9.242587,11.657017,6.350172,-4.250161,8.895060,12.868444,5.376475,4.876017,7.524323,2.862027,3.153602,4.826621,3.963727,4.508405,-15.654591,8.861736,5.279469,6.991936,7.697580,8.915301,-3.107865,6.834912,10.604332,8.225491,8.655246,5.339447,2.375371,-13.914790,0.384143,6.089135,10.316961,13.214389,10.292482,10.471991,12.993435,11.779228,-2.908176,5.869891,5.870626,-4.063497,4.518228,3.159249,5.011482,-0.089345,4.699278,8.664653,5.830826,6.040650,7.482394,-0.910460,0.640939,3.975770,-3.309735,6.265138,-14.523203,-4.616794,4.837858,3.392915,5.932603,-4.097652,1.256280,8.561769,-8.485917,-10.342773,5.744832,-4.792392,-2.865719,5.058885,3.622098,4.118928,6.578637,6.178210,8.956988,11.301481,5.989729,8.059939,10.974289,7.175032,4.723933,1.080280,-3.922990,-0.253406,-4.431618,2.168166,-4.778162,2.534289,3.876366,1.911832,3.080688,-1.644687,4.422509,-4.569559,3.525298,-9.377934,-5.595780,4.924431,1.126019,2.142600,-2.021095,1.413944,-3.925930,0.572892,5.040839,4.140815,-8.790678,-1.241416,5.062489,-6.225547,-3.530985,-4.180021,-3.121132,1.535559,4.539769,3.551360,7.363390,5.975831,-3.069421,5.987910,7.944668,-1.294751,-5.710490,1.059215,-4.033402,2.210951,-2.470396,-1.162892,-2.130000,0.669921,-5.887700,0.980627,2.810862,-1.393357,-6.412581,2.334753,1.235303,-7.433014,1.077648,0.137185,-4.486648,-12.991119,-9.392512,-3.509968,-2.481421,4.236902,-1.312916,-6.952848,5.490070,1.774082,-3.510501,3.097543,1.540338,-2.843401,-9.165635,-2.908576,1.147340,6.740186,1.246916,3.913109,8.498821,0.191292,0.886263,2.173890,-0.081132,6.946474,2.951838,7.756825,10.609705,8.108543,8.224711,8.032924,4.283040,7.756596,7.011790,3.506610,8.886461,10.380769,3.873945,3.272290,8.697139,4.994139,0.651196,-1.068378,-11.411165,6.721554,7.015226,2.429441,6.539169,6.871548,-0.025999,2.075816,3.402426,-3.744483,-0.204484,2.114088,5.596909,-13.638412,-1.815026,10.476789,8.479182,-5.494780,9.062024,10.970881,3.308134,3.624636,5.219163,-9.010731,8.547051,11.259842,7.578969,8.950594,11.404686,9.856221,3.451723,7.765590,9.184536,6.649176,12.464210,11.210108,4.973035,11.465911,11.643045,1.302836,2.721415,8.376194,-0.936386,-0.987493,8.141617,-1.486377,-1.169088,11.453451,6.943213,0.097403,10.456633,10.599290,3.990131,8.657145,9.259913,0.155606,8.009912,7.682858,-32.576668,-5.110112,5.754844,-1.796011,4.602499,1.825170,2.597261,-1.580641,-2.304390,3.279164,-0.746555,-1.149027,0.226177,-1.011627,-0.976969,2.414255,-4.593814,2.910876,9.362494,3.546168,0.277398,7.281255,1.812257,-6.976878,-8.808931,-0.341207,-2.109505,0.799162,3.698698,5.611373,-0.632656,3.914690,10.146857,8.503378,5.748408,9.055667,8.634433,6.003448,4.464627,-3.297709,1.183792,2.563904,2.953788,1.942661
[0;32mI (16990) ANALISIS_ESPECTRO: Frame exportado | t=16.34 s | pico=93.8 Hz | 50.5 dB[0m
SPECTRUM_FRAME,17.364116,93.750000,58.573563,hann,512,39.957787,51.507931,52.825352,62.985069,59.633522,37.733109,58.573563,57.841793,40.861721,50.862675,53.005379,42.197060,42.425896,47.562935,39.584396,39.923420,45.844940,41.266434,37.835102,43.266258,41.058941,37.869343,37.424503,35.822807,35.663208,29.897261,23.803734,31.324863,-8.328485,27.789444,28.922550,29.032993,15.105762,21.329958,26.861832,27.402943,22.572639,18.604843,27.613317,23.792091,20.690069,24.098560,15.777510,15.068275,18.691702,15.865465,24.382240,28.897396,25.213879,22.292955,29.285526,29.386536,17.894213,18.511663,26.673931,21.938475,18.786488,10.279505,18.640327,15.512667,24.857162,20.576639,15.930324,23.089294,23.313063,20.059319,19.882792,13.160697,12.041889,19.942682,22.032368,16.225121,23.316475,27.972328,22.467852,22.028540,27.291111,23.036345,16.608809,17.782614,17.259722,16.326145,20.107738,12.294270,12.603389,22.365179,18.479706,4.464188,16.838057,14.453568,5.561214,8.311271,6.517228,12.452937,11.888289,16.300180,16.389374,6.882144,17.273809,15.439873,3.334262,11.938077,10.687853,7.656861,-2.095942,12.163667,1.239962,11.728133,11.043484,-1.593765,13.643663,8.296823,6.876008,11.465961,4.167771,8.168894,6.215577,0.544698,6.456728,6.059018,11.345759,8.485039,7.543873,12.327574,11.922911,14.417800,14.923014,9.668265,15.164148,16.108467,6.520950,10.656578,9.591618,1.694426,-1.734237,1.072350,2.138855,-0.126272,7.004668,4.541559,7.914393,9.664076,5.437607,12.825717,12.296191,12.631498,14.935743,13.229042,12.342645,13.552952,12.536937,12.046413,6.442195,11.941969,10.188124,0.587493,9.675371,-6.993081,1.069007,0.428812,5.523252,5.335067,-20.343964,5.158031,9.550076,-5.823250,-0.694451,9.105618,-5.924850,-8.031167,6.939502,3.961304,6.691388,7.069160,3.760981,9.894500,13.563673,10.479414,9.283844,13.076256,12.889091,7.487206,5.976628,6.229327,1.130023,7.104981,7.930257,7.437912,10.830093,12.338341,10.844522,7.246607,7.663298,8.681887,-18.967649,2.645306,4.785757,3.115535,11.260424,9.237730,5.187375,8.178826,9.444171,5.584964,-1.308009,1.621107,0.233587,3.275678,0.845569,-4.238518,-2.927049,6.074121,1.209850,-0.856098,6.276095,6.092531,-0.182637,5.846863,8.445280,-1.295421,-4.527566,5.342823,0.179957,5.034023,-2.454193,-6.568172,6.556101,7.583380,3.648947,3.387708,3.191666,3.992951,8.431499,8.140077,3.437549,7.416716,9.260018,6.521883,0.798137,0.162776,2.427958,-16.278328,5.962985,9.207269,4.571963,7.385858,10.263038,7.095683,2.952150,5.173059,0.793597,-10.882716,-6.376276,-1.092706,-5.103117,-6.288455,3.893122,-0.770600,-1.492648,4.981914,5.069475,1.131555,3.868063,8.410219,4.169678,3.410213,7.684244,6.217375,4.991201,6.886189,5.906243,5.459534,8.129720,7.216666,5.461717,6.779006,9.494687,5.445297,2.315769,8.931285,6.903623,-0.440838,4.702327,6.496211,-2.087833,3.574417,1.267666,1.175469,7.856875,0.030992,4.048800,7.952905,5.993645,2.493543,5.176460,5.280056,-1.446586,5.782241,4.434669,1.477721,8.135053,4.526246,4.864095,8.298542,2.512262,-0.830523,1.987101,-2.033224,-8.703357,4.163145,4.694427,-8.344402,8.405695,8.908743,-3.991263,5.483161,7.965804,2.261690,-2.751731,6.097016,6.709630,-3.331833,-1.447580,4.444284,3.993629,0.556023,-1.938910,0.955368,4.618294,6.855564,0.665985,-2.340994,2.645174,-0.463649,-5.065541,-5.005994,-6.584074,-6.147504,1.496523,-0.784048,-7.604354,1.052889,-14.084420,2.083859,4.570256,3.733825,7.465722,6.480717,5.438870,7.903451,5.679505,3.182785,4.674356,4.786939,3.170930,3.832218,4.243058,3.239251,6.255310,2.014770,-12.280637,4.265799,-1.323252,2.277794,1.507382,0.515263,6.341403,7.181807,4.930106,6.208171,7.465725,4.145838,4.337490,2.333385,-4.096644,7.134676,6.605042,8.600183,9.530371,10.648911,14.597192,10.840750,8.477292,15.767418,11.949156,1.122225,12.067393,10.531597,-2.627450,0.304256,2.314930,3.342916,-1.397745,-4.040786,3.045969,5.764032,0.820309,-3.982235,5.596757,6.061666,2.742098,0.261670,5.416503,4.576329,2.958812,0.768021,1.965382,1.099316,-0.375283,-2.024156,-4.825139,-15.856971,-1.526869,3.453998,0.312158,5.330167,6.647882,-1.623200,4.630028,2.205143,-6.120314,3.328189,1.856737,3.528136,7.157515,8.922225,6.343728,6.576409,8.153298,4.210282,2.829428,5.829270,3.947691,2.311659,7.939639,9.346912,0.587255,7.562617,10.425539,2.190434,4.722444,8.460109,4.190953,1.479645,7.052336,3.549315,2.324028,5.781659,6.373537,0.048911,6.858979,10.108501,-2.488343,7.010875,13.055534,9.540633,5.076012,12.858519,12.009394,3.015336,8.771899,10.249060,-16.308092,8.872074,10.295174,2.794003,12.645353,13.987469,7.170579,11.288761,14.617815,8.663986,3.072337,11.618604,7.945205,-2.085406,8.566853,6.149401,-0.821378,7.410147,5.488553,-2.421438,6.133005,6.863923,3.640361,4.833190,8.651511,6.633095,3.411241,6.818553,4.756070,-0.538336,4.432012,4.346415,-3.600870,-2.129121,7.037761,3.440740,-5.302365,4.564874,3.288917,-0.965416,-4.313302,-0.241369,-4.995265,-8.421509,-7.503214,-3.937044,-2.439876,-12.817095,-3.633121,-2.053679
[0;32mI (18010) ANALISIS_ESPECTRO: Frame exportado | t=17.36 s | pico=93.8 Hz | 58.6 dB[0m
SPECTRUM_FRAME,18.386486,531.250000,28.979172,hann,512,10.985203,21.027479,24.112068,33.424316,30.013435,13.382583,28.134041,28.131920,18.109186,18.638363,25.312597,20.424458,21.955498,25.632103,19.859941,22.751741,25.819324,18.177216,19.262337,22.831297,14.942451,12.724948,13.396989,8.285642,13.974437,13.910280,9.060375,20.547525,23.998480,14.612749,23.834602,28.207064,22.146597,23.531645,28.979172,25.980799,19.558641,26.583977,26.487597,18.329762,20.016363,24.567968,21.483944,9.934198,21.940058,21.826841,17.975620,20.792336,19.552189,18.261946,19.171064,14.675228,10.758495,13.005897,8.291746,11.475332,9.261405,-5.561967,15.829305,14.845695,0.904859,15.398829,14.910947,0.271728,15.518555,16.895811,11.739733,10.780577,17.434832,16.307632,6.933844,14.778391,16.115124,15.913734,14.314138,12.783003,17.031630,14.391037,6.376061,15.262058,11.602612,2.634278,12.096534,7.586436,3.202796,10.382443,11.333436,4.263494,8.475937,13.299595,10.560406,1.605353,10.200867,10.151482,5.369305,6.270368,5.110958,9.049420,6.433753,2.967553,9.734950,0.604558,9.781412,11.762763,-3.180543,14.128732,13.643651,-1.289867,14.574775,13.017515,-10.826963,12.007527,10.261648,-0.065733,7.067538,7.173861,4.265992,-3.742952,4.381329,8.356649,6.577529,-5.819544,8.091372,9.031247,-1.580953,2.572147,4.088654,0.585365,1.650267,4.380559,0.130656,8.535765,9.010638,0.313619,12.753602,13.743286,0.794237,10.755029,14.301928,9.218475,-12.727584,5.225608,6.875639,10.167075,10.991597,5.575750,12.529353,16.989677,13.018730,11.285710,18.287495,15.251343,4.344851,16.679750,14.655881,0.285165,9.840907,7.981530,4.790998,-11.038088,6.243958,5.530614,-3.278957,11.363487,11.185727,8.612644,13.726107,12.661074,12.318506,18.120550,16.666447,12.148315,18.486021,18.916618,14.759171,14.505091,16.979862,15.133657,12.171915,9.109450,10.911483,13.592363,7.294075,0.496824,12.715393,12.189476,-1.548593,7.926492,11.472087,5.465369,3.529556,5.713109,4.095715,8.973657,11.004976,5.546824,1.370950,5.936549,7.733562,11.117002,14.568422,8.248156,14.907384,22.260420,20.905998,14.619347,23.779018,24.955250,18.463705,21.861500,24.684834,21.201244,17.696770,20.135393,20.781151,12.863630,10.569389,18.461699,9.405754,17.677771,18.612640,4.586631,18.253191,19.911047,12.594290,12.544004,17.124521,15.451420,13.505146,7.636838,11.472862,13.431280,12.046180,-6.718585,6.369701,12.500937,9.990155,13.734703,16.010931,12.598927,16.382732,18.219595,14.849680,15.988491,16.960794,14.828026,13.717098,12.705864,12.089995,7.720968,6.706471,7.413621,-5.425126,8.387963,6.758243,-7.175207,7.315598,7.527159,5.792309,-3.867664,3.024001,9.245857,6.444613,3.789995,4.113636,8.130323,5.931448,0.816305,5.796463,0.973283,8.313886,8.693872,-4.556114,7.292847,8.425923,5.859408,2.537881,6.130218,9.689518,2.375913,6.540131,10.466303,5.194748,7.505623,7.526353,4.124171,8.591955,5.076175,-3.125517,6.238822,2.992022,-20.994640,-3.380127,-5.816607,0.575997,-3.037767,2.198641,6.232964,3.635031,0.983217,6.292744,3.788812,-6.202885,3.456393,1.606768,-1.819230,3.372653,2.981075,4.453136,6.235044,4.770766,5.816920,6.591117,4.518979,5.268490,2.694402,-1.128142,3.664671,-2.134922,-4.323496,0.683721,-13.262259,-3.996067,-3.576964,1.334973,2.552522,-9.037857,2.129147,6.753577,2.929687,-9.001169,4.467140,3.239062,-3.044677,-0.742090,-5.002829,0.424076,-1.703566,-7.037888,-0.901789,-3.570264,-5.152106,-6.201546,-2.063551,-1.694417,-6.253663,-3.572197,1.903731,-2.331381,-4.322021,-0.420810,-3.598941,-2.541685,-1.038355,-4.257971,-7.014796,3.917079,6.697562,-2.567532,3.062029,7.673200,3.497040,3.720617,4.729719,-3.691604,3.831318,6.222926,5.085564,-18.621471,4.264672,8.498466,3.929978,-0.636197,4.874356,4.476254,2.087973,-3.134482,-7.044524,-6.750549,-2.252040,-0.139530,-3.541333,5.179472,6.255939,1.394414,7.045747,8.850640,5.603806,4.877275,7.282476,5.852620,5.257181,3.955384,-1.489235,2.243336,2.499116,-4.259154,-9.408242,-15.890732,-3.189324,3.395697,6.729620,5.554370,2.137465,10.056488,9.615749,1.589068,7.314744,8.813609,2.558762,-1.858471,1.777712,-2.561684,-10.224443,-6.628953,-5.557299,-2.336082,1.595826,-1.369200,-1.667301,0.496482,-0.028442,2.335392,-6.874226,-1.083664,7.030222,6.815454,-7.536271,4.941968,8.602375,4.050894,-4.371042,1.021041,4.878613,4.612271,3.547790,-2.327156,5.589395,6.926150,0.465920,4.022375,3.177674,-3.261435,3.089260,-3.371999,-3.558947,-1.315193,-11.956564,0.644561,-6.083756,-10.274635,-7.082842,-9.718386,-14.917963,-2.064074,-1.126563,1.067747,6.853137,4.315407,3.758359,9.281608,6.727003,0.815527,7.866649,6.095111,-3.196144,6.042266,5.860344,1.115034,4.699330,7.661797,5.915590,-1.156780,5.587863,6.268776,-6.634359,2.057381,2.329851,-3.667491,5.404985,3.414548,0.261778,5.841122,5.684228,1.658154,0.416018,3.853329,2.922652,-3.974156,-4.791790,2.736390,5.260292,2.352982,-5.915091,4.238635,4.198908,-3.492841,-4.787476,-6.330061,-3.707807,2.988648,3.948438,-4.688856,4.095273,8.229856,4.731149,0.396626,6.775218,5.145444,-5.184115,-0.146193,-0.959804
[0;32mI (19040) ANALISIS_ESPECTRO: Frame exportado | t=18.39 s | pico=531.2 Hz | 29.0 dB[0m
SPECTRUM_FRAME,19.408839,515.625000,32.762920,hann,512,17.052723,22.397827,24.439865,34.459988,33.240936,20.000610,27.971180,30.754551,24.803246,16.967333,21.933018,20.666315,24.115898,23.881433,12.365842,22.116241,25.993826,23.592453,19.288418,18.857864,22.921139,20.089769,17.230257,21.883001,16.670162,23.066643,28.316593,27.178200,18.758623,30.149857,31.996876,25.720791,27.136059,32.762920,30.999296,16.510826,29.810019,31.527931,25.682947,19.545368,27.713472,28.077499,19.702652,15.701286,24.638737,24.814693,20.120399,8.286983,22.229427,20.971657,16.822218,12.090698,11.243490,14.165168,16.677076,13.976417,13.831529,13.988866,18.189344,21.664223,14.982035,10.257128,21.020042,22.579393,16.768677,10.475555,22.834761,23.964176,19.639233,15.841042,24.871531,24.391933,15.022057,21.063765,24.259235,21.620274,5.594451,20.216473,21.346685,14.440938,10.660370,15.970520,16.203005,8.972999,4.052334,10.676799,10.332995,8.505915,8.208111,6.585591,6.707406,11.237384,3.236518,7.345805,6.273544,4.580435,7.250875,6.043208,3.640800,5.720104,9.572527,9.128286,7.621560,4.555569,11.867760,4.955702,-4.702769,8.973930,2.364138,2.163231,-2.604816,6.973938,-3.633482,6.257646,5.672389,3.551088,7.601864,-2.496255,6.768129,6.302102,-13.121241,9.718476,7.170780,-8.208637,10.940386,9.217506,0.296355,7.949175,8.640892,5.724030,4.799913,2.514430,4.597359,9.978494,6.512556,-0.229242,10.382284,12.116091,8.335273,6.886754,12.857969,11.907321,8.698319,9.382811,12.108802,10.903654,3.466948,8.947916,8.578100,6.348927,-0.510315,-2.379084,3.297387,2.700833,0.300147,0.498135,2.095405,4.911931,7.876448,-8.311628,1.375919,6.339960,4.800683,-8.834339,-10.937318,2.626208,3.503695,5.863925,-0.292881,2.223010,8.718362,8.859470,2.115488,6.582562,10.384773,8.361783,4.157795,7.667085,9.660634,7.025592,0.511783,7.352128,7.522825,1.440674,0.576874,4.383243,3.665786,-4.858709,-3.498921,-0.431335,1.460721,-25.196440,-3.110629,0.612651,-6.891532,0.919105,-0.670524,-4.160541,-2.111449,1.596896,-4.695326,-7.596159,-0.615870,-4.175218,-9.288608,-8.505342,-8.484495,-14.828894,-11.713852,-17.208538,-4.394699,-4.314746,-6.611170,-1.484514,-1.876710,-4.561213,-0.937942,-4.396452,-4.153784,-1.174899,-10.847701,-1.846085,-0.918581,-13.222693,-0.255427,0.451568,-6.792454,-2.085994,-0.113349,-2.336609,-5.986057,-6.395209,-2.001821,-8.131457,-8.058531,-4.502909,-9.556617,-2.036763,-0.621464,-7.664071,-1.123227,2.918736,-2.068154,-2.234705,3.218794,1.455269,-1.858160,0.214369,1.414462,0.381754,-2.294622,-5.402631,0.867284,-0.218958,-8.615312,-1.531811,-0.513821,-1.322801,-3.608320,-3.807904,-3.498055,-4.321144,-10.719112,-12.465576,-11.116884,-12.142630,-9.994827,-11.929421,-3.222865,-6.061849,-8.394037,0.379081,-1.157328,-4.319510,0.588511,1.945717,0.736289,-1.286572,2.202754,3.426567,-1.946715,-1.131240,3.829781,-0.429474,-11.523739,1.315746,-0.420648,-8.860323,-6.581492,-3.653011,-7.558422,-7.676918,-13.837954,-7.505709,-3.337464,-7.767716,-6.579085,-2.085562,-3.202911,-12.284893,-1.687124,-1.971070,-6.620085,-2.775071,-2.756510,-1.565123,-1.502455,-5.867769,-1.288497,0.448713,-5.604912,-4.630438,-0.048598,-2.879006,-13.155164,-3.367054,-2.920956,-17.166279,-11.791859,-7.023683,-11.327351,-15.794712,-21.123724,-13.003837,-7.307873,-6.461422,-14.576763,-5.391711,-3.742513,-12.245222,-5.597125,-4.603168,-20.550947,-5.419127,-5.582152,-7.852034,-2.351877,-4.874487,-2.674400,0.523229,-3.009898,-1.665012,1.069170,-2.151500,-2.240883,-1.011104,-4.514131,-4.366204,-5.778369,-15.377581,-11.759426,-16.524145,-11.061206,-11.063661,-7.104941,-4.508155,-4.859445,-1.299168,-1.842919,-4.455280,0.190147,-1.171925,-6.968081,-0.972124,-2.804052,-10.230225,-3.351271,-6.640766,-8.851489,-4.002850,-9.718455,-7.512346,-3.129655,-7.360722,-9.253899,-4.048626,-4.473363,-8.920324,-7.864751,-3.264016,-4.920835,-11.932688,-3.453640,-1.953732,-10.063561,-6.552331,-0.847742,-6.011996,-18.874775,-2.793191,-4.098730,-6.937658,-5.729797,-3.499772,-3.983778,-2.481533,-0.891128,-3.960410,-2.343133,1.042598,-2.771190,-6.692787,0.011577,-2.059731,-12.480978,-1.801848,-2.522401,-14.217020,-1.473608,-0.528711,-4.840023,-4.587552,0.877541,-0.205324,-15.735234,-1.410307,-0.111013,-3.011877,-3.322927,-7.440094,-0.535441,0.947471,-5.829543,-3.103226,1.922426,1.949791,-3.607404,-1.617250,2.675188,0.944859,-18.537848,-0.095533,1.095804,-4.266915,-0.490055,-1.127330,-1.355050,2.248175,1.068901,-3.277401,4.040807,2.665182,-6.024505,4.430719,3.932058,-14.115179,2.899063,5.725952,-0.301688,-1.320580,5.407572,5.545221,-3.157040,1.579482,6.524798,1.447088,-6.315023,4.180238,1.793794,-3.663118,2.046539,-1.315403,-3.731682,2.894610,1.650020,-20.645363,1.875605,4.233577,-4.255602,-0.868227,4.039353,-0.908090,-1.173328,4.669743,-0.136738,-3.355476,5.733325,3.890817,-9.058868,4.101082,5.478824,0.699640,-1.761151,2.732439,2.751773,-1.794703,-7.664184,-1.495900,0.606004,-2.405710,-8.177003,-4.231117,-0.342613,-0.599685,-9.123164,-7.310169,-1.628509,-1.119417,-4.719230,-10.978957,-2.502511,1.374990,-1.907821,-8.670462,1.286736,1.137258,-3.973078,-1.594825,-0.752851,-4.115704,-3.827155,-4.608071
[0;32mI (20070) ANALISIS_ESPECTRO: Frame exportado | t=19.41 s | pico=515.6 Hz | 32.8 dB[0m
SPECTRUM_FRAME,20.431203,890.625000,37.799889,hann,512,21.600399,36.297794,37.262341,42.143753,38.369278,23.119333,34.089134,34.092606,23.481785,26.829376,28.708530,20.205063,24.340363,23.264912,20.644909,19.544868,21.770590,28.477463,28.872717,32.601814,28.689606,31.034569,32.478539,29.038403,30.408838,28.576061,31.855339,30.017139,24.659624,32.876087,32.683758,19.055037,29.387646,34.327389,32.494961,21.914700,31.738628,34.070965,27.814125,29.695024,26.696983,29.677076,29.528482,17.083439,27.704575,25.778137,24.969942,27.802427,15.920780,27.270538,30.535187,26.354691,16.425373,28.132671,35.423683,33.548977,33.493958,37.799889,37.252533,34.634899,34.821960,34.175755,29.478085,31.667500,28.814240,22.658255,29.347797,28.364609,15.188861,28.408447,25.341816,22.887280,27.548712,18.891344,20.816624,19.798491,24.443247,26.016264,21.605202,18.836710,28.904884,27.379871,20.866510,26.776030,28.775539,16.047880,30.109371,31.187975,11.654181,28.484306,30.121964,26.082455,20.717960,25.349792,24.257469,23.891293,28.215343,19.088528,32.252178,31.993074,23.745737,31.709396,27.407547,20.925114,19.606123,25.502411,30.427397,26.738605,24.866974,28.598196,24.472652,21.557705,27.155270,27.766815,18.995420,24.487761,20.164391,6.958117,15.552841,9.696644,13.404654,20.996193,19.965918,9.593254,22.134987,20.161764,11.808034,21.139690,17.614429,17.783524,22.145775,13.112527,20.191830,23.233150,7.220065,23.614511,22.678288,10.096455,19.978983,21.879009,19.798864,9.560643,21.202961,24.162920,18.887510,22.647116,22.677162,12.211280,12.572230,4.062806,12.627317,7.457287,10.522764,6.879432,12.572880,21.812391,23.449659,23.524136,21.283972,22.619881,19.161684,20.169298,21.485434,23.115314,25.788050,25.728666,22.150871,19.304842,23.014568,21.907299,16.476162,15.741652,17.608917,10.070196,15.782156,12.759481,17.396349,16.098087,9.772758,16.301750,18.812214,12.642077,6.313918,10.734424,5.314123,13.713884,10.281189,16.511837,14.990658,-3.354169,7.834896,2.402498,16.722187,11.485404,4.811635,7.265858,15.338492,19.432280,15.110435,18.319365,16.094004,9.655525,8.004470,12.157388,15.068889,11.248021,14.589000,13.401535,14.290294,14.077720,15.982750,16.257977,18.293659,14.108358,1.565775,12.069579,11.503567,12.320901,12.591827,6.315866,11.241610,16.792130,12.394712,9.972351,15.275908,14.677309,6.559568,7.803231,10.540998,14.256901,7.960443,6.500726,13.704813,12.174691,5.399767,9.366244,4.564331,6.982212,6.722197,6.971680,5.648335,7.858567,6.427958,-6.066975,-4.964124,2.479289,5.615264,10.230829,6.951625,10.779434,15.309793,15.539700,6.935474,9.908419,14.383327,13.062364,2.083130,11.208584,14.083193,4.736548,11.811582,10.209286,15.000212,13.655960,11.006908,15.773026,13.336524,5.162110,12.308186,16.646194,10.628042,7.958883,10.937938,1.639158,5.921770,4.174438,10.354891,8.076678,11.710318,14.614603,10.405483,7.759877,11.866841,11.283096,8.954492,8.891839,13.335609,8.843645,1.122945,4.021987,-3.495707,8.474378,12.271076,7.888892,4.107147,9.954554,-0.457124,2.251989,0.358636,-5.007291,8.869940,6.498776,7.776151,13.777439,7.776628,4.017765,6.051018,2.399342,1.434734,4.735328,10.249352,3.591602,6.478410,10.487234,6.287526,-5.018694,3.851036,10.048171,10.601341,5.349932,11.031632,11.654664,9.892446,7.299314,9.083349,4.340530,5.483697,10.914614,7.903945,-3.312943,-0.290222,3.853414,3.515994,-4.047981,5.812404,3.163235,7.087147,-0.404739,7.229820,9.319297,4.569571,-5.014215,1.604271,8.512909,2.956439,5.049468,8.456202,1.090765,2.452942,2.240853,-5.156291,-9.094133,7.265757,7.520957,4.446933,12.413128,7.944079,8.578842,8.757779,4.038979,-0.499271,3.821552,11.438551,4.668386,8.834387,10.072141,3.676618,3.843072,0.460101,5.832619,6.637545,-0.587940,1.318422,6.155734,0.193793,7.518305,4.926032,1.787316,7.174253,5.005598,-6.159925,2.766321,-0.005318,-1.996580,0.886380,5.817117,0.821979,2.996354,1.026355,-3.837797,0.740650,-8.122121,1.145580,-1.014655,-3.062837,-1.312366,2.143876,-0.570877,-6.740114,-4.542886,4.062701,6.454253,3.758715,5.540367,5.230437,4.558370,5.058286,0.256476,4.970847,-0.449896,-6.612873,1.195597,-0.839915,5.060271,-2.476669,4.999427,7.899548,3.134050,0.852118,8.625564,6.306965,-3.011952,4.640465,4.430998,-7.440455,4.054617,3.935572,0.542259,-0.406863,-5.763231,-1.299113,-0.507186,7.069912,-4.732687,5.645607,4.857700,-22.588833,1.195803,5.700245,4.249152,1.261724,6.538447,-3.108401,3.516310,6.909938,7.328058,2.241971,3.358383,10.534820,5.461053,9.404796,11.771430,-3.505731,6.250801,8.466216,6.388803,-8.013942,10.781317,13.005656,6.504115,7.494984,10.780985,7.547596,9.698827,8.996815,5.715384,6.155241,10.287283,5.800521,1.724591,6.201849,-1.397832,-3.722817,-16.635582,4.433039,6.694985,4.857038,7.250912,7.763956,4.994209,2.021797,2.599781,9.191576,7.619126,1.976810,8.825801,10.927447,3.759116,-0.060162,1.203120,-1.580615,-0.990827,-4.497736,3.660228,3.986640,-5.312294,2.561990,3.551772,-0.135673,3.441318,-1.610173,5.732912,5.486397,-3.258693,-1.200094,8.485540,9.293913,-11.598435,6.644589,7.265258,2.059230,-2.257665
[0;32mI (21080) ANALISIS_ESPECTRO: Frame exportado | t=20.43 s | pico=890.6 Hz | 37.8 dB[0m
SPECTRUM_FRAME,21.453568,500.000000,42.274086,hann,512,4.199167,20.660950,36.729965,44.441559,40.314976,27.863836,37.477116,34.793705,17.652662,35.073555,34.962585,22.588205,33.197033,34.119598,30.460629,28.305210,34.198215,33.529633,28.504103,12.392215,25.619778,20.831125,30.494366,28.190178,25.060501,27.566950,31.109234,35.986965,31.935045,37.669827,39.588654,36.899879,42.274086,39.975807,25.390738,37.266846,34.718910,27.142273,35.041489,29.394056,27.997166,34.602730,32.783630,23.440983,26.983816,28.743149,29.092575,25.518486,20.913761,19.357374,26.104412,25.956566,24.440298,16.778019,25.879023,28.652620,20.749910,19.710321,20.062094,31.856089,33.059914,26.784658,35.198109,35.583092,28.676559,17.973202,20.800802,17.642122,25.966158,9.598183,26.725449,27.502708,16.170362,30.523109,31.463320,31.084118,29.235697,25.630083,30.094696,28.374477,23.902145,27.272064,7.305478,28.784386,26.493826,13.153807,23.376045,27.619001,17.218039,25.319286,17.854259,26.952131,33.241596,31.237671,23.900230,28.719961,31.997639,29.783258,25.934170,28.404245,29.509796,29.343666,24.466513,6.246979,17.000719,24.560366,28.801023,28.391254,33.125111,32.569019,22.511206,19.592491,17.779408,19.297617,13.817209,22.460821,18.478870,19.973513,20.563633,25.743355,28.759459,25.633881,26.658895,31.807318,31.265766,28.147835,30.265587,31.034340,29.717712,27.491091,35.171638,35.006889,33.400494,36.309364,34.794872,26.834293,33.111103,34.947666,30.040579,31.605873,34.383057,34.016632,25.536270,23.980978,22.100090,13.866777,28.522108,29.653662,23.940247,23.427441,27.100065,25.799751,24.665466,29.753344,24.323137,25.966043,26.072826,22.213036,25.193501,28.914518,23.544962,22.593554,29.804670,30.311413,29.285250,31.471172,32.632172,26.845127,27.848722,32.806583,28.847895,22.496571,25.620094,25.389643,20.648825,21.068762,17.402882,22.604006,25.209251,21.423248,25.838566,20.360485,16.686220,14.065722,25.133125,26.812840,22.669216,23.837585,23.925154,25.103851,23.883694,24.423325,18.094692,22.527710,20.866690,21.366020,21.351183,17.244926,25.231333,18.662670,23.520309,28.426517,26.973200,16.994829,19.892090,22.364697,23.525223,14.307053,5.886202,20.762022,20.485172,16.919973,24.127542,23.881416,20.633753,22.032024,13.915833,15.984104,15.164004,18.496124,23.996998,22.881840,16.556892,20.847458,22.175217,20.393181,21.499714,25.706757,23.123894,23.977722,26.590832,26.691265,26.025143,26.628056,26.731577,26.129084,20.733576,15.299301,21.643211,23.974611,21.624136,16.394896,23.535130,11.022644,21.914059,23.201847,21.400030,8.629968,8.996336,13.240257,19.795877,21.287832,22.598417,26.358322,24.204456,18.717190,19.922506,7.017536,17.124960,15.097161,13.404661,9.519722,20.991463,22.324636,17.319836,20.062294,23.146935,20.150730,23.291456,24.962532,20.899260,12.526354,18.021675,11.957848,16.761257,19.144846,2.348149,12.160573,15.389470,14.380645,3.053517,18.284039,23.737268,22.213734,10.514378,25.668108,25.858200,19.341743,24.508675,23.811293,17.695436,18.904951,21.855347,21.713737,22.007915,19.464676,17.851768,23.604610,22.062408,17.052608,16.235514,13.576336,5.086723,18.866842,23.707626,22.384354,18.475735,19.933746,22.027683,25.034176,23.911226,14.745687,21.070957,22.181513,13.030138,17.472828,17.876797,21.143803,22.885046,23.759449,20.980583,19.651081,18.615429,18.344082,19.492712,17.958614,20.956411,19.891005,2.279257,19.041843,20.187794,15.833744,15.331115,16.119001,17.668423,19.674370,15.629623,18.203447,17.492250,14.242369,21.706879,21.088215,21.107944,18.065310,3.824159,7.899400,14.856762,15.729116,11.939192,15.879128,12.459883,21.330193,21.607019,11.099657,11.109081,8.872250,12.122934,13.153342,16.382252,21.852770,17.619570,4.052847,18.249771,14.377935,15.318049,18.421177,11.973455,15.992825,22.567764,17.820324,0.275128,13.322834,14.479223,19.888842,17.870775,17.500532,13.818336,11.776302,18.409950,16.536758,9.100622,9.500156,14.144026,19.478424,20.121489,12.000151,9.145706,11.714169,16.241280,11.834805,10.845146,12.592815,15.884249,17.426003,13.295728,-9.111888,8.648950,4.050565,18.013325,8.595506,16.854269,13.499220,15.677451,12.087448,7.361750,13.975835,14.394923,17.332222,17.099106,11.789085,10.290947,15.999602,7.292444,13.558694,15.286580,16.610268,13.170454,16.370098,8.378479,5.014012,13.691634,18.016741,13.478268,11.492810,20.399675,19.014925,11.925394,6.328208,5.729852,12.825132,13.844189,-9.927073,7.509302,0.666863,6.219382,6.557255,0.858176,5.067117,12.272081,15.260129,16.215008,15.647746,6.730605,17.414316,13.956049,10.846372,16.889997,17.008091,20.223240,16.130156,15.703038,17.953703,13.456562,4.467556,11.397039,15.344304,14.694719,6.533603,-0.002521,10.864908,18.059345,19.305065,16.691902,2.544878,11.765213,15.693058,15.562326,9.396811,4.538028,14.605130,19.385336,15.664209,1.378607,14.382568,-15.971170,17.287714,16.306427,7.015946,11.655048,14.088124,15.163544,17.082802,17.599380,14.254896,9.714745,4.037394,-0.969519,5.475440,12.994933,13.728884,13.986577,11.752970,15.659579,15.149216,11.764469,13.877548,14.150572,15.223007,14.678610,8.563298,9.242020,15.272476,14.904085,5.709954,7.016904,9.096132,15.858883,9.139215,13.034498,14.459297,9.317703,12.600731
[0;32mI (22120) ANALISIS_ESPECTRO: Frame exportado | t=21.45 s | pico=500.0 Hz | 42.3 dB[0m
SPECTRUM_FRAME,22.475934,93.750000,31.079803,hann,512,19.689878,19.736305,26.920303,34.733665,31.376865,20.916138,31.079803,29.768734,15.128569,25.172976,25.121544,17.399282,20.079782,21.864119,17.144131,20.433392,22.971991,16.847380,20.957294,22.550962,17.973768,19.462133,24.571295,21.158220,17.868345,27.129829,26.103695,19.674570,28.026878,29.034622,21.618614,27.637531,29.649755,23.692120,25.439144,28.365278,24.967098,19.648767,24.927309,24.696104,15.446802,17.666901,22.664433,21.106606,18.258970,18.713604,21.832855,22.715685,16.377127,18.529818,22.432743,18.893965,6.933409,18.153727,18.763390,13.449736,12.173134,14.451051,18.282642,16.017435,13.299778,18.618904,18.146063,15.950644,19.218901,18.002836,14.410080,20.824570,17.847750,10.050245,21.290836,18.340450,11.941843,20.188614,18.019684,14.488320,17.841125,14.785749,14.461001,14.936153,9.588311,8.730455,11.953466,12.385434,11.967939,5.389219,14.177693,18.593311,9.804671,14.220110,20.551922,16.617281,13.882585,19.962677,18.685743,14.099183,17.433994,17.364262,12.904804,13.070679,12.223034,6.477153,5.046772,1.138192,5.959784,7.996795,6.430757,8.964576,14.245244,13.490240,-1.869361,15.904845,17.703964,10.216465,15.039020,19.925283,15.749625,13.010113,20.344898,16.812088,9.378338,18.792677,15.327719,-0.006199,14.332180,11.299383,-5.957119,2.298268,-0.145051,-5.154196,3.319315,4.503835,0.410621,8.906812,10.643296,5.121912,10.232400,11.714027,7.017240,8.323181,10.511736,6.495367,-0.002567,7.471966,5.368342,-0.239178,8.857790,7.810978,4.733538,12.956323,11.368918,-2.009422,13.960903,12.549271,-0.216024,10.833576,11.186744,4.878692,7.380931,9.620272,2.033276,11.477964,13.084768,3.274208,11.825602,15.376439,7.468238,9.483192,14.639879,7.815904,7.103927,11.333427,7.583794,8.433476,5.514100,9.937483,10.687866,-5.091102,10.881356,10.804420,-5.706764,8.738785,8.578492,-1.215097,3.512430,3.834546,1.842966,3.537797,-3.582386,4.291641,6.293733,-5.992665,4.308547,5.664234,-7.042405,0.349594,-4.715298,-1.851487,-9.425536,4.509866,6.697648,-4.339383,11.426413,11.488905,-3.445788,12.267123,13.483524,6.141855,7.367599,12.846151,10.782987,-3.050561,9.621020,12.427332,7.885732,6.523171,11.982986,9.638540,6.211761,10.510122,7.462397,4.468353,9.035054,3.714366,2.282794,8.539162,1.681738,7.660208,10.432880,1.145504,9.936861,12.748951,3.446962,8.506994,12.513376,5.792159,4.853308,8.871965,4.591010,2.651673,4.420523,-3.279763,5.321307,4.789942,-16.317408,5.851513,7.899704,-1.282046,5.344940,9.061531,5.284355,4.584587,7.565677,7.421921,4.125727,0.511216,5.751455,4.585069,-3.771095,-1.267921,3.013215,5.218997,2.698821,-3.498276,6.389588,5.196902,-0.757456,4.468856,0.419696,1.217739,3.239298,-5.561089,2.201782,3.412942,6.160639,6.252460,1.071983,8.289228,7.350116,-3.347162,6.623525,3.555789,-6.119384,2.637533,-6.589091,-2.343947,-0.607996,0.795419,1.234402,0.859568,2.773745,-1.116779,1.270300,2.764103,-17.797930,1.018300,1.711480,-5.886465,2.468632,-0.134444,-2.076056,1.951094,-0.834182,-1.615810,-2.522917,1.170054,-0.201338,-9.450292,4.019647,3.133385,-1.782475,5.989475,4.952013,-0.061723,6.559733,5.499060,-2.489547,4.189307,5.304586,-1.646125,-4.370227,3.461370,0.460277,-2.859215,1.841939,0.804110,-0.623940,3.069596,1.401173,-1.399753,1.045774,1.718609,-0.150512,-2.578140,-2.320420,0.548824,0.081441,-5.128206,-3.403532,1.253200,0.229785,-4.505116,-1.451126,2.261907,-0.302012,-4.178909,1.705956,1.296512,-6.194804,0.880147,1.676539,-10.857485,-0.545272,1.865663,-5.684428,-7.184445,-0.743523,-5.429939,-14.261216,-19.681519,-9.620569,-9.971503,-4.997941,1.135272,-2.129570,-4.352219,4.828815,3.906443,-23.553425,4.574817,5.499665,-3.792180,1.491811,3.627392,-0.272251,-1.210258,-1.361668,3.395602,0.710214,-4.158862,6.377350,2.800667,-0.961789,6.800731,2.795506,-2.261339,4.647983,0.073956,-8.428947,-1.404497,-1.251444,-7.668602,-4.810288,2.214134,-1.934361,-0.206286,3.797415,-2.051496,0.982301,2.040085,-9.230613,-1.501485,-2.773221,-2.942729,-2.197156,-12.243791,3.178236,0.929435,-1.066495,3.871911,0.745457,3.086438,2.239017,-3.041244,4.391866,-0.836488,-1.406289,4.567563,-3.224089,0.322455,3.673211,0.222401,-2.300596,0.307109,1.739646,-2.817868,-12.494927,-1.272110,1.474108,-3.050216,-3.329082,3.847661,2.938933,0.541158,5.231109,4.534461,1.018572,4.491523,4.170164,-3.922502,0.386996,1.168325,-3.931314,-6.162031,-7.026635,2.138016,0.958432,-1.282889,4.017806,3.328325,4.076802,2.494776,1.431120,5.159174,0.860337,-6.110775,3.892709,5.430106,-0.577795,2.380068,8.656013,4.404413,2.272082,9.105566,4.913971,2.039879,7.107916,1.244736,1.056047,2.469689,-8.338144,-0.166028,-4.833041,-5.546714,-1.326592,-8.283372,-5.433697,-2.049569,-5.387435,-19.697353,-2.914849,-1.822677,-8.315203,-2.001328,0.000962,-5.387625,0.617150,0.769744,-10.129110,1.167695,1.433573,-14.675069,-1.142065,-0.045435,-4.574654,-7.490832,-4.686002,-2.279014,-9.107082,-2.100599,0.686997,-6.368558,1.536802,3.978354,-2.315773,0.422541,4.933450,2.675574,-4.184288,2.388933,4.096041,1.377647
[0;32mI (23130) ANALISIS_ESPECTRO: Frame exportado | t=22.48 s | pico=93.8 Hz | 31.1 dB[0m
SPECTRUM_FRAME,23.498289,656.250000,45.985764,hann,512,21.156021,38.867630,40.039196,45.240265,42.905266,29.869408,34.549431,35.539272,27.702749,22.937269,25.102289,18.924328,23.866854,24.320910,20.016024,25.804022,21.035202,27.337593,34.137600,30.596972,26.579746,37.462830,37.733860,30.693720,26.936829,32.230625,28.964573,20.341970,13.401309,18.955862,22.424080,26.769077,25.141953,4.626173,28.195614,33.603634,32.366100,29.528191,38.987919,40.855583,36.436481,42.552521,45.985764,41.490730,30.709227,39.612648,38.940273,32.851067,20.920515,32.643135,32.347782,27.685499,26.196974,27.474632,27.513361,24.004900,21.134882,29.357470,19.694101,32.093857,35.783524,31.703022,34.848400,38.686810,36.684460,32.549530,29.619717,29.308365,26.830784,24.941578,20.260813,12.578581,21.272726,27.666073,27.579996,17.503437,23.910648,29.763229,25.849831,24.301071,29.419558,22.583323,31.320023,38.258595,37.128799,27.181599,23.986656,27.821064,23.026711,23.562920,15.955316,16.377804,23.117159,21.490820,17.771904,18.243240,19.830280,17.768408,22.206280,26.059841,19.972128,31.553509,31.175756,27.764971,37.865864,37.219803,31.881340,29.870550,27.580173,20.945398,20.082932,18.876783,17.683502,19.863192,7.470107,21.750084,21.480427,12.725784,20.211847,19.865967,16.761667,22.053793,18.355764,18.406197,29.217979,31.356333,28.913252,23.153353,14.341464,10.091500,16.852152,18.585995,14.685146,5.632093,7.572022,6.958742,6.214296,12.203087,12.248355,16.266439,23.270979,20.589882,13.730350,24.942167,23.659136,29.832346,35.791290,34.297470,27.199341,18.746908,18.085470,17.325615,18.664013,14.421366,12.725772,13.431404,8.904534,10.992081,16.079409,10.551670,7.939863,15.229970,6.342480,11.113070,12.334965,15.704323,13.809566,18.431070,22.351696,19.980480,17.127035,10.376009,4.690645,6.536325,10.854058,12.001172,7.615599,1.350490,13.129412,10.179876,4.496859,10.618231,13.318414,10.223406,17.968895,18.081312,22.704224,31.905937,34.124249,31.344728,23.597008,12.371689,15.114933,12.294184,-5.906912,5.820231,6.883018,6.726830,12.653317,9.659422,6.818238,6.388824,15.683521,13.758402,9.781676,15.029415,16.413733,17.232378,20.163794,23.999569,24.418032,19.513020,7.598313,2.299257,4.507492,2.434887,9.684983,6.649776,4.518654,9.944373,5.856300,9.483910,11.683893,14.436478,13.365519,7.450105,-0.189199,4.653858,20.205658,28.074991,28.504850,22.807304,7.101663,11.674196,13.454664,8.858080,6.283090,13.967516,14.221819,2.891137,2.891482,8.344549,-1.216426,9.275930,7.891604,2.557016,7.252431,0.522421,14.786934,10.520854,25.026777,26.271420,19.701349,15.546871,11.082854,9.575207,13.242526,12.238302,9.255718,2.424691,4.632192,-7.992669,5.644484,7.377086,10.325773,12.037082,2.794145,1.878655,-3.636422,12.924851,21.469763,24.868893,24.250727,20.962154,14.030455,-9.682530,9.695162,13.237007,9.150507,3.018581,-8.331848,5.499637,11.657324,12.558795,10.544552,9.164823,14.678111,11.425098,5.602301,7.290509,8.855155,19.078945,25.845852,24.317019,17.797012,14.056799,9.027983,7.541054,7.035578,10.769348,10.168169,8.454540,4.229987,-4.377971,4.584033,9.032508,7.544286,4.333264,3.150045,4.781347,10.227328,12.624083,9.456050,15.167305,17.523115,15.901503,11.265450,4.805098,-3.092155,-6.471911,2.584583,12.019327,12.979322,11.007441,8.457160,5.288817,-17.601891,10.366432,10.923328,2.448694,9.264807,-0.770265,9.829489,21.603386,23.890774,20.418873,15.377390,9.419218,13.661453,11.402226,5.657613,-1.223535,1.799383,7.955334,8.877928,6.080267,-2.779404,4.297952,3.696597,5.708237,3.449915,0.315536,6.000566,9.163058,4.257585,16.388109,17.163511,14.743605,12.395811,7.877482,10.173096,8.858196,5.743481,2.743191,0.210212,11.111101,13.025433,11.465192,11.737879,12.021196,12.751256,12.206394,8.917848,-13.689032,1.799686,14.672447,19.525888,15.581541,-2.959552,9.685536,10.648999,2.232981,1.777743,9.082892,9.680806,8.449167,8.318490,1.974512,7.349673,1.184652,3.689456,8.525249,8.822851,8.858200,4.923738,10.480825,-27.299786,15.036228,13.887954,9.015587,11.926102,2.542086,8.461211,3.160642,5.748810,-1.208753,-5.192485,-3.987679,-10.364565,3.313365,5.103898,6.918907,5.925190,-7.389893,11.337088,12.068775,6.698415,14.200089,19.976017,16.749151,3.227314,10.810392,6.318136,3.107996,11.152634,4.544730,5.173376,9.462984,8.958769,9.362055,10.377589,3.691248,11.756041,13.678669,10.775074,8.278492,7.016835,4.386403,-0.067962,9.918143,10.135296,9.110299,12.517786,7.727781,4.226537,-0.640825,-10.472681,4.949962,7.524913,-9.226795,7.667160,12.315500,6.113312,6.862307,8.463622,2.601750,-2.530103,3.120548,-4.335730,10.306965,13.765317,12.016441,6.378669,-1.453315,2.278897,-6.415703,-0.363685,8.679325,9.754533,0.662773,4.362157,5.671087,6.038349,5.652017,-3.515255,7.352385,6.152878,-2.490407,-12.839470,7.185541,10.430287,9.517588,11.801410,7.599686,10.749319,7.528679,1.069675,-0.620772,-5.623138,4.936025,2.295394,-1.012888,8.245562,9.740948,8.637430,7.230318,6.712036,8.443933,3.988185,-1.646119,9.014805,15.051370,14.762631,13.840095,11.971612,6.084589,11.912086,12.762560,7.405253,-0.315314,-10.333815,1.007867
[0;32mI (24150) ANALISIS_ESPECTRO: Frame exportado | t=23.50 s | pico=656.2 Hz | 46.0 dB[0m
SPECTRUM_FRAME,24.520650,406.250000,37.889648,hann,512,8.499363,24.610167,35.596352,41.814972,37.365852,29.004391,35.819530,32.344925,17.951759,31.244560,32.111416,17.067135,31.142773,32.670975,14.617441,28.688667,25.880424,20.897800,25.639658,23.277512,32.672485,28.941093,32.402958,37.405888,34.338680,35.010151,37.889648,35.693439,35.379066,34.938118,31.078930,34.348686,35.317177,30.495050,31.298981,37.275665,35.849514,27.908716,35.735565,33.993130,25.077503,30.975159,22.101562,22.377716,23.853172,23.593121,29.368975,19.392307,26.221724,30.763412,23.194178,25.524054,29.001408,24.151417,22.170547,23.755604,19.803299,14.190065,21.386276,26.446468,26.245632,28.679867,29.304188,29.530323,29.093037,24.113392,26.510647,26.180080,17.262608,19.647524,19.890045,25.721169,25.791655,18.666880,22.848871,22.019592,21.891935,13.558424,17.066757,20.232162,12.623439,19.606121,21.897631,19.624527,17.555042,17.639660,22.797588,26.694021,20.185545,22.269714,27.807665,22.720587,20.394283,23.591669,15.912867,19.302523,17.617977,10.425329,19.420044,22.311481,18.781597,10.043886,21.927685,23.241358,15.436413,14.377107,21.374514,17.516821,-3.996064,9.902333,9.756499,15.309981,-4.476553,18.565823,22.397001,14.298849,17.370163,22.809240,20.963087,0.097330,15.874972,19.729738,15.131129,13.328828,10.448108,15.417481,15.979581,7.454854,5.993989,14.996115,15.625815,10.775337,12.772437,15.792044,15.735567,6.932263,7.813055,11.328749,4.031852,13.858664,9.162383,12.476920,11.416120,9.698940,16.631300,16.700361,9.800381,14.875265,17.446968,13.956779,12.529154,10.555758,9.185630,11.188631,14.558233,14.644262,-2.089880,16.740955,19.059153,10.472740,15.554515,18.226696,8.085722,12.753692,14.263273,-7.957852,8.754776,9.367280,-4.245061,-3.163671,3.695743,8.961285,10.916592,8.633974,6.428074,15.515076,16.470245,7.825592,13.271784,17.717112,15.035727,8.936013,14.900713,12.932530,7.898417,8.289256,3.243189,-6.386685,0.423677,11.605826,11.600407,1.048562,11.679114,14.393760,2.381024,9.896442,13.969833,-3.145555,11.056851,13.425207,-1.298264,10.864301,11.765307,3.851636,5.486102,9.319826,6.836834,6.233756,9.881399,7.142737,10.514605,11.775313,3.787407,8.811282,9.567336,3.185842,3.906569,0.356592,5.754341,4.956867,2.235206,2.328319,4.975602,1.914221,-5.353060,-1.535487,-3.955014,0.429222,-6.824412,6.115938,4.854941,2.406795,7.506541,-0.041603,6.320858,8.199302,4.267468,9.427625,7.126935,7.948074,7.537205,-4.965117,1.722923,2.131265,6.253984,1.270331,9.321298,11.079235,8.102550,10.946795,10.060891,4.890427,7.678454,5.756650,-7.476225,-1.681245,-3.353436,-0.426225,4.193678,-1.417508,0.283264,3.309352,1.673819,0.999041,-4.121472,1.005652,-1.362393,-13.070114,-6.163032,0.614224,1.731020,-0.896207,6.325332,6.451025,5.266294,6.303774,5.230741,3.822514,0.340461,-1.862571,-18.888165,-2.829036,-12.677439,0.948893,5.279720,-2.116259,-2.186268,2.649140,-3.689089,-11.074034,-7.878153,-5.764520,-11.203812,-1.359435,2.799663,-5.653522,-1.337698,3.126929,-1.133858,-15.573635,-1.996468,0.348391,-0.523312,-4.395946,-0.050183,3.254308,-4.123677,-0.074609,1.124350,-6.975036,0.514437,-1.628571,-5.706651,-2.292848,-6.578264,-8.293874,-14.418192,-7.415181,-1.075192,-3.706434,-4.218679,0.782271,-6.379675,1.435855,-2.604597,1.014614,4.834472,-5.132712,3.764773,5.897556,-4.198460,4.105403,6.452417,-3.178340,1.975082,4.059939,-6.874084,-4.140950,-4.058146,-13.970843,-9.033563,-7.284675,-13.417577,-4.564257,-23.015177,-1.738709,0.464586,-10.181122,2.133199,0.910746,-20.698816,-0.866762,-4.770341,-14.776699,-2.055288,-0.000843,-2.390239,-5.299305,0.660858,-2.339981,-17.863779,-6.694267,-17.484928,-7.201573,-15.985228,-1.786188,1.835031,-6.776151,-1.545120,3.353480,-4.515194,-4.714252,-1.797020,-10.444639,-3.242438,-1.000667,-11.998448,-3.923656,3.852601,-1.706225,-9.690570,-0.351698,-2.908422,-6.378748,-9.077822,-4.066207,-2.795483,-3.526752,-4.138146,-5.679092,-1.356685,-8.742079,-5.078772,-8.026663,-5.745803,-6.088062,-0.743454,-1.614635,-2.325547,-9.319288,1.118848,4.219488,-0.722223,0.971280,6.036139,4.570026,-7.384932,2.771605,2.691877,-3.782568,-11.871296,-2.948233,0.513580,-12.659187,-2.203894,1.241766,-22.064142,-10.533237,-3.780010,-10.010639,-9.163154,0.588209,-0.734022,-13.479586,2.645250,3.773130,-8.626146,-0.065864,2.589302,-3.642209,-1.996932,-2.802887,-4.980827,-5.918836,-4.538866,-15.209704,-6.188328,-2.653655,-11.202656,-0.602850,-7.021937,-15.836016,-4.345500,-7.548556,-7.056487,-1.152002,-1.337121,-1.009038,0.032630,-3.239068,-2.635871,2.072284,-4.284295,-10.346931,1.570810,-1.994671,-25.125816,1.617865,3.907270,-5.401134,-1.115736,4.941304,-0.871644,-2.674297,-2.681144,-2.175401,-2.973868,-2.460667,-3.444475,-10.366854,0.716908,-0.492423,-4.540229,3.460497,0.453274,-2.611610,3.426395,2.624485,-5.048009,0.159520,0.324293,-5.809939,-4.308845,-1.761939,-7.148290,0.673329,3.019098,-16.401295,4.156996,4.525402,-4.717423,0.968227,0.157150,-4.570268,-15.044453,-8.664861,-2.727078,-9.163124,-0.078367,3.449454,-2.158017,-4.197455,2.432949,-1.227281,-4.604784,0.779499,-4.895001,-3.001494,2.983182,4.130607,-1.501312,2.331234
[0;32mI (25180) ANALISIS_ESPECTRO: Frame exportado | t=24.52 s | pico=406.2 Hz | 37.9 dB[0m
SPECTRUM_FRAME,25.543011,93.750000,54.076775,hann,512,30.386770,32.734699,50.589211,59.307743,55.930229,44.424290,54.076775,53.085579,41.986267,45.653770,46.877983,39.265167,41.131859,42.822376,35.995026,38.477913,42.948753,37.767799,33.684288,41.353554,39.270187,29.994497,37.767017,37.434570,26.955748,33.485359,31.974834,30.878246,26.830900,36.348026,38.908096,33.887154,33.648514,41.591614,42.813076,38.074318,36.981300,44.647087,43.727867,38.698734,41.587730,43.146725,43.339798,39.118179,34.789284,42.078823,43.655567,34.476677,33.700062,43.622799,39.967846,29.672966,40.489445,37.429062,25.445354,36.539745,34.991154,28.486300,18.748089,27.748281,30.997999,30.912964,26.295874,17.156744,24.784746,26.668961,22.673801,24.213272,24.216383,17.409075,29.602245,30.749910,15.174712,30.292986,30.713856,15.794502,27.876999,29.653461,23.606146,23.608822,17.323187,27.704491,29.846001,30.156946,11.630898,25.581993,31.902296,32.761570,29.762590,24.035881,34.507599,35.095497,22.444786,29.818474,33.320156,27.437117,17.684170,23.458599,25.261261,8.906697,16.921633,8.853783,9.803690,19.559761,19.166294,21.598240,19.905293,15.539962,25.457890,26.607487,20.438297,20.784958,23.533386,23.448370,22.896305,17.968971,1.025300,18.141855,23.365667,23.211824,15.931907,17.972855,20.772343,15.172644,12.917218,20.128689,22.189730,20.595181,22.168781,24.169855,21.600544,20.186550,18.964148,12.449589,9.807518,15.018827,16.691347,24.649246,24.485464,21.864414,24.817715,23.230156,22.200203,22.208185,8.442863,12.040071,18.852261,21.009727,20.378838,9.544014,19.176409,21.113653,20.462854,13.014859,21.421631,22.870792,14.710228,20.591194,21.978508,12.464609,16.205647,19.651711,16.264673,9.732388,16.188261,13.193819,16.291527,20.807392,17.252993,1.438086,17.646080,15.201937,10.034465,13.862004,-2.449749,13.320384,16.910339,10.721936,7.491128,11.624975,13.524600,12.699503,3.134424,9.966646,15.223705,13.261093,-1.158869,5.776854,8.449382,7.073785,-19.092943,-0.016533,3.959093,-9.984969,1.688959,8.783487,8.828413,0.138386,3.676245,12.311182,13.003132,9.007195,-4.875317,5.288596,7.360070,10.106737,9.739664,7.118577,9.949968,8.047327,8.350219,12.067335,2.725570,14.298381,15.098745,4.486538,12.749340,12.525719,3.521792,8.656788,13.293490,13.126226,-1.649109,15.091860,16.604584,8.745396,3.377019,9.553865,6.899410,5.044761,13.254974,13.718882,5.300090,12.389318,12.445221,4.592987,11.520110,9.829583,4.755587,8.454626,3.366522,3.981068,5.562538,0.744715,-13.706254,1.179156,8.528758,3.415165,2.047874,11.823511,9.230059,3.499517,11.108254,6.569077,1.051366,9.498063,9.126197,3.638227,5.869462,8.732094,-1.131865,0.677168,0.394050,2.661093,-0.048151,0.263143,8.755177,6.646605,-4.809994,8.335437,11.693974,8.242196,-5.598483,9.500162,9.411983,4.089005,7.194488,6.550459,-4.556004,6.669264,7.405417,4.830226,0.992209,-5.988104,-5.707958,2.336779,-3.307308,3.877540,8.399672,4.907050,3.231055,5.739807,7.797358,5.449318,-0.489191,2.260397,4.507273,3.814130,2.858039,7.139005,6.902778,3.138870,8.474352,7.522058,2.420024,9.719633,9.338960,-5.789218,7.954729,9.612458,-0.023475,4.125190,7.967685,3.403247,-5.834117,2.412665,4.532630,3.255587,-1.920279,-2.224697,5.837986,7.288524,3.826845,1.882592,8.208846,6.306668,-23.762341,1.980770,0.620670,-1.058709,0.320937,2.599422,-7.493744,-1.432977,4.556646,2.785909,-0.110517,5.764460,6.834139,5.977930,9.388561,8.452116,7.561939,10.579792,8.334953,4.097291,7.614167,7.930669,6.773170,2.004480,2.351716,8.070574,8.283261,1.541159,6.225503,9.850622,8.047847,8.805961,9.217112,8.993441,10.935989,8.151546,5.514998,9.080509,4.758801,3.229601,6.444004,-6.511678,3.667234,4.754718,-17.683342,2.950931,-3.008590,-6.137855,1.709690,-9.464601,-4.537403,-3.984257,-4.071575,-0.556058,7.879743,4.140688,0.985591,9.217924,5.229489,1.023725,9.067999,7.216237,2.008745,6.569902,5.616693,3.808450,7.016235,5.714869,2.040833,0.638464,-1.877910,3.778465,6.074857,3.075316,1.919725,7.368328,6.372919,2.870089,1.555974,-2.538932,5.118345,2.472125,3.909594,2.618644,3.584011,5.998399,-1.095324,-1.144513,5.762231,8.273461,4.728811,7.590339,11.447774,9.405714,4.587684,9.767879,11.709529,6.263738,-7.195032,6.120248,8.795424,6.230455,-0.204254,2.685806,5.171063,3.467920,1.189744,2.255519,3.422058,4.620785,-0.236440,3.057108,5.453448,0.625026,5.151392,4.708672,-6.888190,6.212671,4.076680,-5.710094,1.221907,-3.907774,2.046571,-5.495514,1.486365,5.358906,-15.612073,3.246059,7.606411,-1.725195,0.614619,7.303970,4.992465,3.884030,-12.937613,2.566599,-1.265796,-0.379030,-2.151139,-1.737231,-1.753692,5.491656,1.329645,-10.876555,9.680528,5.694957,-11.472512,8.989296,6.493892,-1.860989,8.744841,7.037783,-4.145846,8.476160,8.961491,-6.767989,5.097304,7.170713,-5.050320,-0.166576,1.727834,-9.761345,-12.713946,-5.368813,-5.379277,-1.972914,-5.589805,-8.231452,0.461695,3.571224,0.949130,1.997845,4.589358,1.878576,2.029674,6.353762,1.528238,-10.537281,0.884159,2.362572,-9.114193,-6.962893,3.694468,1.768030,-7.156366,-4.423895
[0;32mI (26190) ANALISIS_ESPECTRO: Frame exportado | t=25.54 s | pico=93.8 Hz | 54.1 dB[0m
SPECTRUM_FRAME,26.565383,93.750000,53.940544,hann,512,31.482790,31.758127,50.231251,58.784035,55.217472,43.677082,53.940544,53.053604,41.448727,46.815601,48.591198,40.244652,41.220165,42.998615,37.499149,35.497887,34.973442,33.656605,31.831215,35.888123,22.680607,32.698818,37.924000,34.117683,14.987528,33.631641,39.913536,42.850704,36.925323,40.875340,48.829937,46.197235,40.295506,49.272385,49.139069,40.507950,44.638489,47.042801,39.079842,35.605938,39.645535,34.278572,32.969151,37.013000,32.418400,17.522953,30.279205,31.186769,22.007341,26.569956,28.755562,17.626207,25.225046,26.513128,29.807005,22.215748,26.673004,28.190296,28.037113,26.615171,12.777162,29.605381,23.190519,28.210838,32.288399,27.902470,29.285955,32.812492,30.207903,23.589741,23.115389,26.799318,9.759246,29.711187,27.698080,24.530113,31.274635,31.878830,27.516247,27.142370,28.119118,27.088289,25.577435,26.875462,22.601749,19.715796,20.329403,7.997890,23.235950,19.411434,9.910549,16.653517,21.570532,10.067184,20.478786,20.699730,15.460000,8.237713,19.629572,22.438719,23.874371,20.997486,23.687988,25.655252,21.378647,16.353458,12.670311,11.392951,12.532843,19.940554,14.363536,11.783980,21.154743,14.614571,25.036316,22.118443,23.630795,28.804720,25.339924,23.027037,26.901884,22.959307,18.703981,21.619671,15.439835,14.819431,6.577765,11.700741,11.039744,16.121765,17.238987,18.273539,20.992092,22.112024,18.885666,20.060369,18.295860,8.332108,15.608952,13.600955,17.648853,21.130272,21.582678,19.665953,18.133013,18.092148,12.359017,15.999926,21.209335,20.334871,20.362480,21.754103,19.563463,13.376069,6.961823,9.099130,7.485767,18.105484,19.487617,15.925103,13.625282,19.229124,19.279648,18.464554,13.264283,19.920662,20.358223,15.952730,17.724068,18.464128,14.280903,15.011525,14.608994,11.645988,14.884211,13.952726,7.733016,12.493969,14.956483,8.479293,1.166369,7.259821,3.805391,7.646341,12.105232,6.656498,11.021599,14.608860,11.945065,9.917807,12.930717,12.072924,6.747256,5.923584,10.365148,8.711632,-0.219910,3.349220,3.640568,4.482332,6.771293,-0.815826,10.915997,13.778200,8.788749,8.103242,14.278679,12.092623,3.995898,4.663836,5.249174,-11.227660,5.338470,9.794198,9.798355,12.075024,14.806398,13.495901,12.854548,10.824772,3.755862,6.513793,6.959396,10.578051,11.284684,11.878882,12.959364,10.987941,6.706294,1.041465,-1.050369,-5.643505,8.958913,9.498360,2.912156,8.854366,11.760268,-6.697509,10.483841,12.396057,7.742048,10.222760,11.418983,11.820871,11.061285,9.010328,10.525330,12.219450,8.316989,3.210607,5.308214,-4.472900,-3.504339,3.757174,1.846465,2.113236,7.110641,8.387602,-5.613636,6.693857,6.330332,1.782760,7.054807,8.080448,6.129208,4.972183,8.996096,9.880824,7.578696,-5.164769,7.486794,13.005863,8.390893,9.537251,13.142629,8.404251,0.408182,5.782534,0.660719,9.461144,8.627420,9.708526,12.136154,9.592906,5.085533,5.764675,-0.108331,-1.257899,9.041645,3.936153,-14.186521,0.201677,0.843971,6.244693,7.711187,6.060933,8.045819,6.749544,5.166617,0.146739,0.594059,3.029482,2.410016,8.167781,10.770660,6.259371,6.118727,7.957378,0.816063,2.438759,3.512195,-3.507099,1.107274,6.063343,2.843270,4.431004,6.390344,3.164406,1.353250,-3.192436,-11.364455,-4.852235,-0.267602,1.188873,-4.269919,-6.149560,-5.263854,2.574935,7.513142,3.968146,5.299775,10.467769,9.177296,4.278201,4.425216,5.102317,-2.505474,5.409914,2.056865,2.264720,4.882321,8.794002,8.151950,4.473148,1.307724,3.038814,-0.771550,1.399308,0.838648,2.591652,4.134969,4.696896,2.742949,-9.043150,0.096386,2.760142,4.683835,8.499559,9.968356,9.940479,10.052032,10.006127,9.659451,9.729911,7.182479,5.611872,8.482635,5.242944,-5.080360,-5.811789,-10.532585,4.481595,7.869060,8.673848,8.295076,10.634356,7.489012,-8.754648,4.627451,5.162728,10.515710,11.934635,11.002375,11.563430,10.953310,6.996067,3.284133,-17.425091,-1.427251,-6.699800,0.771421,4.392328,3.698158,-0.332580,4.536951,9.706127,7.394323,7.524149,9.033388,1.232353,4.869001,2.674695,7.123945,10.694288,4.960668,8.347414,9.524411,-4.440846,1.344225,2.519917,-1.515910,4.245321,-1.585713,-5.368682,4.384818,1.897259,-4.686524,-0.070183,2.525318,-7.303954,4.943643,3.073104,-5.085263,2.705881,0.999883,-2.421971,2.118876,3.071071,4.443097,9.644232,10.609087,6.970659,8.279940,8.509955,3.845412,5.153142,6.552223,7.040047,4.803374,4.068596,3.914914,0.450714,-0.794403,-2.110999,8.954304,10.268181,6.910177,10.459909,11.357347,5.032715,5.708984,8.736316,3.991733,-3.623128,7.131019,7.684260,-0.026094,7.248719,8.045640,0.672790,7.748223,7.840514,0.112795,8.945450,10.903179,7.467588,11.710951,13.980451,10.319464,12.367723,13.803357,6.992201,7.215285,8.643607,-7.088239,-7.069182,4.884123,7.137737,5.235071,9.551739,11.078587,7.117521,8.932229,10.337017,6.740403,4.570083,5.763655,2.062713,2.063469,8.043031,7.560341,2.399033,5.936506,7.081624,2.432365,-0.104311,1.743227,6.297318,8.000665,2.677737,4.222547,6.335959,2.744419,0.830796,-10.548658,0.511002,-3.675235,5.576452,10.419952,11.630010,11.638357,13.528091
[0;32mI (27210) ANALISIS_ESPECTRO: Frame exportado | t=26.57 s | pico=93.8 Hz | 53.9 dB[0m
