Command: /home/yuusha1/esp/idf-tools/python_env/idf6.1_py3.12_env/bin/python /home/yuusha1/esp/idf/esp-idf/tools/idf_monitor.py -p /dev/ttyACM0 -b 115200 --toolchain-prefix xtensa-esp32s3-elf- --target esp32s3 --revision 0 /home/yuusha1/esp/projects/labs/Rep_SE_202601_grupo_Diego_Santiago_Chen/Lab_1/Ejercicio_5/analisis_espectro/build/analisis_espectro.elf /home/yuusha1/esp/projects/labs/Rep_SE_202601_grupo_Diego_Santiago_Chen/Lab_1/Ejercicio_5/analisis_espectro/build/bootloader/bootloader.elf -m '/home/yuusha1/esp/idf-tools/python_env/idf6.1_py3.12_env/bin/python' '/home/yuusha1/esp/idf/esp-idf/tools/idf.py' '-p' '/dev/ttyACM0'
[0;32mI (119) esp_image: segment 3: paddr=0003627c vaddr=3fc91e98 sizeen 00001FE8 (7 KiB): RTCRAM[0m
[0;32mI (235) spi_flash: detectedESP-ROM:esp32s3-20210327[0m
Build:Mar 27 2021
rst:0x15 (USB_UART_CHIP_RESET),boot:0x8 (SPI_FAST_FLASH_BOOT)
Saved PC:0x40048839
SPIWP:0xee
mode:DIO, clock div:1
load:0x3fce2820,len:0x14f0
load:0x403c8700,len:0xda0
load:0x403cb700,len:0x2f58
entry 0x403c8908
[0;32mI (24) boot: ESP-IDF v6.1-dev-2938-g12f36a021f 2nd stage bootloader[0m
[0;32mI (25) boot: compile time Apr  8 2026 14:46:03[0m
[0;32mI (25) boot: Multicore bootloader[0m
[0;32mI (26) boot: chip revision: v0.2[0m
[0;32mI (29) boot: efuse block revision: v1.4[0m
[0;32mI (33) boot.esp32s3: Boot SPI Speed : 80MHz[0m
[0;32mI (37) boot.esp32s3: SPI Mode       : DIO[0m
[0;32mI (40) boot.esp32s3: SPI Flash Size : 16MB[0m
[0;32mI (44) boot: Enabling RNG early entropy source...[0m
[0;32mI (49) boot: Partition Table:[0m
[0;32mI (51) boot: ## Label            Usage          Type ST Offset   Length[0m
[0;32mI (58) boot:  0 nvs              WiFi data        01 02 00009000 00006000[0m
[0;32mI (64) boot:  1 phy_init         RF data          01 01 0000f000 00001000[0m
[0;32mI (71) boot:  2 factory          factory app      00 00 00010000 00100000[0m
[0;32mI (77) boot: End of partition table[0m
[0;32mI (81) esp_image: segment 0: paddr=00010020 vaddr=3c020020 size=0f458h ( 62552) map[0m
[0;32mI (99) esp_image: segment 1: paddr=0001f480 vaddr=3fc91300 size=00b98h (  2968) load[0m
[0;32mI (100) esp_image: segment 2: paddr=00020020 vaddr=42000020 size=16254h ( 90708) map[0m
[0;32mI (119) esp_image: segment 3: paddr=0003627c vaddr=3fc91e98 size=025e4h (  9700) load[0m
[0;32mI (122) esp_image: segment 4: paddr=00038868 vaddr=40374000 size=0d2e4h ( 53988) load[0m
[0;32mI (135) esp_image: segment 5: paddr=00045b54 vaddr=50000000 size=00024h (    36) load[0m
[0;32mI (141) boot: Loaded app from partition at offset 0x10000[0m
[0;32mI (141) boot: Disabling RNG early entropy source...[0m
[0;32mI (153) cpu_start: Multicore app[0m
[0;32mI (161) cpu_start: GPIO 44 and 43 are used as console UART I/O pins[0m
[0;32mI (162) cpu_start: Pro cpu start user code[0m
[0;32mI (162) cpu_start: cpu freq: 160000000 Hz[0m
[0;32mI (164) app_init: Application information:[0m
[0;32mI (167) app_init: Project name:     analisis_espectro[0m
[0;32mI (172) app_init: App version:      bc6dc7c-dirty[0m
[0;32mI (177) app_init: Compile time:     Apr  8 2026 14:46:06[0m
[0;32mI (182) app_init: ELF file SHA256:  d65aaaa4b...[0m
[0;32mI (186) app_init: ESP-IDF:          v6.1-dev-2938-g12f36a021f[0m
[0;32mI (191) efuse_init: Min chip rev:     v0.0[0m
[0;32mI (195) efuse_init: Max chip rev:     v0.99 [0m
[0;32mI (199) efuse_init: Chip rev:         v0.2[0m
[0;32mI (203) heap_init: Initializing. RAM available for dynamic allocation:[0m
[0;32mI (209) heap_init: At 3FC99690 len 00050080 (320 KiB): RAM[0m
[0;32mI (214) heap_init: At 3FCE9710 len 00005724 (21 KiB): RAM[0m
[0;32mI (220) heap_init: At 3FCF0000 len 00008000 (32 KiB): DRAM[0m
[0;32mI (225) heap_init: At 600FE000 len 00001FE8 (7 KiB): RTCRAM[0m
[0;32mI (231) spi_flash: detected chip: boya[0m
[0;32mI (234) spi_flash: flash io: dio[0m
[0;32mI (237) sleep_gpio: Configure to isolate all GPIO pins in sleep state[0m
[0;32mI (243) sleep_gpio: Enable automatic switching of GPIO sleep configuration[0m
[0;32mI (250) main_task: Started on CPU0[0m
[0;32mI (260) main_task: Calling app_main()[0m
[0;32mI (260) ANALISIS_ESPECTRO: Inicializando analisis de espectro[0m
[0;32mI (260) ANALISIS_ESPECTRO: fs=16000 Hz, FFT=1024, periodo=1000 ms, export CSV por serial[0m
[0;32mI (280) main_task: Returned from app_main()[0m
SPECTRUM_CFG,16000,1024,512,15.625000,hann
SPECTRUM_FRAME,1.006353,2000.000000,56.057392,hann,512,22.250822,27.767580,39.622673,48.930435,45.836391,32.609386,37.160896,35.581703,24.639698,32.154037,32.973904,27.037659,31.137814,33.031296,26.912394,28.299793,33.421158,30.942307,29.409882,32.690910,28.870699,21.595089,28.050758,25.486814,17.609985,27.390965,28.226261,22.849518,28.367174,29.910271,18.411011,33.016628,39.134785,33.359238,13.825936,26.842688,25.743906,16.161459,13.508322,16.094227,15.086527,25.752834,25.708799,15.221057,22.937790,27.244146,8.657951,25.790178,30.711197,24.366795,15.095381,27.470848,19.537207,21.197216,30.158680,28.169807,13.745131,29.777519,29.352268,17.312090,33.186649,35.164421,33.811867,35.600468,46.096008,43.961796,33.631561,28.496113,30.936466,22.561592,15.083105,21.329361,18.973976,17.265419,24.702908,23.808216,18.114655,20.423676,18.931908,12.237760,27.206318,25.937485,10.913967,18.944496,20.733435,19.573452,21.008335,24.651283,25.116213,25.165712,22.085867,17.414263,22.646515,19.151930,18.903120,26.868990,32.876438,29.706266,26.833723,23.556662,20.541969,15.527234,20.336954,16.404480,0.885824,18.133362,18.833242,9.859018,20.330133,22.307156,20.319662,24.555241,23.185520,2.399731,20.975439,25.465828,18.361252,0.196130,16.106989,5.824616,22.242020,29.828100,27.593246,28.295214,41.754211,41.608654,33.730465,52.623215,56.057392,46.979431,36.824604,43.504482,37.172398,18.889557,27.477987,20.037189,23.308222,30.088009,27.224331,15.680374,22.109297,22.709610,15.070881,26.181355,28.861237,20.668318,21.537186,26.577435,21.295147,9.211636,17.928612,16.018398,17.690939,25.542994,25.058025,18.919451,23.541035,23.145210,21.286833,25.850906,33.468723,30.134287,19.168367,17.320705,6.232090,15.151241,20.236309,19.014858,16.459164,23.556976,21.529354,12.748503,10.179218,13.959444,11.864727,21.121964,24.706665,19.132532,8.835329,20.736794,10.943213,9.254183,21.292088,19.589399,6.700490,14.448805,16.476219,18.938972,27.826920,24.688148,18.016422,45.146709,48.551361,40.581913,16.746952,19.139940,21.927435,15.895559,17.707956,13.557329,0.886927,16.174522,21.405031,18.148685,8.541946,9.048468,14.253926,18.992500,21.248770,5.148635,12.697727,8.815132,7.674432,13.051126,15.254951,16.403473,15.253253,7.190848,0.567966,18.222820,21.627346,21.716816,22.517956,33.223923,35.757912,29.617176,27.106251,26.062052,21.427286,19.281174,12.909590,12.689762,14.694481,11.337396,8.904025,8.807489,16.623665,17.076626,4.237198,2.733388,14.652042,17.489538,14.414292,13.704325,14.298234,16.409409,18.599602,16.979288,16.109150,22.881069,21.352665,24.315531,32.225754,30.278793,26.107542,28.685980,32.556679,28.137339,27.488630,29.389290,7.772538,23.626080,25.968096,22.437742,18.989595,19.354294,12.747965,13.994387,17.490971,14.627667,12.469353,14.680600,11.020211,12.586598,16.386143,10.849143,-6.810372,10.894617,12.662104,10.020424,10.318605,13.242898,13.376205,17.623447,21.602041,14.563850,24.807825,26.578976,28.631020,26.378384,19.667677,16.164120,17.371677,9.921684,12.248477,13.826629,0.048954,18.075312,15.908690,10.343156,20.244005,19.026192,9.516595,9.590160,6.096288,8.895761,9.066250,15.606414,10.320265,11.054087,13.893556,7.035300,16.507463,20.800579,3.105478,-16.329248,23.683329,28.934147,19.719316,38.495708,40.556496,31.971533,23.333458,23.523067,20.009342,15.179474,12.063914,12.759830,8.058144,9.192499,7.696607,7.385334,16.463923,17.330645,10.062232,9.170437,13.075653,8.991207,1.818945,7.303512,6.634469,-10.561739,10.727238,9.551991,17.716797,21.471014,18.013037,15.972100,22.021025,9.448806,7.801995,29.720507,28.999083,20.646746,26.024492,20.396637,9.677381,16.562702,11.798155,4.345171,6.902425,3.718228,-0.659387,4.198180,12.817478,9.664622,9.085272,13.799183,7.893600,12.454539,7.655550,9.148239,8.308915,14.576370,14.887706,17.728004,21.220421,21.582760,18.464657,21.693018,26.955750,19.828108,26.417419,35.522141,33.416115,16.628635,23.129770,23.235527,18.509668,22.585815,17.152521,13.594905,19.755692,18.452442,6.718449,-1.351124,15.607629,15.612650,11.875801,2.745552,4.763863,13.424009,15.552936,11.925795,8.838166,-0.438012,14.613497,14.879185,15.873512,9.894934,13.301645,18.262508,14.677534,12.939738,27.581347,32.613655,27.613840,9.921287,9.575953,9.065656,16.046864,12.041637,0.094400,11.829730,17.120134,18.039179,15.432191,10.256181,13.931852,10.116973,8.541787,2.830627,14.175867,15.431168,-7.931375,-1.080375,8.774618,7.560823,13.410826,9.468954,16.953169,20.586212,7.369453,14.196997,8.163342,17.178823,23.400183,35.669510,36.050529,31.168631,19.824858,21.524025,12.454426,17.473209,20.789375,9.503122,13.390787,18.750175,11.238336,11.575032,16.657604,15.395155,5.737205,-1.181568,7.145992,12.982000,14.032156,8.997320,10.454074,1.939922,4.613813,6.591137,9.755060,8.649758,10.371153,11.087650,22.143520,18.638111,19.451113,22.134638,8.239453,24.807606,26.631048,23.476200,22.120970,19.226553,18.381649,16.907135,9.069377,13.509239,14.909487,10.516865,6.332150,3.981104,12.599083,15.695390,14.229948,14.445447,8.297609,13.204217,12.583722,15.511757,13.698544,16.968348,18.487352,14.499416,12.845562,19.647934,23.985872,18.876825,-0.367792,25.031109
[0;32mI (1670) ANALISIS_ESPECTRO: Frame exportado | t=1.01 s | pico=2000.0 Hz | 56.1 dB[0m
SPECTRUM_FRAME,2.028709,2000.000000,56.237183,hann,512,25.321640,26.028444,41.190643,49.153526,45.348511,27.536619,36.312099,36.291481,23.800507,31.116764,32.673012,21.548935,27.657391,31.650257,19.169163,25.304623,33.254593,27.488518,24.257607,31.907776,29.401161,21.022646,23.508368,19.216362,15.627213,24.279797,27.008293,21.731358,26.135685,28.901556,27.487209,30.596350,35.249084,30.830772,23.752834,23.663073,17.447512,17.086483,14.136171,17.926495,16.165630,26.131931,27.511517,21.909723,25.013027,26.562050,21.480526,21.875412,22.969254,18.149757,19.968470,17.443855,16.963442,15.528831,21.784870,22.802153,5.302397,20.644724,17.927845,17.554205,29.320431,33.160110,36.498245,32.054516,45.205063,42.495941,38.314949,38.466347,32.979404,21.061111,27.990057,27.329700,21.467047,22.827223,18.694704,17.855396,24.520157,16.667500,18.433607,9.181028,21.941566,15.693987,13.996653,26.210901,26.064508,21.749067,24.772408,19.634420,18.253847,21.331989,15.146383,16.072771,20.402107,24.517067,24.180676,24.114971,33.459572,32.409927,25.504091,21.991173,23.848518,25.348396,26.146183,17.861658,10.765414,22.979988,23.301966,20.106159,26.259121,25.846872,16.242302,23.873606,26.830904,17.003849,19.744257,27.519482,20.010246,17.305716,26.237705,23.331074,23.186161,32.495247,30.033228,29.157955,42.512569,43.435242,39.103207,52.872311,56.237183,47.571632,36.287781,43.730949,37.323586,20.952114,27.725744,23.439848,8.294355,28.395107,26.992287,9.810849,22.505285,24.436853,15.822730,25.479240,29.177893,22.408268,23.814604,26.648331,22.142229,21.695999,23.548975,17.706425,8.932545,23.090696,21.750298,12.439508,20.147366,22.271006,21.887520,26.134869,31.777010,28.739204,21.248243,8.579525,10.464113,11.623797,16.661514,7.915446,12.440282,20.124388,21.668207,18.621658,17.253628,19.863966,22.104303,23.389503,21.424278,18.872715,19.114964,17.157475,10.096283,2.827168,24.593655,23.574469,19.614380,17.823400,6.314065,8.648003,24.829288,25.487164,23.861340,44.532112,48.118584,39.590630,28.905331,31.968014,24.653461,21.212080,19.085672,15.323410,15.132579,16.839533,7.765121,12.834312,16.782091,9.480313,11.216021,13.989050,19.779566,22.023775,21.758366,19.442619,19.437355,16.870697,6.383662,10.883284,18.563503,21.530369,13.711330,3.452561,20.992296,18.456324,17.211920,33.498348,36.912769,29.091915,20.576590,23.534012,19.972509,22.938536,21.812956,16.124222,13.174330,20.156082,16.842434,16.188238,21.052753,13.338069,16.024376,17.317507,15.867844,11.489437,9.709732,12.771255,9.118348,7.931684,10.137022,17.253056,20.045792,23.575172,18.158152,22.827656,31.307505,31.902216,29.089314,31.694576,33.819038,24.784119,29.185068,32.367092,19.953362,16.641453,25.926096,20.826241,11.227180,18.147131,12.089428,5.077736,9.646303,5.908190,15.605532,20.075222,20.991404,17.846668,13.152020,9.823755,-14.971160,12.092257,10.737196,16.610010,15.674145,13.095457,17.410553,13.471385,18.063046,19.449762,8.170521,23.557327,26.795301,24.703197,17.022236,6.256030,15.756121,7.729442,14.858838,12.629642,9.531653,11.569359,16.665148,16.901400,17.009308,13.215079,7.254047,4.921402,6.957651,10.954496,6.955877,1.639503,7.238346,11.523796,16.193344,11.449584,16.956997,15.501476,4.064973,12.160105,24.705219,15.552196,26.833265,38.665405,39.724220,30.271156,27.079050,25.933573,17.880419,16.546577,16.740147,10.432845,12.522439,15.606936,15.234194,14.653105,16.163465,15.074890,16.624643,5.047946,0.772660,15.536602,-1.248044,15.822639,9.940472,7.446120,6.167261,-0.992965,13.147600,18.879780,16.173203,16.698397,19.739965,16.254601,18.507828,28.178957,29.022396,26.300333,23.201252,20.386084,20.459377,19.661484,18.650549,16.206791,13.251865,16.350088,14.252710,16.838032,14.921060,14.019718,15.676659,18.167509,17.354525,13.151930,12.302553,14.181748,5.763199,6.143353,9.348889,10.986043,15.419292,22.690487,21.618839,26.020306,28.975304,28.616610,32.995697,37.531834,32.505638,26.419384,29.387161,27.835991,19.968716,18.549374,19.224829,12.750716,9.467777,14.564848,9.631366,3.500978,7.650036,9.658067,0.629206,4.736529,15.265844,14.646347,12.247171,15.136498,11.995737,10.749459,17.144735,13.535265,8.347019,14.383429,9.688467,11.531485,23.632011,19.240046,14.918543,28.839275,28.339529,14.376905,16.462795,9.790586,15.792979,17.369326,11.276876,14.273588,11.587638,10.261306,17.497313,17.108158,6.623168,-1.041704,5.125118,9.669176,9.057874,7.352043,2.831069,12.762430,18.338671,14.520857,3.283139,12.139206,17.645189,17.928988,10.548185,8.940832,5.758617,19.003538,22.905767,34.505661,30.761450,23.100830,23.378235,14.515652,12.868925,15.527368,16.043161,13.284353,2.343885,3.111629,8.253249,8.856362,3.872968,14.522455,13.214180,3.426570,6.703728,10.658043,13.560033,16.925066,17.768612,16.935333,16.184578,14.299433,9.259081,2.813333,13.891674,6.890258,15.261831,10.492247,12.656016,22.983683,21.787178,19.348629,18.988724,20.305481,22.993544,16.963388,-2.940054,8.395866,10.075981,10.413626,4.074050,5.268373,-6.190402,10.770100,5.542850,17.769951,17.389122,10.590841,12.957804,7.973889,5.327559,13.037207,13.150624,10.753510,10.237228,9.091834,19.547646,21.015713,20.378502,22.435579,28.046070,29.669533
[0;32mI (2690) ANALISIS_ESPECTRO: Frame exportado | t=2.03 s | pico=2000.0 Hz | 56.2 dB[0m
SPECTRUM_FRAME,3.051068,2000.000000,55.889221,hann,512,11.483879,22.082230,39.533699,48.849487,45.130211,17.785042,36.722939,35.580734,22.295422,31.279085,32.535007,21.211582,30.342579,33.368546,22.479927,28.455635,33.233627,28.640476,21.880533,31.465071,29.645988,9.737569,27.268038,23.555393,15.777466,27.429916,28.937891,21.457136,27.791134,32.281681,30.213463,33.788082,37.718544,33.730877,27.524958,27.587063,24.635756,21.281971,28.533676,27.206566,17.081726,25.025167,27.418440,3.437768,27.092836,27.259052,16.982460,14.846755,20.905479,20.739788,18.620911,25.458822,26.141758,22.963688,19.472946,8.305756,16.142632,28.386780,29.371605,20.869350,32.684574,38.964851,38.548542,35.666306,45.712780,42.144238,37.095257,36.012966,30.559738,15.533871,23.689602,24.018196,20.668640,6.351653,19.310499,21.529028,25.832808,24.732534,15.264658,22.378405,24.886482,17.422607,19.311390,27.330551,26.935911,-13.517998,24.819441,24.357759,8.205567,22.505188,24.260695,19.521927,20.723104,27.563610,30.482563,29.242353,33.949276,29.154419,24.512625,26.188595,23.274673,17.637835,26.477760,22.878937,12.655492,21.451698,21.450092,10.059771,25.713715,24.824055,12.500267,25.033178,27.047787,22.858486,24.323843,29.421694,24.723984,11.870724,24.355555,23.353771,21.719006,31.158865,29.726017,27.746325,41.831253,42.870869,35.232872,52.742195,55.889221,47.125824,37.835354,43.468544,36.709030,8.887491,26.996288,22.445299,16.404573,27.381304,27.936535,17.161982,18.891552,18.401167,14.245396,26.001965,28.437740,18.899765,18.717182,24.034763,20.853474,13.559871,20.629053,19.284710,0.368711,19.720022,21.863749,18.606878,18.581629,25.390316,27.332493,27.177856,31.698654,28.663559,26.153336,27.726706,25.311649,20.076180,26.097439,23.494730,13.444619,19.758568,20.010359,12.172899,22.014114,21.262114,5.713693,9.958430,7.428884,10.804739,14.421554,22.636890,21.312952,17.793539,18.106239,9.183537,15.643853,20.434326,20.757492,15.232525,29.212708,32.821079,26.191349,45.400871,48.217281,39.544975,26.517708,28.808197,19.492872,16.146936,18.153517,20.493008,19.238817,9.818888,18.744373,17.079041,14.168819,7.995751,4.942462,16.893906,13.267375,-2.468342,15.974482,15.294371,16.049082,18.236277,15.126869,15.586739,18.998095,23.214073,23.438776,18.888075,18.627815,19.711514,8.472517,33.565441,36.186852,24.551746,23.335941,25.959148,22.305744,24.761784,25.009842,15.726785,12.597541,19.643364,17.717388,15.998549,17.698586,15.596042,-1.004584,13.942205,14.001489,10.722841,16.394459,20.273325,17.354721,13.174110,14.536921,12.033693,17.314152,25.136345,21.314772,24.152714,32.158161,27.442961,25.518053,32.742535,33.725990,29.248316,29.984312,31.803291,18.680067,15.981656,24.372034,18.325336,21.271994,24.783419,24.207531,23.431553,23.295265,21.257439,17.181110,8.127796,13.178216,10.229589,14.761284,16.368731,10.471970,9.290642,10.193409,7.718672,4.041684,4.888046,12.911579,21.061270,25.180140,26.732498,25.931343,23.232630,25.389215,20.548222,21.453035,13.553890,10.059586,12.672992,9.834529,14.943798,17.333570,12.683597,5.915501,10.783525,11.131966,13.491078,8.829280,6.146733,7.328144,12.622361,12.967026,10.615044,12.870564,16.179913,10.895880,9.670534,20.453718,21.863132,16.837955,13.004967,25.672615,23.939131,26.526320,37.718273,39.024216,29.587593,16.182688,22.110645,12.511866,9.625175,8.459295,15.059793,12.019932,13.415656,18.420683,17.110514,15.788503,-5.736625,9.825566,15.928009,15.635734,-5.394868,10.431530,10.724894,5.047764,18.348597,20.786379,15.174963,10.018156,16.433865,18.862129,21.045120,18.930954,13.633322,23.001032,29.783409,30.342112,26.859932,25.878002,25.036613,18.170940,10.232491,18.231936,12.922178,7.526777,14.045486,2.464173,14.810732,19.138084,16.673681,3.222077,8.975845,9.247496,7.757988,20.654987,21.820557,19.067457,19.763880,20.616266,17.412514,18.792841,22.185696,20.621271,24.315470,27.575377,22.467678,27.000870,35.539028,31.139860,25.988968,22.959440,23.334234,18.781260,17.532259,16.421555,15.704579,16.751389,18.904360,11.932295,11.040232,14.443382,15.544291,16.592438,1.503091,9.125102,-7.388516,8.556367,10.860979,7.018930,11.636770,6.493061,11.175797,-7.278293,7.821651,7.237332,12.714740,16.594385,19.726278,26.444427,32.178989,29.658930,15.541502,19.830772,21.374733,18.641499,18.669338,20.003624,14.842910,-0.747427,10.324772,9.706503,3.788507,-11.318048,5.527120,10.244250,12.984545,15.060574,13.149158,13.507473,14.080945,4.858513,5.744061,12.751552,13.830982,14.134062,19.111635,12.350644,14.439569,17.358795,20.557827,24.791222,34.708782,32.654041,21.974407,11.461660,13.522397,18.699211,19.388798,21.746519,18.757744,14.859035,20.499386,22.656546,18.861238,7.204331,6.066556,6.872621,10.183783,10.497824,12.214957,12.388958,1.194720,6.680129,7.789155,13.689498,16.252968,18.068220,17.396194,16.307468,20.558947,20.531921,11.153593,15.903429,17.341112,19.788790,23.071663,25.475304,24.533699,23.293282,23.375549,19.890240,17.769358,17.111700,3.931146,11.579262,12.256716,10.560340,13.359056,14.925301,8.407945,-6.127644,2.913790,9.899647,16.001715,17.751755,17.640984,14.651825,16.182899,18.747139,13.141036,20.672997,25.532419,22.556372,15.154102,12.501486,26.885813
[0;32mI (3720) ANALISIS_ESPECTRO: Frame exportado | t=3.05 s | pico=2000.0 Hz | 55.9 dB[0m
SPECTRUM_FRAME,4.073431,1000.000000,53.895348,hann,512,25.826433,22.125278,39.950718,49.245537,45.890953,25.629963,39.090904,38.119781,21.869186,34.487823,36.393513,27.762205,29.711349,34.766235,30.004269,27.667431,36.061928,32.164997,22.967852,34.227554,31.402870,16.770161,31.074986,30.578890,22.204599,25.472086,29.267033,28.874245,34.261204,36.695637,30.827284,37.820076,43.656372,37.311481,28.187941,35.253910,28.408913,28.225368,33.153214,31.297338,20.139444,27.644650,26.426815,11.680690,29.715515,31.616566,23.146055,27.776358,31.019913,24.206295,25.294270,31.611732,28.095222,24.861702,31.523937,28.450714,26.241402,37.307571,37.500641,18.549492,43.655739,46.245541,34.362900,49.318386,53.895348,47.399464,35.606369,44.766907,40.802551,15.891541,32.502388,31.001261,18.384296,33.235912,33.444981,20.533628,28.722771,31.408453,24.700283,28.965206,33.583389,27.558590,18.978401,27.578266,25.066349,1.448430,25.187649,25.889847,20.145952,20.436213,19.360462,27.888689,32.741119,31.033640,24.509287,33.536579,37.541023,33.604500,29.045013,32.559414,24.928459,18.741972,26.758957,25.635452,5.886736,25.121328,24.556522,23.137510,23.263884,22.608391,14.366765,17.536636,22.747654,9.100004,20.901411,24.280235,22.572662,16.618607,19.057291,15.977377,22.387774,29.414637,27.272938,19.163776,32.706959,34.024502,25.412779,41.170689,45.125675,38.792065,23.669830,29.990078,25.175591,13.039012,24.994453,21.270636,15.169519,23.094530,19.835337,15.556543,19.031084,11.732559,19.832474,19.696436,15.963737,13.899861,11.444548,12.602385,12.387696,11.713119,21.213509,20.123461,16.708347,21.571495,24.534666,22.335384,18.730257,22.898390,11.350491,16.295185,16.588413,26.281843,30.886009,31.257057,21.457941,22.949036,26.751083,20.907951,11.196068,14.694407,22.121513,21.038078,11.210474,6.305539,5.548190,0.657519,2.986652,11.805406,15.486326,13.622036,13.059665,15.993593,20.341953,17.498077,11.784972,6.699006,17.847078,22.488630,19.597578,18.933470,21.696680,30.585781,34.644238,27.630486,26.952650,25.321463,20.821774,12.371040,11.931109,10.213732,11.672388,12.665753,16.415550,19.765255,21.431774,20.775959,10.451712,14.746002,17.616421,2.670450,17.657389,14.902714,13.163834,16.563786,19.963236,17.332701,11.412320,16.961781,13.139580,19.600794,22.212727,20.518093,17.263519,26.254251,23.744223,19.177517,26.245594,24.072598,12.958925,14.640421,22.324749,19.015951,10.542784,19.203476,10.974685,14.181120,13.838349,9.298654,4.662641,10.154093,6.776141,11.362247,11.902897,14.908588,12.119245,13.079344,17.478359,11.597195,6.518857,16.485441,19.585873,16.889584,7.208278,18.392311,15.181540,23.660021,24.624302,17.974699,16.065603,0.613480,9.057187,12.556029,15.068367,14.986724,9.411372,10.764387,14.971113,12.889883,12.788153,13.105738,5.784598,6.588297,4.499398,8.075942,14.724018,14.755657,13.484222,13.659149,6.375287,10.584499,14.969378,14.910698,-7.632907,16.311237,16.898132,11.652523,11.572477,20.832428,18.579727,18.135036,21.938557,18.162840,6.349152,15.900198,19.925423,14.364643,6.770181,18.077772,14.086551,9.029629,15.003982,12.391087,4.481069,8.453743,10.750172,8.340014,9.795443,12.553051,11.465488,16.181080,17.715141,5.659268,9.593419,11.900803,10.088531,1.668997,17.725012,19.295748,13.816759,12.616943,18.211483,16.778910,15.700712,20.877117,17.281376,5.181723,6.774027,-8.958561,5.736823,-1.334633,4.419980,13.325138,15.730573,9.670898,-3.805180,3.463414,6.260047,2.336882,16.724396,15.997765,-3.572488,2.358385,-1.915925,-1.926633,0.022795,-13.311380,9.659656,14.017563,17.389874,13.615143,14.490765,16.269526,15.678738,5.842725,-7.808750,7.845311,14.643731,13.777852,8.895452,9.933073,5.634847,9.736361,8.758844,0.361510,-2.406643,-3.232412,7.074546,15.370453,17.414597,13.631902,0.577842,9.302646,14.762737,14.350348,12.027988,3.833339,3.273916,13.484678,13.562120,9.692431,3.968273,9.815894,-9.858693,15.060946,16.689445,10.359775,16.539967,18.066475,14.017134,-6.031913,7.209601,-0.608767,14.633126,11.605760,7.934199,16.625961,16.505238,7.770932,0.773427,-6.193389,5.311831,4.020825,7.233698,4.360922,5.004632,9.502736,7.809609,0.825937,12.781332,12.363733,9.482512,10.189598,5.537862,9.884002,14.386312,8.404403,10.200800,16.084045,16.517632,5.900240,16.383213,9.148741,7.841801,8.288944,11.223060,10.741104,-9.457202,7.124037,9.927639,7.381948,12.385936,16.148651,13.530292,6.065611,0.951855,12.272836,12.564232,11.272067,11.407991,6.366654,12.042604,13.019799,11.148878,2.536173,9.421693,11.697412,9.067826,12.532631,14.198490,3.742654,10.657697,12.293868,9.098826,12.709870,11.248816,0.980648,3.842766,8.893390,7.269226,12.996488,7.697090,7.159347,11.158147,10.203757,9.893506,12.951101,6.534024,-0.180373,4.287068,11.976490,15.649203,7.971557,12.695995,8.259812,12.938968,15.339299,4.418494,-0.790918,5.573227,5.738447,4.746082,10.764446,14.036509,5.261919,14.148975,5.337581,14.391550,7.022566,5.918801,11.267088,14.024821,10.057566,2.109621,5.532415,3.981810,9.074931,10.200077,7.652706,8.075057,11.544866,3.576961,8.337993,2.094059,6.003771,8.552256,5.758122,5.503690,10.594267,5.900595,9.681877,6.266798,10.080796
[0;32mI (4730) ANALISIS_ESPECTRO: Frame exportado | t=4.07 s | pico=1000.0 Hz | 53.9 dB[0m
SPECTRUM_FRAME,5.095801,1000.000000,54.114861,hann,512,8.841076,22.833490,39.525627,48.717999,45.088310,25.098896,37.103725,35.516300,13.132335,33.869419,34.569618,23.550531,28.815317,33.976635,26.101702,27.489662,34.889400,29.941013,25.262537,32.115055,28.870733,23.752394,33.088463,30.366152,16.875265,29.362314,29.470695,15.728439,28.044012,31.094645,22.347733,37.029106,42.358936,35.231529,32.690151,37.262718,32.434296,23.260380,33.459820,31.334339,15.308361,30.000874,30.610294,17.521364,27.147892,31.310560,24.892212,28.430370,30.944485,18.191698,27.978958,33.652836,28.016357,22.011612,32.530968,30.120499,22.178806,36.228424,34.949230,26.571663,43.115784,45.039974,33.531101,49.559937,54.114861,47.287201,38.288731,44.792610,39.688763,26.137806,32.137608,28.824196,23.022385,32.043419,30.968904,8.683189,25.404953,28.327101,19.566965,29.458088,34.250076,28.319939,21.347992,27.588238,25.752930,20.936646,27.352901,20.847160,18.091318,17.227615,19.552896,19.153725,24.048599,25.174595,25.161945,32.768349,35.307663,29.643570,27.402231,35.133751,30.712772,20.366653,30.592691,28.040064,5.136681,25.009851,25.448248,16.625933,22.751501,24.861547,20.124805,22.632954,23.572140,16.450167,23.734760,27.183693,22.802275,9.800817,23.594343,22.357676,12.873963,27.129414,25.912521,23.044937,31.084890,30.237339,29.652096,41.783886,45.383717,38.351601,26.223509,31.333723,27.302864,14.781660,27.133162,26.680008,19.261740,22.441647,19.098598,21.421181,21.570208,14.517555,12.111421,24.309626,28.734741,24.879211,14.420584,13.476589,16.795256,22.283041,22.611614,4.478201,22.435143,26.595699,24.039392,17.663265,29.005756,29.705362,23.550179,21.197453,26.506001,14.433338,24.966557,30.528219,25.505585,21.382254,26.789129,17.198393,19.383629,20.544518,18.589766,14.879587,-3.786323,-0.002209,14.197220,15.624543,9.390880,11.724635,14.453725,18.455374,18.210510,19.646666,25.647202,21.762274,14.082731,18.244558,12.862787,0.463914,19.151308,23.651419,23.585724,31.966175,36.533524,29.122726,20.172432,20.736933,18.233393,9.830508,13.707865,13.341446,14.074421,20.146667,8.613623,21.411531,19.221470,5.882099,5.626080,10.800425,17.474041,18.275007,8.246680,10.464641,8.257787,14.584942,13.596736,12.608484,22.310036,24.931278,22.683199,20.171040,26.367203,26.797667,20.586889,26.111874,28.153322,19.171827,21.125986,22.465004,16.950996,11.941622,21.139137,20.260742,19.398682,19.786051,10.251671,9.405307,15.282450,8.450904,11.338060,16.850571,14.050073,1.624321,15.171970,17.945944,9.714922,16.596344,22.084959,18.184429,7.498323,20.028248,19.148653,10.104124,11.765516,5.663074,14.002039,21.863556,25.741837,18.516960,9.876504,14.514846,17.040541,13.714058,13.638309,12.335976,11.654112,15.304804,11.142614,13.699068,11.747650,4.928944,14.897565,10.490549,9.575581,9.922318,2.553775,15.599952,14.569249,15.472270,15.340216,-3.914190,0.748083,15.222884,14.825295,4.476808,17.022362,16.112494,7.850514,16.003691,18.612040,10.632969,17.895428,19.599844,13.046572,19.914207,21.225586,17.526381,12.355823,8.909275,12.966473,9.951090,6.576359,4.409439,11.121132,13.875315,12.451154,10.395380,14.420252,14.307122,8.642912,9.457987,10.976896,11.309023,7.690911,14.583207,11.005669,11.142488,18.792295,14.316692,12.014976,5.787434,13.169477,11.976079,-5.893860,5.841458,6.967212,9.479013,9.913100,10.439104,12.280897,15.971356,8.343144,6.623752,10.736379,12.329741,10.623383,-16.399788,7.547179,4.083141,12.023190,17.399948,18.160704,19.354326,18.097126,12.579344,18.235233,19.336346,15.141816,6.676100,18.901379,18.440449,11.757804,15.866514,17.673853,13.796392,11.747341,13.938803,2.582740,8.882023,0.723949,7.492671,-0.423360,14.409753,9.561008,8.127475,10.205887,13.012734,11.047180,11.300811,16.575039,14.386744,11.733599,6.179464,5.805023,3.171088,15.938057,12.590443,12.035267,19.485464,14.666985,15.868029,22.822531,20.122080,1.957013,15.408676,14.442524,6.972661,-3.919336,1.463218,5.827647,10.422070,5.816605,-2.051853,10.534467,17.442101,13.493637,6.949583,11.902916,13.282132,13.220400,13.897766,15.397697,15.864644,15.359925,14.698248,15.330678,14.177725,8.181430,7.836226,13.449654,13.134050,5.248055,2.970020,9.867622,6.801085,14.249240,14.439225,16.532078,15.471478,7.378107,8.245968,11.373003,12.658296,14.529922,12.700783,9.415985,15.057848,12.402301,4.825618,11.038591,9.831462,5.109697,11.049816,12.562952,5.533427,-0.697329,10.841368,16.513512,15.457748,13.365719,7.657374,9.436969,6.837146,7.445086,12.931675,12.328486,4.464352,14.261685,11.946989,8.589880,10.330666,0.079175,11.989970,10.892688,5.769835,9.995460,10.637421,6.712492,9.959097,9.540811,6.283515,14.205702,16.031719,14.739362,13.445195,14.224153,14.895805,9.332067,0.328543,2.773938,-7.044335,5.308411,5.736082,-3.526380,10.006547,6.030768,1.693475,8.213249,3.877367,13.945549,15.071224,12.653771,-0.332781,3.696936,6.839132,9.070023,9.813222,5.542823,0.740063,7.367143,4.835211,8.497748,2.705574,-4.032733,10.520884,12.796174,9.480222,-7.025271,0.487851,7.599124,9.397727,13.145142,14.877099,10.562329,6.748075,13.154717,15.454071,9.080400,7.918144,15.116559,13.193892,10.007769,5.565266
[0;32mI (5760) ANALISIS_ESPECTRO: Frame exportado | t=5.10 s | pico=1000.0 Hz | 54.1 dB[0m
SPECTRUM_FRAME,6.118152,1000.000000,54.526619,hann,512,27.598860,28.193626,41.403603,49.376198,45.713974,30.028500,37.017120,36.305588,24.406511,32.058300,33.774830,24.980507,27.598927,32.647358,27.863968,31.735537,36.257030,30.374733,22.753281,29.138496,24.893898,18.758339,26.587715,25.791204,15.885239,8.510217,22.532623,19.258595,25.949059,29.085218,23.290352,35.931679,42.734901,34.673187,28.008350,34.676205,30.534035,16.394115,21.913816,20.318211,9.937275,26.909235,26.985741,17.981062,28.072258,30.865467,22.251184,29.352150,34.447289,28.201056,24.362312,30.934706,24.896048,22.518917,30.256195,27.020336,21.007679,35.272591,34.966740,29.056629,43.499989,45.894161,39.132133,49.960602,54.526619,47.665581,39.482311,45.333973,40.315063,24.225626,31.242504,29.213629,21.175228,30.634487,30.640583,16.432247,20.830585,26.590954,21.963484,27.664379,32.081516,24.170788,14.223711,21.518749,19.113632,19.093489,26.820965,25.239319,16.153954,27.983334,28.714455,22.678993,29.639948,32.614590,29.303757,33.318298,36.543060,31.011185,28.835270,32.403957,25.502768,16.967419,22.939909,17.586147,10.171423,23.767315,26.143784,19.477486,23.358061,25.093182,19.968174,20.714224,21.901493,7.208744,18.789490,24.020384,18.459644,8.339491,17.218403,14.797258,15.401555,26.499281,25.865772,19.560276,29.739689,33.299850,33.250240,42.072609,45.419117,38.470940,30.510616,31.456488,25.810650,17.489288,26.490385,21.755314,9.225729,22.723911,24.767448,11.649986,9.438117,17.380249,16.015394,20.224083,24.113169,10.401593,13.159575,18.112923,15.871020,20.170532,25.473042,22.033903,18.273787,25.802858,25.891243,24.742687,28.744900,27.546516,23.476946,19.533806,23.699606,3.378103,18.835846,26.636030,22.490805,18.536558,25.079132,22.786272,14.479957,19.580521,18.884840,13.467125,18.403734,22.311417,19.234871,18.661114,21.135956,13.295384,12.316820,19.846571,17.321846,15.270038,20.299313,13.374204,10.896411,17.660984,17.021654,18.640186,23.713533,22.606056,20.797497,33.262409,36.511494,27.862453,8.108912,24.626272,17.876614,16.844204,19.524792,12.586242,6.401830,18.989040,23.371986,15.321196,9.224167,14.271502,17.022005,19.898865,17.217945,12.978225,11.029710,7.728994,7.391225,10.263706,4.184487,7.344126,9.554047,18.488586,13.523444,20.429840,22.536581,20.769497,20.375977,25.966541,28.274279,22.522968,19.091833,25.452229,19.214256,9.730686,22.439337,16.850382,13.552805,21.734867,15.013633,1.467377,12.566578,11.905005,12.049447,15.847974,14.658634,10.035358,5.825490,11.788704,3.748955,11.322804,14.087132,13.786152,8.942662,12.811947,13.905491,2.169114,16.886211,18.624775,15.879667,22.085358,24.922731,19.861998,19.022888,17.810047,12.525053,10.843663,16.588905,11.503872,1.290136,12.648305,17.684505,13.987121,10.460388,15.128168,14.205107,14.425491,-4.285069,9.910823,-0.888171,2.925510,8.242796,15.488947,20.451307,18.146492,15.670117,18.996765,9.631941,0.422141,18.951210,15.595657,2.540269,18.454256,18.889235,-5.291135,19.409094,23.001299,13.808060,16.535437,19.723068,13.915930,9.080111,12.242405,12.851778,12.638741,11.276566,6.842165,8.729387,10.559212,7.734227,11.805577,12.786263,14.238741,13.401045,14.043780,10.733011,0.338052,15.077669,16.825237,2.709940,10.283484,14.044514,17.715237,20.584145,15.622717,13.828887,18.205801,16.703321,15.034988,13.230684,10.648176,17.389486,11.182501,6.585508,15.900620,10.797232,4.272857,19.300316,21.731510,16.443577,15.254239,14.466875,12.078925,12.891691,13.432660,13.971106,14.499421,15.790457,18.294060,15.733920,2.336866,-0.229596,9.333495,15.299389,16.126610,17.257282,18.454363,17.883801,17.531847,14.621304,10.346367,6.378891,10.218107,11.716433,-7.018256,13.344916,17.644316,12.156561,1.959897,6.202856,5.331299,10.576860,14.655565,16.527884,15.942861,17.013628,19.033981,15.123960,12.507351,-10.064479,1.465771,9.975769,13.175896,12.059738,12.698442,15.696716,7.337674,13.690203,12.475183,15.543840,9.597205,9.912683,9.655322,-3.950949,8.454823,13.353902,12.339245,14.869921,17.037117,12.998861,8.110497,14.231983,17.305645,14.559369,14.137059,14.711524,13.194008,13.850842,12.875992,6.650788,9.788083,9.270411,3.741601,6.179859,14.342096,3.957384,2.066248,7.122624,9.449129,14.357024,13.809309,10.556422,10.844550,13.651335,16.938080,11.754683,15.892002,12.128490,14.138112,16.424528,11.435727,11.504065,13.014257,10.467668,-2.100019,9.654143,15.322289,16.063387,14.226688,15.508057,15.855345,9.876159,9.677230,8.987400,14.052563,15.781302,12.473032,12.060287,10.864866,9.427262,14.067074,15.194160,18.781334,20.662292,19.604748,16.839558,12.426966,12.876111,10.677834,0.250149,9.907212,9.181992,1.963937,4.987346,3.528789,11.713812,10.310326,13.406142,8.605342,7.411701,10.871043,13.626780,7.747107,1.761436,10.351297,10.930796,10.130700,13.609649,13.754235,6.062365,5.446484,4.211759,7.812786,8.251418,13.034683,10.941515,8.617447,12.647156,14.589739,13.686904,9.025837,2.512653,10.909596,4.083482,1.971835,8.035956,10.783321,10.484125,5.266793,10.428399,5.993215,6.007698,6.433357,3.458932,9.811733,14.239511,11.312742,9.461120,16.160624,15.285055,7.396063,8.409342,8.164092,11.785566,17.299335,19.625252,19.374498
[0;32mI (6780) ANALISIS_ESPECTRO: Frame exportado | t=6.12 s | pico=1000.0 Hz | 54.5 dB[0m
SPECTRUM_FRAME,7.140516,1000.000000,53.486446,hann,512,16.837589,19.110678,39.677433,49.177986,45.912914,24.187996,37.305912,36.962299,25.611561,34.699879,37.700752,30.334463,30.377975,33.673332,27.587797,30.308777,33.211014,18.994705,28.524248,31.936241,29.790754,23.215294,25.432869,28.205303,25.568007,32.484711,35.384640,32.225204,36.746986,39.824211,34.800179,37.537376,43.562336,36.279991,20.128544,32.551014,23.534632,18.345047,29.651163,22.762039,19.406942,19.547640,15.745754,13.689264,25.547897,30.096325,27.202265,21.631226,29.045982,26.579479,25.064167,29.228416,25.382256,18.030146,29.786034,27.843016,26.490398,37.149540,36.886795,27.833483,43.872471,45.730865,36.699795,49.300484,53.486446,45.681068,33.968090,44.813316,40.552574,26.968668,33.005901,33.978226,27.467585,36.071754,36.467720,29.145321,32.371861,34.619976,27.978315,33.295040,33.667416,24.869101,16.894548,25.233128,26.242525,26.631821,18.821661,22.523994,26.846233,28.972008,30.541351,33.626629,38.155094,38.914101,35.113266,36.206184,37.537590,31.753422,28.351423,33.527359,31.114941,20.933599,24.697359,25.887014,25.830235,29.124220,25.739840,16.301800,22.991552,27.693535,24.001434,17.687683,25.185059,28.239202,28.464874,25.759630,23.828217,21.877748,18.719507,19.881796,23.900862,28.447092,24.356920,21.335560,31.612232,31.585129,29.030514,41.410595,43.277020,33.938652,28.867741,32.755875,29.391483,27.444822,30.692415,27.250053,17.254059,24.352884,21.690863,21.155167,26.796820,27.002846,18.982885,28.397739,30.905600,30.743353,26.639311,26.068760,18.815630,19.751873,24.478584,23.945864,14.975495,15.505005,16.913069,27.090130,28.241619,25.478283,27.911051,22.826145,5.441207,19.778946,27.724054,30.975904,25.570040,23.200415,30.121576,25.425550,12.901574,18.999018,25.118868,23.962690,24.015015,22.402182,19.093596,14.229861,19.811417,26.401045,26.065275,21.691969,21.065035,14.176354,16.934793,17.409552,17.110773,17.098207,13.376730,9.865503,7.743323,13.632166,22.111935,29.924757,30.781895,20.264732,27.073349,26.008635,22.186289,7.849516,10.758763,11.078606,22.268332,27.700407,23.259804,12.960000,13.877616,15.346764,6.455821,6.309556,24.156544,29.012085,23.871813,4.114380,4.556696,17.850218,20.143736,21.205080,25.116676,25.751266,20.238028,8.851005,24.601772,25.650162,16.001114,24.023079,25.764906,17.383871,23.354025,23.404009,22.798918,23.759661,27.150152,27.139090,24.831894,24.052650,21.238018,19.451847,20.144249,19.049706,12.683896,16.240261,23.487940,23.723785,17.353298,8.467834,18.148960,18.034010,9.497384,13.488104,17.579779,20.034180,18.878078,18.680359,20.613583,21.182102,19.487192,12.293619,12.540002,21.273966,21.563248,18.682974,17.153753,14.415386,18.646921,10.780842,17.782690,21.228855,21.552372,19.029730,18.035456,15.369992,16.902271,20.695381,13.105015,21.372538,-14.740486,19.657593,21.894712,21.302366,20.069157,21.197170,21.826811,18.244125,14.096045,12.301653,22.020069,19.897091,16.087358,22.613388,19.354952,6.850692,15.238869,21.985313,18.487406,13.827564,16.653641,18.897663,21.005291,19.137032,13.003513,18.397758,17.112717,17.342169,17.616920,19.951262,21.917633,20.094818,16.922819,15.540419,19.685991,11.892776,11.379279,14.257421,7.689651,18.429193,17.917793,15.596723,20.420990,20.528032,17.724646,9.238626,12.367985,15.637246,7.797748,4.172348,7.652466,15.177729,15.964580,12.874484,17.046944,17.373241,19.631063,21.102221,17.813606,5.683639,15.547705,17.819815,16.579350,13.696589,9.244246,17.559786,19.287226,7.194179,9.694274,14.574920,1.333151,18.338051,11.323508,4.695285,3.033657,8.460664,18.159937,13.858418,8.050189,9.460880,17.746813,8.792494,-1.446936,9.490147,16.607716,4.239487,14.882096,14.783316,10.931302,15.283013,13.543346,11.409147,6.860822,10.291038,10.903513,9.054962,5.179523,12.485137,18.475405,17.462769,12.249880,-0.774075,14.074696,14.384261,4.744313,6.349000,9.438839,12.724380,8.563862,1.356886,12.028383,10.007364,14.907528,16.667521,12.129314,10.773439,16.101994,9.149054,8.337254,15.605702,16.261896,17.047661,15.865870,13.119210,9.684423,2.812957,-10.568111,8.901272,-1.532840,5.884612,8.557624,12.767012,16.309074,13.231988,14.073633,18.405216,10.326197,7.306022,8.687282,17.313379,13.326550,10.157041,14.277616,16.413664,15.388628,6.037770,13.189759,7.288344,4.628778,9.432518,13.583007,16.958763,11.351633,8.630887,12.706424,13.431673,14.564338,7.550039,8.994059,16.690081,16.642620,3.636081,15.733721,9.552538,2.497812,6.742377,1.152316,7.809570,9.080276,1.189936,-0.308228,10.001366,10.368092,6.430498,-0.559814,10.362309,16.492239,15.683205,13.047591,2.952676,5.457816,3.499402,7.435884,13.348245,5.831398,4.995360,0.015963,10.697973,11.735977,14.436427,14.703097,10.796994,4.909033,-5.546098,9.968806,11.648478,9.687146,6.799873,-0.888324,7.055793,8.610381,6.388233,11.883025,13.520827,-2.672665,13.326889,12.822926,9.822827,-4.288493,10.198603,12.284338,8.213053,14.077433,17.304554,14.909842,16.201532,10.056526,12.912523,1.687130,9.500944,4.476219,9.243414,11.197767,0.270562,10.588974,11.888275,4.876052,10.808969,-13.949475,11.538215,9.574101,4.259301,7.506178,5.553192,11.633724,4.059501,-4.768188,0.550443
[0;32mI (7800) ANALISIS_ESPECTRO: Frame exportado | t=7.14 s | pico=1000.0 Hz | 53.5 dB[0m
SPECTRUM_FRAME,8.162877,500.000000,47.353096,hann,512,25.825148,24.984285,39.231266,47.566658,44.055946,26.848213,40.865822,39.474796,18.220545,35.737251,36.528542,20.665188,34.785984,37.369076,27.893888,34.025681,38.606892,31.368313,31.580654,37.330715,33.025951,25.892670,36.030029,34.419540,20.838835,38.891373,39.342831,18.013186,42.717930,45.181866,34.492535,42.701942,47.353096,40.188164,37.180523,43.878536,39.379131,25.119534,36.617943,34.614243,17.648853,33.992153,34.338020,14.329407,31.736740,32.893539,20.871000,30.101292,32.689156,22.110264,27.755983,30.866737,25.102900,21.310928,29.089130,27.335337,12.374534,30.601479,30.323479,6.952310,33.825150,35.230656,20.936735,33.448215,37.128044,28.913118,25.507849,32.367016,27.606604,22.219833,32.452923,29.443489,18.712704,30.408436,29.359051,9.876564,23.605312,22.962961,11.168919,17.617117,17.446129,5.922206,15.587738,19.381334,17.140635,14.209080,25.475899,23.807861,11.773827,19.627436,18.379635,11.530662,13.969179,15.475529,9.344626,18.514242,19.658596,9.288074,21.037275,26.729422,20.224926,18.897888,26.781618,23.089798,8.827213,18.761759,16.462967,6.006460,12.526946,17.293131,13.403215,5.489439,15.692537,10.576998,13.894261,18.633062,14.267109,16.893421,25.380869,22.762955,4.411861,21.898413,21.902906,16.387829,11.873428,12.223720,18.596292,18.856131,17.170771,17.680494,16.861650,17.335220,15.864978,7.368273,7.572987,11.025477,14.183895,18.419937,15.233599,2.941217,18.974663,19.866274,12.323441,15.530604,18.082811,7.495862,5.355132,3.850679,7.723377,14.400669,16.155123,14.385656,10.700041,17.145393,17.972155,13.806437,6.258111,15.445011,17.688118,14.018150,4.473021,16.878851,16.871424,12.174806,9.299887,12.763909,15.630262,14.172030,0.841645,17.223148,17.139935,2.086779,17.378637,17.982555,9.791456,13.965045,14.542187,5.728814,0.077652,5.989351,11.379700,9.245759,4.178391,11.190743,6.762237,5.206130,-1.728624,11.136322,10.311131,2.295927,14.901411,15.473155,4.926530,12.794281,18.479031,15.940487,6.150202,18.610781,18.125904,4.678285,14.660627,16.421379,12.468342,11.414946,10.901953,12.031408,12.498600,2.280463,5.062122,10.294872,10.805059,8.191556,2.703135,11.027569,4.954839,6.264835,10.509225,6.203027,9.656027,10.381803,11.175886,11.206031,11.317234,9.600265,9.483084,4.833496,11.277298,8.438684,10.094800,12.055326,-14.186867,11.578151,9.124559,1.917636,8.151546,6.089300,0.126625,8.379772,9.509717,7.663088,9.703573,10.477268,12.103378,8.814863,3.193391,9.578445,5.577940,1.402235,8.476875,6.872997,10.048319,7.115838,4.277895,11.673506,10.937434,7.402591,6.767748,7.777208,11.989628,11.632094,6.832211,8.676658,9.660136,0.566973,10.129316,7.355072,-2.904193,-2.519556,4.888323,4.986255,-5.481792,6.636536,8.214787,5.806297,3.000016,-2.649291,1.715998,1.244190,7.652432,7.598066,10.491667,11.709828,4.336251,6.486027,9.602405,3.615448,2.153762,7.876012,8.784936,7.440017,10.111210,10.745668,12.317751,9.900094,-5.467975,10.114132,7.782078,6.788983,6.242967,6.157018,12.647169,4.799775,5.755310,10.793920,8.654033,3.557878,0.890805,8.652463,8.587679,9.473896,9.098038,13.132812,14.245744,6.528013,10.000812,12.468982,7.783710,6.396180,11.790840,-0.006148,12.347700,12.533773,0.303939,13.651448,11.610783,-4.001986,11.322485,10.037526,1.773804,5.220315,3.993833,6.508089,7.391988,0.406296,4.508669,7.522981,8.407692,4.488900,5.387158,8.204192,-10.159507,5.282818,2.178636,4.525310,7.453058,3.067750,-0.802488,2.028422,2.328127,10.045514,6.394711,-11.438831,9.926873,7.791358,9.538242,11.456113,3.018170,7.993405,8.395759,3.532340,2.542584,-3.657050,2.493700,-11.464165,-2.026218,3.313291,9.859283,5.481222,10.274733,13.034926,9.359905,9.346795,6.785554,1.776655,0.646838,-9.479217,-18.099789,0.174057,6.266490,8.916540,-9.273253,10.083894,10.892638,4.337858,-2.804082,-7.315225,-1.292948,0.085728,-0.643798,-5.801463,-5.308947,-5.820520,6.179065,8.384565,6.079735,5.557501,7.492225,7.816494,10.880651,4.490962,6.181283,12.275052,8.209185,0.667079,6.342260,3.283270,1.050326,6.624589,-5.400974,4.673985,-1.628496,-1.197749,-14.171815,4.692131,7.952415,5.562167,2.931769,2.609024,6.481540,0.973203,2.501815,5.817113,3.728527,7.140861,6.267694,4.943265,7.647840,3.685867,2.939585,9.287379,6.189749,-3.729703,-3.083997,5.278883,3.832736,-10.022555,3.927988,-1.381476,7.122492,8.600735,0.290534,8.174599,6.814436,1.887670,0.757653,-4.671643,-4.016149,4.048132,3.132947,4.233827,5.568332,-5.404845,7.353834,8.023185,0.618796,4.551186,2.748761,0.953197,1.138070,5.169793,-0.236880,8.666294,6.516238,-0.887311,3.672870,3.000592,4.090855,2.294858,-5.810091,-6.168107,-3.962431,-4.203587,-7.774694,1.598584,-3.525431,-5.226872,-1.856287,-5.868914,-1.695527,5.960279,1.976280,1.798889,5.590314,-1.287641,4.335042,3.906988,-8.369418,1.551156,3.742648,-2.366367,6.644298,6.129442,1.276065,8.190058,3.060958,-14.650303,4.483656,3.570237,-0.470484,-16.777697,-0.977917,-5.524398,-1.117282,-2.928529,-9.272977,-11.593371,-13.270815,-3.413913,1.109826,-14.807102,2.850489,4.822568
[0;32mI (8810) ANALISIS_ESPECTRO: Frame exportado | t=8.16 s | pico=500.0 Hz | 47.4 dB[0m
SPECTRUM_FRAME,9.185249,500.000000,48.363895,hann,512,18.097887,20.671726,38.488804,47.700195,44.302498,27.323530,39.964241,38.938877,24.348270,35.595264,36.409241,28.834517,33.679642,35.531456,29.034634,32.711143,35.800083,30.471951,29.937538,32.613842,29.383873,28.309349,30.365334,27.953646,24.725304,36.712688,37.131466,28.778040,42.579933,44.815338,34.511890,43.803135,48.363895,41.024059,37.821373,44.846684,40.837971,26.533829,38.074192,36.877785,22.710171,35.289017,35.804489,24.988060,31.143597,33.045284,23.206491,28.635294,31.879093,23.899296,24.419014,26.850353,20.374573,21.264875,20.537970,15.224370,20.286036,26.919853,27.210028,26.980457,34.178509,33.783249,28.186056,36.861702,38.619545,28.846743,32.129227,35.885021,31.877346,22.966255,32.783298,31.460941,18.704260,25.048943,26.825314,20.791769,15.754589,19.779539,18.438927,21.498161,24.563227,22.207832,23.223953,24.906187,22.676897,25.422985,27.951672,23.303608,18.769663,24.446922,24.587738,22.594509,21.908579,23.839630,24.307961,18.178871,15.585865,23.551989,24.221575,21.670441,17.404310,21.806847,22.192059,17.507292,10.643589,21.222696,19.499907,15.736446,22.282610,21.028835,15.777316,23.811478,21.991711,19.282495,24.633806,21.580914,21.467159,26.685032,25.112171,18.886311,22.822092,22.668945,20.497988,21.114092,19.424980,10.007878,22.238302,17.940176,6.890285,21.370045,20.612700,18.552177,15.816068,19.446995,15.855941,16.425011,-1.107897,19.713184,20.390245,4.473436,16.879539,16.890244,-0.850191,12.037384,11.978868,4.844544,10.141897,15.192921,10.135181,16.868999,13.092952,12.220998,13.295231,2.484906,12.419394,16.680573,22.318537,19.221836,13.294668,21.328804,20.700752,10.341139,13.580526,17.654142,11.367389,7.332669,16.616325,12.345678,9.150737,14.851181,10.514095,11.355150,17.747114,12.334009,6.955459,15.172993,15.148718,8.248897,19.685413,21.475412,13.547006,15.390034,20.217199,17.398996,13.379753,16.896029,17.643188,19.403099,18.811787,10.686131,14.928107,18.926466,15.795020,8.698772,-1.615810,7.669046,3.315367,8.800439,11.731560,-0.819075,14.469610,10.155785,-3.502502,13.376436,14.606560,3.760508,7.134281,13.977030,15.795429,-3.256832,16.019985,18.143463,6.033392,12.643326,14.411652,4.948243,15.677719,14.496820,7.536847,10.549659,3.222765,9.056583,10.105864,12.823410,15.206574,11.118999,-12.568613,8.538923,6.919283,11.250507,15.186957,2.086007,9.671747,10.754049,9.911348,9.147290,10.045635,-1.055179,8.315609,10.473675,12.812862,7.623363,4.170027,10.958600,5.332959,5.808263,10.624761,-7.631941,8.346845,11.176653,4.491131,-1.294741,-12.906807,1.852415,7.880991,11.455269,6.086540,2.116373,8.149355,9.492146,7.581990,9.115509,6.371887,-0.335167,4.132241,8.300065,7.697264,5.870520,6.057134,1.924838,8.530092,7.708111,12.022621,10.787247,5.223745,2.894697,1.098554,5.969033,-6.686880,7.218174,10.299969,8.278954,-11.970101,0.276805,4.645603,6.577084,4.778008,4.702224,-1.580304,6.010217,9.522366,4.338119,-0.150081,4.111811,8.241988,1.628669,4.663284,13.251809,12.986347,5.224127,1.626493,-0.960903,-3.191631,-11.428190,7.046133,7.100471,9.521440,9.861236,6.218896,6.632625,10.374853,10.589151,5.235991,1.638126,1.912165,6.387063,9.491320,3.853295,6.569648,3.312576,-0.258668,1.434891,0.319206,5.897096,9.664101,7.629755,1.130742,5.872459,8.043514,10.770763,8.194614,4.747901,-0.354383,5.510970,7.419223,8.009384,3.542396,7.558078,3.515008,8.896293,10.766841,6.657020,10.483303,10.523653,5.077258,1.545963,5.954072,7.377444,6.626491,1.820072,8.018793,2.416715,5.708130,8.985130,4.308913,7.849554,11.955011,7.544250,1.757333,13.490606,7.919407,-2.528320,5.414804,5.395857,6.710502,8.714465,5.140557,4.570766,9.204460,7.514086,-10.316467,9.104732,7.837022,1.799316,11.375362,8.506451,0.422530,4.306983,13.498499,11.323263,7.006951,8.451790,7.772915,2.095943,7.985427,2.926294,3.295946,7.338993,8.559886,4.293546,5.542576,11.450462,7.118714,6.965178,9.047369,8.607861,7.993107,-1.406941,2.433942,-13.632505,2.699770,2.319141,4.093813,-5.085958,4.016247,6.236866,7.996909,-9.705523,0.843114,7.421200,13.198348,8.486639,6.120929,11.568745,7.708819,-3.085532,1.408238,0.841374,-1.845117,3.140414,-2.009103,-1.772170,-5.537827,-0.846768,-1.735160,4.932025,5.281697,5.777838,-0.460574,4.818862,8.786385,-5.545630,5.875927,7.410584,6.026969,-0.656268,8.558074,5.918107,-2.028572,9.034424,7.858891,5.915295,7.483403,0.549323,5.061780,9.211005,0.450154,6.149186,7.682638,2.286138,-10.442450,-2.909978,3.725359,5.610642,2.171576,3.982017,-1.368839,-11.473263,-4.766754,2.589200,5.972445,3.527523,6.603685,3.678336,0.896598,0.996352,5.283817,0.824082,3.109734,4.617300,-1.867433,9.318069,6.562326,7.352114,6.140707,-2.145325,6.456244,7.075986,-5.134945,10.197140,11.357857,4.708498,5.475824,5.563600,-0.777768,2.111831,1.815778,-0.101921,-12.171043,2.369524,0.976076,2.664378,1.878953,-1.211479,3.735917,1.642339,-2.238199,-8.295502,0.808244,1.569660,-8.290747,3.449852,-4.291725,4.351708,3.799156,4.588761,-5.383109,-8.643167,0.986248,5.402804,5.646233,9.774099
[0;32mI (9840) ANALISIS_ESPECTRO: Frame exportado | t=9.19 s | pico=500.0 Hz | 48.4 dB[0m
SPECTRUM_FRAME,10.207601,500.000000,47.070503,hann,512,19.616283,17.283775,38.748707,47.750061,43.890465,32.069416,41.869244,40.707474,28.654272,36.963547,38.196022,27.667761,33.765083,37.379368,26.526003,28.937532,36.347340,26.806492,23.342365,35.212448,30.213474,23.205620,35.696236,34.080818,27.498281,39.942043,40.892952,32.263645,42.732006,46.010803,36.957993,41.157372,47.070503,39.912510,34.236309,43.384163,38.915146,26.001013,38.168816,36.968529,27.282589,36.485371,37.604752,28.108086,32.505947,35.402843,26.034262,26.964043,31.688366,22.158442,20.404902,28.911093,22.808764,17.643349,29.793007,27.974888,21.419941,33.209061,34.113239,26.306751,35.117260,37.685940,28.557320,31.505816,36.500164,27.963142,17.528019,28.850975,23.916870,23.593967,32.905518,31.136339,23.108906,30.783842,31.813929,23.078163,23.587120,26.122650,16.934664,15.780040,15.534010,-8.593979,-0.913309,-4.092240,6.260224,4.139361,7.112041,9.291044,2.842319,15.385988,15.229945,11.308767,18.074266,18.500212,2.762775,11.300310,21.229675,17.814024,21.836906,26.873898,22.767311,21.678070,27.797554,23.686100,11.713887,20.154575,17.984898,11.650265,8.490362,13.746172,4.633814,-3.743376,12.114472,14.584066,15.695071,15.601912,14.161712,16.347954,17.971378,9.463624,4.568392,16.258671,14.903623,-9.192319,13.207726,19.290806,12.258160,8.272484,19.897291,18.589752,16.408600,19.910212,17.861998,16.763626,20.018442,15.445217,4.166964,14.376613,15.546663,13.357704,15.098776,15.824997,4.239615,10.963257,14.109486,3.471012,11.137255,10.082621,-0.231881,11.237839,0.717600,4.366141,5.422325,6.057320,1.082011,9.536828,13.272331,14.672882,12.459469,12.015433,15.401270,12.107145,8.154676,8.204857,5.418688,7.678125,7.566175,6.807592,5.203078,6.883255,12.299765,13.320423,14.053947,14.046862,9.674564,11.336040,12.858547,7.129154,5.296124,11.427812,0.624143,-2.497320,10.987201,8.335040,4.774601,1.246443,0.685483,2.719171,9.356263,7.124751,2.035377,0.964692,-2.172301,7.998353,4.699382,9.444481,11.861705,7.895550,11.642086,15.067386,10.750954,4.174448,12.939445,8.923960,3.855803,8.620748,7.753428,1.520427,3.770724,4.209033,3.990904,4.927399,-5.862623,4.864963,8.933790,1.968845,4.195982,7.554659,-2.410575,3.088982,9.315498,0.720609,3.653748,5.913047,8.596138,10.520685,11.457138,10.692997,8.509890,5.036293,1.974309,10.989190,4.728014,-15.757769,7.289479,0.342251,-3.262215,-2.102449,-4.722278,1.032630,-0.028590,-7.365204,-3.022122,3.687103,-0.671403,4.323702,5.753682,4.253709,8.733334,10.424327,5.714626,3.807192,3.906610,-4.899933,4.812665,10.311659,12.575966,9.119740,9.260971,11.071188,-0.244341,0.047436,0.604672,6.509519,5.296573,1.004201,-2.490043,-2.647054,-2.815534,-3.209381,0.899003,-1.544354,4.695918,0.309675,-5.123525,4.364133,7.061028,2.532730,5.803208,10.880485,5.573642,8.557392,8.835366,1.417796,-7.445845,-1.057248,-0.550446,6.962982,6.943316,0.773333,2.546945,2.499848,4.948401,2.773101,-2.370433,6.248114,3.183260,0.274631,2.039198,-2.087043,0.930153,-7.975010,-7.525232,1.737562,-3.195362,-4.187721,1.153669,0.572386,2.907490,5.094024,7.009223,10.055456,5.899244,5.621910,9.346719,5.926524,0.074937,0.575132,0.156107,-8.733419,-11.104351,-1.651274,-15.731890,-24.737171,3.972471,1.410782,-3.345859,0.587100,7.402793,9.727927,6.153236,5.799024,8.520323,0.657737,-0.563148,1.821914,0.191770,0.645856,-7.700701,3.666067,0.709870,-3.502765,8.425940,8.838321,5.582673,8.129328,9.860439,8.197197,7.206974,5.900788,2.400604,8.261615,3.385059,-11.178711,4.587872,0.788817,-1.344734,-1.912082,-2.774435,-1.043264,6.634365,7.814135,4.973297,2.626530,5.348022,2.903853,2.862738,-2.314705,-3.370844,1.426190,2.720894,-7.545647,-6.383190,-11.319112,-20.248199,3.112201,2.127397,-16.755297,3.708807,7.536059,-2.226106,-0.383150,4.408628,7.735851,2.995798,-0.804057,8.872026,4.125718,-3.709844,5.359347,2.052636,-5.689270,8.803058,6.886184,-2.154535,4.678792,5.259397,-3.158114,0.127245,-11.727064,-13.980566,-0.558646,-2.832804,-9.377971,-3.558928,-14.542979,2.632888,-0.494118,-1.236598,4.050097,2.100685,5.706188,-2.675529,-7.057162,6.142429,6.011760,2.416386,5.332647,7.690333,2.880271,-1.341142,3.457135,-16.186357,-0.344551,8.558629,6.650033,1.755882,5.239891,5.517387,-10.289088,-2.977834,-10.521276,-5.412216,-0.746917,-2.139248,-7.405353,-10.224532,1.361942,3.495739,-2.471071,2.493022,5.978196,0.442925,-4.215088,-1.237557,-14.134127,-2.230763,-3.186420,-5.150605,-3.207956,-4.300091,-8.662015,1.833358,1.458966,4.941264,7.740408,6.701970,4.677196,7.367921,4.112509,3.064714,1.896270,-7.103622,-2.896794,2.615863,1.692080,-3.144585,-7.350447,0.839451,3.250991,0.219737,-6.072571,6.676876,3.196510,-0.811467,8.167850,2.940707,3.905233,9.293821,2.734860,0.216990,5.268714,2.291124,5.775211,5.533403,0.214197,5.474963,8.599597,1.308276,-0.279406,6.893507,0.827152,4.681429,5.199187,1.966912,3.522027,6.980696,5.491457,1.811218,3.165958,5.712456,0.285303,-0.799198,1.595208,3.128635,3.828316,4.706914,7.249556,4.910769,8.254280,6.250273,3.013028
[0;32mI (10860) ANALISIS_ESPECTRO: Frame exportado | t=10.21 s | pico=500.0 Hz | 47.1 dB[0m
SPECTRUM_FRAME,11.229965,500.000000,44.403111,hann,512,-5.105765,18.529455,36.197392,45.314335,41.456635,28.685673,40.162106,39.230392,26.935518,35.366943,38.547791,30.373604,33.075165,37.875336,32.088898,32.234867,37.040272,32.356682,27.487320,35.209869,31.515467,22.275707,35.081795,33.502365,21.680040,37.628834,39.400753,29.208096,39.507164,43.441788,35.442459,38.015884,44.403111,37.996841,30.297068,40.794281,37.367455,24.038021,35.998936,36.422764,28.580997,33.913109,37.203583,31.011992,30.301704,35.861439,30.778349,26.687771,33.184887,27.674416,8.231432,28.521057,24.180000,16.682013,23.584421,24.791859,8.793266,28.532497,31.575203,24.146477,30.171497,34.167370,29.038725,28.240263,33.015633,27.677858,23.842371,32.221249,30.145462,24.093277,32.102875,32.550911,26.146160,28.283508,30.610445,25.277489,20.655785,27.352272,21.786520,17.934912,24.398100,11.499495,14.447278,14.243322,9.664733,19.078709,19.527702,14.230503,-1.234516,19.181952,12.670874,21.832901,21.851185,8.910042,23.767666,22.181744,20.528881,12.384223,23.249866,26.762100,22.935577,17.847343,23.742107,24.725349,17.335056,4.095435,18.916344,14.904776,16.968956,20.553738,11.984852,18.929880,20.040503,3.260391,8.193101,14.118298,10.103909,8.550776,10.632393,7.415719,9.014071,6.877214,14.475399,21.429092,17.337446,10.853724,22.817635,20.193176,9.589687,17.983391,21.630804,20.255665,17.038170,13.126902,15.282544,15.449614,8.595389,11.376295,15.876213,15.285945,10.697136,15.377586,17.547987,-1.537472,6.636295,17.494871,8.972449,11.595896,10.669986,5.536420,14.418982,16.572392,6.526532,12.664707,19.073925,15.611139,16.489578,20.662048,17.410023,14.837321,16.695436,14.782154,15.714278,17.894972,9.674670,6.429040,8.594398,5.615402,1.422735,3.930926,9.752844,8.312978,6.587326,12.778015,15.109221,14.523123,11.328417,10.716296,4.699401,4.580040,-0.710456,10.958472,14.947634,12.980471,12.479644,16.053978,13.807400,7.117075,13.093288,17.802837,11.280861,5.954066,9.623698,15.553144,9.214489,10.082644,9.401711,11.454924,8.417497,14.189566,14.387874,8.104410,13.829154,18.352596,12.757907,8.922005,18.042334,16.033298,5.732538,10.669717,12.701483,8.711276,5.038230,11.431733,12.210895,8.817026,16.187012,15.816620,10.500212,8.035288,13.078823,14.473919,8.389405,3.912034,7.983096,14.401320,7.327843,-6.395511,10.700035,12.596582,14.522057,13.343697,11.215694,12.708083,13.841315,14.780360,4.781222,10.112963,15.743420,11.734763,2.084747,9.678196,14.280991,8.911429,7.176497,12.549414,15.263648,14.505652,12.779552,11.592846,4.279392,1.255542,9.421475,4.815849,5.568235,7.006779,2.221006,5.302439,-4.621345,2.027000,5.454340,10.526258,15.285586,9.735210,5.996485,12.965036,13.698118,7.800310,0.079831,10.436638,11.360335,11.926297,7.478369,7.920147,14.853848,13.158771,7.803005,9.276745,16.472569,12.336048,-3.974098,5.183351,-9.239315,9.009809,5.520799,5.740200,10.585558,8.099100,2.778628,7.245537,8.068125,-6.026447,-2.590822,10.997714,6.525924,-6.752694,6.657328,-10.210863,5.356961,-7.790025,1.496881,5.943924,4.745962,9.745269,8.836728,-5.961802,7.967736,10.434389,9.596005,-1.499549,12.498817,9.760750,8.040170,-11.848527,1.786172,8.909873,0.730537,3.478624,9.491218,3.465907,-7.226716,4.713824,2.497369,2.842152,-4.399615,9.137441,4.282291,-2.497230,5.555869,-5.589229,-3.482535,6.351449,1.158192,10.660687,5.374196,-4.198712,9.025525,4.156156,4.394413,-2.079552,7.469049,5.439133,2.680573,7.588294,8.830653,8.767006,10.711653,8.462224,-0.623763,-9.094615,6.643291,6.544613,-14.402740,0.064986,8.147790,5.549064,2.668219,5.214221,7.608938,6.176660,-0.833063,0.467933,8.301087,4.077262,6.061361,6.344378,-4.917702,2.747956,5.493323,-1.800663,0.967085,2.394888,-3.298712,5.524952,8.184127,1.260613,1.333439,12.485933,10.179324,-6.296163,4.024583,-4.105866,4.131800,6.874238,3.699281,2.831125,5.374033,8.127233,-3.045939,-6.511044,5.375077,5.661783,3.476938,-6.495888,2.954983,3.361362,9.209778,5.884062,4.461689,6.187262,4.941319,5.363718,7.490172,5.276966,4.535404,8.939558,9.673448,-3.889414,10.148621,14.597052,8.954016,3.655118,7.493531,5.544091,-16.396366,2.874189,0.953277,7.017303,-19.333204,6.379362,-7.303369,-5.901659,2.812081,6.919176,-0.994436,-1.019174,0.052687,5.348382,7.672080,5.519478,3.789053,4.038200,4.970750,-2.306150,-22.398201,-8.933455,-0.577502,3.815168,7.744596,0.821573,10.906128,13.568237,7.660531,1.960897,4.225678,0.366804,2.242402,4.973696,-3.701913,-7.674908,2.766678,8.110989,6.292894,4.470109,7.121392,10.257424,6.558821,-0.950487,-2.559477,8.402259,11.396304,6.588702,5.954244,10.276648,8.596571,-3.121132,4.646626,6.041012,-5.563969,-3.451519,2.780937,-1.078828,7.511020,8.837447,5.418731,2.840438,4.356845,2.173817,7.297870,3.563373,2.626048,5.617366,6.206139,5.927422,8.805514,3.714814,1.419920,5.646414,-12.967559,3.111645,-1.898286,5.212643,9.164638,6.891730,5.189356,7.897118,8.554337,7.458427,4.468267,4.234542,6.709288,6.558316,-1.513402,4.398032,7.563033,5.809348,-6.927433,-1.109731,5.822758,-2.978038,5.572432,2.881972
[0;32mI (11880) ANALISIS_ESPECTRO: Frame exportado | t=11.23 s | pico=500.0 Hz | 44.4 dB[0m
SPECTRUM_FRAME,12.252324,1000.000000,54.232632,hann,512,33.264088,36.016010,42.378288,49.525528,45.966690,24.391306,38.884933,37.354816,21.869835,34.450935,34.839176,20.929270,30.983864,33.546940,24.816631,29.496201,35.208374,29.734596,25.582609,33.847012,31.050882,12.964514,29.666567,29.423952,11.634329,29.062958,31.706335,21.804735,33.217148,34.673187,25.493128,41.150246,43.660358,37.050240,30.157988,34.363369,31.071838,14.227230,24.867867,20.058037,17.297182,25.530310,24.961140,9.392784,27.738895,29.699057,20.896185,22.323055,27.615358,18.865314,23.241241,29.779501,26.041765,21.452179,31.062662,27.431675,24.246704,34.551968,34.779774,18.310257,43.063980,45.163403,34.140640,49.630341,54.232632,45.620361,41.943794,46.214500,40.946144,27.530592,35.196716,32.233841,15.463480,33.209198,32.305344,7.741022,29.233360,29.765203,16.312609,29.100113,32.054741,23.354853,24.899467,30.143131,24.958580,19.182417,28.383129,25.737410,17.261642,29.895664,30.692780,21.515978,33.186913,36.053520,32.748215,38.329338,39.083992,25.472660,29.705980,31.741665,26.514273,15.295753,21.459007,22.216393,17.628489,24.379580,24.892170,12.120752,22.111732,23.228909,14.315214,12.251064,-12.939274,15.405997,21.049999,22.709177,16.048206,21.762964,27.364893,20.767576,20.797112,16.533344,21.020796,20.677700,28.295425,29.340057,30.159100,41.990894,44.362141,28.161840,32.706421,35.396507,27.659204,21.261063,30.228786,28.091688,11.581539,23.785686,24.528393,18.757462,22.146130,21.780876,16.626318,9.625156,15.369309,18.798502,18.166954,18.804529,17.638517,18.075523,18.359221,11.404621,19.148159,19.911762,20.884802,19.348164,24.108488,26.758615,27.315384,30.178593,27.197950,11.902561,13.051209,23.232306,14.733841,20.447714,25.588520,22.439938,13.746824,22.826397,23.240665,16.457188,14.387485,17.729769,13.858066,10.702148,17.360203,18.267233,19.604019,17.438551,11.379023,18.656755,24.259241,20.862167,16.630625,18.355839,18.797905,11.227314,20.964861,23.953869,20.864630,34.855900,37.248234,25.692257,2.204498,26.456532,17.616659,14.274952,17.338207,8.530819,17.191101,20.238625,20.111214,17.525188,18.143581,21.229980,7.808738,18.451145,23.791115,19.347813,16.202789,22.778900,19.630411,10.265150,22.461208,19.181339,1.550886,16.137772,17.472279,13.195190,17.206991,21.450483,8.004922,30.202436,30.981640,19.093185,22.523014,22.956440,4.910473,17.809116,22.474483,18.015978,10.179501,17.835842,19.004732,11.358425,14.988739,19.644062,15.292464,10.244190,10.088862,8.898287,8.663345,13.657403,11.966969,12.943449,17.085121,16.571905,11.774592,14.165880,13.467816,11.696642,14.721266,17.507809,17.604343,26.647100,29.018368,17.062798,13.455093,19.194618,13.390034,6.223742,17.697680,12.697267,6.123920,9.913653,6.633267,15.865264,15.687908,16.299679,11.831867,9.075464,13.155213,14.778872,9.267158,15.217833,15.271102,3.430364,16.924913,17.482431,17.850357,17.207994,11.300537,15.803852,21.306164,21.682751,16.889957,23.861446,23.664930,16.831463,16.580612,13.052471,17.010071,10.504828,16.342857,16.371595,11.708906,15.550832,17.463583,5.731534,13.320455,15.037789,13.131987,9.513929,-0.466318,11.637383,10.821106,-5.222554,14.271719,19.149649,16.466730,4.743658,-1.085132,6.457896,9.386350,7.800955,8.357629,15.380110,17.841568,14.787520,15.499373,10.677559,19.677141,18.452641,5.861773,-1.196077,4.682658,10.300724,14.525481,13.717831,14.039749,9.092786,6.852923,4.221696,-1.502828,0.972168,2.476500,5.601768,7.857195,-9.552690,12.462144,12.094116,6.456028,11.481608,17.382118,13.925557,5.868827,13.990931,16.558731,20.569744,18.617640,11.161736,11.973045,18.429365,10.605289,9.754540,6.386852,15.228909,18.231319,7.848899,16.604715,21.127302,17.620981,7.223637,6.263783,12.433355,8.641919,16.431581,18.016888,14.960070,11.196660,15.283154,9.838064,16.160395,12.919655,1.640649,8.597815,7.745161,10.420708,11.921463,15.567009,12.021956,20.772669,21.638269,20.806902,18.745754,18.693102,2.687851,6.902992,7.431642,4.819352,3.531231,8.032254,11.309406,10.777217,7.423546,15.552430,13.858543,8.321413,8.843948,10.927326,8.626889,-0.928572,9.544149,9.484187,8.784634,13.416355,4.833298,9.362434,12.796257,0.851833,9.714378,8.820015,5.805369,15.892963,19.451744,15.600527,11.997210,14.348278,10.776293,5.990063,11.259707,3.346171,10.272387,11.223259,9.343925,-0.961115,-3.089423,0.899545,-0.695702,10.677336,18.190632,17.296364,8.361634,6.633956,10.699398,6.358250,0.972687,3.330093,0.181350,6.579225,12.968380,9.657153,-0.872283,6.325770,5.105375,13.240591,20.650732,19.601749,14.259008,9.398232,-1.355060,2.803307,10.105991,9.710937,14.316388,6.426848,4.997141,7.435346,4.068202,13.654148,12.149652,4.498200,7.148320,4.825148,8.134862,11.681961,10.411652,6.172823,8.074551,5.799350,6.184928,4.406341,3.394026,1.415388,-1.887281,9.251038,8.648110,14.529324,21.055893,16.975143,15.064928,14.122570,-6.213060,-13.487577,10.407516,14.921305,14.997471,9.891968,7.521169,8.056369,10.891754,1.515132,6.933692,15.066686,18.815247,12.410207,8.540840,3.539777,7.363104,10.628447,-9.423063,5.179365,5.656960,5.299774,4.283495,-4.205030,9.548832,10.941659,12.118186,6.009920,5.761567
[0;32mI (12910) ANALISIS_ESPECTRO: Frame exportado | t=12.25 s | pico=1000.0 Hz | 54.2 dB[0m
SPECTRUM_FRAME,13.274685,1000.000000,56.690498,hann,512,-20.760876,12.829992,42.908562,51.540028,48.021339,29.841442,40.447575,39.173141,20.395288,32.570633,34.029690,25.259357,30.588930,33.427471,23.561554,29.089809,35.370140,28.800058,14.701986,30.023491,27.840313,17.734829,24.995996,22.755428,13.804482,25.003330,25.682756,8.222046,22.175480,24.204044,15.880363,10.350460,15.840973,14.708511,12.142574,22.042627,20.769693,20.072083,27.218323,23.948090,16.544632,28.921947,28.781940,19.986601,26.688383,28.968750,21.530027,26.805563,30.573120,24.061375,26.294521,31.676895,26.133747,17.771320,24.707802,18.464682,25.617851,37.365795,37.104832,30.508699,44.923534,47.290379,39.700020,52.115273,56.690498,48.680058,41.638409,47.319412,42.262512,25.370090,35.405724,32.239155,20.716810,32.076092,31.768133,21.352543,24.570778,25.413227,15.249958,27.361803,31.245173,21.677082,16.488640,27.355350,24.475544,9.335038,16.626427,18.518093,16.684626,21.215652,20.373169,8.784353,18.389303,20.215118,13.925042,15.947104,19.653124,12.373134,13.892963,20.196033,17.042976,16.785057,22.529867,20.895943,14.346046,24.182903,23.783165,15.228441,16.128139,20.629082,17.607262,16.498642,21.112719,17.949295,17.974319,21.253138,16.060293,17.162224,25.476955,23.934376,22.520126,29.349472,26.526423,10.327421,22.964691,24.087444,31.325558,45.901939,48.443199,37.458374,30.825268,28.004353,21.164406,21.871614,30.101612,26.796427,14.641140,15.267218,4.913074,17.488363,21.277380,21.326895,1.786290,4.541824,15.387398,10.269302,17.201159,17.359522,12.568787,5.322438,13.371157,1.330969,13.743220,11.161423,7.422574,9.087620,11.110263,12.625021,2.284379,1.719226,4.845237,8.553401,12.607026,13.168302,5.146700,14.942352,14.343660,-1.050259,12.338041,19.220554,18.459452,7.114246,19.735298,20.440689,11.508223,15.889938,21.085892,15.792842,1.225553,16.437323,16.319420,20.403179,24.024097,15.734391,17.892208,26.496904,23.408382,15.666637,29.422504,31.821598,31.737839,43.879471,45.428539,31.942122,28.677032,28.197727,21.407368,24.148132,27.778454,21.403187,19.015633,26.129848,25.799772,20.193279,20.208025,18.638990,13.823209,13.132565,6.876533,12.170230,15.673779,16.417313,14.758104,13.080192,15.691648,18.511209,18.657196,15.056068,11.674755,9.911978,-3.101623,8.726358,10.195858,13.142104,13.484374,7.816712,5.478544,12.514504,14.289499,16.699802,16.756233,15.247458,13.647126,16.704718,14.582568,11.578234,4.389467,7.198166,9.871505,12.584698,12.880874,-14.008893,16.233704,19.413223,13.554508,14.667331,22.181387,20.813768,15.969969,17.686398,9.842055,17.790535,23.281639,13.319802,28.168373,38.019371,37.350601,26.882648,24.385395,28.423164,21.261070,9.573869,21.116343,16.326805,10.701180,13.407700,12.993168,5.654512,13.343263,10.772612,7.021317,14.182302,15.413608,-6.660400,9.349425,9.818514,11.704780,17.818810,19.444956,15.409856,6.901346,6.116635,-0.689606,8.913815,9.194485,11.572119,8.885083,8.976764,4.121874,8.970545,14.811098,10.755191,13.662014,11.385555,5.973866,4.105340,1.991702,12.609310,11.966383,7.630227,16.399963,16.655277,8.393583,10.122071,12.546179,8.017379,6.320691,12.437864,4.015401,7.284135,7.935771,15.779951,18.431734,20.899153,8.533162,8.151489,20.647524,22.710808,26.253601,36.581402,35.926163,26.121199,23.468199,17.569683,10.807131,17.179420,20.892599,14.659084,20.487286,22.637840,16.066975,16.575480,15.372172,15.801285,12.571800,8.320324,5.675484,-5.128366,3.635471,4.148227,4.022543,4.310104,12.908134,13.868127,14.665175,14.971079,14.997112,13.223576,6.155984,3.869627,5.094058,11.315160,12.379814,9.190270,8.590340,1.778080,12.787218,11.019707,9.750623,13.687834,10.045882,13.351989,13.846246,11.127124,8.904035,3.846982,3.468213,9.199601,14.166684,3.737352,14.903373,14.604464,11.653634,14.993555,18.869312,20.195101,16.265148,10.052946,6.562126,17.188763,20.961643,6.363696,24.860937,30.572241,26.379429,21.741297,20.291084,24.577705,17.263580,11.763720,17.089924,9.105068,5.873575,12.415023,18.483032,10.016633,10.724648,9.667553,-2.850750,6.258102,4.663860,12.774723,15.693094,13.960726,4.048423,11.899381,13.704902,11.156053,12.555447,14.606734,10.263134,4.328465,13.756926,8.953017,4.398366,8.108310,6.345945,-3.153716,3.938678,-8.316216,-4.326005,4.280371,3.238879,8.970169,-6.511384,12.491972,10.387849,6.450398,17.414013,15.599183,2.952302,9.287822,8.032013,4.285918,10.772929,9.342307,11.574883,16.153772,13.556581,14.784657,20.009163,19.159988,12.555758,17.189999,17.216982,9.362057,8.418406,27.914522,24.704685,24.982506,22.181332,13.400040,14.389019,19.290283,19.171955,12.216321,17.222101,17.635971,11.147598,15.832995,18.249611,11.541209,12.826810,12.365722,5.076151,1.250902,9.236259,11.235922,7.495997,1.979382,9.145268,7.982688,-10.804357,10.477766,10.224493,-3.308097,6.432662,6.640680,11.847584,7.375793,3.718458,0.203587,8.365086,10.454497,9.890522,9.622644,12.691612,11.247268,4.736871,3.759090,8.951057,9.146336,8.010033,6.571782,-1.930664,12.563923,3.984624,7.867957,11.371344,13.399209,14.220513,11.471380,14.274788,17.907299,16.629141,8.992567,4.936773,5.873599,16.189713,12.022753,17.400364,11.447475
[0;32mI (13930) ANALISIS_ESPECTRO: Frame exportado | t=13.27 s | pico=1000.0 Hz | 56.7 dB[0m
SPECTRUM_FRAME,14.297054,1000.000000,54.221016,hann,512,22.911068,12.043427,41.122536,50.182156,46.815639,29.851624,37.685474,38.957279,30.338215,35.028618,36.613861,31.023308,32.102402,35.308014,32.720654,33.150108,35.985291,33.575291,32.667641,36.373840,34.338036,28.546564,30.031977,31.010151,29.334105,28.681498,35.697548,36.078415,36.004566,37.295986,33.702866,39.259708,43.390202,37.061180,27.235062,35.658184,32.765354,28.079489,33.426643,32.450691,27.084883,33.182961,33.050190,25.733418,32.296349,33.236755,26.932404,29.102755,32.509876,29.202707,29.246313,32.105656,27.706051,26.573811,33.007500,29.276667,28.472179,37.804493,36.847061,30.828846,43.588066,45.972908,34.646000,48.799225,54.221016,45.986294,34.485268,45.700371,40.818287,28.017258,34.982552,30.687984,26.109114,34.970562,34.036709,24.786560,30.409935,32.346691,25.062553,25.509354,30.119976,20.447798,25.336224,27.768328,23.471107,12.565598,25.302734,28.464773,19.336119,21.959911,32.329483,31.912348,28.262331,29.731770,18.222324,30.602720,35.364998,19.095638,29.286274,34.795612,33.322189,31.270105,31.844040,30.053116,28.057079,30.456636,28.404877,22.807964,22.011158,25.393867,29.537777,27.049541,23.108370,17.525127,21.355473,22.909014,20.648973,17.006001,27.143602,26.255527,16.227699,28.955698,31.138535,25.911200,31.781557,30.349552,31.271456,40.982204,44.538540,35.966644,24.366598,28.403704,16.613962,24.951666,29.894455,23.934113,21.292900,14.874550,11.052319,24.860031,16.948713,16.920044,20.654678,14.711528,15.967943,28.432009,29.761806,24.154324,23.463455,23.843002,22.731716,18.109224,24.506292,30.294426,32.786400,32.387890,25.039734,24.533537,25.415482,28.051083,25.887836,20.861643,22.660334,23.346268,24.626057,26.000008,20.460278,20.895538,17.917816,20.080729,16.952925,19.255381,18.904408,12.657343,20.064835,15.925693,19.593596,21.861467,21.649876,18.108681,21.670376,22.265415,22.360552,22.613598,10.165038,12.354985,23.528688,24.315052,22.177773,20.544348,23.289539,34.018764,35.613564,25.831320,19.915382,23.952663,19.219477,-0.064175,9.126938,14.027725,22.085449,24.206293,21.390514,23.325605,22.149796,19.809465,20.192739,19.107861,20.218924,23.560507,20.228165,16.232521,16.675098,21.860130,19.846777,15.837442,9.091936,23.332397,26.458216,20.491238,17.332403,15.840967,19.401131,27.415581,27.332817,1.098542,18.677084,25.024252,20.909250,20.433743,22.777477,14.531850,11.782589,16.539610,16.885920,12.143133,12.517149,14.214133,19.263727,17.482901,15.910694,13.953351,9.039310,8.254755,6.168598,11.951601,18.531549,17.747084,20.892513,22.697075,17.661800,9.592045,17.225254,14.408094,16.207363,25.483738,25.161369,16.246899,15.124087,11.106272,12.930884,12.916841,14.052305,7.206478,3.407169,-3.138403,10.921837,15.864123,6.589107,13.666234,4.830140,-7.335649,14.208430,13.108511,19.916199,12.968674,4.653302,11.587405,12.856560,15.421415,17.328815,-1.154867,14.407084,16.886871,17.323626,15.513492,13.095546,18.953648,17.214865,9.694365,15.689510,22.632740,12.848729,2.445987,16.875278,-0.701020,16.208748,5.916858,6.077269,7.999457,12.752682,10.594923,13.442495,14.932940,17.914106,5.084064,6.329644,15.995575,16.374281,17.758450,18.412132,14.377079,16.278168,19.487148,17.633524,19.046438,21.846581,17.891693,13.208443,5.188060,1.419986,12.897634,4.370747,5.331223,14.351049,14.394684,-0.826331,4.382602,12.544623,9.002305,11.440978,14.926905,6.323820,0.746529,15.262347,10.619911,2.256717,16.611488,19.962828,12.718501,9.371038,17.490625,15.926384,-3.688003,9.915563,15.698175,12.890293,13.116777,10.231407,6.114463,13.301377,8.843580,10.384282,14.674598,10.661544,-0.020861,13.470074,12.266292,6.209164,10.157151,14.577623,16.114952,12.466254,8.289867,12.886766,8.721837,16.702250,15.505550,19.001156,15.958549,15.787736,19.007347,16.225676,12.395853,15.166885,15.707303,11.225931,11.585726,16.926702,15.052816,4.052291,6.629570,10.760102,13.201740,8.004827,13.347198,9.319445,10.527298,16.511248,11.405455,8.347817,11.439589,10.542696,9.223321,13.109161,10.447313,-0.872420,0.013423,4.005341,-1.118825,6.357572,11.301903,14.717501,13.407836,14.602869,8.790444,7.819486,11.279604,13.134207,13.698074,7.830920,12.414400,16.961029,16.266872,13.838740,15.684937,13.074111,6.599002,7.636770,14.054594,11.047477,9.130009,7.181423,8.382699,12.095028,0.079596,8.376361,2.805033,1.936052,4.528376,3.054263,2.384263,7.207973,5.521995,8.308187,10.561989,14.610929,15.097898,13.341152,12.383978,17.150652,14.357231,10.261047,12.922384,17.980936,7.989573,9.075228,6.776658,9.494485,-0.056102,12.880346,7.649746,3.938267,9.195422,8.500682,13.038960,13.494696,8.574806,13.225634,13.190660,9.400234,16.126463,18.513613,9.254219,-7.949467,-4.102779,0.431502,9.237533,6.696263,17.103985,12.087275,-0.285994,-1.419244,8.025986,7.950919,11.381876,10.415802,7.381054,11.508160,13.064800,4.191561,-1.154578,3.588412,11.035080,2.935668,7.358936,10.085804,14.879380,16.418406,16.576504,16.453213,16.716011,14.985817,7.164824,14.863804,8.241290,6.087590,9.184410,17.508263,20.296242,16.581404,14.536113,18.094408,16.698181,17.797503,16.661469,6.153125,12.984313,14.830667,-1.354457,8.005683,12.349783
[0;32mI (14960) ANALISIS_ESPECTRO: Frame exportado | t=14.30 s | pico=1000.0 Hz | 54.2 dB[0m
SPECTRUM_FRAME,15.319408,1000.000000,54.607769,hann,512,20.114563,7.945119,41.387222,50.231598,46.896244,32.302128,39.146580,38.295933,28.806885,34.638893,35.879677,27.789486,32.505486,35.048679,27.007589,30.117016,36.874359,31.066139,27.029308,34.703865,30.793785,16.893797,32.326130,30.870140,10.724150,28.310925,30.297548,24.842270,32.070415,34.482109,30.776903,39.818920,43.419876,38.314369,33.897030,36.281208,30.910583,25.835016,32.794144,29.738441,15.267353,31.198643,32.462307,18.899963,30.411110,32.317120,21.519354,27.618921,30.925043,22.136442,26.766918,32.854931,28.131046,27.524841,33.335258,30.896133,28.303492,37.615314,37.176720,27.148876,44.381287,46.422775,33.101719,49.512634,54.607769,46.522202,38.079655,45.854412,40.892532,26.714016,32.995430,29.262722,18.995314,31.876173,31.964607,20.987804,28.741573,30.950142,22.378122,29.250301,34.317680,25.130796,24.547161,29.175413,24.839142,11.857002,24.328655,23.289488,20.436390,17.506144,15.773984,16.143391,25.780506,28.857948,24.612303,29.923246,34.163689,24.013269,20.617661,34.064362,28.880835,19.587521,28.156532,24.878288,15.437879,23.034473,24.340672,11.844572,24.237659,24.206497,12.509611,24.844574,26.749817,18.488739,19.823311,23.527391,14.077315,14.487514,20.266459,19.050692,11.312675,23.511883,23.597498,16.691010,29.929935,30.576458,28.986080,41.833893,45.389488,37.605068,26.117029,30.374683,19.104679,5.425440,27.203588,24.313820,14.718954,18.316587,13.376050,8.815197,8.419048,15.173212,5.119169,19.258013,21.024664,17.484825,20.688881,16.528929,6.423788,12.959834,18.998447,17.037016,14.110422,22.944992,21.166773,21.741564,27.912964,27.323141,26.464872,30.411423,30.288191,25.482653,22.952757,28.861889,17.395521,9.519636,26.922642,24.566031,15.833287,18.120153,17.429070,16.913561,16.499924,15.207601,15.264395,15.734826,16.136898,16.553123,6.715758,8.297407,12.385577,20.622757,24.908333,18.857929,19.682438,23.452909,20.481234,19.193340,20.752945,19.084951,26.127729,35.968315,38.370522,33.171356,16.622349,23.447571,-1.171241,17.780022,8.654951,10.116630,11.989335,21.233501,20.065849,13.035092,19.616051,18.067219,11.861023,19.244057,21.082394,18.223495,14.857965,13.824598,3.370013,13.018648,20.359650,18.917595,17.573034,20.498791,19.886093,9.413012,20.170956,17.193029,11.103527,26.731075,28.413288,21.467518,21.293285,23.782740,19.699463,19.207485,24.564423,19.481413,11.490836,20.111158,17.825472,3.291702,16.953501,18.931444,6.605726,10.040616,13.918859,10.562420,13.704844,11.424279,15.063169,18.646748,20.858315,6.083735,16.847412,20.068249,12.537592,10.747271,14.559660,18.006670,19.905260,28.749115,29.840015,21.572033,8.825536,11.836884,9.489721,10.040291,5.804186,9.906679,7.975672,0.541443,13.461388,15.850237,15.182001,11.596510,5.390379,8.681026,13.490506,2.106994,16.266037,15.025064,3.745224,16.854694,16.839905,8.572662,15.978226,16.665285,12.677362,13.413858,20.658424,22.219620,16.596607,18.532312,17.490284,6.975842,19.978140,21.529617,6.540792,6.224986,17.699612,12.533746,11.135131,15.393382,15.571228,13.026481,-0.249107,-1.999663,9.232403,14.789742,10.297348,2.755393,10.215326,12.027173,1.619751,-1.282387,13.658297,3.870819,9.423127,11.827792,8.425205,16.698698,20.038399,16.100653,15.783051,21.342873,21.507603,18.758999,20.344406,20.146725,11.885466,10.104390,16.957172,16.671528,11.767447,10.906363,16.918306,18.097025,10.757490,6.825095,9.688694,13.495125,10.866982,19.649694,21.611994,16.756466,1.134349,15.677538,14.918455,10.418347,15.502219,14.439521,13.541782,14.613209,13.601074,19.412357,18.696045,0.697745,10.411655,17.659683,12.510645,10.065372,13.476361,6.076231,10.930653,7.146173,7.802833,16.224621,4.001351,2.150776,7.004208,-3.593185,12.351574,13.815065,8.675272,7.457664,7.000021,-2.576092,12.267153,14.383693,-0.410651,9.825024,12.774447,13.361715,10.155658,10.911581,13.160634,8.529863,8.996253,17.971148,18.747000,14.544702,14.936771,8.370218,8.913952,9.150225,11.355556,13.817925,14.064408,18.208118,17.406401,15.468613,10.142751,13.222927,9.599720,10.409451,16.944859,18.368111,14.687302,8.184794,9.871166,12.845206,6.909049,11.515354,14.909800,16.153662,9.294401,13.396379,16.696827,5.223775,12.205864,14.805792,12.149868,7.844004,5.077802,-8.501443,14.459538,11.026678,2.464948,5.192791,7.828751,9.188825,4.326965,9.083397,9.722853,2.555523,14.190180,11.203234,13.235812,12.569475,6.971150,-6.566529,14.115389,16.166729,11.896158,9.834774,17.666748,15.885571,13.608313,19.392406,19.291683,18.023970,18.767530,14.468439,16.080181,11.632161,9.645951,14.347233,14.228772,12.097214,15.684002,13.345758,6.406724,1.916996,4.684642,3.630076,7.773399,9.149805,-18.098709,10.539149,12.702875,5.711107,5.080814,12.478741,7.593482,-0.869820,10.855914,13.051724,3.143193,13.411356,13.438825,4.079842,4.259042,11.342033,10.698241,14.291748,11.626167,10.532228,10.335217,7.949418,0.893919,6.976471,3.755518,14.703885,13.639318,6.039410,12.034067,14.099990,7.353261,3.637224,6.627468,7.684398,13.387955,8.092094,-1.805164,-7.112121,8.221453,11.152889,6.765440,11.932683,17.433311,15.863636,12.185129,17.202425,18.571178,14.717774,15.132155,13.430307
[0;32mI (15980) ANALISIS_ESPECTRO: Frame exportado | t=15.32 s | pico=1000.0 Hz | 54.6 dB[0m
SPECTRUM_FRAME,16.341772,1000.000000,54.189991,hann,512,19.627922,14.430623,41.893345,50.121597,46.870270,24.656071,38.960415,38.025631,14.600285,35.228851,36.215355,19.292686,32.948147,34.837391,26.315413,30.908339,36.178146,31.234280,25.145020,33.727692,29.865307,19.615311,32.079044,31.977146,23.175447,27.598679,29.580757,23.253201,30.250742,33.375935,21.662258,36.315308,41.599697,36.314098,31.764130,35.616631,29.231621,23.696606,31.417778,27.101763,24.852390,32.736088,31.002407,19.445778,29.857113,32.355530,24.162092,26.799934,32.185734,26.459608,24.858185,32.799610,30.794630,16.170828,32.600159,30.821268,19.756220,35.835918,35.829445,25.510551,44.321747,46.359478,35.583332,49.441525,54.189991,46.867966,40.225166,45.855106,41.037689,21.652315,32.752563,31.048424,20.340231,31.653421,32.240570,12.777464,28.958714,30.832886,23.390076,25.167118,31.234272,25.695980,21.801201,27.217449,22.856239,14.725060,25.288198,20.110546,10.339725,5.213552,1.741696,6.620176,24.831020,27.632284,25.596832,24.900269,33.267151,23.867311,28.001316,30.623203,26.015057,18.948885,29.154282,26.214056,13.630709,25.823519,25.372719,12.788781,24.524672,26.714603,19.996101,20.992796,24.774887,20.071503,19.852068,26.039181,24.288952,14.597008,21.595459,18.949696,21.593521,12.510228,20.508705,26.543303,29.318426,30.343857,24.554173,40.555283,44.457279,36.338791,30.483110,29.860931,24.214333,24.339653,32.398380,31.745903,26.236755,12.912592,20.833681,17.996307,12.096071,6.937029,10.755402,10.535469,6.850350,18.094801,16.774590,17.706110,12.265262,14.420847,21.049313,13.375920,10.039022,17.496431,16.079311,11.141782,22.715853,23.993864,21.881426,26.945724,26.544125,24.664646,21.085312,28.179718,23.377493,20.449661,26.749840,24.331612,11.021266,15.328980,4.807557,8.758751,9.793835,7.970229,11.682493,9.879754,7.629109,16.155230,18.162626,15.698380,5.855828,16.221188,23.541155,19.121998,21.136713,24.895809,25.606203,20.318529,25.275444,24.386627,21.923216,33.989948,36.660416,31.667606,15.903096,22.035347,16.163311,19.630363,22.315748,21.665066,20.440544,19.655401,18.901159,9.624893,16.841305,18.108536,13.499618,10.476587,15.456401,17.818684,11.573792,15.258581,14.764003,17.050289,24.141447,21.260338,5.971692,19.611568,15.607157,13.923837,23.158867,19.710733,17.181759,26.270397,25.755764,14.348452,23.361904,25.237339,19.766674,19.509007,24.817993,22.403975,20.500408,23.174206,22.403957,13.244747,16.276344,18.779369,17.052509,15.705794,14.571609,5.232744,6.289876,10.752350,9.322370,17.826403,19.777073,15.268417,18.681942,23.789749,18.527130,20.497770,21.684740,14.648863,21.490450,27.455730,27.058281,20.505007,17.581535,16.934378,16.667059,17.556564,9.031757,10.834110,10.923976,11.544878,4.987097,11.213724,8.625061,7.097779,13.694386,12.765466,4.860468,1.953283,13.203871,14.206276,1.366143,11.439939,18.588568,17.199190,3.309724,12.324506,9.435566,15.483608,20.118767,16.097986,15.422983,20.301208,21.172464,12.254294,18.784769,20.878063,-0.823777,16.857233,20.736197,11.509652,12.789791,19.403893,19.818062,15.258876,7.758106,0.903890,13.019594,9.232735,6.576796,4.532630,5.236180,4.331767,13.804466,18.225544,16.311981,4.959545,15.572768,19.097784,11.069217,18.382744,21.574488,14.544114,14.911278,14.832801,8.285374,12.183286,20.409143,19.158604,3.750405,15.146953,6.260906,8.958521,12.955795,8.107081,7.680509,10.731956,5.723636,2.328765,8.495684,11.337170,10.915093,8.825529,16.014170,18.266783,14.876942,8.436630,16.025227,10.479118,14.652355,14.906616,8.325277,4.959673,7.789810,9.983017,8.113375,11.486377,12.588030,3.397096,9.043063,9.097982,19.753927,16.706970,16.489260,13.261205,14.378851,15.849017,8.647479,11.245098,13.184620,12.602929,11.806703,4.553679,9.726642,7.753259,-12.763695,8.148156,8.802483,8.082515,6.388989,-4.559896,12.729897,16.513550,11.163405,15.691475,19.033710,13.616568,12.663666,13.182413,8.512769,8.298857,12.398001,13.190393,10.354018,8.472975,13.181053,14.521286,5.712731,13.287092,7.415061,-5.546872,7.731497,-0.347306,5.006432,10.652472,7.111061,9.578709,4.898910,9.034599,14.385765,13.411467,12.781791,7.558762,16.710751,14.214796,-6.687947,14.279752,16.395504,8.249719,11.181288,15.711312,16.052349,13.944979,11.766271,18.037350,18.083904,15.110233,13.505403,7.445126,5.880671,16.129772,12.602988,9.012351,10.969995,6.420778,-4.103900,6.042558,7.550080,10.044645,-0.894994,6.933283,12.179666,17.022835,15.165591,2.700577,14.522175,19.229567,14.945786,16.291061,17.703535,11.607061,8.730122,10.036968,6.698662,8.504507,4.912069,7.425513,-7.313273,14.041111,14.901779,12.010335,5.868506,6.226716,-3.083411,5.194479,5.109351,2.631051,12.975071,11.385736,-2.076845,3.443479,4.790695,6.211011,9.984079,11.503301,6.360052,7.253828,12.324120,10.153028,4.713868,8.171259,12.791328,7.231203,8.118504,14.498854,13.135445,6.626651,7.515366,11.462356,7.987605,5.534640,10.852259,16.726206,12.502916,9.910358,10.188950,4.212576,3.234547,4.520605,10.226263,14.473370,7.675416,3.796901,7.660174,8.389738,7.895354,12.610291,10.483131,6.730237,2.290915,2.129712,3.197409,1.056987,7.611980,8.645249,-4.232093,12.431648
[0;32mI (17000) ANALISIS_ESPECTRO: Frame exportado | t=16.34 s | pico=1000.0 Hz | 54.2 dB[0m
SPECTRUM_FRAME,17.364133,1000.000000,53.779343,hann,512,23.545626,21.656321,40.942722,49.640419,46.286655,25.661125,39.396374,37.928169,18.769573,35.619167,35.903187,23.974960,31.330154,34.501003,26.766987,30.325130,36.895309,31.382500,24.424259,34.537804,31.591301,20.671993,31.118555,28.230352,16.102804,26.989384,26.378725,14.108220,32.051071,34.925179,29.361122,37.901321,43.312653,38.135597,19.736740,34.048214,31.191702,19.746588,31.306946,28.285143,17.562668,30.221432,29.511879,22.216953,31.473181,31.734180,13.136502,28.747561,31.828348,23.692884,25.935076,32.574562,28.497166,19.786751,32.721424,32.338490,17.389427,37.252529,38.231541,24.503780,43.547432,46.323185,36.904205,48.855484,53.779343,46.662857,38.675476,45.523792,41.159157,20.945356,33.330654,31.846245,19.643114,33.673672,33.482639,19.315372,25.541302,27.747520,15.779865,28.415783,33.992332,27.328213,18.605505,27.674896,25.218735,19.807146,24.375113,19.149235,16.870922,17.535387,17.917698,-1.065279,27.709970,28.971643,24.233768,28.938938,35.469784,28.895287,30.622814,34.358009,28.872334,23.254215,31.219887,28.096125,16.783510,28.197464,28.789263,21.867207,17.045761,20.644932,19.313375,24.348392,25.927216,16.998573,3.715658,17.401033,11.429630,12.225332,23.222919,22.989771,8.008250,28.498762,28.573071,14.251996,30.591595,33.374943,28.377621,39.862217,44.511116,37.103928,32.096489,31.363924,22.685715,23.681095,29.812531,27.899904,19.952562,14.847107,18.227013,15.548819,22.770233,22.654720,1.441437,13.549103,19.185102,11.986702,6.647828,-6.316632,12.271174,12.526442,11.327618,1.782441,-1.791690,19.653131,17.867010,14.573429,23.937254,22.804281,15.441628,22.756008,22.699757,19.319715,25.952959,29.925365,23.109093,21.465450,27.368256,22.925024,10.937737,21.183327,17.519289,18.589384,21.690636,18.467161,9.567407,9.966378,11.415938,14.633121,17.855597,13.276144,8.384656,17.411991,20.647869,16.583288,12.340725,14.814018,16.541428,16.698048,21.525608,16.126234,23.218864,31.824280,34.725677,30.227659,25.021606,23.597672,16.331764,12.312298,14.965573,14.779236,21.938843,25.248529,20.978294,13.171345,19.341785,17.512613,7.461472,19.110531,20.766027,13.429688,-1.019264,10.803728,11.122228,9.723383,15.583595,8.555687,1.095999,19.615902,19.109852,14.233208,21.687416,16.020697,19.574440,26.216888,24.610786,3.972794,22.833637,24.138199,4.666566,23.031631,24.188326,18.124905,9.662408,20.829674,20.991077,16.334175,15.675706,15.853133,7.127414,9.974363,16.387360,15.682015,12.913238,1.540737,7.484941,12.816751,17.100529,14.416628,11.381408,21.594179,20.017181,5.318936,9.563733,13.558455,16.256874,23.250416,24.962168,20.099352,14.091554,7.707567,14.510118,12.606268,9.775187,7.396527,1.617728,9.372771,10.712317,7.013478,6.693981,5.996542,10.682600,-2.950819,12.031900,9.385635,0.906616,13.209553,12.955333,13.315187,11.410408,8.765688,8.481104,9.782344,13.126303,9.183858,11.476016,15.958899,16.292780,20.828409,18.887905,1.528101,16.825178,15.514080,13.004463,14.871681,20.148205,11.843727,15.461736,21.425232,19.697725,6.771912,10.367961,11.732802,4.843373,0.880226,5.992768,3.419059,4.259223,8.622759,11.198125,-7.930174,16.971695,17.498306,8.362428,18.629654,20.824034,9.456560,17.042938,18.830236,5.357471,20.331125,21.590454,15.958645,0.628076,12.941743,14.972021,16.027191,10.936829,7.002716,14.703930,15.673307,11.841612,1.288758,5.071525,12.970293,12.978508,-0.197567,8.425510,4.029157,14.845615,17.820646,6.744656,8.424483,10.323887,6.300905,-5.596543,3.999383,11.256343,12.886229,11.420481,10.857361,5.315669,15.604273,3.441684,17.854555,19.048870,16.485804,15.811788,-0.118844,9.911907,-0.595659,5.095518,2.106530,8.175406,8.236684,-4.557096,4.390376,8.789232,8.186752,11.202950,4.053746,-1.049973,-1.593404,7.871252,7.342839,6.570156,7.389975,6.658197,2.934986,13.664570,10.040079,13.223561,13.068351,7.706484,18.873455,18.635731,15.415009,-1.069555,-3.246126,-8.587155,-15.677587,6.146579,12.824627,10.896267,7.389888,4.355370,8.516437,9.457847,12.039196,2.899258,9.111310,11.437290,-1.234154,12.869680,11.451561,-4.098676,12.533942,12.530427,5.160112,8.837056,4.871679,4.528088,1.049772,7.970480,10.721059,6.018404,12.734364,16.500189,17.930220,12.006369,5.767920,9.448612,12.387825,14.080391,11.434946,5.085773,6.333286,-4.987881,4.047927,-6.272024,7.508871,9.692739,5.044773,14.331988,12.055894,7.483094,7.984636,9.412622,9.934309,4.760570,5.547479,1.576241,8.981718,11.235814,4.845677,13.463272,6.021104,12.711611,17.315489,16.162668,12.357803,6.671979,2.571426,0.921529,9.089967,12.255822,8.302733,6.953496,6.140920,-5.350537,-12.183490,10.359531,9.190925,6.496490,15.644584,14.665164,11.193512,3.146050,8.355448,6.002003,-20.340069,4.102720,5.509442,5.684726,-10.708019,5.301459,-5.954919,5.365094,11.238211,15.202966,14.144677,10.808834,7.949137,10.494920,11.945875,9.850363,7.156935,8.852170,10.649368,11.195601,10.657887,7.435460,11.650770,7.820411,5.235118,8.764879,13.804456,15.481785,8.242802,3.209109,-0.898762,1.531499,10.282997,10.445330,4.905459,-6.751258,5.689688,7.444106,-1.446400,3.948906,6.926401,11.166476,11.071731
[0;32mI (18020) ANALISIS_ESPECTRO: Frame exportado | t=17.36 s | pico=1000.0 Hz | 53.8 dB[0m
SPECTRUM_FRAME,18.386506,2000.000000,57.123486,hann,512,20.325060,31.152050,39.880325,50.473595,47.398705,34.092667,38.256336,38.169544,29.828320,32.947243,33.369255,24.857136,29.970459,34.169422,28.172306,26.647856,34.203991,29.629135,25.055868,32.604462,30.455853,25.383835,30.630848,28.372049,20.498045,26.638775,27.023849,11.190463,16.779243,19.864990,15.323084,21.172195,25.859632,23.064156,15.369173,18.940336,18.955126,16.772423,17.404373,17.976130,-2.697774,25.340300,27.798347,19.087860,24.261105,26.164835,11.461040,16.885475,24.459358,9.742385,20.953831,26.758522,16.812067,19.984379,26.714603,26.811646,25.537291,29.766581,25.729855,21.831230,34.693356,35.867172,29.212307,42.439808,48.292332,43.484650,28.673233,28.576530,26.027548,-1.928536,14.556755,24.365551,26.440599,27.890768,24.412298,15.703584,13.776663,20.170326,13.172174,12.026218,20.927410,16.242180,-4.550497,18.495888,19.755386,18.968327,25.660168,23.652702,17.021715,17.519157,5.490962,14.542931,12.780233,19.053963,17.342346,20.068417,21.557693,15.976616,3.728797,15.597227,14.874535,20.102606,24.263405,22.832031,20.362534,24.487574,23.347054,17.345531,20.431471,20.909435,20.197542,21.943466,21.672993,10.731232,23.054520,26.063087,20.482594,15.906657,22.552958,22.148056,19.233322,31.100159,28.603037,28.905178,42.827278,42.723576,36.217758,53.758759,57.123486,46.676479,40.081020,44.482811,38.251331,19.359573,28.072510,26.464327,11.810941,26.706667,26.991995,17.677353,20.512939,23.449512,13.694284,21.797459,27.101196,18.420120,13.362188,23.818401,20.477732,19.801186,25.013674,16.280081,14.252594,18.361214,16.981100,11.352273,15.840609,17.208897,2.173567,19.985569,20.975052,14.254677,13.027225,14.895611,12.554857,15.479431,19.119844,14.819274,16.591866,21.229927,21.944092,15.318892,17.561203,16.570171,-2.270205,6.301355,8.039741,1.932509,10.738155,17.638681,15.360423,21.202400,20.890759,21.134855,24.384720,25.074940,22.961922,13.827096,25.756165,21.416864,26.676403,45.990482,48.249245,36.538860,28.921144,25.911236,20.867592,10.137156,14.672146,8.814366,14.842868,19.916656,20.433506,19.975513,17.332623,18.211733,18.752459,14.853525,7.414043,10.764695,11.679257,7.185379,1.529644,9.330186,16.996153,18.452522,15.247618,4.684978,7.373891,4.551991,9.919302,13.426388,6.461763,18.816153,18.883574,17.557682,14.230184,12.228489,14.687892,16.239594,17.885769,16.376326,16.718992,18.448330,16.306576,17.882381,20.741026,17.794487,13.391830,17.341703,16.968512,17.312954,21.985292,22.867945,17.118071,16.739777,18.156378,18.794283,23.242020,26.184561,24.540554,29.156408,34.893986,33.424030,31.654985,41.251926,41.141075,27.810272,30.046694,35.758087,27.442476,28.356766,28.704855,26.210224,23.648149,21.914375,15.538163,7.819792,15.735596,14.226198,19.155256,22.410471,20.649950,11.863113,14.947687,15.491710,10.669342,9.145531,4.091110,4.162390,12.736138,15.537483,14.020734,15.091534,16.315113,13.671253,8.992796,11.232196,14.441871,13.956431,10.743474,10.265065,12.229954,5.600040,13.619059,8.818816,9.168899,12.724172,11.295729,14.514700,10.769005,1.510481,11.915977,5.474794,7.136604,18.062790,20.168598,16.768291,21.269629,22.031864,16.055014,-16.341707,14.954309,20.377991,10.891108,12.115913,28.679859,27.247013,26.670204,43.886208,43.584690,27.867218,1.586239,28.807079,24.666706,21.518913,16.619267,20.557076,18.970650,16.877043,12.992775,19.611088,17.953417,14.441383,6.906541,14.713261,16.591141,9.025135,2.207522,9.728564,1.598799,10.137691,3.205435,11.632514,15.898127,16.174042,14.022978,10.176687,7.351367,12.607761,13.449282,9.092390,8.061050,1.008820,5.868783,6.849091,4.289136,14.337267,13.038023,9.589584,10.576292,14.393999,14.692125,15.030861,12.313098,12.585207,10.326258,-0.284928,7.994205,7.091789,4.986254,4.265093,8.673513,14.781187,15.264455,5.100550,13.574753,17.744877,16.641085,24.731142,30.429440,24.401705,29.578836,38.397957,32.358238,35.331310,34.439156,25.758211,23.125233,26.092773,18.352034,8.718024,14.704992,19.502615,16.302532,9.925594,12.200811,11.901773,13.489468,14.608208,13.405905,12.100244,13.025022,8.333961,6.076845,13.614773,10.266992,11.902919,15.269072,6.478300,10.074938,8.540312,-25.520367,4.444561,9.362526,12.373561,11.747661,6.114053,10.501070,10.700787,13.378115,18.228464,18.879021,14.890751,13.984822,-3.699790,4.563482,10.830451,1.894732,9.531046,12.435621,12.995559,9.509117,-0.407390,5.464151,11.716610,21.246546,23.386786,23.917215,23.891891,24.343136,26.675644,24.202705,20.552464,19.945232,27.861763,27.262711,40.941319,32.613064,37.443314,29.789133,23.076935,15.969510,9.150395,15.663618,15.391121,14.158253,7.492317,16.154881,20.442768,20.560360,19.071093,18.515118,17.330811,15.154316,10.688286,15.979069,15.378443,14.076378,15.610352,15.855192,13.861135,11.565799,9.777526,7.747324,3.378745,8.571363,10.152939,8.572147,16.818018,16.901924,15.511213,11.169092,10.314122,12.359744,11.639708,8.074466,10.092194,17.187361,19.210934,12.017729,8.486222,10.108583,13.646703,12.544136,8.913392,14.676376,19.830561,19.530693,13.830650,14.477213,14.981588,1.909276,17.344059,20.326605,22.226810,24.641731,27.656162,28.549757,27.318722,31.457825,32.855152
[0;32mI (19050) ANALISIS_ESPECTRO: Frame exportado | t=18.39 s | pico=2000.0 Hz | 57.1 dB[0m
SPECTRUM_FRAME,19.408856,2000.000000,56.865265,hann,512,23.079117,30.200464,41.388542,50.252686,47.153297,34.942707,37.822826,34.448269,20.846872,33.527416,35.012959,29.839010,28.781252,35.606403,31.083353,32.635265,36.051685,30.866930,26.818792,30.603718,26.352356,10.012558,28.812603,31.013031,30.786169,33.525486,31.994608,20.591797,28.534706,27.074150,20.712557,27.804173,31.963120,29.952623,23.421431,28.470461,28.068577,17.515137,29.755836,31.717133,29.380432,33.809799,34.394318,22.834446,31.430199,35.017628,31.420940,29.197187,30.460873,26.448055,26.028898,31.610659,28.310993,27.251577,35.180794,35.389744,32.244614,34.898857,33.271038,22.924337,33.525566,34.817101,26.979828,41.352348,48.213505,43.378567,31.522148,31.073046,29.165882,23.501980,23.762218,24.519283,27.467115,32.355438,30.238646,19.306246,20.818897,27.191355,22.756178,16.470688,19.848864,11.957315,23.290607,29.621498,30.199924,26.585403,20.065739,18.947056,21.925411,19.374182,12.395244,28.406853,27.750641,21.464394,25.299561,31.264467,31.438686,27.338593,18.237278,15.777377,8.925357,21.680981,29.406755,29.389282,24.590057,4.522716,26.614544,31.156376,28.271412,11.722849,26.036808,32.102055,34.280861,30.290627,28.907919,29.872885,16.601719,29.541344,29.874914,25.614767,24.029022,31.929504,31.021616,29.990089,42.132072,42.581512,35.367664,53.263203,56.865265,47.116676,33.385059,44.936928,39.011177,26.376925,30.653437,27.625404,27.323269,33.507690,33.682590,28.452356,24.561079,21.796642,18.331028,26.616779,28.289066,23.287685,27.226458,28.957729,19.498825,22.036079,28.629288,28.862514,29.724636,31.155489,28.100107,23.795252,24.332806,23.773430,23.358677,27.646736,28.227573,23.849104,24.504921,28.279209,26.087814,25.442566,29.885319,29.914656,28.807713,30.200235,30.030489,24.430809,10.052061,20.692032,22.068779,18.671183,15.668879,19.805729,20.295353,19.411160,24.903318,28.439346,28.881836,28.182701,26.450809,24.023266,25.555277,24.814262,23.351677,26.635332,21.719566,44.916195,48.005833,37.690372,23.345270,31.206600,29.864597,29.133949,29.028927,30.260698,30.752754,27.891132,26.015455,28.638870,27.956730,23.094080,21.526106,21.846004,19.263817,19.793505,22.195070,18.080057,17.879885,24.704321,25.673883,23.789778,18.698776,13.906588,21.865320,25.979681,25.195482,22.475689,12.044908,19.336760,25.412895,25.961000,22.997217,20.158834,10.060581,13.596996,19.692171,21.903786,25.250519,29.699001,31.929380,30.598492,27.293903,22.190496,21.037411,23.778374,19.638407,6.305422,19.463116,23.637661,23.449957,25.127504,25.776009,26.710316,25.751083,21.488888,14.500534,14.647188,31.155151,30.508995,28.225368,38.909687,38.579971,13.727785,30.101440,33.271221,24.055084,17.887054,24.952160,19.055630,18.041403,18.723686,21.424057,20.229235,9.275908,15.306795,18.099583,17.657196,20.554781,19.129349,14.870033,9.961490,19.469498,24.087698,25.081532,24.405756,21.654381,18.890211,13.578335,8.779613,15.934172,12.862072,12.422709,23.810490,28.290186,27.748062,25.613049,22.078690,13.869499,3.220274,18.430593,19.348682,19.769022,23.104588,22.879589,12.406685,21.798439,26.244604,25.083654,21.171841,17.753351,9.966820,17.513573,19.680298,9.910131,17.401285,23.652950,22.024916,19.607382,26.600830,23.284794,3.549924,27.408752,16.693108,20.224430,42.640533,42.941891,25.071751,16.212816,29.376841,25.200453,22.213945,17.358835,3.832672,11.492842,13.942463,18.216429,20.684799,19.556787,17.404659,18.117516,16.487926,17.321171,18.902252,19.163286,23.308020,26.319811,27.324467,26.125370,23.200684,23.266260,23.268461,22.861084,25.098410,23.653355,21.459234,21.232756,25.266417,26.449413,24.827576,23.031797,21.814077,21.316328,24.081469,25.538387,23.681133,18.404951,3.311477,20.445877,24.096453,22.022383,21.646997,22.813507,24.569939,25.794998,22.399483,21.936218,20.453680,11.181387,25.956779,28.230810,27.106009,28.627558,29.368784,25.723682,25.355919,29.954353,18.308304,19.212460,36.243546,32.125645,32.634769,28.295979,29.731714,22.703331,23.791399,27.264406,26.460306,25.318398,24.938148,25.693874,25.573633,23.981752,19.739967,7.261172,18.835028,17.632614,19.903957,15.333594,11.704376,20.694172,19.351831,17.666145,18.615717,17.150494,18.222584,19.431221,23.234081,23.914799,25.226334,26.657204,23.237040,19.859276,22.550709,23.219265,22.308205,17.553341,10.714331,11.411055,14.987852,20.874670,24.088964,27.057020,27.586134,25.087450,16.254478,16.072748,16.559521,20.720707,23.008095,25.078445,26.453758,25.836641,27.274599,27.601456,22.528091,15.624462,17.954296,12.656378,2.490886,16.799204,26.371799,15.805472,39.069389,31.421364,35.715153,28.660877,22.348423,24.126431,23.550966,24.536364,27.248177,27.272465,25.134941,23.396845,22.611023,15.779172,16.114342,14.416833,18.947126,20.303686,21.765419,19.816778,14.199947,19.191414,17.399662,16.213491,18.015980,22.126762,22.178928,21.499367,17.322714,13.431309,17.786234,21.848394,24.827789,25.849493,23.658169,18.988527,17.388866,14.342631,16.815304,17.390556,15.664782,17.406338,22.473202,24.092438,22.625637,20.615274,19.045141,17.890003,19.537878,18.540865,8.220200,3.824645,10.005836,12.978497,18.057997,21.719486,21.803570,21.115852,22.720398,18.993624,20.108658,19.317255,22.146187,16.419584,30.216450
[0;32mI (20080) ANALISIS_ESPECTRO: Frame exportado | t=19.41 s | pico=2000.0 Hz | 56.9 dB[0m
SPECTRUM_FRAME,20.431217,2000.000000,57.324635,hann,512,14.906062,32.451164,44.144321,50.331036,46.198372,20.683546,38.032539,35.706318,16.095726,30.717934,32.720093,18.968296,28.793077,32.151436,23.677588,26.567772,33.856106,29.277576,24.251354,31.996916,29.659264,10.391312,25.473652,24.800360,12.329526,26.264841,25.487539,8.378414,0.398752,16.427208,9.529924,19.914309,24.915247,21.559217,18.261702,21.843966,19.427149,17.507767,28.026009,25.870785,15.698672,28.058323,28.070827,18.906780,27.235687,29.418087,25.448021,24.098225,30.691843,26.903099,23.285034,27.551506,17.537981,18.893999,28.676607,25.037453,16.767389,28.747738,28.106022,11.023195,33.066326,37.137512,36.776573,39.610439,48.083210,42.943565,32.893524,31.337914,26.628021,19.414051,20.569887,17.725842,2.711016,25.562145,27.421778,18.656096,19.722473,24.350222,23.939047,23.491306,28.923367,25.262745,20.718042,27.128813,24.214687,19.108406,22.355316,17.308809,16.705650,22.500612,22.043888,9.660074,14.948052,18.461332,16.944626,16.574047,18.606155,7.979194,19.966248,22.441620,16.355349,14.953163,24.495180,21.447189,12.625094,19.182400,17.060425,19.089790,27.274853,27.053951,21.972530,26.608494,27.982958,11.149931,20.319332,26.429195,23.716328,17.275368,26.459278,19.294048,16.765371,30.926573,31.248127,24.276438,42.303432,44.475021,37.783627,53.959068,57.324635,49.236622,41.430927,45.414299,39.471554,27.638138,32.393192,28.176134,23.300116,28.381968,26.049820,13.160257,18.371788,24.012760,21.221333,26.570793,27.833855,20.085854,21.472237,25.311165,20.563469,8.364380,17.773764,18.079084,16.296095,21.239647,16.193020,9.755855,13.379912,5.097486,-8.475094,20.443785,21.819622,9.329037,-3.798060,16.010065,14.537764,19.402428,25.952833,16.986095,21.320816,26.012627,21.560947,19.248863,24.330616,23.083496,13.449088,24.551781,25.630293,7.075608,19.378645,24.104147,11.477804,20.971558,19.781603,18.480776,20.924641,20.574356,16.524342,19.897175,28.736031,31.454210,19.611614,45.979294,48.853642,40.948948,27.878437,27.769299,15.803624,17.257603,18.411110,5.701215,15.958765,16.041998,17.857782,19.685497,15.553369,11.938524,7.533971,16.119696,17.190474,2.923898,17.316050,12.006872,7.972971,11.018158,10.606323,17.397135,13.827587,14.035834,3.953652,2.046391,7.922987,6.822481,9.856951,15.501695,11.461769,12.613222,18.182327,20.360882,15.860825,1.816361,-1.531911,3.530527,11.943453,18.919430,13.917008,15.402389,13.897910,6.537297,18.796061,20.559652,14.079950,2.584877,17.138288,22.458799,15.303516,13.739531,16.162052,13.523145,12.200167,24.785261,20.169937,23.586365,33.521515,29.973793,23.706415,34.843033,37.143665,27.938883,35.468098,34.667774,25.980093,22.005358,19.145477,13.532315,13.692473,10.428284,15.336815,10.621586,18.282051,10.364075,14.313200,15.183091,13.565516,2.165529,11.346138,8.654700,15.890599,-11.851491,13.722220,8.605174,9.515598,5.985795,5.493179,4.492639,7.879049,11.127810,-2.057432,9.134862,7.379226,7.493260,7.029598,12.491673,15.834445,10.989887,-2.820078,-0.258896,-4.079782,12.792618,12.071312,14.628860,10.809525,14.391743,18.357813,14.721010,16.352583,14.915361,16.216734,18.413517,7.101165,13.466625,19.807215,9.281892,19.196087,23.886902,21.839159,2.916553,26.990767,29.420298,25.528440,42.867168,43.953709,31.927528,28.316555,26.874723,21.643387,17.099049,19.421753,18.060337,17.313272,19.220999,17.067822,3.024972,9.966879,16.302635,13.856222,17.241142,20.149120,13.971425,15.296648,20.492870,16.360968,1.621161,5.710155,15.387755,12.754622,-1.629709,-2.842482,7.177418,11.302842,15.820103,5.480411,12.298117,15.969461,10.854369,2.269133,3.967820,8.555645,6.523113,15.428929,10.896612,7.107434,5.802244,14.407405,18.204044,13.776119,13.141138,6.996741,7.148953,5.619011,8.265781,10.801224,19.958885,15.705667,8.303520,9.424002,6.263554,12.802679,18.870338,7.975458,21.749592,27.589172,26.201536,32.363522,39.385429,36.128300,33.472290,33.288082,28.934042,26.338644,25.752842,20.065775,12.150531,13.486259,2.919130,8.122820,13.336962,4.790755,16.343811,16.980415,6.561752,1.445874,12.414493,12.426253,12.763710,14.496187,12.444874,12.824365,8.407261,8.956634,4.445889,4.814500,7.781667,-2.495749,2.684097,10.899539,7.798648,7.980477,15.586216,13.755507,-0.667579,10.193752,12.866364,10.569921,10.598364,15.197727,17.348402,10.589186,13.946552,15.331382,16.745489,15.111115,17.151781,15.850944,11.350608,14.064831,15.779884,9.502789,7.776137,12.232360,16.087368,21.078558,18.602087,15.563009,12.029999,19.470526,15.038599,31.440853,41.113567,39.630566,37.245220,23.389519,23.195816,18.973648,11.690268,15.441149,13.843307,3.222866,5.105337,9.367205,15.086954,6.025221,13.107271,18.218615,8.482388,11.929606,10.770153,13.586489,0.159583,3.415042,7.914450,13.560608,11.503917,14.948673,10.164231,-0.349583,7.341493,6.578695,10.498493,17.356693,14.676592,-1.935552,6.131629,13.293045,10.877627,6.018629,1.133540,6.710575,11.909198,15.350986,15.321133,8.664826,16.128361,4.681286,11.905672,20.788080,18.076710,11.160109,15.812799,16.939156,12.037001,15.401123,18.544662,12.382153,15.038604,5.917157,16.253117,-21.176731,22.502985,28.123438,28.751789,33.656616,36.750057
[0;32mI (21090) ANALISIS_ESPECTRO: Frame exportado | t=20.43 s | pico=2000.0 Hz | 57.3 dB[0m
SPECTRUM_FRAME,21.453578,2000.000000,56.936375,hann,512,23.454086,16.105021,39.952381,49.651604,46.310036,24.835508,37.869759,35.984730,17.836081,31.550339,32.658871,22.962765,27.845078,31.627544,20.350637,28.749374,31.905996,25.790251,20.660561,29.498020,29.035419,16.124056,21.516649,22.426636,2.317997,21.732809,24.436243,14.306280,18.692839,23.965519,21.297592,13.160837,9.011779,13.554889,14.073494,17.888809,13.408924,9.983004,16.517454,17.065542,13.255653,21.047707,22.841463,16.543812,19.270668,22.612434,22.122566,20.308128,17.788832,20.005806,2.811204,22.012688,19.157925,13.877609,21.170868,19.799086,11.593118,24.550695,26.198772,25.570524,36.067879,37.463001,28.898590,42.638836,48.518528,42.263977,25.490377,35.627453,30.022709,26.091141,25.422741,19.843430,14.280188,24.197247,24.789597,21.741940,17.204502,15.163536,15.498877,24.146904,20.345673,15.193667,19.100531,23.060999,22.351067,14.211105,18.617599,14.833388,19.039648,19.371426,10.018497,15.954923,17.935307,13.699016,12.067939,12.670165,4.719854,10.197840,19.743578,22.800749,17.814226,13.079985,20.199123,2.315410,19.297754,23.331442,18.965797,13.094102,25.071224,25.311392,17.410126,14.784354,24.277294,21.318953,21.136223,27.347790,19.792767,22.778843,27.001980,24.108646,18.699577,30.712215,31.565907,22.206194,41.379318,42.840939,29.482698,53.700085,56.936375,48.619278,39.494308,44.891396,39.724472,20.423449,28.519009,27.152416,8.006737,25.679993,22.455072,6.406412,19.990105,23.239441,10.598937,24.890800,27.112919,19.606934,16.468565,22.329369,20.545574,15.265390,17.267319,13.404016,10.347902,18.443264,17.621716,5.671152,16.279514,14.607426,0.649418,8.854932,9.853029,11.745361,3.149126,9.389030,11.184290,17.216499,17.908266,15.258226,12.883840,20.213501,21.386799,12.476949,17.606495,19.667170,8.391068,16.519773,10.947687,13.050566,19.020990,22.488770,21.390083,17.568758,17.188417,11.988657,6.776861,21.577366,21.436596,17.374819,30.443844,30.633286,23.946676,46.612549,49.326248,40.178658,-1.463757,28.400558,23.139257,17.532234,19.236948,12.863197,13.024145,9.902669,18.675415,12.605323,17.961798,16.192013,10.441289,14.450459,1.597912,7.989943,10.001512,14.123680,13.818382,11.323304,16.303503,20.763889,18.704502,12.135244,8.188452,13.181656,4.862230,8.553049,13.962900,15.726267,15.821568,14.758865,3.287309,13.412332,9.064544,-1.503883,12.484464,9.003152,8.945719,13.143182,11.947462,12.869035,8.263354,6.465506,12.086701,13.761601,19.708410,17.380602,6.858894,13.622789,15.811986,7.068973,13.124162,13.217359,11.532095,23.661158,23.143597,21.865732,32.653824,27.680094,22.506247,27.697346,35.513168,35.620972,35.165283,33.142479,23.726490,20.513172,25.199308,24.204407,15.280632,9.688383,14.184877,10.883043,11.346428,13.139342,3.351439,13.480331,13.111190,9.733908,8.899089,1.463264,6.265669,5.760815,5.917270,-2.472816,0.269725,4.662429,-0.707301,10.645464,11.581182,16.149673,16.875620,15.604160,14.521483,9.972948,9.135210,1.307880,10.472210,13.397274,7.083088,4.060797,10.512866,13.998644,9.015407,13.493879,15.247488,10.936491,14.961791,16.198198,8.970619,6.731363,15.036173,15.915881,10.480355,12.663855,16.497547,14.766773,20.762745,23.108377,7.451773,23.314678,28.177116,27.989237,30.271681,43.033241,43.776901,35.321045,18.718102,27.322664,15.205407,26.737804,21.295486,6.307078,18.877228,20.753246,19.042387,15.070600,12.058320,9.403738,15.936974,18.363499,12.801417,2.687691,7.164044,8.802507,-1.277590,8.092788,13.972582,9.106093,10.144163,7.704902,11.559752,13.898803,14.866084,13.247396,1.304958,1.916344,8.287238,12.057553,14.713120,14.284021,10.240697,13.610909,10.470032,2.751403,9.801785,11.786913,5.858480,9.783078,17.024881,12.508063,9.862549,14.554519,12.625139,8.165144,17.748974,17.664692,11.778975,6.156259,5.861031,4.883308,18.499281,22.847698,20.311373,13.241601,20.971811,19.301531,28.767284,38.202774,37.344868,24.383450,26.921568,29.968195,21.412621,13.216048,21.162470,17.102911,14.899633,17.548655,16.233103,18.064960,15.888807,16.542915,16.941158,10.907930,15.645417,13.554346,5.811787,13.985365,14.710827,7.463020,1.203530,7.936428,10.301248,4.656283,8.144752,10.806044,13.993730,11.898370,6.597127,5.824356,-0.761366,8.661169,6.173897,6.948091,8.370019,12.735798,14.074807,9.698980,4.452047,7.282629,14.097781,12.289267,0.956011,-17.036865,-0.336382,8.497580,5.133409,11.029903,14.340269,16.938143,15.238423,2.591507,9.459502,13.359103,15.224693,18.876762,-2.542906,17.735729,17.963181,21.876223,27.970526,41.173958,41.987106,37.261158,27.963715,18.844912,20.411140,21.697128,19.926601,14.788140,20.045546,15.865250,16.682236,12.475159,4.742506,10.378652,15.350247,15.210625,15.937069,11.261780,5.730330,14.920876,17.798409,14.226820,5.254488,15.371222,12.546526,3.134901,10.493940,13.499966,9.787506,6.893496,12.793722,11.020965,10.232720,12.121238,11.691502,10.240664,-0.230750,-9.607578,1.552894,-0.995163,8.404867,10.693360,14.294262,12.343557,1.357519,2.355499,6.283271,13.800441,16.351410,15.731699,13.759562,10.163363,10.872355,14.200002,15.450126,14.005513,14.221267,19.303957,17.156908,19.481565,20.079380,22.330381,33.287872,36.512188
[0;32mI (22110) ANALISIS_ESPECTRO: Frame exportado | t=21.45 s | pico=2000.0 Hz | 56.9 dB[0m
SPECTRUM_FRAME,22.475950,2000.000000,54.645882,hann,512,20.983335,30.551012,38.480457,48.648621,45.139027,28.802700,38.979256,37.513901,30.943563,32.783340,30.516987,35.518257,34.932083,32.688416,24.796762,32.692543,35.851597,29.100697,17.493153,30.722984,29.988688,25.825615,31.056318,28.324461,21.353819,22.685959,14.276287,22.362762,13.143265,21.595867,14.728745,9.499155,21.266535,21.474815,28.368389,32.632851,30.157082,26.320557,33.467216,35.072998,33.089657,31.770456,27.824196,27.191513,30.236643,32.711765,23.627605,23.561537,23.909008,34.946312,37.636295,34.550465,36.415470,44.491650,44.642750,37.454674,26.790520,28.495647,32.676792,24.389246,37.350464,39.199310,23.739531,30.800461,40.548027,35.735527,29.587749,38.843712,31.563118,30.839371,28.262320,30.859673,37.045815,26.512486,39.395206,41.828110,36.381062,30.631105,34.209984,32.501503,15.096847,18.744442,13.265630,26.418514,24.326820,22.400669,28.984962,32.342491,35.446678,37.740383,35.839390,27.758734,23.183758,28.239107,30.335773,28.905735,6.366032,24.859190,25.884840,25.864161,26.520382,27.581615,27.592848,23.227554,28.545418,23.615700,26.825954,23.132862,30.518074,33.016975,27.736914,29.451363,32.304207,24.243210,30.655815,34.976078,36.503143,38.267540,33.584362,22.546530,28.943937,35.986702,31.492832,30.301407,41.164101,41.220589,34.692837,51.646305,54.645882,46.105782,36.890213,42.673267,37.844875,29.465200,29.464443,26.234081,28.918447,32.394238,31.378603,26.299923,22.963884,20.826757,18.016146,32.394058,33.994019,28.924437,25.033323,24.803341,29.926584,26.392422,24.190781,22.428074,14.434849,24.099371,24.242977,14.045479,18.540451,19.718229,27.658709,19.868977,15.868097,25.903149,26.976067,26.859070,23.473602,19.169596,21.451103,22.903500,18.190554,12.443706,19.275446,23.654884,16.714346,-1.040786,17.425594,8.327826,18.118389,19.180004,18.123150,13.041078,26.141775,32.194946,36.074272,34.153790,27.826244,28.929886,27.967319,25.372332,31.795746,29.501816,26.577930,38.713196,41.856483,34.681618,26.431635,30.568699,26.847399,8.530150,7.948288,13.820897,25.662617,31.558819,30.560791,24.606663,25.995312,26.863598,16.979862,20.322880,26.752510,20.272995,18.566059,25.749504,26.236523,22.216156,24.795666,24.428064,27.452658,29.425140,26.798840,24.520502,28.547630,26.794853,10.520256,22.927034,20.762531,26.025181,31.013420,27.456921,28.769644,28.009672,27.939232,6.486768,14.657741,21.565426,23.364758,26.610382,25.765472,17.867964,18.121662,24.525089,25.961914,15.670740,30.903419,30.461767,26.427971,32.430889,32.864300,31.417908,27.606905,15.766499,29.282825,26.373007,23.636324,27.713003,27.939451,36.743828,35.034801,24.808271,27.233315,27.459763,19.955528,20.789280,26.431894,23.891586,27.516930,30.961300,28.924507,23.159697,21.239901,24.548368,22.556854,24.264137,22.409550,18.070412,16.364105,14.981630,27.773388,29.793434,24.867430,13.003077,22.953133,20.725361,21.738462,22.935965,21.088577,23.505430,15.015369,24.790476,23.146568,14.248543,20.294609,14.379446,11.889059,26.035763,27.972054,27.747589,26.723991,22.959961,9.289829,26.604586,29.516182,27.277460,20.175209,-0.478141,17.880287,25.692966,27.363861,21.210384,23.267668,33.530113,34.421379,26.275898,16.877193,20.520144,19.412163,13.816939,26.598202,29.690399,25.530239,32.984589,31.208887,26.507076,24.008064,17.506321,19.709732,23.498005,22.948895,26.972664,28.799194,28.040621,27.153721,22.781275,9.889189,22.301138,24.653204,19.212955,22.327986,24.612387,18.626591,14.227779,10.526868,24.671463,28.805790,25.199760,22.595110,23.132551,24.077583,24.584656,17.739079,17.021063,17.928339,16.023439,18.116705,18.639875,17.047564,2.727820,19.448380,18.769571,15.429068,17.713558,20.844837,18.661310,15.801565,18.691334,22.544125,22.240540,15.910338,12.407682,14.856868,11.331764,11.734537,-4.949832,22.108017,27.015581,25.032795,20.048027,20.557476,23.333050,14.155363,19.159811,15.413041,21.660120,22.267242,30.933886,32.257469,22.713554,21.478680,25.309795,18.405041,13.902447,15.133877,18.093651,20.465599,24.200821,22.139805,14.027533,21.215050,15.967737,17.704277,24.169247,24.790031,22.734962,17.160431,15.798000,19.359722,16.983774,9.832835,19.397219,18.876911,17.455753,13.814474,19.427797,22.827591,14.105394,9.831005,12.399978,19.179516,17.786251,13.763648,20.465866,21.688528,20.666914,20.680876,20.121674,19.717005,6.501069,20.669144,21.632702,17.709246,6.093695,14.169497,9.962560,16.861010,10.910101,7.756790,18.293592,24.529522,24.389442,10.811609,17.049845,14.710072,22.426746,23.046503,22.964729,19.480593,18.594376,13.433519,25.420801,24.647068,21.579063,20.444733,23.870823,21.046005,15.749155,17.564579,20.527288,22.990244,14.451436,21.350176,22.611609,16.246391,16.893980,21.732416,20.389454,17.801922,17.587658,15.126993,13.585582,18.559591,23.310034,16.900646,14.002468,21.541950,20.637115,15.932570,15.924093,12.263796,16.851238,20.209126,11.274370,21.625261,24.646618,18.230259,18.069445,21.814756,20.699669,13.917003,-5.607986,18.384735,20.282423,16.149868,19.588114,19.136551,15.157944,14.853909,8.638717,12.142412,22.528116,22.679045,21.734062,12.821479,14.696390,18.276178,18.948616,12.893501,16.113899,18.218201,17.788910,24.694279,20.855946,21.144966,24.210108
[0;32mI (23140) ANALISIS_ESPECTRO: Frame exportado | t=22.48 s | pico=2000.0 Hz | 54.6 dB[0m
SPECTRUM_FRAME,23.498303,93.750000,32.067101,hann,512,8.402751,11.251715,25.820503,34.388271,30.381384,21.931517,32.067101,30.046169,19.734776,29.462292,29.218580,20.050028,27.455914,29.059889,20.850964,25.093801,28.741657,20.778179,20.476095,27.181648,21.036007,8.665865,23.454025,21.815342,13.366946,16.096796,21.004667,17.164557,2.800883,18.824730,16.248194,8.813334,18.457264,14.483356,16.386103,21.213303,16.605051,19.394094,23.821445,20.384409,20.123194,24.588259,22.807858,20.125826,23.637991,23.444452,19.646124,21.803808,23.108673,18.765083,20.899649,23.599806,18.553699,21.290293,25.495075,19.998159,20.093395,26.758869,22.209965,15.936674,25.886269,23.465368,12.190331,22.500364,22.944355,12.783335,18.290129,21.762524,14.934816,16.073248,21.952324,17.112568,14.779493,21.450434,17.742840,13.598379,18.868965,16.224472,8.905803,14.216152,12.746049,-3.808444,7.407553,8.283305,-14.330393,9.878908,9.179626,4.100835,10.169107,13.608909,11.982834,10.549744,13.454681,14.949612,12.947710,10.622988,13.793093,12.714100,7.622842,7.481060,9.990738,-2.165117,-10.936812,7.119736,3.652670,6.062745,8.547997,5.956223,8.164843,10.201990,3.750486,3.721435,8.848337,4.059337,6.858297,2.024305,1.648939,10.595692,9.310623,-6.667517,8.755268,12.741466,7.097456,1.003170,11.005264,10.207012,-11.944258,5.282530,8.049486,-1.782076,2.619943,3.103737,0.299518,-3.102309,7.523143,4.073334,-9.655699,7.541839,8.699512,-6.681085,5.524299,8.158010,-0.929580,5.060650,7.017404,2.988994,1.056905,9.535381,7.809380,0.829716,7.850731,10.764743,3.505554,1.770860,8.869472,4.670173,-2.232081,2.237463,-1.039314,-0.262095,-2.424169,-2.917595,-2.791599,1.931845,1.813614,-2.763203,5.187884,-0.947376,3.122376,2.830981,5.307701,2.696826,-3.029456,7.774810,4.847914,-5.813557,7.408917,8.669638,-3.769365,5.886804,10.365555,2.683513,6.498253,10.151251,7.525353,6.702448,10.698296,9.748782,5.722557,11.558855,11.141185,6.405788,10.537174,11.777244,6.750702,8.398361,10.757541,6.611390,8.307710,9.197034,6.689484,10.439763,9.630097,6.695103,10.957175,10.718665,6.573156,8.124920,9.630226,5.871881,-0.997881,4.828125,2.727255,-8.406293,4.647421,0.917736,-6.060982,8.137129,5.250714,-23.680641,6.726207,6.379929,-6.892161,-1.477778,3.589282,-2.385611,-5.988634,-1.980513,-0.268179,1.955038,-1.734123,-0.602112,1.328477,-0.083913,-3.390733,-5.740825,-0.994166,-0.353080,-7.355274,-2.171139,2.901540,-1.408613,-1.804239,2.456815,0.545732,-1.756136,0.293766,-5.757575,4.663079,-5.846420,-2.965730,6.462855,-0.137053,2.179970,5.447411,2.033942,1.191992,4.623256,-2.844166,-2.200327,3.002577,-13.535589,-0.861309,-1.670464,-8.315018,0.989402,-9.756991,-1.445525,-0.704130,-1.103034,-1.746152,2.060281,1.604347,-8.964096,3.388009,2.805517,-9.639017,0.608105,2.167220,-8.089520,-3.172718,-1.933275,-10.192268,-3.595233,-7.010529,-7.621567,-1.039378,-7.651014,-6.263144,1.226590,-3.747443,-6.899655,1.507695,-2.350409,-3.833789,-0.133788,-3.965664,-5.767602,-3.508811,-10.920625,-7.356647,-6.262395,-13.662038,-2.989379,0.930299,-4.149895,-0.010942,3.245983,-1.045498,2.180193,1.831536,-1.551149,1.492176,1.774481,-8.250669,-0.703841,3.250217,-7.344212,1.115542,3.497925,-3.366407,1.260099,3.854061,-6.193481,-3.991101,2.859950,-10.542894,-5.190942,-1.532053,-11.957775,-0.844547,-3.204116,-10.024593,0.030329,-1.243042,-7.395478,3.706908,-1.849094,-6.670321,5.828767,2.932671,-3.230128,5.145841,5.251697,0.665228,2.957953,3.321058,1.114056,-0.646904,-0.189000,-5.517042,-8.274652,-0.572026,-4.836653,-8.835571,-1.786526,-1.122470,-3.407721,-3.956216,-7.137794,-8.751870,-7.690874,-10.828776,-4.903775,-5.422234,-1.625427,2.956650,2.679052,2.377690,3.984713,5.398347,4.991932,2.398107,3.469351,5.115063,0.790447,-2.679935,0.953972,-1.203395,-3.893642,-0.793073,-4.447383,-2.181829,2.874132,0.282612,-0.238498,1.935764,1.448198,0.546296,-1.723312,-4.597829,-4.478868,-8.101473,-8.582817,-6.793203,-12.200514,-1.741931,3.145655,0.025700,-0.044240,4.895875,2.990060,0.004231,3.572405,1.005968,-2.184313,2.628105,-4.609330,-2.870433,4.475131,1.076134,2.080288,5.727707,5.292874,3.890335,5.560045,5.545907,2.805342,3.857821,2.241998,-2.476244,-0.345114,-3.846145,-14.582601,-4.757937,-10.130770,-2.725958,1.220203,-10.047152,-5.237849,3.332150,-3.863580,-4.917918,-0.840387,-1.751368,-2.005472,-8.055365,-8.672715,-3.062207,-1.354557,-8.323519,-2.578782,-0.118952,-2.150883,-1.188553,-0.173411,-1.561255,-4.113049,-2.711839,-4.181724,-12.490653,-4.754329,-7.460773,-10.482672,-1.043772,1.397887,-2.631928,0.710202,2.844095,1.769907,1.339854,-0.138952,-1.260783,0.744372,-1.472023,-14.621898,-10.080635,0.320593,0.194075,-1.990034,-2.205577,1.805952,2.040200,-2.402304,-0.508240,-1.173415,-2.373928,-4.097964,-9.399958,-4.980373,-7.637601,-24.861200,-5.766804,-3.010021,-7.258052,-13.960402,-4.978700,-0.025910,1.486133,-4.429797,0.054565,4.541635,4.948566,-3.365802,3.744912,5.614614,1.817633,-0.448504,2.753015,1.807467,-7.201857,2.345488,2.283473,-5.201971,2.011567,4.346663,0.565949,0.062860,1.457095,0.292013,-2.410488,-4.401695
[0;32mI (24150) ANALISIS_ESPECTRO: Frame exportado | t=23.50 s | pico=93.8 Hz | 32.1 dB[0m
