Command: /home/yuusha1/esp/idf-tools/python_env/idf6.1_py3.12_env/bin/python /home/yuusha1/esp/idf/esp-idf/tools/idf_monitor.py -p /dev/ttyACM0 -b 115200 --toolchain-prefix xtensa-esp32s3-elf- --target esp32s3 --revision 0 /home/yuusha1/esp/projects/labs/Rep_SE_202601_grupo_Diego_Santiago_Chen/Lab_1/Ejercicio_5/analisis_espectro/build/analisis_espectro.elf /home/yuusha1/esp/projects/labs/Rep_SE_202601_grupo_Diego_Santiago_Chen/Lab_1/Ejercicio_5/analisis_espectro/build/bootloader/bootloader.elf -m '/home/yuusha1/esp/idf-tools/python_env/idf6.1_py3.12_env/bin/python' '/home/yuusha1/esp/idf/esp-idf/tools/idf.py' '-p' '/dev/ttyACM0'
[0;32mI (274) main_task: Calling app_main()[0m
[0;32mI (274) ANALISIS_ESPECTRO: Inicializando analisis de espectro[0m
[0;32mI (274) ANALISIS_ESPECTRO: fs=16000 Hz, FFT=1024, periodo=1000 ms, export CSV por serial[0m
ESP-ROM:esp32s3-20210327
Build:Mar 27 2021
rst:0x15 (USB_UART_CHIP_RESET),boot:0x8 (SPI_FAST_FLASH_BOOT)
Saved PC:0x42010ce3
SPIWP:0xee
mode:DIO, clock div:1
load:0x3fce2820,len:0x14f0
load:0x403c8700,len:0xda0
load:0x403cb700,len:0x2f58
entry 0x403c8908
[0;32mI (24) boot: ESP-IDF v6.1-dev-2938-g12f36a021f 2nd stage bootloader[0m
[0;32mI (25) boot: compile time Apr  8 2026 14:46:03[0m
[0;32mI (25) boot: Multicore bootloader[0m
[0;32mI (26) boot: chip revision: v0.2[0m
[0;32mI (29) boot: efuse block revision: v1.4[0m
[0;32mI (33) boot.esp32s3: Boot SPI Speed : 80MHz[0m
[0;32mI (37) boot.esp32s3: SPI Mode       : DIO[0m
[0;32mI (40) boot.esp32s3: SPI Flash Size : 16MB[0m
[0;32mI (44) boot: Enabling RNG early entropy source...[0m
[0;32mI (49) boot: Partition Table:[0m
[0;32mI (51) boot: ## Label            Usage          Type ST Offset   Length[0m
[0;32mI (58) boot:  0 nvs              WiFi data        01 02 00009000 00006000[0m
[0;32mI (64) boot:  1 phy_init         RF data          01 01 0000f000 00001000[0m
[0;32mI (71) boot:  2 factory          factory app      00 00 00010000 00100000[0m
[0;32mI (77) boot: End of partition table[0m
[0;32mI (81) esp_image: segment 0: paddr=00010020 vaddr=3c020020 size=0f458h ( 62552) map[0m
[0;32mI (99) esp_image: segment 1: paddr=0001f480 vaddr=3fc91300 size=00b98h (  2968) load[0m
[0;32mI (100) esp_image: segment 2: paddr=00020020 vaddr=42000020 size=16254h ( 90708) map[0m
[0;32mI (119) esp_image: segment 3: paddr=0003627c vaddr=3fc91e98 size=025e4h (  9700) load[0m
[0;32mI (122) esp_image: segment 4: paddr=00038868 vaddr=40374000 size=0d2e4h ( 53988) load[0m
[0;32mI (135) esp_image: segment 5: paddr=00045b54 vaddr=50000000 size=00024h (    36) load[0m
[0;32mI (141) boot: Loaded app from partition at offset 0x10000[0m
[0;32mI (141) boot: Disabling RNG early entropy source...[0m
[0;32mI (153) cpu_start: Multicore app[0m
[0;32mI (161) cpu_start: GPIO 44 and 43 are used as console UART I/O pins[0m
[0;32mI (162) cpu_start: Pro cpu start user code[0m
[0;32mI (162) cpu_start: cpu freq: 160000000 Hz[0m
[0;32mI (164) app_init: Application information:[0m
[0;32mI (167) app_init: Project name:     analisis_espectro[0m
[0;32mI (172) app_init: App version:      bc6dc7c-dirty[0m
[0;32mI (177) app_init: Compile time:     Apr  8 2026 14:46:06[0m
[0;32mI (182) app_init: ELF file SHA256:  d65aaaa4b...[0m
[0;32mI (186) app_init: ESP-IDF:          v6.1-dev-2938-g12f36a021f[0m
[0;32mI (191) efuse_init: Min chip rev:     v0.0[0m
[0;32mI (195) efuse_init: Max chip rev:     v0.99 [0m
[0;32mI (199) efuse_init: Chip rev:         v0.2[0m
[0;32mI (203) heap_init: Initializing. RAM available for dynamic allocation:[0m
[0;32mI (209) heap_init: At 3FC99690 len 00050080 (320 KiB): RAM[0m
[0;32mI (214) heap_init: At 3FCE9710 len 00005724 (21 KiB): RAM[0m
[0;32mI (220) heap_init: At 3FCF0000 len 00008000 (32 KiB): DRAM[0m
[0;32mI (225) heap_init: At 600FE000 len 00001FE8 (7 KiB): RTCRAM[0m
[0;32mI (231) spi_flash: detected chip: boya[0m
[0;32mI (234) spi_flash: flash io: dio[0m
[0;32mI (237) sleep_gpio: Configure to isolate all GPIO pins in sleep state[0m
[0;32mI (243) sleep_gpio: Enable automatic switching of GPIO sleep configuration[0m
[0;32mI (250) main_task: Started on CPU0[0m
[0;32mI (260) main_task: Calling app_main()[0m
[0;32mI (260) ANALISIS_ESPECTRO: Inicializando analisis de espectro[0m
[0;32mI (260) ANALISIS_ESPECTRO: fs=16000 Hz, FFT=1024, periodo=1000 ms, export CSV por serial[0m
[0;32mI (280) main_task: Returned from app_main()[0m
SPECTRUM_CFG,16000,1024,512,15.625000,hann
SPECTRUM_FRAME,1.006339,2000.000000,56.056175,hann,512,25.648014,28.819092,41.947880,51.570724,48.097916,34.356552,42.080654,41.191517,29.004698,36.892246,37.614822,17.296024,25.995398,31.293846,18.332136,27.000820,33.706360,26.507046,20.796604,25.471573,25.089777,29.178762,34.026836,31.986080,26.712849,31.716484,30.643078,24.594479,26.283707,34.278111,34.542439,36.027611,38.898148,34.107723,31.025688,22.948009,30.306330,19.964218,29.174269,25.183039,22.293165,28.142118,29.938389,26.215218,26.683121,30.628380,27.393694,28.595055,33.876881,30.152756,22.908518,25.959213,24.779776,24.928875,30.754799,29.769594,28.142282,33.229881,33.188385,30.785759,37.611176,38.399651,34.494820,43.404156,45.959244,36.428200,15.675758,36.857246,33.586655,23.931301,32.029415,32.494179,27.396141,27.490274,25.674114,21.034929,12.454498,16.107845,20.870173,28.166189,27.665646,24.655380,21.713242,18.376602,10.049263,11.500948,10.636189,21.738613,11.717150,24.318024,25.338295,19.801542,27.647093,32.344070,34.394154,36.851448,37.243855,33.634369,23.527395,29.844643,29.096516,13.839268,15.827135,21.549435,22.306648,16.937555,22.263071,20.858757,20.769199,20.700596,23.222595,26.738626,26.604527,16.066154,22.175850,26.236404,20.576250,12.392929,29.539545,28.976114,25.267227,33.780243,32.052311,30.381618,43.684372,44.094101,31.227024,52.640949,56.056175,47.304958,37.494991,45.346863,39.181446,27.583179,34.823906,31.461254,20.124168,30.370670,30.003853,20.187851,21.650030,24.983261,16.576607,25.789642,29.598587,22.169495,2.544887,18.800447,21.563709,22.468750,25.541229,19.508650,16.360495,24.804487,25.891430,25.383072,-5.394695,23.240099,27.447399,34.489388,35.251152,34.420517,29.206364,26.538330,27.630510,16.698490,26.307238,19.570963,20.157928,17.164843,19.382475,8.828976,18.065857,5.433517,13.748596,23.565685,23.989515,20.444298,15.151411,18.930904,7.084756,13.915972,14.936609,19.686960,20.033073,5.937927,7.254341,16.426489,23.458899,20.684391,34.905937,46.470623,47.806095,38.220421,24.354612,29.036352,23.213959,20.635206,23.331890,18.716532,21.398104,26.572186,23.812500,7.732885,12.066111,16.585739,17.515247,13.664565,13.522963,12.644649,7.113778,17.974339,11.946746,7.682519,12.576065,17.231836,20.351973,18.771694,15.780387,20.198528,16.127438,24.130398,28.630774,21.982128,30.080208,16.651669,25.443676,20.744835,15.332388,11.905781,23.904339,26.754021,23.743227,21.726147,21.033688,18.970129,19.180737,21.665951,21.053793,16.137917,15.145294,19.489569,10.365605,15.202200,18.321039,10.772074,13.002508,15.788136,20.073895,25.236774,17.315634,19.188238,32.548157,31.359608,27.153532,32.284958,28.598614,22.685242,30.887344,33.870853,25.016502,19.981699,27.260273,22.199850,16.581354,22.652061,19.897964,19.861856,21.520561,20.209772,15.211958,16.297504,20.345654,21.764738,22.149637,20.285469,16.165936,20.525188,22.103727,18.478741,18.792749,17.775675,10.983361,16.570621,25.743010,28.987244,30.371941,32.106834,28.006975,26.920326,17.869852,17.547192,18.044518,19.699709,16.209435,3.460737,9.681035,18.813192,12.655336,13.775852,21.669273,21.373474,17.328350,17.639149,21.291492,19.169075,14.703713,18.349997,18.973354,19.339617,19.689789,17.913406,10.598489,20.604519,19.961056,22.196291,30.884588,32.138088,35.220150,41.537193,39.974174,25.536560,26.589720,24.426826,1.823104,8.455335,19.229044,21.153040,15.671068,10.514878,11.109989,13.518188,15.962084,16.107563,18.086107,15.710970,11.122000,1.485379,4.357362,12.053589,11.182157,13.087942,12.634915,14.468292,20.639534,27.399204,23.894951,17.414032,28.808311,29.393118,27.590101,33.488335,32.661068,27.339001,25.281790,25.780582,21.411308,22.899807,18.651918,16.304304,16.495871,16.404018,19.827959,16.284031,15.075250,20.655132,19.277302,9.049923,14.383960,7.073414,14.399858,19.501820,18.933727,13.739656,16.923882,10.034689,14.082741,21.105902,22.170582,16.858303,29.780823,30.012539,24.839315,30.493326,30.730835,24.653551,30.546400,29.898529,18.634983,16.059076,23.947193,19.472290,10.583735,18.665697,16.018898,-1.363924,11.237394,12.704224,6.065989,17.187592,11.735556,6.691897,17.033152,19.153120,14.081516,18.172567,22.512264,21.521170,19.592297,19.889908,18.549658,19.805601,18.715607,23.929165,22.739618,13.483942,24.778807,26.999580,17.252056,15.990641,20.967844,11.641172,17.161039,24.115124,22.861986,2.273923,-3.368664,17.427233,18.064945,10.586231,12.695512,16.507435,14.343861,13.050177,9.466230,6.912684,7.366087,11.737590,15.064333,9.735897,11.628714,16.641645,7.989633,6.943649,17.272572,17.035690,25.947683,32.719341,32.400864,30.769232,27.036867,18.597986,21.463142,20.906012,19.559357,11.556716,10.917319,16.858128,8.981226,6.191914,11.777931,-1.143741,9.239422,13.620204,9.839051,0.706188,9.926950,7.404920,4.028512,14.192932,14.824245,9.213781,6.563108,2.844779,-0.293821,-5.618932,16.355278,23.541410,24.655426,17.785831,19.273506,0.313241,18.926237,19.572769,20.941362,14.558200,16.846310,21.768204,20.503853,19.273088,18.363880,14.848883,15.814077,18.416019,18.718283,14.323795,10.574283,7.474842,11.017512,17.179670,15.850002,15.315891,17.120113,20.471584,18.114937,14.022036,16.346994,10.148785,23.968374,2.684093,24.704685,26.717106
[0;32mI (1680) ANALISIS_ESPECTRO: Frame exportado | t=1.01 s | pico=2000.0 Hz | 56.1 dB[0m
SPECTRUM_FRAME,2.028695,2000.000000,56.063477,hann,512,14.710045,16.903950,43.297760,51.772018,48.399921,33.357754,42.501564,41.352077,28.372066,37.595924,38.236588,24.222658,31.255486,33.201118,21.988546,33.197151,36.424397,28.102104,22.060049,26.203121,20.321054,20.687859,29.472973,30.056019,18.794151,24.996414,26.397207,20.713976,21.832464,23.099052,19.329754,29.585497,33.848854,26.571760,20.769264,31.785374,30.584776,23.506088,26.227467,26.206705,18.794834,25.824175,22.279861,22.431911,26.796154,25.973597,17.158525,28.709984,29.963356,26.665277,22.391462,30.157845,28.473701,22.877468,32.162403,32.042488,26.261768,32.886669,32.886662,28.104906,38.614830,39.160458,22.837669,44.687191,47.174355,38.578682,34.934517,37.769009,32.859230,22.418673,30.454008,27.843853,20.647688,23.301060,21.834669,14.265619,15.625677,15.189259,18.087196,17.495901,12.025230,24.888027,23.275183,23.003845,19.480803,22.105894,21.539753,20.195518,16.579655,17.621325,18.851980,19.963745,25.487206,27.110985,16.865753,29.222176,31.639748,24.329273,19.642471,23.740349,21.627132,25.628059,28.110693,25.484541,19.184713,22.958231,21.408861,20.133041,12.970852,13.729033,16.698437,23.665152,29.685497,24.027840,18.495893,21.068253,13.571436,22.359877,29.598886,23.363483,23.766621,33.108524,30.815239,25.940643,43.345219,44.838009,21.535854,52.716221,56.063477,46.676704,38.222214,45.350437,39.442802,25.704182,34.615105,31.195700,21.045490,30.148197,28.169521,15.454643,24.251682,23.761482,11.243279,25.397552,27.731693,21.567583,16.661648,15.916587,19.269680,24.029743,27.719097,22.045387,17.016777,21.998379,23.028580,24.469765,24.434860,26.146580,26.464083,27.626732,23.978180,21.655575,22.803841,24.924854,18.059919,24.625254,26.800568,23.095928,9.151209,23.623793,20.037014,20.716820,19.828226,23.237249,20.335875,19.715742,21.831631,11.329390,9.564489,12.132385,15.268690,16.585327,14.566765,0.419943,8.536730,16.424044,15.688612,20.615080,29.020828,29.624645,31.290186,46.996597,48.287468,34.002563,26.478146,26.036394,18.462776,21.284735,25.404556,20.218496,20.408691,20.311956,17.604425,14.534148,11.794062,15.769863,9.357170,13.558420,7.819292,18.583128,14.535923,13.643866,14.293001,17.810423,21.415413,21.904566,17.116865,19.368633,16.880260,22.508644,22.724319,14.584965,21.814732,34.837822,36.454861,27.253580,15.163076,23.795944,24.213240,23.151512,22.231068,16.850374,5.269905,19.466879,19.725277,16.350538,7.910408,5.323083,17.416059,13.624022,9.978190,10.172419,15.283175,11.023491,12.675335,19.426064,15.260205,17.845539,20.090534,26.015488,22.750578,20.489676,33.885235,34.586914,30.806883,28.460243,24.114231,26.846325,29.203415,32.566551,22.711878,19.205122,26.590870,21.426441,8.345659,23.038326,20.706745,12.725004,21.474695,15.122479,5.520815,10.042528,10.062362,14.598298,-2.231692,13.569046,16.615559,10.386977,8.624305,8.135013,16.991316,18.478296,19.418280,18.742067,21.763391,22.385624,23.680079,32.008293,32.536800,22.974369,2.479551,19.597195,22.087919,20.452482,15.725708,6.382441,0.591109,8.584124,11.945572,18.243095,16.413404,4.432127,15.532784,16.003559,11.352645,15.607616,14.555405,23.738319,16.854559,13.205502,19.505779,15.977535,20.496300,25.588074,23.269291,15.570883,28.581459,25.255156,32.569138,41.478485,38.764130,25.959297,31.900078,26.459206,20.461729,21.645489,26.256506,19.074203,8.663360,12.139753,12.909380,14.841914,10.557342,14.551554,6.679341,-2.824011,17.755230,18.112509,5.387093,4.765400,17.105228,16.806795,10.173697,0.791634,4.984393,6.391845,11.803202,6.887374,-0.467008,10.348053,20.560482,29.187319,26.138798,15.446114,19.512749,24.358273,21.673981,25.077095,24.557312,17.479660,14.249208,12.288137,11.090741,16.282515,17.412514,12.322487,2.894694,15.330981,18.648693,5.907381,8.295158,12.271383,-2.826663,7.967751,10.825666,16.799877,10.393860,21.099754,22.532911,19.279243,24.428102,26.230967,20.493937,33.610672,35.223976,30.292397,20.304874,26.123970,22.069973,23.575237,24.061722,-19.897934,20.107672,20.715885,13.252880,11.655140,4.847642,8.479424,12.607382,17.004684,23.520855,18.688622,14.000258,14.837234,20.899220,16.644918,0.801542,17.243187,15.894308,14.142626,15.874948,18.662062,8.661670,20.371248,24.210266,29.873848,24.984255,23.737543,16.045761,16.523804,17.479378,2.707928,6.009085,1.592500,-4.588508,10.285348,14.443551,16.578117,14.613098,3.154218,17.488167,9.197431,2.684535,3.169014,15.953798,11.518106,7.438894,9.576760,13.415346,10.141880,21.275673,21.961777,19.494499,21.703846,23.835184,22.052204,30.119118,37.144733,31.088799,28.511543,28.483150,24.539886,23.341930,18.017824,11.742406,10.698803,14.533029,11.559892,12.190817,11.964737,0.871328,13.612309,12.710074,14.788691,10.053459,3.463501,7.796204,7.214534,-3.142883,-2.462694,10.529707,14.075241,1.757912,5.474243,17.640835,20.897343,16.206821,15.694257,17.631382,23.728323,26.941616,25.027945,23.632650,21.793852,22.144030,18.638205,20.118347,16.837132,15.211123,15.487150,8.789125,8.140774,6.380895,12.309842,12.325951,11.170532,15.964526,9.802538,7.682715,13.417509,16.320072,1.893735,19.459898,19.791439,4.196720,14.087916,14.772013,9.012930,21.774370,23.282640,24.241947,32.345585
[0;32mI (2690) ANALISIS_ESPECTRO: Frame exportado | t=2.03 s | pico=2000.0 Hz | 56.1 dB[0m
SPECTRUM_FRAME,3.051055,1000.000000,54.678886,hann,512,33.736259,33.426548,44.476677,52.260914,48.560200,32.639740,45.163460,43.482552,9.262903,40.939426,41.648849,31.277063,33.378670,37.631416,33.098934,31.411304,35.506023,31.171028,25.930765,29.300280,20.554028,27.417795,31.135044,26.588490,20.129887,29.474810,31.341110,10.890810,34.814419,38.133030,30.352915,39.375874,45.176003,40.837914,25.182858,36.928017,35.219082,30.092850,28.870674,22.356672,24.656647,33.986664,34.241081,24.357410,29.817904,34.640118,31.392660,32.207386,34.232208,24.670414,31.780716,33.692699,22.744009,33.091484,38.428455,36.425163,19.466259,36.813911,38.216949,23.699112,44.667526,47.779968,38.360130,49.989517,54.678886,46.680992,42.342308,47.558041,42.671089,30.978029,41.360275,39.202660,20.651180,34.559551,34.616188,22.517088,25.739279,28.432564,27.468540,26.782516,26.989780,24.411140,11.662424,22.122902,23.932144,14.448657,28.730135,26.741589,22.291729,30.682871,29.399565,15.451713,34.368767,35.383808,27.009823,31.447325,37.670837,33.777958,31.415321,31.090448,22.518442,31.603060,34.212532,28.299311,26.956512,31.246214,26.445145,19.074213,29.721153,30.503141,16.087873,21.150103,20.261000,23.495480,25.584726,23.167591,20.174908,16.452417,20.084995,24.226963,25.885305,28.101772,24.316816,14.302303,23.283966,27.095472,27.242542,41.279926,44.225239,32.953304,28.493069,30.347740,26.630413,2.480199,25.737091,22.527571,16.769936,21.909523,18.625048,10.589188,14.927170,19.479046,24.068611,21.487808,17.296560,20.747261,15.060662,21.334370,25.148075,21.718479,18.487261,24.865463,11.789174,25.917273,29.720909,26.545181,21.226599,28.388538,22.830727,33.496765,37.102413,32.496799,11.788192,30.171087,28.576893,10.350361,27.494925,26.662849,16.242481,23.314129,25.080212,17.012499,11.707577,22.608963,26.513731,20.139271,16.892000,18.380281,19.409925,5.424097,26.181110,27.447945,22.740082,22.866686,24.095766,23.172846,22.239212,14.240350,22.492439,23.470888,22.977524,38.089039,40.218399,30.021290,21.966980,20.157200,12.633728,21.113482,26.478758,23.139441,6.228946,19.436745,19.170406,16.494658,17.479420,18.214540,19.369293,23.307259,20.309210,20.457115,19.024294,10.617830,17.730190,16.266705,9.962151,14.894398,17.362633,18.966486,18.247286,21.528921,25.546719,25.254496,14.338450,28.954706,32.790371,27.054911,22.055342,21.242037,9.758064,19.109686,17.320442,15.385194,23.284615,24.792618,15.051273,17.796843,22.394505,23.258268,14.348471,19.854733,20.002802,20.063526,20.205755,18.723148,22.288740,17.471853,-13.992048,-7.142148,8.214551,11.221914,18.766062,14.611331,15.387812,8.421530,20.962521,30.330921,29.669485,19.320524,16.691587,21.047520,19.610983,14.046888,18.062399,17.675093,6.718938,16.299435,18.596725,11.104373,14.489340,19.484913,20.819550,16.377710,-6.009278,0.368471,8.028438,17.112610,15.936389,13.799356,16.529263,8.493825,11.252119,19.338703,21.642971,13.423544,20.098143,22.973196,18.500458,20.628321,21.976643,18.061359,15.478215,23.088741,19.787994,9.604691,20.034037,17.231819,15.250273,12.873631,11.035599,12.097281,8.914548,13.080059,14.280319,11.791288,12.094698,17.322613,10.677381,14.135466,19.601057,18.275925,13.978691,20.868942,19.366787,10.677700,17.118690,15.978178,13.817337,19.401434,12.375591,22.228081,22.350906,11.690145,17.736362,18.220304,16.960232,16.774656,11.229921,6.945579,10.380930,5.060200,15.851114,14.772529,2.183753,10.319663,0.516543,10.990548,12.957730,13.613998,1.496245,18.983122,19.226778,15.256441,11.759020,13.032278,12.445327,8.676038,9.016246,17.545467,13.751720,14.567484,17.624308,11.110929,20.563972,20.957039,16.801071,17.675533,12.761795,13.046301,13.123654,12.821040,12.456031,8.379869,2.796910,14.037424,12.310892,6.975038,12.288312,15.187401,11.006261,14.016512,12.311842,10.600765,7.482369,8.472921,12.286864,15.752865,18.278042,13.789948,17.066814,19.287758,1.152457,17.840256,19.963953,14.951504,7.577827,13.999614,8.973184,16.159346,12.909061,11.007527,11.870764,7.053610,4.824303,14.589451,16.953465,6.717147,16.364304,18.568214,15.743641,9.254223,15.592991,20.164492,14.929159,4.894482,9.111166,7.216449,9.434494,13.202538,15.785475,13.933043,6.738753,11.766268,12.510836,8.393817,-11.488045,12.883983,13.732279,12.130246,6.278383,10.071537,3.630814,7.158744,6.090936,8.393231,9.855858,0.868469,6.490830,-0.838961,4.282291,-2.275280,14.417743,17.634869,13.408226,6.183811,1.911156,3.973699,13.736300,15.083159,8.381985,14.197679,11.527924,11.484171,14.723680,13.103226,9.865509,6.979182,-1.407432,14.255295,13.535097,3.979836,9.453021,8.996631,7.974794,10.030626,7.688446,5.520473,10.164199,6.379907,4.552360,10.617524,14.357864,8.388750,9.586130,14.543895,11.929119,14.798298,12.978247,7.376807,-3.938157,12.095585,6.502896,13.058492,14.175796,9.525223,-2.537808,9.618140,8.786593,5.673106,10.345652,15.612188,14.161750,9.057018,13.759164,15.889311,10.991553,16.742456,13.609796,6.069760,15.210828,9.541301,11.014632,13.690167,14.464478,15.995358,9.844453,21.319742,21.860279,16.782917,-10.237284,17.485422,16.651264,7.134461,5.152020,14.132185,14.287312,6.826649,9.033435,12.616060,7.593305,17.257282,15.814297,6.728765
[0;32mI (3710) ANALISIS_ESPECTRO: Frame exportado | t=3.05 s | pico=1000.0 Hz | 54.7 dB[0m
SPECTRUM_FRAME,4.073416,1000.000000,54.612831,hann,512,24.352814,26.632004,43.656380,52.084602,48.490990,27.480791,43.719681,42.915047,29.437328,38.640522,40.278034,30.389795,34.075325,36.842705,30.327820,29.657671,36.407059,32.063148,25.610394,30.852985,26.271475,25.882889,31.701490,28.783562,21.921675,28.171492,30.324406,29.292427,34.560242,35.926384,32.388321,36.978966,41.935310,37.433319,24.676868,36.585491,34.568516,22.206667,35.586693,33.506962,28.967726,35.191429,33.362049,10.989912,26.041737,28.970327,22.853003,27.077215,31.989134,25.720671,27.053829,33.108063,28.837765,25.718395,34.972534,31.005322,27.804319,37.972107,36.799889,27.259676,45.632462,47.913338,37.908932,49.419483,54.612831,47.415352,39.268795,46.423859,41.338848,31.657818,39.873230,36.802277,15.187307,30.384537,31.870197,18.773851,30.418133,29.406765,17.294577,21.649868,27.249701,26.807510,22.629927,22.224117,23.267336,17.068764,19.761082,14.565441,5.489800,12.928547,22.619015,25.930269,27.042902,31.962452,22.675179,25.599413,34.068062,26.093449,30.924030,34.039387,30.149288,22.154608,31.752045,31.860743,27.746305,25.354527,21.378756,22.477648,27.229118,27.201712,12.832528,22.385124,25.822609,19.949892,16.134357,28.601629,24.815569,9.086756,25.220663,27.623158,15.358545,24.739664,27.731846,23.227039,29.456005,28.908379,30.461586,40.051113,45.208717,39.552124,29.379303,24.717133,18.483955,20.454914,29.666847,26.211460,24.135998,30.117611,24.283943,11.035038,18.096617,20.704317,21.485867,12.837446,18.408577,25.236828,26.321554,21.956623,18.039820,19.995922,22.099379,20.078308,22.574585,29.274466,29.766283,28.027437,30.944426,29.747534,21.101555,34.234531,36.065945,27.804062,24.940159,28.838722,10.632467,26.374920,27.624685,17.077440,25.108551,25.678747,22.351151,14.625263,23.661291,24.318007,15.690122,17.477547,14.837147,11.641646,14.628705,7.588008,7.907714,9.334715,-1.713545,18.403721,15.903084,24.995195,17.629412,18.233801,19.572397,24.680300,21.875933,37.236900,39.883617,31.837765,18.597355,20.605644,18.927437,20.414505,7.148988,7.784822,19.159348,25.329027,18.643936,19.048809,23.982075,21.259705,11.851398,15.831862,7.370667,16.744278,12.753634,10.476902,11.781602,17.097900,20.457195,17.190248,14.467619,18.105965,22.312002,14.145862,20.100853,16.509844,17.101908,29.499218,30.389797,13.968873,23.897589,23.993578,21.114176,18.688257,21.304802,19.710762,6.388328,16.497055,12.418333,11.487873,16.261776,15.475937,15.776066,13.138770,19.464607,19.804581,9.523018,20.711918,19.267487,6.541468,17.131519,18.089373,16.689510,19.512978,16.306900,-12.676053,13.547459,13.281988,17.274446,29.506474,32.342468,27.296860,17.421926,13.808447,16.100681,13.874711,10.322102,4.452515,13.735573,12.925293,-0.834866,1.740651,3.168174,9.197817,-3.262312,12.042389,13.111004,17.250307,13.924371,9.601696,13.321113,17.375982,15.066995,9.648829,20.475542,22.511541,14.721633,21.474911,25.269434,22.649075,19.418909,20.956314,17.709381,17.073496,22.962959,22.698717,15.148813,17.623333,10.791221,15.483747,19.568546,17.952057,8.673913,13.796389,19.991470,14.837309,10.900245,20.762566,17.909815,14.829592,11.941663,12.369329,7.991352,5.843645,12.700095,16.488825,15.046362,14.759514,9.232943,7.285840,16.949186,15.263909,10.851580,18.534861,21.771461,18.032209,20.098537,16.730824,4.180843,13.536200,13.312403,1.972868,0.314745,11.686493,0.871074,8.537079,14.879011,12.210377,10.492196,10.492847,10.463524,1.537341,13.550052,16.561287,8.605993,14.235944,20.997711,17.779997,3.276224,16.434715,15.841295,10.361708,16.405491,8.870510,17.390951,19.471844,11.736564,14.418220,-15.707263,11.310691,10.117726,8.642964,11.765342,5.936463,16.334145,15.095171,7.950864,16.081587,19.644600,12.535454,6.299887,15.016456,9.843662,8.629800,6.193468,2.922451,6.679728,2.904992,-0.352600,2.799237,4.630064,8.132847,7.053422,8.424109,10.874915,10.058494,3.044497,6.280503,10.838379,11.814175,12.317110,14.562016,5.817436,11.830637,10.814815,9.607972,5.503239,7.062387,-2.835690,7.017205,9.020045,-1.030496,3.091661,-4.278323,4.768298,-1.879911,-3.128847,1.830709,-7.026775,3.747658,2.937533,15.139012,14.872698,7.374869,10.260258,11.456313,9.044931,5.244003,12.357631,11.664834,-7.570395,13.015062,10.801476,3.948853,4.871452,-0.168559,6.991753,11.479808,11.296264,-0.769324,12.523205,12.821190,11.858784,5.583848,1.015545,8.545021,12.054466,8.091295,11.298424,15.493927,11.714027,3.870407,2.352030,9.369629,14.943502,11.468395,-2.639407,16.025412,19.355612,18.055973,13.613026,18.336905,18.628609,4.375775,13.466655,11.657259,10.486182,1.948590,-5.365812,7.882905,11.128698,4.406668,4.746567,14.921906,13.967730,9.766943,14.627324,15.354185,4.826857,15.673213,16.231760,7.512641,9.012724,13.940733,15.944934,10.307213,-0.007555,8.956638,11.345318,2.614379,9.053049,15.450276,15.793959,13.625450,10.580360,13.002443,7.339354,10.265299,-4.624217,8.869951,6.514210,8.685173,10.904302,2.402669,4.329705,5.844000,5.080589,2.763055,12.053129,16.717890,7.935510,12.615682,2.930423,3.645816,11.954088,13.918011,7.624633,9.154654,13.659971,12.359582,8.990478,18.023891,19.465553,16.271894,8.130616,12.670022
[0;32mI (4730) ANALISIS_ESPECTRO: Frame exportado | t=4.07 s | pico=1000.0 Hz | 54.6 dB[0m
SPECTRUM_FRAME,5.095787,1000.000000,56.178535,hann,512,25.703716,25.494610,44.334873,53.085155,49.506077,34.525761,44.240078,42.970257,30.906191,39.023323,39.876709,28.308434,32.245705,35.690407,25.322529,30.631506,36.826797,29.808220,20.208836,30.804274,28.357639,25.102356,32.790943,31.596310,23.706110,28.229782,26.848351,12.916299,18.433201,19.723309,22.235081,28.730230,30.500084,19.309328,20.813850,25.798248,15.835516,5.675151,28.413467,28.042164,19.278698,29.885086,30.286285,16.640532,24.786228,29.348881,21.802713,29.447193,34.896370,29.969677,26.447491,32.890617,28.432140,27.201111,35.646358,32.436584,25.782969,38.496002,37.647141,29.100477,46.257195,48.504974,37.729153,50.845924,56.178535,49.304108,39.203476,47.774120,43.341843,30.626415,41.384949,39.167419,26.438484,33.504211,33.765095,22.139439,27.741402,29.023230,21.013767,25.497990,29.652752,20.678356,17.370014,22.994225,17.879436,21.331911,29.201410,28.333080,21.795143,24.942770,21.659954,10.539966,15.521670,25.124683,28.722134,31.966181,31.835133,28.504837,25.602852,24.422598,20.388737,17.035738,18.814720,21.569014,20.383484,25.804014,24.962116,16.272209,15.607521,20.359917,16.987034,20.703270,23.848190,22.589897,9.584265,20.009712,14.918003,4.848486,12.901148,13.039768,20.768511,29.732159,28.451736,21.167980,22.689106,25.840216,21.164814,43.361069,48.136154,41.569069,28.815825,30.180237,19.321878,22.587734,32.368198,28.434832,22.051575,27.596954,22.823681,5.718014,13.604531,11.776906,19.272076,16.782866,11.514046,16.296564,13.343771,11.645519,16.981693,18.680042,23.733185,24.109364,19.126850,13.345293,9.806422,15.015167,12.330549,20.657143,24.752071,25.579489,25.376005,24.840010,17.198942,17.523230,9.502950,12.904091,18.131063,14.053922,14.280596,7.685058,9.956988,13.309709,8.498877,13.923898,9.044605,14.361444,20.078407,15.845484,17.565628,13.729109,7.032874,16.349192,24.269646,19.087688,20.487309,29.229191,26.454393,23.228224,31.991810,28.637526,14.076916,41.586285,45.356918,36.878372,19.113285,28.481297,17.318441,22.600666,28.057592,25.058613,23.032190,27.137367,25.245611,18.185471,16.650692,18.553024,20.481087,19.008389,17.389782,17.460558,7.390774,10.294172,10.899035,17.776148,22.204607,20.990841,17.493725,18.780413,12.658938,18.521795,10.516289,20.330563,23.581564,26.128729,27.656630,26.420954,24.075176,22.163052,15.333870,11.999222,11.492051,15.904175,15.583200,18.569672,16.656681,11.268137,11.728216,1.804931,16.784641,14.095549,13.159716,13.575626,15.398317,15.713861,13.786310,12.304926,16.138700,16.918608,19.293068,22.543098,17.518061,14.315910,26.998299,29.438927,22.567484,35.303635,38.245884,31.292456,28.490067,30.135708,18.036560,20.127098,19.574869,8.664097,19.390980,21.060825,15.789509,1.300783,18.151535,12.004524,16.037981,14.711152,13.964285,13.074665,5.083600,12.338621,13.492664,15.426646,18.047918,17.734236,14.596184,14.041576,10.659933,10.905075,6.641566,15.034206,18.046539,18.107265,20.757149,21.063509,12.453154,13.556387,0.036011,15.083913,13.659285,6.869835,11.335281,11.234268,13.587324,9.635056,11.985507,14.928080,11.095314,15.039091,16.707386,11.207228,8.132534,8.907146,2.227977,11.650358,19.393843,15.415596,18.214739,22.852850,19.993420,22.115509,25.942745,6.013224,19.502163,32.256813,33.921402,22.629086,18.836090,17.377125,14.935390,21.686958,24.022873,17.349625,15.871401,17.893400,12.993059,3.056164,10.987221,16.753307,12.314630,1.441759,15.197325,16.956833,13.694563,11.566694,8.774684,14.110056,17.283377,15.151645,14.686790,17.592121,6.854362,11.811400,14.156538,20.231581,19.732122,22.924477,24.291613,20.328629,17.964016,19.398893,12.721321,11.285172,15.408343,9.603826,7.044160,18.095850,17.925226,9.415134,12.714458,7.354189,12.735992,15.622484,13.907066,10.054090,12.408656,15.560331,9.748466,1.211067,11.608925,6.117673,16.632540,18.638939,13.119807,18.557289,24.183918,23.168791,16.116043,28.319874,28.567781,21.115082,23.143288,21.903751,4.764281,18.748577,16.734215,10.776220,17.671740,19.684557,14.953491,5.957283,14.793327,10.219648,13.708711,9.357871,3.828866,5.654975,11.740098,4.878024,6.951220,13.802518,13.855015,14.912935,14.809566,15.553310,14.808029,10.876102,14.308781,16.822201,15.569421,14.098872,16.764235,15.496080,2.591442,2.098703,12.878989,13.339334,9.786020,8.814737,6.936388,1.069354,10.338099,2.213783,11.837902,9.525351,3.534203,18.026377,16.185484,-5.746254,-0.461862,1.575695,8.756362,14.557629,16.185200,14.988148,18.168589,19.392334,15.852068,20.392452,22.704515,16.980404,21.968597,23.823494,17.101437,22.351700,22.247248,19.425089,21.163786,22.105749,19.444538,11.598850,13.165562,12.643063,10.917372,6.474940,-4.655234,3.500611,4.790123,-0.180168,13.880289,14.086563,9.896531,1.852766,4.565107,12.107020,11.712275,5.650898,10.965032,14.117767,6.952597,5.634814,11.023094,9.281021,13.352369,18.349480,14.870474,12.749796,16.148033,11.492832,5.004536,15.023870,16.682573,7.911468,9.912257,14.978503,12.430573,8.348366,12.755466,10.724784,3.430682,8.629404,9.759862,9.818457,14.250041,18.041880,16.109770,1.844392,16.441137,17.476749,18.179972,10.173774,9.686953,15.505917,16.717236,5.599725,14.749039,19.187981
[0;32mI (5760) ANALISIS_ESPECTRO: Frame exportado | t=5.10 s | pico=1000.0 Hz | 56.2 dB[0m
SPECTRUM_FRAME,6.118138,1000.000000,56.310844,hann,512,27.465208,16.020334,44.613605,53.535942,49.701935,35.154991,44.264355,42.922649,29.467871,38.655018,39.862427,27.317669,31.447647,36.020741,27.614250,31.592253,37.489010,30.612650,18.861006,28.851969,24.601698,21.245617,31.912327,29.595518,14.524156,25.817829,28.349072,18.665169,23.382978,25.842487,20.507832,23.904110,27.936081,20.074692,13.413679,24.407873,17.473263,21.037216,28.895088,24.981634,17.095301,30.655636,32.736423,25.778990,27.999269,29.807413,20.839359,27.617165,34.131538,28.156214,24.340256,31.931726,27.089775,23.554348,34.587311,32.288872,24.759098,38.149113,37.736870,30.644627,46.400284,48.897392,40.475372,51.315125,56.310844,49.294937,41.646553,48.150169,43.264980,31.527191,40.784397,38.178955,24.722300,33.250347,33.488811,20.027050,25.446482,28.562338,20.325829,24.966194,29.016685,19.503355,14.800715,24.434221,21.559885,20.494198,25.211674,17.241774,17.279320,8.350147,17.255985,9.993059,19.202520,18.760031,18.788982,14.793615,14.810352,16.474764,17.649572,21.951691,13.622143,16.267178,14.145929,14.822188,15.270792,11.522945,19.197023,19.686535,21.669062,22.952747,19.999220,19.229837,14.754961,6.048877,15.951344,25.509171,22.862309,7.377043,21.469227,16.407837,18.014999,31.118755,31.030207,24.779686,21.362669,24.612768,26.181641,44.377716,48.769817,40.481926,12.735651,27.917204,19.222033,24.111803,33.489136,29.957088,14.331298,25.174217,24.589884,7.486627,14.292951,17.606779,7.330663,-9.176452,15.270863,9.329948,10.459190,10.421524,14.552032,21.530664,17.236479,17.305187,20.255526,19.469891,13.040055,7.234803,9.864014,18.070976,19.544121,23.363804,25.739269,19.947609,16.328163,10.765497,4.618189,9.456514,15.842249,18.654402,20.853077,21.163963,22.219509,19.818718,20.925531,17.960884,14.241414,13.888702,18.167408,17.942577,12.664600,4.706741,7.858735,12.011470,22.756001,17.567072,17.393791,25.279018,21.871683,15.332354,29.482698,29.348764,28.022726,42.541832,45.313869,37.730003,31.011209,31.165081,22.612200,15.551498,26.149765,19.125147,18.966320,26.654615,23.644073,7.146823,19.614441,18.996536,15.931421,14.199891,12.667292,11.973059,10.103991,14.789991,15.934423,18.083986,17.871944,12.806124,17.091805,10.717059,5.290713,9.507044,-1.299763,6.026804,15.386163,17.577112,19.762800,18.164967,17.407272,20.894659,16.218998,2.975740,14.596434,19.460350,18.192789,14.691043,-0.379812,13.549386,15.978210,14.002295,16.303885,16.958702,11.760001,1.234205,13.981814,14.405316,-4.692304,10.556793,19.153816,11.276722,8.406578,22.099030,18.625547,17.374645,27.894920,25.158949,13.416580,37.874588,39.908817,28.600876,20.611015,29.520151,22.175449,19.466221,24.886532,19.013336,14.217241,21.479511,15.668955,7.998312,19.951223,19.738171,13.794998,-1.408608,5.865639,10.035002,2.051146,5.935196,11.031685,13.819696,16.560087,18.270287,18.856432,16.922953,12.042542,10.231484,9.183214,12.399173,12.318794,17.967775,20.202457,15.174234,13.823377,8.940100,7.022042,8.939159,15.743742,13.757751,14.732962,15.739708,18.098747,16.891325,15.674468,10.366250,8.962871,14.029159,9.830858,-2.353572,8.676605,13.146879,9.931098,11.028361,15.863520,1.529320,4.405517,21.769302,17.197052,13.125348,21.048897,23.698664,25.765245,34.122356,35.186237,29.497852,26.035294,24.448425,16.848936,17.055136,22.692577,11.290007,7.611579,17.884766,11.958433,5.262681,13.452348,13.582619,6.251992,11.832805,15.056791,13.253378,10.987086,17.082958,17.230408,17.039179,16.466753,6.548845,11.145091,0.034539,9.531740,7.201220,7.391071,5.941602,5.593512,12.484874,16.961796,14.990263,11.785215,17.403645,13.272570,4.342997,10.003552,16.571846,15.180975,15.816647,10.127288,5.779023,2.284370,14.317225,19.784487,15.908819,13.682652,16.004103,18.173021,13.606930,4.325394,9.982943,15.759947,-1.134157,5.696579,14.232531,8.730236,14.726713,22.272642,15.054358,6.777815,31.386589,30.628283,12.723371,16.763609,19.607409,16.775705,14.899411,20.530102,-0.586602,14.186640,22.019434,10.727047,8.070174,15.775640,-17.293341,11.072879,9.396399,9.521259,10.721428,7.932611,-3.338228,12.162999,13.591565,7.294773,12.386813,14.608589,11.367079,2.203481,2.022226,-6.262055,-0.740422,1.890398,12.712174,12.670662,5.943493,5.418234,13.309521,8.041819,3.826784,4.349162,7.538296,13.949249,9.220715,14.712906,16.231665,15.991502,14.609941,13.264906,10.656300,7.265920,9.606529,1.592820,7.291381,11.278221,9.880036,14.154329,-8.388985,10.500341,20.041265,14.484644,14.473360,22.047720,21.812399,21.972652,22.535944,22.997753,22.615818,23.534962,22.529743,17.954588,16.638256,18.386782,15.985182,10.179445,11.691099,7.221677,3.334891,14.116521,14.954883,9.380955,9.593847,-12.862347,4.884947,10.800974,16.075146,13.091245,15.646826,17.304773,8.924059,5.895251,-2.368779,9.881565,9.263931,7.674191,12.086267,8.992120,6.754139,8.770811,-5.247679,10.502976,16.441032,12.267988,-5.022874,11.238201,14.906462,12.188067,12.500530,-2.870758,3.086564,-3.656425,12.427554,17.654169,17.101532,13.794212,11.786700,16.090658,7.330667,12.809001,11.449175,10.047631,17.123825,12.917961,10.816372,13.628376,14.776142,15.544859,11.077432,12.424021,21.585320
[0;32mI (6780) ANALISIS_ESPECTRO: Frame exportado | t=6.12 s | pico=1000.0 Hz | 56.3 dB[0m
SPECTRUM_FRAME,7.140497,93.750000,41.864365,hann,512,13.711035,15.520472,36.086727,44.595757,40.446186,31.725538,41.864365,40.077835,28.188848,38.389145,39.075790,27.606890,35.018730,37.960075,29.285536,31.704952,36.060993,30.634993,29.165272,33.396538,30.002935,27.945873,30.619190,27.190189,26.064327,26.598381,21.421501,24.678381,26.413399,15.969678,28.453939,31.342459,27.143333,29.660929,32.720970,29.998053,27.241610,30.343321,28.164301,21.035252,24.571373,20.499096,9.879711,22.131264,19.619320,15.809141,22.142086,22.863485,19.234171,21.809999,24.499113,21.340286,21.862137,28.438251,27.084747,23.806555,30.686794,31.059975,26.302603,30.746254,31.700613,27.259754,28.832596,29.033337,26.576916,25.463354,23.511438,23.954247,23.173096,18.940901,18.310053,21.467934,16.232166,7.098178,17.985048,14.207426,15.054015,17.918283,12.604156,16.096661,18.125504,12.395602,10.514042,15.624057,-5.769168,0.700630,15.216474,17.590834,14.399103,17.079115,22.159500,20.782524,17.659458,20.727741,21.351841,16.167276,12.838276,15.543822,10.498676,8.812614,4.654744,-11.978317,11.664175,9.724489,5.271770,9.133839,0.508382,-5.723131,7.973147,8.667349,4.596914,3.949962,7.553559,7.387169,-10.072055,-3.758568,2.490028,0.381412,-6.870711,5.810337,4.031473,-0.780908,11.754727,12.398727,8.435979,13.713074,14.753171,10.392559,12.464159,13.330416,7.658235,9.177596,9.891074,-3.206048,4.721152,8.417160,-2.896175,-0.954534,10.197310,3.034215,1.666202,10.897320,4.982427,0.438952,7.964307,1.959747,7.235221,3.289540,2.507671,8.093033,7.028108,6.771884,3.848372,8.810219,6.563275,-0.991372,7.801905,4.405280,-0.518447,4.775536,-3.822143,7.145184,6.312636,2.749402,8.988962,9.348029,-0.406180,5.734262,9.553638,1.799588,-12.678411,7.510914,8.034631,4.560427,4.338907,6.257339,3.581824,1.603969,1.003386,-9.064631,-0.108969,-3.113614,-1.673473,-4.331698,-5.330769,0.949806,-3.679119,0.035176,7.880517,5.820842,-2.543223,8.634388,10.299265,7.325820,9.857763,12.978749,10.825820,13.439965,14.954476,10.243484,13.469522,16.196426,9.342032,10.395458,16.440187,11.113566,6.964581,15.229876,11.657414,3.188100,11.870726,8.735414,4.318694,6.986881,1.617937,5.544237,6.079734,-1.079080,3.387997,8.366223,6.701591,4.618693,9.929749,11.419991,8.524140,9.337429,11.880690,10.009012,7.128184,8.229023,8.627605,5.238944,-0.724019,3.355482,5.464454,-16.888107,-3.695060,4.882513,-5.219986,0.291724,0.135094,-0.207778,-6.358709,-14.821854,-0.297248,0.042021,-2.122097,1.586946,5.334096,5.799033,4.001226,5.074187,7.650915,4.680658,4.233486,4.834952,3.699319,4.504052,4.130294,0.375958,3.363273,5.464948,2.429199,1.067051,1.779445,2.241497,0.474593,-10.644827,-9.027045,-2.109791,-12.050852,-1.956907,-6.046989,-3.657766,2.661366,0.655847,0.932417,4.408353,2.068152,1.046520,4.219175,1.612688,-4.800349,-0.182894,-2.161136,-8.890335,-12.678152,-11.707438,-5.750806,-4.633122,-2.190172,-1.687894,-7.516906,-4.013174,0.641117,-10.788421,-14.072914,-1.066373,-6.833268,-8.956275,-0.810617,-16.879444,-11.749622,-0.757017,-0.922478,-1.027904,-6.465874,1.125687,2.161533,-7.264680,-5.744936,-1.163574,-5.863563,-6.957414,0.476325,-1.541246,0.137362,6.355281,5.798849,1.473745,6.467709,8.478092,2.156357,2.291480,7.068415,2.304201,-3.209358,1.968809,-0.157965,-2.203149,-2.072962,-6.645391,0.905643,1.831040,-10.966414,-0.267694,4.814261,-3.958824,-8.335741,2.725338,1.934186,-4.021861,-6.988951,2.859113,-2.396495,-5.498629,-0.026456,-9.734009,-5.007332,-7.220976,-0.910243,3.749736,-4.145093,2.282355,6.054878,2.759168,-0.350111,2.344346,3.289241,-2.813601,-12.410708,-0.135893,-2.178895,-6.750855,0.330769,1.462041,-1.569967,1.995851,3.391168,4.194340,2.026474,-1.315110,2.386345,1.399945,-1.632679,-6.493197,-2.558968,2.707527,4.569122,-8.549553,0.107031,3.756799,-6.995513,-3.073125,-7.544058,-6.190096,-2.823961,1.460542,0.003652,-10.082312,0.835971,0.873478,-6.148037,-10.101972,-2.633378,-6.591171,-6.810319,-5.409163,-6.637712,0.422942,-3.270711,-0.977593,3.960704,0.885594,0.127184,3.068791,1.890303,-0.399449,0.500270,1.159056,-0.699591,-1.157521,-0.853143,-2.060718,-0.557269,-5.795283,-1.872044,2.650384,2.686289,1.513349,2.470171,3.629230,2.837266,2.596822,-0.596845,0.165742,4.202629,2.507204,-9.722965,2.130100,2.093395,-9.814843,-0.588217,-6.585939,-5.645225,1.624247,0.510194,1.777717,2.987773,1.028425,4.618978,5.540375,1.301442,2.441348,5.955395,2.424050,-7.418561,1.203462,-2.957172,-7.041448,-13.397952,-11.711841,-5.057768,-0.228787,-5.670319,-10.566366,-1.277483,-5.565801,-7.104644,-6.930529,-1.990659,-1.261985,-10.421478,-2.197968,-2.155836,-13.934746,-2.251336,-10.374689,-7.915723,-0.587783,-1.990708,-3.628687,-1.862637,0.424814,-1.159545,-4.420054,-2.665637,-3.974550,-12.021627,-18.365582,-19.496273,-7.256986,-4.942758,-3.878854,-2.790775,-0.256420,-1.426747,-6.628326,-2.650547,1.897706,-1.258739,-4.878198,3.541681,4.279228,1.157031,1.489404,4.885830,1.348773,-4.159089,1.508371,-4.119564,-18.812988,-3.048438,-7.062382,-3.784736,0.177278,-2.773680,-1.725856,1.310320,-4.291282,-9.173524,-3.375950
[0;32mI (7790) ANALISIS_ESPECTRO: Frame exportado | t=7.14 s | pico=93.8 Hz | 41.9 dB[0m
SPECTRUM_FRAME,8.162859,1000.000000,56.261093,hann,512,8.482625,22.771646,44.722084,53.784695,50.173107,33.539650,44.436337,43.093040,27.707611,38.518959,39.633583,26.965477,30.112688,34.401653,25.386337,30.408844,35.467899,29.506897,19.832655,27.788414,27.373756,13.663387,25.865292,20.619583,8.457500,21.188114,18.694088,13.371462,20.983067,24.419712,18.478533,12.053972,10.889400,19.306580,11.097647,28.429382,24.769341,12.513719,21.704845,22.821537,18.771666,28.003044,28.897034,21.368895,24.997654,22.332418,8.002853,24.897339,28.440916,20.273544,23.121929,28.368130,24.007088,22.147758,33.143154,30.234842,26.010742,38.776230,38.998650,30.207062,47.195927,49.375042,36.736904,52.077492,56.261093,48.924564,40.173679,48.517612,43.659767,30.889183,40.684032,38.327423,17.771053,33.352520,35.024246,25.471010,29.824717,31.745016,19.852287,29.422998,32.317039,24.135292,23.195511,29.268236,29.469921,19.553591,23.299896,19.502468,12.153152,17.336803,20.298759,18.386669,22.579325,23.038540,6.193706,-7.668634,17.826996,20.649464,18.784313,30.573969,24.766615,9.274143,12.749006,10.291968,20.638952,27.655516,22.915920,24.651844,29.226809,22.044930,19.074476,15.170258,19.599335,16.727491,16.230152,25.289944,20.877777,14.091276,22.522377,20.402983,16.015591,29.148684,27.998127,14.553069,23.737038,20.466940,29.907146,45.329475,48.188671,38.641449,27.419149,22.841000,12.960688,27.644423,33.070992,28.970194,22.165468,29.253189,25.139286,18.365627,19.820499,16.873833,16.226879,21.553747,23.227856,16.603138,18.354836,27.829454,28.245567,12.928783,16.020281,0.752362,6.574201,12.560356,17.414143,15.883132,21.723558,19.196556,18.646191,18.643986,13.370188,21.614182,18.487324,26.496756,21.156252,14.112427,18.391758,13.132269,3.419388,7.722662,19.371700,24.855707,26.607185,18.261953,18.508198,22.965548,20.641279,7.873785,16.229549,18.760426,14.883764,13.255150,19.218138,14.592338,18.834068,27.456953,23.901413,15.908937,29.301201,30.168232,30.631668,43.618549,45.000717,34.598911,20.025162,31.398592,23.735075,18.032623,24.168915,19.720070,13.106322,24.772018,27.028265,21.546043,20.491877,20.870150,17.763159,22.991413,17.606749,3.761546,21.029488,28.019640,26.348665,11.814667,21.332142,15.033596,7.471129,13.879285,16.354866,15.283712,20.761251,17.593954,17.525383,11.022478,19.339113,14.860691,18.128721,24.169901,16.019110,7.152458,17.069548,14.160339,12.731223,16.781769,10.128130,24.116829,24.889599,17.338875,18.012573,8.749543,15.230814,18.938848,20.532324,20.323725,13.636304,9.373495,20.669632,16.960300,3.289751,22.098339,21.296185,16.918816,29.226772,29.280727,28.026876,38.082890,38.393124,22.733753,28.840897,28.378904,17.617592,17.829262,23.691359,19.233280,16.169979,21.379719,18.707220,13.448506,9.218413,16.429951,19.237310,21.755960,18.203699,2.993850,22.070896,25.327036,20.608322,16.772451,20.119808,12.084215,-2.782637,10.775826,13.369652,10.704838,16.935080,-0.592803,20.161945,17.102335,16.277575,17.743628,16.096325,18.729679,9.397552,12.385646,9.499115,-13.723918,9.851733,14.372982,15.716423,19.808233,20.206964,3.831322,18.905115,19.983393,15.518019,12.545429,10.249264,16.554144,16.032679,10.105303,14.798964,16.447220,-4.710989,17.834564,14.718628,15.574279,15.546905,14.912909,27.954502,34.701683,33.273064,21.598375,19.775148,21.472591,12.473822,22.697859,25.602940,15.507592,14.012595,20.055239,18.993885,18.968203,18.282282,12.744471,2.089453,3.195584,10.410563,10.884380,18.403570,24.250603,21.203405,14.774656,20.034885,16.102379,10.462936,2.724440,0.250408,6.082250,3.629144,12.612865,16.658588,12.001381,15.501638,8.157994,17.990362,19.984446,9.787714,12.360273,18.022692,15.229606,12.264778,13.426171,9.791807,17.871664,14.951325,14.758793,17.596457,16.657703,15.927402,13.784104,14.806683,14.785109,12.952221,12.878330,12.938508,14.171138,10.754215,15.645528,13.815904,13.161793,23.839657,23.096935,20.696186,30.927074,29.487495,18.491816,18.523623,19.410349,7.670882,12.176001,17.272449,16.810869,19.073942,23.171652,21.008896,13.729340,16.561794,14.237812,7.916313,11.632778,14.084871,7.393813,14.049968,15.454739,-12.269893,17.500589,17.073219,9.016059,-2.103344,10.650058,13.874454,14.060340,14.894640,0.125292,11.221529,7.241877,7.621011,11.387527,5.469687,7.309627,5.242905,6.843297,-0.430925,9.359020,-0.420117,14.563810,16.073496,11.358209,14.008599,-2.368906,14.535747,14.510141,6.584521,5.843022,8.757915,10.770579,10.296582,6.931921,13.369997,11.298918,6.874257,16.261608,16.812607,5.164146,16.336102,13.069181,23.311937,24.122221,21.049320,18.306953,22.618050,18.536430,10.431999,17.105059,20.077900,6.936799,15.062919,16.223787,9.649199,13.481025,14.622283,12.583217,9.954168,10.393276,8.089722,9.585241,12.309635,15.279708,12.890030,13.862429,18.653906,16.369287,7.793683,6.549354,4.209623,3.735972,9.923148,15.053734,13.404173,13.688302,12.958989,6.240119,12.445683,11.270912,9.609401,11.338074,14.592319,9.210182,3.018856,9.703912,13.653440,15.806003,15.214190,12.202719,13.756585,15.571350,19.150784,15.642206,9.670266,15.895186,17.463272,14.947445,15.765576,18.895229,15.733504,10.861959,13.374557,12.897985,15.173487,13.604856,11.963844,22.193251
[0;32mI (8830) ANALISIS_ESPECTRO: Frame exportado | t=8.16 s | pico=1000.0 Hz | 56.3 dB[0m
SPECTRUM_FRAME,9.185232,1000.000000,56.211250,hann,512,31.420403,27.073040,45.300030,53.859344,50.509335,31.309900,44.879307,43.304173,24.292763,39.733124,39.698650,23.987265,33.407616,34.963280,25.849003,28.869505,34.024284,29.099648,14.482811,25.033686,21.987055,14.211639,21.976202,21.098776,-0.502733,20.843769,23.023373,14.244919,23.303919,26.340467,21.429644,11.244426,23.303175,25.899534,20.649843,16.236132,18.859947,10.500798,13.037365,13.876834,12.232923,20.043982,21.424793,17.259531,0.955971,17.014246,18.569824,12.390932,24.799215,18.613071,21.762316,26.253239,25.548077,28.116066,33.493778,30.340176,23.394051,37.950607,38.588406,21.575815,47.159466,49.253403,36.090816,52.233009,56.211250,48.149025,42.441769,48.623093,43.962994,29.130070,40.977730,38.724884,12.509135,33.587173,33.874729,28.519613,26.269873,26.558115,15.355798,27.396957,29.285408,24.393579,11.305483,23.524618,23.979870,18.943121,22.459829,21.520126,11.005111,22.063374,23.855103,7.062382,18.144848,20.924858,22.482721,15.063968,22.525398,26.749125,22.724440,11.917616,16.194466,17.245773,20.980003,21.216097,16.157410,15.472168,19.388708,13.439336,9.650253,13.569077,18.113125,25.811844,25.917763,20.024950,19.424917,28.824711,29.114550,24.199490,25.202658,26.134647,15.100830,31.191799,31.297722,21.537617,24.546101,28.019230,33.809231,45.997475,48.210529,36.314075,31.749399,24.901468,23.027122,18.644323,31.552267,29.139309,22.402239,29.137218,25.604736,27.069733,28.149626,22.346174,20.946066,20.740870,19.383751,17.781376,3.755741,14.239949,17.808506,15.174992,12.526352,1.931903,6.664830,15.253473,15.150558,9.524136,14.696379,21.757759,22.797752,18.738178,23.231792,25.510313,22.461994,20.290976,19.610636,14.329914,15.122600,11.483789,12.861876,15.867595,10.817901,14.742079,21.585762,21.794907,19.900295,3.845363,21.337252,20.829956,10.288467,17.433067,24.961918,20.028015,17.811319,17.751381,19.176586,25.891962,25.685177,14.505401,28.161810,29.640600,31.277592,43.817245,44.787987,31.395500,28.632221,30.792601,26.652931,3.906152,24.837513,22.577576,18.104136,25.334616,24.669218,26.236143,18.707703,11.882295,16.970287,12.148115,19.409121,16.699781,10.510446,19.623898,17.934792,11.440939,16.601377,14.054604,8.143579,14.072909,15.982031,4.650140,10.164581,18.410118,18.744223,8.245908,19.556194,21.623138,17.276806,-1.232275,7.606383,14.311224,18.382364,17.276230,12.851753,4.009106,-2.892148,11.935427,8.866120,2.828820,13.204376,19.853485,16.182619,10.998234,12.785797,20.332123,21.653101,18.606716,23.181047,21.030157,1.444259,22.864128,23.942595,1.140390,27.201460,29.327801,30.643288,39.508236,38.903851,15.702656,29.561134,29.023685,22.460098,6.586864,19.383244,17.489523,10.515432,15.911473,5.390778,22.912531,22.714712,15.515513,9.044179,11.198894,13.382750,8.720245,2.639069,11.132368,10.393342,4.636482,12.153894,11.606135,8.460017,13.956816,13.211864,8.935835,6.381406,14.092589,12.649103,13.356892,20.231760,21.226444,16.334812,17.443687,17.161419,12.848248,10.025894,12.427650,14.028551,13.690868,1.641986,14.685244,19.738575,19.604017,17.093403,10.786617,17.404976,15.557574,8.336781,21.109806,22.824627,14.256287,10.718879,15.367607,4.454291,17.062988,19.148874,9.889089,19.307985,23.290932,27.353495,35.244839,32.915810,25.866894,18.418346,21.095848,19.902403,17.415688,23.042225,18.094707,-2.389146,13.924366,21.426235,23.543682,17.818226,13.048793,14.880295,15.344772,18.987709,12.949093,12.429066,19.187099,16.158792,7.512178,8.113343,12.168886,11.484501,11.364120,8.438057,-4.303871,10.890512,14.702901,4.369370,16.338486,18.925873,15.546829,7.224146,13.922553,11.078639,9.139987,13.421335,12.357811,6.844230,4.800840,9.729203,13.881599,6.667074,3.215880,-0.576923,11.047181,16.649294,12.899493,11.708437,11.174213,7.105348,15.649390,18.777649,13.706963,10.512760,19.453960,18.338745,9.499937,20.699020,21.056765,23.691233,32.714848,30.001942,13.594046,22.528990,21.731163,17.668514,8.108480,10.680067,9.408763,16.414755,19.730682,15.037096,19.614431,17.665537,8.849579,8.295169,8.061912,7.036814,10.503084,7.203295,6.773915,12.871946,6.525450,10.238142,6.592966,4.858938,9.083003,4.629240,4.359799,2.537601,0.891227,5.694947,6.685220,10.042972,-0.753439,12.341743,14.283576,13.169018,7.423829,2.916056,4.931035,7.532084,1.168019,4.528708,11.402254,10.937202,14.024223,9.929072,8.968416,13.811525,14.756351,9.112411,18.215435,21.182934,14.078619,6.289157,12.508669,6.024122,0.321797,2.913323,9.591682,17.810175,17.644732,19.021164,25.200731,21.293999,20.939888,0.253435,17.751415,15.813804,15.856625,7.870554,8.062426,11.668712,-3.573115,13.004339,17.880537,19.228479,17.620625,10.885434,15.954037,17.978996,12.997994,11.560358,17.250896,10.845087,2.641449,7.301772,5.213594,-13.683830,0.910608,3.841704,6.955440,0.904718,3.357254,2.613869,9.338037,10.774843,9.380483,10.732879,12.135324,8.923346,5.247093,-6.706043,3.613799,4.830340,4.920571,5.700489,5.364645,11.097731,7.496316,3.553066,9.786089,15.357134,4.801955,14.172613,10.974612,14.643598,17.204212,17.366201,13.179211,13.269897,10.243587,1.465790,11.729708,16.093407,15.530704,10.672657,21.537449
[0;32mI (9850) ANALISIS_ESPECTRO: Frame exportado | t=9.19 s | pico=1000.0 Hz | 56.2 dB[0m
SPECTRUM_FRAME,10.207584,93.750000,43.284782,hann,512,26.216211,27.017040,39.247963,47.643188,43.846176,30.880898,43.284782,40.975109,24.696209,39.837914,37.733898,26.716463,38.423592,36.944389,23.582191,34.412899,31.470587,26.449348,29.248821,20.456913,35.049671,36.566998,30.411913,37.191040,39.491798,33.309063,34.810673,37.402721,33.396442,30.281580,37.576729,36.491642,26.706427,41.434780,41.075592,23.942432,41.760273,42.499203,27.264492,37.928177,39.594837,29.247217,31.043474,34.153355,23.970270,28.827579,33.129410,28.194639,28.950043,31.304943,30.279428,28.214752,22.053614,23.200874,22.300550,13.256451,23.122293,24.587830,16.782530,29.510412,30.268600,17.255962,30.081608,29.872845,4.132205,28.220650,26.464119,23.673677,25.947906,21.131765,26.875383,24.841972,17.525230,26.438519,26.480654,20.691479,21.927696,23.751726,25.735395,25.012510,16.562527,22.808563,27.085461,24.881874,8.041961,23.977278,28.653496,25.767757,14.023824,26.329870,27.811989,18.926752,14.973837,23.046587,26.615398,23.706394,14.719201,26.308197,28.548384,21.280630,21.632502,27.151773,22.321051,18.728050,22.646412,19.936663,19.163319,26.211397,19.703766,19.047308,25.436985,20.592052,20.854118,23.386486,19.645288,18.599724,21.291286,19.611696,19.491873,21.529215,13.492011,20.048035,21.387146,17.838871,17.180962,19.438650,18.183348,15.899125,5.443022,10.163499,15.135640,16.951843,14.857994,-1.732190,16.841009,15.895914,-1.378049,14.656316,17.494457,9.005713,16.726673,19.747284,9.192904,17.662315,18.406982,9.621859,13.865698,8.095483,4.510947,11.534956,-0.344441,3.478497,7.424650,0.802527,3.815163,8.210417,-15.108656,5.140376,4.702719,14.439497,15.641560,9.190552,15.918332,19.635492,15.890747,11.324692,17.826502,16.949001,8.574674,10.834635,10.947437,7.315819,10.057654,7.646647,13.652248,12.123831,12.345501,14.799765,7.139297,13.541876,12.586697,10.417145,1.976739,-7.411043,11.037302,6.655679,4.160603,13.196268,11.045718,-4.799532,12.529291,13.849022,4.624037,5.528899,12.391066,13.879224,13.946751,10.440613,12.694441,17.126673,18.056648,13.007765,13.940834,18.641521,13.437593,9.296189,13.664493,7.839754,8.409519,9.683610,12.997203,13.388062,3.081354,13.076053,12.263465,-2.782868,6.251963,7.341290,8.405754,7.530490,6.243926,7.344407,9.050097,9.965689,6.841381,2.865582,9.716325,8.678037,5.977700,9.160699,7.713504,1.191205,-2.361049,9.374341,12.263497,4.400817,10.214085,14.023714,8.699734,12.570675,14.140634,12.169045,11.653629,9.572755,5.498904,5.026170,2.780672,-4.813675,0.622172,2.487874,3.480088,1.923337,0.440036,9.894010,6.724624,2.975180,12.952068,13.682609,3.121579,8.456597,12.593916,8.128160,-1.368306,9.146823,9.889716,7.616300,1.903341,-1.632776,5.880320,8.703805,8.306130,5.492518,5.350861,8.256893,5.761731,5.135150,4.529311,2.902714,3.222818,3.837152,-0.901631,-2.155557,4.579039,-1.436859,0.725015,4.305189,-0.998089,2.458613,-1.444871,2.932580,4.522005,0.518814,0.359375,4.915680,2.780946,-5.685897,3.337845,6.403664,4.951858,3.720945,5.888663,4.179286,-2.023940,-7.832148,2.924437,5.172313,-2.033377,1.013660,7.505254,5.822551,-0.140468,-0.158580,0.381232,-4.075495,1.199718,3.297408,2.929338,3.590712,1.583970,-7.918885,-0.888215,4.626771,-2.782424,-1.121341,5.387659,3.360862,-8.800162,-9.661297,-3.180112,-4.878826,-12.742373,-7.185575,-2.480827,-7.493827,-3.366387,-4.130947,-1.649302,-2.284371,-3.327250,-0.631876,1.033178,4.552507,4.876424,5.445535,10.306606,10.452117,5.989794,5.560775,6.643120,3.369335,-3.157132,5.807106,4.490251,2.073081,4.680196,-0.195608,-5.641763,-1.054194,-8.442033,4.291328,2.223780,-5.114548,5.044777,-0.237822,-2.557117,2.828166,0.819960,-5.126679,-3.556406,1.169914,2.906542,-2.331301,-2.577308,2.042624,2.556158,-3.092573,-2.720187,1.506800,1.331822,-4.153778,-10.582441,-5.074763,-9.337646,-6.803414,-1.401933,0.166651,-0.121667,-15.443545,-6.060865,-6.589842,2.373436,5.568244,-0.130294,-0.315692,3.249733,-0.936865,-11.445244,-3.050156,-0.670585,-2.979859,4.067637,7.108430,-2.323321,1.736819,8.571118,6.170491,-4.280345,4.279405,5.913825,-0.082579,-1.230855,1.558495,0.432367,-2.935441,-4.515297,1.250500,1.329327,0.789261,-5.030499,-1.087980,-0.430937,-3.162283,1.432286,1.138238,-1.902276,-8.125635,-0.101056,1.206810,-11.400790,-3.000274,-5.979379,-3.310140,0.866056,-0.244026,-7.922113,-7.047014,-7.126901,-8.604886,-7.487938,-5.719607,1.885629,-0.852559,-14.758808,-0.927256,-0.193654,-11.274363,0.185542,-1.781828,-10.454545,-2.888799,-2.655662,-1.623075,-5.964973,-2.296262,-5.380716,-2.676396,1.069029,-6.318159,-14.263437,-12.939005,-4.044311,0.452046,2.093754,0.869185,-1.935533,-0.693146,-0.206074,-1.011803,-3.343473,-0.843572,3.062583,2.756502,2.668263,-7.679431,-4.466784,1.810243,3.217131,1.484839,-10.299783,0.921846,-0.278309,-4.956982,-6.220398,-1.788060,-0.510417,3.750693,3.289466,-4.592346,-3.196149,4.775303,3.779875,-14.063805,3.860634,5.748882,-1.297625,-5.504429,0.706436,-3.563771,-7.539454,0.463428,-0.887496,-4.476310,-2.510145,-6.897501,-3.944030,0.565360,0.297138,1.545832,2.079580,0.764431,-1.871257,-2.929831
[0;32mI (10860) ANALISIS_ESPECTRO: Frame exportado | t=10.21 s | pico=93.8 Hz | 43.3 dB[0m
SPECTRUM_FRAME,11.229946,2000.000000,58.301453,hann,512,20.927799,22.134962,45.201347,52.990921,49.219162,25.103958,40.151932,39.376747,26.072989,36.760784,38.038773,28.052818,27.701752,30.147696,18.655184,28.693829,34.410614,27.343538,14.470284,13.903000,6.538963,18.358057,26.463902,23.516968,13.044024,26.151066,26.591337,20.175226,22.844376,22.215187,11.125051,24.567497,28.224110,11.702447,18.376192,26.505758,15.623636,13.876954,26.781441,25.679398,18.381287,26.914581,27.710079,15.962795,20.680380,22.413681,18.144596,27.281361,30.161478,23.560106,18.358000,19.364550,13.909861,12.364796,18.693497,18.371775,3.946518,14.190141,18.032139,6.382223,22.017487,26.738056,18.667585,7.886003,21.349617,17.004276,13.900358,27.152840,23.907072,10.827932,18.824123,15.997370,-2.365453,11.954916,13.592426,4.657646,19.925882,22.969044,14.888215,24.800911,27.362654,17.889185,6.084102,19.469011,9.838894,-21.043808,21.813282,22.642673,20.796139,21.262629,21.708038,18.157297,21.008736,19.087831,19.996281,24.541935,23.579067,19.679506,20.564713,20.853205,11.486529,2.688457,19.947569,14.756403,16.113403,23.068298,16.050209,6.676750,19.953476,19.033682,17.539625,26.774561,28.845757,22.019548,18.252934,25.827818,20.378597,21.526920,31.840775,28.073637,14.189640,30.849957,31.513210,25.324654,45.210346,45.807034,39.769463,54.244671,58.301453,50.995132,37.358238,47.276211,42.426304,2.649406,33.766171,31.216299,15.102270,29.484283,27.993191,12.918943,22.289280,23.363836,9.613194,20.544958,26.144220,18.428318,16.331823,15.213915,-6.299148,25.046200,24.848381,23.456463,14.426154,17.487312,15.828985,14.807777,2.191441,18.141562,17.438801,5.622256,9.732781,13.310993,13.024170,17.846397,7.454851,21.777870,23.486134,18.103342,13.151164,23.365501,21.298830,11.698693,21.618425,22.468998,0.366358,14.023713,19.583338,17.545612,12.648025,19.675524,17.632454,7.495305,8.806304,8.641884,4.308444,11.314651,11.167791,8.052040,17.347847,17.022297,4.011663,14.011995,18.922287,2.518654,13.345027,20.843922,17.304865,10.520575,8.899038,9.169459,18.726496,20.308357,8.901129,12.305874,7.241684,13.761442,16.512745,18.506372,17.167999,14.696152,12.499157,14.811335,3.352488,12.942172,15.702909,9.650709,5.354807,12.460299,10.888008,12.536445,21.172710,17.897179,12.384754,17.092060,20.193808,11.580204,14.606604,6.819977,15.700855,8.471689,13.634016,13.933387,14.978839,18.052307,21.063892,19.482689,18.586761,13.528864,17.017355,19.113859,19.911268,16.236004,19.711548,18.651320,14.703431,18.527040,23.639305,19.468540,19.009405,29.351444,25.816204,17.778332,35.564159,38.510952,30.585842,48.014297,50.156158,43.464134,37.569874,38.085651,29.941570,13.364166,31.363585,26.157875,18.581789,24.835632,22.329100,16.423620,22.150879,12.136131,17.630527,8.524810,12.782202,10.448938,6.296741,17.623451,11.958473,19.010902,14.582635,19.470516,13.884211,16.843639,16.032970,17.689022,19.334663,13.459783,13.575448,7.733384,15.663114,17.806152,15.484934,20.933205,13.909617,10.111114,18.123753,20.882076,6.947484,21.985359,18.267088,8.474776,18.403353,15.561057,13.088594,15.876419,17.220470,16.995590,8.738456,11.685373,9.337536,6.809889,10.043970,-0.093146,13.515159,10.811587,13.017135,15.536265,14.603654,19.538471,14.735716,11.496893,17.692774,11.131107,9.634646,16.179386,10.167627,12.302709,11.461983,13.090635,19.576551,17.294931,-10.558127,-2.382393,3.977774,-5.638280,20.792599,15.610168,18.080736,8.290155,13.076298,8.733685,4.632134,11.565941,13.715858,19.630415,19.845932,15.376258,20.869200,14.657581,15.155043,14.587391,22.123573,8.278913,16.881721,15.758649,4.008480,16.216898,16.203484,19.003683,16.746538,14.650403,21.835184,13.359247,22.145472,10.293828,15.891496,15.029438,17.360836,11.386215,10.557307,-5.397988,14.856604,19.892199,14.437318,14.983870,12.662129,16.696983,21.063498,15.870314,22.961269,-6.661644,31.389172,22.462332,34.113960,43.492168,44.294792,40.221821,27.739918,31.028479,29.237988,15.488452,22.785145,13.185359,19.308302,5.081616,15.986568,19.238403,4.579556,6.740503,13.458721,13.583244,13.530025,18.716240,8.506251,15.295748,15.062317,16.321068,22.941534,18.228937,17.465782,9.423409,7.857463,16.695705,4.088789,17.680046,10.086588,17.012177,12.740661,18.501862,17.468250,12.418310,21.300241,16.570894,12.216214,15.561761,11.048948,15.646963,16.376688,17.136761,17.475685,1.913391,18.036892,14.983400,18.420198,18.626762,14.489789,2.952294,10.863789,10.660014,11.073801,9.078320,15.457534,5.811311,4.941657,11.141543,10.135351,15.656017,12.997426,11.141647,12.870711,16.508291,11.578937,18.887917,18.219753,11.743933,16.553881,11.444262,4.987199,6.813063,7.121898,13.258007,16.839569,17.419401,18.024637,3.129364,13.757533,9.612767,15.749202,-3.769302,18.693081,15.321764,8.788903,19.063055,19.005608,7.062683,12.895117,20.436668,16.724041,12.649866,17.616291,14.279085,4.354739,14.028008,6.178226,9.547962,12.880883,0.971109,7.412935,0.785777,8.981756,-7.349532,17.181704,18.655777,20.817635,9.086827,11.640972,16.195911,14.180102,13.030156,19.773205,17.776558,13.090979,-4.257792,13.755142,16.803261,19.124420,20.083027,25.307024,12.741075,32.162376,36.501957,35.422966,45.546272
[0;32mI (11890) ANALISIS_ESPECTRO: Frame exportado | t=11.23 s | pico=2000.0 Hz | 58.3 dB[0m
SPECTRUM_FRAME,12.252308,2000.000000,58.482483,hann,512,27.204988,28.376923,43.864342,52.322155,48.791794,33.811985,40.138374,38.618519,23.753874,34.873394,36.788219,24.768019,26.302738,31.069683,23.552013,29.165264,34.333019,28.189960,15.233607,16.442240,12.858725,6.683629,24.267929,20.625332,10.089504,22.798395,24.016819,7.532769,15.403128,18.890026,-0.132532,22.938591,26.029293,22.384716,21.515245,23.696445,18.200821,-4.293034,23.888039,24.435726,16.962116,25.424530,26.772007,16.586220,20.015490,22.805107,6.599635,17.029308,25.169554,17.588373,11.327469,21.128620,16.877655,4.256457,19.166508,19.027817,17.005981,22.365725,19.649197,16.193197,27.566360,29.904015,22.192398,16.805635,19.343704,7.567534,22.586216,29.898811,25.895809,15.363216,17.756407,15.015817,3.567166,19.150442,20.684851,13.096551,15.395639,19.326643,16.364481,20.779772,22.760542,14.706860,15.185843,22.668133,18.468275,17.930748,26.165947,23.932411,14.651625,17.821644,17.112053,12.195741,21.929686,22.955065,7.858966,19.043079,24.361786,18.186914,16.703293,23.730762,19.020000,15.352293,24.706173,20.424980,10.501701,13.878694,15.913781,16.009630,14.013175,14.529219,13.487288,26.610567,27.525089,11.687300,12.557673,26.444401,16.297825,21.636585,31.496954,28.286835,23.289452,33.440804,32.234959,31.447115,45.508896,45.812283,36.671684,54.243484,58.482483,50.360943,42.967873,47.435501,40.945393,28.674263,34.015991,29.896929,22.538116,30.151241,27.578262,11.846876,24.620417,26.093685,11.308165,25.383820,29.897335,22.914082,4.180685,13.618658,14.520403,15.248738,22.472683,18.321766,17.305199,19.315863,20.717230,11.775879,8.425435,9.326075,16.029518,14.679828,21.005423,13.445139,15.487409,13.246474,16.554295,12.019083,20.054428,10.011540,9.062140,23.227161,22.837166,10.039872,14.904141,17.744938,6.358681,9.916886,16.450087,17.562464,17.219109,14.577050,5.876961,13.346950,10.669155,3.240369,11.376850,11.365228,7.169963,3.733539,16.863895,14.858494,16.462492,7.197189,10.890188,10.459349,19.092712,22.258801,15.198702,12.461536,10.402099,8.327421,3.383274,20.127895,19.583929,-0.430662,9.739562,-5.234966,14.662709,14.379217,17.493168,12.929978,5.619827,9.227149,4.928988,8.722792,11.180167,-2.226103,13.712483,8.375936,15.494662,-6.249192,10.673809,13.898113,17.346336,14.891715,8.105270,11.755966,12.786565,15.382845,1.066751,9.038612,7.963131,12.941770,10.657776,17.214811,9.552665,11.016157,-1.717324,8.174677,8.062788,17.000034,21.751566,13.383972,12.771374,15.983592,7.935115,15.380231,18.668110,10.656591,16.446068,25.994701,23.296017,25.114157,35.030571,33.698841,32.687695,47.578579,49.641914,44.559654,37.760944,37.385162,30.155510,29.199305,31.005964,23.846268,8.659267,23.825195,22.074562,18.631659,13.774097,15.174836,21.532154,17.568203,4.712183,-1.814555,14.026689,14.548817,9.144352,2.233500,14.638748,5.587599,9.747807,-8.111945,10.454040,0.447881,9.766438,10.081312,12.852133,14.522091,12.795870,14.858451,14.926025,10.360138,10.369152,12.286782,17.042627,10.487114,1.226587,2.127311,12.332006,5.972850,8.027397,5.638553,9.212989,8.135854,5.108332,7.282134,7.447871,4.138429,3.338997,-7.335021,7.601418,13.440661,13.851805,7.916880,-3.013564,12.606495,19.314260,19.104803,14.538721,9.409474,6.325245,7.436830,13.238659,17.610224,16.551083,12.745913,5.834701,11.387305,14.395725,11.391449,15.350779,13.111120,4.587921,13.052723,13.625861,16.655853,16.561989,13.924583,13.171996,13.717588,10.053776,13.603705,13.865791,7.836119,2.060559,10.518915,14.975508,7.062487,7.275042,16.780659,16.033215,14.633938,8.814243,8.330058,12.338127,16.571234,5.124449,17.241070,15.331139,14.817984,-0.572314,7.515957,8.762243,14.320024,14.138462,11.893547,8.357483,14.815001,11.405464,16.520237,18.147903,21.101549,6.147842,13.362442,20.841009,19.634829,17.639099,14.790725,15.877016,27.075235,32.446751,33.291058,25.041399,43.956303,45.245728,38.638958,32.817333,33.915783,27.136414,23.868277,20.659386,16.507502,16.896729,14.415588,12.339896,10.051551,9.981605,14.625404,18.526340,9.846055,17.569874,16.108856,11.482018,0.244115,-0.094854,14.305702,12.524701,14.627445,18.163628,13.651619,14.029140,-0.405120,9.178259,10.089979,14.480425,10.435104,11.161914,18.120550,15.338169,18.305618,9.189984,12.456355,7.269797,10.447281,11.748848,11.199556,15.640511,9.040939,5.840653,4.352358,7.640271,6.931563,9.878744,15.405743,15.601263,7.703059,6.121337,6.912812,8.064361,9.733949,4.003940,12.574998,8.759462,8.365588,9.422411,14.013836,14.611326,11.864241,9.646862,-25.766695,10.598692,11.142920,13.421495,7.847528,0.777771,5.442377,9.510840,7.748681,7.261977,10.408740,4.005900,3.733654,10.500282,16.074400,14.951365,10.063381,9.967770,12.420357,7.044888,-0.077221,14.377789,17.174547,9.849474,7.724072,10.463449,11.961541,7.182096,13.474976,5.622105,0.257821,7.830713,0.846811,13.825527,8.554123,12.756859,5.107936,11.716068,8.534627,-1.075624,1.404078,14.576700,12.914234,8.879403,13.468109,16.302078,8.944172,11.419391,0.458119,17.375027,13.480925,15.584887,9.879053,14.558689,18.737293,19.446129,21.423019,24.781384,28.785971,31.225597,29.787634,38.741791,45.766472
[0;32mI (12910) ANALISIS_ESPECTRO: Frame exportado | t=12.25 s | pico=2000.0 Hz | 58.5 dB[0m
SPECTRUM_FRAME,13.274668,93.750000,40.678005,hann,512,14.460086,17.301188,35.095947,43.190849,39.746498,32.355606,40.678005,39.596001,31.159975,37.165077,38.019909,30.362381,32.975338,35.314285,29.266895,27.631062,30.931107,27.128525,23.419193,24.150999,22.607075,23.611727,17.372711,20.936848,21.237440,13.909636,24.372580,17.749258,16.163443,27.178574,24.275284,20.509293,28.430775,28.975620,22.657728,27.739794,31.549999,25.775549,26.134165,32.267380,29.882999,25.769920,31.303110,31.881781,27.035465,29.049397,31.543676,28.036451,26.336605,29.299076,28.254047,24.448353,25.443689,27.941168,24.488258,20.246738,26.231005,25.725870,16.209824,22.150953,25.993135,17.729992,17.132393,24.766640,20.693966,17.621897,23.267012,21.047283,21.592579,23.305321,18.544872,23.392050,24.487022,15.832085,22.561493,24.578648,16.778072,20.920883,22.244663,17.893942,20.721447,18.066778,15.539632,20.403946,14.804327,12.456465,14.498056,15.067576,6.597019,18.918221,13.502950,7.871890,24.508110,22.147257,12.942141,24.809216,27.004868,11.264716,22.588547,27.573328,19.199804,20.651829,25.359192,21.237261,20.362625,22.318851,20.183229,19.711941,19.711098,19.085175,17.566864,15.779500,15.872282,13.830023,6.011413,3.844920,1.591898,5.438163,12.182130,9.540010,12.216506,15.100656,14.443537,14.001407,13.425186,13.753937,14.390979,15.633854,11.141582,13.851967,18.130922,12.364943,12.048491,16.532768,9.921059,11.264128,10.427432,3.000657,13.490973,12.727411,16.033079,15.202751,16.586695,18.863213,15.478361,16.630886,18.178314,13.970370,14.561369,15.564548,11.625443,13.895360,13.424028,7.076785,13.531286,13.833054,-0.327482,8.182309,13.787170,9.940733,0.245381,13.332175,12.763524,9.103491,13.186590,12.989841,9.111179,9.714041,11.568216,2.579754,-5.973692,7.205434,2.346437,2.061975,3.393834,10.280464,8.578287,6.137759,10.453464,12.960894,10.857078,8.075867,12.089924,14.645929,9.238415,5.444849,13.220297,11.298641,-7.699727,2.926434,9.135998,3.813892,5.693749,6.547224,9.535412,10.210086,10.010792,12.788753,11.743803,9.015432,14.070859,12.923678,4.736295,12.705111,13.471633,3.309810,9.179868,12.011114,5.239034,6.876106,7.500239,1.058331,6.221002,0.530667,1.230078,-0.035595,-1.532733,8.770658,3.314010,3.355920,7.954426,8.390873,6.079066,-0.121755,3.451471,4.637476,-0.076823,1.704606,-5.862914,1.813186,9.070288,4.814267,-2.612002,7.250642,5.655375,-1.296932,-0.700287,-11.197986,8.181297,2.375901,5.061882,11.319499,6.378995,5.774214,10.418655,6.633958,-3.811362,6.278064,5.419284,-2.527287,7.819091,8.139395,-0.871346,8.332005,9.041501,1.007210,1.230344,5.852117,3.579872,1.549188,3.928880,5.531515,6.742909,5.900865,4.753571,6.413647,4.348378,-3.821525,0.091509,4.424735,-2.236496,-2.453280,4.348524,3.747313,4.788742,1.714424,1.327633,2.880527,1.900804,-7.699745,-5.767966,0.551348,-1.325501,-2.007017,-0.246095,-2.938522,-4.112468,-1.652380,-9.602283,-15.026746,-17.563841,-6.161091,-3.725237,-3.388402,-2.188220,-3.421324,-1.061012,-1.204653,-7.284357,-4.705364,-3.237167,-5.961287,-12.561497,2.469139,3.630981,-12.252546,5.164599,8.794245,-1.891201,2.999115,9.628430,3.118179,-6.823493,5.284727,2.697896,-5.694457,-17.117258,-8.008418,0.985376,4.459163,-1.754923,3.769936,7.147054,2.242122,3.785093,6.463574,1.681903,-1.901274,2.565454,1.674900,-6.850469,-8.770829,-0.178979,1.468251,-1.503519,-4.241536,0.612355,0.451214,-6.612006,-5.717388,-4.568340,-12.806915,-12.496998,-24.316036,-2.902990,-9.105333,-11.454612,2.049008,-4.404490,-6.937207,1.728025,-2.170173,-6.175718,-6.778151,-3.841047,-8.682199,-4.550548,-6.764423,-6.212116,0.612377,-2.030885,-4.506732,-3.062558,-3.378404,-4.332877,-13.974849,-13.048609,-9.499996,-0.902958,1.269484,-8.558750,1.804987,3.857009,0.883690,2.221581,1.785855,1.929330,1.078805,-1.650194,-3.844321,-3.116799,-0.462695,-10.542803,-17.820757,0.267072,-1.531081,-5.848316,-0.566456,-1.213328,-3.171899,-2.522012,-4.618076,-5.490894,-8.409237,-12.887668,-13.544074,-10.487188,-16.638796,-13.545038,-2.428556,-4.835908,-5.146024,-0.228590,-0.420412,-3.537580,0.235759,0.396516,-1.510356,-2.264933,0.266959,0.232758,-22.420547,1.071876,-0.643616,-2.081569,0.549222,-3.104940,1.820915,-1.577123,-3.819149,-1.002377,-2.569767,-3.277793,-17.983084,-5.337710,-2.369827,0.383537,-53.232975,-1.743221,2.010031,-7.261707,-4.376561,-1.309644,-5.037458,-11.927694,-3.655108,0.414189,-3.776366,-1.842964,3.159496,2.468843,-0.570342,2.077253,3.095781,2.289871,-0.877712,-1.550700,3.288128,2.251219,-1.113254,1.584324,5.135703,3.257300,-0.575253,4.760428,3.506155,-3.824523,1.107835,-0.093396,-11.606113,-7.019851,-8.519460,-1.731381,-4.632216,-5.868413,2.744515,-1.018694,-3.450359,2.725610,0.546099,-5.456758,-2.398670,1.185881,-9.476002,-14.383274,-0.743585,-6.959581,-4.562678,-6.154909,-5.561988,-3.822781,-14.212038,-3.627782,-5.422212,-14.775659,-1.831718,-5.548687,-10.993752,-3.174824,-7.512113,-10.469380,-11.019091,-15.077363,-16.345064,-7.197845,-5.423455,-16.220152,-1.958361,-0.817366,-6.009952,-2.797626,0.212688,-1.782066,-11.235476,-1.777107,0.823135,-2.376627,-10.244267,1.936964,3.707711,-6.173322,0.489456
[0;32mI (13930) ANALISIS_ESPECTRO: Frame exportado | t=13.27 s | pico=93.8 Hz | 40.7 dB[0m
SPECTRUM_FRAME,14.297039,2000.000000,55.102749,hann,512,13.474970,23.292559,42.608570,51.588783,47.866592,27.810833,41.921371,40.690922,18.147198,36.241650,38.425976,26.008690,31.183620,34.779491,22.758598,31.153419,34.905266,28.523254,28.188303,31.534883,24.988726,18.686972,25.895309,20.636703,20.591440,27.209343,26.157555,21.646931,30.690922,30.513218,18.056030,27.955448,32.935467,23.206749,28.416050,27.200829,25.109436,28.123825,26.017750,26.019028,26.422541,14.187058,24.446316,26.575108,15.897542,16.998148,22.629538,26.387465,24.943012,21.169556,24.224508,26.771662,28.563564,27.511805,31.992928,29.835340,12.219709,33.530163,33.653023,17.809961,37.571774,41.585236,37.970589,36.100815,44.280052,40.821644,35.748482,38.525902,34.598614,12.770037,32.391846,31.749727,10.889013,27.998123,30.726341,28.180580,18.784908,16.922394,18.451389,23.761955,19.345299,15.843115,18.960873,25.239559,23.720959,18.147375,19.473866,13.813936,19.722961,24.928638,27.113131,26.128380,17.707083,19.456783,24.879047,31.171673,33.130676,29.063885,22.550190,25.043344,22.342112,24.363930,23.499962,15.970527,17.817987,25.479713,26.818464,21.459789,22.893772,26.386307,19.384972,26.966074,28.735207,22.024176,21.100395,24.870413,14.483898,23.860775,29.563244,25.053013,18.441650,31.394852,31.841743,28.953911,43.625458,44.906815,31.073414,52.062523,55.102749,46.504002,40.611042,45.507206,39.317196,26.983421,35.458088,32.015148,20.502541,28.919210,28.564318,17.574636,26.262178,24.981539,10.679991,23.040821,27.854536,21.788139,24.791538,25.766008,18.002335,19.866596,26.729660,22.979679,6.916021,20.713196,17.188322,9.309335,12.280892,21.356419,26.018744,25.081619,27.290762,24.346252,21.544418,11.099067,2.744689,15.384491,20.904526,16.772488,5.251069,19.355682,17.660431,20.858215,24.370102,10.618777,20.347902,19.510950,10.807745,7.269504,18.008707,12.633350,24.282116,24.126446,22.792660,18.175692,13.054869,9.105843,5.041565,17.241295,27.561808,30.804302,15.816411,44.442886,47.001499,38.251411,22.480350,20.578003,13.470224,17.406868,22.888676,19.978901,14.213081,17.245689,15.525117,23.237953,22.202723,19.043095,16.332401,24.235687,19.099072,17.609150,6.630939,15.028950,16.746614,15.834130,-8.746712,13.605428,21.475967,22.254049,20.950434,22.576391,24.837244,27.852449,29.372503,34.825397,35.819031,26.526726,20.611263,21.584700,23.123083,21.899956,9.137359,10.272960,11.565750,13.715973,8.055202,2.877444,9.067768,16.597370,15.324545,14.514284,17.520380,10.837105,19.177017,15.293673,11.727831,14.196558,7.327470,11.108109,13.628380,24.528584,21.658333,23.300306,33.710953,30.658405,21.940701,31.365494,31.520226,27.012663,29.964811,31.702229,20.204281,23.419312,28.319895,23.372749,20.417637,17.967157,6.949543,16.561752,13.055487,14.277071,18.009014,16.761822,21.337574,16.787794,8.841508,10.387469,8.733871,16.273060,18.505079,14.363802,9.273124,15.541338,18.061640,7.251230,22.502892,20.522907,25.377119,19.739986,22.811871,26.505764,24.696613,20.341549,19.667759,19.671238,18.772881,19.139387,18.703159,15.227686,19.498259,16.312107,5.038387,11.727894,12.196475,-1.125543,18.117693,18.823408,15.957751,4.067827,3.495759,9.010485,12.391893,11.963763,8.001685,21.112045,21.074764,11.023718,24.823231,24.734253,27.096260,39.300247,39.974739,31.873482,13.532619,22.438046,19.393866,19.526894,18.475086,11.958115,19.242748,16.806406,17.404446,12.965462,-0.174855,3.235918,13.263281,14.164965,16.590578,11.238824,13.451937,18.765232,17.909294,16.353165,12.244992,18.735998,15.997261,13.204507,13.779379,9.414550,17.417904,20.632286,10.745960,20.263540,11.632734,24.883917,18.256054,22.731003,16.439415,9.434381,11.006281,14.069832,7.950706,14.774353,20.639771,18.133080,11.451735,18.646397,14.141088,14.718704,13.679010,14.715829,11.347814,10.151029,15.538830,12.140404,5.599442,12.330959,17.120832,22.073757,17.668592,20.606911,28.083002,24.556946,25.560028,33.579227,30.821728,26.944773,29.580248,28.094597,22.573738,13.292185,20.928736,19.033237,21.741076,23.555347,13.413534,18.123980,19.682928,10.626715,13.644320,9.192179,12.708899,7.544011,11.468468,14.439359,10.153856,10.308571,15.284447,16.347284,8.870612,4.244199,13.660051,17.361874,18.520977,21.062748,21.351812,27.660339,24.261837,15.638935,12.125278,12.622034,16.736452,14.653096,9.273312,5.312639,12.366806,18.168587,16.645775,14.392534,18.639805,10.115056,17.830147,11.999265,14.369340,8.749242,3.776607,5.029510,8.702680,12.881464,14.203524,4.922169,17.254137,21.668488,14.659122,8.652739,3.882478,15.109676,16.185959,31.381378,31.342026,25.330353,-2.255414,17.449644,10.183821,19.077656,19.386621,18.030090,10.286245,17.806479,16.522673,13.954203,14.706345,14.448119,11.568366,13.163166,16.483727,11.902359,15.282502,18.035355,11.059561,15.371951,16.613850,8.794413,16.842031,19.695776,19.124962,21.972601,23.403526,24.727486,26.058834,25.244762,24.216228,20.810188,18.084911,19.605185,21.217766,17.199270,-1.220520,15.451980,13.188269,10.723676,9.306534,12.735022,15.868049,10.660151,4.351597,-6.351568,11.174103,13.824629,11.491802,13.840728,5.143114,15.458378,12.266729,15.358126,21.467346,19.426817,5.185390,10.858936,17.274511,17.518270,22.897947,25.680367
[0;32mI (14960) ANALISIS_ESPECTRO: Frame exportado | t=14.30 s | pico=2000.0 Hz | 55.1 dB[0m
SPECTRUM_FRAME,15.319392,2000.000000,55.518642,hann,512,30.373589,22.739317,42.215370,51.415298,47.878651,27.786049,42.487144,40.693222,10.009823,38.799873,38.792969,24.665310,31.072214,33.410122,24.378933,31.030888,35.561764,28.252031,21.980822,25.206787,22.617664,23.815094,27.174435,24.048643,14.817220,20.837210,25.572119,24.760239,22.367287,18.275608,15.259644,32.265221,37.487053,33.588470,16.701315,27.792774,26.896563,20.474243,28.243818,23.708124,13.499464,12.126002,17.864178,26.845337,29.308168,28.448362,19.766348,28.336103,31.839527,27.788488,12.022993,25.094271,25.139370,16.607994,27.914291,25.663584,26.079294,32.787968,31.535812,19.292557,35.789268,37.497795,28.576298,40.085789,44.977757,40.639183,24.592304,38.497406,36.005939,1.550815,31.381208,30.737038,25.496828,28.970497,22.296688,18.925768,26.277792,27.327061,13.277507,28.783598,33.813087,29.568157,14.601461,27.883587,29.098011,26.783220,23.951191,20.434855,16.050934,17.928873,17.045700,25.267174,26.075848,13.781637,25.027496,34.034657,35.826801,28.501566,8.134263,8.879136,14.070404,15.803970,14.564135,17.071474,10.606066,9.247517,21.257080,23.654949,20.672607,18.359245,15.831348,27.778732,29.694511,20.765770,14.705154,18.810354,14.513737,20.732533,28.969545,26.188435,21.807089,32.977322,32.962730,26.748676,44.157089,45.489365,26.475527,52.183071,55.518642,47.367851,39.615673,45.004063,39.287666,27.987484,34.854931,31.607491,21.477327,32.488705,31.008507,20.340538,24.570107,24.284727,7.611323,21.829233,26.682526,21.715290,0.706543,20.470476,20.749439,22.365191,24.852495,17.556345,15.586280,18.697235,20.889437,20.251810,15.499872,21.214712,11.355980,28.922689,32.458172,28.902943,11.232753,22.173805,19.822845,16.429203,18.700363,16.576647,8.931285,8.357801,10.285010,19.083235,23.507822,21.978662,6.729030,20.720625,23.433079,15.359533,14.642595,16.267769,8.642866,13.268345,18.016642,3.678086,18.046053,0.516605,1.875669,8.912553,27.118204,27.585297,27.668676,45.065380,47.459976,37.931953,24.086781,27.981682,23.449591,14.496243,24.750774,21.683163,15.087053,16.653103,16.863543,13.806894,9.163480,5.813290,13.155074,22.096111,22.638374,14.750660,13.374467,9.474540,9.218902,18.188362,18.090849,13.614614,0.109713,17.449436,17.736416,18.381401,19.838789,17.432800,14.972052,28.811197,31.888241,21.050005,16.938742,11.041423,10.142334,14.944688,18.842472,15.661826,15.594464,22.934120,14.909691,14.399540,15.262012,16.700623,20.635254,17.166044,13.034514,-0.061747,18.846369,22.154921,13.954102,18.452173,23.497574,21.503399,11.623232,25.718576,26.975260,20.686592,33.610065,33.076244,22.710941,30.623863,32.409149,26.516981,30.785805,33.470734,26.423378,25.897837,28.250772,19.956308,17.059059,21.561470,12.513713,18.318972,21.740574,18.191906,10.730850,16.528168,16.459703,5.985124,13.103197,15.748410,7.412915,6.337281,1.972983,9.391209,19.232367,12.230537,16.521290,17.838303,11.524632,16.353386,21.269407,18.896933,18.769613,4.201484,17.431467,23.961000,21.562859,3.067770,19.737556,18.749886,10.311491,9.105022,12.630165,11.908364,15.139297,13.151025,10.853769,11.560495,16.810646,16.499212,15.309910,21.793348,16.966244,3.984869,19.124811,16.208250,17.524237,20.926403,16.421696,14.512859,24.967546,27.614056,28.450928,40.411270,40.723148,30.354242,25.016945,24.698277,18.029621,18.899410,17.350985,13.884630,15.716722,17.803818,10.990820,8.368733,15.642320,14.510952,10.865155,17.002579,18.509138,11.622138,16.695765,19.358284,19.764900,21.322184,20.995354,16.399977,4.126657,3.796219,15.081998,18.886086,16.071737,12.621746,11.769348,24.067760,19.287794,19.063774,13.216202,16.657234,11.760026,18.196747,20.790918,13.979725,8.987482,18.114649,18.520880,11.478587,7.987983,12.249269,13.946835,17.198368,16.878584,2.343218,15.067286,11.505452,11.317360,13.740258,10.456381,6.311546,18.031786,21.409904,11.285896,25.039398,30.024113,25.788048,21.573963,33.931011,33.981567,27.135286,25.062468,25.498446,24.223803,27.256111,24.056152,5.362590,19.131714,21.186081,17.445114,7.394205,4.628101,12.954123,7.127310,6.713181,8.916472,11.725327,16.145847,10.636986,5.742074,17.364676,15.424482,7.028109,15.320291,8.907470,8.517956,9.445030,14.785634,15.903777,7.771963,28.255501,27.178080,17.491077,15.135155,18.542843,15.976572,14.200306,12.578932,11.051914,17.091003,16.557974,10.746027,17.903191,16.998535,3.216580,15.720530,15.618876,14.897934,15.784320,18.425724,14.538184,13.071537,19.781475,17.107260,-0.575488,19.090824,20.742508,14.263944,8.849462,13.368907,7.224607,19.665140,31.452576,31.855717,31.523270,24.771854,14.689988,16.884129,14.826271,19.471300,16.456358,14.304893,6.938108,12.855655,18.296743,15.643860,10.418768,17.545069,15.366451,12.102528,6.185384,2.884502,8.951120,14.353608,17.417234,17.324551,16.410496,10.456284,10.425162,20.757639,21.457064,12.659026,18.510246,20.740587,14.995543,8.503695,13.371016,15.474302,14.703823,14.970186,2.051249,14.655217,11.597038,9.357114,14.742943,7.560363,14.089166,11.916925,11.562376,13.936749,10.304176,9.125925,13.960880,15.531126,19.972752,17.375759,6.628122,15.589174,17.750748,12.554063,16.269106,16.609348,20.134521,25.217466,24.394999,23.883163,25.481400
[0;32mI (15980) ANALISIS_ESPECTRO: Frame exportado | t=15.32 s | pico=2000.0 Hz | 55.5 dB[0m
SPECTRUM_FRAME,16.341756,2000.000000,55.989513,hann,512,8.632835,22.894499,42.326248,51.429600,47.893124,23.110655,42.567478,41.120384,16.460480,38.990200,40.089149,30.108604,26.386728,27.274168,22.151321,31.196556,33.130802,26.231840,22.920895,11.657125,22.934179,25.935907,14.380730,26.603798,25.113089,28.445969,32.040638,27.554283,26.568123,27.159197,30.931606,30.964779,31.020891,33.619442,32.605965,25.514626,31.901752,23.770256,16.944168,20.961075,12.634601,25.758734,20.285284,26.805515,32.503361,27.570190,19.913994,21.776398,26.664635,15.709601,22.476397,24.752296,12.891825,17.335724,13.603806,21.005779,20.745663,25.436157,27.750126,17.157022,36.370998,38.371132,33.348289,42.545547,45.629230,37.924629,37.687199,40.197609,35.724720,16.354534,29.398746,29.050083,19.117296,29.078053,32.638885,20.775677,23.272982,19.069483,23.140297,26.125103,24.604019,19.562883,27.182182,29.955547,32.621433,27.110941,23.562775,25.297688,23.792706,17.520771,16.596420,22.576565,15.223098,25.191042,32.852905,18.153170,35.683647,35.901104,33.286255,18.308598,24.836704,17.112551,32.304413,29.824400,21.540543,12.210351,6.242106,17.111431,21.328333,21.087000,22.639069,23.253510,24.803736,25.567530,24.260223,28.653706,25.574615,25.375605,31.355896,26.191814,24.314301,34.923016,32.240490,29.874973,43.967976,45.200062,39.104034,52.805885,55.989513,47.563454,40.386559,44.479019,38.596298,25.319504,34.558357,30.625696,23.262886,31.064394,30.748077,25.739029,16.425219,24.336679,19.677750,25.715057,28.424788,19.523350,-1.817215,17.396242,6.070775,21.362225,24.136192,28.678307,23.010645,21.413601,23.712580,21.335945,13.734721,24.882122,28.429525,25.128441,22.990721,16.025911,23.628466,17.736895,16.196632,23.669495,26.714539,24.914555,13.230214,10.334312,23.405771,25.789282,22.027109,18.301849,17.865854,15.146867,13.113314,17.312084,22.710701,20.538116,19.337898,13.692543,10.295490,16.574482,18.266104,22.957945,15.373287,16.568449,28.029577,28.802671,33.349262,46.396530,48.165985,37.058788,33.637581,29.382763,17.337420,17.144617,15.458528,16.335968,18.802746,26.216312,29.305523,16.391109,16.155350,8.180451,16.702154,17.961000,22.410257,24.410467,23.383354,21.355717,21.379375,23.464357,24.187656,18.768604,16.143435,13.682900,9.772175,11.393118,26.678370,27.861473,26.513130,33.829418,36.441956,22.958002,30.708817,26.600227,10.190525,18.625023,20.978994,22.860472,13.481003,18.618734,13.328753,13.461546,16.815428,13.903692,6.387352,17.224722,19.286396,11.112104,18.800560,25.723478,22.352432,22.185976,25.859919,22.584707,17.964460,21.625717,23.429310,19.678520,33.603699,35.122345,32.633801,31.844101,31.324404,29.679501,25.086933,32.337296,24.543266,19.145443,26.567699,25.785971,17.610800,21.510393,18.741590,15.965462,16.836292,19.922192,15.732594,8.417028,17.358072,14.233524,9.812447,20.133892,20.889545,13.029155,16.665367,10.802143,13.494344,20.914785,21.068062,15.549411,5.908390,18.249390,24.230858,27.922310,25.068140,26.359524,24.765560,16.182024,16.444618,18.328634,23.269520,17.870329,16.425140,13.248891,18.503904,21.273968,19.055502,15.892291,12.269562,10.310859,9.651299,12.196581,12.533134,15.107359,19.318970,14.211134,16.899208,10.919160,17.030445,23.594856,9.845545,17.931992,22.925240,12.815017,33.965878,41.614975,40.481323,31.025017,27.759338,27.033112,23.432829,18.024204,22.126404,17.389887,7.379916,21.782337,23.210619,4.756356,17.851034,16.660553,10.753547,15.563364,13.912282,15.199889,16.151897,12.161482,20.884665,20.629538,14.090423,5.436150,18.822020,25.766027,22.699223,7.654841,18.328564,25.795185,24.383514,21.926315,23.421162,25.299513,24.902309,19.564911,1.593459,8.896929,14.222506,18.197948,19.778669,9.417398,16.323164,19.168442,-0.451969,14.687530,11.329007,6.288828,20.225063,20.660587,19.433147,12.465031,18.519205,16.755262,19.450199,5.996463,20.855881,24.112099,22.528849,26.083727,29.086664,24.186382,17.278275,32.015717,33.679508,27.030603,19.054749,22.259682,17.718769,24.780354,25.484844,15.933356,21.065264,25.922415,22.919844,17.615580,15.311722,11.311493,8.868597,16.194445,18.705557,8.760321,16.563169,17.512280,17.660053,17.483093,17.323725,21.418198,17.740480,7.557165,16.818275,16.702988,18.531824,20.342529,14.865084,31.696716,31.161854,16.707680,15.213358,16.678801,15.662488,15.846934,20.373604,19.686499,13.601856,13.045616,16.030516,8.650557,9.073751,13.056092,11.475079,14.582636,5.124541,16.187469,19.603863,19.948492,16.050980,16.751713,14.381118,-4.580021,12.270059,19.773504,18.603895,5.007286,19.600407,25.011692,29.121174,34.791969,31.725357,30.103571,26.656189,17.436283,14.265827,13.989582,8.274467,10.652394,10.097849,16.866388,20.585072,13.321792,10.266194,14.531992,8.320086,10.593826,-6.391752,8.122780,17.429462,20.853264,19.544392,14.203754,13.310870,14.598470,-5.896125,16.195372,16.903704,17.664473,19.544361,22.174023,19.203922,18.070324,17.840261,8.622931,18.734934,22.086090,17.657722,8.501695,11.846013,13.293352,12.036210,11.372955,13.774171,18.327551,19.640633,16.455900,2.036293,16.033289,17.359516,3.439570,17.390705,16.534464,14.655724,12.868892,13.367588,17.943211,16.518814,18.387589,17.753338,17.633255,20.117952,20.413416,12.187394,27.768776
[0;32mI (17010) ANALISIS_ESPECTRO: Frame exportado | t=16.34 s | pico=2000.0 Hz | 56.0 dB[0m
SPECTRUM_FRAME,17.364119,2000.000000,55.665215,hann,512,21.104324,16.478504,43.160057,51.693550,47.777020,26.492413,41.122078,40.308807,23.655930,35.277016,37.477516,25.172655,29.431156,33.657288,24.289383,27.277802,34.294746,27.984852,2.000340,6.637372,5.410999,14.255667,23.710623,20.127060,12.285152,22.484772,22.236923,10.865603,27.946285,31.814236,28.559742,35.273472,39.120216,32.758038,28.225597,31.645544,24.524380,15.499926,20.602921,16.894314,1.783410,24.501553,28.291794,19.922464,21.317617,25.969427,18.526644,21.573532,26.448164,22.257599,19.212875,27.294271,24.768394,21.889767,28.841745,25.670746,20.855431,32.893913,32.924122,26.722500,38.012520,40.806507,38.320145,44.298492,46.090733,28.404427,37.896561,35.704636,20.051331,28.375139,28.099861,21.135910,14.781031,25.717897,24.600979,15.490452,26.892830,26.919136,11.480598,25.417175,28.388176,18.780060,22.359962,25.744499,19.890402,19.609224,25.809900,19.548796,10.565728,20.208683,21.596415,11.819662,24.891514,29.383219,29.017944,33.760963,35.495728,30.776045,28.232927,24.538731,15.821888,8.750330,15.716833,15.868616,10.698748,21.903065,23.141018,13.399174,19.783361,21.361019,8.922221,23.198938,28.727215,22.493797,17.059891,24.867317,19.756964,21.500589,29.620476,25.330257,18.169687,31.002018,30.021658,28.306170,43.662720,44.851097,38.478893,52.129059,55.665215,47.080444,40.699673,45.320328,38.905556,25.641462,34.657990,29.639523,12.457027,27.230185,27.970579,21.404736,21.935823,19.951677,12.047791,23.285839,25.652870,15.595493,6.463602,16.933510,18.332047,18.049448,24.299086,20.671310,13.935199,19.875589,18.723770,16.880308,22.831589,25.023170,25.845066,30.560009,30.337753,17.075155,18.626179,16.586746,6.152545,14.032604,19.099155,14.577328,12.018151,20.148756,18.565111,17.063887,22.412882,20.594023,12.859721,19.430769,22.315874,8.992438,14.960594,15.043874,10.943312,4.648587,16.214268,14.024386,15.971426,17.501497,4.285501,19.330391,31.807831,32.350571,34.605038,46.999069,48.279739,32.844322,31.005302,23.979305,17.315327,22.307606,25.062611,20.286867,11.643354,15.973261,21.804991,20.026108,18.309681,20.610495,16.968435,14.939489,8.218755,18.301128,17.355228,14.210443,5.953909,10.063892,14.026904,14.954623,18.342167,19.023811,13.974918,2.404064,16.564024,12.920528,24.444435,32.285732,31.452545,19.710987,10.026648,23.803146,14.292118,10.769341,17.372810,17.550663,14.475534,4.833125,-8.404466,5.676791,12.093850,6.438084,-2.378754,15.212350,12.703576,11.798015,15.697545,17.189589,8.507866,0.219052,8.770818,11.260080,19.030872,25.183678,17.753998,12.453427,32.905098,32.126976,23.836145,25.662640,28.500593,27.776442,31.085510,33.752838,26.223507,22.603916,28.703514,22.314655,16.584375,22.125196,20.105541,15.134801,9.610509,11.108349,7.726969,9.549882,13.579849,7.532820,15.523844,11.462670,-0.376055,6.863375,13.232677,10.721301,3.046292,13.084789,4.025858,14.037995,19.104437,1.480748,24.205574,29.504169,27.536261,20.489080,19.410288,20.131731,18.654978,20.671978,18.753567,18.874222,19.799051,21.094948,18.335043,8.727364,14.332512,15.554781,4.303646,8.626502,4.882600,-0.831920,14.299846,17.800663,11.664108,7.633708,12.994584,13.121458,16.496590,22.889231,22.791084,24.982105,27.687866,25.197674,33.087696,41.595383,39.375149,17.601839,16.375942,22.586227,5.834335,10.639973,20.073093,21.364853,14.279778,8.406507,14.305039,16.474899,13.135390,8.305049,9.166197,9.161232,8.651150,11.442939,-4.029876,11.349094,9.939663,14.807779,17.967495,13.083948,14.456553,20.575851,18.466450,17.990810,21.207926,18.413729,22.638090,29.601227,29.411777,26.250437,17.133057,10.860715,1.348558,3.766213,2.611102,3.286949,3.554402,14.127584,14.769766,10.599751,12.864308,13.857922,12.177027,16.716282,18.216516,15.171819,11.976831,2.158727,1.824859,5.091960,-4.800164,8.125258,8.508610,15.141569,9.141873,11.608555,27.935102,25.804890,26.359426,32.643253,32.720314,26.564600,28.001318,28.909567,25.625240,16.972086,22.264082,16.108204,12.467327,15.018837,18.520470,18.006767,12.336231,3.257467,10.014305,6.385359,9.345576,16.096991,19.635517,18.095919,14.853437,5.644197,4.834804,15.796418,17.409815,4.506956,0.528764,7.673808,12.546907,0.677879,23.207809,32.424461,29.886078,12.773391,10.234455,13.808725,-5.229722,15.191505,17.927816,17.764366,15.830914,11.854954,8.985575,14.312005,14.561861,14.445987,16.988667,14.414272,-5.196758,5.138873,15.723383,15.120288,7.134383,7.733675,8.525316,4.716982,16.431759,20.333229,15.986773,12.916462,12.979530,18.950653,28.199884,35.323250,27.761395,29.653496,27.398279,18.714558,7.691330,20.210545,21.638760,14.846879,10.552121,15.081295,16.174231,16.161846,13.889589,14.421281,11.464315,8.672170,-4.787183,11.318607,10.676161,0.197358,4.758010,6.353123,15.949450,16.051844,13.070683,14.632303,12.682900,13.773236,14.692730,13.260336,19.772963,17.803188,20.834543,18.525553,10.685318,4.840955,20.807846,21.543989,17.215363,13.331715,17.159584,17.640560,14.151400,9.718325,10.388767,8.603097,12.028203,12.781896,7.823211,3.855098,-29.954214,11.502468,16.381268,16.380079,10.705008,13.194653,14.462145,9.065973,14.325552,11.067510,24.634161,24.841320,26.117079,31.793179
[0;32mI (18030) ANALISIS_ESPECTRO: Frame exportado | t=17.36 s | pico=2000.0 Hz | 55.7 dB[0m
SPECTRUM_FRAME,18.386486,2000.000000,55.041943,hann,512,26.748383,31.558676,43.169914,51.861530,48.577999,36.296028,42.582748,41.359512,29.605425,38.146507,39.792587,28.636972,30.492363,35.690315,26.502695,26.219395,35.292202,28.558359,19.348782,27.897686,29.687490,30.773033,26.213820,28.937508,29.606800,29.230915,20.471363,20.182671,30.240005,23.340109,19.991999,37.839989,43.094414,36.276405,34.878048,37.226032,36.056538,27.153118,29.995394,35.916065,33.754421,27.649088,32.000626,33.132454,19.428280,27.133625,18.431496,21.594429,21.433792,21.455540,7.594285,29.218206,25.743538,13.704306,19.144358,25.442001,31.587814,31.332075,32.837925,28.636988,37.270870,38.833481,35.808643,42.102203,44.688602,37.208656,26.780737,34.834503,34.592159,30.160114,35.679031,35.677799,30.277884,31.101173,31.929138,28.263243,33.161827,32.619801,15.634077,15.535479,17.689911,18.159540,19.981127,26.936028,27.695862,33.575947,28.566936,26.100346,33.005337,33.232666,27.304260,17.192097,19.319773,23.064386,23.780670,35.261299,39.013508,30.477907,32.056358,30.593842,21.623018,4.544568,26.478693,30.924259,29.423542,24.060888,22.261259,23.063511,24.731939,28.324440,15.965308,19.108112,28.458490,24.808710,15.784487,25.122189,20.730625,24.688055,33.178581,29.168070,23.981964,31.158278,28.124935,29.550955,43.297882,43.773937,35.500050,51.828949,55.041943,46.021992,38.483276,45.387695,38.973824,28.216698,33.731949,28.410164,20.388906,29.336462,27.760803,20.834963,20.706398,28.120972,23.364033,25.987122,25.196512,19.320663,16.790087,22.204750,21.531006,23.509321,19.674910,23.001738,25.043491,24.048824,26.290455,21.115496,25.980463,23.663612,19.566826,34.735046,34.126202,27.571699,32.699490,30.251682,21.743563,20.967043,23.659969,24.578934,26.540657,26.210793,26.713430,21.330946,22.585033,21.230375,13.667287,12.969353,16.063580,-14.948845,15.838472,23.390621,19.429905,22.092369,20.761398,20.523838,27.748955,26.423889,15.595591,17.570911,28.713230,28.336723,35.634583,45.212559,46.227333,37.225945,25.356167,23.204897,15.590919,24.772339,28.972157,27.828875,21.132332,20.981989,24.649542,20.419621,20.082867,19.650335,17.991074,23.596035,19.589062,15.026791,23.375381,26.085348,20.017101,11.299911,17.896078,19.495987,25.394665,25.689453,23.823818,24.987270,28.977982,27.220665,24.934315,33.842033,33.990131,29.588530,27.054306,24.494953,18.911713,25.768776,30.835224,27.394608,19.672895,19.299131,14.631870,20.523321,16.790941,16.347593,14.021091,19.976751,16.554892,2.461164,15.285501,23.370827,21.471064,12.230271,8.257047,14.916229,23.081942,27.377966,22.969076,13.021401,32.632019,32.415314,26.154770,29.605902,22.769468,27.693129,28.583725,32.370716,27.663853,25.180120,29.737902,27.524193,20.589991,20.254707,22.475464,19.407042,19.083210,16.973011,11.419250,12.573648,6.783214,14.819013,15.560949,4.535533,20.305166,19.940275,17.792683,24.821136,27.329792,22.856239,16.666086,20.732689,14.716904,9.081847,24.382822,33.988396,33.690418,19.426495,10.057823,22.659397,19.548307,19.194931,25.320662,24.619755,23.375090,25.723028,24.841129,20.218216,15.898791,15.093142,12.778014,2.895682,13.479510,14.697985,9.436790,10.074657,13.605772,19.363476,22.685205,21.632217,16.699570,17.401283,16.115429,9.704267,25.507021,28.485424,33.226677,39.541229,38.127296,21.055798,28.260548,27.661783,19.295563,3.894394,18.503578,22.637184,24.890463,25.993206,23.185188,21.899202,22.302418,15.150581,5.811349,12.549161,16.751900,22.478888,17.257576,11.050589,18.780701,23.705465,13.046593,15.877313,18.939974,15.296961,17.818661,-2.428889,20.029118,14.841514,25.728325,33.208672,30.159420,14.263384,24.114523,17.540121,-3.528046,13.463505,21.445084,23.710194,19.820261,12.336590,17.428783,15.904135,17.194115,17.256586,9.574448,-4.031889,16.427132,17.983801,17.243973,19.141405,6.205582,12.827663,22.331856,20.138020,16.108524,5.945106,16.895372,18.576172,26.897079,28.827045,27.187653,31.375763,28.967693,21.639784,27.676075,28.651297,23.500910,20.377714,12.819017,-9.533194,0.489292,15.016151,17.371096,12.360353,13.418337,18.957239,13.937527,16.035204,16.672838,13.852953,14.510227,3.586750,14.050537,18.827261,14.201164,15.785978,17.708351,16.199305,20.594097,17.409748,8.203143,15.169345,20.936077,25.308943,23.275387,22.699169,22.436111,19.594109,12.441040,6.133705,21.876791,20.404387,14.528575,17.465338,19.297232,10.309987,11.202320,18.358486,15.999642,16.460503,18.908823,17.762962,15.211552,17.303226,8.690021,19.662653,21.004084,24.715006,26.339615,23.738895,16.227310,15.109682,19.603666,23.676922,30.322344,32.011868,29.118454,28.083332,26.112806,21.448257,20.858934,21.775188,21.650234,20.002974,21.413929,21.471031,20.727053,19.566448,17.135117,7.391323,20.593042,20.478621,13.850827,16.014912,23.674210,24.188950,16.742104,3.162743,11.853500,15.823908,16.163113,16.279409,12.656750,15.150719,18.112539,14.118199,18.358318,19.218023,16.677076,24.412609,12.989378,6.440621,6.490827,23.500605,25.173813,14.383101,14.141666,17.014730,8.305315,4.538825,13.074702,16.142761,19.715548,17.339914,2.104077,0.245121,14.022047,12.571492,-0.555455,6.051726,17.180820,18.174454,11.388864,16.917145,10.831373,20.020901,25.471630,20.864372,16.414345,28.312599
[0;32mI (19050) ANALISIS_ESPECTRO: Frame exportado | t=18.39 s | pico=2000.0 Hz | 55.0 dB[0m
SPECTRUM_FRAME,19.408838,2000.000000,55.028263,hann,512,17.537382,19.923996,42.952808,51.019073,47.604874,34.753075,41.108437,39.769871,28.894377,36.360916,36.896381,20.363918,30.987482,33.622471,23.715078,28.380573,32.700115,19.915428,25.731516,27.811880,17.745239,28.292017,30.266943,29.191158,30.434715,31.709745,28.185390,25.183670,30.363934,28.319128,24.870489,31.920437,38.650085,33.028202,20.269880,25.436230,22.522089,25.028437,28.258963,26.045429,23.092691,30.312862,30.889967,29.975170,25.769758,23.745033,23.797045,21.674707,10.945168,19.651945,22.040417,27.635086,27.771076,24.632538,29.713686,29.132751,29.571970,34.509682,32.607082,29.094439,39.113968,39.456337,28.203756,43.935562,46.061607,39.607796,36.525311,36.429752,30.445923,24.101051,27.904186,28.113506,22.486305,25.121750,26.530951,17.233650,24.021921,27.315956,19.943846,9.549714,15.190483,9.639772,21.178629,29.739923,30.165531,30.827087,29.349731,24.753637,24.506960,28.310602,25.809412,22.193567,20.250540,18.592567,26.454788,36.251366,35.613338,17.080330,24.989773,25.666798,17.957342,20.972406,29.334829,27.904556,23.777582,28.578148,28.232246,28.032852,22.725601,15.354980,12.412363,23.078939,27.151396,15.548685,23.621937,26.762112,18.725906,16.225203,28.160944,22.916916,12.552270,30.685904,29.678591,22.020979,42.412727,44.110016,30.016872,51.309494,55.028263,45.894638,36.755356,44.506687,38.028839,23.961269,33.501858,29.539818,22.124172,29.885277,24.586208,21.418722,22.585876,20.154869,17.204609,21.990702,24.760284,15.734035,15.676881,20.969559,17.747597,13.865772,21.673586,19.104219,11.800034,15.077980,18.371265,18.248192,20.438770,21.945150,20.611792,26.620304,32.862797,24.700392,18.224466,24.080738,19.768148,13.143204,17.756517,15.517841,13.725682,23.105080,23.767277,22.536880,18.163307,4.135886,19.150459,17.765953,10.275134,12.515465,17.629642,14.908827,15.946298,21.480316,17.996862,9.326109,15.805411,11.558832,6.044745,21.180302,31.453924,31.539879,29.262909,46.537212,48.283081,38.057369,27.899073,26.828127,21.890316,20.172600,23.621605,20.571745,23.746033,24.590027,21.013384,17.766174,16.755699,11.791038,12.464814,17.059534,17.477724,18.129080,19.331129,19.845707,22.540371,19.502268,10.691838,14.858778,12.521876,13.725618,16.318291,20.555080,25.227377,23.694515,29.429180,37.096756,36.770264,28.986954,22.090111,25.523277,23.139143,13.870089,17.492825,17.213875,22.819574,18.561317,15.308207,22.991030,19.576927,10.074430,17.283314,14.474270,6.612410,6.470430,8.279720,5.535929,10.878813,19.878258,21.891064,19.637640,19.639784,27.142288,26.553068,19.688437,32.341190,33.850761,25.060005,26.806072,29.513821,11.809790,27.039799,32.833839,23.765987,20.882679,27.691315,22.272049,17.441753,22.939495,24.700891,22.451403,-1.340182,15.013433,16.714420,18.020050,13.423690,18.577232,18.200823,-11.417876,15.110721,18.044916,15.982766,13.187560,20.842781,18.906555,11.631514,14.200771,20.572094,23.316856,24.058338,27.598515,29.566729,23.855631,21.646128,20.936417,17.887966,20.579815,17.626774,15.833504,21.304371,18.457457,22.496174,23.094332,20.312212,15.094648,18.272924,18.456341,-0.806272,16.018211,17.450533,21.387327,21.478691,19.200096,13.050982,12.864614,16.207445,23.323687,20.086153,19.383478,27.412035,22.156673,28.961477,39.810989,39.259418,20.800161,23.379595,16.938087,17.093239,18.127249,19.106413,2.478813,9.269249,10.360983,16.251511,18.902967,19.616676,18.863878,14.510778,-2.852790,13.394197,18.158110,8.837003,19.599371,22.053978,21.333057,15.421194,14.459721,12.534983,8.518447,14.051756,21.237026,22.074921,18.273645,20.451700,27.538412,27.429501,27.599718,26.484213,24.512255,21.463671,19.706127,23.303118,16.789471,13.136299,16.407883,19.451324,20.097069,15.916821,14.249916,14.541283,14.601172,3.302660,16.298769,18.086405,4.182393,16.095472,20.222572,18.336590,9.504246,5.274471,17.663799,22.786800,16.907675,25.801395,26.121975,21.768711,29.311432,27.969173,23.466194,26.335514,26.478928,20.401152,18.739225,25.711823,17.998013,16.316341,21.880051,15.917957,14.306159,3.235708,-2.482350,12.509602,12.765478,-9.785756,12.069773,6.750865,14.843437,21.800049,21.174980,15.589956,6.985927,1.928832,6.408460,11.801552,14.483724,17.416365,20.681295,27.403229,33.552845,32.385876,22.628660,19.720762,21.040340,17.022837,16.523417,16.040524,13.860310,9.333201,-3.018819,8.533441,4.121917,12.940123,11.263865,9.586812,10.128064,15.789860,16.761396,2.323409,7.573931,18.959394,11.551926,3.282761,14.806561,5.493712,19.763300,16.069683,9.598733,17.606794,18.973768,27.062702,32.812778,32.534645,28.555376,18.012684,18.430124,19.362358,21.469963,17.788063,12.870746,12.050966,11.339803,14.520287,2.736876,17.200722,16.509657,13.261686,5.818489,-5.420052,14.977933,16.132034,11.507287,6.503392,9.487730,16.035536,17.148668,19.282375,18.921518,13.464565,21.411684,22.179638,19.556520,22.317907,19.847160,16.827095,13.034152,18.628023,23.679369,23.435993,20.703651,19.421232,22.603834,22.241352,16.838873,6.462376,13.571553,11.074430,4.702830,16.315445,6.471454,1.869200,5.233913,1.408371,5.341454,3.941302,13.457926,15.464636,20.301186,18.968102,16.541479,22.014980,16.783541,22.963367,4.803232,23.673847,28.706818
[0;32mI (20070) ANALISIS_ESPECTRO: Frame exportado | t=19.41 s | pico=2000.0 Hz | 55.0 dB[0m
