Command: /home/yuusha1/esp/idf-tools/python_env/idf6.1_py3.12_env/bin/python /home/yuusha1/esp/idf/esp-idf/tools/idf_monitor.py -p /dev/ttyACM0 -b 115200 --toolchain-prefix xtensa-esp32s3-elf- --target esp32s3 --revision 0 /home/yuusha1/esp/projects/labs/Rep_SE_202601_grupo_Diego_Santiago_Chen/Lab_1/Ejercicio_5/analisis_espectro/build/analisis_espectro.elf /home/yuusha1/esp/projects/labs/Rep_SE_202601_grupo_Diego_Santiago_Chen/Lab_1/Ejercicio_5/analisis_espectro/build/bootloader/bootloader.elf -m '/home/yuusha1/esp/idf-tools/python_env/idf6.1_py3.12_env/bin/python' '/home/yuusha1/esp/idf/esp-idf/tools/idf.py' '-p' '/dev/ttyACM0'
[0;32mI (119) esp_image: segment 3: paddr=0003627c vaddr=3fc91e98 sizeted chip: boya[0m
[0;32mI (237) spi_fESP-ROM:esp32s3-20210327[0m
Build:Mar 27 2021
rst:0x15 (USB_UART_CHIP_RESET),boot:0xa (SPI_FAST_FLASH_BOOT)
Saved PC:0x40048839
SPIWP:0xee
mode:DIO, clock div:1
load:0x3fce2820,len:0x14f0
load:0x403c8700,len:0xda0
load:0x403cb700,len:0x2f58
entry 0x403c8908
[0;32mI (24) boot: ESP-IDF v6.1-dev-2938-g12f36a021f 2nd stage bootloader[0m
[0;32mI (25) boot: compile time Apr  8 2026 14:46:03[0m
[0;32mI (25) boot: Multicore bootloader[0m
[0;32mI (26) boot: chip revision: v0.2[0m
[0;32mI (29) boot: efuse block revision: v1.4[0m
[0;32mI (33) boot.esp32s3: Boot SPI Speed : 80MHz[0m
[0;32mI (37) boot.esp32s3: SPI Mode       : DIO[0m
[0;32mI (40) boot.esp32s3: SPI Flash Size : 16MB[0m
[0;32mI (44) boot: Enabling RNG early entropy source...[0m
[0;32mI (49) boot: Partition Table:[0m
[0;32mI (51) boot: ## Label            Usage          Type ST Offset   Length[0m
[0;32mI (58) boot:  0 nvs              WiFi data        01 02 00009000 00006000[0m
[0;32mI (64) boot:  1 phy_init         RF data          01 01 0000f000 00001000[0m
[0;32mI (71) boot:  2 factory          factory app      00 00 00010000 00100000[0m
[0;32mI (77) boot: End of partition table[0m
[0;32mI (81) esp_image: segment 0: paddr=00010020 vaddr=3c020020 size=0f458h ( 62552) map[0m
[0;32mI (99) esp_image: segment 1: paddr=0001f480 vaddr=3fc91300 size=00b98h (  2968) load[0m
[0;32mI (100) esp_image: segment 2: paddr=00020020 vaddr=42000020 size=16254h ( 90708) map[0m
[0;32mI (119) esp_image: segment 3: paddr=0003627c vaddr=3fc91e98 size=025e4h (  9700) load[0m
[0;32mI (122) esp_image: segment 4: paddr=00038868 vaddr=40374000 size=0d2e4h ( 53988) load[0m
[0;32mI (135) esp_image: segment 5: paddr=00045b54 vaddr=50000000 size=00024h (    36) load[0m
[0;32mI (141) boot: Loaded app from partition at offset 0x10000[0m
[0;32mI (141) boot: Disabling RNG early entropy source...[0m
[0;32mI (153) cpu_start: Multicore app[0m
[0;32mI (161) cpu_start: GPIO 44 and 43 are used as console UART I/O pins[0m
[0;32mI (162) cpu_start: Pro cpu start user code[0m
[0;32mI (162) cpu_start: cpu freq: 160000000 Hz[0m
[0;32mI (164) app_init: Application information:[0m
[0;32mI (167) app_init: Project name:     analisis_espectro[0m
[0;32mI (172) app_init: App version:      bc6dc7c-dirty[0m
[0;32mI (177) app_init: Compile time:     Apr  8 2026 14:46:06[0m
[0;32mI (182) app_init: ELF file SHA256:  d65aaaa4b...[0m
[0;32mI (186) app_init: ESP-IDF:          v6.1-dev-2938-g12f36a021f[0m
[0;32mI (191) efuse_init: Min chip rev:     v0.0[0m
[0;32mI (195) efuse_init: Max chip rev:     v0.99 [0m
[0;32mI (199) efuse_init: Chip rev:         v0.2[0m
[0;32mI (203) heap_init: Initializing. RAM available for dynamic allocation:[0m
[0;32mI (209) heap_init: At 3FC99690 len 00050080 (320 KiB): RAM[0m
[0;32mI (214) heap_init: At 3FCE9710 len 00005724 (21 KiB): RAM[0m
[0;32mI (220) heap_init: At 3FCF0000 len 00008000 (32 KiB): DRAM[0m
[0;32mI (225) heap_init: At 600FE000 len 00001FE8 (7 KiB): RTCRAM[0m
[0;32mI (231) spi_flash: detected chip: boya[0m
[0;32mI (234) spi_flash: flash io: dio[0m
[0;32mI (237) sleep_gpio: Configure to isolate all GPIO pins in sleep state[0m
[0;32mI (243) sleep_gpio: Enable automatic switching of GPIO sleep configuration[0m
[0;32mI (250) main_task: Started on CPU0[0m
[0;32mI (260) main_task: Calling app_main()[0m
[0;32mI (260) ANALISIS_ESPECTRO: Inicializando analisis de espectro[0m
[0;32mI (260) ANALISIS_ESPECTRO: fs=16000 Hz, FFT=1024, periodo=1000 ms, export CSV por serial[0m
[0;32mI (280) main_task: Returned from app_main()[0m
SPECTRUM_CFG,16000,1024,512,15.625000,hann
SPECTRUM_FRAME,1.006335,109.375000,18.169369,hann,512,-0.066279,6.432696,10.691578,18.795391,17.349873,9.884025,16.777031,18.169369,13.429031,14.110598,17.562634,15.458897,13.674731,15.840271,15.676890,15.370398,14.438926,14.257430,16.272888,15.438955,11.717938,15.589329,17.159864,11.488211,13.014784,17.859499,14.421450,8.674961,17.142355,16.660770,9.109991,14.814306,17.469290,13.099069,11.026070,16.911219,15.230094,9.828872,15.087797,15.682359,12.575244,12.714527,14.783222,14.212416,12.268886,12.972652,14.136204,13.747462,11.814590,12.582193,14.614224,12.855739,10.432711,14.078978,14.377594,10.412879,12.009438,14.977956,12.380637,8.946745,14.353828,13.797549,8.443762,12.436792,14.049039,10.716757,9.510661,13.145975,12.131826,7.751060,11.217132,12.111850,8.835702,8.896874,10.815203,9.851816,7.911607,8.708183,9.485546,8.492784,7.249685,7.704138,8.776322,7.581281,5.449133,7.815904,8.220314,5.441578,5.296229,7.941066,7.055349,1.837311,6.386119,7.859550,1.922605,3.423982,7.319787,4.462488,-0.153857,5.483428,5.677955,-0.433740,2.888324,5.347141,1.401579,1.421848,3.917618,2.014482,1.789274,2.673886,0.977344,1.853847,3.014735,-1.427011,0.439416,3.777237,-2.813461,-3.110831,3.500777,-0.887446,-10.471094,1.541515,0.898672,-14.771881,-2.819366,1.033585,-8.653039,-8.853015,-0.863605,-7.424747,-5.804218,-5.631388,-9.314887,-3.481550,-9.682676,-13.795647,-4.650423,-4.208315,-12.003779,-9.833664,-1.646726,-6.963620,-8.489630,-1.977750,-4.297166,-2.321068,-4.947578,-3.563218,0.445485,-6.520593,-4.761989,1.020508,-1.852986,-8.285630,-0.212478,1.309089,-9.283965,-3.203624,2.367723,-3.888020,-6.293842,1.638986,-0.450703,-4.561994,-0.714323,0.906445,-1.929042,-3.128415,0.477538,-0.789422,-1.797109,-1.845904,-1.082824,0.437846,-5.754559,-2.842386,1.208015,-5.327465,-6.681750,0.300749,-1.765941,-15.009242,-2.479935,-0.042140,-13.077030,-7.381361,-0.191347,-6.794498,-9.199491,-1.987674,-4.496643,-5.630083,-4.489568,-4.436624,-3.856894,-4.241771,-6.119470,-3.988989,-1.973636,-7.866819,-5.685644,-0.638079,-5.840984,-8.421696,-0.629029,-2.792425,-9.466240,-1.753211,-0.958661,-7.156913,-3.532098,-0.319290,-4.772836,-4.857493,-0.576776,-3.314942,-4.895669,-1.343888,-2.646941,-4.449541,-2.152652,-2.498840,-4.334485,-2.744234,-2.578218,-4.626422,-3.299583,-2.693985,-5.053713,-4.098517,-2.903477,-5.346465,-5.136990,-3.426405,-5.509907,-6.127546,-4.390379,-5.814259,-6.904633,-5.616784,-6.541684,-7.779810,-6.625844,-7.718011,-9.281515,-7.271175,-8.750542,-11.792077,-8.218287,-8.689541,-14.700079,-10.400329,-7.976784,-14.185320,-14.556103,-7.896513,-11.135027,-16.099874,-9.248461,-8.967356,-11.424004,-12.339239,-8.154499,-8.398904,-13.461811,-8.736114,-7.164176,-9.366215,-10.679039,-7.293870,-6.267747,-12.186633,-8.646133,-4.893672,-9.678694,-11.160448,-4.983810,-6.500362,-13.578519,-6.473030,-4.667612,-12.140451,-9.349145,-4.249786,-9.092575,-12.318171,-5.253186,-7.112779,-11.652165,-7.778275,-6.505610,-9.782224,-10.935265,-7.429285,-9.349087,-10.359476,-10.491229,-10.790720,-8.031698,-17.403820,-14.620678,-7.427425,-15.920988,-18.711567,-9.358270,-10.022534,-14.054468,-16.520000,-7.963213,-10.443085,-18.892786,-8.669797,-9.106111,-8.675920,-13.154882,-9.670527,-5.082273,-23.466204,-12.584776,-4.027387,-10.368368,-20.661976,-4.851449,-5.622838,-18.013927,-7.322945,-3.900533,-10.431141,-9.362393,-4.171761,-7.134042,-7.324517,-6.032372,-5.992741,-4.987337,-7.499993,-6.669515,-4.244305,-5.492325,-9.498857,-5.204340,-3.106944,-13.981572,-8.169874,-2.201308,-10.888873,-14.595431,-2.955025,-6.676110,-24.397617,-5.514019,-4.925013,-14.500374,-9.627386,-5.170679,-11.428236,-10.599994,-7.157893,-11.311578,-8.209497,-9.410496,-13.603883,-7.479093,-8.156461,-17.675259,-8.847582,-5.930954,-14.455138,-11.574011,-5.179743,-9.659224,-11.577449,-5.965914,-7.171349,-8.792392,-7.555293,-6.394986,-7.010028,-7.934678,-6.784971,-6.587711,-6.711842,-7.390167,-7.160146,-5.860012,-7.019852,-8.022667,-6.135689,-6.079589,-8.081507,-7.349323,-5.762320,-7.206223,-8.534135,-6.586688,-6.465476,-8.488340,-8.507815,-6.605780,-7.794415,-10.544636,-7.882814,-7.655014,-10.968981,-10.115456,-8.546328,-10.660344,-11.988420,-10.430837,-11.407905,-12.176348,-12.234446,-13.904553,-12.456572,-11.989826,-17.458750,-14.733020,-10.910563,-16.490385,-20.093407,-10.951928,-13.322737,-18.968246,-12.712565,-11.727132,-13.867002,-15.485279,-11.655577,-11.719353,-14.813329,-12.601208,-11.473976,-12.087330,-13.219278,-12.250314,-10.796256,-12.223420,-12.777641,-10.919057,-10.929045,-12.129738,-11.407206,-10.703387,-11.095999,-10.847654,-11.914020,-10.643059,-9.634539,-13.977644,-11.184921,-9.038681,-14.068437,-12.957030,-9.588126,-12.110939,-15.945135,-11.425367,-11.034236,-18.149990,-14.405321,-11.617725,-17.132280,-16.881458,-13.821918,-16.474813,-16.481550,-15.822893,-18.481337,-15.666903,-14.055963,-26.393538,-16.374512,-11.711484,-23.293098,-18.696552,-10.867280,-15.581174,-19.055374,-11.786505,-12.423977,-15.475803,-15.108133,-11.440079,-12.839780,-24.654640,-12.143703,-11.994968,-23.249405,-14.703208,-12.909652,-15.383430,-19.260345,-15.775427,-13.136663,-18.247879,-19.936285,-13.750716,-13.397790,-18.152075,-17.368416,-10.823869,-13.913455,-20.681572,-10.262137,-11.109779,-14.625455,-11.769567,-9.405154,-10.711284,-16.613951,-8.646193,-8.964095
[0;32mI (1690) ANALISIS_ESPECTRO: Frame exportado | t=1.01 s | pico=109.4 Hz | 18.2 dB[0m
SPECTRUM_FRAME,2.028688,2000.000000,51.399933,hann,512,15.245318,28.289440,34.874313,46.528084,43.288647,26.209187,30.682758,30.253456,20.756056,28.140636,28.971985,17.714403,21.928928,25.614456,15.022104,17.749489,22.153046,13.202449,22.018581,28.754284,24.914072,21.320061,30.900442,29.379524,15.259336,25.937065,26.548180,15.509331,24.795334,28.900843,24.204105,19.244801,26.216770,9.117689,22.354237,30.224274,28.040838,20.506554,23.756298,22.731873,10.085994,20.680729,22.133177,12.891435,18.408024,20.293503,12.706909,19.883291,23.574745,18.320982,17.903282,23.238144,18.958561,19.529114,27.405787,26.013403,14.959051,22.727873,21.002853,17.771524,32.602158,34.309128,18.290369,41.267963,45.786777,39.328770,28.044500,32.879868,28.602036,24.468567,27.811186,24.429903,14.257068,23.899071,23.791830,16.259977,21.983078,23.684359,15.793053,16.702150,20.509857,14.970970,10.183997,13.714750,4.411946,11.999096,16.465673,14.227180,5.069985,19.345009,19.126587,11.138568,22.123299,26.513390,25.999386,16.890217,16.498484,14.362709,7.913514,24.326494,22.018639,21.338713,26.579475,23.262691,16.708294,24.571918,23.062721,12.645529,23.268860,23.992645,3.966335,11.876245,10.241316,10.322044,19.650396,23.536125,16.703514,11.824953,22.483734,19.304672,9.078251,20.596611,17.042654,21.823414,38.087360,40.039639,26.546213,47.417786,51.399933,43.985996,34.961990,39.801716,32.877117,20.170097,26.986330,23.443737,14.246631,26.454201,24.813339,5.485055,14.434908,16.081659,-10.953931,19.829271,22.684055,15.708454,13.437807,21.773794,15.858963,17.986300,25.711872,18.916122,13.032539,20.096910,17.106192,15.015537,20.340597,23.592880,20.416306,18.435120,17.443043,21.339113,16.801212,21.934435,13.117242,-1.050933,15.672732,11.909953,10.333296,19.344944,17.889441,11.641848,18.916580,19.291208,9.489779,10.051596,12.903816,0.656126,3.945067,10.355426,11.382880,13.573729,15.452301,11.222063,13.822870,21.810007,16.056953,21.081184,29.947842,32.689316,24.235710,40.999966,44.018749,34.443695,25.264389,30.267956,22.386568,17.709841,21.845535,16.928150,-13.181530,9.110826,-2.930398,7.391276,11.101885,15.117756,10.246450,2.292272,-0.413776,11.651397,13.330553,8.016260,9.871447,12.415458,6.358631,2.186320,7.406292,-0.190084,13.949231,17.567505,15.738825,17.265516,15.739299,27.184280,28.647306,13.903828,19.962032,7.610404,9.467744,7.737510,15.286250,14.840172,8.191017,13.616490,12.756032,-0.041256,1.222922,8.639098,7.680657,7.925900,7.758929,4.856114,5.929676,12.183962,8.416911,8.145619,13.467689,11.884278,17.248657,22.704659,18.022840,18.238813,28.795483,23.925875,19.427517,38.991302,41.636238,36.416500,19.618109,28.390530,18.041798,13.719521,21.260754,14.305504,10.304676,7.351729,3.412209,-7.115831,10.322052,11.145697,5.157954,8.513870,7.739618,4.572754,7.354764,5.252073,0.416594,11.439808,16.410002,14.258339,8.941662,5.224925,7.825916,7.294731,16.789846,22.741680,21.824553,12.353966,20.717072,21.670536,10.819621,20.591362,20.912655,18.074120,11.756402,11.198360,7.834310,0.885512,6.650741,7.898742,9.912177,6.938181,8.767088,8.437114,9.362835,11.797071,14.314122,13.946090,8.387200,13.312940,15.126409,15.770383,17.481657,19.458511,19.652218,18.504965,24.374187,25.458115,23.128525,41.453018,43.022072,36.628704,27.142784,24.132784,23.521950,21.942924,18.205238,16.959124,17.841114,17.952978,12.401104,3.427811,8.335582,13.233996,9.007195,9.832351,10.543542,-9.984572,7.872224,7.661050,5.236292,10.619659,12.780458,4.951678,10.368835,17.474285,16.778822,11.822815,18.100584,17.902683,17.549286,23.578529,12.417353,25.927008,20.057377,16.512272,10.748819,17.567514,18.475954,10.408236,13.332252,16.848310,10.933350,6.574618,15.292516,10.370356,8.098450,3.042423,5.173795,10.335352,7.626328,-0.337364,1.753936,15.438208,18.461422,10.649591,-1.960083,10.810803,14.279711,17.206730,24.305885,20.044640,18.546654,28.069344,29.590282,31.856756,26.427233,22.655947,13.797688,11.214050,15.680178,12.644140,7.313692,-0.046145,6.443706,10.700002,11.049810,5.510581,13.087039,11.180153,8.218383,9.339369,9.297106,3.225480,1.880924,7.245025,11.360542,9.343800,9.023806,5.339633,16.271154,18.909660,15.741508,17.483656,1.678055,24.704128,19.440170,19.672367,16.731319,15.640136,17.986811,5.374279,11.617536,13.287420,10.793920,5.355523,8.726723,13.075155,12.993957,0.592490,3.854238,0.685887,14.162991,14.612606,6.618610,10.061665,12.961788,10.506968,10.483229,11.043394,18.183159,17.721905,13.679146,18.915998,19.043983,14.151164,26.150877,38.533871,39.896549,36.397408,22.384922,24.866642,18.051811,16.528551,20.209551,14.767283,11.279652,16.612907,18.163544,11.429317,3.895674,5.208056,8.505414,17.313534,15.520988,3.751205,5.733883,6.974174,3.930849,5.432861,8.383990,11.236206,9.303025,6.728355,11.670814,16.742163,20.961779,22.267340,6.096225,22.221670,18.420231,25.553070,12.793635,19.620186,15.259766,6.503231,11.930054,7.345623,8.468293,10.533109,6.523448,5.411338,2.619085,4.126976,9.058821,6.922537,-3.162906,0.457487,3.497614,3.371546,2.136461,1.873855,-11.272919,8.654380,13.862103,13.457014,12.288760,12.504201,20.640717,3.699522,7.868213,25.345890
[0;32mI (2690) ANALISIS_ESPECTRO: Frame exportado | t=2.03 s | pico=2000.0 Hz | 51.4 dB[0m
SPECTRUM_FRAME,3.051050,2000.000000,51.268047,hann,512,11.761368,21.503689,40.047146,47.217918,43.143936,25.333000,32.325256,30.963705,20.445148,29.213593,29.486340,12.944521,22.037430,23.921946,12.736702,18.648645,21.639503,17.863422,13.678360,26.330290,23.595152,19.270674,30.839314,29.757746,9.682042,26.444723,27.107475,13.450360,22.176516,23.091089,13.309553,23.355171,24.001385,15.524113,28.077602,31.455570,27.668091,6.253163,26.260971,26.221722,10.554942,17.950855,20.143929,15.285821,19.643293,21.835289,13.780747,5.704851,11.712031,4.101081,15.659181,21.965380,16.466110,17.064602,23.917770,21.093033,14.952522,16.274593,18.785221,14.572345,29.306587,34.105659,26.988346,40.140743,45.355637,37.577290,6.563036,28.910328,22.798960,18.921391,26.822922,25.296051,15.060954,27.332645,27.356194,12.471121,10.710621,14.092196,11.775751,13.183214,14.697885,4.222687,4.997670,10.577108,10.722853,7.682230,15.135792,10.858452,-9.515742,8.611499,5.698545,15.142303,22.099377,23.544857,26.209373,25.003836,27.708973,27.265690,24.478535,15.390442,3.495951,15.565002,20.556744,14.490883,12.826814,21.892538,18.482216,4.669246,16.382038,18.847906,8.680513,15.324497,18.830873,11.503317,14.265520,21.602276,18.815718,16.946405,25.899584,21.070185,10.881931,20.559502,16.509180,24.182940,39.185699,40.444031,23.292000,48.290863,51.268047,41.352776,31.266876,40.079884,33.903419,21.053898,28.733141,23.993586,14.933900,18.602203,13.648616,10.837890,8.811728,15.118245,11.660313,8.455325,16.117361,11.207876,10.044498,17.300133,10.302389,17.881151,23.943962,18.449444,14.967644,20.981121,19.221130,7.869215,19.102692,19.370295,22.065928,15.006199,24.278450,26.224535,23.047501,16.111877,11.217994,22.717028,23.569885,15.972721,11.841782,17.758759,17.446590,1.742712,17.690756,19.156178,8.704899,2.888998,-1.370849,-3.780579,11.395729,17.415779,12.796246,11.790389,17.205578,5.247236,16.181204,24.562986,23.985123,18.877996,27.589931,26.520224,28.178780,42.420658,44.149933,33.887779,20.353506,27.724783,11.479193,6.798954,23.266413,18.964371,9.279412,14.806614,11.265381,4.650980,15.507896,13.958339,-8.205704,10.600308,12.143069,9.591050,7.532334,6.495399,7.017999,11.513220,15.586849,0.346623,12.734275,17.398712,8.663471,15.920845,18.259729,19.146450,16.070389,28.352385,30.342741,24.439507,18.173851,11.082597,8.860201,15.417643,11.485313,4.876146,14.743952,19.106411,15.329561,11.449741,15.418397,8.884862,4.958050,6.297124,12.524857,8.536687,12.828356,14.087269,8.865186,7.780387,15.115097,10.223019,10.240423,21.596792,16.943340,16.420055,28.173456,27.041016,28.835262,39.540791,38.732773,24.992435,33.280319,28.592533,22.836014,21.320503,21.633959,19.733139,17.597271,15.978565,9.889971,3.838101,1.876454,1.139881,-2.278761,4.297771,9.537219,4.969481,2.029370,8.171377,1.734917,12.846602,16.237600,14.165894,7.215093,13.892178,13.891400,13.331245,16.398849,16.442101,21.774132,26.965721,24.039780,22.330509,24.115602,18.552963,11.495551,10.469522,18.990332,15.682041,-3.282008,2.202565,3.146929,9.438039,13.573797,11.100355,0.934392,8.486835,8.517559,-0.997717,10.706533,11.688728,7.373045,7.587933,10.008887,8.725363,-1.888190,9.521887,15.558712,20.150768,24.856184,21.245312,31.322126,42.242924,40.693466,25.407541,29.452621,19.795708,13.291759,13.727489,16.404518,4.676904,8.441134,18.095648,13.847895,6.826182,5.553689,5.540456,8.363972,14.725484,12.323455,-10.668659,5.155933,5.747240,-0.586009,4.614880,5.852977,6.298288,11.855664,13.819370,8.351036,4.301083,14.479664,20.695066,21.681343,23.634043,28.565964,29.157898,22.352062,3.071697,7.130031,9.704432,9.295420,8.959173,11.593523,10.908350,4.491330,10.540217,7.077984,4.803287,7.165908,5.018950,0.192439,2.770777,7.950935,7.872717,3.821216,5.807124,8.203116,4.362251,11.151896,10.346697,2.233695,18.541403,25.956551,24.406374,13.135224,28.089010,31.678629,33.339100,28.739445,24.552998,21.195065,18.159002,10.135188,5.246472,12.492610,12.893382,7.968459,14.787955,9.977947,5.757714,12.107269,11.492897,9.750406,5.604274,7.936428,10.400500,1.443736,11.593874,11.767361,3.085063,14.794567,13.087992,17.044922,17.464752,14.332144,17.517910,15.062943,26.127140,26.888716,21.934872,11.440489,20.680450,14.156736,11.311682,-3.069071,7.520885,10.353478,10.915493,11.583861,2.859924,4.256423,3.428225,3.575536,8.073555,14.679047,11.912870,5.733591,3.355967,3.307693,7.429181,13.143567,14.444059,1.386804,15.051698,12.621251,6.665076,18.017555,12.165462,28.686419,38.149094,33.265709,35.496361,32.191147,21.687193,2.470392,16.761440,19.330009,14.595041,6.907828,13.430616,7.526384,2.773065,10.823650,13.883228,7.424551,15.205196,17.157843,8.113716,-5.439435,3.319792,8.269484,10.511097,15.679176,12.474116,7.072692,12.380239,17.008154,16.202534,10.908290,13.142862,21.699299,26.736509,25.928921,28.257145,23.971943,14.316006,8.607861,8.394576,11.793709,15.175766,16.989801,15.517659,2.041490,8.667210,10.420238,2.953454,3.253891,6.346015,5.251877,3.932042,4.424166,8.361063,5.306408,14.036670,15.485593,11.343817,10.395649,15.457399,15.302164,20.691353,22.551476,17.560688,20.113993,23.654636
[0;32mI (3710) ANALISIS_ESPECTRO: Frame exportado | t=3.05 s | pico=2000.0 Hz | 51.3 dB[0m
SPECTRUM_FRAME,4.073411,2000.000000,51.595570,hann,512,19.553888,18.750917,38.278748,46.915672,43.505905,22.854725,29.815975,29.412132,18.991091,23.942415,25.215149,12.262804,20.435806,23.264723,14.676971,5.817466,6.971570,10.233400,16.395203,26.653879,24.732313,17.952332,29.852507,27.970119,7.564192,25.324724,25.464630,13.105047,23.837543,27.262857,23.706322,14.674121,10.738592,21.905106,25.256327,26.916424,20.139818,21.648922,28.601219,25.516359,12.838759,25.303556,25.197723,11.829919,23.917233,26.740135,18.157465,21.518528,26.435982,20.443787,18.423794,25.338295,22.323582,13.683462,26.665926,25.539225,10.579140,24.163509,23.792574,14.963092,32.742165,33.804878,20.699366,42.036053,45.923767,38.254044,22.401381,26.950653,20.341751,17.020552,28.332703,26.449787,14.580881,28.633602,28.273232,10.964510,21.919521,22.886238,10.963448,21.347786,25.273186,18.626949,16.463869,23.098751,18.027214,17.038906,25.869686,23.396965,-0.563133,19.415134,20.270235,20.599972,23.060751,16.284069,25.050800,30.895531,30.624170,25.532150,26.047386,26.204567,20.083673,15.740428,24.430702,22.864590,2.042028,21.843014,21.440123,3.929480,21.949902,21.770384,4.074631,8.994248,11.874283,6.304675,16.652800,22.842026,17.320572,11.265593,20.916851,17.141357,6.666033,7.673841,18.344925,20.532343,38.195301,40.081863,20.093552,48.280518,51.595570,41.938992,37.671055,41.217922,35.355118,20.264225,28.017443,24.619654,12.383297,11.421228,8.288073,-0.011338,9.168652,9.547079,6.467219,11.939762,9.749708,-2.576575,14.593414,18.642956,14.555694,12.045089,21.316092,17.164125,6.800533,7.729225,5.681038,11.603334,17.590075,17.594145,17.062048,24.519962,25.867775,23.763374,24.958878,23.331150,20.978550,19.039896,20.745371,17.212925,6.367543,-6.524372,-5.548759,9.862962,17.822479,16.438072,-5.425707,13.833731,15.286983,12.627079,9.750603,12.032528,6.004643,6.271331,7.343151,-2.277720,-9.006151,18.291851,14.195595,15.186255,28.018768,30.014894,26.899862,43.073257,45.017365,34.040531,18.359106,29.239511,24.835825,22.341343,24.296066,17.950560,7.271782,17.800072,17.443335,12.216806,10.353017,-6.938552,12.248120,8.748702,7.375993,7.299267,7.722667,9.315797,-7.246699,12.846608,18.003162,16.516005,9.213285,15.199623,18.833218,15.437780,20.437588,19.294056,18.910088,30.731037,32.814369,29.518023,22.493048,4.274189,3.932946,8.022860,8.640195,4.059604,10.626253,15.910020,12.539134,12.643380,15.524663,13.626560,6.729119,11.239264,10.525282,3.660496,8.000057,-1.496039,4.035695,9.659298,7.850712,2.958776,15.186559,23.501156,22.578440,5.240088,28.049395,28.291611,22.969795,37.413910,38.770264,31.491230,27.237911,28.472572,25.956343,17.707092,18.901487,17.361427,11.662159,16.938688,14.928606,2.775600,12.065630,1.828011,10.596849,10.320509,-1.493261,3.846412,7.763340,13.873802,8.899775,5.792529,15.700195,13.664368,9.241150,15.837913,13.762960,2.753382,7.753940,5.243773,19.847219,26.046858,27.549511,25.523722,19.937059,21.128313,17.534969,17.197250,19.950630,14.579206,13.291214,14.369736,8.608655,-2.534247,8.772577,11.696649,10.165180,6.354514,1.601251,8.635816,14.907389,12.237272,-7.341173,3.603625,7.881265,4.471581,9.350072,15.814958,15.255137,5.966551,23.094330,22.555279,29.325897,41.908108,41.405910,27.867373,27.556543,24.837101,22.343309,13.576894,2.276546,10.722599,16.463175,19.540155,15.794960,5.932665,6.512894,0.107288,10.028854,17.045458,15.746094,7.342814,12.361305,10.785953,9.230087,12.718048,12.161209,10.092572,12.356703,11.747690,14.421206,20.712568,19.253212,16.652094,25.778187,29.460661,29.484093,29.031578,25.959724,17.782854,13.292222,14.950140,10.647779,5.942874,0.316993,5.667549,13.771348,15.313423,12.305088,5.586430,3.232437,12.081451,11.224013,0.093012,7.488132,5.631316,0.476696,0.838364,6.771622,11.949776,10.967127,10.041169,9.285928,17.405342,27.085556,25.251482,18.580648,30.324421,24.478571,33.495193,28.466755,21.991491,19.708691,14.565445,11.982517,8.938171,9.285740,12.838654,10.684276,3.685164,-3.318694,6.547622,11.457232,9.577997,-0.314995,0.856486,5.760058,1.225540,5.457609,11.907545,14.956921,14.482107,10.252497,10.699538,13.682375,8.489061,12.435046,15.355777,23.637144,26.233377,25.258272,24.431952,21.125481,14.759297,13.763236,17.616070,16.480604,10.549532,10.288266,3.646282,7.852341,12.082505,8.725289,-3.636765,8.959419,13.281178,15.897603,14.428254,12.119880,12.755904,10.205049,7.375330,10.079529,13.142857,15.179737,16.194492,4.538746,16.647154,23.062405,22.597801,30.958206,38.122482,31.805016,34.868961,28.978859,15.850039,15.061358,6.321852,12.712328,8.353865,4.588723,15.458280,15.304296,8.296272,13.359132,3.812818,8.311459,14.892430,16.458826,12.355455,5.548635,6.032457,9.537247,16.927040,20.146515,16.845131,0.950814,8.719515,17.097818,13.867126,20.008680,22.105989,3.667331,26.132618,30.287022,30.104284,26.213083,19.662497,7.337061,7.312852,4.206580,2.899685,-1.037179,-3.591306,11.301929,14.382183,14.507538,8.562935,7.462236,8.692006,6.876420,-1.482663,9.114229,3.955241,5.178559,8.780433,2.000668,7.616125,-1.791549,13.377719,14.966101,8.567538,20.861084,22.018188,22.491512,22.355822
[0;32mI (4730) ANALISIS_ESPECTRO: Frame exportado | t=4.07 s | pico=2000.0 Hz | 51.6 dB[0m
SPECTRUM_FRAME,5.095778,1000.000000,49.941658,hann,512,21.344469,16.398872,36.991867,45.471954,41.937836,15.358187,31.113571,29.378880,13.229818,27.601849,28.470936,15.643465,25.664463,28.812336,20.904507,17.737898,21.323009,15.136137,16.632689,24.238394,20.689442,19.507936,30.367538,29.039394,3.283828,29.031675,29.833574,13.213534,31.718945,34.551300,25.109161,34.584042,39.949272,33.707573,21.655453,30.253637,27.342857,16.218021,23.444883,21.769056,14.485765,25.760803,25.645489,11.750292,18.820417,21.150505,11.780205,17.022375,22.113249,17.556021,20.476131,27.863533,23.281666,15.737971,24.810305,21.510544,13.362923,24.520287,25.149315,19.111668,38.602413,41.276100,30.904598,45.277100,49.941658,42.742470,33.793816,40.496769,35.963802,19.899309,31.305330,28.916100,9.749847,21.682455,21.672125,9.935732,16.437548,18.497835,10.509482,11.914484,13.410932,3.049239,15.165022,21.756220,17.259563,16.482683,25.377434,23.073151,10.529381,21.764662,21.385553,5.914159,28.620903,30.757534,18.932720,34.687099,38.907375,30.963257,18.949129,24.836319,19.681496,15.976133,24.718208,22.310692,-2.797453,22.313938,22.762489,13.300369,12.007298,15.262905,6.514577,11.753974,15.903935,9.978332,16.320143,22.639145,17.381298,16.555662,24.070845,21.279524,12.600288,27.589863,26.308973,14.099911,21.342649,24.588680,18.304308,40.023060,43.658024,35.069561,19.970299,25.237545,21.099712,15.278618,20.773563,11.179760,13.786006,21.915955,20.872202,6.488548,17.708084,20.881859,11.820574,6.364916,11.581273,5.084122,5.041056,11.489621,4.650714,13.219991,20.944523,17.480164,12.631248,23.310444,20.951645,7.622565,19.946674,22.915668,7.893374,35.113243,38.191799,29.103596,12.909980,17.079895,12.895372,11.775425,20.409718,17.681696,7.713928,4.764765,5.743697,11.375356,18.313730,17.332699,1.282721,14.424542,16.607193,8.787684,2.576090,3.561268,4.915223,8.140457,0.935425,7.853982,6.681717,16.113321,12.780912,2.850032,8.973732,17.177128,19.122818,36.695599,38.931450,28.622828,10.381965,14.446081,11.043824,7.082344,16.243574,15.205444,6.657121,14.767026,15.683752,7.526724,12.884398,14.736995,7.498049,10.280276,10.229449,-3.493420,10.459132,12.778044,3.357263,13.295197,18.253128,12.621357,7.176929,10.827570,7.629167,5.067091,9.858016,0.047148,17.103573,33.551262,34.928276,22.751501,17.627293,19.161610,12.275305,11.291862,18.094675,13.527744,6.667099,12.449671,9.260777,-0.327487,16.364759,16.133114,3.776487,7.036547,11.983498,8.113878,12.845187,15.966780,5.736218,12.656134,15.035822,12.701694,5.734727,14.603635,12.370432,8.173527,16.337255,8.652944,12.473639,31.690512,32.982101,21.883190,8.756073,7.571279,6.763421,6.514627,-9.795189,10.615761,8.367721,9.082153,12.628671,2.779339,12.364231,14.408495,6.119386,14.505264,14.176853,-8.955034,12.669349,13.369286,6.044319,6.998932,9.866796,9.052900,1.754964,12.416291,12.698054,6.650698,17.368689,18.402260,12.681297,32.887932,33.428684,20.356369,17.822834,16.771217,9.242374,3.577297,7.839445,-1.383978,10.757229,16.808226,12.298828,0.269477,11.300556,8.752163,0.736978,12.989764,10.142760,5.216980,12.155489,7.634657,4.954873,11.137310,12.064925,9.159191,5.146632,14.777737,10.048859,-1.042916,12.000374,6.389253,11.379272,27.113035,26.856291,12.913442,5.777685,5.060754,11.200800,12.529367,8.206993,-3.720855,-0.378181,-9.491323,2.963692,1.848328,1.420930,4.385928,4.907928,4.360938,-3.674376,3.313740,10.338228,11.004807,7.429211,5.879811,3.411421,5.795709,13.633118,16.722767,6.434398,16.468235,22.149971,17.608097,13.006014,29.917490,28.831015,13.105703,20.850082,20.690742,13.900790,11.694799,12.918125,8.325654,10.425258,11.162309,2.396519,-1.534455,-4.649473,1.230077,-1.836182,9.042063,6.367052,1.454901,5.182684,-1.625509,1.217792,6.003775,2.680144,-6.239197,6.070804,3.837859,-1.915879,9.874226,14.037862,8.514665,4.637967,22.269375,20.344889,7.751078,-0.305266,6.815104,7.228765,3.698543,7.532203,11.808670,8.560946,12.010372,14.650802,11.849761,7.724127,7.256968,10.707067,8.885348,-15.351249,4.131183,9.429482,10.255771,6.860188,6.772161,11.385651,9.053671,7.737370,7.027104,4.331851,11.471443,10.221758,13.993404,11.850710,28.039497,24.824247,16.383841,15.100399,10.907587,8.107144,14.190010,13.328020,1.452567,12.478317,13.131857,9.729804,4.132237,9.045842,10.803061,6.053674,6.091497,4.673547,8.083860,15.009806,13.412266,-4.433285,9.672760,12.972034,10.554897,0.128261,4.840110,12.832476,13.075373,10.652298,13.399219,16.749264,19.981001,9.616108,17.518761,13.977898,13.454064,15.404538,10.641545,12.364865,8.724357,8.926885,15.828032,14.057573,0.565598,5.482051,4.367610,2.917099,3.944212,10.598535,6.034066,1.110798,6.135423,6.414090,-4.381490,12.697559,15.065594,14.561491,9.414977,10.009776,16.873871,15.072756,11.043940,-1.304535,23.548519,16.526293,18.665915,13.521332,9.957425,15.076960,12.009027,-0.564819,10.017842,9.064846,6.637783,10.437746,0.332390,8.980313,9.935341,9.300756,5.304824,10.040546,12.918242,11.445045,3.718911,2.428631,7.345388,12.024432,11.254742,-2.814689,5.284567,4.198915,5.148355,11.694502,10.374908,10.134666,16.146833
[0;32mI (5750) ANALISIS_ESPECTRO: Frame exportado | t=5.10 s | pico=1000.0 Hz | 49.9 dB[0m
SPECTRUM_FRAME,6.118134,1000.000000,49.568481,hann,512,20.997425,19.732798,37.215809,45.419472,41.812904,13.545846,33.395199,31.603394,2.607762,31.456253,31.897179,17.352348,28.254272,30.959492,21.630451,22.010118,26.810171,19.150402,18.280113,28.218525,24.783665,20.761963,31.528826,29.802771,18.340281,32.267212,32.649799,19.235630,34.757137,37.343971,27.749844,36.093719,40.935154,33.831944,24.197081,31.387047,26.027111,18.577629,30.035183,28.252445,10.653037,27.718655,28.972281,18.226759,25.624533,28.376041,18.129929,22.707708,27.513380,20.489960,23.930103,30.865303,26.236851,17.193027,27.455618,25.417736,14.790688,24.080505,23.416389,18.803457,37.914219,40.309280,28.989237,44.829159,49.568481,42.102562,34.941437,40.563751,35.827660,24.786272,35.155903,32.509598,14.285919,29.231489,28.535828,12.470536,21.741125,23.370602,12.539435,15.763511,20.231762,12.678843,16.091978,24.783501,20.703712,14.972968,24.657938,22.204990,4.867907,20.013260,20.352774,18.231884,30.055519,31.200050,20.343632,34.474178,38.384174,29.911461,16.898781,18.464634,13.954288,18.809193,26.943453,23.331543,10.159086,22.370436,22.044853,10.859022,18.655169,20.868809,11.401502,14.620713,18.832340,11.017664,17.522528,22.565443,14.944212,16.061127,22.099186,17.067057,15.093121,27.212505,26.039904,13.669337,19.211155,18.457205,19.970144,40.051971,43.462044,34.036842,23.781404,23.542248,17.604902,13.672805,24.507010,21.318718,7.930587,7.331965,5.237633,-1.656707,17.496239,18.970650,6.312166,14.419623,16.704380,5.458923,10.647898,18.540249,12.701014,13.356647,22.939636,19.686279,16.692217,25.260744,22.778749,10.082127,23.009045,22.831459,16.938768,36.070297,38.629375,28.811598,17.125946,17.667620,14.219244,18.127691,22.310688,14.614115,2.042335,8.072866,12.871342,9.696781,19.575352,19.676846,11.452064,19.754654,20.569656,8.440536,16.893803,20.021820,8.748292,11.180975,14.525672,11.763908,10.847485,18.864069,16.321753,10.620848,16.023542,7.097123,17.369446,36.195457,38.544167,27.358238,19.976004,20.902802,15.344867,8.753786,16.897858,14.358437,13.526431,19.598515,17.309219,5.616594,14.027441,14.577451,8.733057,11.244894,12.213019,3.645105,12.437407,13.869633,8.382313,6.074202,18.391468,15.914156,10.029642,12.696954,6.473423,-9.377710,12.089286,13.372077,16.015717,33.057373,34.665127,23.077383,14.512753,21.039410,11.194933,16.204084,21.090256,14.663448,11.090166,18.299740,16.153683,-1.004297,15.765471,15.256607,6.434590,9.310545,10.733341,5.599350,13.825096,15.721044,-11.746992,11.672865,14.202260,10.909937,-14.478958,13.675709,14.732655,8.747367,3.507624,12.948067,19.276230,32.422138,32.827240,15.876161,15.577608,9.001706,8.118613,13.653346,10.033912,-1.252639,11.414701,12.189159,5.385458,3.622998,11.368150,10.900892,-0.976839,10.091733,12.703475,7.518863,14.689527,16.804445,10.501879,10.089209,7.414631,2.076711,10.296922,14.670783,6.919832,9.430751,17.814842,17.597019,18.773777,33.534889,33.511467,17.157362,14.326858,16.575216,-9.392275,3.170288,4.211366,6.591374,-1.156644,12.179690,10.447309,0.160118,7.086021,5.720465,7.366247,15.658551,14.922976,-9.546665,12.435908,13.890649,2.622617,3.358290,12.713583,9.573368,10.595607,16.291904,8.601681,5.258136,12.321969,-1.630683,7.232030,26.674961,27.268791,14.198473,4.861235,7.926278,10.474331,-4.490680,10.310273,9.911556,7.561849,9.201230,8.879517,4.538966,4.026774,-3.275062,5.251003,7.528028,2.576039,5.381823,14.768692,14.651022,7.975568,6.524673,3.011341,1.518494,9.049316,15.044036,11.125239,13.236950,21.060028,17.972427,17.271351,29.707993,27.840794,6.564790,17.306431,23.009655,10.103001,13.640230,17.769135,8.750774,5.338882,4.888942,0.235689,-7.086935,-5.540904,-0.347875,3.232692,11.831575,13.639032,6.856437,2.862092,4.136787,-11.636580,0.076510,10.223442,9.247472,2.863073,8.583190,11.289426,13.968612,14.386253,7.801811,17.193287,26.026768,23.319704,5.084215,15.132469,13.393778,6.405020,9.262204,9.573178,1.463125,9.852332,8.399635,5.672967,4.131489,-5.343565,4.871715,6.209166,5.772935,10.770245,-2.880056,9.110334,11.847795,8.930596,8.020302,11.626122,8.867230,7.419862,8.392024,5.567548,-6.604141,12.156072,8.155248,16.194267,28.114710,24.743727,17.098856,9.940634,9.324761,6.588087,9.193530,15.278347,10.654254,-6.417763,12.530148,11.317993,-6.774741,-1.560048,4.450144,5.147343,6.688107,8.884373,-2.471597,5.379083,6.980830,-1.212073,7.359537,11.856735,-1.137946,8.348981,9.963949,10.351856,6.502671,3.791322,12.607740,7.525642,20.727478,21.311701,15.320908,7.938285,15.601684,15.938211,11.041077,3.402422,9.642102,6.394448,10.395689,10.289712,1.288822,3.475264,4.768278,-5.631339,9.527499,9.984502,1.093960,6.071381,5.251445,8.504018,3.041168,13.154486,12.452283,5.467558,12.523706,13.046535,11.406471,18.308716,10.251740,18.893478,24.896860,19.320023,20.042580,9.773545,13.034256,11.448103,12.072145,8.513958,11.453327,8.755819,3.529912,8.907887,3.399490,-1.131350,6.407304,2.389056,5.505566,3.868726,4.155214,-0.358705,-4.947014,-6.265180,2.731702,10.075764,10.051796,4.745064,5.889325,6.763551,-0.152007,8.034388,4.337394,15.967224,18.632553
[0;32mI (6770) ANALISIS_ESPECTRO: Frame exportado | t=6.12 s | pico=1000.0 Hz | 49.6 dB[0m
SPECTRUM_FRAME,7.140496,1000.000000,50.028721,hann,512,26.351776,30.732601,38.619690,45.394562,41.102341,9.830608,31.130718,28.767492,14.186533,27.409607,25.686039,18.095764,25.239826,26.712629,18.214796,20.992392,25.060835,20.462000,16.542152,20.769770,15.227272,22.171032,29.684231,26.894527,17.750032,27.867659,28.725536,23.901178,31.662632,36.085644,27.467751,33.021854,39.615341,32.256126,22.111847,29.831203,30.704098,22.913572,25.115829,24.917107,24.165630,26.496426,25.999405,20.524555,27.245651,27.847084,21.197720,18.403723,22.683041,22.334770,24.960579,27.801491,26.149273,23.022591,20.970310,20.207691,15.665101,20.837175,27.666874,29.921238,39.907261,41.806522,36.565060,46.953163,50.028721,40.946636,40.266129,41.640987,33.524719,29.999687,34.341488,30.798647,16.988018,29.708891,27.283924,9.700667,19.279459,19.532476,13.549328,18.877964,17.419100,7.211535,9.747335,5.678897,13.825912,23.959759,28.544449,25.161219,23.028643,29.180071,31.025972,30.584198,33.093689,33.944172,31.798458,35.163212,36.944691,28.048542,28.000240,23.824944,24.852114,23.232805,20.059931,18.743196,21.188791,23.100740,20.966532,16.859522,23.823259,25.075947,17.865616,14.697912,19.504814,22.409861,22.968027,22.630180,21.249104,20.682840,15.338020,7.828979,15.766183,17.743994,21.274326,26.896385,30.399658,30.714458,33.075413,41.899124,42.600853,20.741131,35.143387,30.632467,25.775669,24.640873,27.112328,22.603052,20.428520,25.735723,21.312391,8.812008,-5.922666,-3.031664,12.978806,18.525503,14.416066,-1.563063,9.741944,13.008101,17.924755,19.587782,17.958487,18.123400,12.991481,16.977936,22.635685,26.820965,25.744993,24.840212,29.709446,35.875298,36.825825,26.271614,22.795334,16.059458,22.963058,23.087879,23.083359,19.372658,16.471565,12.101503,10.576195,17.619270,19.857067,15.485628,10.335766,7.512857,15.323992,18.824963,18.519104,16.031414,17.707222,18.744604,14.662871,15.441318,19.248547,16.620703,16.729059,21.086950,23.233995,25.557980,31.527174,38.422970,36.919304,24.545567,32.774288,28.501169,21.157509,18.585934,19.096481,17.399767,12.134236,13.255955,14.868340,5.072784,7.070346,3.284449,10.019651,13.888105,14.486437,13.688808,10.087811,1.080595,12.924114,17.291811,16.277775,12.665127,16.500547,20.605431,23.266117,26.022337,27.008984,27.349365,31.732403,34.439510,31.070751,14.285801,23.799772,23.128538,13.311062,10.105914,13.035118,16.080557,17.886312,19.000000,16.814577,17.068552,20.961658,17.593563,6.895091,9.662155,16.903185,19.170248,18.324224,15.879047,16.414593,18.287359,16.464058,14.874544,13.483526,14.562113,16.926039,16.273968,14.371172,18.865780,28.382217,33.161522,27.828411,26.455872,28.541012,24.972441,19.029049,10.801606,7.654408,6.079214,11.802764,9.898169,12.204804,11.056669,1.724250,6.604917,3.902788,9.247776,11.727659,10.112901,11.557013,16.532751,18.224756,16.855526,14.138210,14.911135,16.866529,14.241282,16.438908,19.597347,14.813053,16.826019,29.854021,33.749054,30.040459,16.651623,15.599623,13.989167,15.349785,17.828087,18.677141,17.048870,16.081284,9.411455,8.743996,15.931863,18.540136,16.048695,12.455456,12.250479,16.775496,18.879322,16.934412,13.492573,15.216333,15.058393,9.744071,9.677501,14.132547,7.294094,14.911718,11.940837,4.957962,16.011061,24.540367,25.524443,16.141909,26.231726,26.739380,24.596502,19.256742,15.419683,9.991821,-5.384397,-0.746364,12.325472,13.933372,7.277963,12.134413,10.198299,3.138666,9.838659,14.824726,14.674269,11.950065,11.411774,9.599829,-1.414095,1.441696,7.499329,16.979401,20.075520,19.656549,17.580179,18.991970,23.846493,29.482033,29.138231,12.883192,20.905561,20.970423,23.059141,14.322486,6.284654,12.508655,11.285764,11.971259,10.749627,8.204091,10.023679,12.532306,13.663039,7.358376,10.018991,14.153548,16.526297,16.429333,16.678068,16.259556,13.660182,13.034257,15.219461,14.066160,13.618567,12.291451,5.133994,2.625906,5.777888,19.346603,20.170277,11.153378,21.081188,22.508814,17.408796,11.097954,7.403707,14.635672,13.951015,10.518016,14.846974,16.409266,10.305480,7.236221,9.113294,10.396631,15.611019,16.796274,13.590305,15.124413,16.545471,13.025970,6.797151,5.093783,9.240956,13.621273,15.335721,14.532132,11.926526,10.771484,18.230076,26.769169,26.302500,12.188176,19.523113,17.755842,13.764290,4.475655,9.574667,14.621831,9.416903,5.377276,14.587125,13.376051,8.201138,-2.193816,8.730707,12.086162,15.549547,17.501961,16.532539,14.026972,12.286776,10.810747,4.222908,8.455633,7.485839,13.814947,10.154428,5.150232,5.900930,9.237875,17.464489,18.410416,12.198450,14.806672,19.085268,20.762451,20.328011,17.019636,9.517390,3.431471,-2.058380,3.204388,7.099347,0.306056,3.294059,7.426644,9.104950,11.056110,18.019581,18.228069,11.661570,5.950142,3.200787,-4.328241,-0.825478,9.702345,10.384818,10.418980,13.745440,14.413118,9.030980,4.052524,16.496967,24.854517,22.043798,12.169012,20.164110,22.840698,17.883278,6.493722,0.081307,-3.544054,0.623640,8.572685,6.411080,5.951569,11.163249,6.012030,11.569581,13.218881,13.021249,15.265446,15.626741,15.594141,15.678729,14.904949,16.305847,15.978287,14.392332,16.978495,17.927851,15.002260,-0.761722,6.965467,11.091949,17.741257,14.512639
[0;32mI (7800) ANALISIS_ESPECTRO: Frame exportado | t=7.14 s | pico=1000.0 Hz | 50.0 dB[0m
SPECTRUM_FRAME,8.162859,1000.000000,50.007900,hann,512,17.205673,17.777662,36.510323,45.043369,41.462902,18.325390,28.719929,27.832005,7.447572,28.466705,29.156212,17.153061,26.097900,29.974247,21.382008,19.386614,25.411747,18.733557,22.150335,29.674484,24.617054,20.925304,31.295187,29.498867,19.539631,26.801537,26.977427,17.775169,26.788961,29.117872,19.728188,30.896637,36.779629,31.130945,21.836071,31.004774,26.865532,16.745522,28.072437,26.286663,14.898368,25.054111,26.484802,17.058313,19.986092,23.113556,16.313066,15.929376,18.915684,8.894657,21.321095,28.330448,22.614977,14.920734,25.943785,23.999607,2.805172,20.080090,19.343817,20.107344,37.823212,40.410675,32.366184,45.094379,50.007900,42.916954,32.749821,39.918324,35.773270,14.396175,30.081081,28.396967,9.091131,25.636633,25.446844,12.433566,18.769110,21.017817,11.055225,16.573917,19.679886,8.967134,19.670547,26.571638,20.528233,18.808519,28.417723,25.959518,18.648872,27.290333,26.482159,18.465561,29.190334,30.617468,19.397015,31.898155,36.880795,29.345877,24.743397,30.820892,26.207108,16.093370,23.182549,19.985762,2.985089,15.104071,13.700475,2.751193,17.954674,19.291866,10.157063,9.795631,13.609676,8.577509,7.470171,14.082065,8.320226,-1.760787,14.785510,11.591312,12.311453,24.890921,24.665779,13.948169,21.354925,20.959236,21.931927,40.548592,44.085114,35.607861,18.045538,23.381348,17.797846,16.630482,25.035936,22.100761,3.995116,14.601327,12.663176,2.730196,17.114723,18.230337,6.462178,11.038767,15.773545,11.756939,9.119980,13.414101,13.513970,12.058784,16.876987,14.537711,13.484074,22.312649,20.922213,5.802757,12.401930,4.079198,12.262459,34.842304,38.310970,29.617651,14.067249,20.471004,14.315492,1.830663,5.359298,7.354099,-3.204096,20.983496,21.079599,11.045830,21.015139,21.414717,11.176035,8.695595,7.325682,-3.627368,15.428091,17.573538,1.586319,12.208990,19.466183,15.595326,11.563521,17.342815,14.412026,-1.660710,2.993240,10.113699,20.580326,36.488823,38.957890,29.721149,5.721530,8.308619,12.082350,9.821319,15.090016,7.721189,7.340893,7.113719,10.758548,4.618281,13.155651,15.803068,8.525458,12.001429,12.922368,9.188931,11.763124,13.318693,-0.630376,1.323982,11.940924,12.449286,-4.445143,11.798495,11.524739,10.463015,19.600508,20.238869,12.944054,33.070835,35.119701,24.564716,10.624645,16.281816,12.986734,3.099325,11.467142,8.823806,2.297831,9.896777,12.259297,8.475422,0.975541,4.333953,-11.288685,12.274309,13.488607,4.000472,7.380968,12.511315,-0.384228,5.476620,7.135654,10.369944,-8.003816,8.083087,4.875245,3.201029,12.705849,14.391853,18.202869,32.041920,33.079842,23.022879,14.214630,16.098755,8.386035,12.596012,16.988646,6.018426,2.789417,16.918827,15.382174,10.016535,15.196394,14.730806,12.723898,14.104034,10.976780,6.700112,11.310273,14.527898,9.225789,8.552848,13.950953,12.575589,11.920876,8.742045,3.772236,10.635415,17.147043,20.210590,18.102034,33.097961,34.050610,24.052202,14.560219,15.826208,11.368571,-6.100669,8.499285,4.033130,5.701247,16.937538,15.506237,8.394395,10.898373,8.396080,1.835772,5.787578,-5.015943,-3.558930,9.696625,8.753897,-4.914096,11.222897,15.229809,9.133739,6.793147,8.082167,0.033141,6.976290,13.891722,13.126763,16.173717,26.421022,26.343508,14.700218,7.025067,8.173643,0.252988,10.189623,11.183600,-3.697600,-6.648214,10.508528,2.002723,-2.770794,7.694511,7.389532,-7.992306,4.635392,9.511825,4.485619,-3.969682,9.069010,9.235471,9.401366,9.886927,1.151046,5.132870,17.018272,15.836554,2.005664,18.002453,16.042723,15.632660,28.817644,28.087446,14.458580,11.132065,18.651333,13.200390,12.731308,12.699624,8.491755,6.640513,5.577665,2.909856,9.904684,12.795803,6.017309,4.790137,6.926277,3.200416,9.458110,10.932545,8.717924,5.928445,9.207729,11.425215,8.329280,-0.007263,0.619620,-5.851181,-0.848205,-2.394643,7.859054,15.333537,23.340694,21.507824,8.592469,10.779571,12.185731,1.702292,9.142998,11.029896,1.637033,8.725376,15.970526,8.490651,7.609060,14.609699,15.323402,10.803431,7.825242,5.109740,7.577197,11.611051,11.300569,13.188457,14.188803,13.467721,10.913285,12.257281,17.333422,10.994967,11.679192,11.431003,13.530580,15.486112,27.540264,26.282383,15.163475,1.703068,9.607559,11.866869,9.630898,11.782326,6.644026,2.673027,10.281525,11.933115,12.201332,14.287280,9.969677,2.408162,0.514003,9.280372,11.434486,5.401527,8.322582,1.740694,10.719824,13.497160,4.417042,8.319453,12.946880,9.339115,5.784117,7.148150,9.855959,5.795474,16.984262,9.924354,12.929148,11.555765,13.073426,13.221054,10.751782,13.123240,11.751558,6.606841,13.946148,14.864278,8.668157,9.548636,0.812982,2.394439,16.343996,16.155743,-0.165258,11.616314,14.463045,13.214894,16.601765,17.906925,14.344029,11.538162,12.851585,-3.163786,13.644484,18.061701,14.018085,12.425727,22.424744,18.452539,18.018772,11.776932,18.993999,17.805092,15.960693,10.687502,6.674184,5.200910,12.861705,17.035004,18.773869,17.910482,15.026768,13.479600,8.931812,12.433046,14.908968,12.405331,13.177202,13.423359,8.567651,-1.503323,7.203122,7.231528,-4.334641,-16.533276,-8.427618,-5.091707,5.701144,9.546826,15.101018
[0;32mI (8820) ANALISIS_ESPECTRO: Frame exportado | t=8.16 s | pico=1000.0 Hz | 50.0 dB[0m
SPECTRUM_FRAME,9.185225,1000.000000,51.310696,hann,512,19.385065,9.948602,36.888992,45.694191,41.932999,23.115492,32.739834,31.742359,17.928955,30.046968,30.752171,18.750662,25.979973,29.643385,20.332542,18.614986,24.541763,18.492252,20.028477,27.785507,23.471737,22.514584,32.088303,30.060263,19.257812,28.778233,29.337795,16.652170,28.144426,31.901676,21.808088,23.780148,30.264074,22.988754,23.950968,32.007015,27.462704,20.372311,30.314636,28.465790,17.760246,25.372116,25.944473,17.778294,24.320202,26.751862,18.252382,17.823185,21.512182,10.416103,17.651598,27.014751,22.645435,7.827402,20.671143,20.952419,6.308895,27.111074,25.967875,22.039835,38.836342,41.118980,32.724976,46.529888,51.310696,43.962990,33.413128,40.375381,35.484592,22.699623,33.467987,30.638905,18.418861,29.515568,29.369184,15.383284,20.585058,24.040379,16.474903,14.960088,16.792473,6.057397,11.567658,20.847534,16.120409,16.524027,26.742252,23.866301,6.197381,17.520597,18.001179,6.135521,16.437824,18.443647,6.889925,13.784296,18.725899,11.477952,15.139385,20.758942,17.381826,17.044628,21.933077,17.472473,0.343628,9.721649,10.171949,-12.642708,17.554310,18.619328,7.696795,11.017590,11.621120,-1.574685,6.341800,16.495071,8.493208,6.571915,15.384249,13.585674,15.479627,24.942942,24.125923,10.241077,25.729311,25.590496,22.830326,43.342415,46.841434,38.127415,24.620363,29.485683,21.842384,19.362366,25.533400,21.666605,12.089851,16.004932,14.476977,9.792006,9.182644,12.758931,1.309901,8.085094,13.040061,3.379550,-1.271768,6.082827,5.594926,11.372349,16.705021,12.717173,7.283902,15.688566,14.722544,6.676309,14.363369,13.563194,-7.252426,-1.510007,4.304998,-10.358945,6.405851,13.474178,6.416869,8.875755,14.868748,6.261148,9.372903,9.250476,5.012912,4.232150,11.133379,9.978378,2.636378,-3.650836,7.899191,6.343659,-2.933314,-3.189848,0.634591,4.819738,14.559817,8.673962,0.085534,8.980981,6.827029,7.225656,18.405226,18.665825,21.237507,40.225204,42.363617,32.405895,20.070271,18.905935,18.526508,12.453012,18.306454,13.293185,7.254997,12.506989,9.821443,-0.846866,12.592085,14.608042,6.624268,-5.519950,1.061241,-3.087420,2.804381,5.543341,4.630147,5.436085,8.823493,-0.373904,-7.938845,4.360428,6.965430,1.276113,6.485101,7.635462,6.587497,6.012762,7.123967,5.499125,6.081083,8.657460,1.434612,-10.488013,1.496822,3.203619,2.082330,5.411701,4.558545,-1.576749,9.388260,4.211615,1.957956,9.266245,14.070576,8.083316,10.252111,12.734999,3.633242,6.244226,1.205050,3.098190,-7.041416,9.204772,8.432528,11.607105,14.176369,16.245255,22.397308,38.534897,39.749252,30.036919,18.765852,15.736368,-4.437053,2.245147,9.218408,7.616516,4.524278,16.494947,12.540893,-0.024561,9.088352,9.829935,-2.133801,8.199711,9.521314,-8.664293,-0.621581,8.784257,8.141235,9.401453,13.979865,10.411745,4.102726,12.825415,12.939354,9.138867,4.746902,-4.502284,-0.945695,2.527361,-1.335976,-6.730519,4.220713,8.602196,5.363612,1.490844,7.788084,-1.091664,1.708739,4.288932,-8.250266,4.985489,7.272756,2.803124,-13.118796,11.176796,10.032949,1.091223,4.763797,1.081945,7.230368,9.835535,10.719412,11.054851,11.348046,13.450102,12.986353,12.104243,20.048141,20.294172,19.568350,35.839523,35.888599,26.479233,20.095186,18.100927,14.256310,14.105893,15.184494,13.366465,11.948866,12.016340,6.667731,2.752810,-1.529276,-3.671893,-1.998616,3.225945,-1.073339,-2.190522,-6.813768,-4.893477,-0.256255,4.279189,12.045923,1.919966,-6.818543,3.869410,-5.917321,1.439882,6.948558,8.802460,5.263739,-7.181559,-5.692824,-5.953835,4.914801,9.706198,7.428024,9.490642,8.626342,1.234321,2.541713,-8.206342,3.818923,12.596594,15.163455,9.161846,-9.845868,9.687716,7.991836,4.027430,7.640793,7.390959,4.987796,-1.827705,-4.993398,1.029941,4.043679,10.555904,6.481006,4.818756,12.606995,12.000489,20.792591,33.165909,33.036110,28.162148,21.773817,9.879063,13.914310,15.120548,15.415075,8.930201,10.942365,16.370388,8.869800,-6.538348,9.696549,5.384417,2.273838,7.074956,8.432970,6.573421,4.195128,7.816029,9.532362,0.691795,13.515616,11.311402,-8.962718,8.055063,11.188816,-18.780750,11.989176,8.192439,3.388389,6.339799,6.659743,3.849735,4.713359,2.126624,-6.391002,4.410290,0.437447,6.515033,12.714466,7.822521,1.811689,14.196720,16.682642,8.959889,0.400506,3.132635,0.693205,7.042476,7.017151,8.324501,8.695486,4.210254,13.068136,11.569867,3.099404,10.389530,11.082768,6.400008,17.510511,14.631790,23.284554,33.365814,32.675251,29.597210,23.702442,-0.426678,10.760230,9.776754,7.556484,5.268307,7.702243,10.051579,10.493722,8.329419,-1.870664,7.395704,11.896520,15.668409,12.367083,6.049212,9.987028,0.545040,13.237399,15.903367,14.740555,12.451460,3.277948,-1.031404,4.156816,-6.089632,13.866999,12.960967,3.664636,9.476506,10.275178,3.156853,10.561592,9.670803,2.607174,-2.128355,0.473226,7.792456,12.059990,10.341141,14.693073,21.240833,21.167538,10.790134,8.017233,12.317297,-0.150343,12.438997,8.208721,7.309471,7.762740,3.257735,7.616895,-7.598911,8.384338,11.473083,12.431076,13.816513,15.229711,15.943815,20.276127,30.644382
[0;32mI (9840) ANALISIS_ESPECTRO: Frame exportado | t=9.19 s | pico=1000.0 Hz | 51.3 dB[0m
SPECTRUM_FRAME,10.207580,1000.000000,51.384567,hann,512,20.605642,13.033031,37.441727,46.092125,42.403240,24.704025,30.239227,29.115725,9.372031,24.954317,26.423450,16.688171,23.387592,27.113962,17.347874,6.441048,16.321932,8.502237,17.269703,26.193438,20.877457,17.150970,29.447248,28.136974,17.115694,24.772194,25.328131,16.380751,25.134453,27.413643,18.785305,19.151413,23.694427,16.563354,14.497214,22.161007,18.100613,5.575799,13.754992,11.274408,7.987585,18.168577,16.142956,-2.615672,6.476474,13.401009,6.931827,9.258467,13.609907,6.510272,16.683031,23.755474,19.917801,13.571420,17.718863,15.046053,6.336889,27.344530,26.305639,20.829605,39.247955,41.527519,32.439610,46.587601,51.384567,44.060482,33.572002,41.045380,35.995010,20.555927,31.112488,28.398468,14.927783,27.101460,26.996647,11.121949,14.307320,18.410223,-1.859064,11.055737,12.414154,-4.697261,17.046041,23.521769,17.007425,18.740108,27.662090,24.664345,15.392847,22.862507,21.910885,12.082973,24.592701,25.570381,17.036894,21.696844,24.689133,16.106764,16.728088,23.068430,17.124046,7.592216,17.018909,13.583980,13.196630,23.006447,20.724306,8.896997,18.610886,19.304777,6.002288,12.499022,17.155708,7.952075,9.952452,16.948023,10.615844,11.027382,18.377741,13.168451,15.345287,26.466055,25.786652,6.693728,25.375381,25.814646,20.984173,43.167339,46.605827,38.003574,22.293987,29.541264,21.062672,17.666317,22.593254,19.794743,14.877346,21.324692,19.372278,5.758143,18.374153,20.744350,13.743549,12.121761,14.308634,9.644197,-3.889956,9.369026,6.031934,2.806078,-2.472344,1.365691,4.654843,4.226835,6.427705,12.351428,17.367182,17.450912,12.284880,8.118783,7.995181,-2.472112,1.067400,6.537528,-5.138904,0.813044,10.386236,6.056334,12.515355,17.975386,13.431788,4.656579,14.676687,13.516062,4.248408,11.684203,12.095723,-1.070751,0.641731,5.735974,4.739103,5.977371,12.447639,6.996370,7.054818,15.720149,14.597261,4.535824,17.483919,19.553411,21.331236,40.173336,42.333736,32.984276,14.193273,16.576897,15.070323,13.173623,17.226404,11.272127,6.207280,5.828168,-1.260297,1.642699,15.934134,16.953762,9.726030,3.412864,4.240222,8.372001,9.798411,9.937700,6.215979,12.194773,14.859398,8.166231,4.787712,10.534237,6.758433,9.019373,16.189976,15.630173,10.027328,12.556048,12.004348,-7.811852,9.543186,14.583249,4.426388,-7.583619,5.973098,0.747710,5.884041,11.769643,8.293867,3.447480,12.314741,13.242395,7.404790,8.586990,8.676023,-0.833553,5.740270,11.849083,5.975998,10.959581,12.375487,11.519968,8.694553,8.481337,10.042392,13.354068,17.193754,14.662913,24.198940,38.598961,39.733284,30.679142,20.216024,17.060032,-11.351823,8.167372,10.811244,7.515942,11.018009,16.162798,12.037826,-8.746196,5.862317,9.377180,-4.734406,12.215456,12.473856,5.625355,6.569283,4.040853,8.720930,13.066210,10.822811,8.696799,9.406581,9.549261,10.648928,7.884376,2.897106,0.188493,4.458651,4.456279,9.215523,5.777359,5.218497,-0.509032,5.171795,8.246749,5.607275,3.143657,5.136838,6.848950,7.245465,-9.640462,4.283974,-19.642742,-2.049908,9.553549,11.053858,7.280166,6.990002,7.867049,0.670608,7.998332,10.779128,4.777480,11.981121,17.151415,12.068228,9.568914,19.090332,17.715042,19.890007,35.334011,35.615089,26.439276,16.335121,16.885021,16.565968,15.779361,14.187872,15.118687,13.877168,9.707764,9.915429,5.041924,7.072620,7.223335,4.489213,13.119308,14.247073,11.576027,7.956820,-2.110065,5.263040,10.893394,6.729184,2.971816,-4.683471,-2.554846,-1.168952,8.580996,13.994446,10.837407,1.444574,11.967976,12.614303,0.209719,0.062394,4.361092,-6.147119,0.642873,-5.231753,-0.011663,-9.955908,0.174746,-5.213377,4.413839,9.691927,7.763531,-0.451257,4.526127,5.343978,5.343898,-2.009057,0.141524,0.512514,3.244364,-10.097784,4.468588,12.283497,15.930822,10.852555,2.939688,4.208037,8.183835,21.631420,33.517090,33.594837,27.705673,18.693214,6.902268,17.132668,19.260551,18.470066,14.083162,12.250702,13.601631,7.445498,-0.435134,2.257714,4.417434,5.436367,9.072994,8.581244,8.282862,9.685262,12.667410,15.110577,14.294234,10.796309,8.856123,6.987411,2.170924,6.929178,6.774091,9.846117,-2.060427,1.936583,4.126465,5.723767,4.581168,10.477369,13.181412,10.329065,13.222225,13.921002,7.229935,-2.181671,-2.780859,0.473166,10.951673,15.507338,11.454947,7.354259,10.579943,13.532018,10.746675,9.562421,8.620325,5.576216,7.472320,11.950154,3.524326,9.694760,9.191458,11.000736,12.826500,12.128506,12.571720,21.441881,32.148670,31.832531,28.069210,21.039795,14.440655,15.844604,14.454309,11.855062,9.925424,4.278187,11.598588,11.455974,1.146443,11.308869,10.927916,3.848403,12.746382,14.919811,5.018437,5.244246,10.294700,12.576264,7.342105,11.027193,9.220215,11.794485,12.339235,11.460938,11.105637,15.649177,12.938809,3.320025,7.424036,8.367578,4.607611,5.081806,2.123405,9.136616,7.221324,5.866423,7.420871,13.319885,9.757361,5.096172,17.378416,20.266975,12.712964,9.107662,10.424910,2.877445,4.377451,0.042110,1.350370,4.810562,6.336129,8.834323,3.685779,11.311193,16.422161,17.140501,19.155598,19.543903,13.206573,19.709646,29.913008
[0;32mI (10860) ANALISIS_ESPECTRO: Frame exportado | t=10.21 s | pico=1000.0 Hz | 51.4 dB[0m
SPECTRUM_FRAME,11.229943,1000.000000,49.389206,hann,512,7.095916,19.539295,35.554726,44.811783,41.087456,23.703403,30.017014,29.018337,14.034377,27.299711,28.504267,14.453397,23.969780,28.239164,17.065010,20.523529,26.199608,17.328972,17.309029,24.753618,17.037098,16.180141,28.781803,26.265923,12.728231,29.953241,30.865173,19.997126,34.106163,37.131363,26.735859,37.158779,42.004311,35.363194,25.339207,32.389893,28.576912,15.191517,27.818575,24.512140,8.401651,25.630859,25.482288,12.340343,22.813265,26.205502,15.292862,19.323790,25.317032,15.966087,21.008068,28.617798,21.568804,11.796454,24.986721,23.286163,8.039990,20.412491,19.878323,19.417822,37.502857,40.169823,29.818245,44.780693,49.389206,41.431046,32.111240,39.874199,34.807697,25.086006,33.275524,29.521254,17.541056,27.152821,26.840733,15.760365,20.056824,21.157351,9.469687,16.882561,18.918238,9.572032,14.844578,21.087795,10.954931,14.138439,23.869570,20.030056,16.404520,23.203060,22.035418,17.183832,31.604130,33.556679,21.657866,36.075825,39.142021,31.354597,22.042400,26.122637,23.497055,12.964530,24.075611,17.895126,9.033174,21.128780,19.147264,9.101809,19.251476,19.710829,9.888224,12.384830,13.096727,0.041431,17.393528,20.590954,9.277538,8.845772,17.451899,16.567266,8.865025,25.273449,21.750771,5.544872,16.174448,23.362196,4.690288,40.050236,42.830956,33.149418,8.601226,19.518002,17.669985,22.936848,27.358534,22.481552,17.562012,18.235701,18.013775,11.064801,14.730585,13.040694,2.167425,15.667055,17.825111,9.674017,10.958063,15.798792,9.542541,12.295922,18.799990,13.841211,15.024216,24.250992,21.269360,0.043650,20.957022,20.610012,14.702045,36.345619,38.182457,28.576241,13.962955,22.149483,16.541460,16.852579,23.693008,18.476831,9.409981,8.498033,9.458712,-2.683417,15.302189,13.400896,1.493531,12.894979,15.899282,4.794812,12.592712,15.558147,7.890533,0.465275,8.454659,8.362288,6.371846,19.353489,8.939279,7.341928,13.085737,13.830622,14.624237,36.334354,37.658157,27.037020,13.481684,11.857300,7.827194,10.872785,9.224617,7.663762,1.591566,11.744308,9.001218,0.043433,14.076080,11.304771,6.123693,-1.560872,3.861483,6.112179,3.615577,-3.047513,-2.017150,16.984493,20.427162,14.445812,-4.761020,8.094900,8.870028,8.856510,9.589641,19.483009,13.608282,33.737694,34.267746,24.301939,16.050617,13.968645,7.058176,9.992574,16.579174,11.677164,5.196402,14.508028,6.993112,8.384554,15.348329,12.364307,-3.023423,-0.014044,-3.437109,-1.296262,10.005793,10.603626,4.388438,1.286105,6.977483,10.861368,-3.232092,11.624793,-1.642833,10.628429,15.490065,9.015022,15.236965,31.290081,31.404688,16.849857,17.539524,16.307304,7.912369,11.116680,7.248811,6.634477,8.016818,11.136644,10.608672,5.294212,9.537605,9.941360,7.165779,3.703526,9.091648,4.014596,2.476529,0.986526,6.816742,14.827933,11.769309,4.951797,7.780704,14.157879,1.245327,16.931353,20.891491,13.809507,20.434532,33.308369,32.906208,18.910563,20.169674,21.995840,10.932871,3.900846,12.453605,11.182389,5.305817,8.690289,4.487284,5.622135,10.049326,7.658860,-1.180531,13.191473,8.742881,1.039156,6.745175,8.727518,2.629489,3.885565,7.744913,-7.215793,9.211336,15.995518,10.540392,10.303003,12.555424,14.505421,8.874981,24.517941,22.841293,11.866332,15.929668,8.573400,5.153983,8.865473,10.662948,7.506009,-0.509774,-11.829191,-3.477333,0.092240,9.811556,9.690162,2.052904,5.506415,2.792989,4.413690,9.997190,5.369243,3.382465,10.962640,8.070442,7.976309,9.222978,4.828261,9.780634,13.990369,16.769011,17.162710,16.680901,28.775089,26.646765,9.154858,20.961752,17.937569,9.628555,18.285433,17.021118,6.396040,11.738276,14.919050,9.463011,4.930200,4.420801,-12.201088,-3.611043,6.912418,2.315637,-0.466179,2.294307,9.583622,4.077141,2.746665,6.035317,7.765860,6.375996,0.659435,-12.510462,4.077124,11.652147,-6.560292,14.477388,22.676313,18.397514,0.902130,1.866600,11.236610,-0.201332,4.584302,5.334349,3.570427,-3.378797,0.236795,4.428985,8.270692,8.816690,10.661250,5.716210,10.416312,8.369726,3.713490,4.659551,2.807977,9.085248,14.597550,10.925268,5.192311,8.383867,5.119547,7.753624,13.560665,15.287148,13.416859,19.476931,27.345486,24.015335,15.590353,18.403261,13.818777,4.004717,-17.631189,-1.229871,-4.972037,-4.819823,2.667237,5.700636,12.639604,17.435278,9.949520,-11.973609,2.470959,-5.888186,-0.290494,-18.280537,-8.814963,6.185900,4.308110,6.791690,4.215959,2.983927,4.191614,6.057579,9.115366,8.089629,9.026619,11.658175,9.597648,3.451885,10.383605,11.421308,12.751640,11.002574,-2.445035,4.872181,10.230565,4.717467,8.752528,3.990537,11.227784,5.157735,3.174749,-1.410892,13.918451,15.704340,-14.825133,6.374695,9.513617,15.983757,15.729407,0.972868,6.696195,1.831934,-0.916784,8.447694,11.588329,10.410496,3.502644,17.005760,22.367435,17.079498,18.879314,19.109932,11.055623,14.934113,12.407112,12.719145,14.580328,16.553514,14.202164,3.018856,19.777857,20.666161,6.885782,-0.439505,10.651602,13.768539,2.763876,6.283756,8.553659,6.451501,8.863075,3.495252,10.291826,8.697128,6.803002,7.016189,14.274309,13.465878,0.218413,14.083893,17.452085
[0;32mI (11880) ANALISIS_ESPECTRO: Frame exportado | t=11.23 s | pico=1000.0 Hz | 49.4 dB[0m
SPECTRUM_FRAME,12.252302,1000.000000,48.654663,hann,512,3.907058,19.323124,33.391090,43.345711,40.166046,23.920254,28.412041,27.226414,17.195574,28.162006,28.829029,14.408407,27.263224,29.597855,21.326237,12.570515,21.581299,15.647282,17.681938,26.475765,20.411991,22.120804,30.724714,27.405533,11.642041,25.140327,25.011580,9.307873,27.364065,30.873760,19.258831,36.533768,41.746117,35.933407,26.466787,31.742916,28.486874,19.856792,26.709953,26.041014,14.528026,26.678877,28.100811,20.143412,19.704935,22.672009,14.466564,13.654510,19.290089,12.834646,18.494982,27.576832,24.936399,18.056267,25.344604,22.830057,0.600672,15.161780,18.688824,21.405203,36.445065,38.317745,25.659582,44.030170,48.654663,40.314388,27.175289,37.580105,33.231644,18.902645,28.154209,25.201607,12.811752,24.246666,24.464058,3.965289,20.894028,21.122421,12.338184,2.710664,14.770605,12.076565,18.181408,24.514181,18.837376,17.673710,25.730663,20.496513,16.016804,26.504158,25.786572,13.607199,31.078241,32.265202,15.033058,35.162094,39.486629,31.772423,21.447428,29.786188,26.086601,20.115131,26.105061,24.459734,6.859417,7.134284,2.437889,7.566974,9.834681,13.399853,4.204908,8.992430,8.970706,10.479053,6.305101,4.511629,13.663440,17.278913,15.386056,13.795952,16.742664,19.035381,9.817243,11.119745,10.207356,11.061097,19.240934,39.437431,42.331963,31.928663,22.108784,20.811691,21.064724,0.113865,20.940113,16.832331,6.504392,16.184067,17.346893,6.698263,22.055164,21.369410,4.210535,13.687797,16.205236,10.329618,10.499123,15.266739,14.012727,-0.274018,13.461090,7.085896,10.445126,22.140324,18.667900,13.174701,18.592413,19.464657,17.055038,35.992306,39.028503,29.121817,19.902971,22.090725,21.091721,18.369614,18.140886,16.713488,12.344867,21.731430,20.847279,13.409291,17.156143,19.083035,10.920654,14.860428,11.864794,10.159277,14.246612,18.155058,14.359550,7.181190,10.900382,15.955367,14.506117,15.229396,12.860230,12.638374,15.036613,16.484638,20.098249,34.992882,36.107719,22.248640,19.134052,15.566311,13.564732,6.584709,4.663663,6.681752,4.576621,3.045242,11.300426,2.452620,17.920776,12.321786,-10.000358,9.989391,15.195885,14.462292,14.115610,14.273073,4.380232,7.828899,9.137999,2.831004,-10.052551,6.685474,11.849941,17.870977,22.166164,21.274426,15.463789,33.461681,35.534027,22.144024,19.985077,7.587488,12.750274,19.172039,21.197412,17.099880,15.046891,18.470684,17.146534,9.390388,6.264466,8.262532,5.611657,10.938500,1.675238,8.510865,12.871582,14.278589,11.035114,7.915582,-0.725364,6.641649,11.361362,11.267206,11.021820,11.672033,19.714182,18.043266,18.171377,29.624245,28.597046,14.875481,20.698282,17.182289,5.329585,7.659026,13.030037,13.459269,12.619361,16.201546,10.506254,7.092008,17.574947,15.637987,1.788373,15.218554,16.640375,13.133870,14.542718,14.128890,6.122376,11.966320,14.574977,4.433629,4.480697,9.413276,11.645388,14.312267,21.750217,19.491074,19.624689,33.115959,33.274029,18.507359,23.039991,18.639242,8.862503,14.099119,15.066149,14.617877,13.703482,15.662573,13.226812,7.533267,5.866441,4.225502,9.896203,12.341266,6.623676,11.156958,11.735994,9.817835,5.636183,7.951379,2.772097,9.419903,14.196785,12.530098,-7.381163,15.703642,17.932770,15.844012,12.219068,21.228756,15.811672,14.890783,15.086119,13.249145,3.922308,11.184859,12.442656,7.941144,11.748735,11.244797,8.982764,9.032919,13.388543,-3.364440,0.019742,11.531753,11.205563,11.960819,14.268126,10.949840,-6.244413,-1.012769,-4.871306,-2.138106,7.115957,11.832230,13.411739,16.574793,21.305332,19.336966,16.962042,28.904516,27.859245,13.987347,20.214218,11.857724,14.311324,19.598579,16.358543,6.567118,10.290326,14.854891,14.181862,7.068492,14.519668,14.393092,-18.465284,7.484832,7.651293,3.010696,8.259601,-1.767214,1.486364,6.679418,-1.385453,11.313854,15.618946,16.991295,7.028268,9.069075,4.888753,-4.964254,14.545102,23.202271,16.571920,14.407559,13.197907,9.806164,11.241970,10.582747,9.530201,14.815407,15.447657,11.237473,3.040204,7.916891,11.008091,-7.538216,7.049813,11.453609,13.273252,12.405504,12.769900,11.959641,3.230822,4.893402,-4.315591,-2.134521,-0.834983,1.366386,12.718096,14.334942,18.091408,14.214448,19.219170,27.816038,24.240562,18.642130,16.373371,2.617729,14.665557,18.185204,17.971758,10.932937,4.848888,7.669284,9.221557,13.824988,16.053171,1.063430,12.127532,13.224403,11.489515,14.449976,13.298797,8.245381,8.184227,12.664402,4.736968,10.576587,14.022759,12.434855,8.040682,18.412256,15.783843,12.948495,14.206923,19.603668,13.698659,15.469032,11.888041,8.838099,5.478578,13.066426,13.814444,4.352350,8.790807,-2.363653,-1.967474,6.054124,11.585130,7.201441,10.297928,15.707206,14.734247,12.772670,14.323509,12.705976,10.769896,14.840985,15.015940,5.588667,1.997032,14.972692,17.888092,19.401211,20.923195,14.022320,11.935579,22.694685,18.271538,20.550388,18.671909,-5.410247,19.488235,19.445036,15.342484,3.232247,5.667801,10.754628,12.985936,18.874315,19.167143,4.127888,9.658032,12.672037,10.728031,10.336801,4.748287,-6.396102,1.935392,6.361098,7.383752,8.988151,14.447113,14.135852,-0.666500,9.147234,11.307678,1.682416,13.245993,19.307043
[0;32mI (12910) ANALISIS_ESPECTRO: Frame exportado | t=12.25 s | pico=1000.0 Hz | 48.7 dB[0m
SPECTRUM_FRAME,13.274665,500.000000,44.402168,hann,512,-1.478388,16.596169,31.007149,40.339603,36.577377,21.079847,28.836679,26.831921,11.605080,27.747717,28.527403,14.614288,23.343384,27.003979,17.889769,2.370690,14.380997,10.425833,17.733585,25.984411,22.421471,14.888966,28.504738,27.750664,17.265026,25.897087,28.344156,24.308510,36.914711,39.214493,28.908615,39.945045,44.402168,37.022587,28.078022,37.251717,32.003605,19.353687,29.125862,27.296131,10.678744,27.715538,28.511852,14.749727,24.068073,26.895287,17.577335,14.081379,20.681097,9.525418,20.386223,25.308567,21.270905,17.443388,27.477358,25.620192,17.721064,22.310143,23.310041,23.364792,33.378757,34.260487,24.242327,37.869583,40.802071,31.681305,22.439699,31.017159,23.725367,24.523838,29.107197,25.312994,12.702770,26.438768,25.754292,8.427720,22.678951,23.985416,13.256965,17.131264,20.037563,-4.215081,20.766294,23.418507,17.975445,17.105970,24.931814,21.397308,16.520645,14.440262,10.539942,20.097984,27.438950,27.647650,24.088556,35.644665,37.120560,25.802177,22.162657,26.446869,15.720072,25.092619,26.708164,20.234417,11.530866,22.743744,19.667204,11.640385,19.832195,19.557913,10.224629,15.661339,15.855701,6.751592,19.465755,20.556656,13.153528,18.652699,23.143299,16.261599,16.527107,12.659670,9.802518,15.779295,21.068401,22.515491,24.124945,32.822372,32.976543,20.726278,19.578732,20.898823,12.224777,23.377090,23.021593,13.002287,8.399600,16.281677,11.193524,12.683338,16.963675,16.212893,9.345829,11.435421,9.844669,8.920706,16.709764,16.874939,11.287031,18.244593,20.471888,11.337891,16.080530,13.068804,9.646787,4.556983,14.639618,19.592438,21.712019,28.881214,28.055893,18.812241,17.328526,12.368801,11.238194,19.918440,17.900669,2.729993,8.926297,10.160610,7.582571,11.889503,16.363680,13.872057,6.939344,4.204405,-2.624885,6.914960,9.093919,10.908115,11.303307,14.826389,15.964228,7.041523,14.250326,10.717005,0.455675,3.102190,10.566185,15.022611,18.082830,23.869459,21.398155,18.015938,16.834427,8.950016,5.260648,14.735097,12.073172,7.342029,11.258379,7.502226,5.552425,12.008925,14.065547,6.992157,3.829739,-4.825896,0.173198,2.729692,4.497405,10.886765,11.301326,9.956635,11.692327,3.114752,9.012339,5.786686,-2.105937,8.059019,9.383310,11.790108,13.916815,17.520876,13.364416,16.168324,15.619253,9.368454,-2.009103,4.891674,-5.908660,8.888074,10.609317,10.841460,9.398073,10.815912,13.841717,6.816178,1.655588,-3.489298,-2.683270,2.144903,1.096680,5.671371,4.748258,2.497677,7.186705,-9.549011,5.917261,6.673103,4.322005,8.846704,6.911185,9.423868,10.170732,11.167757,9.323585,13.227564,12.332748,6.279086,5.024166,3.797745,-4.272971,-1.484583,6.169860,9.265964,6.613897,6.485373,10.822411,3.716259,3.403299,-12.651388,4.848507,6.399498,3.889594,5.099308,2.245551,7.607367,9.976015,5.306160,6.260213,10.771221,10.679937,6.100626,-6.339594,6.030206,7.210556,7.388144,9.140177,10.340414,9.660379,7.509737,8.157885,2.874116,-2.163963,-2.430621,-9.314967,1.740888,1.412711,1.305193,4.731717,-4.313125,4.155590,-0.216058,-9.987826,1.560259,5.607375,4.485616,3.591280,5.402422,6.668286,6.422035,6.724208,10.213718,11.349535,4.409316,1.053093,5.037069,4.207845,6.262082,7.554116,8.617664,3.259143,6.423719,9.850288,6.206930,-2.591078,-5.718937,-14.231512,3.078181,3.614542,3.353659,5.859931,4.588027,4.729282,5.443640,3.765306,-2.815358,5.877879,-1.331971,2.499655,4.125071,5.596778,8.060715,9.241048,10.295716,9.307929,-7.594181,9.473791,8.276694,5.706467,8.005557,7.248228,8.074261,-3.456716,2.324106,6.033152,2.904167,-15.491083,4.016953,4.324412,3.869757,5.443254,4.158168,2.012043,2.756045,0.799279,6.402309,6.036291,-5.253530,8.128334,-4.953071,5.195161,3.432696,1.595369,9.157173,9.603764,9.011001,7.234132,2.725642,10.316691,6.252547,1.013196,7.196469,10.417229,11.313096,1.400432,-1.436101,7.320178,5.278771,-6.671022,2.578254,1.937968,-3.825455,-7.092127,-9.733205,-7.875444,-2.392517,3.571795,5.514483,0.581137,2.479737,7.642745,-17.312038,5.349291,-1.481438,6.462390,11.387124,9.000338,3.726832,-2.244172,9.222079,10.712833,5.253201,6.178316,7.294669,10.390019,9.817214,4.386301,-12.775249,4.843559,5.724968,5.285075,4.902230,0.362470,-18.178530,0.443474,-6.538352,3.505511,3.285209,3.143515,4.714238,2.741754,0.872703,7.145001,2.596074,0.688737,0.827955,1.616800,6.424295,5.791686,4.866696,-5.768316,8.830458,9.536376,6.749594,7.521634,8.135037,10.734392,-0.812471,2.237749,-15.956581,4.010584,7.981494,4.327541,6.330218,4.348196,0.797545,-3.192904,6.809488,11.282969,5.269975,-1.931697,-10.572546,2.709955,-14.674273,3.198866,7.937567,8.808779,8.444208,9.208739,4.302035,-2.358056,-5.365484,-5.320886,8.318866,7.966421,2.551418,0.867121,2.985470,10.019017,3.538367,-7.768178,4.414962,6.652498,4.784064,5.890957,6.929780,-3.530747,6.862422,4.497808,9.991282,14.858311,9.461363,4.878330,4.774506,-4.969366,1.825230,-2.560136,1.881814,11.305193,8.507117,-0.517965,-9.625822,-4.784883,6.004772,7.024548,9.463641,10.914312,8.443958,3.090237,-0.473535
[0;32mI (13920) ANALISIS_ESPECTRO: Frame exportado | t=13.27 s | pico=500.0 Hz | 44.4 dB[0m
SPECTRUM_FRAME,14.297035,500.000000,44.561745,hann,512,13.805142,7.668560,32.524017,41.294247,37.749416,16.295715,25.041645,23.571957,15.405211,23.051453,23.468971,8.567709,25.420834,28.702295,20.237104,24.569883,30.469780,24.749229,17.675735,26.750841,23.874426,5.011072,17.224150,16.574726,14.131941,26.941109,28.002069,1.473738,36.977158,39.977100,30.581547,39.427773,44.561745,38.156876,30.655743,38.801392,34.608883,19.313982,26.205330,23.843452,12.548971,24.964573,25.623186,14.222383,22.121185,25.968382,18.362959,20.338106,26.608158,20.920763,14.615360,23.408823,20.766071,10.747982,23.229197,21.861023,11.383820,28.058538,28.686829,8.106170,32.207268,34.862194,24.731886,36.071632,40.588417,33.534298,25.740223,33.401985,28.499027,17.516148,24.682152,21.686024,1.767436,17.815062,19.176331,12.633575,1.173089,12.674212,10.092019,10.756697,18.586956,13.466760,10.303820,18.650854,16.734293,-2.398044,17.948467,17.385252,6.960509,24.351732,24.460785,9.273623,25.078009,27.706718,15.132503,32.658161,36.519222,28.584740,20.347158,27.438274,21.885416,14.957219,22.633549,19.160442,-1.491113,12.773543,13.175919,7.961962,14.924136,14.785067,-1.522584,13.062597,17.224152,11.167289,-12.672873,1.926539,7.381658,9.990431,10.397892,5.796176,4.879904,17.203327,17.157797,4.281264,19.187082,21.129190,-1.490887,29.376211,32.318295,23.292385,12.471312,18.199007,12.369801,12.519981,20.524618,16.976007,-1.527786,9.138939,10.674495,6.164345,13.315834,14.465792,0.308973,13.651153,17.505882,10.921936,4.221692,10.083613,3.931684,13.219145,16.881334,11.799328,8.555546,13.258973,10.535799,-0.780019,12.388066,13.481164,4.135046,26.284754,28.454741,18.170454,9.589073,13.371161,9.296994,1.517707,12.190348,9.071244,6.599463,13.454083,8.220095,4.205322,8.742420,7.675099,-5.406753,11.095090,13.617459,4.927273,2.955469,7.325738,1.809611,10.104580,14.196772,11.427108,8.335389,10.000246,4.056749,0.353502,7.729394,10.405889,1.137821,22.462509,24.072502,13.943150,-10.240633,-1.363484,-0.567134,-0.463202,1.813397,-3.322851,4.719444,13.934942,10.100903,-0.751830,5.934062,8.327168,5.328950,4.608340,3.706372,-6.816084,2.962046,3.051344,1.158577,5.054210,9.388064,6.099786,-0.232933,4.581503,3.158011,1.395307,7.482255,10.279380,0.932446,17.572823,19.005795,11.196437,7.021508,6.446451,-4.544422,-9.363651,-1.810987,-11.276096,4.631855,14.208938,10.793457,1.916920,10.470305,11.835308,4.124940,4.141379,5.208779,-1.878848,6.702081,2.179241,5.350080,9.042522,8.569992,-1.166942,2.310195,6.289443,3.103279,-0.934076,1.351226,7.703278,3.393493,16.569586,18.145906,10.806973,2.392303,6.080367,-0.444996,-0.502207,2.669950,-9.379369,4.516467,9.939121,5.131234,-14.558200,0.575696,8.793788,8.885067,-3.016484,2.623911,0.296321,-0.018688,-6.698794,-0.588067,0.874262,-0.250232,-7.516827,-4.591932,-0.624260,0.135122,-17.858889,8.280982,10.229411,-0.133827,16.142981,17.631418,10.595497,0.383677,5.149806,2.271708,-8.903089,0.232976,-4.692766,-3.188550,-16.089163,-3.026051,2.901345,7.491389,8.343337,5.887457,-7.419446,-0.188297,-0.525557,-2.437801,2.217191,1.718616,-3.387267,2.323411,1.779259,-0.363425,4.254332,4.533084,-9.002688,8.670147,8.308210,-2.098402,14.923749,16.044155,8.815957,-0.972427,1.957724,4.541255,-9.880062,2.584010,-8.172058,-11.612318,-7.255726,-7.041955,1.049334,6.474213,6.786449,4.482485,-27.194958,3.358185,5.457808,-5.432853,4.402604,-5.646966,3.989138,1.414703,-1.614457,3.769346,5.235559,-7.263779,-0.074431,7.287481,5.120114,-3.791790,13.228979,14.010971,6.684340,1.306376,-0.179058,4.623368,-12.247373,-0.280272,-5.238316,-3.403010,4.055277,2.595688,-0.502443,3.725348,4.343483,1.983287,-3.051743,6.319452,3.714092,1.655469,4.171869,-4.955289,4.632510,-6.720129,2.856610,4.682056,3.647145,-1.874522,-4.767325,3.768439,4.683300,-1.516192,11.020265,9.339761,4.418149,5.587344,6.467471,4.548575,-5.247095,1.274489,-2.655144,-5.040522,7.320949,7.372765,3.649055,-1.363094,2.111572,-1.400880,-2.024266,8.502388,6.304491,-2.148799,6.388172,5.730830,-0.713241,7.944930,6.366347,0.841123,7.044740,6.006591,3.552638,5.449748,5.220499,1.660529,10.602117,6.203594,3.657272,5.222242,9.293665,6.026781,-3.954055,-4.272834,0.122969,5.582171,12.008332,8.765676,-1.063224,2.992867,2.652771,-1.783115,6.602164,9.734131,5.108881,2.838327,8.186524,12.100763,9.430130,9.578766,8.197099,-0.584306,7.657619,6.302051,1.029193,9.179212,10.011754,-1.010791,9.385229,6.603782,5.071084,1.489262,8.376238,8.242103,5.630977,-1.859884,1.223502,7.706422,11.904663,10.207373,10.852859,11.756708,3.137442,8.419573,13.072174,11.192217,-1.069911,6.899684,10.376534,11.418940,8.613728,6.943592,-2.606837,3.118895,4.559733,-8.779179,-1.246725,9.812757,11.489346,5.770826,7.925994,7.176988,4.775085,0.956714,7.664564,9.704655,3.963354,-22.657635,-3.242398,4.780586,2.850613,8.959612,15.622782,16.046623,5.595760,8.306460,13.901152,12.939251,7.809897,-2.295315,10.687511,15.202469,13.939649,6.279774,4.330452,7.207961,1.138796,0.520975,1.288391,10.033010,9.500244,5.915492,5.790269
[0;32mI (14950) ANALISIS_ESPECTRO: Frame exportado | t=14.30 s | pico=500.0 Hz | 44.6 dB[0m
SPECTRUM_FRAME,15.319386,500.000000,43.549561,hann,512,1.119771,6.455753,31.482910,40.334354,36.929920,19.597088,30.729715,30.051136,17.036345,30.219437,31.012735,18.404295,25.611437,28.038773,17.918604,15.573664,16.284393,12.611393,18.637297,27.742027,25.596237,16.215937,29.860111,29.248898,14.873520,27.220270,29.588833,18.405937,35.590569,39.690041,32.593288,37.156647,43.549561,38.457005,24.997105,36.498116,33.771816,23.250406,30.841026,29.928152,15.892653,29.371130,30.406288,19.196444,23.902031,27.113625,18.217291,15.600480,19.948578,13.665280,18.182472,26.633137,24.550228,12.556344,26.965620,26.500757,15.528845,20.193521,25.213642,18.550636,30.260592,35.311256,29.762609,32.738846,39.798046,35.089890,11.427487,28.826303,26.540802,21.236393,29.433002,28.055037,7.366904,26.120548,27.691956,17.706984,20.530033,24.562305,17.289030,14.105095,20.348171,14.953093,15.747164,24.554840,22.665924,8.975524,23.732357,22.832155,13.774676,14.939789,15.965376,10.611201,24.019501,29.601120,25.421764,29.262045,36.325954,31.703321,11.222562,21.925220,19.988813,17.590088,27.154839,25.398148,3.015374,22.489845,24.055788,14.830388,17.584908,21.832235,15.970674,8.998251,18.421482,14.775481,11.168169,21.924442,20.810486,7.065874,22.041550,21.124882,13.186717,15.268813,7.331294,5.286450,16.912758,24.467295,22.562845,25.100176,32.583939,28.197979,14.302586,14.748870,14.321237,12.766652,24.342176,22.701197,4.881561,17.060488,19.763618,13.946577,11.541340,17.875689,14.476206,-24.795465,13.409456,12.462856,7.044340,18.861004,18.299776,4.474577,21.222620,19.764816,9.793650,11.819300,7.882590,1.481398,13.291703,20.146263,18.158615,22.062817,28.411657,23.035992,9.977386,11.952519,12.990108,-4.016846,19.386980,18.678003,5.554274,11.021929,14.821857,11.473645,6.228506,14.345264,11.006042,0.175659,7.276963,8.575974,3.810759,15.366317,14.938644,7.885272,19.943460,17.721636,7.229433,3.811310,2.915251,4.114160,1.686269,13.093359,13.584319,16.653931,22.364216,16.325224,10.340413,12.860838,12.305573,-2.311280,14.145391,12.650532,-10.094956,8.531666,12.834357,10.050219,5.473041,13.003334,7.796864,-2.507314,1.922849,5.300092,-4.592619,8.478592,10.188180,5.446303,16.330887,14.543668,5.998278,3.845207,-0.663843,-17.171343,1.519107,3.348510,-1.205281,11.128407,14.201458,3.647460,9.380948,12.219646,11.123176,3.133988,4.760089,4.890695,0.195017,7.243180,10.703305,7.868380,7.178487,10.599337,2.633041,-6.279806,-9.082113,-0.931452,3.031682,7.221541,6.581831,4.310429,13.824301,12.653350,3.105842,0.609613,1.252095,-8.031601,2.324028,2.121347,-4.129792,2.567829,6.710337,8.042729,9.281859,11.141918,8.000718,-4.711489,-1.914959,-2.213918,6.858461,3.586541,4.719225,4.773649,3.687961,4.800366,-8.672057,-2.586823,-4.535099,-0.667556,-0.484627,6.418184,5.572368,3.046201,11.297507,11.456526,6.756389,-6.783556,-1.484536,4.498081,9.933348,8.982779,6.736894,-1.843996,10.295621,11.514502,10.423630,8.886395,4.965486,1.663678,-2.779444,2.955207,4.199487,-3.548603,2.971909,-4.474905,2.972871,4.776665,-4.222188,5.188888,2.509143,0.941666,-0.170003,-6.334466,-7.259748,-5.678780,2.440315,4.870396,3.353331,4.745027,-0.352382,0.106028,9.260147,8.551821,4.229136,-0.651191,10.061807,8.291967,4.370358,2.963446,-1.749517,-3.299611,-0.605054,5.372281,6.719841,6.063019,6.438936,0.369201,4.748773,5.087355,-11.103974,1.216309,-0.586287,-0.226708,1.331726,-1.297206,-6.028442,-6.764115,1.477297,4.965091,-3.088808,4.665178,1.753076,-0.136872,6.675977,5.974816,1.779873,5.624254,11.602734,7.764721,2.940393,-0.228807,-2.728528,-17.730629,-0.139470,6.536437,6.870640,0.818018,5.029097,3.817629,-9.824339,-1.237328,-15.175942,2.488118,4.399928,2.921735,-7.926624,-3.249967,-3.183949,-2.556231,0.336501,-2.134197,-4.796756,-1.437978,-0.335279,-5.894315,7.934678,7.815874,0.332875,5.653263,9.974186,4.169744,0.935811,-1.540258,-1.020155,-5.459219,1.114830,7.323560,4.396312,-3.119195,5.882887,1.906457,-5.901394,0.753861,-8.763514,-3.127882,-0.469851,1.732664,1.349198,-4.869274,-9.172409,0.055805,-3.054205,-3.400390,-5.681386,5.556858,2.705729,-5.740607,2.206254,0.290935,0.976912,1.771011,9.412364,6.248500,4.824872,-3.652894,-0.449696,-3.115790,3.207782,8.720133,7.376055,-2.097480,-2.096973,0.690537,4.113273,3.656165,-5.180891,4.017034,6.176673,-4.662098,0.544370,3.334210,3.210259,0.032264,0.621849,1.740616,-11.942415,0.130541,-12.249676,-1.403339,-0.764268,6.377318,6.105999,2.490514,7.545498,5.721807,6.627259,5.972367,8.037838,4.478590,1.087514,1.745243,4.042595,6.389668,6.313171,1.223656,8.022424,10.548431,5.528781,5.963907,7.853850,2.147918,-0.778120,3.695583,3.425078,8.298001,8.557621,-0.285124,-6.001356,-2.371835,-0.165855,-5.740677,6.771605,6.953407,3.028655,-4.560977,-13.965567,-10.133890,6.501601,8.876446,5.907221,2.357481,-0.433236,-8.995315,-4.215332,6.733011,8.726532,8.985043,5.715012,6.341514,6.945056,4.469572,-11.070055,2.618298,7.067158,4.171606,2.590295,9.680987,7.207266,-0.148448,-5.272149,-3.241142,-16.233757,-0.413124,4.444871,2.991222,4.182393,2.627514
[0;32mI (15970) ANALISIS_ESPECTRO: Frame exportado | t=15.32 s | pico=500.0 Hz | 43.5 dB[0m
SPECTRUM_FRAME,16.341751,1000.000000,48.953365,hann,512,19.226137,16.922142,35.964203,44.382812,40.739197,13.939561,26.196138,25.164450,17.682875,29.202225,30.723989,18.557507,25.635738,29.133043,21.245481,21.255814,25.749645,20.961103,19.894699,28.468685,25.463522,17.890713,30.979168,29.485146,9.672229,25.687120,25.835175,14.123554,27.065685,29.613087,17.779518,31.543472,36.630589,29.291412,22.539589,29.103493,23.728285,17.075924,26.231941,24.252754,5.489653,26.300400,26.361864,6.319161,21.493225,23.526136,14.190035,18.981096,22.894629,18.581932,19.987938,28.050064,23.144703,17.488796,26.228165,22.170408,7.955679,14.879663,19.527693,18.410036,38.060040,40.621685,28.705256,44.493481,48.953365,41.523727,33.935005,40.090332,35.203686,17.960373,28.052322,25.523321,17.616560,29.140476,28.473495,9.665595,21.469379,22.997324,14.965841,16.361029,20.504702,13.448195,18.356853,25.100601,20.459330,19.260183,28.442200,25.544254,13.839301,27.009270,25.738449,10.818054,30.632227,32.293198,18.716011,31.078377,34.860226,26.625782,26.053188,31.731606,25.220118,15.193385,22.114412,18.294399,3.921338,10.385894,9.040195,-4.649148,12.381410,12.524024,-4.489597,6.935773,7.604467,8.760741,4.452986,17.302002,14.034443,0.027847,-5.537454,-4.737803,9.996141,22.683126,21.544918,11.737609,23.707508,26.191818,14.416100,39.005524,42.372948,33.413750,19.215242,22.655972,16.663792,17.578102,26.087778,22.271032,12.953559,23.132286,20.264904,2.496111,13.992247,13.968492,3.059289,11.026555,15.087365,7.325501,8.026083,10.393051,-0.940689,13.523742,19.070208,14.101774,15.190960,25.054941,22.517834,0.186075,16.284531,18.453724,17.175673,31.338232,33.732647,23.120407,12.984452,18.713051,10.977778,7.621198,6.109342,-1.798276,9.176284,20.004892,17.651690,5.296988,19.185596,18.049021,6.977697,13.549860,14.851694,6.910861,13.511877,16.170643,8.881687,7.936662,13.321281,6.352601,9.192164,17.185305,14.578602,-0.032370,8.022581,10.779987,17.450291,35.983006,38.017963,27.245333,13.734517,9.831436,8.234520,-1.325323,16.028763,14.145681,1.237962,11.066525,5.916398,2.895314,15.714307,15.760279,2.746526,11.220247,15.324741,6.257804,7.677162,11.334917,5.184480,3.442205,10.079709,3.087707,-8.058349,5.906930,8.120962,13.275286,19.670427,17.712473,17.845806,31.448605,32.473904,21.181610,17.132225,19.756685,6.838791,11.524572,13.698444,4.928146,10.249453,12.942530,6.414244,10.841417,14.617642,10.428799,0.845717,9.247404,10.267570,2.368603,10.797794,15.811738,11.578759,9.923484,12.564190,-0.053774,4.594424,8.997389,5.972257,5.553174,15.656425,11.867362,16.973083,30.656124,31.440485,19.494257,16.792368,18.834188,11.218029,8.190914,14.629057,11.412975,4.632495,11.921105,9.777923,4.351024,14.054621,12.572750,1.913582,11.337031,10.543771,-11.294451,11.882924,12.170504,2.710590,12.209044,16.022572,7.449915,10.401984,15.900369,11.370597,10.820353,21.891235,19.572351,16.842487,27.302580,27.295048,17.041285,19.462902,16.701887,9.158002,12.241373,3.784725,3.615694,3.540836,8.240662,7.372901,-0.259488,-4.313629,-5.987596,0.633473,11.802387,11.755035,5.231190,7.134134,12.320609,11.223861,9.367998,5.540752,1.659674,9.404582,12.916052,4.536163,7.142365,12.559317,8.604424,14.101484,25.323507,24.396860,8.680459,9.582006,15.200567,7.097221,7.463296,13.675291,11.027064,-2.734715,12.023922,9.062722,-2.593429,6.841226,1.860107,7.102678,7.985286,3.340483,9.571038,13.762149,14.046894,6.814100,1.944681,9.844684,6.369087,8.798694,11.644508,3.129533,-1.439523,11.298552,10.100286,16.468227,25.422596,23.333187,12.499634,2.676431,11.552567,11.587581,11.456814,12.260231,4.692862,9.967136,7.983088,-2.833725,8.135944,-0.370310,5.739152,-2.189844,7.051360,11.354889,7.886789,0.953716,11.276755,8.020949,3.253661,-10.060490,5.836564,8.323998,0.933376,12.329290,14.418760,13.882221,12.257599,16.228920,21.278389,16.783421,3.986335,10.939711,10.311532,-1.515792,4.002804,-4.099710,-17.760475,-5.053269,9.088851,9.307247,5.989833,11.037640,12.970162,3.529460,3.002742,4.171515,5.035119,3.895682,7.791741,7.071277,4.921648,6.693885,-1.461108,13.122334,19.324797,17.053421,9.974495,16.792803,15.299835,14.094380,15.961995,6.192520,16.171621,13.838709,12.822329,9.111883,4.336391,7.754240,9.821970,-0.299566,7.846070,3.935759,5.079744,10.368116,7.243597,0.869499,8.816961,5.851387,2.472102,7.428588,5.057568,6.949701,7.053301,7.474632,11.091291,7.084907,-8.676286,6.223819,5.796499,7.913708,2.574082,13.426769,17.995327,16.220768,13.727168,17.678474,16.821507,7.723112,10.557564,13.463638,7.072659,10.829692,16.841881,13.123243,-1.174862,9.273541,3.356886,4.556231,1.430987,10.675126,10.796764,3.053268,1.349234,7.023456,6.425957,11.597092,9.985455,7.168021,12.238846,11.274243,0.811162,7.608148,11.497047,8.401808,15.917010,12.812923,12.559607,11.761238,17.587412,12.725380,4.908504,15.661314,14.517308,6.853394,6.238906,9.870522,6.219129,3.380656,3.676769,-11.079500,5.854282,12.300070,11.609444,-2.882946,9.693462,8.052768,-1.930477,-0.056524,9.205156,9.729120,-5.519490,10.883255,15.189916,14.279905,13.571357,15.448600,13.665533
[0;32mI (17000) ANALISIS_ESPECTRO: Frame exportado | t=16.34 s | pico=1000.0 Hz | 49.0 dB[0m
SPECTRUM_FRAME,17.364111,1000.000000,48.938183,hann,512,21.500957,17.584866,36.208416,44.633324,41.042084,15.414898,31.259808,29.717730,5.172880,30.612776,31.370428,18.040638,27.244385,30.472656,23.359205,19.252087,26.238403,22.552162,19.162832,26.442310,23.295437,19.925552,31.068020,29.585257,6.588344,30.890619,31.609037,12.497314,33.817406,36.672222,27.605112,35.870319,41.128006,34.854538,23.236258,31.483728,27.944887,11.558657,27.783962,26.995602,10.252509,27.801264,28.614826,15.200817,24.162256,26.615082,18.321373,22.064667,25.877113,18.644049,23.595427,30.200222,25.797518,17.160011,28.298695,25.587475,11.599598,19.933451,22.239109,18.794460,37.966812,40.418434,28.215782,44.448299,48.938183,41.555653,34.077160,40.108299,35.499310,24.193697,33.561752,31.108427,5.639062,28.068272,27.393509,10.571835,23.010311,25.039022,15.970345,16.750149,20.995640,15.471765,17.677109,24.086899,18.962944,18.580406,27.066196,23.892525,10.445666,22.776011,22.487123,8.357831,30.927980,32.658180,21.101103,33.461262,37.752491,29.777548,19.564154,23.905392,18.332121,16.064888,24.616341,21.638643,11.127867,23.287289,21.899986,3.671043,16.720116,18.491190,11.655396,12.240503,16.832792,12.121374,16.417624,23.513599,19.290730,9.523329,21.873425,19.546936,16.780640,27.726774,26.027626,9.518094,21.540859,22.386410,15.458570,38.414642,41.973259,32.947964,18.429760,19.662016,16.658581,20.739172,28.063128,23.569468,8.064463,8.868417,9.697472,-2.455306,19.155880,20.882858,8.107466,16.463251,18.622957,13.107277,4.599162,16.938196,13.163671,13.704152,23.004148,19.572420,14.046880,24.915361,22.909868,-0.300259,18.759315,20.397831,3.909740,33.354996,36.123386,25.522146,17.773483,17.616440,11.873235,14.471115,23.916363,19.824673,-7.446120,5.244322,8.583688,6.481061,17.358704,17.898565,5.935158,17.846701,18.659311,5.209623,14.732113,17.599829,10.405243,3.819070,9.578144,3.661751,10.535046,20.177116,16.136372,7.345418,1.184346,6.194055,16.394556,35.618500,37.838459,26.864170,17.418762,15.291527,9.403374,1.328710,8.410960,8.563546,-3.114773,15.540210,15.696225,1.263220,14.069900,14.572371,4.065519,5.265710,7.392361,6.626621,10.830902,11.454885,2.268408,17.104328,21.228903,13.260954,11.530113,16.829193,12.605529,2.970943,14.901805,14.770155,10.480749,31.382742,33.040222,21.258907,9.749109,10.327398,0.601286,11.662164,17.499559,8.643842,11.259459,16.367771,13.284958,3.224472,15.428844,14.557573,2.746652,8.326023,10.851274,0.862560,11.281280,15.795083,9.461873,9.627046,14.969034,10.493223,6.766689,16.930782,13.776593,-8.422500,14.572361,13.433453,16.626915,29.820671,30.728674,17.789139,2.314403,16.897671,11.310356,5.119882,12.378937,8.800467,-7.867649,6.304740,1.813471,4.492626,12.447931,7.142880,9.656182,14.868297,14.817806,6.822554,12.065239,16.702234,11.208179,0.228487,5.305681,4.674567,10.488391,16.149839,11.427382,12.984929,22.425419,21.181129,16.942301,29.532831,29.312195,12.844438,17.452267,21.945990,14.461752,11.221598,15.298666,10.969219,-7.959924,10.869831,9.946859,5.678182,9.171515,8.865332,7.237435,15.280789,14.202541,0.442063,-2.816110,0.580716,0.254202,8.069056,10.413706,2.854918,12.618136,17.892311,12.083940,7.326827,15.531919,6.895673,9.458446,24.401089,25.013531,14.039877,7.454574,7.422802,7.519326,11.977093,11.728647,6.410172,-2.990337,7.180102,9.510887,6.392232,2.607357,0.487452,4.931273,7.901384,8.542453,2.367981,14.219960,14.439254,-5.434521,9.770269,7.288205,-4.092774,6.207876,12.205275,6.827757,-5.411705,10.540675,13.991617,18.017418,26.312424,24.289339,15.161176,13.002318,11.189342,5.571380,13.502020,13.093461,-0.810338,11.659233,9.244570,-2.972878,6.166870,-5.550148,-22.887087,2.153612,11.411386,8.554839,-5.322510,4.352362,-4.370946,5.112864,10.334379,9.258196,-1.920789,4.502081,6.784399,5.053289,1.605445,-0.206434,7.284976,12.043388,21.826632,20.523214,9.492361,5.805446,4.865563,11.836546,15.110455,12.280730,4.593659,6.713796,1.182385,-1.498684,6.555652,8.814717,7.862526,6.881299,4.521379,2.480408,-1.487467,9.548946,8.000599,-2.088083,1.808409,-1.331169,-4.263402,11.537443,15.554166,9.204567,9.655252,19.144556,17.651884,13.242470,19.164093,17.240904,14.301553,12.517006,16.826399,12.403013,0.322335,11.005877,9.752031,4.599318,-12.391499,0.922301,9.420916,9.706592,0.708038,5.574060,8.798785,5.451360,3.747817,3.005281,-1.810333,1.740601,6.194736,-1.042487,-0.783148,9.405167,10.732290,-6.388340,12.748587,16.561188,6.678571,7.917104,16.370344,15.911180,6.548126,12.166937,10.489865,9.478213,12.422863,4.599909,2.722991,11.828238,12.687621,8.551466,12.811094,11.152420,6.184427,-9.125311,6.674643,2.764947,7.500894,8.637611,1.670512,9.405289,3.708446,4.413077,0.685768,8.945972,13.968616,11.470831,2.175762,9.310353,13.752161,17.105770,19.596779,14.577885,16.308649,16.038723,11.298800,4.526528,11.240910,7.192249,3.849288,3.090396,-4.562628,9.473532,10.550564,5.550490,-1.907086,4.583846,6.491199,3.530138,11.315588,5.343240,-2.571603,3.033676,-0.922929,3.332459,7.713236,11.273657,8.054739,-1.159288,1.923004,3.128619,9.226720,8.307556,13.721661
[0;32mI (18020) ANALISIS_ESPECTRO: Frame exportado | t=17.36 s | pico=1000.0 Hz | 48.9 dB[0m
SPECTRUM_FRAME,18.386477,500.000000,43.270435,hann,512,19.926907,15.818148,31.889742,40.611519,37.386208,6.962025,30.262529,29.318630,10.211244,27.123657,28.139782,15.286146,23.516712,26.383989,18.265831,11.802563,17.697237,12.269755,16.596851,23.497927,19.794750,16.715000,27.798433,26.420979,10.338228,29.568478,30.361618,10.247135,37.027328,39.784771,30.088161,38.291203,43.270435,36.923683,29.706505,37.424034,33.666592,16.375202,28.519594,27.143795,10.442219,28.244518,28.352079,9.932426,25.585964,27.375721,17.158030,19.258263,23.435875,16.652308,15.276708,22.221424,18.079269,15.478888,26.055784,24.144594,7.579259,25.943722,26.221474,14.487314,33.060143,35.288967,24.333569,35.114628,39.396282,32.051968,24.576643,30.819016,26.116446,18.217543,27.559221,24.956100,12.961688,26.986362,26.089457,8.057799,23.899860,24.681320,12.826355,19.692902,22.633818,14.345587,14.107592,19.997074,14.652731,12.653038,22.112143,19.160723,5.096287,17.723858,16.464268,12.450557,27.433475,29.142168,15.922880,31.996449,35.697712,27.414261,20.910509,26.385319,20.854549,16.897778,25.297207,21.465284,12.360673,22.795904,20.866024,8.478355,19.880461,19.868605,7.777860,18.052792,20.005867,10.158166,13.149441,18.246645,12.348437,11.443776,20.614603,17.301157,4.674063,9.098003,3.807299,6.822601,21.693653,23.258286,8.683874,28.506809,31.708752,22.633476,16.618328,21.341955,14.493752,13.953246,22.445156,17.945866,6.972570,16.218107,13.824221,5.669699,15.041305,15.090319,4.361403,15.913443,17.453526,6.924185,9.765009,14.289732,8.417250,9.761280,18.539997,14.633190,3.384252,9.788691,7.307093,2.487802,13.420427,14.333488,1.273286,23.893375,26.331213,15.825495,10.444346,14.634523,6.221523,7.980106,18.133839,13.549824,-2.091855,3.116715,-1.104873,3.025337,11.658554,11.647108,-0.282972,12.568657,14.474672,4.888670,-0.632923,3.852427,-0.915626,9.296444,15.986488,10.689644,-3.727631,6.587451,6.005824,-0.455705,0.233470,0.254132,-1.180628,17.820133,19.454105,7.998446,-0.449355,10.133067,6.975672,1.215299,13.394618,8.754807,2.417668,6.800305,-0.639542,2.023856,10.580809,10.229234,-2.116574,8.785449,11.196684,1.838297,-7.537954,-4.469388,-9.571190,6.789488,12.199541,6.480550,-6.329659,0.093625,1.329901,1.481657,6.862603,3.547198,-3.134794,9.607854,9.738901,1.290284,8.737578,12.964410,7.477928,1.187667,9.757162,2.098658,3.889217,9.420444,4.602776,-2.007550,9.759788,9.691020,-6.527286,6.663049,8.237314,-3.323382,3.015196,4.414587,-5.620518,1.266430,6.431956,3.333182,-2.330208,0.341737,-2.741501,-0.572068,6.204692,3.414983,-9.471403,9.348541,9.425795,1.955922,7.601285,8.935116,1.479596,5.042614,7.740700,-9.221993,4.136105,5.553882,1.323413,-12.199305,9.698433,10.553933,-2.710748,4.849582,7.001848,-1.673183,0.419587,3.130461,-1.704332,2.260433,5.189165,2.968109,-0.686403,5.565109,1.056580,-11.051269,6.703483,7.907429,-14.949839,11.497662,11.802286,2.765336,6.598753,7.986233,3.213513,6.900904,9.536973,-4.902656,2.832248,3.864974,-2.981585,-1.878022,8.657150,7.320442,-6.831072,2.980829,2.016336,-3.104576,0.996347,-2.146276,-3.656671,3.410314,4.824794,2.866087,0.991172,6.670680,0.192201,-8.150773,2.002909,4.838694,-6.474974,10.352732,9.201912,0.734286,4.720296,4.307743,-4.655905,5.959308,10.106554,1.741034,1.079695,3.528809,1.281420,4.637560,8.746768,3.763285,-5.688674,5.126750,3.967512,-4.880719,4.276673,1.666651,-4.155876,4.141351,4.226576,2.491293,3.075355,8.259779,0.733895,-1.727901,2.309319,3.272345,-5.785315,11.021109,9.897562,4.649882,4.088362,-3.882826,-6.897081,4.826404,5.251885,-5.028720,6.207623,6.582143,-7.495093,3.533627,7.351456,3.419413,-3.672464,5.514648,2.836883,1.338826,6.612974,3.074920,-0.793648,5.649712,4.572845,1.177231,-0.537039,3.443133,-3.280766,-2.618390,-10.166229,-0.342624,-4.987784,9.316215,6.715383,3.979944,6.115344,2.043858,-6.254661,5.847174,6.182422,-9.693994,5.561012,5.758370,-4.754102,0.032519,3.134028,-1.089845,1.232717,7.401075,3.311338,2.158437,6.415400,2.608181,-0.391762,2.485159,0.054715,-4.357737,0.548254,3.220068,-9.670676,0.192506,1.913354,-2.490477,-0.305500,5.521660,-0.674312,2.571894,-0.805374,-13.228602,-10.092183,-1.901976,-6.762237,1.022532,2.828086,4.612704,-2.978195,-0.434819,5.506971,3.605905,0.690802,0.723107,-1.260506,2.826325,-0.411893,-7.276011,2.723774,-3.889844,-6.848578,-4.204983,-3.774655,5.068111,-0.644525,-5.262298,-0.397974,-1.265285,3.927648,7.704050,2.030982,3.463522,3.529745,2.097211,-1.792080,-9.093959,4.871778,5.528659,3.940300,7.976843,2.432736,-2.341231,4.930457,3.407525,-1.182059,-0.922382,-0.291004,-1.297586,1.685836,2.532025,3.542563,0.369406,1.850356,3.517696,-9.819489,0.928061,-0.623260,-3.579323,-5.267495,-16.246828,1.863240,6.759472,-1.043811,0.261480,4.024899,4.595962,2.397421,-4.587985,2.768798,0.089646,0.959395,1.603657,-4.387313,-1.610800,-3.028725,-0.853463,-15.602323,0.818175,3.508334,-4.263475,-0.276553,2.821733,-1.985616,1.874725,2.551989,-1.875285,-9.849962,-5.802729,-6.242079,-0.921813,2.032316,1.771630,-0.671199,2.032215
[0;32mI (19040) ANALISIS_ESPECTRO: Frame exportado | t=18.39 s | pico=500.0 Hz | 43.3 dB[0m
SPECTRUM_FRAME,19.408834,500.000000,42.333641,hann,512,18.993111,16.931398,31.380470,39.536625,35.768608,10.328513,27.526859,26.645643,5.126703,31.259804,32.560024,20.108784,29.407347,32.499271,23.775911,24.951508,30.422443,24.445822,23.695240,32.010559,28.357790,19.695354,30.935490,28.878277,-0.227409,19.298426,17.772785,9.182409,34.228977,37.425346,28.020226,37.173988,42.333641,35.801720,29.819511,37.039295,32.744270,19.087854,29.704338,27.810085,13.956442,31.555567,31.735201,15.876785,27.329529,29.523001,19.531929,20.838448,26.222729,20.090107,21.098057,29.804356,26.096863,18.205708,29.267582,27.055151,6.005858,21.865931,21.322132,12.839256,27.855654,30.659386,20.107025,32.711308,37.473743,30.450335,23.316381,30.240824,26.034729,19.360779,27.674101,24.608953,14.884261,27.423580,26.406025,9.066800,17.995117,18.885063,9.877428,7.762127,17.020908,12.930317,19.448845,27.095791,22.982601,16.280064,26.241514,23.506632,8.213387,21.953966,21.360577,9.203369,18.683754,21.295826,8.997126,28.102865,32.325485,24.630701,16.389900,22.758453,18.900658,14.820919,23.508585,20.022625,6.176895,17.112347,16.671513,9.030207,14.509727,15.204607,-2.699943,15.688702,17.452955,3.983081,17.551043,22.536028,16.626484,10.128020,18.694927,14.971859,8.878222,20.838932,19.520157,5.839865,9.945702,6.085268,-3.684676,22.910892,26.695271,17.897190,9.320150,13.425310,9.230600,14.203483,21.995943,17.590397,0.415077,15.970385,14.681215,2.872638,17.014530,17.048336,2.491293,12.490230,14.962688,8.383190,11.603012,16.327959,10.419262,4.025348,13.702149,10.250669,10.448312,20.967430,18.485689,2.840615,15.807934,13.814870,0.993898,17.974380,21.253803,11.513730,6.279885,8.213184,1.858100,11.140557,17.452986,11.816214,-9.589802,7.770018,7.015372,-5.579043,11.792498,12.547508,3.307342,4.825752,11.532385,6.368681,0.501540,9.991189,5.495263,0.458512,2.400615,-4.740232,5.100992,14.293555,10.736428,-1.536240,14.741320,13.245787,2.169260,15.444057,17.363127,4.534850,11.464611,13.599642,3.495290,10.010399,14.385262,6.830761,-11.803493,3.292147,-0.187367,-3.604860,7.599532,4.670379,-0.692448,10.534959,10.540868,-5.871290,6.496312,8.003024,-13.777868,-1.451818,7.019560,4.741639,-9.744958,8.524790,8.781260,-5.505161,14.782135,13.792788,1.991058,12.300961,13.575233,2.489464,6.378151,9.530437,5.221661,-12.278333,3.871175,5.880918,7.144083,11.358137,6.456108,-4.663061,1.803063,-16.840574,1.316657,6.253603,5.771986,3.120717,0.390691,-0.811730,-0.951155,5.440933,8.515235,1.599445,8.437186,9.532479,0.050958,4.930199,10.709259,5.693192,3.163301,12.870987,12.676292,3.112003,-3.295574,8.291164,9.017250,8.976696,11.899513,9.224064,9.132815,10.610976,1.273130,-16.601173,2.666273,5.741629,-2.466978,2.502099,4.562780,0.069902,3.538239,0.790678,-3.103168,9.943641,10.243292,-13.611967,9.152170,11.239450,6.279569,7.063859,10.001720,4.395033,5.408782,11.601244,12.575370,7.329830,-0.699455,7.209149,9.906559,7.824583,3.412200,4.822368,6.412199,6.170443,4.389126,0.585455,10.986681,9.727246,-15.923637,5.930362,1.397278,-6.698518,-1.530920,-3.881473,0.341257,2.243392,-2.441883,-4.371418,-4.185874,5.573516,5.570846,5.841465,1.183724,4.170211,5.107429,0.910897,9.749628,9.658398,7.007848,-1.908349,8.834681,10.302243,6.690768,-1.033528,2.049666,8.439671,9.794716,7.126918,9.397608,5.461287,-2.420583,1.643834,0.713043,0.313564,4.342625,7.808333,3.307523,-2.441125,4.172232,1.322104,4.854149,6.596639,-18.595383,1.481494,-5.102242,0.493792,-0.676822,7.840308,8.369310,1.606095,-11.788506,-4.150865,0.288048,2.386539,3.847757,1.872031,0.912549,-1.837559,8.372663,11.032951,9.650656,-4.960456,3.906241,1.492824,0.416881,4.288397,-4.354299,2.990220,3.250937,0.418777,-0.258749,1.974633,-18.079548,3.429223,0.333154,-2.723771,5.301607,-0.216712,4.257529,9.885683,4.506144,0.011867,4.185071,3.437598,1.659318,-5.029073,3.071621,3.798011,0.356317,1.363399,-6.497454,4.941576,6.100927,-2.337974,0.314776,6.944070,5.152390,-0.767383,6.354415,3.979297,-7.199306,7.114365,6.165731,-4.274356,1.694101,6.196087,-4.180150,1.272360,4.453137,-2.676291,-0.358876,8.394190,5.818957,-2.638374,3.632699,8.930038,3.953344,-1.537294,8.731106,7.770751,-0.932209,5.140760,7.803707,1.564546,1.060449,7.031751,5.342594,11.180253,10.794945,-2.570371,10.168087,9.661406,-4.523818,5.970822,8.759738,4.531450,2.176406,5.075840,2.240488,-1.691249,1.616386,1.581557,7.729811,12.290298,6.455040,1.730484,9.735039,9.516128,-14.060581,7.632072,8.830962,4.523077,-0.214888,7.589545,10.111265,2.766007,3.702841,9.204886,6.024356,8.399509,9.086769,0.484922,7.572083,5.689563,-14.043430,1.873129,8.118181,4.210437,5.074111,7.815716,2.389735,-1.424178,4.673250,7.905047,5.962477,10.984226,8.693102,8.038239,6.233029,7.623591,4.992919,6.356890,3.297445,5.507373,2.049648,6.046947,7.481684,1.284573,4.112697,7.118049,4.215534,0.748698,1.246213,-4.311287,4.822688,6.191186,-2.272190,5.450604,9.290572,2.911074,7.541568,9.848097,1.430445,1.473588,6.740863,9.092199,0.130422,9.733447
[0;32mI (20060) ANALISIS_ESPECTRO: Frame exportado | t=19.41 s | pico=500.0 Hz | 42.3 dB[0m
SPECTRUM_FRAME,20.431197,2000.000000,54.024750,hann,512,15.780956,18.282768,38.768028,46.872028,43.160751,20.693832,29.405546,25.643650,8.239661,27.101271,27.224190,17.116142,22.897247,24.929819,16.477177,19.343601,21.838646,12.568165,18.023716,26.099741,22.561567,19.582521,30.370087,27.792168,18.676182,27.159803,25.983772,0.788092,27.852468,31.888121,28.355743,26.439865,33.127743,28.421738,22.325455,25.961418,26.665041,15.195601,22.105961,21.835596,13.371177,20.356886,20.697117,5.284171,20.562437,23.489656,13.596394,9.432382,13.882582,8.591563,15.798330,18.765163,11.427530,11.963612,17.826530,14.975187,6.450664,15.895412,17.934217,8.405350,12.659310,11.675219,10.479204,14.511661,12.098831,6.102009,10.124172,12.869845,13.956593,6.602219,8.010420,13.110290,15.578394,22.956190,17.421162,6.277846,5.142312,9.989871,12.223295,11.177485,3.235573,5.216471,2.693271,15.228205,16.421116,0.928644,20.887068,17.948017,6.680033,16.940556,18.632671,4.255921,24.139904,25.847111,22.022629,28.803421,30.365942,25.491106,22.971519,21.666183,22.710957,17.311142,23.647091,21.366236,18.405060,24.928089,22.607540,9.327806,21.685066,23.280561,15.394768,11.295949,12.414648,5.914622,16.902145,21.864113,14.025581,17.044638,23.521305,19.703808,0.553026,12.632934,18.845541,22.217684,39.976837,41.553627,34.703354,50.332054,54.024750,46.393032,32.601910,41.075211,36.582798,9.233452,27.055264,25.952106,7.960979,18.401543,20.258017,11.412688,20.577032,20.856638,10.151601,15.897857,17.163029,8.325943,14.678063,19.047525,15.092526,15.724741,25.564438,20.350307,9.657568,20.252148,17.976450,16.620754,23.751362,22.825033,18.838198,28.477783,30.696621,20.484295,26.715816,17.126139,12.430494,18.556879,19.060404,12.407646,11.850056,15.619874,10.435217,4.747686,17.905119,18.765856,7.177969,4.145236,9.966166,3.461106,9.091314,13.974875,3.659235,9.943946,15.094539,9.949381,9.071415,0.298229,15.297880,15.077958,11.523232,15.537924,19.007029,4.929763,16.677261,21.509666,18.263107,14.034801,15.313269,18.231514,18.232027,14.315124,2.094916,18.131561,12.767211,2.317690,-2.331811,-5.289847,3.334384,14.129086,14.312069,5.842085,9.138945,12.408129,8.669395,8.011587,11.310858,9.512425,7.918906,7.939227,5.990454,10.793058,20.856962,20.671263,24.030745,24.099749,28.557617,15.257434,25.435362,20.054626,7.490510,11.985281,7.274738,12.710617,8.767875,10.617052,15.763033,13.922611,1.069100,5.644233,-2.000304,-4.616145,4.211479,11.228624,9.341512,1.923586,5.201825,9.528935,14.313314,16.932348,8.568693,18.179712,18.987648,12.547292,28.631302,30.779545,21.426670,43.961250,45.855728,39.361408,32.941216,30.699657,23.813732,6.905147,21.196426,14.876113,13.914002,16.905096,13.528174,9.720909,7.748434,-2.879636,4.817410,10.826525,12.004721,10.986469,11.589347,7.524874,-7.338280,11.495726,13.659778,6.359295,10.991832,12.360858,12.004209,13.397911,13.943327,23.198589,22.427168,26.361801,28.212887,17.608086,22.620667,13.027697,10.618459,7.104129,12.780680,6.517344,5.305600,9.812974,13.869272,13.726172,-2.704205,8.141048,3.288306,1.776860,7.069507,7.083260,10.503813,8.917041,11.312231,7.773906,11.498756,12.211781,11.002148,9.813632,3.177791,8.422248,14.830662,13.012035,3.664471,16.356476,15.957795,6.987975,11.273739,13.738050,3.379713,-0.470058,12.557283,11.705823,9.973843,1.565329,11.261692,4.491037,7.402248,1.909954,-3.465092,7.083514,6.200469,-2.230720,-2.270378,9.233218,11.794720,6.397598,12.704173,11.432900,0.535148,1.987098,11.696323,9.461376,21.412279,22.814219,6.894617,30.192478,25.369150,26.587696,21.015991,19.119305,17.806179,6.205311,15.174094,16.401371,16.205875,10.878206,-0.703219,10.979552,14.588018,13.910357,11.498757,4.228789,10.597775,3.250668,10.376630,9.158964,10.193979,14.549565,14.479407,10.558205,8.595080,16.132236,17.569695,11.334049,24.352104,22.514021,30.601179,40.889515,40.894909,35.366203,27.191076,22.066973,20.970705,4.424588,19.122772,16.503128,8.239203,15.139760,9.654015,12.648454,13.269662,8.284322,1.291077,6.949251,15.313754,15.157393,3.963248,1.682516,10.705558,14.196811,10.851411,9.976671,14.666279,17.679716,16.089828,6.168474,4.909645,9.588570,19.322487,28.812031,7.022063,30.889835,23.899017,20.071243,20.596363,16.477791,15.009093,5.848884,8.678873,13.129989,12.548781,4.719873,6.080117,11.454192,8.551573,9.291372,14.780327,12.541504,9.470769,2.867412,3.203390,-0.027707,14.465943,15.858238,11.053356,12.767095,12.807886,2.928071,17.252239,21.770977,17.566505,10.166396,17.793322,19.050245,16.788382,18.767706,11.029066,13.710279,13.588220,7.949719,7.450383,11.764498,9.340481,-1.743221,-5.915779,4.162341,4.945597,16.803993,19.286434,7.365830,13.873732,13.385374,11.071578,10.607628,15.679176,7.389342,-4.112993,6.901481,12.820747,-2.857404,17.973316,14.625732,18.351118,24.565285,19.811666,27.344498,14.563743,19.621443,7.738132,6.990694,5.405469,6.051557,13.455606,15.200067,17.214474,14.380041,-2.324367,0.736170,3.809025,7.456255,-2.987200,12.636786,5.862846,-4.616653,11.626754,10.196552,15.484252,15.086744,-2.278735,14.245451,14.507105,16.511496,25.882652,29.168282,30.687645,40.662010
[0;32mI (21090) ANALISIS_ESPECTRO: Frame exportado | t=20.43 s | pico=2000.0 Hz | 54.0 dB[0m
SPECTRUM_FRAME,21.453557,2000.000000,53.814388,hann,512,18.732868,23.180454,39.285271,46.960938,43.350487,10.853909,30.301140,28.387697,10.683136,26.539497,28.315819,18.756598,22.879362,26.666031,16.703440,15.322939,21.727045,14.999262,18.104692,28.078947,24.998102,19.055416,30.997179,27.682114,10.559169,24.651451,28.012108,19.676735,23.048775,29.011909,27.617928,18.183735,29.235626,27.269304,27.572887,30.524464,25.180164,18.070286,29.439060,26.243269,13.895369,28.701977,29.061163,17.268347,25.371235,26.596375,14.817494,22.291672,27.377460,18.868641,21.586302,27.658632,22.820553,17.158100,25.664051,23.155125,15.090843,25.944397,24.754452,14.591409,21.636669,25.220810,27.294910,27.469652,24.980202,21.077623,24.322620,27.904991,21.247974,21.042452,27.901249,24.919374,15.928651,27.466915,26.066364,14.698236,24.147331,26.334904,17.269705,22.281141,26.431406,19.299849,23.329170,27.357700,22.665466,19.835146,27.900723,26.719433,20.413357,23.407921,24.024975,25.427536,30.832314,28.611336,12.062721,30.673767,36.147121,31.338535,22.603205,27.445457,19.054609,19.412193,25.929317,17.860100,12.088833,24.955072,24.757328,3.454926,21.712894,21.251053,-13.579741,4.947445,11.270331,0.733408,16.142082,22.305937,16.858061,19.232008,23.978794,17.158039,11.675797,18.396511,19.965755,27.623817,40.446686,40.262039,32.094109,50.353451,53.814388,44.441525,38.790974,41.381016,34.907337,25.150461,29.514894,25.918121,12.920513,14.136755,15.716675,17.550230,22.545624,21.489494,18.187847,20.743328,18.939716,13.365829,20.284197,21.300999,17.810953,19.886408,24.029453,22.116785,20.897747,23.183191,17.911957,21.524445,23.813339,19.783842,20.394913,31.234871,33.963890,28.763086,25.416943,19.650730,13.883011,7.915909,22.149902,17.687265,13.331545,20.761299,19.922602,12.837501,16.240633,12.863847,8.714801,16.238991,17.927832,9.063006,12.573562,16.128130,16.887835,17.438950,15.760590,8.016424,14.744754,15.870035,10.901007,17.823971,14.088669,21.615925,25.037792,16.399172,5.361377,23.906902,22.021744,18.583767,15.959682,12.414313,14.324132,12.176585,12.295300,16.542805,13.740057,11.541042,12.734861,10.140543,8.189925,8.492191,5.449766,9.787046,15.816454,10.570686,0.418418,-3.031454,5.692607,0.017462,5.289407,4.218653,4.515789,10.613306,19.240582,12.884054,20.450363,29.152225,32.348858,29.563963,24.705196,19.432297,22.775398,22.288628,14.610767,15.022868,20.306370,15.979009,-23.866688,14.044086,18.509291,15.170976,9.437979,15.761856,15.856847,13.942775,16.672386,17.108646,13.556898,14.188793,16.209404,11.390739,17.268265,25.225687,22.002899,18.443668,30.282125,31.382500,25.274294,44.033875,44.966118,35.760498,32.452827,29.830111,14.493015,19.740868,21.006804,13.255726,14.190744,20.830795,14.406584,8.797058,-21.824675,7.476807,8.564441,14.949566,12.503911,6.868634,15.449024,17.012245,12.321502,17.430845,18.397463,12.046576,-0.349433,9.201242,13.296549,15.808197,15.079345,16.221249,16.639175,28.711826,30.831486,28.976894,24.683414,18.125280,20.694347,19.073069,18.179211,-0.312948,16.748978,19.086525,15.941669,12.580990,14.633957,10.104553,12.322483,16.257511,13.924397,8.232985,7.849589,11.834064,14.064183,15.136366,14.594086,13.042335,14.892236,12.105568,12.409441,13.928071,8.305122,15.158714,18.719778,9.710667,17.413828,19.714489,17.870417,20.166340,4.739392,17.130272,21.869797,18.552834,14.801155,18.256493,17.636793,14.008846,15.007773,11.573147,9.446191,15.499540,16.764141,12.774037,17.247490,16.511208,13.725272,10.860105,13.722754,16.777285,15.866491,12.050506,18.297564,22.814255,25.396006,20.573568,19.306078,32.192219,33.203388,30.346764,21.510839,16.031021,11.999075,9.075762,-9.154148,9.032757,12.642817,11.723463,9.743475,2.728000,10.544685,4.428864,7.060408,11.493759,8.281143,-4.619463,11.870705,12.253302,10.237839,13.792205,15.449234,10.837989,2.579604,19.092619,21.958027,23.245535,25.602484,19.162128,28.109814,39.826088,39.076870,32.723202,24.198727,23.020964,22.319984,23.344805,23.329639,21.545006,10.751780,14.404888,17.325121,16.187151,13.275831,12.448627,17.694223,16.114622,13.076644,17.736534,17.599722,13.811942,16.240086,16.513329,6.254270,16.695280,15.952448,16.262289,8.059055,20.090372,20.602036,19.400410,20.968399,31.723118,32.126732,31.512766,23.044357,15.922470,13.665528,17.885181,10.680506,3.954144,11.055364,12.489870,16.138866,16.427652,11.512337,6.991988,7.423007,5.245729,4.907757,1.710064,6.342391,7.870255,13.144860,17.465513,17.496063,15.986811,16.921793,18.098061,14.592365,-1.964685,4.845109,21.469164,23.790834,22.908371,20.372620,21.265339,15.397492,14.527106,14.237339,16.248917,16.389587,8.228525,11.339664,18.558811,14.984015,2.787856,4.336208,4.068161,-5.669744,9.482227,14.427580,15.091058,12.571107,11.038324,12.134423,17.112610,18.977600,13.652708,8.112568,12.171451,6.478757,12.558594,14.320945,16.554424,19.323689,27.704651,28.638420,28.605686,24.457991,15.015860,19.988182,22.332056,17.772388,13.947018,18.322332,12.860413,12.878387,16.125137,15.574198,11.666271,14.178666,14.506803,11.625481,14.066578,14.932323,14.568403,13.412818,10.325031,2.340341,16.207016,19.822454,18.658438,1.910531,20.753933,24.059660,12.135700,33.616154,40.136391
[0;32mI (22120) ANALISIS_ESPECTRO: Frame exportado | t=21.45 s | pico=2000.0 Hz | 53.8 dB[0m
SPECTRUM_FRAME,22.475927,2000.000000,53.729042,hann,512,8.719312,18.646669,40.075134,47.476669,43.695034,13.868255,29.421198,27.481691,10.510788,28.304090,29.022940,16.995148,21.210278,26.496010,19.427376,15.922059,22.512426,18.323635,21.605949,27.693186,22.826788,21.349924,31.357288,28.952469,14.279669,24.301403,25.779751,20.447857,24.760649,21.121672,27.211338,23.748314,8.569845,25.831804,31.670683,32.307262,24.669456,19.279373,26.555542,25.224771,12.989710,18.253107,18.267647,14.890609,20.770901,22.063633,17.396751,16.503017,18.090658,18.359308,16.088425,17.162189,15.518087,2.791351,22.378510,22.502266,9.419171,15.658425,14.689322,12.754831,17.572081,18.965023,15.446516,17.082384,10.625201,21.097357,21.123154,0.513150,16.181963,17.942053,9.050432,1.982786,16.867590,25.733349,23.710114,-0.502146,15.876355,14.489232,-1.025369,13.754265,15.564298,12.834182,11.176042,11.829662,12.889065,12.046787,17.181690,14.573045,11.823988,14.274328,17.735336,15.551748,21.434978,20.440613,18.353476,25.469227,29.163839,21.274319,24.446840,21.989922,22.659485,17.401859,21.795120,19.855373,15.602689,24.468002,23.356510,10.639892,20.530499,23.043175,16.568962,16.902304,18.994093,13.292752,17.267191,24.549953,18.435604,10.729189,24.841320,22.826359,3.929200,10.700752,16.072168,23.972763,40.574692,40.979965,32.425301,49.944740,53.729042,45.938164,36.062695,41.783352,36.793095,18.700945,27.980206,26.757479,18.511984,21.146435,20.557251,13.930714,18.891546,17.321053,8.516492,15.040454,14.980566,2.288588,15.774840,20.979008,16.151627,19.192793,26.258089,21.130381,12.833637,22.566681,17.870199,8.151704,15.877976,22.686710,20.864613,27.272091,30.315556,25.477249,26.375153,24.926331,19.900255,-6.624947,21.386831,17.515141,10.033649,16.324232,15.731146,13.016409,19.929094,18.432467,5.851891,9.729510,8.085934,2.362731,15.230783,18.041832,9.947167,10.072984,8.423008,4.871529,6.218423,14.229325,17.108549,13.286377,6.541528,18.674427,22.465454,15.188513,11.078525,13.916651,8.552103,18.653046,13.629364,9.846953,15.281315,14.230206,14.708147,17.088957,14.345572,8.145719,3.363657,5.852801,8.177916,13.075500,7.201100,-2.466217,8.917610,10.776858,6.325027,12.983893,16.023298,10.168045,12.797911,18.718487,16.961979,17.420547,16.608616,20.965899,26.955919,25.671549,30.251665,24.906315,27.148092,2.285200,17.593422,13.801868,-7.288074,-2.909360,6.818975,9.821473,12.132496,10.255545,5.646582,10.045929,5.634022,3.376716,-3.878841,-1.811914,8.883736,10.192422,3.302602,12.729670,16.868994,14.414507,14.454424,20.987755,13.823593,11.435475,28.291065,31.273176,20.505428,44.081341,45.950237,38.890205,33.149139,30.495565,22.348492,19.347343,23.584171,17.273870,10.307505,17.403625,15.577682,14.065237,10.464803,7.941791,13.374181,1.074265,7.980794,2.110312,10.224857,11.431694,6.826049,9.608950,16.321548,12.148572,4.679736,6.199739,5.600829,12.277008,16.738323,21.271475,23.743988,25.007113,26.443890,24.266720,25.882374,15.102649,12.595296,12.986300,17.929090,15.434169,4.700377,12.241574,14.577478,5.569030,-1.954264,1.941269,10.138520,10.684168,10.771389,10.626031,5.899372,3.598954,8.965422,9.824220,4.369914,5.312169,6.547994,9.813568,8.195845,11.293623,11.167648,15.573709,13.133756,13.361745,12.219330,15.188493,12.718281,3.527006,16.426998,13.615874,-2.748606,8.343407,7.771973,7.288678,9.711957,2.422502,-2.169663,1.657987,7.279052,12.403344,14.970021,8.102910,4.133970,0.440853,3.079116,9.819346,9.767783,11.416393,0.178260,12.500409,19.286070,15.730062,17.799341,21.190092,14.857433,29.749741,23.550493,29.841610,22.435286,22.035999,10.117056,13.440248,16.337570,11.483023,-1.195546,-0.024489,6.079961,-13.258465,11.917381,9.533611,-5.277281,-11.292542,3.706218,6.416615,10.104033,16.909554,12.805375,6.177797,16.126968,9.020124,8.340631,15.686980,16.540718,17.761477,23.059746,15.866968,29.356350,40.189392,40.768982,35.742474,22.528505,25.006788,23.788094,13.673113,17.480661,18.622307,11.443779,11.248740,12.888242,7.821183,7.627342,10.575977,-4.708099,7.947765,-1.163267,1.067881,7.255901,7.704189,4.589487,6.160251,12.528281,10.022583,8.438171,6.445208,7.320139,12.949629,17.232159,23.284985,17.437254,31.340660,24.280521,30.927460,20.018923,24.626873,17.895327,7.252356,15.836291,6.833062,10.571342,6.565900,6.116944,10.954022,11.834865,-7.032436,7.857387,13.286427,0.985006,7.810903,13.389244,12.886660,3.207619,5.951812,10.717355,11.342478,1.711860,5.607079,7.347752,2.200787,10.541086,17.209436,19.014797,10.504122,13.500040,16.936441,10.806952,15.147003,13.160089,10.835985,16.561264,9.872019,11.414244,11.561192,6.574946,11.056122,8.815674,6.309843,3.066923,2.056542,9.318963,4.473965,7.937691,7.628374,4.317073,5.407909,13.139294,11.332384,2.364670,3.904746,14.366450,10.111242,16.194981,18.265673,21.049755,26.995205,9.682617,27.588787,15.389091,20.374105,15.191436,-1.587338,3.356573,6.543304,8.170730,5.952090,13.690077,12.144020,6.050934,8.549210,10.297426,2.917363,-3.960043,2.394312,10.140356,10.051435,10.158684,0.461289,7.577119,13.095479,0.800944,14.510707,10.479179,19.445621,23.902800,25.094492,33.390869,40.983772
[0;32mI (23130) ANALISIS_ESPECTRO: Frame exportado | t=22.48 s | pico=2000.0 Hz | 53.7 dB[0m
SPECTRUM_FRAME,23.498280,2000.000000,54.270992,hann,512,20.315039,30.513504,37.345898,46.224461,42.798187,12.672529,29.037193,26.551676,12.728468,27.745771,27.125128,12.687246,18.796589,25.765930,19.498045,14.409019,21.097206,14.541678,18.548906,26.779840,22.080273,19.439671,30.378332,28.057735,17.865780,26.607090,26.260681,12.262867,25.367424,28.309273,19.587284,21.681116,26.842789,16.577795,19.880003,27.170101,21.842182,10.690709,24.221914,21.989862,13.850535,21.040375,20.686306,10.635290,20.523361,23.729855,16.562393,20.538246,23.671667,15.402884,15.019779,24.192038,21.457760,12.668914,24.751122,23.965755,12.476741,17.375294,16.326630,5.927687,15.559959,15.880265,9.909283,14.824122,19.208656,13.316211,0.421172,4.091692,10.879226,13.692987,20.792519,18.480413,17.662254,26.366083,25.317009,15.373968,22.004854,23.532089,14.924115,15.618364,19.338739,12.957393,12.560240,20.880968,16.972721,8.555887,19.380573,18.219051,13.482829,20.862965,21.772032,11.567287,18.702496,22.007025,15.267685,16.936132,24.412134,19.613380,20.013542,25.279728,20.496389,11.557984,25.361492,23.979704,15.906742,23.365191,23.512068,13.509228,20.511177,23.842598,13.872107,11.061480,16.039288,8.047621,17.807796,23.092802,13.704509,10.554306,22.353024,19.854836,6.776883,22.014835,22.809689,23.801443,40.434650,40.867157,31.308214,49.932487,54.270992,46.805145,38.159332,42.319927,36.450714,13.828091,25.474541,24.287174,18.935669,25.439596,22.965309,3.868876,17.301081,21.853954,16.053049,14.600063,18.303421,9.694263,16.675310,23.130911,17.665987,19.801506,27.890423,24.220676,15.393106,22.253313,21.245966,13.675085,22.829201,22.969494,13.449333,17.953888,22.148144,10.861143,18.550724,24.356457,18.496952,5.950954,20.053879,17.851656,13.690063,18.665365,15.720510,9.087602,16.617067,19.257215,11.513524,17.015741,18.818731,7.755443,6.816073,16.750286,13.051319,-2.447767,13.438248,11.253538,6.620636,16.560038,15.620501,9.244781,15.127996,16.423651,12.974337,14.381489,17.295574,13.569888,7.862210,8.693141,7.969259,10.906215,18.276749,12.364236,10.934933,18.913042,17.401825,5.554348,11.847675,13.391108,4.612834,7.437091,-3.927531,5.950701,-10.425529,7.646199,1.924356,6.066847,10.659083,7.106041,5.672263,8.596667,8.806107,-1.571110,5.780866,5.615089,-10.039930,2.188748,9.341776,10.523851,9.374224,6.383776,0.435364,6.967892,11.744173,8.808688,-7.821898,12.114726,6.259539,8.097466,0.589441,0.103701,-10.250809,8.867527,4.361714,4.650388,4.621097,7.819705,9.139689,8.218912,13.544970,10.019281,15.351042,17.874046,9.896360,9.296421,27.568142,32.519108,30.843439,41.580994,43.802570,36.100937,21.587532,31.599766,27.323975,12.561760,23.469269,20.248550,11.835554,8.581449,6.617233,7.491972,5.608931,-0.902275,0.959062,6.786530,6.194920,-6.182703,2.724481,5.311255,-11.904104,4.998354,-0.049638,9.526846,6.379565,0.281900,8.254160,10.705917,5.571783,3.853312,-4.297081,-24.035215,-2.654158,-8.444422,6.697251,1.548787,-0.592579,-0.931728,-6.375786,0.620775,5.369139,-3.776478,8.167388,8.607158,-4.748118,2.937108,7.426221,4.186461,-0.696908,0.087121,7.254031,8.104390,-6.187073,3.502789,10.159876,-3.172815,6.969527,10.463057,5.407759,-4.277580,2.403478,5.996360,0.435602,1.920621,5.483203,6.616598,5.858338,4.164364,8.340787,6.986098,2.353417,7.768202,10.807433,11.518623,8.188763,6.367756,8.939707,6.459998,0.218097,7.837379,7.554398,3.556873,3.552523,5.727594,8.602430,-9.861647,11.679214,12.552444,7.745984,9.301756,12.595503,7.426708,13.723717,13.233177,9.374969,5.447111,7.994950,0.776939,13.442869,16.708643,11.317213,4.229519,12.969985,13.579710,12.421971,13.717414,12.983624,9.442860,16.599192,15.425365,7.084310,-1.072090,3.222443,7.304024,6.172965,11.919087,4.523000,2.077832,12.740842,13.832078,6.522965,0.737053,-3.286238,21.864086,28.507790,25.177851,29.663954,42.522064,44.459919,39.671318,33.644070,29.482172,22.122288,12.331213,12.127296,5.585461,12.640865,16.022425,11.199307,1.829232,6.755789,10.958323,7.521840,10.627083,11.572781,0.733064,10.445557,13.318436,10.245737,11.563269,17.273886,11.874430,3.846139,7.938385,10.608362,8.437193,10.685039,12.742311,9.962597,10.952692,13.369654,13.341801,16.027878,17.146748,9.979027,9.447142,14.222249,10.650109,5.509943,6.432563,11.984805,-1.767464,12.525053,11.160420,5.517564,10.565349,10.570784,-1.316124,2.050591,-1.223480,7.979200,5.008126,9.573230,10.236071,-0.051420,-5.869815,3.534209,6.099201,16.643520,18.434502,11.205951,-1.110503,-1.538567,6.342407,2.470100,14.397139,12.849474,-1.259092,5.274424,7.194475,8.305077,15.201097,13.770352,4.373861,7.039853,5.327482,2.677919,11.600443,12.319364,-0.068403,2.333305,6.640729,3.696273,8.254195,15.844088,11.917381,-9.623977,-1.983847,-7.400847,9.871382,14.098843,10.496225,6.391423,8.790794,4.954018,0.233178,-0.095069,1.960174,5.540454,0.671928,2.908076,9.872378,1.879034,10.872168,2.441099,0.997185,6.863574,1.596581,-2.382384,0.728853,-2.596103,6.644362,-1.084556,4.617400,0.216363,-2.116844,1.329908,9.474254,15.203286,14.127089,18.465477,7.526659,23.924431,29.245193,26.966333,37.237095
[0;32mI (24150) ANALISIS_ESPECTRO: Frame exportado | t=23.50 s | pico=2000.0 Hz | 54.3 dB[0m
SPECTRUM_FRAME,24.520639,2000.000000,19.233147,hann,512,-31.581060,4.557778,10.292621,20.359365,15.792817,3.281044,14.977236,13.054298,-4.225362,5.219243,5.411365,-3.093926,7.077742,9.561646,0.221051,7.167717,11.064080,2.989281,5.172916,7.535369,1.074881,4.033042,1.109143,-8.152330,3.030908,-1.510056,-0.690921,0.078727,-5.256150,1.678584,-4.869927,-5.565970,2.667967,-5.275713,-1.579158,5.957027,0.475419,-0.928270,8.777200,6.111886,-2.430574,9.023425,8.732836,-0.475395,5.685498,6.968327,1.679864,-2.865391,-12.049276,1.324407,-7.254467,7.191207,4.079890,-6.892646,12.013205,9.030839,-2.972807,12.432021,11.095127,1.405417,10.344788,10.297755,3.788639,6.392545,7.256819,4.877081,1.384495,5.463059,5.467274,-1.920140,7.465796,6.192971,-4.392824,8.035546,6.325768,-4.929140,5.643834,3.845207,-4.027227,1.102321,-5.452493,-3.096738,-1.666051,-0.828129,1.060920,-4.821991,2.217127,3.541915,-5.737032,-1.128303,2.555330,-4.989820,-9.404028,-1.916601,-11.827927,-10.067993,-7.043682,-6.748040,-2.199327,-6.445660,-1.630919,2.927212,-1.680351,-1.427390,4.645401,-1.836629,-1.223190,3.798523,-4.980875,2.588274,1.448351,-1.297555,6.043079,-0.170157,0.184731,5.846251,-0.354668,0.130396,6.475789,4.829230,-2.044879,12.813826,12.648975,-2.117328,15.661266,17.477974,5.180835,14.946712,19.233147,9.365024,10.743576,17.828613,10.591784,2.566432,12.140683,7.833095,-5.776083,2.761834,1.727217,-6.201774,7.998421,7.831112,-1.316355,7.171357,8.573750,0.936659,2.951529,3.121250,-2.657638,-1.014255,2.936709,-5.710772,-7.971702,6.036903,3.403286,-15.463062,4.474557,5.009976,-5.104442,1.660132,4.201670,-3.340004,0.960832,5.472090,0.376903,-0.231771,7.569999,4.870260,-3.238659,7.832597,6.949682,-3.469508,4.542946,5.603618,-3.440688,-5.806623,-6.353017,-5.496662,-0.700440,4.436806,0.013079,1.359583,10.293940,5.380344,0.428883,10.817463,7.465919,-0.456937,7.924369,5.805763,-2.688558,1.882875,-1.484097,-5.675565,-7.628214,-4.354649,-6.719897,-2.540467,0.965151,-6.515601,-0.326255,3.353086,-9.700097,-2.820524,3.918138,-3.234842,-8.473743,1.210380,0.081163,-18.930384,-5.230374,-1.789863,-22.328049,-11.190711,-5.597187,-17.397867,-12.925468,-4.680757,-7.648663,-15.814132,-5.414175,-3.265449,-12.789425,-6.126355,-3.080827,-4.046610,-1.466377,-4.461591,-1.874560,1.931721,-1.365715,-4.224547,1.937873,0.781311,-13.025076,-1.731203,-1.978067,-21.735247,-9.274634,-18.774551,-24.809032,-12.225657,-4.743052,-7.086437,-9.289349,-3.086195,0.590341,-2.403585,-6.442391,5.917281,4.106761,-14.435988,8.846150,8.524276,-8.895370,8.789186,10.464640,-0.960654,5.031335,9.392477,1.421386,-4.485319,4.053663,-0.362874,-7.729800,-0.592225,-3.845048,-7.320861,2.396260,-0.686127,-5.664054,-0.922945,-3.563360,-5.011206,-3.049687,-7.084959,-9.117511,-0.759330,4.143666,-1.054890,-3.850229,5.614944,3.318558,-3.814471,1.855355,2.456000,-1.382962,-3.729981,-6.612670,-4.346502,-1.632027,-3.772675,-22.050646,-2.908966,1.612726,-2.338266,-9.521596,2.161123,1.151533,-16.190712,-0.215759,0.743066,-8.337188,-10.790883,-4.412162,-12.360940,-7.402616,-9.664690,-11.672403,-4.863081,0.757301,-3.848181,-8.053591,0.775448,-2.295833,-4.311692,-4.920946,-9.184853,-6.772386,1.053164,-3.934963,-15.440787,2.383491,3.639628,-2.887816,-1.968684,3.640682,-0.896055,-4.140423,-4.752678,-5.300577,-3.796483,-3.190566,-7.592612,-12.251834,0.939438,1.059343,-11.348952,-2.698363,1.137358,-5.989919,-11.354481,-8.836456,-9.715658,-9.600046,-4.573615,-8.773145,-12.946238,0.247699,-1.203656,-9.595121,-0.716456,-0.542238,-4.586039,-2.737375,-5.041323,-4.607459,-2.741674,-14.064634,-10.637279,-3.562270,-8.604491,-10.679580,-8.573296,-4.051143,-5.778348,-7.399665,-4.282261,-3.156060,-4.794719,-8.818684,-3.613854,-9.374933,-8.511532,-13.165958,-28.940220,-9.645530,-8.314264,-13.234552,-20.154135,-3.450771,-7.798779,-23.455326,-6.229043,-4.710203,-12.179268,-17.423754,-5.668344,-5.998960,-9.856194,-7.163724,-5.162517,-10.349646,-6.075411,-8.678735,-26.401688,-10.411201,-12.529746,-10.918543,-14.390064,-7.427535,-11.004929,-4.279539,-1.819344,-9.043924,-4.784548,1.164323,-1.926333,-10.175959,0.288796,0.926658,-3.920965,-7.354007,1.052755,-2.293030,-8.104644,-0.232288,-1.642646,-4.484720,0.296453,0.328057,-11.193009,1.118289,0.076288,-8.131659,-0.981172,-1.469396,-5.905416,-5.985218,-1.608607,-8.699264,-9.318724,-3.288251,-6.247400,-14.607706,-10.087438,-7.049270,-20.360039,-12.447415,-9.125820,-6.866299,-11.457027,-5.503181,-2.293704,-6.035895,-8.364209,-2.091312,0.088783,-6.880655,-7.307406,0.927105,0.447569,-12.344537,-3.458762,1.046151,-5.402620,-15.783483,-4.105756,-7.217249,-11.197460,-4.525184,-8.371316,-14.257801,-2.772161,-1.329598,-13.511710,-9.675100,-1.336492,-7.135422,-7.234323,-3.559979,-4.184422,-4.910716,2.005434,-1.743961,-12.825957,3.464745,1.058944,-11.858004,-0.141870,1.431405,-5.224227,-10.928078,-1.433745,-4.327660,-13.097279,-3.937285,-5.842308,-19.175837,-6.035126,-6.056042,-8.376539,-21.482203,-5.900838,-4.888244,-6.160763,-6.564173,-6.589195,-4.803186,-5.135431,-13.513630,-11.432728,-6.205053,-11.481113,-10.545492,-6.557649,-9.466268,-6.789527,-3.176215,-10.760111,-5.532585,-3.141720
[0;32mI (25180) ANALISIS_ESPECTRO: Frame exportado | t=24.52 s | pico=2000.0 Hz | 19.2 dB[0m
