Command: /home/yuusha1/esp/idf-tools/python_env/idf6.1_py3.12_env/bin/python /home/yuusha1/esp/idf/esp-idf/tools/idf_monitor.py -p /dev/ttyACM0 -b 115200 --toolchain-prefix xtensa-esp32s3-elf- --target esp32s3 --revision 0 /home/yuusha1/esp/projects/labs/Rep_SE_202601_grupo_Diego_Santiago_Chen/Lab_1/Ejercicio_5/analisis_espectro/build/analisis_espectro.elf /home/yuusha1/esp/projects/labs/Rep_SE_202601_grupo_Diego_Santiago_Chen/Lab_1/Ejercicio_5/analisis_espectro/build/bootloader/bootloader.elf -m '/home/yuusha1/esp/idf-tools/python_env/idf6.1_py3.12_env/bin/python' '/home/yuusha1/esp/idf/esp-idf/tools/idf.py' '-p' '/dev/ttyACM0'
ESP-ROM:esp32s3-20210327
Build:Mar 27 2021
rst:0x15 (USB_UART_CHIP_RESET),boot:0x8 (SPI_FAST_FLASH_BOOT)
Saved PC:0x42006ed1
SPIWP:0xee
mode:DIO, clock div:1
load:0x3fce2820,len:0x14f0
load:0x403c8700,len:0xda0
load:0x403cb700,len:0x2f58
entry 0x403c8908
[0;32mI (24) boot: ESP-IDF v6.1-dev-2938-g12f36a021f 2nd stage bootloader[0m
[0;32mI (25) boot: compile time Apr  8 2026 14:46:03[0m
[0;32mI (25) boot: Multicore bootloader[0m
[0;32mI (26) boot: chip revision: v0.2[0m
[0;32mI (29) boot: efuse block revision: v1.4[0m
[0;32mI (33) boot.esp32s3: Boot SPI Speed : 80MHz[0m
[0;32mI (37) boot.esp32s3: SPI Mode       : DIO[0m
[0;32mI (40) boot.esp32s3: SPI Flash Size : 16MB[0m
[0;32mI (44) boot: Enabling RNG early entropy source...[0m
[0;32mI (49) boot: Partition Table:[0m
[0;32mI (51) boot: ## Label            Usage          Type ST Offset   Length[0m
[0;32mI (58) boot:  0 nvs              WiFi data        01 02 00009000 00006000[0m
[0;32mI (64) boot:  1 phy_init         RF data          01 01 0000f000 00001000[0m
[0;32mI (71) boot:  2 factory          factory app      00 00 00010000 00100000[0m
[0;32mI (77) boot: End of partition table[0m
[0;32mI (81) esp_image: segment 0: paddr=00010020 vaddr=3c020020 size=0f458h ( 62552) map[0m
[0;32mI (99) esp_image: segment 1: paddr=0001f480 vaddr=3fc91300 size=00b98h (  2968) load[0m
[0;32mI (100) esp_image: segment 2: paddr=00020020 vaddr=42000020 size=16254h ( 90708) map[0m
[0;32mI (119) esp_image: segment 3: paddr=0003627c vaddr=3fc91e98 size=025e4h (  9700) load[0m
[0;32mI (122) esp_image: segment 4: paddr=00038868 vaddr=40374000 size=0d2e4h ( 53988) load[0m
[0;32mI (135) esp_image: segment 5: paddr=00045b54 vaddr=50000000 size=00024h (    36) load[0m
[0;32mI (141) boot: Loaded app from partition at offset 0x10000[0m
[0;32mI (141) boot: Disabling RNG early entropy source...[0m
[0;32mI (153) cpu_start: Multicore app[0m
[0;32mI (161) cpu_start: GPIO 44 and 43 are used as console UART I/O pins[0m
[0;32mI (162) cpu_start: Pro cpu start user code[0m
[0;32mI (162) cpu_start: cpu freq: 160000000 Hz[0m
[0;32mI (164) app_init: Application information:[0m
[0;32mI (167) app_init: Project name:     analisis_espectro[0m
[0;32mI (172) app_init: App version:      bc6dc7c-dirty[0m
[0;32mI (177) app_init: Compile time:     Apr  8 2026 14:46:06[0m
[0;32mI (182) app_init: ELF file SHA256:  d65aaaa4b...[0m
[0;32mI (186) app_init: ESP-IDF:          v6.1-dev-2938-g12f36a021f[0m
[0;32mI (191) efuse_init: Min chip rev:     v0.0[0m
[0;32mI (195) efuse_init: Max chip rev:     v0.99 [0m
[0;32mI (199) efuse_init: Chip rev:         v0.2[0m
[0;32mI (203) heap_init: Initializing. RAM available for dynamic allocation:[0m
[0;32mI (209) heap_init: At 3FC99690 len 00050080 (320 KiB): RAM[0m
[0;32mI (214) heap_init: At 3FCE9710 len 00005724 (21 KiB): RAM[0m
[0;32mI (220) heap_init: At 3FCF0000 len 00008000 (32 KiB): DRAM[0m
[0;32mI (225) heap_init: At 600FE000 len 00001FE8 (7 KiB): RTCRAM[0m
[0;32mI (231) spi_flash: detected chip: boya[0m
[0;32mI (234) spi_flash: flash io: dio[0m
[0;32mI (237) sleep_gpio: Configure to isolate all GPIO pins in sleep state[0m
[0;32mI (243) sleep_gpio: Enable automatic switching of GPIO sleep configuration[0m
[0;32mI (250) main_task: Started on CPU0[0m
[0;32mI (260) main_task: Calling app_main()[0m
[0;32mI (260) ANALISIS_ESPECTRO: Inicializando analisis de espectro[0m
[0;32mI (260) ANALISIS_ESPECTRO: fs=16000 Hz, FFT=1024, periodo=1000 ms, export CSV por serial[0m
[0;32mI (280) main_task: Returned from app_main()[0m
SPECTRUM_CFG,16000,1024,512,15.625000,hann
SPECTRUM_FRAME,1.006339,93.750000,55.410217,hann,512,31.389429,20.572750,51.247643,60.115833,56.197769,45.286198,55.410217,54.079433,39.706177,48.468151,49.703629,37.499775,43.967194,47.126732,38.264412,39.057686,44.267960,37.253117,33.392223,42.702393,37.725685,28.686497,41.427391,39.700684,24.912041,32.126362,33.912651,25.387924,32.694778,34.126671,27.091778,33.713715,38.361683,30.784222,24.410797,31.398993,27.611809,17.919727,30.109528,25.423813,21.528532,35.310818,34.320633,14.471818,31.605494,34.259262,20.032921,21.847067,28.808081,24.711790,23.073843,28.923552,27.514801,23.281494,31.554277,30.433487,23.514368,30.997974,30.271938,22.286869,28.102245,28.851767,15.694048,22.304754,29.018747,23.207867,18.420788,26.932592,25.269367,18.107698,20.446642,19.008711,14.628181,6.638560,12.656395,3.373377,14.358517,19.377735,11.728462,11.629086,17.310621,11.224975,12.927898,13.340813,8.058135,15.300381,15.686882,8.199141,11.380945,13.459202,-2.845109,9.115817,16.741789,13.911932,9.790890,16.305437,18.842489,5.884606,4.227978,16.612522,13.919374,16.048439,19.932447,18.490654,17.227972,21.047958,19.588335,11.982218,11.814339,14.363924,2.535093,14.796208,14.751999,15.225378,18.336563,19.437729,15.737552,13.583821,15.603167,7.878494,2.457862,13.188206,16.725342,14.014239,17.571762,20.011719,17.421097,16.496044,18.094713,16.251671,10.946369,14.059036,8.502975,-9.142321,12.091669,5.483399,6.449880,13.589726,14.217996,11.845240,13.207830,15.493411,14.512293,8.188959,4.720426,12.791791,10.790433,16.072203,7.330628,13.696990,21.096277,18.306381,14.660769,19.508131,20.306984,14.563673,11.104050,14.527144,11.201065,5.098912,10.750902,4.700107,7.939826,16.934164,15.674935,6.534312,12.463435,16.967625,9.016404,0.524795,9.365295,8.042169,12.051377,10.081023,-2.749210,11.649664,16.109211,13.024436,7.692167,12.646894,14.021904,2.097773,-0.080694,-2.945009,5.099320,13.344967,15.029661,12.892582,12.408681,17.245531,15.107468,-3.641479,10.908371,10.234984,9.897157,10.714066,5.574310,13.483423,13.238178,13.305911,10.577129,11.387453,9.014230,-7.895861,13.245893,9.902081,7.618012,14.552321,13.131702,10.722746,12.244515,9.375381,6.373510,5.175399,10.617422,-2.711785,8.642818,13.375198,7.195904,9.125411,12.374209,8.532188,1.725869,5.278565,7.371383,5.611622,3.028277,-2.024237,6.845960,10.855978,7.508173,-0.558248,8.539415,13.753562,6.694714,-12.281462,10.890313,11.806824,5.644093,7.213007,8.665960,3.894028,17.003420,11.793808,8.548971,17.354015,18.022438,14.557114,12.011209,16.277824,16.222347,0.706864,6.956508,12.014074,1.360365,12.703451,8.012548,-1.973175,10.427604,11.051674,0.626266,8.718893,2.636710,1.754007,13.595353,16.226503,10.323641,13.839302,18.584896,15.528130,10.806023,15.809313,14.792972,1.183282,13.149906,2.427491,4.379461,15.559892,11.395824,9.673247,15.926193,15.609522,8.675264,14.953213,14.887684,6.074886,14.139069,16.511864,5.163922,13.373031,18.307264,10.160984,11.747053,18.658577,11.816959,8.316674,18.906620,16.159046,5.977166,17.824158,18.551682,10.948345,14.085168,16.755056,12.863265,7.674019,16.061255,2.345420,5.131498,16.856808,12.704839,-3.516015,12.658422,16.004389,7.986130,5.167060,10.484938,12.430971,7.024351,10.528135,7.477822,-4.094649,14.234049,7.061278,-0.266502,9.429714,9.683973,-3.885259,2.653424,3.749340,2.367714,11.527976,13.700418,11.344210,11.105721,15.774827,13.971299,4.183849,10.134063,11.430325,-9.568623,6.284006,0.103230,0.128940,13.253105,10.625942,0.376707,13.868657,12.892996,0.831618,15.785607,14.247217,4.519859,15.157835,16.609390,9.305968,8.948067,14.489155,11.551725,-8.957374,3.911429,9.192671,-10.358580,8.342909,1.715804,-3.369222,5.171904,6.908450,4.501147,-8.984767,3.733182,7.285696,0.047468,-3.730490,3.873599,-0.775230,4.609024,6.647388,5.807230,3.428964,11.517384,9.698373,1.976589,8.503233,10.749653,-1.016521,-0.493515,5.762856,2.202060,6.336612,4.885608,5.905758,0.257346,9.913335,6.133889,6.232176,5.307114,3.827197,7.611089,-5.218364,-11.681061,-0.485681,3.305153,8.642410,3.539603,2.725129,10.728510,10.421595,5.671300,5.129003,8.204376,8.769533,9.443277,7.937418,8.894508,11.362694,15.024439,7.121341,6.691798,13.729520,8.036564,4.246989,11.599295,5.548067,5.715690,17.889473,15.025555,8.595295,19.255558,18.884155,12.773070,18.876245,19.503736,14.344415,16.903206,20.327368,13.708953,8.579844,20.100075,13.231931,8.497042,19.456514,13.489647,10.737970,21.783104,17.273872,5.845819,21.863159,20.915112,-0.060276,19.648825,22.324203,5.471041,18.539045,23.928650,13.482468,17.326723,25.265329,18.559547,15.831831,25.306280,21.504000,14.517975,25.442736,24.387268,13.446008,24.778845,26.685841,15.067731,21.873348,26.684895,17.215040,17.571903,24.821205,17.057447,12.590326,23.760492,18.076126,9.327907,22.235167,20.810202,9.386600,19.256266,20.822578,8.371578,18.066738,19.865551,11.025968,15.991650,19.860867,14.279816,10.806776,17.786253,16.014635,4.488073,13.311064,15.076452,7.153257,6.432985,11.285141,7.881881,-9.944991,6.533770,-3.145491,-5.304348,5.587194,4.518922,1.562263,-0.017296,5.685860,7.401618,4.973591
[0;32mI (1670) ANALISIS_ESPECTRO: Frame exportado | t=1.01 s | pico=93.8 Hz | 55.4 dB[0m
SPECTRUM_FRAME,2.028692,93.750000,55.479702,hann,512,32.965580,28.613741,51.652851,60.073124,56.203690,46.146706,55.479702,54.134937,40.977707,48.651886,49.840195,38.518089,44.340282,47.212658,38.013969,39.763283,45.027840,38.043884,36.103558,43.832603,40.875439,35.650715,42.595753,41.978794,33.788162,34.775627,36.233734,28.439295,29.909672,32.838657,21.027008,33.271168,38.544422,31.584232,26.121243,31.882347,28.031111,21.856329,31.395082,28.271095,26.981884,37.198841,36.955753,29.558466,34.752346,36.955284,30.420082,27.035427,31.433353,28.548805,21.679909,26.172428,23.330013,18.881496,29.129204,21.763268,15.272175,30.356970,29.367331,21.623590,29.692450,31.766617,24.101704,26.150808,29.707417,22.323818,16.734652,21.870029,10.745438,14.763923,11.770096,16.726976,20.548000,19.153301,20.333204,20.514931,20.725121,20.648546,17.679070,21.834715,22.599619,13.436056,21.298056,24.112417,9.313576,17.417910,24.420527,9.772252,2.445117,20.888891,11.415485,8.074318,5.516787,4.955322,2.334707,16.708181,15.040036,7.283332,14.203072,16.371819,8.813233,15.463591,17.883350,12.124203,17.379353,20.721350,15.883862,12.408394,15.395250,10.290207,14.231110,13.652363,16.109558,16.895285,20.625805,22.322237,17.114843,17.740360,20.905109,14.849432,1.807661,4.125135,5.470860,12.550888,16.664883,13.445578,12.788449,17.563780,15.035967,9.740427,7.470607,2.958786,10.058812,9.325760,12.603558,14.093487,12.488746,15.549004,15.671557,9.586368,8.312072,10.893120,2.191716,8.209709,7.769930,-1.331025,13.030005,17.490013,10.610556,9.794167,17.711916,13.310862,4.070421,11.206701,9.704743,7.647192,7.969402,3.564528,9.298879,10.822012,7.977887,7.996817,4.651759,0.048713,3.756903,1.563467,9.971788,10.064092,8.652335,13.348381,13.198500,9.221043,10.152091,10.444698,7.266619,2.840708,-2.777384,1.371963,4.970479,6.541088,-2.918776,-5.527690,3.714052,7.020934,7.667292,3.614582,9.161440,10.657976,11.366872,9.112420,5.082200,9.678086,10.118999,5.164818,-1.143483,7.556248,9.805909,11.513377,-1.165013,3.763877,11.417581,13.254025,5.351180,-0.020031,15.384917,12.271918,9.940924,12.550409,9.875506,10.167885,7.406414,0.087069,-8.089029,-3.401012,10.532546,10.686988,5.238112,8.618675,12.770971,10.701118,-9.051467,7.317916,9.373108,5.185743,7.847069,1.691214,3.605426,10.771274,-7.301322,2.590494,6.349184,0.442896,-2.394295,-2.703060,-5.506310,-2.903282,-5.624038,-3.818054,3.995862,4.795891,5.396586,8.008455,5.495534,8.543261,9.378365,-9.422050,8.276905,10.935440,4.890391,11.465698,15.410969,12.185272,14.264574,16.686005,15.418824,13.239045,13.069062,14.446918,10.102973,5.341659,9.562366,10.006962,12.378980,12.365874,10.807198,11.354681,15.325478,8.643199,4.496442,14.264986,11.789879,12.141389,11.471436,14.527121,13.911685,13.972643,11.205606,11.055970,15.867685,7.215548,7.663789,15.845146,13.808217,11.944706,14.767784,15.281421,14.064845,11.322840,13.554756,14.891767,0.797040,8.226495,13.947717,3.033341,5.720379,7.843049,1.390795,10.770061,4.028835,5.027926,11.111647,12.793355,12.788630,7.577681,13.991774,14.831739,0.909026,10.545164,12.881331,-7.973556,3.280432,7.349350,0.942994,9.386080,9.426351,8.507446,11.520693,12.357024,9.921452,10.231747,13.559038,10.180042,10.669512,14.758604,12.436159,12.675280,15.017876,12.767630,11.936383,12.303083,10.218171,8.935758,3.113984,5.356474,6.818333,7.652203,1.679828,6.735507,10.243827,7.112054,8.669757,9.354095,10.623348,9.704206,9.267207,10.391177,10.118738,10.039177,5.588502,9.334517,12.985879,2.100508,8.688304,14.065706,7.458659,8.385672,12.738173,7.191469,3.275373,10.512220,6.014307,-1.173342,5.240376,9.473177,-4.153163,-11.251683,8.981525,5.747186,4.445492,1.090360,9.939904,8.994102,-13.119207,10.206126,9.274396,-0.062925,10.518377,9.733658,7.061108,7.416215,13.270611,11.822672,6.816172,11.325550,14.958401,10.389002,1.219490,13.940004,13.475518,2.401866,6.031967,13.841014,4.392963,-3.968207,6.372398,5.409636,3.230273,6.378171,-1.511595,6.483057,13.681660,13.819789,11.357402,15.351049,16.560272,14.943726,14.879782,14.180008,13.928618,9.898369,10.008306,1.970874,3.450368,11.753211,10.312149,13.753485,15.099944,14.390163,13.269540,17.516668,13.446018,4.667746,16.777246,14.836641,-3.103926,15.709835,15.178594,0.184620,15.898275,15.939344,-2.535362,15.658995,19.448418,12.218352,17.976433,21.263126,17.124769,17.446854,21.893015,17.231251,11.873654,21.759342,17.360525,7.286186,22.514484,21.005049,11.984112,23.082077,23.891064,15.150055,20.998716,24.570187,17.312258,17.385601,24.027065,18.095737,16.237200,25.225903,19.928972,15.038424,26.037195,23.802647,15.407777,24.927370,25.606527,17.299665,23.398066,25.910614,17.888514,21.301792,26.408833,18.673265,18.059586,26.207445,21.253525,17.187151,25.295231,22.469767,16.354578,24.231112,22.893757,14.487176,21.098778,22.725616,13.019700,14.969483,20.545004,10.835076,10.979319,19.050201,9.136494,9.756427,19.127476,15.395977,8.557165,17.455593,16.485672,9.196183,13.827285,12.793112,10.642128,1.412594,7.464348,5.219526,7.926589,3.165692,-3.345282,9.080889,9.623751,3.847954,4.460337,10.417259
[0;32mI (2680) ANALISIS_ESPECTRO: Frame exportado | t=2.03 s | pico=93.8 Hz | 55.5 dB[0m
SPECTRUM_FRAME,3.051055,93.750000,55.232830,hann,512,31.736986,6.960364,51.008450,59.985195,56.137665,45.692574,55.232830,54.051456,41.765591,48.298958,49.684978,39.174530,42.900208,47.573204,38.158802,34.799870,44.729698,37.056736,26.510527,42.029018,35.382008,21.924294,40.277573,37.495770,15.264287,28.899050,30.263357,11.529794,32.440052,35.304409,26.103437,33.151123,38.955952,32.697826,27.818565,31.833115,29.956154,22.507412,30.753614,26.752914,21.656931,35.734703,36.741776,27.548563,33.182915,36.656940,29.520557,24.261391,29.856247,23.864756,20.651682,26.396608,21.441414,25.991039,31.700554,29.283903,22.887825,31.582384,30.337330,16.287802,28.703140,30.639206,21.166283,26.370991,29.586941,23.796650,22.228065,25.892673,21.158010,13.635983,18.977505,18.969498,14.090904,18.499731,18.215578,11.484590,19.937937,20.365927,8.842168,17.836132,22.673443,18.381021,12.773458,19.711071,20.200489,6.904801,11.174341,16.129732,8.562054,11.936701,-7.003931,2.745824,12.408219,16.346268,5.313649,13.495160,18.946301,10.711741,11.838899,6.342282,2.259984,13.802364,18.255312,16.818718,12.426428,21.380922,21.762974,10.693169,14.941109,17.681370,6.519148,9.271162,13.339741,4.245986,12.874189,21.276867,14.405379,1.970630,18.448069,15.013525,4.195510,1.090382,9.297689,9.741948,14.947166,17.111048,12.429886,13.790720,16.982494,12.520608,4.026901,9.734155,6.225887,6.874629,10.156564,6.924761,13.310758,15.401192,13.812533,13.314118,14.459538,13.930218,10.468702,9.035326,11.642969,9.544989,8.688444,11.146955,6.804618,-0.324224,7.676181,1.280100,8.652724,4.660027,9.668632,12.572802,12.243460,8.398023,9.877560,3.189789,0.872746,8.512422,10.176682,0.156315,8.623090,13.774247,8.665324,5.951006,9.225617,5.078571,2.105589,-3.148925,4.806763,7.134464,4.747865,6.529691,5.246640,8.766087,7.015471,2.380543,10.703514,13.106021,1.978442,9.210012,14.857482,4.095311,0.072141,10.661074,4.867380,3.917763,-2.826971,6.052046,8.710644,5.224152,7.315843,13.709231,11.078766,8.895954,16.278231,14.064870,10.921006,15.308858,13.522544,9.144052,10.460501,11.322203,7.477537,7.484118,8.280419,4.144219,5.308863,0.581109,2.966657,-0.944085,0.049035,2.338526,0.721895,-7.159042,-1.260174,4.099527,-8.280192,-15.431142,0.944718,2.921271,4.505039,4.636615,3.047212,9.497039,5.774875,1.995096,6.469366,2.881553,7.646794,3.116941,0.831277,9.480451,13.591977,11.190990,11.002418,15.307408,13.887502,8.904573,10.936785,12.461747,5.173745,7.367887,7.646356,0.918885,9.194999,9.149965,4.055059,6.320585,10.188432,3.653905,1.644678,4.410258,1.705738,12.537342,11.322329,11.880362,15.064955,14.570651,14.741405,15.031664,14.831579,14.140545,15.188309,17.080917,16.213972,18.187346,19.958008,19.110722,18.759201,19.393064,19.244812,18.277374,17.476515,15.642773,16.868759,16.768457,10.741650,13.154997,14.538417,14.195300,6.081006,-0.009591,12.877425,8.209949,5.856098,12.898350,10.321198,6.901254,13.612962,7.444713,10.576485,10.509878,6.624699,11.818580,2.719050,5.744356,10.297213,4.875343,6.790791,11.059500,8.259897,1.321722,6.928906,4.872461,-1.467885,5.707869,-2.738513,8.914532,10.522860,10.121345,11.818678,12.145566,12.109570,9.949381,10.673763,11.709366,8.872167,9.849894,8.849882,3.603393,7.404993,-7.755300,-26.095039,6.197010,4.820575,4.541345,7.605314,10.569762,7.664467,7.250448,11.094903,7.530056,3.502400,9.071432,9.033098,4.211970,4.124240,7.780230,4.797493,3.198816,0.576539,4.292432,6.180639,6.551876,4.304554,-2.595315,0.449098,4.316025,11.069954,10.195092,7.830055,14.109505,14.265076,9.319431,12.846102,13.811182,2.888183,-1.709185,7.597398,2.951229,8.802111,6.658453,7.049268,11.547040,15.201082,13.964076,9.018477,14.993719,16.887821,9.097506,8.891053,15.997139,11.457538,3.633239,9.951545,9.376215,0.169104,7.538197,7.873497,2.359364,4.861559,6.492418,2.140581,-2.695571,5.156021,-8.465900,1.542727,9.867849,6.511014,6.563305,14.442951,14.180002,10.278944,14.858146,14.775609,11.656891,13.365074,12.386060,11.955223,12.907866,9.091006,10.115852,10.861191,6.576922,9.656001,11.507360,1.969145,6.007860,13.088053,11.965313,9.705348,12.367880,14.761234,10.533409,9.864337,14.283159,10.981668,8.606697,16.226833,11.820705,7.700058,18.127863,17.165745,11.147733,16.772163,17.822813,12.007072,13.276206,15.103222,6.842115,15.830489,19.766087,11.398439,18.348379,23.623291,19.070345,17.890974,23.874311,21.096859,15.346719,22.872845,22.149288,16.045057,23.359814,23.696098,17.082401,23.698814,25.985296,18.813631,22.104025,26.791363,21.197157,21.091068,27.013044,23.060503,20.084888,26.992863,23.785557,16.147339,25.949858,25.345551,13.529257,23.178110,26.168463,16.977900,21.167194,26.539040,19.899708,19.208382,26.293186,21.444763,16.352575,25.322235,23.048912,14.825001,23.132610,23.042557,13.612185,19.929665,22.575663,10.543585,12.204023,21.458183,12.221855,9.701262,19.939014,17.985514,13.287228,17.969208,18.031925,12.251726,16.226402,15.199238,7.735385,9.840867,11.730032,-7.330427,3.472556,11.990219,4.801696,1.902791,8.801828,3.253764,-1.230994,3.844738,-1.928292,3.961449,3.843756
[0;32mI (3700) ANALISIS_ESPECTRO: Frame exportado | t=3.05 s | pico=93.8 Hz | 55.2 dB[0m
SPECTRUM_FRAME,4.073413,93.750000,54.041748,hann,512,32.390213,24.068928,51.359806,60.257603,56.408848,44.713192,54.041748,52.788162,39.784481,46.678658,48.076271,37.113052,41.982845,45.542435,36.068302,36.948544,43.199352,36.026817,33.880489,42.570885,38.212746,29.225559,39.846375,38.682343,24.062325,27.071886,29.956814,14.464930,29.646816,31.349134,20.174393,29.885765,34.908905,28.215063,21.397287,28.433521,25.969101,19.862627,32.737968,30.486658,22.509882,36.442303,36.560509,25.224321,33.388626,36.324833,26.922379,18.736631,24.362135,15.811051,24.301088,30.646366,27.855251,27.592041,34.465710,32.354065,21.096451,23.607538,24.202766,16.546345,28.059303,29.578255,20.237476,32.382404,37.040966,29.741793,29.484158,37.717388,32.856308,18.072079,27.095749,25.142019,12.911363,29.125839,29.153839,17.294481,29.318958,31.806873,18.944376,23.891754,29.713490,20.985554,19.727270,24.534237,16.846235,18.837774,24.858360,21.971228,20.223787,28.762323,27.960054,15.483460,26.196190,27.313025,14.328555,21.579742,22.840059,17.853893,15.159965,17.268364,14.273043,10.422184,19.277023,16.877865,11.944324,19.028854,15.636312,1.601275,23.201725,24.618534,7.145467,9.330612,18.289486,4.600008,22.515316,27.726578,21.716591,23.648092,31.258141,28.391785,16.562244,31.837217,30.432560,26.017735,43.798058,45.054253,34.151573,45.520824,49.570354,40.966381,39.372147,45.703930,39.392479,19.294703,29.694046,25.870287,18.503258,32.213406,30.992744,17.932831,25.424019,27.306602,15.128132,21.406042,26.483896,17.965353,22.674616,28.531525,22.264046,16.374304,21.364025,18.626448,6.718222,20.738911,18.149271,12.560473,26.151049,25.871229,12.158533,18.728527,20.436138,9.689671,23.127884,25.956524,16.072128,16.508410,25.026688,21.876719,8.705946,25.172623,23.231771,9.929293,23.990223,24.575325,13.340941,21.570091,23.256195,12.914339,21.992464,26.444513,16.350544,18.564571,22.578154,14.820807,6.473299,16.995489,18.244289,10.321669,23.491459,21.111536,9.574615,31.779140,34.748550,23.875832,23.903236,30.441647,21.206940,20.189987,28.022852,23.699608,7.825942,1.044233,-1.384196,12.376510,24.083595,24.962320,16.650427,22.213850,23.782997,16.843225,17.398502,19.032215,12.211753,10.176130,19.303759,18.058010,17.139633,22.548859,22.865021,20.587864,26.774105,27.246788,20.633781,26.705334,29.348118,22.233513,21.268257,25.626320,18.939676,15.491954,20.980450,13.572044,14.042345,18.814606,12.201962,13.971790,18.332373,13.525834,9.499902,15.695904,17.237972,11.888550,12.869461,18.271334,13.744053,-6.143936,12.101077,15.881823,18.103065,28.569098,27.177132,22.541418,30.155504,29.737572,22.255066,27.017614,27.877396,21.731560,26.851357,30.569231,18.107059,23.050163,29.348116,21.503716,13.672891,20.080944,22.373907,18.252800,22.759521,23.779381,20.188797,20.310469,21.549055,18.228571,15.369998,18.278322,15.644459,16.784830,24.537998,22.027693,11.313291,18.997862,20.919964,13.184876,19.922741,22.444893,17.685095,22.359552,25.214523,20.063080,15.351061,18.436901,12.249490,19.974857,22.140564,17.654507,8.374771,15.099768,17.782812,8.602009,13.618995,10.884655,13.746590,15.329467,17.983311,12.739557,-9.381811,10.113524,12.038136,11.223569,18.138334,13.802910,7.706678,14.129872,16.155901,8.738634,27.212210,24.228773,12.328788,33.855732,35.465218,24.232607,24.945620,29.909800,19.694300,15.071291,15.706029,11.938382,7.196688,16.525835,12.154559,13.940558,20.404320,17.155369,11.891087,10.551715,6.737236,7.352097,13.879950,18.631882,13.852388,16.825731,20.918932,18.841890,17.984764,21.165531,16.768047,12.483105,19.850618,21.864174,18.836161,15.155584,18.707573,22.492178,23.977943,22.381569,14.341299,13.258169,16.285761,8.237941,10.482773,18.753403,13.485743,8.624295,16.079596,14.067363,11.648961,17.150572,15.594410,8.491981,9.155951,5.886867,14.636792,18.402647,21.469654,6.879990,16.460264,21.028496,20.084530,11.658168,27.154583,21.870394,18.863171,30.248562,29.418642,20.767555,26.623125,27.083761,11.087898,12.600208,21.197634,14.357136,17.985476,20.769569,16.344812,13.429438,1.070645,12.211818,15.600822,17.017630,14.940634,9.152478,15.727015,15.157473,-0.579094,12.392388,10.917147,8.597458,7.156002,18.807671,10.720620,8.800171,12.840778,5.150377,17.454235,23.996132,21.565147,15.478785,21.751383,22.537418,9.315947,12.100934,19.330017,16.437643,11.319417,20.031137,11.775900,12.287637,18.635706,14.666419,12.797357,16.808859,18.552231,9.099530,6.884530,15.791550,12.193357,10.631876,20.209297,14.651284,15.598725,26.681763,22.675507,17.144043,26.687201,24.270517,19.448524,29.908432,31.525894,25.581791,23.657076,24.830854,17.628357,20.502625,22.458618,14.246967,21.634758,29.571644,21.329643,7.111226,25.571640,21.483105,15.474827,25.567997,26.128292,19.407928,26.993660,27.835981,18.433945,25.985929,29.936424,21.664635,18.563618,26.027395,21.710997,18.698393,23.630573,17.725735,17.738798,23.231508,18.501299,11.861073,21.387415,21.639946,19.757267,14.281006,22.282808,16.810181,17.958141,21.026970,14.915699,14.724754,18.185919,13.115984,13.798094,19.390133,18.192247,14.506856,17.684458,17.816002,9.210512,13.070344,14.763615,12.632767,10.192023,16.042580,17.174303,17.106033,18.992542,11.823366,-5.857522,21.205376
[0;32mI (4740) ANALISIS_ESPECTRO: Frame exportado | t=4.07 s | pico=93.8 Hz | 54.0 dB[0m
SPECTRUM_FRAME,5.095787,93.750000,54.282784,hann,512,32.005219,27.821255,51.706940,60.471161,56.660915,44.763874,54.282784,52.948769,40.344929,47.140907,48.309586,37.058922,42.150955,45.825428,36.939972,36.966080,42.790012,36.007450,35.029541,42.920708,38.543037,30.205870,40.487534,38.720043,19.789431,24.753532,27.682941,15.796739,34.062931,36.545486,27.229177,33.606407,38.209007,30.451366,19.343765,27.518080,23.023487,22.239639,32.998974,30.547190,23.275003,36.484524,36.293591,22.460096,32.280396,34.515415,21.167421,21.028728,23.295315,19.501135,26.696671,32.973480,26.897013,22.804756,33.672844,30.797916,13.020253,22.608412,20.931475,5.339134,25.514961,29.705688,21.671013,31.426075,36.502266,28.774448,31.143417,38.457664,32.963783,19.882484,29.678894,27.126240,18.210051,30.559626,29.932833,18.614893,29.851828,31.946142,16.151478,24.146820,27.013191,15.282074,22.179441,25.764641,20.876324,15.404081,26.657772,24.612410,14.403164,26.146601,24.569790,8.198788,21.988052,23.155575,15.944432,16.536198,19.402626,14.272577,18.603880,26.003664,15.739303,16.504915,26.249781,23.924082,10.936327,18.935379,19.416668,-0.196719,23.504389,24.424379,12.996150,2.534259,13.847705,14.497885,24.102461,28.091127,23.034952,21.913338,30.530149,28.023888,22.398016,32.431286,30.980991,29.261915,44.485210,45.538750,34.966965,46.386063,49.859230,41.073017,39.979912,46.010338,39.660458,22.660553,31.738749,27.109606,23.158028,33.153690,31.364603,20.082884,26.205521,26.800755,18.066374,26.050922,28.196096,21.696384,24.803808,29.089741,25.448204,15.558320,17.285847,19.865730,17.903593,25.471642,21.804583,21.327467,28.811872,27.341230,21.805168,23.687073,22.302332,19.534424,19.586357,21.537483,11.228146,20.207693,27.480934,22.182615,15.892733,23.708855,20.553520,3.964341,19.295021,19.159018,-0.652934,22.392693,24.019117,15.124999,21.338562,25.626936,21.854786,13.703303,12.183622,12.630157,15.141187,16.839615,12.625123,5.729830,24.309399,25.356558,14.585795,32.639336,35.428783,24.708546,22.783596,29.352419,19.270786,20.691235,27.335766,24.076859,15.293926,5.764650,7.346368,17.418905,24.711033,24.107464,18.465672,21.383085,22.213261,13.667594,16.788580,20.672682,14.927989,21.720850,23.907537,17.902853,14.897891,19.541986,18.979776,0.587552,25.541227,25.464233,13.408489,30.751930,31.924971,20.550079,26.146267,29.340117,22.978054,2.569677,9.003797,5.302399,11.719776,20.312229,18.050406,9.774319,18.912016,16.394484,11.203294,11.340636,14.803345,19.671078,18.029686,23.362347,10.446506,9.993891,9.539824,16.077808,19.410364,30.937458,26.882267,17.020935,31.734222,31.657368,23.174084,29.431965,31.018248,21.113359,28.011072,31.974121,20.949745,22.982967,28.938341,23.128050,6.730134,20.576042,20.515053,19.280107,25.514664,22.175556,9.477192,14.687174,12.963604,17.621080,21.976206,24.098003,21.633995,19.844427,23.506985,23.881447,19.031958,-2.013891,14.256730,18.690254,24.022274,23.458891,20.811321,25.687857,26.130466,19.486006,18.714392,21.665079,21.577480,19.678541,16.553333,17.917664,17.995199,19.177839,20.440346,20.155746,18.760073,18.452381,17.939266,14.644370,16.979902,17.864651,9.141241,15.155057,6.192209,17.674589,21.726713,21.881857,9.824043,19.648516,15.927101,19.342064,25.910477,24.440712,22.877922,34.828556,35.175137,25.961706,28.094671,30.908377,23.611689,8.950981,11.434202,15.190902,13.776273,11.340870,10.590574,11.551418,19.047388,11.925966,-2.612336,11.442314,14.521155,14.013296,8.918895,6.269748,5.715294,13.930383,16.745312,16.966715,9.919447,12.077330,11.673038,12.098352,14.068226,10.065249,2.896814,14.130320,3.691646,19.760124,19.261868,7.776978,13.997902,16.324574,14.681702,14.157598,13.269792,12.310935,14.746019,13.331125,11.353961,6.828087,13.627401,15.951674,6.603503,8.354356,9.787880,9.145729,4.095297,16.542212,19.909851,17.045677,14.785701,20.752218,21.360350,10.669545,27.675112,16.316002,20.163708,30.317392,27.923449,17.275885,25.625563,25.020802,8.077509,11.910522,21.046551,6.550636,14.584370,23.469389,18.661331,12.163697,11.322453,7.296661,9.044589,14.328938,7.883464,-13.165640,7.376766,9.828543,5.679704,-0.695698,8.980168,10.346137,14.786344,12.472400,0.457116,12.489310,17.478947,-0.511584,18.885237,21.571779,13.538600,11.053462,12.768343,13.801725,14.628822,12.916948,17.770645,13.763781,11.462153,14.039032,14.863051,10.990761,15.875907,11.699127,12.691923,20.817606,20.767418,9.617237,-8.930846,14.700747,14.151514,16.896593,22.388212,20.664078,17.526871,20.327961,19.074871,17.921791,24.970604,25.923355,25.606995,29.394894,29.966297,26.246738,22.163324,22.869381,20.939867,25.564873,28.855198,23.291742,23.508495,28.924099,22.661106,12.834347,20.957668,19.769327,16.475994,27.328918,27.036036,20.319622,25.305803,26.210115,16.876234,19.027760,25.450489,14.065620,17.817867,27.859270,24.536076,24.475786,30.403406,27.441162,25.115292,29.128420,24.944706,20.038876,17.865749,20.266933,20.866867,19.697277,23.910049,4.536192,18.393377,25.815725,21.614092,18.757915,20.606815,13.541037,12.536943,20.413822,20.543274,18.805889,19.702904,17.447620,14.660273,17.083363,17.631943,15.592251,14.485778,13.765100,9.866220,12.236286,12.813215,14.550817,7.285949,19.197033
[0;32mI (5760) ANALISIS_ESPECTRO: Frame exportado | t=5.10 s | pico=93.8 Hz | 54.3 dB[0m
SPECTRUM_FRAME,6.118139,93.750000,54.542488,hann,512,28.250908,28.425560,51.663326,60.405029,56.630219,44.123692,54.542488,53.115417,39.955593,47.491528,48.546913,36.601772,41.933292,45.390743,35.434261,36.460869,42.436787,34.569416,34.049408,42.888649,38.633846,30.159018,40.844521,38.970512,22.531137,28.942402,29.846460,18.369709,30.035084,32.559128,24.070265,31.800241,36.205711,29.313498,22.192204,30.478556,25.792622,23.223854,32.015427,30.349676,21.907976,36.990097,37.123642,23.727724,33.617306,36.313519,26.601162,12.812136,21.136745,17.265583,26.174147,32.732769,27.200344,24.553988,34.489685,31.909622,9.499684,22.299864,20.893984,12.745724,32.754269,34.929600,23.209753,33.389820,37.685482,29.911697,30.891201,37.922619,33.155155,17.815739,27.078516,25.421562,15.077633,27.068708,26.065977,12.118956,29.252817,30.716288,19.860584,24.554930,28.618362,22.419132,15.685974,24.609703,20.829384,13.903584,24.249825,22.862894,7.129807,26.034447,26.517382,11.553286,23.124996,25.985106,18.791811,16.024992,20.064541,14.762287,6.452031,16.075359,12.954821,8.005572,11.545897,12.417273,8.856441,17.212561,17.590799,9.698624,22.141747,23.245785,3.281910,9.519237,9.918738,4.365044,18.436983,26.478638,21.543539,21.528616,29.959431,28.037710,15.088016,32.261127,32.258286,25.573303,44.077568,45.394966,33.765274,46.330151,49.667454,40.676044,39.514423,45.502434,39.186790,24.823162,31.912437,26.162018,22.452776,33.126129,31.647423,19.516172,25.456799,25.858997,13.831767,21.850182,24.765465,15.097766,21.433998,26.735096,20.562977,8.154010,20.467091,14.993392,18.203537,23.867647,23.839573,18.431875,28.164389,29.555271,20.333141,22.740908,26.769108,19.401045,23.484627,28.995592,21.538599,19.539581,26.916046,23.081198,12.711759,24.991749,22.484592,11.359692,26.053280,24.968946,7.560225,25.783886,27.078907,15.907284,25.785944,29.123646,22.699226,20.610992,27.538242,23.006361,17.807182,27.124622,23.455368,5.481448,22.318741,23.601025,-11.270480,33.430908,35.444599,22.003029,26.146538,32.251305,22.902325,14.876116,23.237835,13.486464,0.987040,17.778364,12.516830,-4.659953,1.846073,5.376663,10.112032,5.816850,5.900258,7.715833,12.029888,16.763781,9.218710,3.542305,7.146082,10.803814,11.373558,-11.733364,13.602700,8.646997,22.144264,21.851078,15.093750,22.918724,26.196243,8.394658,12.642544,19.847187,15.233580,10.091181,15.889118,16.662264,6.902276,18.255777,19.139503,11.090003,15.700037,18.819420,13.986894,8.686828,14.653114,15.726605,20.710445,23.832386,19.550737,13.063929,17.248922,14.366302,22.033211,28.233963,25.665230,23.377569,30.910816,29.323460,15.812469,25.322912,27.326359,17.162764,30.681993,33.507133,25.916346,24.369568,31.190882,24.958906,15.625589,12.533283,13.470025,17.976290,25.541691,25.661648,20.962755,21.888378,22.722408,15.492435,1.555349,11.334358,11.794041,14.106484,14.088924,9.481675,15.612754,15.140356,14.951447,17.073524,18.410519,17.424768,17.472645,26.081673,27.079334,19.960939,23.554157,26.799931,19.685614,11.202512,22.285904,17.260477,14.735928,20.527933,16.920359,11.582096,22.722668,22.006126,11.223969,8.424719,12.875248,15.768820,23.117332,23.631704,17.610195,15.599920,14.846826,8.312044,3.580790,7.717819,16.714275,16.868755,24.950579,18.549540,23.925133,34.276894,32.955261,17.520939,25.382204,26.181713,17.932774,14.733112,18.080513,19.376471,19.357107,18.332758,14.566751,10.498951,19.682442,20.616102,13.082058,7.689973,4.941345,14.224953,17.835501,12.190141,13.796268,15.640453,15.763401,19.368170,19.612923,22.534050,19.373186,10.139747,17.741234,16.700153,17.173431,16.550922,13.531761,20.105110,17.085461,11.341440,0.560360,15.935899,13.771224,11.389225,11.601429,16.909996,2.414425,13.182553,7.707160,6.015694,15.589537,11.290978,13.123202,12.082195,11.106887,13.024049,9.808140,14.250465,6.197048,6.339556,15.799013,20.734600,14.581282,24.910784,30.978840,28.385880,26.521032,33.253078,31.435034,18.286551,25.772133,26.064220,16.144806,21.437197,22.290524,6.640645,12.685514,23.689573,21.636667,15.362411,13.348654,16.486509,13.779248,4.698229,6.284404,12.461231,11.190104,7.668166,13.068808,12.981812,14.298771,-11.244059,9.880411,9.103875,13.476255,9.101780,20.758904,21.356068,4.761160,26.054718,24.590076,3.774533,21.062805,23.743820,16.999552,10.086294,15.684988,13.678335,16.353157,21.565758,16.225357,8.184576,21.890574,19.208582,16.371956,13.183119,19.885698,15.586005,16.551313,17.952675,8.367652,18.667814,23.680315,16.395861,10.776852,14.678127,6.829083,13.311321,14.466720,19.279005,8.111588,25.556244,26.101942,27.403416,23.818266,24.465374,23.388960,26.043871,28.372040,20.517004,18.638512,26.993048,20.856346,13.310698,22.441166,14.266124,6.854753,24.553814,25.364504,14.898569,25.284603,26.773462,17.136824,23.335846,26.981750,18.015379,18.347166,25.606861,19.120190,19.039320,25.289595,18.423468,21.321199,22.345762,18.043776,11.367649,19.985962,21.105354,4.077384,19.362667,23.792587,13.722795,15.684295,22.701607,16.036795,12.988511,16.188148,8.760426,-9.364515,13.365686,10.912534,1.754449,6.985350,2.922441,5.656600,10.575318,16.145977,11.550888,14.204091,21.210171,17.225252,2.498166,17.408464,5.283471,23.175121,24.697079
[0;32mI (6780) ANALISIS_ESPECTRO: Frame exportado | t=6.12 s | pico=93.8 Hz | 54.5 dB[0m
SPECTRUM_FRAME,7.140501,93.750000,54.868282,hann,512,12.981091,23.873484,52.321388,60.982079,57.337090,42.743984,54.868282,53.469563,39.276264,46.854988,48.047447,36.519352,43.065628,46.594616,37.303722,37.453266,43.468506,37.228195,34.107380,41.710777,37.338139,29.878090,40.752506,38.779366,18.795412,32.472694,32.900566,22.492311,30.315849,32.661701,24.694384,31.743574,36.575901,28.757322,25.139311,27.390049,25.311527,26.794868,34.537777,31.721924,24.887577,38.205044,38.078728,20.073334,33.397022,35.464981,26.540842,24.803902,28.678186,21.354187,30.606911,36.660061,31.732723,27.375450,35.924324,34.007660,21.201286,37.068630,36.348137,21.633280,41.276134,42.307705,27.550171,39.864365,42.481873,35.363708,32.585472,37.881435,32.128777,27.680704,34.312561,30.471189,22.871002,32.579979,30.734556,5.790393,18.889320,19.748531,12.494979,23.914700,27.578293,19.766289,18.632774,24.807550,20.409834,12.678631,23.879793,21.178616,16.518833,25.880480,22.579967,9.456671,9.930365,6.893524,24.432661,26.593578,23.662796,18.841087,19.406361,22.235014,17.353981,14.892348,24.892729,19.344427,19.242201,21.670708,18.729511,17.803875,22.623169,23.809906,20.498249,19.932426,17.831861,10.764457,19.152557,23.511719,18.915628,13.550620,26.011166,22.589922,23.543013,34.619198,33.825802,27.893040,43.388729,44.194775,25.767368,45.102200,47.675022,37.118336,40.709515,44.880466,38.049152,28.672264,35.648685,30.935020,16.310535,27.699244,25.681709,12.695209,28.704659,30.104124,22.237839,25.700893,27.316833,16.386776,18.729786,21.440182,10.215387,14.396862,20.824244,12.729542,-1.378019,20.190697,21.888037,16.076773,25.118774,24.809677,19.148344,24.171602,23.422319,23.891949,26.137581,27.036999,22.391279,22.573296,25.252850,19.531384,15.105196,22.327236,23.037090,13.489217,19.100063,22.306406,14.014183,17.627293,22.710667,20.741035,15.883318,23.796425,22.392910,22.334707,28.279556,22.024483,21.095177,27.022663,26.141949,22.797398,26.377087,27.544762,31.969971,39.198715,38.884655,10.705208,29.890648,31.891195,22.458870,26.361351,20.390366,8.418175,20.671898,25.184574,22.800735,8.481082,19.628252,19.797014,12.241108,9.120436,8.263375,13.283190,13.588530,10.198433,7.467574,15.784549,20.090368,16.349007,6.086091,20.933407,19.231365,11.896849,20.223391,17.371231,20.483795,27.477627,28.553612,26.231176,25.205750,24.438839,16.820152,4.371226,16.135632,11.138854,14.996100,10.663647,19.150045,22.239389,22.874508,22.251070,16.556208,18.011734,18.198771,13.557013,17.972893,24.426558,19.529408,12.221364,14.417105,20.592533,25.347580,29.327827,23.435299,25.286415,35.245876,33.790203,28.877731,41.685658,42.072975,31.856955,36.839394,36.827599,28.180870,24.100763,28.914459,24.598995,11.996811,8.474592,9.461149,20.034258,23.166597,20.895878,17.191193,13.449973,18.612629,18.613064,7.250785,17.479658,18.799747,14.386715,20.870960,18.579233,2.626357,8.183455,11.224358,13.403071,19.632519,20.261547,18.601515,17.845018,20.359756,25.456047,29.878654,30.771923,25.533318,19.962696,21.910686,17.119122,15.912271,22.292816,14.869858,8.082646,19.306528,18.997805,13.653408,26.388832,26.296009,17.557257,19.703152,20.684340,17.234341,7.432007,19.378405,16.914165,22.369234,22.605679,23.513371,27.376024,32.819206,32.425400,16.736326,37.455746,37.931183,25.115688,20.680393,29.786074,27.832191,27.373583,25.495697,5.092539,20.368221,23.003061,18.912731,14.953726,21.021357,20.487309,16.683691,19.612745,16.874088,-14.134882,15.027427,17.139980,12.604933,9.671120,18.750048,19.464422,11.785007,11.591356,14.780005,15.648974,21.602867,17.633284,20.851635,29.274294,29.936373,26.907181,19.969666,15.074650,20.676802,14.941210,10.183350,16.410030,13.333100,22.561638,20.544086,8.188075,17.039061,19.083822,16.179976,19.942263,19.330175,15.055283,20.186655,24.985559,20.617714,-1.447448,19.566019,21.023384,24.092930,25.632900,20.773918,21.972151,33.453861,30.477505,25.532835,27.139400,32.056423,31.676071,24.723520,31.799492,21.225512,21.058468,23.714504,13.274851,17.111090,2.578619,17.674286,14.876457,22.469162,22.995941,14.004738,21.694523,20.105751,16.688383,18.381445,17.278053,15.095552,8.981656,10.297363,12.193285,9.023687,15.072773,16.945339,15.885414,13.789649,22.033537,26.776817,27.855413,25.636501,19.421768,25.173218,25.673943,15.539591,16.662113,11.222980,13.238450,10.425305,15.427158,11.067163,11.016298,17.641771,18.873137,5.118203,17.220310,15.514780,0.901176,15.906024,22.083101,16.711905,16.631611,22.242844,16.162188,21.327389,20.411003,15.749702,26.175470,27.098553,25.572041,33.750095,38.980106,37.109882,35.609455,32.000221,29.890337,30.722656,22.040768,28.987968,29.068640,23.481609,26.172693,21.763569,8.499902,23.322720,21.661659,12.466377,28.131054,28.007111,12.010395,21.876078,25.389160,16.089718,24.037041,27.856441,15.177794,18.988770,23.949793,20.040396,13.157664,22.327690,20.515106,15.134011,9.491247,23.776028,28.668419,31.889626,31.097122,21.085381,19.395658,21.702118,14.374251,17.823265,18.783642,6.017962,4.902920,14.892284,11.183912,10.556696,20.473576,22.813545,18.883913,9.979589,12.975282,19.616358,16.232653,12.729559,13.266521,10.626518,12.332289,24.720860,23.529915,25.184858,25.937462,29.199772,35.330177
[0;32mI (7810) ANALISIS_ESPECTRO: Frame exportado | t=7.14 s | pico=93.8 Hz | 54.9 dB[0m
SPECTRUM_FRAME,8.162861,93.750000,55.162910,hann,512,33.450161,28.123863,51.955696,60.815498,57.340462,41.599022,55.162910,53.623661,36.147320,47.690346,48.300468,35.909351,41.959488,45.079479,35.169304,37.407207,42.337631,35.258339,34.606319,42.699947,38.698956,28.943077,40.293594,38.372341,20.840235,27.445572,29.080172,22.381365,34.130501,37.215183,28.368519,36.056759,38.087700,26.833824,29.661263,26.864391,11.701048,16.808569,34.161476,33.995327,12.127459,37.182747,37.481247,18.561357,33.525497,35.008503,24.076595,14.308238,15.255075,13.311722,22.934076,31.625242,28.141069,20.669725,31.945332,29.296272,19.811043,23.208492,19.532625,12.211807,32.145329,35.109039,30.509747,34.114059,37.447247,28.723808,33.750957,41.349007,37.278755,24.677687,34.901623,31.304241,-4.812605,25.514156,28.512228,12.230458,32.250286,34.593578,25.344578,26.180340,30.317724,25.076031,16.581282,25.836613,21.855680,19.012468,27.304695,25.518980,16.430746,19.523390,25.801752,22.872368,17.496321,22.141850,18.673216,26.482660,23.691923,22.399811,27.773251,19.274586,14.183439,22.923683,23.561649,21.060432,15.975934,19.879021,22.969044,13.391518,22.884880,24.743843,11.448522,23.249311,25.764915,17.028784,25.005653,29.984751,22.581520,19.984211,28.627270,25.103893,25.486897,34.618484,34.461071,21.805935,42.756077,44.270462,31.219595,44.576317,48.087616,40.273254,40.052757,44.622913,38.904568,26.231766,35.203434,31.354410,20.347538,27.797058,27.608730,15.134111,27.522840,29.474869,20.522934,23.032509,24.681425,14.611109,20.923100,23.248287,18.088024,10.869047,15.867170,17.479277,17.130281,19.039040,15.859983,23.093449,28.208675,25.853920,15.905447,17.922676,17.089495,11.640577,14.371136,20.604557,20.664715,21.794138,25.279076,15.600680,20.866383,23.190865,17.291355,16.229887,20.642658,13.591803,11.047985,20.188444,19.612741,12.538170,17.868694,21.302435,11.616059,9.270879,20.782066,18.231237,2.593140,15.344051,8.027399,21.315353,30.375996,30.617826,22.952291,37.922638,39.997864,31.550474,30.052738,32.029873,26.017445,24.455479,26.152187,18.816721,16.390976,10.101770,17.155096,12.043853,15.696622,16.372826,12.788359,13.791323,20.237415,20.192825,19.631554,15.271555,-7.666808,9.816848,10.511244,9.301225,8.330519,9.831751,11.804983,23.390572,29.211615,27.554750,20.594809,25.872250,26.656828,18.903923,18.544628,23.323793,15.616535,23.650345,21.809429,12.709212,13.620725,11.078279,13.049279,14.502218,17.996540,15.395044,12.038689,15.855801,19.249367,17.944479,19.424135,24.694889,18.721420,4.317515,8.827585,5.369182,16.529577,26.441803,23.217077,24.999279,36.416351,35.315048,25.951084,41.506458,42.697849,34.433479,31.566847,34.883625,22.925272,28.359131,30.299969,21.984949,-1.829163,19.610121,13.471748,12.790569,22.814028,17.304211,12.828717,11.415899,18.023224,18.237930,8.846578,14.829768,15.418309,14.814295,16.639191,18.060093,8.816006,23.542725,24.654264,17.965294,28.707996,30.234344,29.557854,27.228909,25.786077,28.525429,20.278843,22.951473,22.066753,-2.509826,23.589787,21.451319,13.993971,16.864105,7.445755,16.709373,12.778811,20.603331,16.233316,17.795603,21.508425,13.413816,21.605526,24.967367,18.255766,10.088177,18.576717,13.314693,14.246844,18.159773,16.290977,10.491080,27.044998,29.547510,29.004375,37.544827,36.820503,24.585869,29.665487,30.185352,24.077984,13.446659,18.928783,19.316868,16.351982,8.608505,9.062419,0.439200,10.706736,12.290444,13.211658,12.860303,14.782223,10.748455,3.708636,7.711682,15.659923,18.205742,17.091534,16.301949,4.254185,17.231764,18.010149,2.451102,23.144630,23.201145,29.721424,33.801819,30.471163,29.191160,30.294655,26.941612,17.393948,22.086239,19.628994,17.654800,17.526039,15.761511,18.720964,13.238468,9.812523,16.654160,13.181198,4.986477,15.548124,19.084007,15.173775,8.182534,12.322718,9.811893,5.847975,13.442221,18.585770,26.752365,19.763853,26.113461,32.839630,27.422031,21.915760,28.153519,21.100561,30.123652,33.550964,31.718578,21.957024,25.512714,15.133630,21.193398,20.625256,15.242455,15.548638,9.553997,6.207854,9.873985,9.572377,7.332649,15.575836,21.194614,16.720810,14.359151,11.696854,-6.273394,1.924070,11.798143,12.172995,23.000771,20.859512,16.876614,19.274078,19.620235,14.835700,24.782024,27.844305,26.830347,18.528530,27.299711,27.628660,18.336927,20.700436,21.512722,9.665862,19.896095,19.856155,15.990807,15.089853,12.418711,13.265333,22.311831,23.499594,10.867187,16.236324,20.297470,7.240837,18.758968,24.512854,18.799692,3.402259,18.121979,22.972649,2.730626,24.242714,29.980623,24.133423,36.536373,37.459209,32.712196,12.464106,24.768915,23.429335,23.197639,27.334423,20.326027,19.967546,27.745689,25.696442,17.420805,24.796249,23.650663,21.106571,28.296989,27.925552,20.948975,26.424591,26.976748,18.412233,27.430984,29.263933,17.535679,21.401020,24.878922,16.971966,21.840078,30.196980,28.831255,23.498409,23.994646,20.068743,29.196501,31.514462,27.738449,15.353762,27.090626,27.173330,14.749316,19.445499,23.966616,20.563707,16.581909,19.747553,9.592463,19.637514,21.045511,15.080844,9.416050,20.668247,16.598957,11.264488,9.062163,7.073310,14.777827,21.467821,22.184227,14.051490,26.208572,26.237350,19.374783,32.910378,35.238609
[0;32mI (8830) ANALISIS_ESPECTRO: Frame exportado | t=8.16 s | pico=93.8 Hz | 55.2 dB[0m
SPECTRUM_FRAME,9.185230,93.750000,55.490082,hann,512,41.452965,38.884148,52.791718,61.127342,57.747959,40.339527,55.490082,54.095978,33.624500,48.022949,48.787533,37.150467,42.848328,45.970078,37.240402,39.131744,44.526749,39.200089,34.575058,43.562466,40.553406,22.442299,38.456253,37.185951,25.007389,22.887905,23.173847,17.924917,35.418461,37.686222,28.676590,34.595150,38.675781,30.229347,31.510992,29.255955,22.591078,26.144829,34.167435,32.773933,16.694536,36.392471,36.980064,24.766663,29.954823,33.104145,25.487261,14.133544,22.463387,15.014715,15.407952,22.853352,19.897200,15.644770,28.254818,26.314240,19.719666,35.023109,35.143810,12.705154,37.459072,40.096832,31.493933,35.400715,41.044556,34.987648,32.582672,39.512878,35.294510,25.000696,36.314339,34.222816,18.565432,22.260378,24.664310,18.537500,22.477066,23.793943,8.927715,25.215700,28.640699,21.183804,14.369701,22.814911,20.660448,11.116505,-8.131347,14.182062,16.702610,13.275221,22.427746,21.376497,18.373281,23.795843,23.490532,9.435381,21.478657,26.160213,25.801834,15.410843,6.006262,15.414047,20.456457,19.270895,17.521746,22.905539,22.311689,7.868493,23.122997,25.493790,17.787800,13.207146,15.664926,-3.429821,22.686707,26.758999,19.370478,19.690672,26.985826,22.196976,24.714951,34.407436,33.406185,27.718325,43.470070,44.519173,30.364262,44.946323,48.408184,41.205196,37.511456,44.701180,39.456158,25.394131,35.679443,32.066311,17.241386,25.347668,23.689018,15.089937,28.002754,28.366798,16.217522,16.227985,22.837910,19.130966,2.409341,18.121254,17.263144,7.721124,9.701581,12.626310,17.433704,23.584820,20.290232,18.412224,27.557135,26.279295,19.568808,19.929407,15.078792,20.783974,25.099663,22.449682,10.607655,22.213211,19.873268,13.247876,8.790942,21.053585,21.031485,13.925595,14.353779,9.576944,14.776571,16.814352,19.511541,18.450726,13.985124,15.479283,19.185598,3.246692,24.048122,21.826717,20.206251,25.406351,15.498161,19.069864,31.533014,33.158077,23.220383,37.641521,41.034012,32.533485,18.825634,25.961559,22.493303,23.245983,27.057262,19.828363,14.684475,17.594616,3.862330,9.045176,21.816612,21.736509,3.516205,14.213576,14.248677,3.503461,20.016487,23.433208,13.916936,20.962599,24.963764,15.588139,10.505365,3.300635,18.212330,12.998814,26.533106,26.963982,22.718086,25.079948,28.641479,7.210220,24.675613,25.043770,19.276297,8.809405,15.061481,9.699053,8.076822,14.426500,16.729322,15.387269,17.752129,18.756989,5.519108,16.058599,12.277093,11.770876,20.440704,23.234045,17.335377,5.940261,13.575426,11.475114,21.329201,28.329237,26.140930,23.212181,35.363056,34.836426,22.692787,41.565781,42.645458,32.975243,36.359402,37.092880,25.966921,27.649494,30.007303,22.606440,17.212854,14.836784,4.426240,18.367241,25.898003,24.822519,19.777332,22.008167,15.756322,11.260699,18.321430,20.432499,12.712019,14.335457,6.276756,15.978491,19.152630,10.824546,17.415806,23.468952,25.602249,18.146215,27.290398,25.078671,24.319315,26.348286,23.171103,13.066206,19.672714,15.677810,11.119147,13.107651,15.439432,14.311777,13.326052,10.646839,17.898344,13.033371,12.698772,22.229559,17.920010,10.655307,16.476295,23.086800,20.859722,18.909113,14.006006,3.518934,12.833505,16.071146,20.119370,29.590597,32.541710,24.922140,28.587944,37.952122,38.165535,27.375536,28.100939,27.664003,12.727455,25.172428,23.376150,-0.080530,19.997801,15.238070,1.873810,12.906176,16.010078,10.810962,10.411690,16.073645,12.507816,18.416004,19.423988,15.103436,18.220913,16.214109,16.724133,14.119791,12.077627,19.086546,21.284731,17.394413,23.294945,29.356852,25.656710,30.445082,31.735798,28.037762,25.001509,27.499392,20.857597,11.057439,19.647869,17.391813,14.511578,5.121068,12.795647,17.174164,18.811739,17.181974,13.574858,13.118616,20.924395,21.289272,16.574223,15.323883,20.981918,19.657900,6.418073,16.723341,23.360916,26.621677,22.947828,19.546640,31.386177,30.492393,20.375271,22.098248,21.630514,26.982311,30.995989,31.192722,24.516815,16.604158,25.217752,21.719954,15.194633,11.406052,12.186122,10.154923,16.555220,14.792702,16.052464,19.181190,20.821449,17.270538,15.583758,15.439480,12.780886,10.887945,6.778071,15.423424,21.191103,21.838749,20.882807,21.682522,18.398989,21.880482,25.092600,27.358490,18.539680,30.532045,24.212921,21.473272,23.169216,21.713745,12.511208,15.933061,21.511610,21.711040,20.562532,17.647793,14.606829,16.817934,21.147623,21.884724,22.620842,18.937744,22.031666,21.686108,18.399288,20.805113,25.530338,22.282452,8.259514,9.680050,17.413383,25.017437,23.748959,17.030783,32.123970,38.187202,34.948036,33.028740,30.278624,19.810703,25.733511,26.098522,23.228176,24.425909,25.329010,24.792988,22.048159,20.763992,23.406935,24.342457,18.494341,27.215061,28.735655,19.521597,21.367760,25.618626,19.091972,24.415758,28.539413,21.343239,24.854641,29.998482,26.065620,23.344170,32.653679,28.540398,11.367167,27.356932,30.470398,25.765350,28.886614,30.265749,16.206642,27.391876,25.939922,17.754593,15.967031,19.945311,19.667885,5.249576,18.517210,17.770016,13.724512,22.248692,20.972729,6.412402,20.572567,22.160500,18.036282,15.295962,10.932877,15.592213,22.634232,24.264984,21.864462,20.014462,29.800735,30.961090,12.259382,34.425304
[0;32mI (9850) ANALISIS_ESPECTRO: Frame exportado | t=9.19 s | pico=93.8 Hz | 55.5 dB[0m
SPECTRUM_FRAME,10.207585,93.750000,55.370445,hann,512,36.828110,34.706825,52.581955,61.166710,57.852943,40.345306,55.370445,54.160828,34.311214,47.634144,48.515976,36.817223,43.019947,46.001038,37.496410,39.322113,44.318695,38.674667,35.278278,42.912670,38.892387,27.992737,39.922089,37.935093,18.325733,25.069702,24.209187,17.271492,31.348640,32.794373,7.461237,32.073864,35.675285,29.489494,25.784733,28.969193,25.144634,24.795998,32.294357,30.670969,23.111874,37.265793,37.398918,24.055777,33.235001,35.198566,25.373798,23.216099,29.444578,21.601542,27.146381,34.519062,29.222105,24.006737,34.682007,31.847933,26.275604,39.085415,38.601082,25.937422,41.537823,43.015591,25.891052,38.297764,42.963596,35.540661,31.726044,37.453857,31.913834,28.305929,35.884697,32.685070,20.687588,33.434616,31.806868,17.730995,19.617739,22.584583,15.993429,29.470804,33.028683,24.485031,25.522755,29.462404,22.645723,19.410900,26.692684,21.277102,20.292198,28.887005,26.108530,16.078447,23.826599,29.092098,27.269951,21.243347,4.811130,16.362217,21.794178,30.479877,26.548061,19.198114,29.343178,26.060890,7.836300,17.804913,17.995949,17.447775,25.779270,25.858286,0.918911,20.008766,16.834850,9.263839,21.255257,24.323740,19.392727,20.700008,27.927765,22.571306,21.578892,32.223473,31.319790,24.340231,42.705826,43.604126,28.846731,45.179413,48.028641,37.744240,41.037476,44.552532,37.775436,29.183273,35.698788,30.841120,19.780260,27.411386,26.317167,13.899118,26.270081,28.399998,17.853935,20.904362,23.847622,10.637203,19.365883,22.750359,21.285553,12.445709,17.741266,18.200031,18.853014,13.994608,1.401938,16.404268,22.043320,24.602482,20.778370,16.453659,25.304174,22.611820,18.337559,21.601246,17.925980,16.119999,10.963072,13.503732,14.699897,21.371374,19.988497,13.582711,20.101772,19.867519,15.594907,22.201550,21.351204,-0.002844,22.474421,26.959379,20.895853,19.072365,26.379112,18.725792,18.171774,26.405909,22.860373,24.154520,29.368151,28.481081,30.447540,38.775009,39.275299,27.753746,32.871735,32.800217,28.013428,22.009687,14.767771,8.981148,17.970169,23.000404,20.975826,8.845173,14.755367,15.525650,6.658130,10.623396,15.043092,14.465693,4.559959,8.956743,0.834626,6.461229,12.952213,15.662840,16.041389,22.567059,21.607439,19.053406,15.770388,14.930368,17.004946,24.349794,28.436899,23.986454,15.095798,24.848053,20.003693,20.932484,18.862934,10.654155,17.088873,12.638733,12.886914,13.067673,17.921865,12.768050,15.770737,21.290388,19.709253,1.161929,20.285814,21.611118,12.323679,13.640004,9.130297,15.960941,26.865770,30.747242,26.444275,26.888258,34.675140,32.698540,25.844973,41.478878,41.214619,21.984848,37.358212,38.020760,28.782604,25.670555,31.007545,25.368002,16.646420,11.520533,12.727488,14.590120,22.112671,18.172865,14.701320,3.234403,10.967526,3.403759,10.664205,11.617266,9.098948,5.825935,0.172317,13.405985,12.929352,15.144602,19.533289,17.293804,21.591951,23.727310,23.399611,18.906849,14.825294,22.974424,22.306383,18.032246,19.422453,21.394777,15.772920,17.677582,18.405270,14.436526,13.177128,15.028963,17.650387,7.433400,15.370401,21.887884,20.582468,4.757756,15.037404,16.815632,15.866337,-8.316072,15.692444,14.707546,17.257309,19.483908,19.204542,18.217299,31.063004,29.458321,20.413591,37.321785,38.593155,29.389030,23.861944,28.478912,27.073997,27.672804,25.564899,16.015488,21.430313,23.372450,20.767992,13.481637,18.493645,20.539896,18.218008,18.845913,14.560268,16.542187,18.658127,16.589352,12.351035,12.662079,5.000656,3.419237,14.632538,17.278522,7.738281,12.527096,22.859676,24.562071,20.673159,26.257244,27.281338,23.385372,18.987671,19.000761,18.428934,16.052849,11.404692,6.823726,7.929575,11.839117,15.173884,14.835468,10.636350,12.058409,14.230480,17.735394,20.742592,20.225578,17.025661,16.540173,15.144443,-1.580754,14.094990,2.143935,21.991745,26.184467,25.063965,28.385456,33.807137,32.018669,28.061087,27.393454,29.956654,29.294531,25.433083,32.189697,23.712957,19.305208,23.353691,18.072521,10.413265,13.890415,16.669847,16.615040,22.192139,16.799330,13.634944,20.944096,8.866623,19.152115,16.100178,3.179318,13.320072,12.568514,9.731530,8.039383,9.447640,6.861646,15.406668,17.680847,18.174736,21.545431,20.433620,24.569519,22.585316,24.239635,21.984161,14.660869,18.256376,21.880720,16.211308,15.867277,22.880735,24.059275,22.441494,17.336275,18.059574,19.075001,11.398785,15.151696,16.153316,6.249957,18.965878,21.756821,17.026611,16.947882,24.883942,22.464176,18.341736,14.665442,11.168785,21.990240,23.029804,26.084934,32.086182,38.427448,31.851295,32.342190,31.922396,31.392641,29.060953,14.109089,25.891357,24.868277,18.660175,25.029280,23.550297,7.157009,25.005653,26.984730,21.695591,27.165089,29.362671,23.377815,19.053280,24.988895,21.724792,23.419113,28.034595,19.952528,25.160086,29.568184,22.974644,24.929419,31.620981,28.651505,6.410695,25.189766,29.335323,27.015907,10.912401,26.285265,24.898193,19.448578,21.716681,18.130337,1.314072,18.056511,15.099571,6.928987,14.676878,15.339027,9.537572,19.936344,22.167377,16.420820,9.356068,14.666622,11.533323,-3.026347,12.712985,17.767820,19.706333,18.469872,24.553452,27.092133,26.788397,26.612583,29.591595,35.192699
[0;32mI (10870) ANALISIS_ESPECTRO: Frame exportado | t=10.21 s | pico=93.8 Hz | 55.4 dB[0m
SPECTRUM_FRAME,11.229946,93.750000,55.180557,hann,512,29.525110,33.775021,52.318806,61.195850,57.822128,42.441589,55.180557,54.072193,35.011902,48.188576,49.114361,36.254005,43.465897,46.481556,37.846542,37.972584,43.451904,37.896465,33.924416,42.703522,38.657841,27.894590,40.826130,39.135307,22.636719,28.338736,28.248652,17.418526,29.252443,34.207954,28.451757,31.887934,37.698162,33.500282,24.881792,30.610474,30.603485,27.250183,31.596226,27.563259,24.297064,37.735039,38.076763,25.620354,34.233936,37.204742,28.882015,18.488672,19.319962,12.654938,29.638763,36.227104,30.948160,25.689205,35.266167,32.745537,22.854626,32.201904,32.169552,24.412863,38.248085,40.842499,32.166237,36.343975,40.531498,33.839638,32.437664,38.568214,33.972698,20.051241,31.126919,27.817341,16.343424,26.439224,25.475117,17.595894,27.177486,28.771456,19.383661,21.357025,21.418686,16.575527,21.287756,19.127247,9.931245,15.294299,13.618917,16.706818,14.742652,17.695158,15.371449,21.587254,22.410320,22.009865,14.140285,13.376514,23.574860,29.387032,28.100624,17.119450,20.398777,18.552687,16.570433,19.700171,17.874950,16.115570,3.249009,16.269234,19.500065,17.992495,-0.459517,18.971771,19.763805,8.768093,19.089752,23.584553,16.628181,19.683554,27.080400,22.018986,23.552685,34.689983,32.848602,27.856943,43.491230,44.359188,32.698299,45.481853,48.620773,37.498661,40.975189,45.161003,38.446583,28.841192,36.442589,32.742115,17.768642,27.609272,23.349741,18.245132,29.473824,28.742540,7.771352,24.182608,25.760698,17.823685,21.261135,22.436945,12.581959,6.944029,13.388348,16.540895,16.440142,18.250587,19.518854,20.698469,26.926220,29.313753,27.040657,18.625181,20.506876,25.811695,23.340158,21.028654,16.647106,21.969582,23.955158,15.785635,8.875031,19.884893,19.150511,14.690299,21.518639,19.366421,7.978405,25.675564,27.748806,13.851472,22.158106,27.424232,20.352705,20.493195,27.558996,22.149738,19.539793,29.203636,26.633774,5.140102,23.635294,22.957607,24.339483,36.580585,38.209145,20.221798,31.724915,32.508919,20.167505,17.373489,4.292178,10.802993,6.831462,23.252085,21.217182,10.657610,19.862793,18.488403,7.648043,20.940428,23.933765,12.338470,14.642979,20.113449,13.297997,3.697747,3.783818,-0.822712,15.560489,24.719231,22.890644,19.898331,26.014366,25.149837,27.661383,29.820337,28.928669,21.261484,17.874968,24.230463,21.719334,19.537052,19.205091,19.547192,19.276138,18.649584,15.536109,8.868989,15.625631,16.422609,3.712362,19.306133,19.302633,7.538738,20.682840,24.887211,14.344812,18.634964,15.919338,7.211370,22.999825,31.047016,28.467175,24.490240,37.118599,35.569805,24.174994,41.998329,42.447075,21.293585,33.736691,37.608368,29.101948,21.915134,27.120459,22.274549,8.821515,23.871153,21.077719,6.859283,25.868971,26.981453,16.184406,16.915001,21.192343,17.823444,20.760115,25.370415,20.194515,13.802185,24.632872,20.860603,10.018463,22.944134,24.172539,17.750074,20.824156,25.213758,26.554092,30.230518,32.058628,30.470657,26.445740,27.753719,28.212460,26.133783,20.790930,17.964218,13.821041,13.325591,13.225660,13.087011,22.648535,24.249306,22.609222,18.495310,17.639498,19.246214,16.126743,21.887459,19.764069,20.399496,24.669277,18.786139,12.222311,14.661075,10.085063,16.309889,29.975557,28.267365,29.684067,39.513340,38.531712,25.151455,32.090046,31.682241,26.269285,13.666918,11.737288,15.464721,5.696800,18.380745,17.284931,11.358561,21.325546,18.491083,13.475742,15.747771,17.514168,18.588322,22.702206,22.367710,12.709862,10.719599,17.731461,19.456007,19.673561,20.476879,24.073980,27.342087,28.242710,23.642437,26.384487,31.091667,31.555386,29.638126,24.657394,14.410915,16.386765,21.205467,21.183323,12.106228,13.440305,18.595196,18.711906,17.518730,20.418606,23.259109,22.099781,12.995995,16.133018,16.921232,17.934677,14.539662,12.062963,20.377048,21.918356,21.014273,14.794317,19.883942,8.743636,26.059795,31.495945,24.643032,22.979239,28.935549,29.583065,24.750114,31.833763,33.003132,22.282448,26.672951,28.589327,22.173376,16.944420,17.642710,18.337440,8.104590,23.722658,20.402538,4.817576,20.424097,20.556355,12.360936,16.791658,16.748409,15.293566,12.231499,6.214741,-0.013793,-0.121938,9.369092,8.223949,20.458057,22.623262,22.434330,13.588503,23.783522,27.549599,28.857975,28.538761,27.516001,25.043770,22.916544,24.674259,23.353672,15.075180,16.406696,17.753071,10.640793,20.619133,21.741770,6.403165,23.039459,25.374187,19.268681,14.586267,21.243427,18.373199,12.455964,23.971428,22.029385,11.692695,7.389103,10.567043,21.223030,26.224087,26.833885,22.403984,37.972130,34.050861,27.927656,25.956955,32.454277,28.437681,21.434956,28.940495,25.654413,16.608641,27.237368,23.300838,14.131109,24.698231,24.514618,17.749760,25.905287,26.980608,21.295702,9.581001,20.095100,11.705360,23.584827,27.321781,20.829655,18.435671,26.012604,23.672237,18.273649,24.759876,24.370155,18.566109,19.944361,26.458172,27.649422,23.096008,15.460226,13.553356,-20.088112,17.043798,12.237306,9.365106,19.024334,15.386091,9.205979,13.446684,14.403142,11.714936,18.303816,16.529924,14.995468,12.674579,11.754560,10.730601,13.864207,15.178451,13.717573,15.281042,13.436817,20.959436,27.092419,25.968517,23.572327,32.775848,35.215893
[0;32mI (11900) ANALISIS_ESPECTRO: Frame exportado | t=11.23 s | pico=93.8 Hz | 55.2 dB[0m
SPECTRUM_FRAME,12.252309,93.750000,55.636612,hann,512,31.936865,30.635168,51.332329,60.167664,56.551872,44.510353,55.636612,54.494347,38.370483,48.968887,50.076580,36.281578,44.363293,47.396732,37.856483,40.329834,45.014130,38.879333,36.107327,42.984879,38.652130,31.404486,41.065529,38.582577,25.967474,32.138073,30.953747,15.030123,31.999033,35.472328,27.050552,33.106243,38.734543,32.102768,25.106339,31.782337,27.383923,12.603520,29.408905,27.449781,22.269352,35.326286,35.683979,24.831654,32.730057,35.536011,25.621187,24.560759,30.099813,22.642021,13.661703,23.902550,15.092461,13.366876,28.216183,25.648552,16.712933,29.320314,29.169586,19.224001,27.071047,28.298941,17.547041,22.175352,22.956005,8.528799,16.687050,8.623217,13.082893,-0.876145,-5.153861,12.422475,17.000715,10.597487,11.838362,16.160601,10.868876,16.723312,11.183493,14.053840,21.304949,16.673622,20.026762,23.550339,18.024321,17.535721,20.990700,15.381703,8.187266,19.165936,19.307201,15.456163,22.005701,22.804192,17.046692,18.822285,20.619413,14.559813,17.908979,23.261824,18.414812,18.722797,25.448364,23.334597,17.842594,21.879009,22.310049,18.161362,19.730112,18.516167,14.786544,17.106478,18.643681,12.028130,14.417454,20.178722,15.879354,16.648844,21.795147,19.310953,15.111451,20.370552,20.066860,15.751056,29.875765,27.730282,15.279283,31.931448,32.486641,19.430382,28.387104,31.644264,21.977238,17.299349,22.675962,17.006634,6.407795,18.751301,14.055386,8.706589,20.773973,20.135883,9.899012,11.134001,17.534180,13.657193,11.251302,18.514534,14.759403,-2.731120,9.995062,10.016020,7.485399,15.134598,7.406454,-6.577688,16.622978,14.114716,1.637799,-0.003403,6.673866,-1.761423,12.577112,16.489557,12.135088,10.136396,17.020466,14.514331,13.213204,15.988726,12.260051,12.001825,16.549177,10.270023,6.681852,2.651424,-5.381014,9.956442,13.141698,15.893126,12.445335,13.899906,17.542700,11.100436,4.358784,7.540263,4.231756,1.652247,11.106646,12.539658,7.636740,13.037319,12.746101,7.334316,7.100749,4.169966,2.617402,-0.176271,7.503097,8.546984,-2.488478,2.283065,5.889622,1.005778,-0.579704,-0.947770,-0.819875,4.451765,5.380891,4.712708,7.579623,4.284907,3.443919,1.076702,9.002859,8.810007,8.027580,11.976269,13.877056,14.079733,15.862809,13.854042,13.656754,15.283433,7.045455,8.961304,6.610403,6.844790,7.972460,5.345692,13.490335,10.539074,8.374692,11.716428,6.713221,-1.376386,-2.000814,-0.934584,5.378523,4.168330,7.820673,10.756542,7.281465,5.942387,11.142144,6.685443,-0.580462,9.310990,5.956217,1.691316,8.386275,5.275896,5.917438,8.189382,1.044152,4.525593,1.697536,2.789696,1.352672,8.269683,12.773360,6.891742,12.558322,15.780087,8.897940,10.566836,14.329177,10.505137,9.941145,14.663445,13.958430,9.463547,16.868418,15.652643,5.374775,13.955214,14.516209,6.368892,13.096409,13.559543,6.102083,15.305051,15.058433,6.817410,10.411539,13.227687,5.118880,-2.525700,9.497899,8.471231,6.785343,12.025615,12.195252,3.715572,11.014004,11.949327,-0.139153,3.317971,6.260071,-12.020478,4.679142,10.667830,6.174306,9.027992,16.260328,13.148217,6.218529,15.010553,13.953600,-3.736847,9.298475,12.087570,8.513693,15.876708,15.967298,13.841104,16.931837,17.194975,13.469085,12.448087,12.630429,5.295775,-6.672118,8.111666,10.776035,9.678631,12.572355,14.194585,11.304361,11.735851,11.576616,4.139837,6.208457,5.771007,5.017723,8.577384,8.352303,10.423241,11.231592,11.671754,9.797503,6.457208,9.507565,7.909658,6.282442,-4.869425,3.112621,11.472841,9.369317,1.841651,9.014652,9.330249,6.442309,-2.144695,-14.488420,4.402468,11.207433,10.803055,9.101810,13.782827,14.747888,13.936981,14.149332,13.371600,14.727785,15.003975,9.432654,11.380833,13.907485,9.775335,-1.084568,10.175247,7.324762,0.795163,7.491251,6.152210,-0.276301,3.204168,6.323169,5.709349,-1.474734,2.424453,9.820559,9.531613,8.295763,9.445673,10.587111,8.143953,1.755483,4.446571,5.282667,5.334138,5.574303,10.976332,12.355643,11.944237,12.442955,11.177534,11.129399,11.003168,-1.801041,6.131854,7.761694,8.914119,11.205214,3.784730,9.527496,9.513101,8.177726,10.384865,4.954945,3.411955,14.803843,14.996171,7.705657,12.832928,16.341213,10.655627,10.666401,15.056218,4.344503,14.278946,18.155407,11.836697,11.600544,19.155109,15.156118,-2.891924,16.847313,15.133623,-2.446571,17.033722,18.442602,-1.251176,18.251339,21.098560,9.675065,17.721647,21.821926,9.425096,17.727985,22.719679,12.440566,16.639977,23.298813,19.053183,11.471801,22.434357,21.460390,1.219222,21.866684,23.321688,8.286925,21.862530,25.894100,17.270273,19.745525,26.923944,21.667215,14.168957,26.183823,23.370359,6.543216,25.158236,24.748211,4.888613,24.634117,26.340391,13.353649,23.151533,27.145023,17.292387,19.966032,26.672321,19.987717,16.182102,24.894020,21.641607,11.349173,22.851429,21.659815,3.934941,21.078331,22.269356,3.926283,18.469877,22.834164,12.392507,15.646877,21.035910,15.260799,10.518024,17.273022,11.644992,-3.879499,12.835583,8.810357,7.120181,10.402459,13.415948,9.252959,13.373301,14.264393,9.895305,12.886358,14.402820,8.972734,8.814425,12.202644,6.152183,2.596775,6.086385
[0;32mI (12910) ANALISIS_ESPECTRO: Frame exportado | t=12.25 s | pico=93.8 Hz | 55.6 dB[0m
SPECTRUM_FRAME,13.274668,93.750000,56.037666,hann,512,33.466866,29.355015,52.040710,60.795177,56.960903,45.878418,56.037666,54.681660,40.288979,49.307114,50.523983,39.725655,44.893089,48.571747,41.991096,39.627804,45.238144,40.939213,34.565216,43.447113,39.990707,31.421211,41.907356,41.130028,28.439722,30.026443,33.047634,19.895012,34.558861,36.639393,28.984720,34.868179,40.222557,34.560528,25.371639,31.503109,29.499195,17.361397,33.315762,30.207979,24.609291,37.405815,37.782459,27.350252,33.494770,36.911980,28.536472,23.709352,30.613134,28.175257,24.838140,28.434553,27.344032,24.276260,31.725769,31.137501,25.101730,31.777040,33.450905,26.975311,29.801048,31.960938,25.083649,24.761467,28.821524,21.605196,15.520788,24.926155,24.681398,19.493433,21.614408,22.646564,19.445389,24.669327,22.147409,18.654654,24.628849,25.010111,19.217243,21.536049,24.057787,16.835859,12.984171,19.465889,17.073500,10.927692,-6.538096,17.728460,17.537962,14.731860,15.343040,15.004005,14.078889,16.836447,13.286304,8.482393,17.502068,17.374748,8.046213,12.482085,17.012354,11.878365,12.073869,14.073050,9.027978,14.137276,9.382792,8.600786,12.073640,5.527450,13.701916,16.032370,16.977779,13.637328,11.916562,16.516811,8.910330,3.050821,8.118845,8.023634,12.202345,0.765427,14.517729,15.911626,4.530044,8.557546,13.512646,10.060032,14.569493,-6.967258,10.078342,18.269442,13.930287,10.221000,15.716932,16.276974,12.603602,10.228930,11.015301,10.363857,1.769152,1.568439,6.008927,10.669065,10.831226,9.576932,7.255166,11.593375,12.085274,0.665210,-2.686759,9.351804,9.951527,14.469479,9.504963,11.118141,17.159523,15.833532,5.749613,10.010262,10.129835,2.670141,8.271700,11.281881,9.529385,9.626793,15.624023,13.849965,9.408394,12.713346,12.354443,6.365280,-3.944072,2.611601,-7.116305,10.741868,14.651684,7.731686,9.918475,14.460267,10.205341,9.095892,10.594648,7.715342,4.330663,-2.897323,8.217185,7.888116,7.661630,12.690903,11.129418,7.139193,7.514098,8.104495,8.296499,5.915304,-6.744068,3.496897,9.761381,9.042305,8.107696,11.732296,11.462455,10.022139,8.089257,5.762682,7.285674,8.626023,8.757676,1.868254,7.467449,12.080812,8.782276,13.060447,15.706589,12.428018,13.369851,15.474161,13.386005,12.085551,13.503805,14.307498,12.079023,6.016749,8.132305,10.381840,-9.751137,3.567672,6.366009,3.945007,9.293100,-3.929619,6.672974,6.748734,10.302276,2.197041,-7.655311,10.312120,3.644240,5.054854,12.258919,13.685876,8.632576,10.079809,13.938848,10.065224,3.921182,11.657284,8.540663,1.162327,-0.158698,-14.327055,11.762619,9.870671,9.088041,13.139987,13.399806,12.064929,12.691060,13.734701,14.483180,13.816119,13.752789,13.282666,14.934429,16.843069,16.274570,16.800838,16.066164,17.418818,17.517290,13.874340,17.702663,19.790342,15.031364,16.784529,19.045813,15.114952,16.496466,18.006063,14.805240,12.536155,15.635618,13.059226,9.305475,14.148157,15.972874,9.729551,13.467596,14.444007,6.055514,15.317844,15.402160,3.643791,13.023314,15.605131,7.024566,13.108313,14.424926,10.904269,11.402617,9.502574,6.216146,12.858552,13.721265,10.565385,13.437670,15.330740,12.482300,11.807361,15.999709,12.761087,8.851876,10.427127,9.601023,0.535203,6.937489,11.551247,3.423270,11.661076,12.235927,8.783503,12.113128,15.046085,12.057334,7.688819,13.319269,11.596316,2.352877,8.961481,11.782136,8.963932,7.866633,10.996435,10.196241,8.590702,14.971938,12.722426,7.108416,14.835012,13.679363,2.566125,12.193720,15.233296,10.140347,11.637661,15.435995,12.282749,10.657848,16.475832,14.328042,6.342484,13.014500,12.200714,-4.130162,5.115243,10.200006,6.203703,11.389820,9.596132,9.533145,13.756880,12.010830,11.206292,12.065601,8.801236,6.579504,8.017361,9.606348,8.841581,7.432151,9.542254,8.642309,-0.480180,5.281473,9.451178,5.501742,0.075934,4.566841,3.863175,8.406218,0.253355,2.239170,6.750478,3.451221,-2.350892,5.531630,9.438648,10.979984,11.533479,12.671175,13.104987,11.670550,13.804688,14.476295,8.950562,8.407988,11.436491,-4.657495,7.244783,6.844257,10.323152,14.174850,10.711946,10.507507,14.463147,13.732014,10.747196,11.189003,12.108607,7.652682,0.689459,8.507662,5.929697,4.744106,12.347685,11.316633,5.022841,12.184273,14.626323,11.166098,13.036231,14.614228,13.001493,13.152457,17.707691,15.256318,10.889492,19.158035,16.419878,4.125866,18.591824,18.556574,8.778971,17.894617,19.735340,11.538717,19.076077,23.295410,17.789753,19.384563,25.030941,21.265644,18.785889,25.434113,23.811344,17.737101,24.645832,24.810812,17.149309,24.603426,26.596924,19.668762,23.790039,27.065496,20.832672,21.601049,26.928329,22.201775,18.160416,26.428921,23.837334,16.275780,26.224754,26.497295,17.527988,24.652523,27.024527,18.936571,23.322319,27.466143,21.249266,21.316555,27.758200,23.066097,18.145733,26.908674,25.321217,15.842731,23.122614,24.726114,15.934557,19.694733,22.778301,17.149399,16.614691,20.882065,13.475988,10.956766,20.089167,15.700768,8.090017,17.434830,17.168659,10.400526,15.999580,16.807682,12.008139,8.513794,11.652994,4.979795,-0.820330,11.246922,9.504665,0.536195,12.039764,9.686086,2.261348,10.858068,7.360001,6.773363,2.404796
[0;32mI (13930) ANALISIS_ESPECTRO: Frame exportado | t=13.27 s | pico=93.8 Hz | 56.0 dB[0m
SPECTRUM_FRAME,14.297039,93.750000,54.728607,hann,512,31.058472,15.614662,50.504250,59.342056,55.441345,45.220299,54.728607,53.409203,40.612495,47.800411,49.013474,37.671406,43.298180,46.869560,38.019585,39.167240,44.856705,38.354763,35.175026,42.690269,37.658630,30.716410,40.615448,38.299374,24.246620,30.638279,30.766453,12.037613,32.578049,35.095020,25.930153,33.737011,39.468517,32.727158,25.755091,33.088486,29.627478,17.360159,30.800930,27.725183,22.945433,36.710785,37.269909,26.465931,33.780003,37.246998,29.334774,24.441607,30.737226,26.936682,12.575265,27.407063,19.797686,18.279705,30.034660,27.326633,18.306925,30.389299,30.820774,18.811319,28.220272,31.314972,19.701645,22.421940,28.591145,17.068649,17.403513,24.746010,19.051792,13.282129,20.463974,19.166773,-6.019914,17.523388,12.269756,7.022675,22.073414,24.614113,17.883743,21.195854,26.596109,22.075136,17.414139,23.809544,21.761332,12.710690,15.014415,15.912713,10.569057,8.598995,11.464995,6.167570,10.907722,17.859400,15.206622,16.056158,20.582939,18.233759,15.946211,18.285086,15.595551,13.297941,10.919130,0.871743,-14.143850,12.365464,16.348404,11.627784,11.599712,16.306656,14.527239,5.090559,5.478502,3.801082,8.409298,19.107063,15.527166,10.503044,19.322598,18.441868,10.443552,12.484465,13.769163,8.060552,4.719281,8.299515,-2.353873,4.358304,14.622346,10.394349,-5.749199,6.583550,13.643349,10.116225,12.706758,14.566992,14.148501,14.676465,15.307951,14.265618,11.682903,8.506915,9.579917,11.436624,5.864744,7.644802,2.515792,4.655810,5.372815,8.515020,-2.504313,2.115282,7.438017,8.896004,5.144279,1.134887,5.229646,6.297848,7.833361,6.709657,-7.361217,5.145147,9.458138,4.697470,5.050706,6.810482,7.264082,1.091407,0.556346,7.181940,-3.082912,7.730108,-0.916242,5.153237,0.588004,2.766634,-1.312495,5.245035,6.439741,1.447437,5.944434,10.778919,9.740057,10.728426,13.456236,11.934284,9.806822,11.155813,11.862746,8.038636,-1.469848,-1.779204,4.359637,4.210415,0.261045,9.784439,12.449743,7.972038,2.001090,11.867372,7.136290,2.850863,2.249517,-1.636688,10.359560,5.635146,-16.905437,10.052676,12.844148,4.011012,-1.824907,10.576986,8.397837,-3.620662,-6.779840,1.983044,2.194120,8.532954,-1.938787,4.347795,12.693100,10.179634,3.785711,5.363700,7.910413,4.833214,-2.587992,6.416530,0.219021,9.077589,11.550847,8.995066,11.242762,12.381605,9.573002,9.047510,7.349428,1.895951,6.224343,12.362460,11.637930,10.440856,13.835288,13.478113,12.852746,15.038565,13.817783,11.037386,11.955194,10.522730,6.854036,11.538177,13.016371,10.078173,13.892078,15.047273,10.946693,14.243840,17.060183,13.603410,13.284007,15.184597,11.704617,13.961695,17.220913,13.693974,14.384977,18.865120,17.506218,13.334655,18.375196,20.375298,15.530992,15.331348,18.852245,14.915023,13.609971,17.220297,11.706936,9.010265,15.382191,12.421790,8.132895,15.992626,18.160656,15.489726,16.736759,18.336300,16.434725,16.966473,17.781851,14.601231,13.424607,14.489165,10.178727,7.896448,12.626637,13.354147,9.019049,9.328676,11.633032,9.542562,9.773454,12.407303,5.320883,7.532631,14.217347,10.376112,7.170686,15.593948,15.989156,10.249846,12.089549,15.039309,10.293578,11.090178,14.738485,12.370864,12.694136,14.051017,13.165205,13.911056,15.757179,13.948754,12.515921,14.587517,12.895179,10.869774,14.275970,14.598256,6.897611,8.155042,13.068523,7.824889,0.004280,9.321473,2.604098,1.684980,6.177089,0.677917,3.078743,11.318264,6.110907,4.591727,7.607102,4.567587,6.965743,10.604506,11.833606,13.090153,14.043112,14.422756,13.704314,15.224267,15.883883,12.107742,10.529176,12.146242,7.537040,1.796521,9.079150,10.513367,5.968547,2.493795,7.583397,1.343548,5.536805,3.728488,4.529283,7.606798,8.912040,6.954279,3.545861,10.906320,8.488448,1.695632,-10.828341,2.212203,10.525110,8.464334,5.023900,13.671127,14.177046,9.999900,9.450552,10.693615,11.512256,8.465795,-2.933483,3.709461,8.969148,5.210405,-9.586365,5.452108,3.545983,5.392146,4.159627,1.660310,1.100013,-1.211184,-4.931753,-12.958993,6.026100,5.188783,-6.572164,9.152268,13.911934,-0.539304,-3.757561,11.395998,4.791862,1.408293,6.610624,4.666873,7.337534,13.440760,14.179054,10.524361,14.574356,17.334148,10.588092,6.514831,15.229669,9.702254,7.186924,18.003386,13.209600,9.029368,18.832470,16.669886,7.918282,18.025698,18.154953,3.676409,14.803840,18.648312,7.378032,14.240590,21.278429,15.514318,15.669329,21.880739,18.558100,16.812155,23.420145,21.338263,16.854849,23.605692,22.891825,15.342396,22.295893,24.374426,15.216912,18.124977,24.311062,16.404760,15.314053,25.094339,19.697874,14.890059,25.350210,22.755404,13.822688,25.571634,25.880646,15.328487,24.254129,27.182262,17.973309,22.117439,27.323112,20.328733,17.695429,25.473034,20.694672,11.994555,24.144590,21.779697,9.169940,22.733793,23.268032,12.932709,21.479988,24.308758,16.155752,17.584354,22.682358,16.307600,11.919065,19.455034,14.920881,-6.814083,10.078327,9.737114,-0.947987,9.153785,12.217626,5.656388,10.702509,14.067959,4.262519,5.996336,13.932648,7.164568,-8.077078,7.626217,3.777848,5.716798,5.071136,-9.414186,7.281010,3.956788
[0;32mI (14950) ANALISIS_ESPECTRO: Frame exportado | t=14.30 s | pico=93.8 Hz | 54.7 dB[0m
SPECTRUM_FRAME,15.319391,93.750000,54.840462,hann,512,31.615479,26.731209,50.846031,59.285351,55.405010,45.566200,54.840462,53.437466,41.005779,48.148483,49.464569,38.587906,42.796852,46.443844,38.218037,38.634239,43.453629,37.365669,37.480892,43.914715,39.833027,35.710262,43.501350,41.711121,31.401707,36.491173,36.602383,25.039141,30.988047,32.378918,27.275476,33.401432,38.260292,31.706989,24.172115,31.215557,24.922430,21.975353,31.760136,31.281111,27.556332,36.377914,37.351231,28.919930,31.382332,35.042458,26.985655,16.149965,17.878468,19.851280,27.033115,30.442921,28.212786,25.647915,31.471939,30.596783,21.452684,29.915771,30.238243,18.848494,27.850790,29.306440,18.473000,23.103058,26.995935,20.240805,19.779835,25.727989,23.628654,17.430771,21.978350,22.602242,10.549436,17.534225,15.975924,3.998378,21.329124,22.576227,14.036187,16.831394,21.918835,16.222298,13.365373,15.268904,11.880873,17.593681,19.708336,11.570453,15.682898,18.764275,13.500124,10.489197,16.883911,16.583397,9.611255,16.298918,17.201256,9.436674,9.391852,9.830731,3.221062,7.845410,13.292207,14.231149,15.583201,14.074315,15.221634,16.581610,15.362710,11.634831,10.520773,17.925323,18.422041,9.877953,13.374954,19.680628,14.636306,3.083946,14.729501,9.577572,13.671016,7.300572,4.272150,11.782661,13.154820,13.697407,7.528117,12.310171,17.494795,11.531940,8.835992,17.732197,16.712833,5.688991,15.830489,17.755100,-7.277376,15.811306,16.337336,8.641242,9.652186,14.344244,11.479294,9.295025,1.587475,11.105673,15.722633,17.473043,13.569957,14.461384,19.701284,18.854307,13.753101,15.504025,18.914621,15.879649,11.568850,13.175363,14.095926,11.338931,8.205553,4.016960,7.012659,9.019466,6.547194,10.709456,14.645588,-3.234332,13.893632,15.603361,9.443688,11.421742,13.267195,11.192163,0.990627,11.641285,8.390184,-0.529348,8.794961,9.892816,-27.185194,6.229868,10.223057,0.310406,6.976969,8.710478,2.356578,5.145312,4.169751,4.102114,-7.197594,-9.496920,8.401254,0.294730,9.491111,6.917848,0.252620,13.786229,0.806651,3.390825,12.159654,7.915983,6.364527,4.304711,2.889935,2.455984,-11.560903,4.173567,3.422149,2.539474,8.253218,10.666735,7.920070,7.299890,7.648726,8.863196,5.585207,-9.297998,2.679193,1.868445,3.795367,0.397363,8.012226,2.999927,-2.454574,10.255557,9.922764,0.198067,7.391250,10.519638,6.082947,5.224090,4.554361,0.305784,2.755990,9.950090,3.401676,-9.402304,12.965595,11.642746,4.826936,12.452512,12.050649,9.207729,11.077870,7.826108,7.750378,9.106273,8.442260,-9.098837,6.981616,3.485866,7.933002,-4.295617,2.263893,-0.107192,-3.109302,9.556560,10.221677,-3.839070,10.540403,15.234179,8.960096,10.121288,16.036654,8.855659,9.116942,17.334030,12.378903,8.206855,17.487398,17.979969,11.945742,15.670582,17.825186,14.626884,13.054583,12.497577,11.028037,10.850496,10.266783,3.293747,6.122620,13.278683,12.989735,0.742944,13.127246,13.709366,7.205415,10.321770,13.525824,6.449679,6.698563,14.280533,11.008763,7.967868,12.971774,12.446612,10.787315,10.699321,8.312337,9.950840,9.775539,12.734485,5.296433,8.578517,15.962615,10.621301,5.907079,14.213377,13.190428,6.056445,10.179647,11.884842,10.971243,13.039125,10.085663,12.725230,13.654530,13.374464,8.289184,9.641696,15.761147,8.165944,6.601086,15.564455,14.501038,10.985774,13.123520,13.721762,11.862965,8.518457,3.136050,7.286911,3.838998,7.549337,-4.465615,5.947875,11.449538,9.470738,7.100478,8.852665,10.134600,5.395603,5.505252,2.351621,-1.805142,5.452022,4.821038,5.300397,2.860952,7.713585,11.762047,4.483315,0.449463,11.942701,7.291642,10.699515,9.944450,8.850470,13.156883,14.488127,12.026995,10.063532,14.373931,14.181999,7.971289,9.469539,12.692762,9.227659,13.795908,12.920460,9.172653,14.070908,15.882837,10.911987,8.976408,14.818982,12.269602,6.115354,14.275928,12.920956,5.263543,14.893867,14.778081,5.489826,10.356994,14.102143,7.010465,7.001269,7.742364,7.694941,11.476432,10.495354,10.936049,10.642118,13.615015,14.296084,7.421842,10.649137,14.826012,10.021042,0.732911,10.088278,14.411445,4.982108,-11.993513,15.099312,12.731503,5.195551,13.026688,16.084379,11.333332,12.435141,16.595301,16.369337,15.546804,15.789484,16.933294,17.508015,13.477924,14.177317,16.852797,9.419020,7.297415,16.992668,11.197786,5.456318,17.319107,15.946679,12.075752,15.588110,17.559105,13.942866,17.229843,19.478447,15.081073,19.134104,22.807531,17.407684,17.729342,24.120480,20.166359,14.744748,23.246805,21.990482,15.750127,22.882320,23.176693,16.628340,23.450449,24.945904,16.414597,21.802654,26.292067,18.662592,18.398510,26.346733,21.784971,17.280819,25.884243,23.891281,16.541540,24.983696,25.617878,16.845860,23.291992,26.815735,19.262608,21.863806,27.192514,21.008049,19.414446,26.218740,21.520128,13.278574,22.730091,20.516884,6.485829,18.668922,18.909475,7.493657,19.560720,20.539547,8.320408,17.019146,20.727917,10.765204,6.655762,16.047302,10.798084,12.648634,15.601624,13.293003,15.500858,19.566923,16.763220,15.182694,19.031662,16.521248,12.695184,15.150720,12.285397,6.868687,8.816010,8.405516,9.164737,11.592224,12.063234,12.636809,15.113067,14.925990
[0;32mI (15980) ANALISIS_ESPECTRO: Frame exportado | t=15.32 s | pico=93.8 Hz | 54.8 dB[0m
SPECTRUM_FRAME,16.341756,93.750000,54.634399,hann,512,30.673843,23.424360,50.425377,59.278114,55.461956,44.794342,54.634399,53.244724,40.755623,47.891750,48.872547,37.632462,43.340393,47.161339,38.915642,38.730350,44.832020,39.060387,36.550442,42.954525,37.914047,34.025234,42.096191,39.385601,28.474092,34.697483,34.792446,24.330139,28.574322,32.547535,19.594221,33.549706,38.041412,30.714138,27.701210,32.481567,28.215406,8.392858,28.011896,26.822845,6.217757,35.279308,34.804771,15.302608,32.887867,34.333191,21.222458,26.339481,30.183868,29.691574,24.127697,30.403999,32.130684,21.924208,29.982481,30.507679,18.646971,28.802311,30.410614,17.282026,28.035336,31.769291,25.045589,23.416021,29.813948,25.419054,11.648283,23.290213,21.251339,-4.911640,11.768139,13.560198,4.172048,15.702610,13.456366,9.821850,22.023888,20.150118,12.107594,24.627701,24.020403,9.016963,23.449783,25.563593,0.867608,16.252367,23.227573,8.810023,16.968157,10.674509,7.644968,18.101006,21.154699,13.244319,12.041027,22.681885,21.366491,4.503737,14.587280,19.595695,8.455618,15.304863,15.097618,9.736797,16.054253,20.404226,11.770916,10.685669,16.441170,9.336254,0.121231,10.413050,12.234606,-7.867873,17.969345,19.793617,4.744988,15.230167,18.778614,9.272783,6.796842,8.102842,5.181391,4.709988,13.795070,4.203732,14.922419,17.876663,12.378719,19.162889,18.513872,15.801750,20.169167,17.585300,16.704643,18.697483,14.124490,15.670982,13.121482,7.618033,13.136405,-1.501230,8.755858,7.195044,8.175372,8.967773,4.889167,12.126589,9.038650,11.302090,12.438222,7.929362,10.909569,7.966314,2.375435,3.525290,-0.186655,9.355240,9.921801,9.597186,5.736952,5.276255,6.367379,-0.553653,10.615621,6.503473,9.740655,15.776801,15.180290,14.200418,13.685304,12.626692,12.831048,7.975121,4.748539,-5.392498,13.138242,15.685093,13.148170,13.389163,16.356947,16.873520,16.262278,12.776424,12.786066,15.326006,11.717051,-0.036049,8.324881,10.599506,1.094990,-0.198976,-9.759666,4.278411,6.950322,11.704173,-0.667126,1.555787,12.914716,6.094934,0.856834,9.690059,11.453524,8.273426,-5.720422,5.188938,6.491654,5.175529,2.208814,2.451656,10.300742,12.246544,8.503712,14.236054,16.734488,13.021978,14.420815,16.636948,14.390578,10.879858,13.845333,14.311265,8.391304,9.002420,9.888657,3.968971,10.344524,13.062962,9.164086,10.460935,13.898047,11.726143,8.631345,11.407000,12.438655,10.110621,6.598039,7.617427,8.120119,6.603348,4.240711,7.039366,7.286719,8.855692,4.670662,5.545535,12.717137,11.552285,9.283582,12.727493,14.410408,12.695684,12.327147,13.548241,14.931297,14.326491,8.267100,11.710762,14.912929,16.612871,9.785160,12.971029,17.759039,14.558601,13.195290,17.378284,16.086246,15.634998,18.091030,15.881242,15.484553,17.088549,18.124651,15.975762,12.229957,15.376102,15.339962,6.205474,13.764519,13.659057,12.065171,17.068520,14.529338,15.052853,17.262894,18.004738,17.035202,14.376316,16.266586,16.193121,9.027641,10.495874,14.663628,10.337713,8.791144,11.018057,13.223619,12.742891,10.994128,14.532633,12.340585,11.259991,10.646139,7.819401,10.979052,9.528036,2.849331,5.761203,10.126939,8.390523,9.634903,9.295641,11.986683,10.006875,-1.822836,9.803900,5.981317,4.951067,2.083643,1.431530,8.770214,5.868263,9.991766,10.442668,12.705050,10.759037,8.601667,11.242805,9.124490,7.237631,6.771071,3.754616,5.734282,10.816442,8.405535,-3.316436,13.051619,15.300473,8.230498,12.005729,14.527126,10.359112,12.702084,13.842382,9.522728,13.445372,14.693762,6.495624,7.496101,13.393240,11.397245,9.441604,11.418133,14.062610,16.006618,16.239794,16.887163,17.961697,17.270660,15.321732,14.928562,13.772631,9.248208,6.371020,7.267042,8.274868,9.606595,13.794989,14.131933,14.331310,15.588110,13.874241,11.802958,13.012260,12.047148,9.841556,11.833545,9.787446,8.379799,11.742658,10.469007,8.658422,10.144510,8.656519,7.387964,-1.259268,-5.365997,4.300905,8.295702,2.630236,-3.887771,6.114236,4.896843,-0.877827,-8.822054,-10.704627,0.854237,4.533940,9.610287,5.979005,10.241589,14.648856,14.125179,12.594842,14.712870,16.755798,16.991846,15.382457,16.926939,18.553596,15.589104,14.004564,16.405273,14.095755,8.230409,10.327559,10.283394,2.321507,7.299663,12.816046,13.458048,14.845351,16.868404,13.609064,14.792628,20.266403,17.489607,12.519998,20.477917,20.873657,15.150161,19.675856,21.628761,16.993246,18.930847,20.626381,14.343731,17.424442,22.119442,17.160133,17.139198,23.190374,19.473053,17.138004,24.410906,21.812466,15.368322,24.543741,24.620649,16.830666,24.074432,26.621981,19.707449,22.904545,26.575829,19.320885,20.362507,26.399899,19.500952,16.230518,26.147087,22.481535,14.242422,25.901613,25.428141,15.368444,24.177650,26.270042,17.160814,21.174156,26.055725,20.396719,19.150558,24.660389,20.938076,17.991558,24.040449,20.838955,14.790085,22.611780,22.209749,11.619259,20.043034,23.623432,17.451664,17.596027,22.210045,18.405344,16.232786,20.266270,17.225389,13.962053,17.742655,15.673724,10.573395,15.582405,15.630501,9.573221,13.235903,14.532299,9.962637,14.782605,16.845417,14.017403,15.802042,16.676031,14.745463,15.637838,15.214648,13.478546,13.916531,11.779896
[0;32mI (17000) ANALISIS_ESPECTRO: Frame exportado | t=16.34 s | pico=93.8 Hz | 54.6 dB[0m
SPECTRUM_FRAME,17.364114,93.750000,54.916859,hann,512,31.357372,30.039185,50.618801,59.209705,55.462486,45.028770,54.916859,53.462181,41.021301,48.297638,49.068695,36.672962,42.353191,46.129002,35.649902,35.868378,44.167820,38.936253,35.952358,43.453159,41.040077,36.651119,42.782097,41.931915,34.590675,35.933594,37.474445,31.820135,27.822783,26.720470,20.042307,34.238953,37.970882,28.894001,28.216160,34.171906,30.235842,20.722191,28.241165,20.407446,27.455675,37.238583,36.045265,27.518188,35.945564,37.772984,30.126766,27.520527,32.696434,29.893644,15.868043,20.757933,20.342144,24.193295,30.200575,24.148556,22.278545,30.980806,29.698351,15.382749,29.517851,30.123995,14.752127,25.956079,27.744837,15.130148,20.393326,21.523304,10.716713,13.285483,18.076323,14.879618,10.777935,20.351036,20.323723,14.351543,21.732384,21.915684,15.992279,20.866077,21.785326,15.885273,16.172531,17.768291,10.120392,12.656061,0.784876,10.573969,18.742283,16.575893,18.351881,22.034241,20.491692,17.741158,21.322611,19.953598,14.058419,11.529803,11.585771,10.197334,15.019946,15.432770,7.400252,19.029278,22.138937,16.259190,15.292941,20.884398,17.229145,7.454365,9.454588,11.825505,7.914219,10.113432,15.252802,14.844950,8.842062,16.836702,16.217590,7.977966,6.424172,11.673670,12.331662,13.894632,3.240962,12.756509,17.609776,15.008041,9.570588,17.246798,15.081261,7.751574,13.716129,11.085701,8.644257,2.303984,13.744078,-11.707339,12.119125,16.023628,11.655910,12.948561,13.861828,12.409208,8.639947,5.088775,7.932518,-8.461445,12.417891,15.157110,12.682036,14.873426,16.486156,16.071030,13.424693,11.659364,13.217435,9.992940,-12.445595,-1.568486,4.766933,3.551391,4.113394,5.693206,2.574105,3.880965,6.950905,0.373857,6.056412,7.583457,3.976794,5.216198,8.628907,6.275805,1.713012,5.705185,2.780231,6.183913,4.569799,-5.686940,3.659310,6.847163,7.038680,1.068585,1.632894,6.433632,6.578107,-2.196711,-19.629368,0.878978,4.082903,7.982905,4.510475,-6.078584,10.258982,12.292511,6.826047,9.981480,13.830292,12.399494,12.143489,13.484007,12.809128,12.363511,11.331173,9.110701,7.787566,3.497484,-11.668798,-6.479983,6.423987,7.862899,9.489163,11.486622,11.244925,13.349049,12.818580,9.253540,12.924036,12.368481,4.424265,8.168916,7.882697,-1.624256,-2.368127,-7.792115,4.407002,-5.471340,4.362725,10.613803,5.717348,0.219187,9.429068,10.385706,2.021963,-5.106244,9.181262,7.974810,3.036375,1.197216,7.562651,-0.257474,0.254506,6.114011,-0.484605,-1.471224,9.104972,-3.279023,1.940155,8.679647,3.194161,0.989277,6.129508,8.622972,11.345516,9.710742,4.725332,13.243537,11.543047,3.398525,8.494085,8.261103,5.458971,11.795749,11.120038,7.837853,13.089271,15.496401,13.833198,10.886538,14.742634,15.033940,14.973731,15.615882,15.793707,16.348379,18.526356,18.456749,16.541731,17.468822,18.805925,16.289211,12.854698,15.327553,12.818303,10.661106,10.415613,11.707212,12.795266,12.772196,14.822825,14.520612,13.096046,14.639730,12.720299,9.763167,11.865332,9.462657,-6.969586,7.637187,11.132835,6.061954,6.008433,10.929412,8.095949,10.055303,9.255942,0.947218,11.952643,10.860109,4.951734,10.161234,12.494276,12.102486,4.276924,12.409781,12.511529,4.865418,10.368988,8.436128,1.771706,3.396978,8.051404,11.844917,6.753113,11.288425,15.422232,13.493848,11.318056,13.326802,13.493990,7.740674,3.323572,7.878203,7.297829,9.687908,7.678320,10.164737,13.722034,13.034514,7.194250,12.391266,15.079094,10.211920,6.163350,13.857487,13.136579,7.545333,8.640982,8.454247,4.430552,5.381687,3.251719,2.701545,5.494664,12.542902,11.167042,3.050995,12.937716,10.041618,4.685722,8.707682,6.936574,12.044333,5.038260,10.797365,16.081234,9.725870,12.507247,15.923088,12.622101,13.160056,12.997320,10.541073,14.261245,11.446255,1.335634,12.259386,11.689526,-9.670227,4.849284,7.639438,-8.090110,2.985272,-0.411231,3.176450,2.435073,7.733717,7.557555,5.355498,7.740461,7.585149,8.986743,-1.463036,5.803288,9.316504,7.171316,10.061720,5.091638,13.181496,14.592257,-1.952198,11.875591,15.375269,-7.556707,6.119797,8.011719,2.987626,-0.666296,10.033463,3.310124,1.329935,14.054737,9.719546,7.514235,7.131860,9.924393,6.033559,9.135373,13.347542,3.053911,13.516436,18.081879,6.097750,11.549274,17.851059,8.085246,5.508342,15.275230,12.222857,-7.011562,16.258312,17.695724,-0.924825,16.034273,20.058704,8.226460,13.621001,20.858328,14.118805,13.514117,22.126505,18.057461,13.469915,22.952387,20.562710,9.459210,22.259438,22.574978,4.225377,20.258347,24.458115,14.865955,19.014837,25.858498,19.579248,19.593470,26.944183,22.135918,18.619022,27.351101,24.236713,14.456643,26.131809,25.763628,13.140588,23.408907,26.433479,17.390738,21.063444,26.755512,19.844471,18.185555,26.251585,21.362038,13.543476,24.239855,22.367296,16.658054,23.327734,23.723400,19.057934,24.077038,25.338156,19.245489,22.573130,25.368309,18.993326,17.606396,22.832123,18.378914,12.837863,18.806650,17.247995,14.675047,18.701097,17.610992,14.543453,19.134947,18.779972,11.892795,16.463196,18.115770,10.645334,7.416556,13.617870,13.130751,9.172319,7.924414,13.303574,14.911371,14.324760
[0;32mI (18020) ANALISIS_ESPECTRO: Frame exportado | t=17.36 s | pico=93.8 Hz | 54.9 dB[0m
SPECTRUM_FRAME,18.386486,93.750000,54.798225,hann,512,26.089792,25.309914,50.348915,59.161293,55.402786,43.882423,54.798225,53.404812,40.022526,48.056953,49.120026,38.049007,43.123344,46.115765,36.346714,38.808319,43.625343,35.050472,34.650101,42.315796,36.403309,31.107906,41.415352,38.974247,23.800602,34.281136,34.633308,19.879263,31.242329,31.891975,26.220474,33.123116,37.346153,30.152395,22.902205,30.956520,24.528725,24.669649,31.458702,29.150661,25.755615,37.059830,36.443150,23.985090,34.252617,35.771755,25.896551,23.668291,27.657272,20.281973,22.554119,27.167452,22.037975,21.999445,29.850311,28.486147,13.545789,30.045647,30.374548,13.266510,29.544941,31.100027,16.218029,26.300383,29.214733,20.005722,20.321384,23.886730,19.924944,7.090173,17.387177,13.337840,7.616036,14.707033,13.859944,7.805506,17.957706,19.583151,14.722944,15.770359,20.081173,16.981716,10.706223,17.896526,16.371044,12.095179,14.446371,14.089304,9.861206,9.321760,11.746779,-0.068132,8.842431,13.191442,6.059411,7.036784,12.815432,11.707888,0.496345,8.053299,11.196182,6.764606,10.204094,7.873563,5.566998,7.922746,6.052509,6.387034,10.315103,1.967252,8.927278,17.616306,16.888697,11.917686,18.689224,21.442375,18.096254,15.583189,20.931540,20.013741,9.534286,14.433819,16.779810,8.283191,8.317663,1.229212,2.351670,11.449351,14.061668,13.087065,2.649758,10.526903,13.878384,11.436958,7.127543,6.097972,13.211335,13.775423,4.897724,10.994023,10.198822,6.206901,10.288320,1.677296,3.153395,9.164783,-8.074771,9.318632,10.245106,9.843978,7.524133,11.254010,13.123573,10.328780,8.808576,12.463728,12.601578,1.900446,10.483536,9.153408,-0.065837,10.494514,5.206781,-1.156596,10.831009,6.127868,4.748468,10.806908,3.508875,9.154330,10.570423,-10.100551,12.168787,7.683721,7.222478,14.610606,9.060452,8.172393,13.322147,11.344994,10.601593,7.209222,5.147629,12.645116,11.396737,3.347033,11.960765,13.866071,8.457338,10.936040,11.545625,-3.856099,11.031489,7.567139,9.206717,9.994087,3.760750,11.641645,8.952101,-5.591619,7.672101,2.216318,6.060439,8.384119,4.638331,7.663964,12.616180,12.858362,1.444954,11.600371,12.414037,-5.787006,6.903279,4.475814,-8.261737,-0.060020,1.288071,4.390429,1.929578,10.125280,10.857937,7.001746,10.965995,11.726003,8.548724,11.035772,11.036242,3.323731,9.247301,12.156952,4.404160,4.911964,11.262074,8.592220,-0.112721,6.527772,7.386220,2.337728,-4.656982,-3.470330,3.382761,6.608835,12.716302,-0.210660,9.035453,16.378649,10.403113,7.652665,15.477057,13.718237,7.346383,9.014488,8.236601,10.355658,11.279575,8.101669,6.810946,14.242258,16.306225,3.243026,11.394571,16.422897,11.621748,-11.910334,11.606693,11.524269,5.629826,14.466873,14.089958,7.072326,16.423450,17.067289,4.695509,14.533855,17.550991,5.797968,10.630686,16.922953,7.056218,4.105803,15.749741,11.066689,6.278565,10.934738,12.379724,10.359812,11.472900,15.592071,10.743274,13.567364,18.638390,11.665726,8.460567,18.984121,13.050871,-6.847857,16.085976,12.983460,3.879404,13.393423,13.466808,-0.837419,11.218019,12.482546,-3.034014,3.985799,9.249114,1.134551,-2.014479,10.475893,3.357571,2.451533,15.125452,8.569074,5.266351,15.357638,10.333482,9.724932,13.340014,8.614475,10.859342,9.392153,-1.068770,9.395464,7.831576,6.784990,-0.125411,8.880414,10.777348,-1.763109,12.112078,12.659711,1.367680,11.935830,10.631369,-8.637065,9.372025,4.079400,4.861923,2.872057,3.504079,12.026086,4.554983,8.858676,14.921479,9.190189,6.387540,12.663187,9.143199,0.557845,3.674381,4.040004,-12.952055,5.456767,-3.617692,-13.775633,10.507505,9.124080,-5.417235,11.095753,11.605576,-1.698489,10.140428,11.953115,0.192745,9.046407,7.517891,2.807065,10.258823,-8.086164,4.639160,7.853751,4.937802,7.899135,-0.003809,7.328424,10.005814,3.399678,7.883501,9.519856,6.803477,10.260937,7.957550,4.253658,9.860971,2.063918,-5.747082,6.387003,-2.915453,-8.210453,4.674823,1.548401,3.813756,7.603612,0.028195,8.356057,7.369959,-7.562408,9.553710,2.168047,0.046965,8.453495,1.574173,4.093832,2.450173,3.158212,5.383317,-7.187063,-8.114733,7.603511,-1.495613,-0.857715,8.811546,8.385742,4.950201,7.962323,11.112151,1.860229,8.797227,13.974850,6.170347,0.568242,15.483342,9.962413,2.873327,15.150809,12.628980,7.983226,14.795664,12.873364,2.964701,16.331440,15.633922,0.026607,14.394122,18.888515,10.270520,10.259624,21.008247,15.600496,10.080682,21.803743,18.154751,11.811502,22.292969,19.834391,10.025315,22.179520,21.659332,6.583486,22.049774,24.451530,10.962994,20.547565,26.338043,17.645782,18.069279,27.180515,21.908688,14.368930,26.843817,24.385067,12.731869,25.694874,25.721819,14.103544,23.785572,25.976370,15.022766,22.079578,26.369886,16.292097,18.390686,26.307039,19.949026,10.860626,24.907579,22.282974,5.118956,22.237118,22.512947,6.772104,19.580290,22.254162,6.915081,13.788549,20.755775,10.729670,1.907122,17.648113,11.327973,0.257749,16.150614,11.175282,-0.335291,15.483264,14.370889,0.966904,9.997159,13.563870,-2.410726,2.099973,9.787329,-3.819492,1.016576,5.919957,3.799371,4.322626,-1.323326,6.946779,5.890838,0.114450
[0;32mI (19040) ANALISIS_ESPECTRO: Frame exportado | t=18.39 s | pico=93.8 Hz | 54.8 dB[0m
SPECTRUM_FRAME,19.408838,93.750000,54.608604,hann,512,25.939177,28.616789,50.356316,59.083748,55.373543,43.681660,54.608604,53.016201,39.274830,48.210106,48.839146,34.713520,42.970695,46.699238,36.619911,33.942352,41.922462,35.692123,31.359045,37.465675,31.731979,30.312920,39.352806,36.795170,20.573498,29.860403,29.325073,22.273594,32.099861,35.103210,22.196705,33.584484,39.227173,31.898247,22.404182,32.445793,28.572601,27.024399,30.648012,27.248791,25.485714,36.112762,35.263882,19.719837,32.285065,33.890045,21.508141,25.418501,29.813967,24.588699,22.994320,30.347195,28.122192,10.440132,28.522720,27.402079,15.946844,31.268810,31.176865,10.943142,31.019096,33.043892,23.827377,24.379129,29.744432,24.224665,11.692387,22.670361,20.549530,14.475904,21.443729,20.980053,13.068000,16.091103,13.695374,14.694460,20.035648,19.074474,0.237110,19.789303,23.332491,15.216948,11.832403,20.592293,17.252155,-6.449379,12.046729,12.777979,-4.920051,13.379911,12.668711,3.929854,16.104252,17.197206,9.311989,14.854618,17.807053,12.032628,13.223382,17.322369,15.757627,12.973516,16.822451,17.374119,12.120366,12.203021,15.282683,10.024694,6.384058,13.624424,5.742996,15.098236,18.425003,11.120962,16.429026,21.217026,15.250015,13.116988,20.443695,17.491756,7.395480,14.203888,16.969011,6.793704,13.086006,14.075960,-2.041302,16.118231,14.542812,5.249240,12.166241,13.670659,11.421466,0.790164,13.209291,12.056911,5.851097,14.783529,9.659470,8.668407,12.272829,0.131282,7.377853,5.146797,6.547164,4.738667,6.009471,12.507175,7.119917,9.243966,14.463849,10.222469,8.476707,15.025858,12.989933,10.324747,15.201431,13.250687,12.639683,16.295250,11.632137,10.236000,16.148594,10.547294,6.085864,12.634349,8.177256,8.730784,8.888767,0.644434,9.484074,11.039034,9.988223,10.248344,9.899728,13.654675,10.866313,5.676021,11.061752,7.656288,0.098628,2.374308,-2.251573,-7.637668,9.444760,12.317850,6.898279,11.232290,14.200306,9.999557,10.120039,12.327472,8.703819,6.509307,11.616985,12.103005,6.844309,10.264629,13.536318,12.511795,8.436512,8.600653,11.602747,9.858089,-0.272305,-1.193020,7.668014,8.684957,6.646609,11.766668,11.583814,9.091293,14.475230,15.192566,9.796409,11.729445,15.564742,14.170857,9.479742,10.454647,15.294925,14.310684,7.608529,11.698051,15.381574,12.547088,6.672168,12.257210,11.492753,8.700750,7.701416,3.229722,1.315974,8.072444,8.945180,6.938655,0.482477,11.635379,12.216735,7.540670,4.749805,7.255081,9.551094,7.297359,7.511021,5.081742,13.251056,16.549932,14.848123,11.190267,17.790009,17.287724,3.683153,13.727822,13.903232,8.806268,2.575077,8.427736,10.367809,12.315516,13.281206,10.167839,13.107957,13.167164,8.092526,8.877620,11.242769,11.567058,5.610144,13.655149,15.229959,9.808204,14.065161,14.179211,10.482912,13.012684,12.138005,4.055640,14.888182,17.316994,11.900961,15.011215,19.174040,16.785814,10.422469,16.572496,15.471275,9.337077,8.247177,9.667741,11.925820,14.791384,15.516772,10.654388,17.732927,17.638000,11.844128,15.781159,15.890347,11.668019,10.719826,13.577404,11.931434,2.184789,13.633392,13.311930,3.527844,9.853171,10.881867,10.273249,4.473155,9.447192,10.022213,11.768346,13.862723,9.510754,11.376210,14.532577,8.844611,6.876597,11.670743,4.707194,4.022871,10.188942,4.290180,4.052115,12.310580,5.894952,0.493308,11.394340,3.358891,-4.383426,2.084249,-1.004092,1.112283,3.018734,10.204115,8.957872,7.616807,13.888984,12.196428,9.441440,11.814093,10.434225,9.432615,9.900539,-5.269719,-0.066504,11.189314,11.607817,8.078485,4.227755,13.536331,12.201943,3.452522,8.566212,9.278199,6.258669,8.127127,8.330639,2.445833,9.318128,13.799084,11.404132,7.359896,14.592802,14.015727,9.446615,13.881435,13.951720,9.456515,13.299156,14.809589,11.214554,12.120125,14.788109,14.130064,13.106537,12.008996,12.290239,14.165026,8.670345,-5.128768,10.648933,8.307356,11.160564,-0.058132,9.104280,14.881899,10.406176,11.639212,14.484465,10.242786,11.989671,12.653896,5.105182,7.507643,11.189338,8.624349,-0.543767,11.191188,10.279596,1.313340,11.210170,10.264212,-1.635272,9.324606,11.252853,6.423090,9.732416,12.873355,7.326085,12.288543,14.833616,7.958337,10.709929,15.925304,12.506666,-3.077724,15.130844,14.120890,7.373480,13.200552,12.528348,10.812192,14.791466,10.113300,7.647233,17.105610,15.256147,2.436324,17.250803,18.969822,9.112035,15.672056,19.981792,12.133404,13.812762,20.544586,14.958962,13.162694,22.087610,19.116182,13.783389,23.179203,22.071335,14.511694,23.379829,23.946037,14.537687,22.703054,25.431561,16.585299,20.513885,26.097286,20.298351,17.453623,26.039934,22.945297,17.047159,26.270206,25.006191,17.092184,26.103069,26.551029,17.646494,24.356890,26.924824,19.775253,22.131269,26.581934,20.923702,20.820227,26.409714,21.564877,17.482761,25.291981,22.424746,12.241746,22.049545,22.286819,15.591593,19.486336,20.907043,16.470352,19.281227,19.179111,12.881805,16.122057,16.603962,3.589733,9.180345,16.124851,12.694999,10.862585,18.497007,17.610016,12.640623,17.792837,18.432922,13.077904,12.998090,15.248567,12.263302,9.368596,10.668383,9.302976,9.847013,13.559899,13.092487,8.156637,12.577867
[0;32mI (20070) ANALISIS_ESPECTRO: Frame exportado | t=19.41 s | pico=93.8 Hz | 54.6 dB[0m
SPECTRUM_FRAME,20.431199,93.750000,54.376087,hann,512,24.903557,30.471678,49.993492,58.935562,55.470959,42.786316,54.376087,53.237656,40.523113,47.353340,48.619595,39.034279,42.468128,45.505005,38.038391,39.217724,42.775455,35.050041,36.803066,42.581604,36.815399,27.644691,41.108704,40.613525,29.219482,29.635937,36.195900,33.231453,35.910973,31.685946,24.466116,36.643429,37.834332,30.000572,28.986309,30.746555,30.174845,23.833227,31.199530,29.829290,11.999319,36.029514,37.158836,27.957108,31.146091,36.697247,32.348946,5.958613,28.371077,28.640457,22.507925,26.203110,24.005222,16.095795,28.656157,29.861027,22.125973,28.512772,30.667553,22.834883,27.239628,31.067698,25.309713,16.592272,28.508663,27.712667,21.512491,13.604328,23.827423,25.191177,23.463364,10.317728,20.954914,26.572052,25.356314,10.415486,22.954809,26.745234,22.658108,10.708115,23.397930,22.913982,17.046551,17.233070,18.061384,19.359283,17.831209,3.223647,19.052834,17.850359,13.242374,19.172029,14.045011,10.594400,16.947206,18.175329,15.999345,7.774134,18.563681,14.843073,13.190141,19.592148,14.176960,16.722652,22.014343,20.092279,14.425030,20.389194,19.620359,10.088658,13.169833,8.603729,6.395254,11.570740,14.510703,15.753101,15.574013,19.101484,17.196388,10.451338,15.631160,12.897395,-3.270215,-1.040298,8.342994,13.159885,13.551546,14.723220,15.482964,16.273483,15.370150,11.564310,11.273208,11.061527,4.400856,-5.940101,5.809932,4.880084,7.221632,11.900015,10.574456,8.357058,14.089645,11.351804,1.680205,12.694546,11.891315,5.264981,3.231732,10.502691,12.093685,4.081326,5.842866,10.948129,7.517902,6.426534,-0.073951,5.370578,9.313366,11.186331,7.279986,5.113054,16.084593,15.401262,-8.984993,14.926797,14.763319,-1.304828,13.243980,11.635406,7.006377,12.206944,6.439953,12.484508,14.604080,4.876506,11.322334,14.674172,9.013594,1.787392,7.638764,0.417782,2.559956,-12.511581,8.128285,4.074364,5.871622,12.943873,7.595963,6.604369,11.024137,2.628937,6.601961,3.231377,5.564479,8.516533,5.509858,9.056723,0.791834,8.086645,7.458435,-0.743676,9.620012,-1.433462,7.860189,6.488409,6.295502,11.895792,1.241673,9.558911,10.053179,8.017427,12.753520,4.856679,9.141788,13.149681,4.083537,6.520936,7.782986,8.229247,10.696899,3.188766,7.800207,12.104539,12.334335,13.604197,12.768814,10.521423,14.740751,14.517817,7.213603,11.228178,11.924116,1.086209,4.070148,3.848679,9.915165,9.610340,9.795813,15.070433,12.013227,9.158428,15.433996,12.710741,-1.458377,11.467163,11.453338,2.444656,6.161862,10.046400,6.470212,9.628939,10.234431,-5.240704,9.821272,11.489821,5.142363,7.063625,12.749642,9.658886,4.665214,12.912859,9.735334,6.212427,14.093925,12.435858,2.278594,16.089752,16.311829,2.616522,16.574272,17.462290,8.953579,15.742844,16.463068,10.781002,12.880725,12.331865,5.638356,11.483465,14.327010,11.551916,7.551664,15.400625,12.653139,-8.490417,14.501286,12.093459,6.479856,9.448397,11.352777,9.273985,9.725585,13.436154,10.605719,9.144682,13.100642,8.924343,5.085890,14.203478,11.933317,2.139346,14.660083,13.567885,-1.206059,13.587085,14.285861,7.613187,4.129242,10.097147,7.189051,7.849633,13.515121,10.482901,10.966969,15.867897,11.048639,7.362955,15.116416,12.323495,-14.050028,6.967777,6.680455,0.125655,-1.667310,8.191235,6.899233,-11.623772,9.395287,9.846134,-8.400656,10.021239,12.823352,4.442985,9.579924,11.130853,3.271015,11.220411,10.386379,2.633817,7.927364,3.203567,3.097865,9.569034,2.607260,1.357388,10.952816,3.493369,5.531100,12.112375,7.098026,6.548909,7.324164,-12.003889,8.103164,7.383835,10.295740,11.446814,10.034665,13.140492,10.069951,5.415315,12.552603,11.839919,2.874722,1.738712,10.112042,8.983866,-0.059522,10.660597,10.453395,6.815868,6.460299,6.409866,12.428269,5.668388,7.451642,13.343737,3.543187,10.109325,11.806230,-3.136106,10.883836,9.980514,-2.650323,5.502726,3.735868,-13.270338,5.258207,6.313858,-1.304820,3.180778,0.309205,8.122708,9.942400,1.004679,9.315102,10.092664,4.494232,8.764749,10.988724,7.213707,-0.921532,7.466659,-4.333071,2.078965,5.723240,2.078785,3.422995,10.203179,5.932972,5.457834,10.637326,11.030647,9.156051,2.536344,10.418526,6.481180,4.587822,13.150197,9.923133,2.500006,15.360760,11.947185,2.701174,16.995029,14.842541,-0.603945,15.836670,16.648811,7.595737,15.983278,20.081213,14.055769,13.659346,20.907440,14.651417,12.631634,20.857754,14.911112,6.178895,20.209145,16.364786,1.220794,21.590357,20.361649,2.022110,21.127960,21.940706,6.165810,20.084656,23.615738,14.717558,16.529915,24.722826,18.890745,14.927535,25.734797,21.933655,13.182697,25.111671,22.609653,12.278757,24.625870,24.102573,8.692292,23.087042,25.584822,15.447379,21.923506,26.554811,19.174080,19.600948,26.228781,20.582075,16.352571,25.833998,23.258034,10.229252,23.285503,24.085903,16.482468,20.733118,23.216972,17.262888,18.924902,21.566360,13.860368,16.005070,21.119579,15.922881,-17.237223,16.378717,16.234577,10.077080,11.228769,14.562083,11.391202,12.860471,14.045402,6.581269,11.601418,16.365679,12.880812,-9.272031,13.312437,13.137226,0.587327,10.730742,13.740234,7.815405,5.929777
[0;32mI (21090) ANALISIS_ESPECTRO: Frame exportado | t=20.43 s | pico=93.8 Hz | 54.4 dB[0m
SPECTRUM_FRAME,21.453558,93.750000,54.472183,hann,512,20.991997,29.013786,50.196186,58.915936,55.260883,42.361523,54.472183,53.063782,39.217690,47.452232,48.657028,39.285942,43.647552,46.252056,37.821877,40.978092,44.565739,36.586414,36.606480,42.674404,37.819210,33.504120,41.097469,39.273987,34.359299,35.461487,36.624218,36.642559,13.212835,35.549343,37.219864,27.962351,37.057838,34.421734,31.433573,30.769924,23.757252,30.185812,30.746468,27.932079,21.511707,35.929752,34.640163,2.954503,34.132210,34.534325,9.796325,28.241980,27.809908,17.967093,21.072504,24.602356,20.659973,22.329353,29.500675,27.963449,23.288284,29.527622,30.048864,21.613060,27.739592,29.336779,17.254673,25.306303,26.953621,17.492798,22.873405,21.652252,17.235100,17.581598,12.613953,9.912191,13.370866,14.427187,16.773207,20.783947,15.409000,18.951723,22.374342,16.695225,17.309668,19.519407,16.372971,14.370872,11.998562,13.476505,12.660161,2.374569,13.340827,4.273632,10.779009,16.636602,15.821667,13.945804,13.227108,18.530100,19.732449,13.339610,9.023045,16.893707,14.913865,15.544233,12.497164,1.450451,17.639709,19.176819,14.161063,7.970372,16.566551,14.867655,8.495577,15.263075,13.503427,4.560891,18.293901,20.010836,13.246267,12.882227,18.735783,14.491774,5.939797,11.303010,6.503308,12.289973,15.713582,11.592167,6.801569,15.302815,15.028784,3.979917,12.199889,12.639444,4.862431,9.442850,13.075871,5.575472,8.197773,13.918591,7.243975,9.588080,12.985489,3.671417,5.289822,8.060826,1.997031,2.432178,-4.871502,7.217896,9.613416,10.012913,6.992098,9.797905,11.912664,8.102559,7.680918,10.806915,9.524403,-2.515164,7.507811,5.025835,-0.678244,3.292783,-4.619503,1.777021,4.485550,-0.097099,4.677763,0.354693,6.002860,6.170277,-0.810088,5.322433,8.070457,5.105587,5.507969,7.621895,9.801665,7.736650,1.630396,8.649468,11.232803,9.609184,3.068733,6.680793,7.994602,10.016952,0.758474,4.091891,11.434683,11.318085,-12.308154,6.888446,12.403470,6.547750,9.017454,1.092971,4.729340,10.213120,10.969498,-6.545866,5.589958,9.393711,2.080161,2.511305,2.897187,-0.809718,7.511382,14.225405,7.461340,7.345400,15.334414,11.841750,4.698803,13.074087,10.116486,-3.073219,7.190354,6.636011,3.854751,2.864886,-3.394091,5.393705,9.598531,7.942528,4.139281,8.167929,9.764030,7.092209,5.199218,10.389658,15.205729,15.858153,12.268667,14.783796,18.142403,14.850271,10.115822,16.231606,15.025902,8.421076,7.317690,13.264278,14.008602,11.916763,11.564779,13.414957,12.376843,5.927103,10.336028,11.451452,7.542422,5.951531,5.762093,13.973501,13.885508,5.919768,16.559940,17.131201,9.924526,15.182763,15.373578,11.622021,14.822988,13.460770,8.769207,12.108345,11.631123,9.932750,10.127464,12.247926,12.638460,9.702964,12.514637,13.032707,12.431370,15.112337,14.942709,12.539808,14.638769,14.665039,13.404550,15.246037,15.142269,12.502456,13.314475,14.683512,13.147673,11.682661,13.737798,13.026455,9.415129,8.078900,6.433096,9.827885,4.161448,6.287116,6.743321,8.794876,11.847876,11.790140,13.627939,14.610001,14.225854,13.456505,13.266340,12.480696,12.620688,10.711733,6.858083,7.163879,2.949133,-3.463965,6.585111,8.577674,6.746641,1.306180,7.955043,8.595338,3.689793,3.409317,8.909425,10.662459,3.494906,1.707520,10.994864,10.503116,-4.887343,9.195049,12.001608,0.867349,2.969213,9.884327,3.647569,-0.230668,3.225867,2.673688,2.965720,0.887679,-0.403113,6.714598,2.821505,4.673556,3.459420,0.887554,7.230770,3.755789,3.109629,5.643043,5.989232,6.571650,10.379370,4.014208,4.173999,9.453880,8.581877,3.299582,7.501744,9.183104,5.349451,7.724032,8.150753,2.398717,11.947546,15.948462,7.251043,11.560464,16.070307,10.078483,12.098969,12.890932,5.018168,9.680849,1.271429,5.300207,9.256480,5.373698,12.962067,7.722001,4.586377,13.570078,9.173674,2.235136,12.935456,12.212911,1.050769,9.140998,10.209728,-1.889354,7.552275,3.942971,3.756013,7.757261,6.011139,10.076604,9.685811,13.531584,10.284896,5.802842,14.756617,9.074741,4.067301,13.492030,10.379404,0.159382,4.197136,5.241274,-4.008350,4.857530,2.198545,-9.124268,8.911331,7.414859,8.104940,11.906240,7.613615,11.234846,14.490975,-3.310111,13.036853,16.686558,-1.810919,10.015175,15.260154,3.506019,5.480338,14.275670,7.204740,3.279462,15.346099,13.255420,0.949533,15.769443,18.294621,9.997002,13.166886,20.160530,14.146470,16.355957,22.872799,17.490128,16.408232,24.244005,19.690105,13.770214,24.270351,21.858181,2.974384,22.020681,23.096601,11.937153,20.958855,25.291172,18.094398,20.382406,26.433218,19.875528,19.998596,27.314302,21.730316,15.729101,27.209305,24.254375,3.800687,26.244492,26.578014,13.213737,22.916811,26.627014,17.094231,19.794357,26.297215,19.203243,16.866371,25.821190,20.248150,14.320749,24.738010,20.280499,6.402334,21.239340,18.096226,3.621773,18.567343,20.351143,12.922440,15.232429,21.631069,14.169701,11.363657,20.059813,12.045245,0.417659,13.534737,-3.663106,-0.219802,11.066835,10.445765,8.489697,9.078793,12.443563,9.473344,5.569456,13.368898,11.796861,1.470574,10.228934,9.952995,6.296770,6.314747,7.297224,7.898655,-0.002268
[0;32mI (22110) ANALISIS_ESPECTRO: Frame exportado | t=21.45 s | pico=93.8 Hz | 54.5 dB[0m
