Command: /home/yuusha1/esp/idf-tools/python_env/idf6.1_py3.12_env/bin/python /home/yuusha1/esp/idf/esp-idf/tools/idf_monitor.py -p /dev/ttyACM0 -b 115200 --toolchain-prefix xtensa-esp32s3-elf- --target esp32s3 --revision 0 /home/yuusha1/esp/projects/labs/Rep_SE_202601_grupo_Diego_Santiago_Chen/Lab_1/Ejercicio_5/analisis_espectro/build/analisis_espectro.elf /home/yuusha1/esp/projects/labs/Rep_SE_202601_grupo_Diego_Santiago_Chen/Lab_1/Ejercicio_5/analisis_espectro/build/bootloader/bootloader.elf -m '/home/yuusha1/esp/idf-tools/python_env/idf6.1_py3.12_env/bin/python' '/home/yuusha1/esp/idf/esp-idf/tools/idf.py' '-p' '/dev/ttyACM0'
ESP-ROM:esp32s3-20210327
Build:Mar 27 2021
rst:0x15 (USB_UART_CHIP_RESET),boot:0x8 (SPI_FAST_FLASH_BOOT)
Saved PC:0x42006ece
SPIWP:0xee
mode:DIO, clock div:1
load:0x3fce2820,len:0x14f0
load:0x403c8700,len:0xda0
load:0x403cb700,len:0x2f58
entry 0x403c8908
[0;32mI (24) boot: ESP-IDF v6.1-dev-2938-g12f36a021f 2nd stage bootloader[0m
[0;32mI (25) boot: compile time Apr  8 2026 14:46:03[0m
[0;32mI (25) boot: Multicore bootloader[0m
[0;32mI (26) boot: chip revision: v0.2[0m
[0;32mI (29) boot: efuse block revision: v1.4[0m
[0;32mI (33) boot.esp32s3: Boot SPI Speed : 80MHz[0m
[0;32mI (37) boot.esp32s3: SPI Mode       : DIO[0m
[0;32mI (40) boot.esp32s3: SPI Flash Size : 16MB[0m
[0;32mI (44) boot: Enabling RNG early entropy source...[0m
[0;32mI (49) boot: Partition Table:[0m
[0;32mI (51) boot: ## Label            Usage          Type ST Offset   Length[0m
[0;32mI (58) boot:  0 nvs              WiFi data        01 02 00009000 00006000[0m
[0;32mI (64) boot:  1 phy_init         RF data          01 01 0000f000 00001000[0m
[0;32mI (71) boot:  2 factory          factory app      00 00 00010000 00100000[0m
[0;32mI (77) boot: End of partition table[0m
[0;32mI (81) esp_image: segment 0: paddr=00010020 vaddr=3c020020 size=0f458h ( 62552) map[0m
[0;32mI (99) esp_image: segment 1: paddr=0001f480 vaddr=3fc91300 size=00b98h (  2968) load[0m
[0;32mI (100) esp_image: segment 2: paddr=00020020 vaddr=42000020 size=16254h ( 90708) map[0m
[0;32mI (119) esp_image: segment 3: paddr=0003627c vaddr=3fc91e98 size=025e4h (  9700) load[0m
[0;32mI (122) esp_image: segment 4: paddr=00038868 vaddr=40374000 size=0d2e4h ( 53988) load[0m
[0;32mI (135) esp_image: segment 5: paddr=00045b54 vaddr=50000000 size=00024h (    36) load[0m
[0;32mI (141) boot: Loaded app from partition at offset 0x10000[0m
[0;32mI (141) boot: Disabling RNG early entropy source...[0m
[0;32mI (153) cpu_start: Multicore app[0m
[0;32mI (161) cpu_start: GPIO 44 and 43 are used as console UART I/O pins[0m
[0;32mI (162) cpu_start: Pro cpu start user code[0m
[0;32mI (162) cpu_start: cpu freq: 160000000 Hz[0m
[0;32mI (164) app_init: Application information:[0m
[0;32mI (167) app_init: Project name:     analisis_espectro[0m
[0;32mI (172) app_init: App version:      bc6dc7c-dirty[0m
[0;32mI (177) app_init: Compile time:     Apr  8 2026 14:46:06[0m
[0;32mI (182) app_init: ELF file SHA256:  d65aaaa4b...[0m
[0;32mI (186) app_init: ESP-IDF:          v6.1-dev-2938-g12f36a021f[0m
[0;32mI (191) efuse_init: Min chip rev:     v0.0[0m
[0;32mI (195) efuse_init: Max chip rev:     v0.99 [0m
[0;32mI (199) efuse_init: Chip rev:         v0.2[0m
[0;32mI (203) heap_init: Initializing. RAM available for dynamic allocation:[0m
[0;32mI (209) heap_init: At 3FC99690 len 00050080 (320 KiB): RAM[0m
[0;32mI (214) heap_init: At 3FCE9710 len 00005724 (21 KiB): RAM[0m
[0;32mI (220) heap_init: At 3FCF0000 len 00008000 (32 KiB): DRAM[0m
[0;32mI (225) heap_init: At 600FE000 len 00001FE8 (7 KiB): RTCRAM[0m
[0;32mI (231) spi_flash: detected chip: boya[0m
[0;32mI (234) spi_flash: flash io: dio[0m
[0;32mI (237) sleep_gpio: Configure to isolate all GPIO pins in sleep state[0m
[0;32mI (243) sleep_gpio: Enable automatic switching of GPIO sleep configuration[0m
[0;32mI (250) main_task: Started on CPU0[0m
[0;32mI (260) main_task: Calling app_main()[0m
[0;32mI (260) ANALISIS_ESPECTRO: Inicializando analisis de espectro[0m
[0;32mI (260) ANALISIS_ESPECTRO: fs=16000 Hz, FFT=1024, periodo=1000 ms, export CSV por serial[0m
[0;32mI (280) main_task: Returned from app_main()[0m
SPECTRUM_CFG,16000,1024,512,15.625000,hann
SPECTRUM_FRAME,1.006344,93.750000,12.422114,hann,512,-17.638931,-15.150891,5.133595,13.421267,9.827233,1.437016,12.422114,11.034904,-1.498782,10.933224,11.748462,0.181802,9.133585,12.154076,3.327558,7.042914,12.298909,5.836046,4.439628,12.052630,7.716137,1.088376,11.223540,9.024498,-2.164639,9.690174,9.715952,-1.900012,7.473793,9.766894,0.589085,4.757829,9.240528,2.483289,1.751087,8.255131,3.488647,-1.534403,6.853938,3.841503,-4.701266,4.880872,3.759105,-5.886281,2.032434,3.242570,-5.344382,-1.856696,2.092360,-5.182939,-5.930886,0.154977,-5.880928,-7.871936,-2.389743,-6.839910,-7.841153,-5.082036,-6.516684,-6.995606,-8.233654,-4.759401,-6.343075,-13.275019,-3.092542,-6.587498,-16.615395,-1.896864,-6.087133,-13.548677,-0.778191,-2.847709,-11.693706,0.271843,0.664246,-7.954834,0.701761,3.154800,-3.714213,-0.000661,4.599070,-0.843852,-2.136667,5.104622,0.910050,-5.782759,4.791273,2.200802,-9.839107,3.899877,3.478479,-9.781550,2.853796,4.712719,-5.911069,1.927980,5.650655,-2.161236,0.813773,6.109941,0.527603,-1.020715,5.984150,2.268556,-3.594061,5.186346,3.399344,-5.421792,3.664489,4.184063,-4.799823,1.500664,4.661921,-3.098321,-0.960638,4.718194,-1.446141,-3.309732,4.244899,-0.214678,-5.677314,3.193263,0.363219,-8.225656,1.524408,0.280970,-9.542156,-0.848907,-0.191267,-8.949217,-4.016681,-0.676940,-8.224573,-7.725415,-1.105875,-7.582454,-10.890937,-1.807194,-6.565206,-13.318538,-3.163736,-5.680965,-16.373169,-5.493152,-5.658402,-15.989557,-9.283070,-6.813732,-11.870098,-15.689054,-9.151065,-9.202684,-19.504995,-12.082150,-7.934840,-14.054936,-13.597073,-7.493069,-11.832409,-12.879459,-7.546983,-11.998608,-11.817533,-7.901741,-13.826303,-11.177370,-8.036552,-14.515325,-10.705631,-7.209530,-10.389585,-10.019630,-5.675624,-5.911312,-9.258403,-4.257596,-2.696834,-8.720106,-3.334313,-0.665357,-8.160918,-3.007671,0.379521,-7.116116,-3.376326,0.673042,-5.702962,-4.570359,0.501325,-4.125963,-6.658359,0.102527,-2.261416,-9.440551,-0.489524,-0.306392,-11.556941,-1.413352,1.194473,-10.022912,-2.802873,1.874223,-6.546613,-4.766705,1.663293,-3.741151,-7.597020,0.776535,-1.892734,-12.145359,-0.267316,-0.596203,-20.378141,-1.041825,0.568865,-16.101971,-1.870409,1.559873,-9.256728,-3.526014,1.951069,-5.042500,-6.867408,1.328254,-2.383249,-13.533832,-0.632894,-1.059500,-16.191530,-4.231453,-0.939427,-9.608635,-9.073793,-1.708947,-6.982945,-11.124486,-2.646505,-6.442971,-11.169117,-3.122909,-6.590878,-14.313493,-3.673214,-5.935797,-31.521976,-5.339308,-4.762903,-14.600359,-9.030197,-4.402278,-8.587560,-15.764622,-5.506853,-6.216924,-17.358459,-8.404488,-5.863905,-13.413372,-13.498526,-7.167505,-11.963348,-20.824926,-9.992493,-11.466657,-22.959864,-13.690475,-11.042351,-18.262724,-16.132704,-10.801800,-14.518570,-16.155664,-11.139757,-12.730164,-14.284058,-12.270767,-12.671594,-12.002899,-14.039326,-13.433340,-10.697733,-15.596954,-13.393076,-10.365599,-16.401165,-12.516312,-10.126920,-17.057697,-12.132344,-9.416384,-15.782743,-12.568590,-8.961226,-12.117029,-13.017773,-9.671774,-9.262925,-12.295029,-12.234307,-8.086349,-10.904026,-18.079655,-8.640926,-10.163326,-40.042576,-10.976255,-10.874567,-21.046680,-14.210092,-13.917150,-17.767948,-13.961745,-20.390396,-18.790195,-11.920435,-16.031490,-25.538528,-11.557436,-10.868465,-27.171469,-13.455374,-8.922136,-16.886372,-18.871052,-9.264035,-13.214552,-31.277979,-12.035132,-12.337973,-18.480209,-19.173813,-13.917021,-14.241709,-25.712303,-18.580853,-12.938688,-16.308441,-20.847195,-13.485084,-13.807999,-15.799650,-15.661057,-13.859930,-13.872587,-19.205666,-15.434731,-14.868945,-22.763165,-17.958572,-19.199409,-25.755251,-20.807556,-28.685787,-33.358921,-23.149042,-21.995209,-32.307213,-24.236675,-17.680767,-24.063976,-23.846954,-16.116064,-21.154079,-21.888359,-15.670950,-20.291321,-18.592258,-15.148140,-21.600168,-15.160274,-13.307438,-29.694008,-12.699494,-10.660069,-20.956629,-11.784065,-8.495811,-12.461390,-12.927078,-7.373496,-8.232022,-17.176630,-7.512242,-6.251899,-21.803673,-9.113473,-5.980130,-16.032064,-11.963480,-7.062188,-13.670099,-12.898710,-8.196193,-13.484377,-10.886359,-6.996872,-10.881038,-10.214926,-4.762322,-6.673597,-12.385450,-3.441397,-3.834231,-18.863630,-3.447318,-2.563118,-16.133699,-4.871760,-2.620132,-10.619766,-7.813194,-3.678852,-8.434831,-12.030394,-4.994146,-7.487877,-15.784519,-5.402318,-6.305446,-18.895996,-4.951018,-4.794325,-23.571253,-4.768462,-3.742115,-17.222630,-5.455415,-3.497478,-12.331456,-7.071714,-3.933635,-10.099705,-9.286388,-4.671597,-8.911575,-11.293465,-5.375288,-7.709273,-12.123981,-6.110547,-6.569221,-11.558604,-7.245125,-6.146996,-10.577479,-9.081479,-6.815832,-10.350067,-11.643338,-8.575003,-11.360692,-13.948956,-10.755873,-12.764658,-12.986404,-11.596729,-12.114738,-9.723166,-10.684276,-10.482078,-7.072871,-9.463661,-10.121330,-5.745383,-8.678585,-11.623875,-5.914083,-8.738585,-15.155321,-7.809043,-10.103326,-20.059475,-11.633308,-12.559324,-24.541494,-14.541319,-11.723463,-32.150230,-12.554953,-7.974653,-18.203800,-11.672807,-5.656367,-11.718765,-13.589050,-5.150211,-8.572408,-19.585396,-6.361296,-7.510623,-35.670963,-9.123788,-8.019548,-24.791252,-11.798787,-9.271936,-29.715910,-11.548413,-9.486064,-23.779694,-10.999020,-8.464341,-14.241411,-12.239552,-7.814636,-10.218670,-15.745688,-7.940277,-8.575643,-22.159760,-8.235749,-8.242873
[0;32mI (1690) ANALISIS_ESPECTRO: Frame exportado | t=1.01 s | pico=93.8 Hz | 12.4 dB[0m
SPECTRUM_FRAME,2.028695,250.000000,12.655275,hann,512,-26.527653,-4.703468,4.430658,13.520458,9.652294,-0.720228,12.592890,10.933762,-12.779753,11.300007,11.823369,-6.644715,9.734570,12.441742,1.595991,7.616305,12.655275,5.567372,4.405843,12.284767,7.708091,-0.471195,11.288352,8.792389,-7.708287,9.805237,9.346767,-15.975193,8.026160,9.626203,-6.003108,5.883366,9.505464,-0.238606,2.934826,8.716623,2.571042,-1.354968,7.168212,3.557544,-7.100286,5.156833,3.603848,-13.920722,3.275637,3.585830,-20.779114,1.553237,3.562680,-10.790048,-0.699948,2.816864,-6.729497,-3.670128,1.020106,-5.680418,-6.512400,-0.731552,-4.322384,-9.373575,-0.721908,-1.200320,-11.877367,-0.441903,1.302901,-8.224449,-1.388855,2.479794,-4.557030,-3.486757,2.822206,-2.057048,-6.164388,3.048288,0.614885,-10.072389,3.248907,3.230127,-11.598330,2.828552,5.008716,-5.271095,1.294688,5.763303,-1.363619,-1.445933,5.730963,0.795236,-5.243480,5.327169,2.536819,-11.577481,4.757436,4.315644,-19.371853,3.727200,5.658594,-5.941931,1.733885,6.149708,-1.256170,-1.536113,5.775511,0.757669,-5.856752,4.821095,1.641823,-10.734658,3.599388,2.477590,-15.411881,1.961450,3.395769,-8.401500,-0.801539,3.726825,-3.295924,-5.613790,3.012205,-0.987080,-10.992720,1.262118,-0.369842,-9.542111,-0.995440,-0.502946,-8.281252,-3.191331,-0.584705,-7.149194,-6.206806,-0.772708,-4.880448,-12.750404,-1.919519,-3.467600,-15.602955,-4.846319,-3.828464,-9.052066,-10.843468,-5.882056,-7.468270,-28.688847,-8.376685,-7.923466,-17.152369,-9.320227,-7.355664,-11.789885,-10.491771,-5.761615,-8.777780,-14.509142,-5.460889,-7.295878,-19.377392,-7.322852,-7.775050,-14.766924,-11.974668,-10.778334,-12.298379,-19.198275,-16.420029,-10.843816,-18.579651,-15.766917,-8.770047,-15.474733,-13.647495,-7.392903,-11.498417,-15.677176,-7.980214,-8.330478,-18.983889,-11.696305,-7.136667,-13.233596,-24.239225,-8.042654,-9.578974,-16.325855,-11.059343,-8.154428,-11.190267,-15.068754,-7.275868,-9.237260,-17.199011,-5.892297,-6.679555,-20.692051,-4.626537,-3.704265,-15.560652,-4.334279,-1.742555,-8.688545,-5.259941,-1.055429,-5.287568,-7.157703,-1.277387,-3.924222,-9.220077,-1.629586,-3.344574,-10.317532,-1.592622,-2.190817,-9.127742,-1.705876,-0.557342,-6.078937,-2.748414,0.521299,-3.410444,-5.045968,0.667772,-1.879058,-8.203651,0.153870,-1.254499,-10.471939,-0.395953,-0.911098,-10.189685,-0.744780,-0.393605,-7.753186,-1.454994,0.015389,-5.042279,-3.157819,-0.200872,-3.364199,-6.086244,-1.163696,-2.853424,-9.701876,-2.421946,-2.998600,-11.759985,-3.298068,-3.023430,-10.551233,-3.987508,-2.863860,-8.146455,-5.347483,-3.260897,-6.540400,-7.911705,-4.773584,-6.372556,-11.747061,-7.366162,-7.603206,-16.061136,-9.836457,-9.465776,-16.940189,-10.662433,-10.653202,-14.198704,-10.907693,-11.662044,-12.673462,-11.565506,-13.920983,-13.758707,-12.858171,-16.701300,-19.065279,-15.658560,-17.434784,-33.804611,-21.652163,-19.160694,-20.204590,-23.325891,-23.626331,-18.644159,-20.118423,-18.317720,-17.881889,-23.884998,-14.812012,-13.369736,-24.206657,-15.554407,-10.503112,-14.208251,-21.833244,-10.314222,-10.350076,-22.042774,-12.866498,-9.099411,-15.859081,-16.738605,-9.057181,-15.270769,-14.836344,-8.895718,-17.757238,-12.969872,-8.440891,-16.059433,-14.117367,-8.812419,-12.371574,-17.463278,-11.015179,-11.340470,-16.997801,-16.387585,-12.725435,-14.476737,-31.242273,-14.465680,-13.998647,-22.291079,-12.603693,-14.315601,-20.033176,-10.361844,-12.965918,-23.353415,-9.776519,-10.867748,-25.382099,-10.863219,-9.778432,-19.254524,-13.610287,-10.146202,-16.573404,-18.151857,-12.165164,-16.439926,-24.124577,-15.517788,-16.601795,-26.352867,-16.121481,-13.848049,-19.069115,-13.849101,-10.730757,-13.125103,-13.135915,-9.185637,-9.687948,-14.353643,-9.284574,-8.275793,-16.454788,-10.498052,-8.463558,-17.949659,-11.173011,-9.217941,-19.769894,-10.338954,-8.719934,-18.589018,-9.599310,-7.521935,-13.313226,-9.761082,-7.414135,-10.063958,-10.476217,-9.179626,-8.973944,-11.214514,-13.366004,-9.306984,-11.876859,-18.528429,-9.627433,-12.019657,-15.889783,-8.824820,-11.028415,-12.851218,-7.998652,-9.989564,-11.348072,-8.178455,-10.167652,-11.007565,-9.549655,-12.078409,-11.892174,-12.047137,-15.523063,-13.347806,-15.214106,-17.232361,-13.196873,-15.548172,-15.219556,-12.108896,-12.648109,-13.083304,-12.436303,-10.980844,-11.675139,-14.962205,-11.488757,-11.472320,-19.227955,-14.297714,-13.058521,-22.267504,-17.842867,-15.930784,-25.696066,-17.948210,-15.111443,-20.135929,-19.602802,-12.722417,-13.631056,-30.725685,-12.827748,-10.886686,-18.869755,-16.295069,-10.959396,-13.763653,-21.825230,-13.769758,-13.263115,-18.002159,-18.051146,-16.361069,-16.702219,-16.950731,-18.393066,-19.884146,-16.227470,-14.087746,-18.880650,-20.449963,-12.561800,-13.580898,-27.755508,-14.666286,-11.800128,-17.437021,-22.992245,-13.196543,-14.739208,-25.629753,-18.321302,-15.189933,-18.793674,-20.645952,-15.105371,-19.925383,-15.687671,-12.459823,-24.146229,-14.345866,-10.660314,-18.391087,-15.642160,-10.801600,-15.359209,-18.217829,-13.035632,-16.363672,-19.884926,-17.919962,-23.133289,-20.787766,-28.375998,-22.784203,-20.535015,-34.180264,-14.911297,-17.378227,-28.002071,-12.141689,-14.555880,-29.903002,-11.828907,-13.333636,-36.535000,-13.510499,-13.717717,-29.492809,-17.589231,-15.891410,-24.917404,-23.971760,-20.822573,-23.672535,-21.438438,-28.435780,-23.290813,-18.359459,-22.147175,-21.179073,-17.807468,-19.020746,-19.083336
[0;32mI (2720) ANALISIS_ESPECTRO: Frame exportado | t=2.03 s | pico=250.0 Hz | 12.7 dB[0m
SPECTRUM_FRAME,3.051060,93.750000,8.821811,hann,512,-18.129295,-17.096642,0.852373,9.678927,6.434517,-5.334787,8.821811,7.646809,-22.677460,7.514615,8.302984,-7.562834,5.854479,8.607408,-1.654696,3.752051,8.598610,1.825520,0.755823,8.164839,4.087749,-4.234688,7.141339,5.346839,-15.120763,5.406483,5.709925,-11.341447,2.968193,5.334840,-5.586819,0.071416,4.480702,-3.185541,-2.943968,3.447062,-1.606252,-6.493702,2.321875,-0.326353,-12.629032,0.852965,0.370688,-19.890005,-1.247907,0.267785,-11.693544,-3.766804,-0.341902,-8.330138,-5.673608,-0.500215,-6.063218,-6.933751,0.283066,-3.105653,-9.445713,1.117400,-0.234416,-14.005556,1.211545,1.794215,-10.480328,0.358773,2.965094,-5.350661,-1.339805,3.556070,-2.252497,-3.663747,3.883289,0.022019,-6.687152,4.064871,2.055545,-10.811388,3.928102,3.779187,-10.106940,3.179177,4.937166,-4.747568,1.565195,5.402671,-1.225690,-1.097477,5.203943,0.790102,-4.907213,4.491562,1.929719,-9.536049,3.484242,2.673264,-11.570340,2.315516,3.244996,-8.081209,0.872758,3.543111,-4.406980,-1.136502,3.321237,-2.043266,-3.943342,2.388944,-0.941646,-7.356765,0.686801,-0.899379,-10.166764,-1.638939,-1.600934,-10.912502,-4.106605,-2.572885,-9.732394,-6.088736,-3.474528,-7.794807,-7.459339,-4.567763,-6.443687,-8.392425,-6.511350,-6.353627,-8.997077,-9.977421,-7.644291,-9.567373,-15.627550,-9.429676,-9.784615,-21.602585,-9.113408,-8.388115,-19.875658,-7.415925,-6.063052,-15.847893,-6.675815,-4.348401,-12.003880,-7.375161,-3.652153,-9.464628,-9.317225,-3.741887,-8.252976,-11.708124,-3.989188,-7.602192,-13.266549,-3.810295,-6.390166,-13.658524,-3.443792,-4.631273,-12.554999,-3.541801,-3.273299,-10.322486,-4.462341,-2.822671,-8.574234,-6.211413,-3.332753,-7.945062,-8.409080,-4.572201,-8.119297,-10.059710,-5.967597,-8.064046,-9.909876,-6.850463,-7.213030,-8.224707,-7.163381,-6.492281,-6.447906,-7.210178,-6.827541,-5.423272,-7.114750,-8.673323,-5.321177,-7.036801,-12.397270,-5.801357,-7.035308,-18.251133,-6.005819,-6.514705,-23.428879,-5.529462,-4.930601,-19.855515,-5.203970,-3.063236,-13.496207,-5.922606,-1.804287,-8.943226,-8.214256,-1.420876,-6.226089,-12.340969,-1.780855,-4.832993,-16.100340,-2.428571,-4.094760,-16.080563,-2.817249,-3.231638,-17.517241,-3.016243,-2.027389,-17.154148,-3.708786,-1.012266,-10.800872,-5.562983,-0.687381,-6.649290,-9.171555,-1.238322,-4.577044,-14.724006,-2.585895,-3.919673,-16.544928,-4.298820,-4.095108,-14.709179,-5.688492,-4.394107,-14.472775,-6.771880,-4.377408,-13.229084,-8.557660,-4.409210,-10.233827,-12.363830,-5.146765,-8.020515,-20.906065,-7.075774,-7.265527,-19.667007,-10.647844,-7.908875,-13.802451,-16.423006,-9.821445,-11.996202,-21.585701,-12.701033,-12.074456,-20.225889,-15.471348,-12.897182,-20.634911,-16.294983,-12.983666,-23.784046,-15.423656,-11.496527,-21.094437,-14.491920,-9.489370,-15.052359,-14.461318,-8.012897,-11.027193,-15.813533,-7.485818,-8.561954,-18.233431,-8.085464,-7.327494,-18.598030,-9.893476,-7.111925,-16.480659,-12.649477,-7.564921,-14.998930,-14.987702,-8.006959,-13.723215,-16.098972,-7.929386,-11.424894,-18.385159,-7.826955,-8.922693,-23.393011,-8.590038,-7.331275,-18.585114,-10.980329,-7.010004,-13.412513,-16.265224,-8.094440,-11.211968,-27.952225,-10.801339,-11.009666,-20.173939,-15.596147,-12.277647,-16.882786,-23.443556,-14.195662,-16.795408,-39.309021,-15.406094,-16.550226,-25.819199,-15.805166,-14.407669,-17.048323,-15.577009,-12.461893,-12.299305,-13.421956,-11.557464,-9.829992,-10.508443,-11.223592,-9.012841,-8.497306,-10.730934,-9.519481,-7.690251,-9.968718,-11.018624,-7.884387,-9.283854,-12.812997,-8.539819,-8.584517,-13.527938,-8.867329,-7.449024,-12.162439,-8.695164,-6.025533,-9.604875,-8.648399,-4.951711,-7.198230,-9.102575,-4.675411,-5.573948,-9.795762,-5.386792,-4.898669,-10.165515,-7.139159,-5.131284,-10.154762,-9.791448,-6.016618,-10.068771,-12.663331,-6.968930,-9.677454,-14.569997,-7.451505,-8.625546,-15.060299,-7.814882,-7.451552,-14.021797,-8.912313,-6.974515,-12.183515,-11.472229,-7.697730,-10.985897,-16.353737,-10.044046,-11.178207,-24.094002,-14.748750,-13.155783,-23.698320,-21.595554,-17.211365,-22.995491,-19.621733,-20.541981,-27.440119,-18.040438,-19.068203,-26.843874,-20.022816,-19.282669,-22.536364,-20.857792,-20.610413,-24.088976,-16.537830,-15.662490,-29.488985,-13.948917,-11.029630,-17.016190,-13.608312,-8.622957,-11.281693,-14.871322,-7.974812,-8.409375,-15.971077,-8.802013,-7.227277,-14.985435,-10.801746,-7.085864,-13.417472,-13.063573,-7.178193,-11.827362,-14.265053,-6.758630,-9.522429,-14.890051,-6.079021,-6.999915,-15.185576,-5.940376,-5.158248,-13.394013,-6.864173,-4.340727,-10.709739,-9.162129,-4.573563,-8.986433,-13.127802,-5.681476,-8.429186,-18.725372,-7.070420,-8.489473,-23.732868,-7.785597,-8.158372,-25.227127,-7.879814,-7.139960,-19.659256,-8.449379,-6.307273,-14.469657,-10.332996,-6.380481,-11.763815,-14.209820,-7.619115,-11.116959,-20.802265,-9.818851,-12.266914,-22.902035,-11.407438,-14.260259,-20.148014,-10.735252,-13.639223,-19.776144,-9.726964,-11.131734,-19.374100,-9.814049,-9.704716,-17.797779,-11.188738,-9.749775,-16.980062,-13.495879,-10.884973,-17.510801,-15.062455,-11.762341,-17.036690,-14.102846,-10.814237,-13.721799,-12.279793,-9.198060,-10.620436,-10.909233,-8.260139,-8.834442,-10.214749,-8.283710,-8.291822,-10.235861,-9.204873,-8.783951,-10.928229,-10.728513,-9.876543,-11.875738,-11.977175
[0;32mI (3730) ANALISIS_ESPECTRO: Frame exportado | t=3.05 s | pico=93.8 Hz | 8.8 dB[0m
SPECTRUM_FRAME,4.073420,93.750000,11.105654,hann,512,-2.982408,-3.807804,4.077462,11.871138,8.520609,0.042862,11.105654,9.581328,-4.568740,9.910394,10.197685,-3.000314,8.348522,10.528158,1.292560,6.372559,10.603212,4.420867,3.739635,10.335813,6.486069,0.003179,9.602980,7.654567,-5.066660,8.322817,8.029491,-7.195254,6.495030,7.725293,-4.268909,4.207734,6.901072,-1.902861,1.575313,5.734297,-0.270641,-1.375087,4.304548,0.869548,-4.482780,2.484338,1.326705,-6.569532,0.000783,0.824631,-6.918182,-3.343440,-0.814545,-7.374601,-7.197421,-3.475648,-8.347527,-9.908937,-5.988033,-6.839569,-9.792953,-6.732330,-3.402861,-7.284956,-7.029671,-0.755320,-4.332641,-8.202555,0.893958,-2.038994,-9.902244,1.950240,-0.302594,-11.974651,2.708462,1.366950,-17.620731,3.130390,3.148645,-15.163300,2.938724,4.747638,-5.454044,1.810437,5.844045,-0.372880,-0.614312,6.332661,2.693307,-4.998316,6.286412,4.612898,-13.737299,5.866368,5.866193,-14.496971,5.182326,6.744451,-5.928298,4.137025,7.330790,-1.202065,2.394492,7.532653,2.008787,-0.580954,7.203515,4.131657,-5.498545,6.242650,5.359632,-9.090295,4.640518,5.891129,-4.810556,2.496650,5.953636,-1.423880,-0.051794,5.740004,0.710943,-3.112430,5.288098,2.189134,-7.185696,4.444014,3.109371,-10.373849,2.960532,3.354702,-7.332594,0.595083,2.813512,-4.305672,-2.843839,1.461560,-2.907019,-7.301996,-0.581265,-2.589911,-11.307602,-3.000529,-2.799232,-11.633358,-5.492301,-3.277753,-9.825583,-8.189021,-4.307353,-8.447281,-11.022663,-6.533867,-8.497768,-12.026463,-10.614050,-10.876539,-11.259954,-13.724432,-18.573420,-11.561031,-10.561865,-19.575756,-14.120560,-8.319376,-10.756130,-19.060953,-7.891364,-7.551476,-20.168320,-8.455549,-6.094210,-16.622999,-9.318521,-4.962942,-11.936010,-10.751027,-3.730698,-7.004710,-13.988249,-2.871189,-3.328046,-15.929475,-2.896288,-1.051965,-10.014134,-4.060627,0.028154,-5.840588,-6.469095,0.158542,-3.601617,-10.031180,-0.348547,-2.423040,-13.643047,-1.117431,-1.573927,-13.023038,-1.939233,-0.663335,-8.714796,-3.003049,0.123050,-4.914871,-4.659409,0.389840,-2.383808,-6.879243,-0.100502,-1.028006,-8.548926,-1.382858,-0.627276,-8.441228,-3.281068,-0.856436,-7.439976,-5.382008,-1.286032,-6.149209,-7.250545,-1.649602,-4.553926,-8.611480,-2.148680,-3.104844,-8.835917,-3.241450,-2.335409,-7.800645,-5.321795,-2.488139,-6.728964,-8.667391,-3.565708,-6.428987,-13.330629,-5.307822,-6.847329,-18.115919,-7.099699,-7.291974,-19.079922,-8.513747,-7.156792,-15.973239,-10.160656,-6.961442,-12.717828,-13.153999,-7.613052,-10.899675,-18.515228,-9.746058,-10.786948,-21.965790,-14.127503,-12.547060,-18.667263,-22.576101,-16.640976,-17.796362,-23.989820,-23.408909,-19.675827,-20.159698,-25.142197,-24.092060,-20.882641,-25.108322,-27.310102,-23.759666,-32.105019,-22.345297,-20.921139,-25.852434,-17.475307,-16.156855,-19.261669,-14.235206,-13.021837,-16.438978,-12.608648,-11.190924,-15.243793,-12.567362,-10.489259,-14.834627,-14.106960,-10.871080,-15.023297,-16.999115,-12.060323,-15.789183,-19.677147,-12.939101,-15.928654,-20.017006,-12.466999,-13.805228,-18.722237,-11.831890,-11.197075,-15.924636,-12.332125,-9.640136,-12.940983,-14.396130,-9.402465,-11.016790,-17.513929,-10.469399,-10.401937,-18.822399,-12.706622,-11.007998,-18.301594,-15.503218,-12.484323,-18.646191,-17.123344,-13.820831,-18.399395,-15.987929,-13.735294,-15.673120,-13.207437,-12.433306,-12.955168,-10.641386,-10.751339,-11.257469,-9.097264,-9.242706,-10.279144,-8.737471,-8.346344,-9.602514,-9.497850,-8.282902,-9.010377,-11.101543,-8.880540,-8.331255,-12.782116,-9.379901,-7.224640,-13.157812,-9.110748,-5.642354,-11.495752,-8.713431,-4.130793,-8.847401,-9.128049,-3.255584,-6.493027,-10.644808,-3.320570,-4.983654,-12.446352,-4.480783,-4.411015,-12.394284,-6.826506,-4.587584,-10.811079,-10.302811,-4.987931,-9.088534,-14.516853,-4.995520,-7.185517,-19.773005,-4.748563,-5.240069,-25.091532,-5.016280,-3.817071,-16.068872,-6.460801,-3.320529,-11.013087,-9.717567,-3.950830,-8.734146,-16.287386,-5.849036,-8.294860,-43.271488,-9.121750,-9.122386,-20.260527,-13.520329,-10.125557,-16.110636,-17.891905,-10.005818,-13.012055,-23.422527,-9.501759,-10.116249,-26.640240,-10.002042,-8.257985,-16.734539,-12.092979,-7.689476,-12.548172,-15.491974,-8.329626,-11.158752,-17.003822,-9.899284,-11.790802,-15.739593,-11.769344,-14.253330,-14.990516,-13.097359,-18.198082,-14.420116,-13.399597,-20.459557,-13.196855,-12.519485,-17.701704,-12.163445,-11.170504,-13.937666,-12.049206,-10.585171,-10.971781,-12.429706,-11.644353,-9.218305,-12.013817,-15.464292,-8.706388,-10.815882,-26.755531,-9.162444,-10.103665,-20.662956,-9.810306,-10.318824,-15.702335,-9.874721,-10.894203,-15.726950,-10.007220,-10.872773,-19.380819,-11.658630,-10.673795,-19.355648,-16.977856,-11.723247,-14.281214,-23.466246,-15.288609,-12.133419,-13.108488,-17.943932,-12.511120,-9.262535,-12.250213,-14.755668,-8.172115,-8.762571,-16.065762,-8.889896,-7.624074,-14.628590,-10.944786,-8.208160,-14.340734,-13.685417,-9.892267,-16.371405,-16.733202,-11.217369,-15.705456,-20.659359,-11.216327,-10.786147,-17.549383,-11.419660,-7.573314,-11.739845,-13.123554,-6.215055,-8.498954,-16.612364,-6.308092,-7.205791,-19.665785,-7.537431,-7.444446,-18.889580,-9.448993,-8.872128,-16.989685,-11.176763,-10.723883,-13.719305,-11.612663,-11.749664,-10.232539,-10.434312,-11.968050,-7.912116,-8.618969,-12.266191,-6.965555,-7.278707
[0;32mI (4760) ANALISIS_ESPECTRO: Frame exportado | t=4.07 s | pico=93.8 Hz | 11.1 dB[0m
SPECTRUM_FRAME,5.095794,93.750000,11.095125,hann,512,-5.562445,-7.234965,3.433900,11.754782,8.504418,-1.755672,11.095125,9.832077,-14.803923,9.993671,10.626726,-4.232263,8.363971,11.002758,1.945657,6.024636,11.001589,5.176521,2.647965,10.603786,7.149457,-2.721397,9.790248,8.322997,-16.047710,8.546279,8.874282,-7.988376,6.795297,8.917271,-1.432003,4.358151,8.513210,1.663193,0.923540,7.659007,3.440893,-4.287421,6.351260,4.415019,-14.619589,4.634036,4.746272,-11.773321,2.509040,4.566447,-5.484858,-0.168792,3.980028,-2.950732,-3.601995,2.961642,-1.808474,-8.056722,1.451668,-1.316225,-15.082716,-0.415790,-1.188534,-25.705082,-2.356075,-1.034589,-12.873668,-4.271222,-0.483728,-7.954203,-6.178239,0.239801,-4.783958,-8.195227,0.748115,-2.351330,-11.379364,0.916836,-0.489712,-19.389256,0.662928,0.961042,-17.435722,-0.164123,2.104023,-8.260428,-1.673057,2.888918,-3.427012,-4.003707,3.277817,-0.290550,-7.737895,3.311205,1.788272,-14.603203,2.973555,3.148708,-14.957705,2.146378,3.989902,-7.881145,0.726880,4.348265,-3.772076,-1.339055,4.205872,-1.038110,-4.243520,3.622093,0.783267,-8.420266,2.698276,1.912261,-11.987163,1.434426,2.556148,-9.007605,-0.270358,2.809261,-5.507600,-2.469365,2.630377,-3.242322,-5.168953,1.986662,-1.914153,-8.572910,0.926187,-1.357452,-13.096449,-0.522298,-1.404372,-16.934900,-2.436847,-1.884284,-14.766063,-4.911426,-2.753058,-11.680745,-7.947269,-4.019621,-9.829477,-11.609760,-5.513993,-9.212760,-16.298550,-6.981067,-9.660196,-20.760731,-8.465295,-10.904982,-19.412664,-10.072243,-12.990757,-17.270830,-11.354633,-16.773151,-16.198822,-11.846077,-23.598297,-15.203982,-11.964266,-21.316887,-13.804694,-11.890253,-15.972705,-12.371125,-11.221472,-12.750401,-11.337352,-10.194345,-10.276196,-10.699343,-9.365255,-8.291652,-10.161026,-8.772751,-6.897894,-9.552200,-8.206497,-6.065376,-8.904835,-7.648165,-5.647088,-8.178883,-7.213134,-5.592699,-7.257185,-6.878075,-5.974257,-6.221729,-6.473851,-6.769413,-5.357418,-5.908418,-7.743267,-4.825955,-5.272014,-8.616549,-4.576211,-4.689713,-9.252805,-4.605793,-4.180887,-9.545414,-5.114257,-3.733819,-9.311658,-6.292938,-3.485961,-8.444315,-8.109679,-3.661593,-7.164574,-10.284400,-4.325132,-5.915043,-12.101522,-5.341148,-4.943504,-12.159746,-6.668939,-4.218452,-10.585090,-8.566280,-3.709389,-8.851402,-11.339226,-3.564926,-7.449448,-15.273686,-3.940842,-6.443476,-22.078423,-4.850468,-5.917519,-33.410191,-6.314959,-5.828825,-18.657072,-8.608992,-5.981543,-13.785465,-12.270781,-6.317803,-10.881979,-17.933235,-6.975958,-8.791587,-22.912727,-7.900221,-7.449073,-18.609222,-8.826334,-6.884410,-14.508232,-9.921360,-6.889767,-12.269922,-11.765406,-7.242851,-11.471387,-14.638181,-8.063901,-11.414959,-18.414024,-9.680335,-11.406773,-23.466547,-12.190122,-11.466422,-23.769417,-15.303436,-11.849490,-18.065727,-18.879784,-12.248298,-14.935968,-22.991776,-12.435493,-13.527239,-24.651812,-12.876311,-13.001661,-24.330179,-13.894558,-13.214317,-26.348301,-15.328932,-14.465019,-30.786360,-17.040453,-16.915546,-30.585308,-18.854153,-20.431585,-24.463165,-19.735491,-25.652531,-19.673967,-19.111835,-38.854111,-17.241581,-17.750864,-35.241657,-16.696903,-16.478893,-34.828068,-17.133951,-16.026882,-32.465202,-17.973526,-16.064547,-22.808426,-20.056953,-14.945862,-17.933697,-23.288498,-12.925676,-14.449849,-21.078259,-11.314292,-11.587562,-17.748711,-10.135448,-9.577497,-15.961789,-9.266540,-8.409282,-14.711142,-9.018932,-7.731489,-13.825011,-9.619048,-7.309117,-13.183879,-10.963118,-7.186270,-11.883559,-12.981119,-7.257971,-9.939079,-15.596400,-7.227355,-8.113276,-16.208046,-7.173829,-6.543032,-13.730295,-7.385573,-5.275651,-11.546869,-7.829071,-4.559005,-9.924025,-8.527283,-4.473593,-8.580313,-10.016699,-4.826731,-7.741702,-12.907665,-5.497417,-7.336621,-16.821392,-6.682820,-6.869624,-17.647928,-8.516243,-6.278158,-14.366955,-10.604619,-5.961789,-11.034354,-12.518446,-6.017234,-8.857605,-14.635113,-6.334554,-7.853864,-16.988670,-7.076930,-7.669182,-18.854851,-8.570253,-8.030597,-20.166197,-10.981209,-8.996650,-19.148479,-14.524517,-10.622276,-16.575188,-20.317652,-12.539166,-14.853066,-29.919109,-14.465868,-13.894158,-24.565680,-16.840906,-13.543286,-21.965137,-19.739893,-14.386396,-21.963617,-22.733379,-17.126627,-23.790531,-24.795788,-22.651426,-27.487747,-21.690456,-39.024906,-21.825190,-18.399536,-25.777164,-16.771904,-16.423067,-19.385422,-14.431831,-14.892764,-17.436998,-13.388250,-13.915119,-18.242994,-12.943973,-13.553207,-20.584850,-13.324467,-12.833427,-20.708923,-14.741800,-11.366838,-16.667234,-16.366112,-9.956810,-12.484365,-17.124540,-8.886381,-9.632698,-17.116753,-8.194512,-7.923459,-16.138241,-8.192335,-6.907730,-14.876166,-9.144461,-6.414857,-13.554152,-11.127790,-6.547323,-11.428034,-14.686446,-7.225134,-9.195371,-22.921658,-8.066640,-7.575164,-20.466002,-9.020723,-6.405282,-13.236725,-10.541014,-5.549798,-10.035934,-12.754115,-5.265515,-8.220157,-15.559464,-5.763109,-7.098356,-20.208227,-6.981963,-6.679977,-21.558922,-8.909620,-6.854279,-14.805096,-12.115898,-7.210251,-10.877709,-18.322872,-7.583869,-8.517723,-30.131485,-8.210934,-7.037048,-18.970009,-9.195461,-6.377344,-14.284125,-10.664338,-6.484032,-11.882564,-13.357870,-7.163868,-10.728802,-19.089100,-8.410483,-10.011648,-37.422241,-10.531993,-9.164452,-18.853436,-13.637843,-8.489647,-13.079153,-17.163235,-8.250186,-10.059580,-21.416807,-8.268291,-8.667967
[0;32mI (5780) ANALISIS_ESPECTRO: Frame exportado | t=5.10 s | pico=93.8 Hz | 11.1 dB[0m
SPECTRUM_FRAME,6.118175,78.125000,-120.000000,hann,512,-120.000000,-120.000000,-120.000000,-120.000000,-120.000000,-120.000000,-120.000000,-120.000000,-120.000000,-120.000000,-120.000000,-120.000000,-120.000000,-120.000000,-120.000000,-120.000000,-120.000000,-120.000000,-120.000000,-120.000000,-120.000000,-120.000000,-120.000000,-120.000000,-120.000000,-120.000000,-120.000000,-120.000000,-120.000000,-120.000000,-120.000000,-120.000000,-120.000000,-120.000000,-120.000000,-120.000000,-120.000000,-120.000000,-120.000000,-120.000000,-120.000000,-120.000000,-120.000000,-120.000000,-120.000000,-120.000000,-120.000000,-120.000000,-120.000000,-120.000000,-120.000000,-120.000000,-120.000000,-120.000000,-120.000000,-120.000000,-120.000000,-120.000000,-120.000000,-120.000000,-120.000000,-120.000000,-120.000000,-120.000000,-120.000000,-120.000000,-120.000000,-120.000000,-120.000000,-120.000000,-120.000000,-120.000000,-120.000000,-120.000000,-120.000000,-120.000000,-120.000000,-120.000000,-120.000000,-120.000000,-120.000000,-120.000000,-120.000000,-120.000000,-120.000000,-120.000000,-120.000000,-120.000000,-120.000000,-120.000000,-120.000000,-120.000000,-120.000000,-120.000000,-120.000000,-120.000000,-120.000000,-120.000000,-120.000000,-120.000000,-120.000000,-120.000000,-120.000000,-120.000000,-120.000000,-120.000000,-120.000000,-120.000000,-120.000000,-120.000000,-120.000000,-120.000000,-120.000000,-120.000000,-120.000000,-120.000000,-120.000000,-120.000000,-120.000000,-120.000000,-120.000000,-120.000000,-120.000000,-120.000000,-120.000000,-120.000000,-120.000000,-120.000000,-120.000000,-120.000000,-120.000000,-120.000000,-120.000000,-120.000000,-120.000000,-120.000000,-120.000000,-120.000000,-120.000000,-120.000000,-120.000000,-120.000000,-120.000000,-120.000000,-120.000000,-120.000000,-120.000000,-120.000000,-120.000000,-120.000000,-120.000000,-120.000000,-120.000000,-120.000000,-120.000000,-120.000000,-120.000000,-120.000000,-120.000000,-120.000000,-120.000000,-120.000000,-120.000000,-120.000000,-120.000000,-120.000000,-120.000000,-120.000000,-120.000000,-120.000000,-120.000000,-120.000000,-120.000000,-120.000000,-120.000000,-120.000000,-120.000000,-120.000000,-120.000000,-120.000000,-120.000000,-120.000000,-120.000000,-120.000000,-120.000000,-120.000000,-120.000000,-120.000000,-120.000000,-120.000000,-120.000000,-120.000000,-120.000000,-120.000000,-120.000000,-120.000000,-120.000000,-120.000000,-120.000000,-120.000000,-120.000000,-120.000000,-120.000000,-120.000000,-120.000000,-120.000000,-120.000000,-120.000000,-120.000000,-120.000000,-120.000000,-120.000000,-120.000000,-120.000000,-120.000000,-120.000000,-120.000000,-120.000000,-120.000000,-120.000000,-120.000000,-120.000000,-120.000000,-120.000000,-120.000000,-120.000000,-120.000000,-120.000000,-120.000000,-120.000000,-120.000000,-120.000000,-120.000000,-120.000000,-120.000000,-120.000000,-120.000000,-120.000000,-120.000000,-120.000000,-120.000000,-120.000000,-120.000000,-120.000000,-120.000000,-120.000000,-120.000000,-120.000000,-120.000000,-120.000000,-120.000000,-120.000000,-120.000000,-120.000000,-120.000000,-120.000000,-120.000000,-120.000000,-120.000000,-120.000000,-120.000000,-120.000000,-120.000000,-120.000000,-120.000000,-120.000000,-120.000000,-120.000000,-120.000000,-120.000000,-120.000000,-120.000000,-120.000000,-120.000000,-120.000000,-120.000000,-120.000000,-120.000000,-120.000000,-120.000000,-120.000000,-120.000000,-120.000000,-120.000000,-120.000000,-120.000000,-120.000000,-120.000000,-120.000000,-120.000000,-120.000000,-120.000000,-120.000000,-120.000000,-120.000000,-120.000000,-120.000000,-120.000000,-120.000000,-120.000000,-120.000000,-120.000000,-120.000000,-120.000000,-120.000000,-120.000000,-120.000000,-120.000000,-120.000000,-120.000000,-120.000000,-120.000000,-120.000000,-120.000000,-120.000000,-120.000000,-120.000000,-120.000000,-120.000000,-120.000000,-120.000000,-120.000000,-120.000000,-120.000000,-120.000000,-120.000000,-120.000000,-120.000000,-120.000000,-120.000000,-120.000000,-120.000000,-120.000000,-120.000000,-120.000000,-120.000000,-120.000000,-120.000000,-120.000000,-120.000000,-120.000000,-120.000000,-120.000000,-120.000000,-120.000000,-120.000000,-120.000000,-120.000000,-120.000000,-120.000000,-120.000000,-120.000000,-120.000000,-120.000000,-120.000000,-120.000000,-120.000000,-120.000000,-120.000000,-120.000000,-120.000000,-120.000000,-120.000000,-120.000000,-120.000000,-120.000000,-120.000000,-120.000000,-120.000000,-120.000000,-120.000000,-120.000000,-120.000000,-120.000000,-120.000000,-120.000000,-120.000000,-120.000000,-120.000000,-120.000000,-120.000000,-120.000000,-120.000000,-120.000000,-120.000000,-120.000000,-120.000000,-120.000000,-120.000000,-120.000000,-120.000000,-120.000000,-120.000000,-120.000000,-120.000000,-120.000000,-120.000000,-120.000000,-120.000000,-120.000000,-120.000000,-120.000000,-120.000000,-120.000000,-120.000000,-120.000000,-120.000000,-120.000000,-120.000000,-120.000000,-120.000000,-120.000000,-120.000000,-120.000000,-120.000000,-120.000000,-120.000000,-120.000000,-120.000000,-120.000000,-120.000000,-120.000000,-120.000000,-120.000000,-120.000000,-120.000000,-120.000000,-120.000000,-120.000000,-120.000000,-120.000000,-120.000000,-120.000000,-120.000000,-120.000000,-120.000000,-120.000000,-120.000000,-120.000000,-120.000000,-120.000000,-120.000000,-120.000000,-120.000000,-120.000000,-120.000000,-120.000000,-120.000000,-120.000000,-120.000000,-120.000000,-120.000000,-120.000000,-120.000000,-120.000000,-120.000000,-120.000000,-120.000000,-120.000000,-120.000000,-120.000000,-120.000000,-120.000000,-120.000000,-120.000000,-120.000000,-120.000000,-120.000000,-120.000000,-120.000000,-120.000000,-120.000000,-120.000000,-120.000000,-120.000000,-120.000000,-120.000000,-120.000000,-120.000000,-120.000000,-120.000000,-120.000000,-120.000000,-120.000000,-120.000000,-120.000000,-120.000000,-120.000000,-120.000000,-120.000000,-120.000000,-120.000000,-120.000000,-120.000000,-120.000000,-120.000000,-120.000000,-120.000000,-120.000000,-120.000000,-120.000000,-120.000000,-120.000000,-120.000000,-120.000000,-120.000000,-120.000000,-120.000000,-120.000000,-120.000000,-120.000000,-120.000000
[0;32mI (6880) ANALISIS_ESPECTRO: Frame exportado | t=6.12 s | pico=78.1 Hz | -120.0 dB[0m
SPECTRUM_FRAME,7.140537,78.125000,-120.000000,hann,512,-120.000000,-120.000000,-120.000000,-120.000000,-120.000000,-120.000000,-120.000000,-120.000000,-120.000000,-120.000000,-120.000000,-120.000000,-120.000000,-120.000000,-120.000000,-120.000000,-120.000000,-120.000000,-120.000000,-120.000000,-120.000000,-120.000000,-120.000000,-120.000000,-120.000000,-120.000000,-120.000000,-120.000000,-120.000000,-120.000000,-120.000000,-120.000000,-120.000000,-120.000000,-120.000000,-120.000000,-120.000000,-120.000000,-120.000000,-120.000000,-120.000000,-120.000000,-120.000000,-120.000000,-120.000000,-120.000000,-120.000000,-120.000000,-120.000000,-120.000000,-120.000000,-120.000000,-120.000000,-120.000000,-120.000000,-120.000000,-120.000000,-120.000000,-120.000000,-120.000000,-120.000000,-120.000000,-120.000000,-120.000000,-120.000000,-120.000000,-120.000000,-120.000000,-120.000000,-120.000000,-120.000000,-120.000000,-120.000000,-120.000000,-120.000000,-120.000000,-120.000000,-120.000000,-120.000000,-120.000000,-120.000000,-120.000000,-120.000000,-120.000000,-120.000000,-120.000000,-120.000000,-120.000000,-120.000000,-120.000000,-120.000000,-120.000000,-120.000000,-120.000000,-120.000000,-120.000000,-120.000000,-120.000000,-120.000000,-120.000000,-120.000000,-120.000000,-120.000000,-120.000000,-120.000000,-120.000000,-120.000000,-120.000000,-120.000000,-120.000000,-120.000000,-120.000000,-120.000000,-120.000000,-120.000000,-120.000000,-120.000000,-120.000000,-120.000000,-120.000000,-120.000000,-120.000000,-120.000000,-120.000000,-120.000000,-120.000000,-120.000000,-120.000000,-120.000000,-120.000000,-120.000000,-120.000000,-120.000000,-120.000000,-120.000000,-120.000000,-120.000000,-120.000000,-120.000000,-120.000000,-120.000000,-120.000000,-120.000000,-120.000000,-120.000000,-120.000000,-120.000000,-120.000000,-120.000000,-120.000000,-120.000000,-120.000000,-120.000000,-120.000000,-120.000000,-120.000000,-120.000000,-120.000000,-120.000000,-120.000000,-120.000000,-120.000000,-120.000000,-120.000000,-120.000000,-120.000000,-120.000000,-120.000000,-120.000000,-120.000000,-120.000000,-120.000000,-120.000000,-120.000000,-120.000000,-120.000000,-120.000000,-120.000000,-120.000000,-120.000000,-120.000000,-120.000000,-120.000000,-120.000000,-120.000000,-120.000000,-120.000000,-120.000000,-120.000000,-120.000000,-120.000000,-120.000000,-120.000000,-120.000000,-120.000000,-120.000000,-120.000000,-120.000000,-120.000000,-120.000000,-120.000000,-120.000000,-120.000000,-120.000000,-120.000000,-120.000000,-120.000000,-120.000000,-120.000000,-120.000000,-120.000000,-120.000000,-120.000000,-120.000000,-120.000000,-120.000000,-120.000000,-120.000000,-120.000000,-120.000000,-120.000000,-120.000000,-120.000000,-120.000000,-120.000000,-120.000000,-120.000000,-120.000000,-120.000000,-120.000000,-120.000000,-120.000000,-120.000000,-120.000000,-120.000000,-120.000000,-120.000000,-120.000000,-120.000000,-120.000000,-120.000000,-120.000000,-120.000000,-120.000000,-120.000000,-120.000000,-120.000000,-120.000000,-120.000000,-120.000000,-120.000000,-120.000000,-120.000000,-120.000000,-120.000000,-120.000000,-120.000000,-120.000000,-120.000000,-120.000000,-120.000000,-120.000000,-120.000000,-120.000000,-120.000000,-120.000000,-120.000000,-120.000000,-120.000000,-120.000000,-120.000000,-120.000000,-120.000000,-120.000000,-120.000000,-120.000000,-120.000000,-120.000000,-120.000000,-120.000000,-120.000000,-120.000000,-120.000000,-120.000000,-120.000000,-120.000000,-120.000000,-120.000000,-120.000000,-120.000000,-120.000000,-120.000000,-120.000000,-120.000000,-120.000000,-120.000000,-120.000000,-120.000000,-120.000000,-120.000000,-120.000000,-120.000000,-120.000000,-120.000000,-120.000000,-120.000000,-120.000000,-120.000000,-120.000000,-120.000000,-120.000000,-120.000000,-120.000000,-120.000000,-120.000000,-120.000000,-120.000000,-120.000000,-120.000000,-120.000000,-120.000000,-120.000000,-120.000000,-120.000000,-120.000000,-120.000000,-120.000000,-120.000000,-120.000000,-120.000000,-120.000000,-120.000000,-120.000000,-120.000000,-120.000000,-120.000000,-120.000000,-120.000000,-120.000000,-120.000000,-120.000000,-120.000000,-120.000000,-120.000000,-120.000000,-120.000000,-120.000000,-120.000000,-120.000000,-120.000000,-120.000000,-120.000000,-120.000000,-120.000000,-120.000000,-120.000000,-120.000000,-120.000000,-120.000000,-120.000000,-120.000000,-120.000000,-120.000000,-120.000000,-120.000000,-120.000000,-120.000000,-120.000000,-120.000000,-120.000000,-120.000000,-120.000000,-120.000000,-120.000000,-120.000000,-120.000000,-120.000000,-120.000000,-120.000000,-120.000000,-120.000000,-120.000000,-120.000000,-120.000000,-120.000000,-120.000000,-120.000000,-120.000000,-120.000000,-120.000000,-120.000000,-120.000000,-120.000000,-120.000000,-120.000000,-120.000000,-120.000000,-120.000000,-120.000000,-120.000000,-120.000000,-120.000000,-120.000000,-120.000000,-120.000000,-120.000000,-120.000000,-120.000000,-120.000000,-120.000000,-120.000000,-120.000000,-120.000000,-120.000000,-120.000000,-120.000000,-120.000000,-120.000000,-120.000000,-120.000000,-120.000000,-120.000000,-120.000000,-120.000000,-120.000000,-120.000000,-120.000000,-120.000000,-120.000000,-120.000000,-120.000000,-120.000000,-120.000000,-120.000000,-120.000000,-120.000000,-120.000000,-120.000000,-120.000000,-120.000000,-120.000000,-120.000000,-120.000000,-120.000000,-120.000000,-120.000000,-120.000000,-120.000000,-120.000000,-120.000000,-120.000000,-120.000000,-120.000000,-120.000000,-120.000000,-120.000000,-120.000000,-120.000000,-120.000000,-120.000000,-120.000000,-120.000000,-120.000000,-120.000000,-120.000000,-120.000000,-120.000000,-120.000000,-120.000000,-120.000000,-120.000000,-120.000000,-120.000000,-120.000000,-120.000000,-120.000000,-120.000000,-120.000000,-120.000000,-120.000000,-120.000000,-120.000000,-120.000000,-120.000000,-120.000000,-120.000000,-120.000000,-120.000000,-120.000000,-120.000000,-120.000000,-120.000000,-120.000000,-120.000000,-120.000000,-120.000000,-120.000000,-120.000000,-120.000000,-120.000000,-120.000000,-120.000000,-120.000000,-120.000000,-120.000000,-120.000000,-120.000000,-120.000000,-120.000000,-120.000000,-120.000000,-120.000000
[0;32mI (7900) ANALISIS_ESPECTRO: Frame exportado | t=7.14 s | pico=78.1 Hz | -120.0 dB[0m
SPECTRUM_FRAME,8.162898,78.125000,-120.000000,hann,512,-120.000000,-120.000000,-120.000000,-120.000000,-120.000000,-120.000000,-120.000000,-120.000000,-120.000000,-120.000000,-120.000000,-120.000000,-120.000000,-120.000000,-120.000000,-120.000000,-120.000000,-120.000000,-120.000000,-120.000000,-120.000000,-120.000000,-120.000000,-120.000000,-120.000000,-120.000000,-120.000000,-120.000000,-120.000000,-120.000000,-120.000000,-120.000000,-120.000000,-120.000000,-120.000000,-120.000000,-120.000000,-120.000000,-120.000000,-120.000000,-120.000000,-120.000000,-120.000000,-120.000000,-120.000000,-120.000000,-120.000000,-120.000000,-120.000000,-120.000000,-120.000000,-120.000000,-120.000000,-120.000000,-120.000000,-120.000000,-120.000000,-120.000000,-120.000000,-120.000000,-120.000000,-120.000000,-120.000000,-120.000000,-120.000000,-120.000000,-120.000000,-120.000000,-120.000000,-120.000000,-120.000000,-120.000000,-120.000000,-120.000000,-120.000000,-120.000000,-120.000000,-120.000000,-120.000000,-120.000000,-120.000000,-120.000000,-120.000000,-120.000000,-120.000000,-120.000000,-120.000000,-120.000000,-120.000000,-120.000000,-120.000000,-120.000000,-120.000000,-120.000000,-120.000000,-120.000000,-120.000000,-120.000000,-120.000000,-120.000000,-120.000000,-120.000000,-120.000000,-120.000000,-120.000000,-120.000000,-120.000000,-120.000000,-120.000000,-120.000000,-120.000000,-120.000000,-120.000000,-120.000000,-120.000000,-120.000000,-120.000000,-120.000000,-120.000000,-120.000000,-120.000000,-120.000000,-120.000000,-120.000000,-120.000000,-120.000000,-120.000000,-120.000000,-120.000000,-120.000000,-120.000000,-120.000000,-120.000000,-120.000000,-120.000000,-120.000000,-120.000000,-120.000000,-120.000000,-120.000000,-120.000000,-120.000000,-120.000000,-120.000000,-120.000000,-120.000000,-120.000000,-120.000000,-120.000000,-120.000000,-120.000000,-120.000000,-120.000000,-120.000000,-120.000000,-120.000000,-120.000000,-120.000000,-120.000000,-120.000000,-120.000000,-120.000000,-120.000000,-120.000000,-120.000000,-120.000000,-120.000000,-120.000000,-120.000000,-120.000000,-120.000000,-120.000000,-120.000000,-120.000000,-120.000000,-120.000000,-120.000000,-120.000000,-120.000000,-120.000000,-120.000000,-120.000000,-120.000000,-120.000000,-120.000000,-120.000000,-120.000000,-120.000000,-120.000000,-120.000000,-120.000000,-120.000000,-120.000000,-120.000000,-120.000000,-120.000000,-120.000000,-120.000000,-120.000000,-120.000000,-120.000000,-120.000000,-120.000000,-120.000000,-120.000000,-120.000000,-120.000000,-120.000000,-120.000000,-120.000000,-120.000000,-120.000000,-120.000000,-120.000000,-120.000000,-120.000000,-120.000000,-120.000000,-120.000000,-120.000000,-120.000000,-120.000000,-120.000000,-120.000000,-120.000000,-120.000000,-120.000000,-120.000000,-120.000000,-120.000000,-120.000000,-120.000000,-120.000000,-120.000000,-120.000000,-120.000000,-120.000000,-120.000000,-120.000000,-120.000000,-120.000000,-120.000000,-120.000000,-120.000000,-120.000000,-120.000000,-120.000000,-120.000000,-120.000000,-120.000000,-120.000000,-120.000000,-120.000000,-120.000000,-120.000000,-120.000000,-120.000000,-120.000000,-120.000000,-120.000000,-120.000000,-120.000000,-120.000000,-120.000000,-120.000000,-120.000000,-120.000000,-120.000000,-120.000000,-120.000000,-120.000000,-120.000000,-120.000000,-120.000000,-120.000000,-120.000000,-120.000000,-120.000000,-120.000000,-120.000000,-120.000000,-120.000000,-120.000000,-120.000000,-120.000000,-120.000000,-120.000000,-120.000000,-120.000000,-120.000000,-120.000000,-120.000000,-120.000000,-120.000000,-120.000000,-120.000000,-120.000000,-120.000000,-120.000000,-120.000000,-120.000000,-120.000000,-120.000000,-120.000000,-120.000000,-120.000000,-120.000000,-120.000000,-120.000000,-120.000000,-120.000000,-120.000000,-120.000000,-120.000000,-120.000000,-120.000000,-120.000000,-120.000000,-120.000000,-120.000000,-120.000000,-120.000000,-120.000000,-120.000000,-120.000000,-120.000000,-120.000000,-120.000000,-120.000000,-120.000000,-120.000000,-120.000000,-120.000000,-120.000000,-120.000000,-120.000000,-120.000000,-120.000000,-120.000000,-120.000000,-120.000000,-120.000000,-120.000000,-120.000000,-120.000000,-120.000000,-120.000000,-120.000000,-120.000000,-120.000000,-120.000000,-120.000000,-120.000000,-120.000000,-120.000000,-120.000000,-120.000000,-120.000000,-120.000000,-120.000000,-120.000000,-120.000000,-120.000000,-120.000000,-120.000000,-120.000000,-120.000000,-120.000000,-120.000000,-120.000000,-120.000000,-120.000000,-120.000000,-120.000000,-120.000000,-120.000000,-120.000000,-120.000000,-120.000000,-120.000000,-120.000000,-120.000000,-120.000000,-120.000000,-120.000000,-120.000000,-120.000000,-120.000000,-120.000000,-120.000000,-120.000000,-120.000000,-120.000000,-120.000000,-120.000000,-120.000000,-120.000000,-120.000000,-120.000000,-120.000000,-120.000000,-120.000000,-120.000000,-120.000000,-120.000000,-120.000000,-120.000000,-120.000000,-120.000000,-120.000000,-120.000000,-120.000000,-120.000000,-120.000000,-120.000000,-120.000000,-120.000000,-120.000000,-120.000000,-120.000000,-120.000000,-120.000000,-120.000000,-120.000000,-120.000000,-120.000000,-120.000000,-120.000000,-120.000000,-120.000000,-120.000000,-120.000000,-120.000000,-120.000000,-120.000000,-120.000000,-120.000000,-120.000000,-120.000000,-120.000000,-120.000000,-120.000000,-120.000000,-120.000000,-120.000000,-120.000000,-120.000000,-120.000000,-120.000000,-120.000000,-120.000000,-120.000000,-120.000000,-120.000000,-120.000000,-120.000000,-120.000000,-120.000000,-120.000000,-120.000000,-120.000000,-120.000000,-120.000000,-120.000000,-120.000000,-120.000000,-120.000000,-120.000000,-120.000000,-120.000000,-120.000000,-120.000000,-120.000000,-120.000000,-120.000000,-120.000000,-120.000000,-120.000000,-120.000000,-120.000000,-120.000000,-120.000000,-120.000000,-120.000000,-120.000000,-120.000000,-120.000000,-120.000000,-120.000000,-120.000000,-120.000000,-120.000000,-120.000000,-120.000000,-120.000000,-120.000000,-120.000000,-120.000000,-120.000000,-120.000000,-120.000000,-120.000000,-120.000000,-120.000000,-120.000000,-120.000000,-120.000000,-120.000000,-120.000000,-120.000000,-120.000000,-120.000000
[0;32mI (8920) ANALISIS_ESPECTRO: Frame exportado | t=8.16 s | pico=78.1 Hz | -120.0 dB[0m
SPECTRUM_FRAME,9.185269,78.125000,-120.000000,hann,512,-120.000000,-120.000000,-120.000000,-120.000000,-120.000000,-120.000000,-120.000000,-120.000000,-120.000000,-120.000000,-120.000000,-120.000000,-120.000000,-120.000000,-120.000000,-120.000000,-120.000000,-120.000000,-120.000000,-120.000000,-120.000000,-120.000000,-120.000000,-120.000000,-120.000000,-120.000000,-120.000000,-120.000000,-120.000000,-120.000000,-120.000000,-120.000000,-120.000000,-120.000000,-120.000000,-120.000000,-120.000000,-120.000000,-120.000000,-120.000000,-120.000000,-120.000000,-120.000000,-120.000000,-120.000000,-120.000000,-120.000000,-120.000000,-120.000000,-120.000000,-120.000000,-120.000000,-120.000000,-120.000000,-120.000000,-120.000000,-120.000000,-120.000000,-120.000000,-120.000000,-120.000000,-120.000000,-120.000000,-120.000000,-120.000000,-120.000000,-120.000000,-120.000000,-120.000000,-120.000000,-120.000000,-120.000000,-120.000000,-120.000000,-120.000000,-120.000000,-120.000000,-120.000000,-120.000000,-120.000000,-120.000000,-120.000000,-120.000000,-120.000000,-120.000000,-120.000000,-120.000000,-120.000000,-120.000000,-120.000000,-120.000000,-120.000000,-120.000000,-120.000000,-120.000000,-120.000000,-120.000000,-120.000000,-120.000000,-120.000000,-120.000000,-120.000000,-120.000000,-120.000000,-120.000000,-120.000000,-120.000000,-120.000000,-120.000000,-120.000000,-120.000000,-120.000000,-120.000000,-120.000000,-120.000000,-120.000000,-120.000000,-120.000000,-120.000000,-120.000000,-120.000000,-120.000000,-120.000000,-120.000000,-120.000000,-120.000000,-120.000000,-120.000000,-120.000000,-120.000000,-120.000000,-120.000000,-120.000000,-120.000000,-120.000000,-120.000000,-120.000000,-120.000000,-120.000000,-120.000000,-120.000000,-120.000000,-120.000000,-120.000000,-120.000000,-120.000000,-120.000000,-120.000000,-120.000000,-120.000000,-120.000000,-120.000000,-120.000000,-120.000000,-120.000000,-120.000000,-120.000000,-120.000000,-120.000000,-120.000000,-120.000000,-120.000000,-120.000000,-120.000000,-120.000000,-120.000000,-120.000000,-120.000000,-120.000000,-120.000000,-120.000000,-120.000000,-120.000000,-120.000000,-120.000000,-120.000000,-120.000000,-120.000000,-120.000000,-120.000000,-120.000000,-120.000000,-120.000000,-120.000000,-120.000000,-120.000000,-120.000000,-120.000000,-120.000000,-120.000000,-120.000000,-120.000000,-120.000000,-120.000000,-120.000000,-120.000000,-120.000000,-120.000000,-120.000000,-120.000000,-120.000000,-120.000000,-120.000000,-120.000000,-120.000000,-120.000000,-120.000000,-120.000000,-120.000000,-120.000000,-120.000000,-120.000000,-120.000000,-120.000000,-120.000000,-120.000000,-120.000000,-120.000000,-120.000000,-120.000000,-120.000000,-120.000000,-120.000000,-120.000000,-120.000000,-120.000000,-120.000000,-120.000000,-120.000000,-120.000000,-120.000000,-120.000000,-120.000000,-120.000000,-120.000000,-120.000000,-120.000000,-120.000000,-120.000000,-120.000000,-120.000000,-120.000000,-120.000000,-120.000000,-120.000000,-120.000000,-120.000000,-120.000000,-120.000000,-120.000000,-120.000000,-120.000000,-120.000000,-120.000000,-120.000000,-120.000000,-120.000000,-120.000000,-120.000000,-120.000000,-120.000000,-120.000000,-120.000000,-120.000000,-120.000000,-120.000000,-120.000000,-120.000000,-120.000000,-120.000000,-120.000000,-120.000000,-120.000000,-120.000000,-120.000000,-120.000000,-120.000000,-120.000000,-120.000000,-120.000000,-120.000000,-120.000000,-120.000000,-120.000000,-120.000000,-120.000000,-120.000000,-120.000000,-120.000000,-120.000000,-120.000000,-120.000000,-120.000000,-120.000000,-120.000000,-120.000000,-120.000000,-120.000000,-120.000000,-120.000000,-120.000000,-120.000000,-120.000000,-120.000000,-120.000000,-120.000000,-120.000000,-120.000000,-120.000000,-120.000000,-120.000000,-120.000000,-120.000000,-120.000000,-120.000000,-120.000000,-120.000000,-120.000000,-120.000000,-120.000000,-120.000000,-120.000000,-120.000000,-120.000000,-120.000000,-120.000000,-120.000000,-120.000000,-120.000000,-120.000000,-120.000000,-120.000000,-120.000000,-120.000000,-120.000000,-120.000000,-120.000000,-120.000000,-120.000000,-120.000000,-120.000000,-120.000000,-120.000000,-120.000000,-120.000000,-120.000000,-120.000000,-120.000000,-120.000000,-120.000000,-120.000000,-120.000000,-120.000000,-120.000000,-120.000000,-120.000000,-120.000000,-120.000000,-120.000000,-120.000000,-120.000000,-120.000000,-120.000000,-120.000000,-120.000000,-120.000000,-120.000000,-120.000000,-120.000000,-120.000000,-120.000000,-120.000000,-120.000000,-120.000000,-120.000000,-120.000000,-120.000000,-120.000000,-120.000000,-120.000000,-120.000000,-120.000000,-120.000000,-120.000000,-120.000000,-120.000000,-120.000000,-120.000000,-120.000000,-120.000000,-120.000000,-120.000000,-120.000000,-120.000000,-120.000000,-120.000000,-120.000000,-120.000000,-120.000000,-120.000000,-120.000000,-120.000000,-120.000000,-120.000000,-120.000000,-120.000000,-120.000000,-120.000000,-120.000000,-120.000000,-120.000000,-120.000000,-120.000000,-120.000000,-120.000000,-120.000000,-120.000000,-120.000000,-120.000000,-120.000000,-120.000000,-120.000000,-120.000000,-120.000000,-120.000000,-120.000000,-120.000000,-120.000000,-120.000000,-120.000000,-120.000000,-120.000000,-120.000000,-120.000000,-120.000000,-120.000000,-120.000000,-120.000000,-120.000000,-120.000000,-120.000000,-120.000000,-120.000000,-120.000000,-120.000000,-120.000000,-120.000000,-120.000000,-120.000000,-120.000000,-120.000000,-120.000000,-120.000000,-120.000000,-120.000000,-120.000000,-120.000000,-120.000000,-120.000000,-120.000000,-120.000000,-120.000000,-120.000000,-120.000000,-120.000000,-120.000000,-120.000000,-120.000000,-120.000000,-120.000000,-120.000000,-120.000000,-120.000000,-120.000000,-120.000000,-120.000000,-120.000000,-120.000000,-120.000000,-120.000000,-120.000000,-120.000000,-120.000000,-120.000000,-120.000000,-120.000000,-120.000000,-120.000000,-120.000000,-120.000000,-120.000000,-120.000000,-120.000000,-120.000000,-120.000000,-120.000000,-120.000000,-120.000000,-120.000000,-120.000000,-120.000000,-120.000000,-120.000000,-120.000000,-120.000000,-120.000000,-120.000000,-120.000000,-120.000000,-120.000000,-120.000000,-120.000000
[0;32mI (9940) ANALISIS_ESPECTRO: Frame exportado | t=9.19 s | pico=78.1 Hz | -120.0 dB[0m
SPECTRUM_FRAME,10.207592,93.750000,0.208168,hann,512,-29.683914,-12.003483,-13.258452,1.324503,-4.240875,-20.800423,0.208168,-2.001890,-18.178093,-1.729330,-0.740417,-14.139257,-4.601064,-0.314869,-11.606363,-8.384493,-0.668812,-9.663871,-11.816411,-1.792857,-8.263806,-12.171700,-3.691081,-7.600674,-11.240544,-6.271778,-7.841134,-11.095380,-8.985620,-9.119309,-11.966192,-10.580185,-11.459580,-13.642316,-10.878639,-13.911034,-15.184559,-11.198783,-13.634868,-14.314680,-12.236103,-11.686025,-11.404113,-13.607640,-10.518623,-8.623706,-13.434036,-10.580091,-6.609576,-10.998349,-11.832045,-5.407875,-8.204425,-13.856908,-4.994711,-5.942722,-14.621640,-5.358159,-4.312713,-12.556326,-6.478238,-3.290931,-9.960600,-8.193913,-2.865335,-7.966518,-9.804304,-3.042932,-6.592180,-10.072607,-3.832914,-5.737433,-9.148586,-5.196374,-5.364650,-8.282873,-6.891838,-5.500596,-8.081100,-8.217719,-6.216479,-8.693079,-8.435253,-7.613710,-10.162891,-7.977348,-9.790766,-12.438372,-7.796882,-12.603043,-14.830340,-8.475076,-14.646505,-15.282763,-10.503496,-14.030567,-13.797636,-15.096027,-12.573479,-12.485800,-32.970966,-11.976145,-12.115561,-16.697538,-12.745823,-12.851078,-10.267291,-15.602306,-14.861484,-7.140587,-24.149076,-18.360973,-5.540484,-22.382288,-21.850861,-4.969177,-12.991875,-20.126259,-5.214157,-8.704660,-17.238491,-6.108326,-6.301957,-15.368134,-7.348683,-5.063073,-13.858434,-8.351197,-4.714968,-12.187742,-8.621926,-5.102155,-10.521251,-8.454213,-6.028615,-9.298122,-8.504950,-7.085237,-8.823432,-9.167539,-7.660425,-9.291417,-10.576692,-7.573210,-10.907174,-12.688975,-7.374785,-13.871996,-15.197062,-7.671173,-16.993210,-17.415148,-8.851262,-15.603391,-18.480795,-11.322160,-12.760395,-17.512356,-16.090000,-11.301453,-14.793681,-29.730858,-11.295074,-11.907646,-20.930302,-12.680663,-9.667473,-13.985174,-15.314675,-8.191677,-10.536560,-17.144449,-7.382927,-8.311786,-14.942272,-7.058153,-6.711235,-12.033630,-6.964967,-5.520546,-10.037551,-6.848907,-4.641600,-8.785830,-6.614115,-3.993933,-7.971969,-6.391717,-3.494394,-7.358402,-6.402364,-3.086700,-6.792803,-6.811573,-2.781785,-6.186691,-7.691176,-2.663565,-5.491761,-9.018215,-2.857044,-4.714399,-10.642900,-3.497584,-3.941418,-12.202721,-4.728644,-3.320040,-13.077871,-6.729067,-3.007668,-12.767193,-9.762998,-3.145316,-11.517574,-14.094187,-3.868952,-10.026546,-17.638868,-5.351625,-8.813435,-15.390287,-7.892696,-8.148294,-12.572723,-12.128469,-8.191885,-10.961573,-18.434147,-9.115647,-10.252580,-15.838846,-11.234269,-10.195423,-10.940541,-15.313548,-10.664903,-8.190624,-22.288086,-11.577329,-6.672496,-17.783970,-12.707696,-5.918884,-12.222292,-13.380129,-5.682147,-9.110391,-12.771263,-5.793084,-7.267873,-11.198735,-6.095810,-6.201618,-9.571630,-6.422243,-5.664301,-8.324320,-6.620506,-5.503019,-7.536780,-6.633451,-5.602040,-7.173865,-6.540266,-5.857546,-7.173245,-6.496897,-6.175063,-7.470156,-6.648682,-6.490550,-8.003293,-7.092639,-6.801162,-8.713730,-7.882390,-7.173687,-9.542401,-9.045330,-7.718396,-10.436142,-10.600109,-8.554200,-11.373949,-12.576104,-9.792536,-12.406540,-15.042645,-11.544729,-13.676009,-18.171013,-13.952297,-15.393488,-22.433052,-17.258633,-17.753344,-29.646864,-21.983158,-20.492010,-37.654015,-28.573502,-21.533306,-25.437054,-27.594070,-19.763132,-19.912712,-22.634832,-17.755123,-16.281492,-19.451176,-16.549513,-13.689456,-17.165916,-16.129101,-11.887693,-15.252303,-16.293425,-10.783572,-13.495216,-16.771952,-10.343318,-11.890940,-17.236807,-10.567909,-10.545826,-17.387980,-11.489487,-9.583126,-17.057621,-13.175539,-9.105195,-16.239832,-15.733213,-9.199675,-15.106448,-19.269398,-9.964161,-13.963495,-23.486618,-11.543253,-13.112448,-26.121157,-14.191445,-12.768404,-25.471470,-18.343472,-13.068834,-23.855782,-23.289310,-14.081959,-21.958073,-21.659187,-15.670559,-19.810450,-18.086498,-16.950985,-17.650669,-15.976454,-16.418774,-15.619629,-14.753782,-14.616354,-13.739603,-13.839600,-12.967432,-12.042284,-12.835215,-11.895315,-10.605000,-11.611712,-11.339618,-9.513684,-10.279470,-11.097942,-8.828758,-9.017812,-10.908889,-8.574585,-7.966490,-10.540701,-8.736603,-7.216085,-9.919425,-9.248993,-6.826885,-9.153586,-9.968658,-6.842569,-8.422791,-10.662878,-7.295060,-7.881928,-11.089369,-8.200457,-7.643610,-11.178225,-9.539405,-7.795448,-11.093893,-11.205956,-8.419359,-11.087217,-12.926520,-9.608859,-11.373354,-14.292917,-11.489288,-12.135818,-15.149212,-14.245544,-13.593516,-15.874807,-18.116230,-16.128437,-17.064951,-22.739536,-20.698441,-19.327614,-24.099104,-31.359859,-23.334234,-22.036802,-25.769598,-25.255810,-20.435541,-19.203112,-19.670609,-19.233091,-16.185593,-15.285254,-17.609516,-14.643229,-12.445070,-15.381201,-13.873534,-10.632148,-13.023167,-13.426662,-9.573745,-10.939062,-12.931316,-9.106895,-9.286263,-12.175679,-9.095102,-8.102178,-11.186408,-9.377497,-7.385309,-10.127222,-9.748127,-7.120046,-9.156796,-10.001554,-7.275678,-8.385239,-10.042888,-7.791161,-7.887794,-9.934864,-8.551039,-7.720025,-9.808220,-9.373710,-7.921822,-9.760983,-10.065622,-8.512707,-9.840351,-10.552883,-9.476443,-10.074591,-10.942087,-10.729543,-10.503653,-11.410665,-12.082377,-11.186619,-12.071782,-13.264474,-12.188618,-12.921042,-14.110037,-13.557375,-13.841280,-14.723462,-15.287231,-14.661508,-15.327890,-17.248329,-15.282934,-16.003836,-19.071823,-15.771000,-16.590775,-20.170460,-16.296686,-16.814400,-20.222712,-17.017168,-16.614700,-19.505627,-18.010162,-16.252096,-18.471144,-19.226658,-16.037384,-17.444197,-20.381166,-16.147230,-16.630007
[0;32mI (10900) ANALISIS_ESPECTRO: Frame exportado | t=10.21 s | pico=93.8 Hz | 0.2 dB[0m
SPECTRUM_FRAME,11.229951,93.750000,-8.303802,hann,512,-23.285437,-17.239365,-12.375822,-7.757065,-10.205214,-13.792370,-8.303802,-9.658795,-15.070551,-9.230224,-9.507519,-15.840961,-10.560946,-9.762300,-16.055294,-12.335697,-10.440083,-16.080072,-14.617012,-11.573438,-16.327545,-17.515900,-13.220932,-17.068092,-21.280830,-15.488415,-18.481749,-26.679703,-18.584892,-20.699406,-37.942360,-23.009329,-23.515411,-33.605396,-30.540150,-24.972553,-25.672935,-44.239914,-23.232666,-21.455029,-29.359013,-20.900097,-18.598486,-24.492151,-19.298071,-16.554281,-21.463778,-18.463842,-15.116402,-19.182945,-18.259537,-14.181177,-17.376478,-18.532215,-13.684168,-15.971694,-19.080587,-13.577778,-14.938959,-19.606697,-13.819817,-14.248857,-19.772030,-14.364475,-13.862709,-19.422586,-15.152441,-13.731413,-18.694668,-16.098301,-13.797704,-17.811428,-17.073709,-14.003606,-16.909267,-17.889469,-14.303946,-16.043890,-18.305735,-14.680438,-15.250949,-18.134979,-15.143338,-14.579594,-17.404530,-15.711067,-14.093884,-16.357216,-16.367622,-13.861826,-15.275211,-17.007175,-13.948163,-14.362061,-17.412113,-14.414267,-13.739891,-17.374180,-15.321352,-13.484630,-16.924797,-16.728022,-13.657640,-16.341415,-18.656189,-14.330605,-15.927351,-20.933466,-15.614213,-15.898414,-22.790730,-17.712839,-16.413982,-23.147802,-21.079781,-17.652191,-22.466066,-27.076591,-19.921553,-21.920021,-38.193356,-23.928932,-21.952276,-27.416443,-30.864677,-22.389660,-22.583122,-27.926556,-22.411821,-20.117847,-22.112942,-21.101089,-18.678255,-18.892036,-18.922321,-17.678007,-17.034332,-16.829529,-16.753269,-16.012447,-15.212649,-15.736922,-15.540804,-14.135728,-14.670853,-15.391454,-13.577832,-13.705265,-15.334114,-13.505715,-12.982485,-15.169892,-13.883218,-12.597925,-14.832516,-14.654371,-12.612166,-14.426612,-15.702841,-13.072353,-14.139237,-16.798180,-14.028563,-14.143773,-17.623665,-15.542517,-14.578804,-18.022797,-17.677794,-15.577539,-18.213562,-20.405926,-17.324127,-18.608978,-23.195581,-20.169573,-19.600519,-24.578865,-25.015268,-21.619234,-24.367161,-34.977230,-25.536263,-24.272163,-30.393230,-34.742783,-25.402924,-24.538328,-31.346371,-28.811014,-22.084030,-23.831594,-39.461010,-21.338785,-20.235636,-32.641575,-21.923445,-18.286173,-24.786552,-23.982508,-17.373713,-20.893869,-28.485416,-17.280691,-18.628277,-41.641190,-17.946796,-17.376507,-31.554771,-19.412464,-16.902302,-25.096214,-21.809702,-17.111698,-22.057440,-25.256187,-17.988426,-20.557129,-28.569174,-19.575665,-20.073833,-27.699009,-21.966488,-20.411785,-25.017473,-25.204098,-21.493885,-23.142059,-28.482817,-23.273369,-22.053900,-28.812513,-25.621838,-21.408712,-26.670425,-28.145046,-20.896721,-24.558712,-30.333155,-20.350590,-22.761385,-32.713345,-19.813776,-21.093939,-38.185734,-19.472094,-19.528721,-45.729290,-19.537771,-18.175507,-30.735256,-20.212296,-17.160828,-24.725258,-21.717876,-16.578409,-21.002493,-24.273438,-16.499107,-18.513098,-27.066004,-16.997337,-16.883957,-25.707731,-18.178911,-15.948629,-21.939541,-20.201813,-15.633912,-19.040039,-23.173388,-15.924958,-17.145597,-25.931227,-16.859669,-16.052299,-24.755127,-18.544512,-15.630245,-21.805803,-21.204933,-15.818852,-19.673523,-25.300531,-16.608114,-18.511932,-31.221647,-18.032038,-18.188368,-32.138573,-20.172001,-18.638565,-28.384726,-23.161575,-19.889320,-26.718943,-27.122984,-22.085188,-26.977310,-31.465109,-25.595886,-29.182968,-32.831650,-31.364464,-33.421875,-30.711916,-38.171440,-32.326862,-27.814980,-32.545258,-26.939413,-24.742668,-28.476303,-23.463106,-21.885778,-25.873697,-21.428303,-19.525780,-23.571388,-20.384659,-17.751200,-21.285906,-20.068096,-16.561157,-19.184664,-20.227615,-15.936109,-17.466232,-20.480495,-15.863628,-16.233274,-20.329428,-16.341866,-15.529440,-19.578913,-17.363323,-15.387003,-18.575178,-18.849974,-15.858408,-17.780188,-20.469631,-17.044312,-17.488140,-21.458813,-19.130463,-17.891964,-21.333733,-22.381237,-19.226009,-20.749857,-26.114704,-21.971739,-20.547344,-25.233156,-27.337742,-21.182833,-21.745272,-30.392706,-22.936220,-19.338610,-22.955111,-25.525972,-18.035027,-18.501905,-25.127167,-17.563276,-15.824961,-21.007421,-17.680504,-14.186415,-17.415257,-18.034403,-13.273247,-14.867022,-18.049866,-12.923070,-13.132359,-17.268127,-13.026169,-12.033205,-15.909572,-13.473057,-11.460272,-14.515770,-14.112120,-11.345179,-13.417054,-14.730534,-11.640303,-12.730772,-15.117297,-12.303093,-12.484941,-15.213756,-13.279228,-12.683612,-15.170117,-14.482907,-13.331318,-15.218714,-15.782965,-14.441269,-15.549994,-17.026663,-16.037565,-16.291658,-18.125576,-18.153366,-17.534061,-19.135727,-20.820854,-19.345367,-20.215473,-24.042744,-21.724285,-21.481674,-27.735441,-24.333801,-22.830257,-31.663906,-25.974110,-23.763519,-35.107128,-25.752460,-23.703745,-35.249046,-24.837763,-22.869101,-31.885546,-24.238586,-21.962736,-28.556698,-24.123823,-21.397284,-26.096287,-24.324028,-21.281052,-24.381512,-24.516045,-21.571609,-23.161507,-24.327185,-22.126751,-22.139738,-23.517149,-22.709715,-21.037539,-22.087475,-23.044107,-19.741577,-20.217308,-22.932068,-18.362198,-18.155413,-22.275675,-17.100605,-16.131073,-21.009296,-16.113947,-14.303688,-19.189148,-15.485546,-12.762528,-17.077816,-15.240173,-11.549926,-14.985071,-15.347320,-10.683522,-13.115513,-15.689205,-10.170633,-11.564593,-16.003572,-10.015966,-10.365911,-15.918335,-10.225109,-9.526712,-15.246620,-10.804832,-9.046314,-14.208369,-11.759342,-8.924507,-13.171688,-13.078780,-9.165822,-12.383880,-14.712494,-9.782294,-11.960464,-16.521458,-10.796825,-11.950759,-18.246262,-12.249804,-12.381362,-19.618660,-14.215334,-13.274048,-20.598652,-16.846628,-14.644878,-21.286858,-20.526192,-16.473909,-21.449799,-26.543667,-18.602005,-20.519539
[0;32mI (11940) ANALISIS_ESPECTRO: Frame exportado | t=11.23 s | pico=93.8 Hz | -8.3 dB[0m
SPECTRUM_FRAME,12.252346,78.125000,-120.000000,hann,512,-120.000000,-120.000000,-120.000000,-120.000000,-120.000000,-120.000000,-120.000000,-120.000000,-120.000000,-120.000000,-120.000000,-120.000000,-120.000000,-120.000000,-120.000000,-120.000000,-120.000000,-120.000000,-120.000000,-120.000000,-120.000000,-120.000000,-120.000000,-120.000000,-120.000000,-120.000000,-120.000000,-120.000000,-120.000000,-120.000000,-120.000000,-120.000000,-120.000000,-120.000000,-120.000000,-120.000000,-120.000000,-120.000000,-120.000000,-120.000000,-120.000000,-120.000000,-120.000000,-120.000000,-120.000000,-120.000000,-120.000000,-120.000000,-120.000000,-120.000000,-120.000000,-120.000000,-120.000000,-120.000000,-120.000000,-120.000000,-120.000000,-120.000000,-120.000000,-120.000000,-120.000000,-120.000000,-120.000000,-120.000000,-120.000000,-120.000000,-120.000000,-120.000000,-120.000000,-120.000000,-120.000000,-120.000000,-120.000000,-120.000000,-120.000000,-120.000000,-120.000000,-120.000000,-120.000000,-120.000000,-120.000000,-120.000000,-120.000000,-120.000000,-120.000000,-120.000000,-120.000000,-120.000000,-120.000000,-120.000000,-120.000000,-120.000000,-120.000000,-120.000000,-120.000000,-120.000000,-120.000000,-120.000000,-120.000000,-120.000000,-120.000000,-120.000000,-120.000000,-120.000000,-120.000000,-120.000000,-120.000000,-120.000000,-120.000000,-120.000000,-120.000000,-120.000000,-120.000000,-120.000000,-120.000000,-120.000000,-120.000000,-120.000000,-120.000000,-120.000000,-120.000000,-120.000000,-120.000000,-120.000000,-120.000000,-120.000000,-120.000000,-120.000000,-120.000000,-120.000000,-120.000000,-120.000000,-120.000000,-120.000000,-120.000000,-120.000000,-120.000000,-120.000000,-120.000000,-120.000000,-120.000000,-120.000000,-120.000000,-120.000000,-120.000000,-120.000000,-120.000000,-120.000000,-120.000000,-120.000000,-120.000000,-120.000000,-120.000000,-120.000000,-120.000000,-120.000000,-120.000000,-120.000000,-120.000000,-120.000000,-120.000000,-120.000000,-120.000000,-120.000000,-120.000000,-120.000000,-120.000000,-120.000000,-120.000000,-120.000000,-120.000000,-120.000000,-120.000000,-120.000000,-120.000000,-120.000000,-120.000000,-120.000000,-120.000000,-120.000000,-120.000000,-120.000000,-120.000000,-120.000000,-120.000000,-120.000000,-120.000000,-120.000000,-120.000000,-120.000000,-120.000000,-120.000000,-120.000000,-120.000000,-120.000000,-120.000000,-120.000000,-120.000000,-120.000000,-120.000000,-120.000000,-120.000000,-120.000000,-120.000000,-120.000000,-120.000000,-120.000000,-120.000000,-120.000000,-120.000000,-120.000000,-120.000000,-120.000000,-120.000000,-120.000000,-120.000000,-120.000000,-120.000000,-120.000000,-120.000000,-120.000000,-120.000000,-120.000000,-120.000000,-120.000000,-120.000000,-120.000000,-120.000000,-120.000000,-120.000000,-120.000000,-120.000000,-120.000000,-120.000000,-120.000000,-120.000000,-120.000000,-120.000000,-120.000000,-120.000000,-120.000000,-120.000000,-120.000000,-120.000000,-120.000000,-120.000000,-120.000000,-120.000000,-120.000000,-120.000000,-120.000000,-120.000000,-120.000000,-120.000000,-120.000000,-120.000000,-120.000000,-120.000000,-120.000000,-120.000000,-120.000000,-120.000000,-120.000000,-120.000000,-120.000000,-120.000000,-120.000000,-120.000000,-120.000000,-120.000000,-120.000000,-120.000000,-120.000000,-120.000000,-120.000000,-120.000000,-120.000000,-120.000000,-120.000000,-120.000000,-120.000000,-120.000000,-120.000000,-120.000000,-120.000000,-120.000000,-120.000000,-120.000000,-120.000000,-120.000000,-120.000000,-120.000000,-120.000000,-120.000000,-120.000000,-120.000000,-120.000000,-120.000000,-120.000000,-120.000000,-120.000000,-120.000000,-120.000000,-120.000000,-120.000000,-120.000000,-120.000000,-120.000000,-120.000000,-120.000000,-120.000000,-120.000000,-120.000000,-120.000000,-120.000000,-120.000000,-120.000000,-120.000000,-120.000000,-120.000000,-120.000000,-120.000000,-120.000000,-120.000000,-120.000000,-120.000000,-120.000000,-120.000000,-120.000000,-120.000000,-120.000000,-120.000000,-120.000000,-120.000000,-120.000000,-120.000000,-120.000000,-120.000000,-120.000000,-120.000000,-120.000000,-120.000000,-120.000000,-120.000000,-120.000000,-120.000000,-120.000000,-120.000000,-120.000000,-120.000000,-120.000000,-120.000000,-120.000000,-120.000000,-120.000000,-120.000000,-120.000000,-120.000000,-120.000000,-120.000000,-120.000000,-120.000000,-120.000000,-120.000000,-120.000000,-120.000000,-120.000000,-120.000000,-120.000000,-120.000000,-120.000000,-120.000000,-120.000000,-120.000000,-120.000000,-120.000000,-120.000000,-120.000000,-120.000000,-120.000000,-120.000000,-120.000000,-120.000000,-120.000000,-120.000000,-120.000000,-120.000000,-120.000000,-120.000000,-120.000000,-120.000000,-120.000000,-120.000000,-120.000000,-120.000000,-120.000000,-120.000000,-120.000000,-120.000000,-120.000000,-120.000000,-120.000000,-120.000000,-120.000000,-120.000000,-120.000000,-120.000000,-120.000000,-120.000000,-120.000000,-120.000000,-120.000000,-120.000000,-120.000000,-120.000000,-120.000000,-120.000000,-120.000000,-120.000000,-120.000000,-120.000000,-120.000000,-120.000000,-120.000000,-120.000000,-120.000000,-120.000000,-120.000000,-120.000000,-120.000000,-120.000000,-120.000000,-120.000000,-120.000000,-120.000000,-120.000000,-120.000000,-120.000000,-120.000000,-120.000000,-120.000000,-120.000000,-120.000000,-120.000000,-120.000000,-120.000000,-120.000000,-120.000000,-120.000000,-120.000000,-120.000000,-120.000000,-120.000000,-120.000000,-120.000000,-120.000000,-120.000000,-120.000000,-120.000000,-120.000000,-120.000000,-120.000000,-120.000000,-120.000000,-120.000000,-120.000000,-120.000000,-120.000000,-120.000000,-120.000000,-120.000000,-120.000000,-120.000000,-120.000000,-120.000000,-120.000000,-120.000000,-120.000000,-120.000000,-120.000000,-120.000000,-120.000000,-120.000000,-120.000000,-120.000000,-120.000000,-120.000000,-120.000000,-120.000000,-120.000000,-120.000000,-120.000000,-120.000000,-120.000000,-120.000000,-120.000000,-120.000000,-120.000000,-120.000000,-120.000000,-120.000000,-120.000000,-120.000000,-120.000000,-120.000000,-120.000000,-120.000000,-120.000000,-120.000000,-120.000000,-120.000000,-120.000000
[0;32mI (13010) ANALISIS_ESPECTRO: Frame exportado | t=12.25 s | pico=78.1 Hz | -120.0 dB[0m
SPECTRUM_FRAME,13.274676,156.250000,-13.316164,hann,512,-43.195972,-18.249687,-17.415567,-12.913391,-14.651735,-18.223330,-14.023035,-13.684336,-18.084425,-15.882073,-13.316164,-17.289974,-18.375982,-13.658294,-16.359064,-20.831978,-14.826331,-15.671863,-21.713230,-17.014509,-15.477986,-20.881357,-20.633230,-15.978456,-19.791389,-26.647247,-17.404907,-19.161537,-32.369835,-20.147039,-19.217134,-27.159521,-25.041855,-20.178684,-24.179012,-31.202410,-22.439499,-23.261873,-26.486265,-26.443060,-23.836945,-22.730768,-27.816057,-26.207991,-21.229668,-23.022974,-32.801533,-21.166187,-19.559900,-37.380669,-22.208351,-17.727051,-25.084141,-24.149988,-17.107269,-20.050995,-26.077168,-17.494827,-17.220331,-25.118715,-18.787926,-15.704048,-21.784138,-20.818806,-15.212456,-18.753620,-22.804260,-15.653061,-16.612463,-22.829779,-17.032974,-15.357771,-20.828188,-19.385622,-14.966610,-18.612024,-22.357208,-15.475307,-16.917446,-23.668789,-17.012741,-15.899362,-21.816065,-19.854528,-15.640098,-19.528746,-24.228670,-16.271780,-17.906940,-26.384266,-18.061438,-17.004208,-22.785454,-21.642740,-16.839010,-19.871609,-28.536413,-17.552689,-18.263741,-27.893295,-19.488253,-17.573092,-21.691002,-23.484697,-17.621042,-18.617188,-30.539879,-18.441288,-17.179520,-25.500019,-20.274830,-16.774317,-20.110891,-23.517420,-17.147022,-17.350157,-26.676159,-18.220135,-16.061518,-23.518211,-20.058495,-15.799425,-19.546051,-22.721090,-16.374025,-17.133772,-24.962893,-17.722332,-15.966741,-23.374355,-19.894211,-15.806771,-20.284306,-23.040585,-16.562805,-18.110725,-26.669189,-18.264652,-17.043018,-26.555027,-21.119419,-17.008865,-23.285641,-25.811134,-18.024118,-20.896742,-35.040558,-20.263559,-19.811954,-33.663246,-24.188702,-19.983162,-26.927404,-30.025740,-21.526907,-24.137749,-29.128263,-24.691391,-23.353540,-24.706022,-27.618473,-24.440598,-22.258375,-24.471319,-28.591091,-21.164103,-20.752338,-53.153629,-21.103645,-18.487755,-27.221321,-22.066916,-17.315050,-20.850101,-24.019527,-16.937778,-17.498337,-25.192169,-17.191141,-15.609187,-22.392429,-17.990326,-14.687086,-18.727167,-19.215464,-14.497530,-16.062782,-20.332403,-14.899599,-14.400913,-20.078047,-15.791653,-13.579855,-18.233879,-17.070450,-13.485366,-16.143410,-18.513250,-14.043230,-14.584647,-19.508026,-15.198270,-13.731779,-19.226910,-16.887344,-13.599557,-17.889771,-18.968647,-14.192983,-16.474751,-20.997725,-15.549948,-15.548243,-21.976450,-17.772514,-15.301419,-21.379015,-21.088356,-15.813519,-20.161385,-25.939228,-17.169321,-19.257935,-31.497997,-19.514387,-19.037626,-29.817980,-23.064011,-19.632242,-26.643967,-27.504385,-21.054581,-25.288769,-28.793718,-22.917522,-25.494095,-26.561676,-23.716677,-27.141209,-25.157246,-22.504658,-28.817282,-25.188597,-20.875565,-26.219769,-26.883564,-19.880476,-22.208172,-31.353188,-19.692978,-19.338760,-35.439472,-20.300632,-17.611101,-26.784218,-21.711250,-16.831200,-21.594542,-23.897675,-16.886196,-18.506079,-25.963640,-17.737238,-16.693398,-24.981331,-19.405897,-15.850123,-21.836843,-21.919508,-15.863216,-19.145220,-24.808079,-16.728952,-17.375282,-25.452404,-18.553253,-16.489670,-23.001013,-21.620863,-16.459881,-20.453959,-26.430744,-17.339701,-18.739208,-29.959484,-19.327103,-17.897341,-25.732252,-22.985085,-17.939190,-22.192680,-30.451885,-18.984636,-20.199455,-36.322296,-21.386124,-19.315748,-26.201527,-26.262215,-19.412920,-22.323261,-41.508297,-20.614031,-20.468990,-29.429863,-23.421593,-19.768909,-23.303976,-29.776505,-20.002628,-20.556719,-41.742878,-21.254761,-19.311291,-26.458305,-23.979778,-19.047258,-21.743454,-29.782471,-19.600784,-19.444862,-39.302666,-21.017738,-18.443567,-27.409098,-23.617035,-18.373240,-22.613892,-28.429214,-19.103371,-20.244913,-39.320702,-20.645058,-19.207895,-31.386787,-23.180622,-19.133577,-25.585604,-27.228411,-19.863024,-22.935541,-33.764950,-21.298382,-21.847618,-34.502331,-23.255913,-21.811335,-29.454355,-25.132305,-22.493162,-27.137733,-25.806240,-23.352966,-26.714558,-25.199265,-23.514463,-27.579479,-24.516426,-22.632692,-28.209154,-24.614153,-21.378935,-26.115465,-26.072105,-20.386986,-22.851801,-30.093214,-19.909904,-20.225807,-40.812851,-20.055153,-18.447500,-29.547644,-20.938749,-17.403414,-23.139914,-22.722210,-16.990128,-19.591969,-25.303516,-17.155718,-17.436930,-26.312286,-17.904909,-16.193321,-23.411539,-19.296452,-15.647484,-20.168774,-21.379269,-15.695716,-17.878477,-23.731285,-16.300081,-16.459385,-24.240206,-17.480770,-15.753506,-22.074196,-19.322474,-15.656599,-19.656799,-21.952126,-16.111879,-17.939215,-25.160271,-17.104338,-16.947802,-26.549038,-18.668602,-16.587145,-24.343851,-20.917187,-16.774942,-21.797691,-24.107645,-17.449984,-20.052290,-28.738487,-18.566473,-19.030977,-33.804443,-20.093107,-18.554304,-30.980541,-22.025797,-18.468248,-26.864050,-24.435207,-18.649237,-24.149553,-27.608196,-19.015623,-22.252348,-32.546581,-19.548676,-20.830555,-43.385216,-20.307125,-19.751341,-34.748611,-21.432428,-18.992638,-27.882195,-23.173912,-18.581278,-23.965368,-26.008842,-18.562874,-21.390188,-31.093964,-18.998194,-19.681824,-37.197910,-19.980547,-18.647827,-29.477308,-21.680555,-18.200867,-24.487598,-24.462563,-18.309052,-21.584965,-29.279135,-18.985903,-19.848507,-37.669228,-20.303736,-18.926832,-31.320066,-22.443710,-18.666193,-25.851944,-25.859737,-19.002245,-22.939461,-32.058262,-19.926275,-21.331165,-50.364704,-21.478537,-20.580690,-32.300972,-23.748285,-20.489315,-27.211651,-26.810219,-20.950176,-24.726261,-30.110674,-21.885712,-23.468231,-30.867407,-23.197254,-22.984119,-28.806438,-24.689514,-23.048206,-26.808813,-25.982655,-23.500782,-25.534210,-26.612392,-24.185211,-24.878792,-26.470625,-24.917320,-24.694084,-25.909714,-25.485708,-24.866512,-25.306780
[0;32mI (13990) ANALISIS_ESPECTRO: Frame exportado | t=13.27 s | pico=156.2 Hz | -13.3 dB[0m
SPECTRUM_FRAME,14.297047,93.750000,0.452817,hann,512,-17.375654,-8.592936,-4.319585,0.932207,-1.846457,-5.776928,0.452817,-1.059056,-6.972262,-0.336473,-0.615533,-7.497679,-1.417847,-0.520940,-7.298307,-2.766773,-0.770322,-6.763286,-4.350869,-1.350266,-6.302894,-6.130393,-2.237623,-6.145192,-8.064041,-3.397952,-6.389363,-10.129337,-4.785121,-7.075358,-12.368176,-6.343182,-8.215942,-14.954444,-8.007865,-9.804957,-18.251202,-9.694521,-11.812473,-22.488192,-11.244782,-14.160584,-23.901453,-12.335216,-16.618683,-20.077734,-12.553196,-18.453911,-16.864456,-11.852465,-18.406502,-14.892017,-10.684518,-16.593143,-13.815607,-9.515455,-14.343191,-13.336048,-8.590034,-12.338690,-13.149768,-7.996917,-10.744910,-12.928345,-7.745512,-9.580437,-12.449060,-7.794502,-8.831474,-11.751662,-8.052673,-8.471910,-11.064919,-8.381452,-8.454697,-10.619673,-8.635250,-8.688345,-10.579295,-8.748537,-9.009847,-11.060436,-8.794144,-9.199203,-12.148314,-8.944758,-9.098130,-13.799677,-9.402757,-8.751611,-15.334787,-10.387531,-8.370868,-15.018019,-12.207245,-8.180924,-12.898628,-15.508565,-8.351280,-10.709694,-22.633421,-9.020844,-9.108994,-29.254089,-10.361193,-8.153686,-17.143272,-12.689241,-7.803090,-12.495065,-16.816605,-8.034858,-9.921021,-26.423214,-8.872396,-8.465034,-24.719822,-10.410891,-7.792778,-16.409254,-12.882815,-7.761746,-12.731853,-16.870613,-8.317122,-10.766559,-24.178200,-9.462218,-9.823978,-27.415890,-11.257668,-9.651172,-19.858406,-13.841362,-10.150180,-16.476191,-17.460911,-11.304958,-14.984149,-22.276112,-13.163024,-14.661169,-25.563429,-15.829569,-15.245039,-23.549652,-19.364775,-16.576822,-21.409891,-22.837872,-18.283092,-20.192837,-22.875446,-19.255522,-19.211824,-20.507462,-18.444708,-17.869324,-18.310101,-16.717630,-16.161247,-16.452358,-15.088781,-14.463470,-14.743996,-13.764549,-13.050182,-13.153453,-12.630200,-12.003764,-11.762710,-11.536641,-11.288498,-10.662903,-10.417603,-10.794355,-9.912258,-9.313235,-10.355474,-9.537367,-8.320301,-9.796180,-9.539409,-7.534165,-9.024411,-9.884692,-7.025624,-8.091006,-10.464249,-6.844901,-7.137158,-11.021612,-7.033880,-6.301749,-11.152962,-7.638280,-5.679755,-10.601264,-8.717953,-5.327247,-9.559402,-10.353603,-5.278783,-8.419229,-12.628269,-5.561426,-7.444384,-15.439228,-6.203469,-6.746721,-17.613989,-7.239814,-6.362162,-17.049940,-8.716303,-6.300135,-15.024962,-10.694905,-6.563517,-13.301092,-13.261967,-7.152725,-12.188246,-16.543827,-8.061050,-11.627771,-20.742031,-9.263181,-11.543056,-26.237791,-10.697340,-11.880298,-34.089348,-12.246466,-12.592668,-47.324749,-13.740750,-13.608898,-36.989742,-15.007949,-14.795340,-30.806602,-15.936460,-15.942047,-26.577435,-16.462437,-16.834829,-23.440159,-16.525993,-17.387157,-21.168236,-16.132153,-17.635916,-19.665916,-15.430914,-17.591459,-18.896969,-14.652424,-17.204182,-18.858593,-13.996540,-16.503311,-19.551620,-13.602907,-15.662291,-20.886311,-13.573744,-14.893333,-22.363781,-13.998583,-14.352331,-22.768372,-14.966984,-14.135652,-21.682785,-16.563900,-14.311640,-20.281984,-18.805346,-14.937519,-19.356340,-21.340273,-16.030943,-19.076368,-22.915819,-17.426552,-19.361761,-22.783377,-18.453575,-19.834532,-22.297379,-18.193043,-19.559420,-22.447716,-16.965132,-17.833393,-23.025473,-15.806234,-15.390640,-22.332340,-15.243894,-13.125347,-19.374411,-15.451207,-11.362354,-15.932101,-16.513638,-10.160917,-13.013344,-18.387398,-9.516209,-10.731632,-19.991039,-9.420192,-9.028715,-18.556070,-9.877781,-7.846804,-15.281638,-10.908484,-7.148146,-12.411802,-12.521682,-6.911106,-10.285475,-14.572603,-7.125103,-8.818419,-16.254908,-7.786558,-7.923470,-16.081919,-8.892678,-7.548401,-14.420137,-10.424052,-7.667512,-12.748646,-12.291157,-8.272494,-11.634378,-14.207584,-9.365688,-11.172930,-15.600934,-10.951336,-11.382673,-16.083815,-13.013390,-12.310497,-16.079449,-15.452837,-14.077996,-16.303431,-17.961021,-16.969219,-17.258219,-20.020849,-21.744850,-19.368214,-21.516897,-31.462666,-23.136448,-23.221399,-30.865326,-26.209255,-26.376619,-24.016300,-21.979610,-31.236164,-21.372288,-17.937426,-26.421227,-20.270185,-15.426809,-20.589617,-19.728504,-13.920372,-16.942499,-19.007603,-13.057141,-14.608381,-17.751513,-12.572580,-13.153190,-16.224657,-12.241916,-12.325874,-14.872375,-11.895729,-11.918917,-13.967817,-11.473007,-11.707307,-13.635788,-11.036719,-11.457677,-13.932255,-10.723395,-11.022901,-14.842632,-10.684939,-10.430970,-16.103796,-11.071903,-9.838747,-16.784298,-12.059001,-9.416610,-15.863096,-13.917447,-9.293467,-14.024444,-17.224205,-9.565314,-12.350717,-23.767302,-10.322293,-11.217308,-28.958817,-11.671951,-10.679085,-19.636581,-13.737278,-10.736331,-15.373484,-16.475235,-11.415315,-13.122401,-18.591850,-12.805062,-12.004371,-17.566391,-15.110828,-11.692057,-15.149670,-18.772087,-12.031468,-13.267274,-24.292965,-12.925074,-12.122478,-25.162132,-14.255762,-11.563856,-20.431942,-15.793791,-11.397265,-17.470730,-17.147858,-11.408510,-15.813665,-18.029711,-11.396692,-14.834329,-18.700895,-11.265402,-14.056639,-19.854715,-11.083313,-13.144844,-22.394970,-11.028450,-12.038842,-27.833031,-11.296381,-10.922338,-27.389992,-12.073503,-10.018574,-19.871359,-13.577495,-9.479086,-15.375921,-16.142504,-9.394354,-12.510916,-20.147491,-9.836383,-10.659664,-22.408628,-10.900278,-9.558443,-18.107225,-12.757627,-9.080606,-14.260414,-15.767961,-9.165262,-11.774545,-20.720631,-9.789690,-10.232533,-25.780880,-10.956964,-9.372660,-20.527420,-12.686655,-9.032908,-16.266745,-14.994316,-9.085863,-13.786129,-17.821007,-9.403677,-12.300562,-20.827477,-9.852049,-11.397556,-23.149029,-10.324739,-10.805196
[0;32mI (15000) ANALISIS_ESPECTRO: Frame exportado | t=14.30 s | pico=93.8 Hz | 0.5 dB[0m
SPECTRUM_FRAME,15.319398,93.750000,9.880062,hann,512,-25.697495,-15.722384,1.974209,10.822063,7.039862,-2.985173,9.880062,8.246226,-13.249746,8.446718,8.947352,-9.387360,6.630083,9.357083,-1.816160,4.393176,9.515026,2.262875,1.468170,9.280304,4.840359,-2.723925,8.483622,6.315033,-9.299967,7.047288,6.817534,-13.149616,5.012310,6.480815,-8.132020,2.512556,5.525491,-5.308054,-0.329726,4.233428,-3.442757,-3.632653,2.766585,-1.877631,-8.038517,1.029403,-1.014951,-15.116196,-1.159142,-1.369626,-20.051350,-3.740439,-3.307459,-15.121785,-6.097428,-7.318714,-12.925621,-7.167946,-14.765226,-10.136905,-6.794109,-36.514290,-6.830172,-5.896400,-23.173609,-4.490688,-5.084729,-21.692125,-3.136537,-4.309766,-24.498625,-2.302418,-3.050823,-26.667816,-1.762041,-1.070279,-13.560344,-1.780556,1.035906,-6.787490,-2.853365,2.620608,-2.614362,-5.551832,3.429704,0.034898,-10.953150,3.467891,1.660985,-22.984734,2.875633,2.628215,-15.302147,1.826061,3.261927,-8.962263,0.319041,3.747474,-4.643548,-2.025371,4.004979,-1.355905,-6.116551,3.783472,0.914116,-14.286732,2.861054,2.212492,-14.541214,1.156681,2.656607,-8.207037,-1.226461,2.440893,-5.532620,-4.079796,1.839566,-4.082937,-7.498901,1.061116,-2.915126,-12.109474,0.011745,-1.945122,-15.117549,-1.662616,-1.534779,-11.764970,-4.318391,-2.015124,-9.485602,-8.145698,-3.544063,-9.305152,-12.873301,-6.037333,-10.866505,-16.833035,-8.913732,-13.414865,-17.435177,-11.195536,-15.161675,-15.859185,-12.787999,-16.502964,-15.048792,-14.227239,-20.563128,-16.385706,-15.780439,-25.449581,-17.561022,-17.575981,-18.875174,-12.597819,-16.344969,-16.691038,-8.469912,-11.722363,-18.721523,-6.557755,-8.207866,-28.371117,-6.426423,-6.348544,-23.134146,-7.710143,-5.783317,-16.005905,-9.909603,-5.769535,-12.152905,-12.463866,-5.297511,-8.563147,-15.882954,-4.402816,-5.265837,-20.543604,-4.040276,-2.914117,-15.308132,-4.803074,-1.760940,-10.047569,-6.932563,-1.809899,-7.335912,-10.642329,-2.906208,-6.113885,-16.211538,-4.622019,-5.302672,-19.031818,-6.305587,-3.976788,-13.142859,-7.915130,-2.476555,-8.318804,-10.424055,-1.664772,-5.218120,-15.355528,-1.947604,-3.611976,-23.776911,-3.391936,-3.368672,-18.893230,-5.835371,-4.228271,-15.876814,-8.756852,-5.298789,-14.405923,-11.562418,-5.257828,-10.900712,-14.621606,-4.557769,-7.210775,-16.961920,-4.436001,-4.978858,-14.297818,-5.219158,-4.311087,-11.445807,-6.567795,-5.060360,-10.743689,-7.876421,-6.849458,-12.614493,-9.120501,-8.516151,-18.897135,-11.156496,-8.868884,-20.852337,-15.265274,-8.876425,-12.898590,-25.253895,-9.566010,-9.931174,-24.901588,-10.642070,-9.310156,-17.774969,-11.074848,-10.080687,-15.848956,-10.630984,-11.391396,-16.036011,-9.938400,-12.319795,-17.610481,-9.447225,-12.587305,-20.690796,-9.575858,-12.490645,-27.708920,-10.864577,-12.564707,-32.792725,-14.130235,-13.644634,-21.426897,-21.817522,-16.069733,-17.180717,-25.473463,-15.951067,-14.091783,-17.201378,-12.145658,-10.729729,-14.369212,-9.654650,-7.779385,-12.636196,-9.073871,-5.948160,-10.496489,-10.389935,-5.434956,-8.568293,-13.975339,-6.303380,-7.724059,-19.845490,-8.654246,-8.184096,-18.966194,-12.440742,-9.405869,-15.391300,-15.771151,-9.528725,-12.836506,-15.962603,-8.051040,-10.044528,-16.523697,-6.863155,-7.656002,-19.174042,-6.826613,-6.405365,-19.943546,-8.076830,-6.513223,-17.019234,-10.620574,-8.073420,-16.021828,-14.255816,-11.192540,-18.059097,-17.820690,-15.366131,-22.971098,-19.818729,-17.018826,-20.002058,-21.981573,-15.931520,-15.867716,-27.722471,-15.627356,-14.675770,-35.683475,-16.570492,-15.549608,-22.677458,-18.381334,-17.436338,-17.487020,-18.644566,-18.810762,-14.456807,-15.780331,-20.342829,-12.792696,-13.258055,-24.279716,-12.463578,-12.262157,-25.356112,-13.541330,-12.744173,-21.147469,-15.371878,-14.144182,-20.543228,-15.372748,-14.181274,-22.661493,-13.968902,-11.728609,-19.068653,-13.999915,-9.419475,-13.843029,-16.722763,-8.386050,-10.835047,-24.076471,-8.759254,-9.510607,-23.126610,-10.388458,-9.478980,-17.597429,-12.339717,-10.316630,-16.127962,-12.869802,-10.918679,-16.642479,-12.711562,-10.192993,-16.484964,-13.758289,-9.172824,-13.690756,-16.973137,-9.160320,-10.919142,-20.793026,-10.703308,-9.522771,-16.872334,-14.141562,-9.670895,-13.120266,-18.368338,-11.352098,-11.538446,-17.151951,-13.902478,-11.485899,-14.688983,-14.646353,-11.851567,-13.898702,-13.583828,-10.943513,-13.735220,-13.577450,-9.239721,-12.344547,-15.723706,-8.307876,-10.023243,-20.925312,-8.734493,-8.372420,-22.349255,-10.739223,-8.005828,-16.868528,-14.710318,-9.032207,-14.358679,-21.813099,-11.204457,-13.742652,-33.399761,-12.985698,-13.344855,-29.078339,-12.525414,-11.564425,-27.042139,-11.557244,-9.315037,-21.826958,-11.493960,-7.848455,-16.843565,-12.484218,-7.436326,-13.758883,-14.495893,-8.007944,-12.302500,-17.501253,-9.434141,-12.309403,-20.601795,-11.515167,-13.661234,-22.255436,-13.587197,-15.208278,-26.457464,-14.338975,-13.615556,-28.023539,-14.181424,-10.337396,-15.702732,-14.960686,-7.947991,-10.145418,-16.761906,-6.767618,-7.147000,-15.221731,-6.666742,-5.768428,-11.718679,-7.322406,-5.624510,-9.977203,-8.125220,-6.351309,-10.268950,-8.783924,-7.152489,-11.866183,-10.105053,-7.048938,-11.057835,-13.242346,-6.423683,-7.529883,-15.066673,-6.238446,-4.872127,-10.236746,-6.518755,-3.575432,-6.800557,-6.460300,-3.350106,-5.432607,-5.867838,-3.712124,-5.654293,-5.727236,-4.085589,-6.897957,-6.936664,-4.375360,-7.602576,-10.050297,-5.091730,-6.497226
[0;32mI (16010) ANALISIS_ESPECTRO: Frame exportado | t=15.32 s | pico=93.8 Hz | 9.9 dB[0m
SPECTRUM_FRAME,16.341760,296.875000,15.119847,hann,512,-7.242821,-3.025343,7.693937,16.736467,13.696461,2.580369,14.397201,13.560120,3.064120,11.496796,12.277895,3.234955,10.145681,12.282681,2.538656,9.551976,14.019796,6.998762,7.544339,15.119847,11.239499,3.416011,14.847360,13.429366,0.722876,13.243823,13.957495,3.614675,10.515966,13.149518,5.398054,7.258233,11.435869,5.364701,4.629953,9.919845,4.863743,2.348810,9.620723,6.341545,-2.199285,9.400185,8.721200,-7.597387,7.784474,9.846378,0.100149,3.880896,9.086767,3.336733,-2.470793,6.188251,3.084744,-3.513539,2.107526,-0.392205,-2.930199,1.802793,-2.124748,-7.520237,2.341524,1.854452,-16.132351,0.171547,2.888505,-5.832882,-5.437582,0.122898,-4.826321,-13.780503,-9.912762,-12.937531,-17.710268,-9.501369,-7.702518,-21.127399,-3.851316,0.298118,-7.699786,-4.476081,2.890213,-2.597288,-8.837954,2.962340,-0.431433,-17.668125,1.314584,0.174543,-14.339565,-1.584302,0.318125,-7.796597,-4.174320,1.148942,-3.839306,-3.504183,2.956944,-0.934346,-2.209594,4.807427,1.642498,-2.557740,5.776747,3.824935,-4.244659,5.439502,5.137730,-4.718369,3.638268,5.294884,-3.191727,0.374140,4.382450,-1.965865,-3.975396,3.058331,-0.818454,-7.466679,2.308545,1.097872,-5.810497,2.051373,3.034479,-2.311303,1.637491,4.179859,-0.155854,1.011595,4.454538,0.578490,-0.005108,4.076887,0.381804,-2.237603,3.089275,-0.018957,-6.885220,1.055352,-0.180587,-12.707758,-2.916041,-0.519206,-8.320294,-9.558008,-1.426557,-5.054100,-9.379074,-2.185022,-3.668067,-6.323927,-1.903358,-2.899914,-5.937464,-1.592938,-2.098998,-6.910584,-2.428544,-1.442375,-7.549968,-4.969247,-1.416571,-6.526954,-10.127707,-2.356977,-4.607937,-18.639492,-4.553160,-2.873082,-11.375759,-8.363749,-1.695161,-6.336594,-12.368824,-1.082784,-3.596361,-10.786427,-0.792463,-2.163249,-8.716820,-0.516949,-1.610685,-9.076670,-0.399017,-1.219370,-13.687012,-1.076707,-0.339775,-19.649393,-3.357723,0.597099,-6.021061,-8.922871,1.027073,-0.578586,-24.120600,1.184214,2.357669,-8.098922,1.557418,3.974705,-3.597970,1.919199,4.726743,-1.911738,1.612061,4.658207,-1.645893,0.138303,3.592140,-2.394896,-3.057676,1.343491,-3.630537,-10.013938,-1.989954,-2.925530,-18.346905,-5.063604,-0.125595,-5.090332,-5.521976,2.013029,-0.489919,-4.401190,2.855470,1.551595,-3.552140,2.600978,2.000790,-4.019455,1.443609,1.385372,-6.786710,-0.827964,0.157022,-11.862366,-5.224063,-1.772021,-8.914470,-14.935390,-5.345111,-5.377159,-13.284178,-10.103568,-4.633785,-8.975372,-8.461418,-4.778374,-9.715120,-7.291591,-4.118243,-12.629086,-10.358221,-4.210424,-10.291995,-18.515703,-7.354180,-7.780416,-12.814848,-19.260870,-8.667322,-9.702814,-14.673574,-12.920311,-10.353146,-10.211901,-14.903040,-13.709003,-11.940232,-15.085670,-19.106049,-16.427711,-19.900438,-43.490700,-14.956813,-11.521211,-15.370100,-12.970061,-6.840061,-8.441689,-10.920806,-5.374238,-5.836987,-8.316890,-5.000581,-5.767956,-7.748356,-4.467355,-6.442948,-10.974945,-4.765598,-5.651987,-23.519379,-7.888732,-5.066805,-12.239092,-19.929993,-6.979546,-8.053041,-13.705478,-11.470827,-7.681056,-8.596030,-9.008548,-7.498646,-8.458632,-6.328090,-5.009032,-8.741613,-7.528087,-3.344440,-6.234429,-12.620239,-4.159708,-4.216797,-13.494802,-8.117708,-4.484405,-10.144187,-15.445446,-7.462163,-10.839505,-16.126534,-10.575228,-15.479774,-16.871952,-8.091399,-10.540892,-20.697803,-6.713285,-5.424748,-13.827360,-7.811247,-3.691577,-9.392323,-11.282717,-4.230554,-8.059832,-17.664715,-6.287841,-9.169891,-21.036806,-8.563932,-11.866303,-20.350311,-9.764181,-12.948969,-25.623180,-11.273970,-11.677942,-24.065363,-13.907380,-10.225816,-18.823767,-12.667636,-7.528059,-16.067839,-10.146060,-4.303656,-11.110037,-10.218391,-2.396618,-6.092332,-13.842120,-2.374083,-3.169821,-24.211758,-4.424084,-2.663863,-15.041977,-9.082637,-5.030344,-12.183216,-18.460455,-12.522291,-15.500311,-23.296646,-14.821873,-12.204981,-20.505293,-7.677379,-5.427846,-15.784555,-6.012967,-2.568610,-10.460194,-6.405542,-2.070857,-8.761010,-7.122390,-2.930788,-10.684347,-7.895212,-4.145365,-15.210866,-9.140446,-5.962823,-10.917731,-8.730507,-10.985838,-7.775847,-6.630315,-16.632181,-8.438712,-5.519140,-8.017565,-10.387815,-6.202025,-5.731795,-7.681622,-9.003798,-7.082568,-6.201060,-12.418156,-11.414679,-8.952404,-12.529343,-14.758166,-13.510958,-15.715494,-12.067015,-6.614919,-18.104776,-10.687829,-3.222455,-8.043075,-11.166552,-2.589948,-4.436905,-12.110148,-3.732586,-3.894117,-12.899601,-6.290710,-5.453439,-15.246748,-9.644803,-7.087239,-17.216360,-10.967911,-4.317539,-8.196839,-11.703115,-0.949544,-1.714113,-17.251026,0.385252,2.049045,-7.498446,-0.809571,3.637149,-0.905402,-4.829357,3.130789,1.731027,-4.157750,0.888728,1.393116,-0.175742,0.796015,-1.461826,0.061685,3.629118,0.152338,-5.567008,4.674667,4.757137,-7.458310,2.635486,6.780722,2.757145,-5.615196,6.271890,6.187710,-4.280579,3.430305,6.662359,2.948909,1.849523,5.141440,4.460965,4.968722,4.389549,2.425917,6.706272,6.843398,-1.389223,5.789790,8.789466,3.327829,1.074232,8.807225,7.299469,-9.180188,6.619213,8.481225,1.834492,2.494237,7.501693,5.161436,2.743623,5.703135,4.701310,5.670114,6.719327,2.349551,5.859178,8.974978,4.572230,2.365111,9.652483,8.216162
[0;32mI (17010) ANALISIS_ESPECTRO: Frame exportado | t=16.34 s | pico=296.9 Hz | 15.1 dB[0m
SPECTRUM_FRAME,17.364120,296.875000,14.750782,hann,512,-14.517956,-16.862843,7.520137,16.570921,12.581219,3.424606,14.412136,12.901875,0.980488,11.352049,12.292056,0.945696,8.982959,12.341838,2.030792,7.771832,13.697845,5.800561,5.929649,14.750782,10.091313,2.676422,14.571602,12.928596,0.613495,13.019651,14.104377,3.235324,10.270048,13.720990,5.600729,6.976597,12.052917,6.069243,4.217726,10.117904,5.370483,1.955291,9.412583,6.458179,-0.806048,9.158681,9.087894,-2.264632,7.846510,10.478289,0.842506,4.963155,9.953167,3.524004,0.658647,7.374832,4.008265,-2.922631,3.064332,2.392853,-3.096935,0.828440,0.799230,-3.094527,1.552020,2.477065,-3.727211,0.850977,3.811919,-2.319014,-1.649081,2.817349,-0.345543,-4.323964,-1.140041,-0.852632,-4.530105,-8.583226,-6.793283,-4.528113,-7.257810,-11.178053,-8.107502,-4.694052,0.039212,-14.045599,-4.867507,3.193749,-3.453590,-5.413990,3.377773,0.223550,-4.740817,1.697491,0.113009,-4.040704,-0.429810,-2.324319,-5.433562,-1.337612,-0.444344,-13.773299,-2.058703,3.331501,-9.313513,-4.254755,4.781970,-0.597574,-9.392229,4.042516,2.726430,-19.127769,1.441819,3.678890,-8.971986,-1.895025,3.388073,-4.858796,-3.238375,3.130783,-3.774778,-3.604579,3.505413,-2.922909,-5.674541,3.645271,-0.213067,-11.768641,2.757674,2.368319,-22.041431,0.553982,3.475425,-8.682792,-3.113024,2.924655,-5.405695,-8.446005,0.652912,-5.470214,-14.361463,-3.359069,-7.131712,-13.112423,-7.614478,-6.238026,-9.748096,-8.678505,-3.533098,-7.998555,-9.976030,-2.216331,-7.815552,-14.318118,-2.590656,-9.147233,-13.385366,-4.492252,-12.076675,-8.699887,-7.650979,-17.257641,-7.174006,-10.912198,-21.324310,-7.762992,-11.336287,-13.763556,-7.540517,-8.418330,-9.133484,-4.702918,-4.924383,-6.743513,-2.272027,-2.312913,-5.649117,-1.216539,-0.760722,-5.199957,-1.319463,-0.030962,-4.858301,-2.194466,0.078489,-4.397942,-3.511257,-0.540391,-4.308329,-5.218072,-2.122284,-5.632665,-7.410556,-3.661359,-8.147508,-8.920764,-2.171702,-4.318376,-6.685944,0.477255,0.783044,-2.962254,2.053056,3.598299,-0.227908,2.444512,4.546571,1.121567,1.909633,3.935111,0.980676,0.668206,1.975846,-0.857974,-1.207431,-0.866453,-4.507233,-3.955174,-3.355111,-6.359700,-8.627741,-4.504118,-3.071842,-14.384508,-5.039194,-0.557488,-6.826455,-5.143514,0.509662,-2.130482,-4.150295,0.564887,-0.209448,-2.680289,-0.083344,-0.337080,-2.065385,-1.256578,-2.418815,-3.178740,-2.919342,-6.571041,-7.070936,-5.210314,-11.112747,-17.568605,-8.313150,-10.732446,-13.599554,-11.908302,-9.625563,-9.096876,-14.508657,-9.823143,-9.540115,-15.482253,-11.408251,-13.416576,-15.568847,-15.774162,-18.360876,-15.552758,-29.006046,-18.009897,-17.149328,-18.826353,-19.488682,-21.939192,-15.678961,-21.700550,-23.774380,-18.038351,-17.113958,-19.884811,-29.517441,-14.428061,-16.071701,-25.673525,-14.212715,-10.683266,-18.696091,-15.621448,-6.686067,-13.084010,-17.839367,-4.682602,-8.741037,-19.927374,-4.529557,-6.604524,-21.277782,-6.252343,-6.695957,-21.976486,-10.275164,-9.040097,-21.882162,-17.288086,-11.844100,-20.539457,-18.553236,-9.730807,-18.047710,-16.466864,-7.486453,-14.866905,-17.585962,-7.647367,-11.846923,-14.793900,-10.803284,-9.656684,-9.906552,-19.741432,-8.529428,-7.332512,-16.711624,-8.455058,-6.918318,-11.542440,-9.229748,-8.535481,-11.264072,-10.369984,-12.310700,-15.143736,-11.517662,-16.400139,-31.623749,-13.563691,-15.300451,-18.096058,-19.907495,-15.054836,-13.459431,-23.682318,-19.926781,-11.964426,-12.055157,-18.713144,-10.874996,-8.075365,-10.475516,-9.593829,-6.939724,-7.178429,-8.847041,-8.000049,-6.839109,-9.329558,-11.549261,-9.405720,-11.811199,-19.118673,-16.009203,-17.662258,-19.882023,-16.307892,-17.020847,-14.443462,-12.182631,-11.853281,-12.481352,-12.376419,-10.725718,-12.135310,-15.598364,-13.159159,-12.560100,-16.581648,-18.681767,-13.045250,-13.858259,-15.300511,-12.949978,-12.978662,-12.225031,-12.352456,-14.013754,-12.775023,-11.817636,-15.417003,-16.397923,-11.780514,-13.810884,-19.614199,-12.546945,-10.751272,-17.767382,-13.932671,-8.815598,-17.255625,-13.838003,-8.132081,-18.237286,-11.460448,-8.048332,-18.647635,-9.529124,-8.021436,-17.792667,-9.073685,-8.619584,-16.132814,-10.190387,-11.302679,-14.119350,-12.848532,-20.071785,-11.942563,-16.483057,-19.914808,-9.493770,-17.619415,-11.803340,-7.164375,-14.544968,-9.779120,-5.446825,-10.942743,-10.137365,-4.474043,-8.026471,-10.911570,-4.200539,-6.147904,-10.269869,-4.667834,-5.625379,-9.406891,-6.099084,-6.997894,-10.042748,-8.683867,-11.794300,-13.634642,-11.179827,-19.997484,-30.448101,-10.267729,-9.644732,-14.852448,-8.325146,-5.810965,-8.737902,-7.505280,-5.216568,-6.581817,-7.432652,-7.037637,-6.809282,-6.971360,-9.647426,-9.505466,-5.875371,-7.524051,-15.692712,-5.244704,-4.391835,-14.858404,-6.009624,-3.045063,-9.263954,-8.897914,-3.345779,-6.695837,-15.463767,-4.747475,-5.644088,-30.185549,-5.540740,-5.063409,-24.582388,-4.384217,-4.222478,-29.062643,-3.052541,-3.109886,-12.460043,-2.661331,-2.189919,-5.982718,-3.156015,-1.777512,-2.596171,-4.136320,-1.902783,-1.008941,-5.285936,-2.362569,-0.663128,-6.462322,-2.780943,-1.003334,-6.853633,-2.814109,-1.165670,-5.391487,-2.416163,-0.579935,-3.257240,-1.803591,0.259275,-1.786316,-1.228633,0.696895,-1.314429,-0.850372,0.501399,-1.737319,-0.699615,-0.313795,-2.512202,-0.695144,-1.550919,-2.569864
[0;32mI (18040) ANALISIS_ESPECTRO: Frame exportado | t=17.36 s | pico=296.9 Hz | 14.8 dB[0m
SPECTRUM_FRAME,18.386488,296.875000,15.864420,hann,512,-8.100264,-8.669978,10.032724,18.219513,14.421785,6.508668,15.779451,14.314681,3.986192,12.364481,13.207141,3.202648,10.029119,13.232027,4.496428,9.043741,14.833315,8.035589,7.376902,15.864420,11.562883,4.814597,15.555265,13.885254,3.065146,13.909111,14.859361,3.662838,11.089165,14.544315,5.078735,7.429429,13.109215,5.643693,3.451303,11.181135,5.342536,-0.599980,9.884733,6.484730,-4.745068,9.059335,9.143097,-5.192943,7.409991,10.662430,-0.405261,4.304432,10.190449,2.556531,-0.119696,7.524650,2.546415,-5.018177,3.067410,-0.135403,-10.102768,0.868117,0.602917,-22.405741,1.166206,4.148098,-12.464837,-0.085890,5.018782,-6.224042,-2.332400,2.977232,-5.911283,-3.007255,-2.425443,-12.258522,-2.282588,-7.034412,-10.012249,-1.955957,-2.681507,-2.065279,-2.089886,-0.905621,1.495638,-1.797710,-1.565323,3.153461,-0.561590,-4.108847,3.090734,0.781245,-7.569708,0.707434,0.991246,-9.043492,-5.893948,-0.573071,-6.779325,-10.894748,-2.172208,-3.425304,-2.794795,0.122695,-0.524995,-0.373419,2.492626,1.648768,-0.715665,3.128612,2.962487,-3.228281,2.180537,3.555659,-7.158725,-0.338786,3.876861,-8.884401,-4.743566,4.027830,-5.311807,-10.848074,3.489969,-1.238486,-14.459631,1.747904,0.720055,-12.396541,-1.452460,0.313478,-10.946562,-6.387653,-1.707641,-15.752542,-14.176348,-1.661362,-8.526406,-13.014394,0.573347,-0.860936,-6.052975,1.795730,2.433172,-2.427662,1.780263,3.299072,-1.130764,0.839999,2.700951,-1.795208,-1.057394,1.637944,-3.055973,-4.184218,0.728656,-2.089078,-7.311527,-0.399308,-0.492186,-6.525655,-2.210013,-0.272203,-5.120647,-4.662121,-1.453271,-5.395446,-7.447114,-3.335135,-6.342400,-9.641781,-4.764770,-5.952806,-8.742655,-5.404964,-4.819579,-6.252337,-6.338435,-4.231869,-4.236911,-8.644691,-4.110820,-2.258302,-9.871923,-3.999904,-0.356255,-4.859762,-3.915345,0.629423,-1.145533,-4.143814,0.207776,-0.408978,-4.751361,-1.696666,-3.636313,-6.580948,-4.837952,-22.724207,-11.219753,-8.347744,-3.994811,-5.011497,-10.345563,0.450588,1.112965,-9.519658,0.467686,3.678437,-7.460852,-3.129184,3.560493,-6.284084,-12.657958,0.610033,-7.191237,-11.500354,-7.288412,-10.455608,-6.874780,-15.750061,-8.539965,-5.534799,-6.005369,-3.363805,-4.125968,-4.421153,-0.393298,-2.236908,-4.774206,0.724306,-0.798122,-4.638013,-0.007687,-0.384182,-3.618541,-3.301916,-1.455717,-3.336712,-12.470907,-4.981490,-4.650593,-15.266870,-15.503633,-7.062732,-7.666933,-13.264893,-7.133172,-6.550283,-6.733092,-4.678437,-7.280913,-5.971438,-3.226376,-7.863061,-8.421038,-3.741299,-7.784256,-15.131184,-6.773343,-7.953424,-20.626221,-13.295278,-8.231150,-10.747413,-14.772205,-7.418015,-6.770051,-10.616679,-6.845043,-5.054309,-9.248494,-8.401897,-4.984014,-9.243728,-12.567863,-6.334488,-9.757974,-15.808992,-7.405697,-10.332040,-16.996368,-6.812484,-9.750742,-21.466291,-7.517431,-7.691425,-22.500805,-11.135405,-6.534421,-23.270844,-11.906765,-7.726627,-15.713655,-9.994776,-12.081014,-10.062477,-13.179129,-20.625294,-7.765731,-21.775846,-27.553101,-6.566724,-11.303487,-16.739302,-5.068241,-8.663239,-10.953139,-3.903622,-8.660593,-8.978089,-3.615328,-8.016717,-9.027152,-3.805405,-6.402040,-9.332313,-4.005676,-5.280890,-9.894957,-4.609100,-5.402761,-11.623232,-6.725033,-7.596754,-13.088871,-12.343406,-13.051944,-12.678415,-21.731606,-12.695727,-11.014956,-12.482965,-7.245025,-8.535527,-10.138558,-5.000221,-6.579371,-10.425967,-5.054565,-5.646966,-10.931423,-7.121391,-6.042662,-10.539459,-11.173063,-8.704511,-10.742119,-17.134811,-14.410084,-14.743520,-27.156086,-12.110703,-19.816511,-24.497932,-8.533731,-8.946836,-13.025646,-7.758867,-5.571511,-7.300365,-7.743132,-5.596213,-4.562726,-7.370855,-7.057813,-4.330809,-7.019987,-7.710156,-6.364326,-7.314367,-8.991392,-9.550671,-9.264305,-13.402295,-11.060152,-14.861910,-14.948681,-10.292143,-16.129929,-10.746010,-8.037662,-8.494596,-8.764311,-6.750282,-4.844081,-7.085159,-7.853246,-3.661956,-5.115088,-11.829712,-4.897507,-3.951432,-19.271004,-9.447247,-4.689016,-31.387594,-18.650743,-9.033754,-39.966049,-14.722328,-25.624561,-20.339354,-13.154991,-9.576302,-11.040327,-15.031004,-6.105597,-6.139132,-16.920332,-6.659703,-4.259957,-16.617714,-9.836067,-4.943717,-16.831337,-14.329029,-7.979055,-22.313950,-18.195942,-12.439240,-24.017235,-22.124935,-16.127880,-14.145239,-19.031916,-20.071407,-11.886160,-14.244244,-21.848242,-12.865200,-12.588799,-20.034445,-14.901213,-13.868671,-17.868454,-16.270817,-17.880577,-15.255983,-15.667635,-18.727682,-13.919171,-12.397064,-14.283267,-13.658979,-10.197810,-11.684422,-13.257886,-9.672342,-11.459399,-12.591676,-10.488646,-12.407354,-13.299636,-13.464592,-11.468313,-18.494753,-22.275045,-11.142572,-27.253487,-21.066778,-16.238956,-15.138083,-15.843457,-21.559746,-14.834778,-15.331724,-10.039824,-19.036455,-15.523989,-7.516016,-10.301753,-15.595554,-8.465766,-5.965882,-12.576732,-11.671300,-5.267457,-8.297088,-15.186964,-7.382645,-6.427240,-16.052652,-12.138225,-7.409487,-15.548010,-16.432537,-12.022992,-18.013041,-14.360590,-20.770088,-34.564651,-12.237824,-13.012743,-14.596270,-11.357188,-8.863447,-8.712429,-11.210279,-7.281363,-5.775171,-11.328968,-7.291605,-4.216049,-11.563748,-8.517996,-3.798976,-11.693663,-10.542246,-4.664238,-12.045436,-12.986881,-7.019413,-13.651932,-15.487185,-11.062795,-14.951160
[0;32mI (19060) ANALISIS_ESPECTRO: Frame exportado | t=18.39 s | pico=296.9 Hz | 15.9 dB[0m
SPECTRUM_FRAME,19.408845,296.875000,15.627459,hann,512,-9.775817,-15.679163,8.825977,17.563835,13.882254,4.908514,14.759059,13.754160,2.499564,10.908842,12.344257,2.682657,9.076399,12.431569,4.829176,8.746195,14.469209,8.344980,7.316490,15.627459,11.656785,4.984993,15.226951,13.782475,3.468716,13.410690,14.579000,4.202475,10.528402,14.129258,6.010587,7.315218,12.616626,7.208179,4.691003,10.718373,7.443268,2.646694,9.802246,7.923059,0.930352,9.656362,9.724988,0.520504,8.647268,11.254340,2.295578,5.930748,11.106182,4.403371,1.367483,8.600614,4.834641,-3.672474,3.287899,2.775539,-5.333341,1.603234,1.671753,-3.809091,4.163895,5.559336,-0.960921,3.800879,7.470543,1.649535,0.856257,6.242658,2.404866,-3.880927,0.903389,-0.361935,-9.935993,-23.723660,-14.637796,-13.949715,-4.150408,-1.579888,-6.893532,-2.176715,3.335183,-2.367846,-4.202766,4.019303,-0.346816,-7.415452,2.461174,0.167341,-9.963392,0.041392,0.504697,-8.182664,-1.966146,1.087155,-3.801666,-3.781888,1.240099,-1.584170,-5.738456,1.281697,-1.199309,-7.333937,1.735056,-0.076384,-9.211601,1.750112,2.463361,-10.422989,0.522657,3.991506,-6.177805,-1.879921,3.826216,-2.615350,-4.433591,2.673894,-1.027987,-5.844730,2.267649,0.254992,-6.028572,2.520627,2.345529,-5.224624,1.524647,3.872211,-3.877091,-1.890740,3.529112,-2.915750,-8.363276,0.426403,-3.722796,-11.791418,-5.905507,-7.579212,-12.900208,-3.991180,-4.819742,-18.480602,-1.216465,0.853265,-6.404952,-1.684431,3.110008,-0.917007,-2.804582,2.811896,1.310718,-1.785093,0.362083,1.215558,-0.736289,-3.994356,-1.056555,-1.487999,-9.731463,-5.504145,-4.914197,-17.141191,-9.073016,-12.519194,-21.130774,-6.986194,-7.983037,-10.450279,-5.049261,-2.682191,-4.877601,-4.100146,-0.283830,-1.337486,-3.564603,0.809829,0.981000,-3.130213,1.114006,2.372366,-2.382517,0.324214,2.855610,-1.482670,-2.295419,2.094245,-1.415278,-7.752815,-0.539496,-3.030464,-18.846874,-4.542498,-5.121202,-16.751526,-3.377282,-1.559858,-6.426749,-0.904083,2.453956,-0.985904,-0.352961,4.231940,1.850238,-0.550886,3.963193,2.741805,-0.828095,1.817443,1.899777,-2.099988,-2.070760,-0.454340,-5.378380,-7.317453,-2.762333,-7.506127,-11.081666,-2.572930,-3.532245,-7.932681,-1.772439,-0.738426,-4.211735,-1.710239,0.136049,-1.984585,-1.929942,-0.207481,-1.059967,-1.824952,-0.945295,-1.313163,-1.444428,-1.559936,-2.670107,-1.427132,-2.426471,-4.831980,-2.605400,-4.134003,-6.856217,-6.179780,-6.837439,-7.657375,-12.424741,-10.802980,-7.611668,-6.477435,-13.754950,-7.704649,-2.304798,-7.250748,-8.304330,-1.355909,-2.786166,-8.429131,-2.856256,-1.203112,-6.712952,-6.566553,-2.206497,-4.707123,-11.302235,-6.286213,-4.072332,-12.312151,-14.919954,-5.449768,-8.811405,-16.704416,-8.991858,-5.911562,-16.901627,-11.781531,-5.318307,-17.810352,-10.994881,-7.238843,-13.719292,-11.481466,-11.592323,-13.883204,-13.583687,-16.048151,-14.515772,-14.200443,-17.161304,-10.179152,-11.019688,-19.342291,-7.666036,-7.714855,-22.662516,-7.490740,-6.068466,-19.325823,-8.804616,-6.056830,-15.992140,-10.452576,-7.294847,-14.434460,-11.012155,-9.283061,-13.801111,-10.377188,-11.381110,-14.146357,-9.754493,-12.851692,-15.091747,-10.266286,-13.544470,-14.453978,-12.899671,-14.418116,-12.645864,-17.737995,-17.098694,-12.015722,-14.485541,-26.804514,-13.326433,-10.420561,-20.946835,-15.803384,-9.819010,-12.602848,-15.936995,-12.997484,-9.873952,-13.800426,-23.740353,-10.648088,-11.659468,-21.337301,-12.996824,-10.982333,-18.042109,-10.101834,-12.079644,-18.984297,-7.395527,-10.690913,-17.763325,-7.197671,-7.409615,-13.434847,-8.565302,-6.259795,-9.502515,-9.979252,-7.457960,-7.947684,-10.438247,-10.618027,-9.425475,-11.029755,-15.275410,-15.955194,-14.235567,-21.168785,-23.765514,-21.522099,-18.474899,-11.274091,-12.300960,-11.713388,-6.978859,-7.375240,-7.968948,-4.694758,-5.083061,-6.549534,-3.826223,-4.053979,-6.893676,-4.634267,-4.079063,-8.435215,-7.481514,-5.820608,-10.741861,-11.070156,-11.311796,-14.381571,-11.071241,-17.094849,-19.595581,-10.539654,-8.663482,-11.267976,-9.966829,-6.634793,-5.740818,-7.711518,-7.261285,-3.580823,-5.438279,-7.155603,-3.645853,-4.393266,-6.239906,-4.535899,-5.273395,-7.047681,-4.893538,-9.000431,-10.055735,-5.827999,-15.558607,-10.230703,-8.145442,-12.870770,-6.088048,-7.635512,-9.023222,-3.706132,-4.713703,-5.897512,-3.376017,-3.659083,-3.717703,-4.448236,-5.012084,-3.330913,-5.687613,-8.852232,-4.973310,-6.464152,-11.260396,-7.578512,-7.818686,-8.421103,-7.059730,-9.933728,-6.936446,-5.158117,-10.408412,-6.928075,-4.419705,-8.489140,-7.119558,-4.334066,-5.771237,-6.383224,-4.399082,-3.380908,-4.570737,-4.964161,-2.383179,-2.885593,-6.162425,-3.461051,-2.641895,-7.282704,-7.614694,-4.948039,-8.741640,-17.306238,-12.185453,-14.123836,-11.349082,-10.817591,-15.403616,-7.428180,-4.587950,-5.965885,-6.070498,-2.711419,-2.635575,-4.593288,-3.124465,-2.254822,-3.466909,-4.769327,-4.093885,-4.220801,-6.557664,-8.014633,-8.048087,-9.276405,-14.452944,-19.246675,-17.251413,-25.173168,-17.571991,-12.177765,-13.484226,-10.766592,-6.115623,-6.844008,-7.759097,-4.318733,-3.775939,-5.881677,-4.652749,-3.386755,-5.337608,-6.401616,-5.627383,-6.901576,-10.335752,-10.391644,-13.009686,-23.641127,-11.597242,-20.635754,-14.592804,-8.116896,-8.668519,-8.551401,-6.006984,-5.826290
[0;32mI (20080) ANALISIS_ESPECTRO: Frame exportado | t=19.41 s | pico=296.9 Hz | 15.6 dB[0m
SPECTRUM_FRAME,20.431210,343.750000,15.610953,hann,512,-11.704723,-9.327856,9.295967,17.477854,13.937015,5.380358,15.356531,14.164661,2.333438,12.336531,13.475021,2.048683,9.857163,13.286156,3.957784,8.662848,14.367239,7.513984,7.508859,15.437920,11.121792,5.875998,15.610953,13.719427,4.765508,14.685773,15.097880,5.587240,12.587317,15.236511,7.275180,9.225828,14.129123,8.297832,4.657701,12.003164,8.376302,-0.183880,10.009809,8.452094,-2.343291,9.429644,9.743367,-0.268162,9.098310,11.263236,3.170209,7.837163,11.753428,5.838196,5.676640,10.977359,7.240549,3.319200,9.257823,7.561975,1.677720,7.166404,7.356406,0.984243,4.906175,7.002049,0.832532,2.201178,6.189572,1.100926,-0.538592,4.661224,1.522430,-1.741129,3.135388,1.703667,-1.249528,2.372339,1.748967,-0.543412,1.451179,1.792060,-0.468146,-0.471963,1.707821,-0.820330,-3.071341,1.592441,-0.580117,-5.057640,1.286216,0.332918,-5.504946,-0.006260,0.583510,-5.225414,-2.823442,-0.621947,-5.336411,-5.704076,-1.507703,-5.757030,-5.734076,0.883328,-4.140023,-5.285457,2.940581,-0.669417,-5.377969,2.893618,1.824251,-5.389541,0.610308,2.684931,-5.245241,-3.685148,2.279065,-5.026258,-7.664031,1.555282,-4.836862,-8.967811,1.133099,-4.475160,-10.546968,0.386967,-3.524731,-12.088037,-0.990851,-2.091131,-11.130651,-2.204219,-0.375535,-7.846061,-3.304895,1.125147,-4.688544,-5.884896,1.585620,-2.609942,-11.089606,0.340602,-1.720477,-13.778614,-3.225079,-2.110453,-12.187405,-9.529190,-3.724638,-14.350337,-12.239691,-5.701770,-22.344124,-11.695852,-7.046808,-15.308751,-15.217056,-9.251512,-9.996197,-26.512011,-13.608419,-7.981196,-22.047596,-13.960695,-7.266400,-14.375063,-13.315501,-6.476770,-10.622946,-18.858246,-5.556457,-8.805013,-16.102531,-4.701410,-7.972007,-10.084045,-3.500171,-7.409267,-8.875611,-2.449254,-6.811637,-10.049732,-2.317647,-6.076715,-10.365490,-2.865255,-4.950610,-8.018126,-3.185182,-3.448920,-5.512985,-3.421807,-2.521538,-3.771014,-4.540398,-3.082407,-2.938551,-6.871934,-4.344034,-2.712167,-9.797356,-2.625018,-1.428833,-10.889021,0.058269,1.359576,-8.010084,1.141286,3.576499,-3.952962,0.723626,4.295770,-0.752311,-0.464413,3.478309,1.136548,-1.516111,1.398357,1.728185,-1.937838,-1.562479,1.175793,-2.044997,-5.784302,-0.378743,-2.736315,-13.624666,-2.266459,-4.848405,-14.781270,-1.665386,-6.584068,-9.981348,0.785088,-2.664801,-8.347830,2.035268,1.115910,-5.657022,1.513969,2.744349,-2.442940,-0.505245,2.300304,-0.474641,-3.036960,-0.312212,-0.170439,-4.503031,-5.564137,-1.680228,-4.954573,-14.391952,-5.047440,-5.727737,-20.690853,-9.007350,-7.687886,-19.412186,-9.827271,-10.212493,-17.100548,-8.242029,-9.568978,-12.810999,-6.086423,-6.893929,-8.897353,-4.417193,-4.859659,-6.643689,-3.814797,-3.783385,-5.973783,-4.507194,-3.747289,-6.350782,-6.735110,-4.909434,-7.119576,-10.292921,-7.481269,-7.706241,-13.066460,-10.663805,-7.802393,-14.308598,-11.416981,-7.521647,-14.217668,-12.350212,-7.570568,-11.595577,-17.695787,-9.534315,-10.357876,-16.312130,-18.125217,-12.739707,-11.710421,-14.729778,-18.430090,-12.568327,-7.082796,-8.672625,-18.042341,-5.164460,-3.602665,-10.620223,-6.140327,-1.861804,-5.110323,-8.665043,-2.560164,-2.801799,-9.586311,-5.503407,-2.774195,-8.172148,-10.888914,-4.982774,-7.560057,-19.207813,-10.285452,-9.640327,-14.321259,-27.429314,-19.075329,-10.337946,-11.848496,-14.904933,-10.853091,-6.598111,-7.443898,-13.286661,-5.638041,-5.121440,-9.121108,-8.278309,-5.399099,-5.805105,-10.707875,-8.010453,-5.134869,-6.118856,-9.822312,-6.062198,-4.011100,-6.539663,-6.977795,-4.930166,-4.879746,-6.897508,-8.782983,-6.248816,-7.089892,-16.342850,-10.811063,-8.664246,-17.760601,-13.154949,-11.238707,-13.075886,-9.025814,-12.694884,-10.150145,-6.426141,-11.086418,-7.572874,-5.204024,-7.111760,-5.268910,-5.113251,-4.232509,-3.365914,-6.004863,-3.630752,-2.178250,-7.602564,-5.602043,-2.261819,-9.716469,-10.439930,-4.150851,-12.141308,-12.698760,-7.696189,-13.512735,-9.235605,-8.904275,-11.566812,-7.616304,-7.669017,-8.802727,-7.463321,-8.712650,-7.524386,-7.963183,-13.287706,-7.555728,-8.274559,-13.852720,-6.626779,-7.724753,-8.205639,-3.941178,-6.478381,-5.471626,-1.861405,-5.249095,-4.724854,-1.333292,-4.780098,-5.265246,-2.550424,-5.711327,-6.594579,-5.766699,-8.720325,-8.227225,-11.412038,-13.467799,-9.522462,-15.354061,-11.540504,-9.941240,-10.981539,-7.342227,-9.722260,-7.699401,-4.168008,-8.859770,-6.173635,-1.829749,-6.740356,-6.067258,-0.880630,-4.458859,-7.042420,-1.830144,-3.690155,-8.719063,-5.306437,-5.714009,-10.792343,-13.349575,-14.621067,-14.108930,-20.222044,-12.903886,-24.727774,-12.572369,-5.209368,-15.988713,-11.468029,-3.459291,-9.868447,-13.661251,-4.312076,-8.868340,-19.993723,-6.678919,-11.410433,-34.701553,-10.088972,-14.136163,-33.493313,-15.883730,-12.333122,-19.473602,-34.007915,-12.875701,-13.644887,-19.854404,-15.707333,-12.827595,-15.872869,-13.340732,-17.400303,-15.105556,-11.413140,-20.947239,-16.477341,-13.073859,-13.702965,-18.643667,-19.430187,-12.775566,-19.093342,-25.107872,-16.959364,-23.769724,-20.621593,-31.742889,-23.207565,-24.784073,-18.123451,-13.342687,-20.774864,-14.487946,-10.564779,-13.211349,-13.841325,-11.564161,-11.277814,-14.476707,-15.642244,-14.188428,-15.994264,-17.575035,-32.428825,-19.830034,-16.835587,-14.704464,-39.634113,-20.821167
[0;32mI (21110) ANALISIS_ESPECTRO: Frame exportado | t=20.43 s | pico=343.8 Hz | 15.6 dB[0m
SPECTRUM_FRAME,21.453566,4000.000000,-40.247482,hann,512,-31.581114,-28.001890,-40.257759,-40.252453,-40.255585,-40.261635,-40.269501,-40.278748,-40.289185,-40.300747,-40.313385,-40.327171,-40.342159,-40.358437,-40.376053,-40.395058,-40.415493,-40.437351,-40.460632,-40.485291,-40.511330,-40.538727,-40.567478,-40.597607,-40.629116,-40.662056,-40.696426,-40.732277,-40.769608,-40.808418,-40.848740,-40.890564,-40.933884,-40.978722,-41.025085,-41.072990,-41.122482,-41.173561,-41.226269,-41.280624,-41.336636,-41.394344,-41.453743,-41.514862,-41.577721,-41.642345,-41.708759,-41.776981,-41.847069,-41.919044,-41.992954,-42.068802,-42.146645,-42.226505,-42.308430,-42.392445,-42.478569,-42.566872,-42.657391,-42.750183,-42.845299,-42.942780,-43.042694,-43.145100,-43.250023,-43.357559,-43.467747,-43.580650,-43.696362,-43.814945,-43.936478,-44.061066,-44.188774,-44.319717,-44.453964,-44.591640,-44.732849,-44.877697,-45.026314,-45.178799,-45.335331,-45.496040,-45.661102,-45.830654,-46.004890,-46.184006,-46.368195,-46.557671,-46.752647,-46.953407,-47.160187,-47.373306,-47.593044,-47.819752,-48.053825,-48.295647,-48.545628,-48.804264,-49.072067,-49.349590,-49.637474,-49.936375,-50.247086,-50.570442,-50.907364,-51.258930,-51.626301,-52.010822,-52.413963,-52.837452,-53.283203,-53.753437,-54.250725,-54.778023,-55.338802,-55.937073,-56.577549,-57.265774,-58.008209,-58.812294,-59.686398,-60.639458,-61.679581,-62.810383,-64.022873,-65.276245,-66.463066,-67.370827,-67.721313,-67.370972,-66.463181,-65.276321,-64.022873,-62.810333,-61.679516,-60.639389,-59.686363,-58.812294,-58.008236,-57.265816,-56.577587,-55.937099,-55.338814,-54.778015,-54.250702,-53.753410,-53.283180,-52.837440,-52.413963,-52.010841,-51.626324,-51.258957,-50.907379,-50.570442,-50.247078,-49.936363,-49.637451,-49.349571,-49.072056,-48.804264,-48.545643,-48.295666,-48.053848,-47.819767,-47.593056,-47.373299,-47.160172,-46.953388,-46.752628,-46.557659,-46.368195,-46.184013,-46.004906,-45.830673,-45.661118,-45.496044,-45.335327,-45.178791,-45.026291,-44.877682,-44.732838,-44.591637,-44.453972,-44.319733,-44.188797,-44.061081,-43.936485,-43.814945,-43.696350,-43.580635,-43.467728,-43.357540,-43.250015,-43.145103,-43.042713,-42.942802,-42.845314,-42.750191,-42.657387,-42.566856,-42.478546,-42.392422,-42.308411,-42.226501,-42.146648,-42.068825,-41.992981,-41.919067,-41.847080,-41.776981,-41.708740,-41.642319,-41.577686,-41.514839,-41.453735,-41.394356,-41.336666,-41.280663,-41.226307,-41.173588,-41.122482,-41.072964,-41.025040,-40.978664,-40.933838,-40.890545,-40.848763,-40.808468,-40.769684,-40.732349,-40.696480,-40.662060,-40.629066,-40.597511,-40.567360,-40.538620,-40.511280,-40.485325,-40.460754,-40.437542,-40.415695,-40.395210,-40.376076,-40.358284,-40.341827,-40.326710,-40.312927,-40.300480,-40.289330,-40.279510,-40.271011,-40.263817,-40.257942,-40.253365,-40.250095,-40.248131,-40.247482,-40.248131,-40.250095,-40.253365,-40.257942,-40.263817,-40.271011,-40.279510,-40.289330,-40.300480,-40.312927,-40.326710,-40.341831,-40.358292,-40.376083,-40.395210,-40.415695,-40.437542,-40.460754,-40.485325,-40.511280,-40.538620,-40.567360,-40.597511,-40.629066,-40.662060,-40.696480,-40.732353,-40.769676,-40.808468,-40.848755,-40.890545,-40.933838,-40.978664,-41.025040,-41.072964,-41.122482,-41.173592,-41.226307,-41.280663,-41.336666,-41.394356,-41.453735,-41.514839,-41.577686,-41.642319,-41.708748,-41.776981,-41.847080,-41.919075,-41.992981,-42.068821,-42.146648,-42.226501,-42.308411,-42.392422,-42.478546,-42.566856,-42.657387,-42.750191,-42.845314,-42.942802,-43.042709,-43.145100,-43.250015,-43.357540,-43.467728,-43.580635,-43.696350,-43.814945,-43.936485,-44.061081,-44.188797,-44.319729,-44.453972,-44.591637,-44.732838,-44.877682,-45.026299,-45.178791,-45.335327,-45.496048,-45.661118,-45.830669,-46.004906,-46.184010,-46.368187,-46.557663,-46.752628,-46.953392,-47.160179,-47.373306,-47.593056,-47.819767,-48.053848,-48.295654,-48.545631,-48.804264,-49.072056,-49.349575,-49.637455,-49.936367,-50.247086,-50.570446,-50.907379,-51.258949,-51.626316,-52.010834,-52.413960,-52.837440,-53.283188,-53.753418,-54.250717,-54.778027,-55.338818,-55.937096,-56.577576,-57.265797,-58.008217,-58.812286,-59.686371,-60.639412,-61.679550,-62.810371,-64.022896,-65.276306,-66.463127,-67.370895,-67.721268,-67.370842,-66.463127,-65.276299,-64.022896,-62.810371,-61.679550,-60.639416,-59.686371,-58.812279,-58.008213,-57.265793,-56.577572,-55.937088,-55.338818,-54.778027,-54.250717,-53.753418,-53.283188,-52.837440,-52.413960,-52.010834,-51.626316,-51.258945,-50.907379,-50.570446,-50.247086,-49.936367,-49.637459,-49.349575,-49.072056,-48.804264,-48.545631,-48.295654,-48.053848,-47.819767,-47.593056,-47.373306,-47.160179,-46.953388,-46.752632,-46.557659,-46.368187,-46.184010,-46.004906,-45.830669,-45.661118,-45.496048,-45.335327,-45.178791,-45.026299,-44.877682,-44.732838,-44.591637,-44.453972,-44.319729,-44.188789,-44.061081,-43.936485,-43.814945,-43.696350,-43.580635,-43.467728,-43.357540,-43.250023,-43.145100,-43.042709,-42.942802,-42.845314,-42.750191,-42.657391,-42.566856,-42.478546,-42.392422,-42.308411,-42.226501,-42.146648,-42.068821,-41.992981,-41.919067,-41.847080,-41.776981,-41.708748,-41.642319,-41.577686,-41.514839,-41.453735,-41.394356,-41.336666,-41.280663,-41.226307,-41.173588,-41.122482,-41.072964,-41.025040,-40.978664,-40.933838,-40.890545,-40.848763,-40.808468,-40.769684,-40.732349,-40.696480,-40.662060,-40.629066,-40.597511,-40.567360,-40.538620,-40.511280,-40.485325,-40.460754,-40.437538,-40.415695,-40.395210,-40.376076,-40.358284,-40.341831,-40.326710,-40.312927,-40.300480,-40.289326,-40.279510,-40.271011,-40.263817,-40.257942,-40.253365,-40.250095,-40.248131
[0;32mI (22170) ANALISIS_ESPECTRO: Frame exportado | t=21.45 s | pico=4000.0 Hz | -40.2 dB[0m
SPECTRUM_FRAME,22.475970,78.125000,-120.000000,hann,512,-120.000000,-120.000000,-120.000000,-120.000000,-120.000000,-120.000000,-120.000000,-120.000000,-120.000000,-120.000000,-120.000000,-120.000000,-120.000000,-120.000000,-120.000000,-120.000000,-120.000000,-120.000000,-120.000000,-120.000000,-120.000000,-120.000000,-120.000000,-120.000000,-120.000000,-120.000000,-120.000000,-120.000000,-120.000000,-120.000000,-120.000000,-120.000000,-120.000000,-120.000000,-120.000000,-120.000000,-120.000000,-120.000000,-120.000000,-120.000000,-120.000000,-120.000000,-120.000000,-120.000000,-120.000000,-120.000000,-120.000000,-120.000000,-120.000000,-120.000000,-120.000000,-120.000000,-120.000000,-120.000000,-120.000000,-120.000000,-120.000000,-120.000000,-120.000000,-120.000000,-120.000000,-120.000000,-120.000000,-120.000000,-120.000000,-120.000000,-120.000000,-120.000000,-120.000000,-120.000000,-120.000000,-120.000000,-120.000000,-120.000000,-120.000000,-120.000000,-120.000000,-120.000000,-120.000000,-120.000000,-120.000000,-120.000000,-120.000000,-120.000000,-120.000000,-120.000000,-120.000000,-120.000000,-120.000000,-120.000000,-120.000000,-120.000000,-120.000000,-120.000000,-120.000000,-120.000000,-120.000000,-120.000000,-120.000000,-120.000000,-120.000000,-120.000000,-120.000000,-120.000000,-120.000000,-120.000000,-120.000000,-120.000000,-120.000000,-120.000000,-120.000000,-120.000000,-120.000000,-120.000000,-120.000000,-120.000000,-120.000000,-120.000000,-120.000000,-120.000000,-120.000000,-120.000000,-120.000000,-120.000000,-120.000000,-120.000000,-120.000000,-120.000000,-120.000000,-120.000000,-120.000000,-120.000000,-120.000000,-120.000000,-120.000000,-120.000000,-120.000000,-120.000000,-120.000000,-120.000000,-120.000000,-120.000000,-120.000000,-120.000000,-120.000000,-120.000000,-120.000000,-120.000000,-120.000000,-120.000000,-120.000000,-120.000000,-120.000000,-120.000000,-120.000000,-120.000000,-120.000000,-120.000000,-120.000000,-120.000000,-120.000000,-120.000000,-120.000000,-120.000000,-120.000000,-120.000000,-120.000000,-120.000000,-120.000000,-120.000000,-120.000000,-120.000000,-120.000000,-120.000000,-120.000000,-120.000000,-120.000000,-120.000000,-120.000000,-120.000000,-120.000000,-120.000000,-120.000000,-120.000000,-120.000000,-120.000000,-120.000000,-120.000000,-120.000000,-120.000000,-120.000000,-120.000000,-120.000000,-120.000000,-120.000000,-120.000000,-120.000000,-120.000000,-120.000000,-120.000000,-120.000000,-120.000000,-120.000000,-120.000000,-120.000000,-120.000000,-120.000000,-120.000000,-120.000000,-120.000000,-120.000000,-120.000000,-120.000000,-120.000000,-120.000000,-120.000000,-120.000000,-120.000000,-120.000000,-120.000000,-120.000000,-120.000000,-120.000000,-120.000000,-120.000000,-120.000000,-120.000000,-120.000000,-120.000000,-120.000000,-120.000000,-120.000000,-120.000000,-120.000000,-120.000000,-120.000000,-120.000000,-120.000000,-120.000000,-120.000000,-120.000000,-120.000000,-120.000000,-120.000000,-120.000000,-120.000000,-120.000000,-120.000000,-120.000000,-120.000000,-120.000000,-120.000000,-120.000000,-120.000000,-120.000000,-120.000000,-120.000000,-120.000000,-120.000000,-120.000000,-120.000000,-120.000000,-120.000000,-120.000000,-120.000000,-120.000000,-120.000000,-120.000000,-120.000000,-120.000000,-120.000000,-120.000000,-120.000000,-120.000000,-120.000000,-120.000000,-120.000000,-120.000000,-120.000000,-120.000000,-120.000000,-120.000000,-120.000000,-120.000000,-120.000000,-120.000000,-120.000000,-120.000000,-120.000000,-120.000000,-120.000000,-120.000000,-120.000000,-120.000000,-120.000000,-120.000000,-120.000000,-120.000000,-120.000000,-120.000000,-120.000000,-120.000000,-120.000000,-120.000000,-120.000000,-120.000000,-120.000000,-120.000000,-120.000000,-120.000000,-120.000000,-120.000000,-120.000000,-120.000000,-120.000000,-120.000000,-120.000000,-120.000000,-120.000000,-120.000000,-120.000000,-120.000000,-120.000000,-120.000000,-120.000000,-120.000000,-120.000000,-120.000000,-120.000000,-120.000000,-120.000000,-120.000000,-120.000000,-120.000000,-120.000000,-120.000000,-120.000000,-120.000000,-120.000000,-120.000000,-120.000000,-120.000000,-120.000000,-120.000000,-120.000000,-120.000000,-120.000000,-120.000000,-120.000000,-120.000000,-120.000000,-120.000000,-120.000000,-120.000000,-120.000000,-120.000000,-120.000000,-120.000000,-120.000000,-120.000000,-120.000000,-120.000000,-120.000000,-120.000000,-120.000000,-120.000000,-120.000000,-120.000000,-120.000000,-120.000000,-120.000000,-120.000000,-120.000000,-120.000000,-120.000000,-120.000000,-120.000000,-120.000000,-120.000000,-120.000000,-120.000000,-120.000000,-120.000000,-120.000000,-120.000000,-120.000000,-120.000000,-120.000000,-120.000000,-120.000000,-120.000000,-120.000000,-120.000000,-120.000000,-120.000000,-120.000000,-120.000000,-120.000000,-120.000000,-120.000000,-120.000000,-120.000000,-120.000000,-120.000000,-120.000000,-120.000000,-120.000000,-120.000000,-120.000000,-120.000000,-120.000000,-120.000000,-120.000000,-120.000000,-120.000000,-120.000000,-120.000000,-120.000000,-120.000000,-120.000000,-120.000000,-120.000000,-120.000000,-120.000000,-120.000000,-120.000000,-120.000000,-120.000000,-120.000000,-120.000000,-120.000000,-120.000000,-120.000000,-120.000000,-120.000000,-120.000000,-120.000000,-120.000000,-120.000000,-120.000000,-120.000000,-120.000000,-120.000000,-120.000000,-120.000000,-120.000000,-120.000000,-120.000000,-120.000000,-120.000000,-120.000000,-120.000000,-120.000000,-120.000000,-120.000000,-120.000000,-120.000000,-120.000000,-120.000000,-120.000000,-120.000000,-120.000000,-120.000000,-120.000000,-120.000000,-120.000000,-120.000000,-120.000000,-120.000000,-120.000000,-120.000000,-120.000000,-120.000000,-120.000000,-120.000000,-120.000000,-120.000000,-120.000000,-120.000000,-120.000000,-120.000000,-120.000000,-120.000000,-120.000000,-120.000000,-120.000000,-120.000000,-120.000000,-120.000000,-120.000000,-120.000000,-120.000000,-120.000000,-120.000000,-120.000000,-120.000000,-120.000000,-120.000000,-120.000000,-120.000000,-120.000000,-120.000000,-120.000000,-120.000000,-120.000000,-120.000000,-120.000000,-120.000000,-120.000000,-120.000000,-120.000000,-120.000000
[0;32mI (23230) ANALISIS_ESPECTRO: Frame exportado | t=22.48 s | pico=78.1 Hz | -120.0 dB[0m
SPECTRUM_FRAME,23.498292,93.750000,-6.565919,hann,512,-38.733356,-22.158360,-11.541424,-5.158284,-9.644606,-15.140949,-6.565919,-9.340471,-23.600561,-8.471866,-8.653374,-24.439814,-10.108339,-8.103450,-18.116463,-11.242890,-8.434357,-17.264267,-12.708669,-10.136143,-20.214428,-15.395679,-13.630304,-26.359224,-19.852081,-18.778690,-21.066284,-25.624743,-20.353853,-17.474905,-29.490793,-19.018404,-17.070892,-26.194389,-19.967993,-17.963490,-18.961721,-23.434952,-16.914700,-14.333997,-25.994354,-14.650107,-11.937271,-24.709938,-13.633297,-11.327132,-25.370575,-14.365764,-12.286880,-26.833666,-16.979845,-14.470261,-22.280525,-21.825933,-16.607433,-18.734671,-29.957464,-17.390726,-18.202505,-35.866074,-18.275269,-21.627823,-25.002577,-20.419233,-44.094563,-18.809889,-21.937859,-20.365372,-15.159863,-21.232183,-15.189791,-13.205839,-21.742537,-13.685527,-12.220284,-22.909269,-14.406481,-11.150396,-17.740225,-16.426399,-9.403338,-12.681471,-17.428547,-7.686639,-9.673489,-16.957491,-6.790471,-8.194464,-17.815779,-7.047789,-7.804050,-21.431124,-8.592862,-7.981385,-20.825483,-11.432610,-8.086977,-15.118323,-14.958408,-7.954159,-12.060877,-17.409212,-8.163355,-11.181804,-19.348804,-9.406520,-12.161775,-24.348133,-12.289137,-14.899836,-31.223274,-17.798578,-18.004726,-21.729460,-29.269888,-17.948191,-18.807808,-32.410656,-17.605129,-19.332048,-37.306496,-19.998625,-20.316027,-27.332882,-24.800030,-16.497532,-18.456556,-20.988062,-12.787480,-14.645432,-17.623655,-11.084647,-13.228723,-17.707155,-11.228130,-13.301373,-21.519396,-13.110770,-13.762145,-25.750273,-16.333601,-13.293757,-18.871145,-18.543209,-12.411984,-15.459204,-18.681782,-12.545151,-14.883846,-20.274668,-14.622359,-16.747101,-26.496775,-20.029541,-21.917631,-37.636841,-28.928562,-37.818352,-25.038345,-21.483662,-28.921213,-24.581505,-19.536625,-24.350798,-35.386082,-21.733076,-19.623459,-23.249666,-25.266764,-15.010241,-15.749813,-21.484715,-12.257167,-12.337284,-18.878996,-11.418582,-11.003263,-19.087561,-12.510429,-11.054495,-19.906782,-15.957525,-11.774509,-16.957073,-22.712227,-12.205948,-13.465815,-23.763866,-12.274023,-11.662416,-20.392788,-13.030705,-11.609998,-21.071053,-15.462848,-13.376175,-25.699978,-20.208210,-17.385777,-26.512125,-23.224319,-24.768288,-22.145395,-21.070049,-36.679569,-22.045120,-21.522629,-39.497540,-28.870667,-23.048466,-23.858273,-27.108952,-18.379219,-17.294447,-17.897362,-14.203210,-14.196082,-14.674587,-12.264597,-13.314195,-14.342341,-12.052936,-13.859921,-16.431007,-12.973097,-14.012291,-18.956362,-13.774028,-12.206818,-16.291365,-13.503073,-10.253036,-13.423628,-13.475496,-9.477102,-12.511101,-15.412228,-10.175233,-13.025970,-22.005005,-12.549238,-13.694231,-25.829056,-16.961330,-13.227829,-16.148586,-23.257372,-12.567166,-13.134098,-27.729763,-13.192284,-12.888366,-28.813124,-16.240780,-14.511928,-20.456331,-25.349102,-16.581898,-14.905304,-24.084763,-16.535049,-12.248191,-16.690371,-15.826910,-11.747193,-14.668825,-16.720047,-13.253969,-14.973917,-19.208225,-16.743670,-16.005117,-18.557240,-19.029436,-15.873666,-14.985900,-16.437014,-15.322796,-13.009747,-14.709777,-16.239222,-12.959699,-14.961720,-19.975750,-14.751259,-16.900360,-31.339645,-18.409105,-19.543751,-28.188553,-23.423237,-20.337082,-23.074457,-26.820124,-19.244972,-24.309563,-24.264839,-17.728403,-27.935104,-19.044916,-15.938093,-22.323929,-15.541872,-14.593230,-18.441036,-14.065313,-14.479451,-17.578089,-14.293680,-15.712370,-18.945024,-15.214167,-16.237204,-20.089588,-14.422720,-13.621672,-17.800316,-12.304327,-10.974901,-15.876149,-11.082506,-9.731709,-16.065716,-11.507885,-9.783183,-17.440741,-14.086130,-10.608573,-15.399796,-20.555290,-11.271662,-11.625299,-32.874714,-11.356524,-9.374469,-20.256329,-11.810327,-8.790394,-17.042631,-13.901320,-9.685205,-15.096363,-19.670355,-11.743250,-12.524371,-28.872105,-13.845033,-10.290977,-17.377693,-14.553704,-9.291076,-13.912725,-15.109386,-9.779860,-13.319063,-17.349964,-11.813512,-14.017698,-20.582600,-14.601650,-14.097766,-17.919201,-14.740372,-13.072515,-14.574129,-12.943991,-12.621160,-13.628182,-12.286191,-13.717058,-15.101691,-13.254285,-16.488993,-19.827206,-15.617821,-18.575932,-32.449196,-18.122066,-16.775194,-25.113848,-18.790573,-15.240440,-22.391666,-18.762165,-15.538792,-25.758175,-18.983360,-17.580656,-46.691406,-18.538612,-20.677402,-25.515961,-17.940643,-23.157982,-22.247086,-18.899874,-25.654156,-23.834946,-22.126711,-27.996080,-25.979450,-20.609871,-22.283707,-20.075409,-15.441912,-18.124485,-16.398857,-12.650167,-16.712023,-15.627650,-11.841921,-17.038584,-17.862120,-12.516356,-16.343605,-26.253584,-13.945372,-13.231359,-24.842903,-14.860063,-10.602768,-16.997772,-15.238029,-9.476556,-14.353437,-16.902533,-9.913596,-13.511726,-22.438503,-11.968996,-12.716159,-24.800041,-15.601686,-11.300171,-16.330374,-19.048147,-10.215729,-12.943397,-19.639469,-10.340790,-12.130119,-21.025717,-12.171816,-12.990619,-23.963215,-16.127588,-14.246269,-19.573473,-19.213305,-14.000211,-15.329708,-16.168106,-13.138238,-13.854600,-14.341537,-13.462714,-14.888669,-14.979095,-15.509172,-18.919271,-17.994459,-17.917995,-23.086327,-21.820930,-16.740149,-18.106880,-21.019966,-14.919686,-15.553389,-20.426788,-15.163229,-15.969777,-24.023403,-18.372879,-19.144381,-32.020870,-28.987663,-22.982868,-21.564510,-26.118652,-20.521753,-17.954557,-19.712826,-18.921461,-18.326309,-19.209297,-20.411367,-23.617918,-22.824060,-22.558304,-27.575691,-31.950300,-18.850760,-17.645361,-25.548861,-15.717543,-14.044519,-22.853792,-15.143978,-13.129227,-23.392992,-17.272783,-13.916967,-19.696415,-23.099005,-15.405650,-14.756477,-23.656578,-16.106350,-11.950123,-18.299278,-16.400682
[0;32mI (24210) ANALISIS_ESPECTRO: Frame exportado | t=23.50 s | pico=93.8 Hz | -6.6 dB[0m
SPECTRUM_FRAME,24.520654,93.750000,3.130313,hann,512,-20.785711,-9.818649,-1.997480,3.793298,0.908504,-3.548313,3.130313,1.899962,-4.677195,2.027892,2.481974,-4.967569,0.495041,2.618805,-4.427470,-1.450985,2.285680,-3.517229,-3.783524,1.459126,-2.698937,-6.471090,0.111865,-2.245867,-9.464873,-1.788608,-2.305378,-12.554046,-4.272943,-2.981932,-14.978943,-7.332125,-4.395846,-15.926416,-10.756331,-6.744630,-16.273849,-13.662805,-10.408625,-17.484072,-14.592525,-15.901280,-20.299374,-13.746438,-18.491318,-21.106346,-12.322716,-14.290911,-16.078106,-10.787610,-11.400328,-11.931686,-9.218801,-9.785920,-9.296199,-7.656867,-8.817578,-7.747378,-6.192007,-8.084366,-7.013063,-4.944797,-7.317544,-6.914001,-4.024473,-6.390026,-7.295449,-3.509867,-5.326109,-7.970625,-3.452933,-4.256995,-8.659725,-3.890082,-3.341784,-8.968925,-4.852331,-2.714166,-8.572510,-6.371582,-2.471818,-7.535454,-8.475360,-2.688880,-6.248588,-11.120899,-3.434948,-5.080809,-13.816050,-4.797432,-4.251336,-14.793758,-6.915824,-3.877176,-13.199973,-10.057421,-4.034560,-10.938834,-14.832178,-4.801035,-9.073788,-22.351370,-6.293204,-7.801839,-21.809906,-8.728652,-7.148813,-16.631195,-12.584005,-7.135395,-13.857925,-18.982059,-7.809771,-12.268013,-22.767895,-9.264404,-11.350267,-16.859606,-11.643894,-10.938367,-13.653162,-14.989410,-10.998755,-12.113317,-17.830126,-11.516703,-11.476534,-16.763191,-12.402723,-11.353980,-14.372357,-13.386211,-11.493219,-12.784363,-14.019132,-11.706286,-12.012396,-14.074578,-11.855577,-11.802531,-13.874225,-11.877153,-11.900787,-13.894506,-11.823086,-12.068991,-14.409055,-11.865272,-12.125025,-15.478211,-12.246302,-12.011443,-16.938026,-13.246404,-11.824656,-18.259127,-15.233392,-11.772112,-18.673882,-18.862326,-12.114625,-18.062937,-24.994528,-13.156736,-17.046009,-23.710781,-15.282452,-16.163347,-18.407047,-18.586176,-15.767052,-15.630487,-18.866272,-16.232037,-14.396271,-14.431723,-18.191683,-14.152647,-10.847866,-22.962418,-14.547071,-8.570648,-23.013830,-15.320172,-7.287805,-15.247912,-16.452208,-6.792176,-10.494831,-18.374002,-6.944402,-7.484776,-21.678207,-7.613193,-5.583683,-21.578548,-8.635027,-4.515309,-15.632507,-9.829741,-4.135422,-11.102558,-11.120369,-4.346797,-8.090807,-12.657957,-5.049713,-6.164054,-14.683781,-6.098822,-5.088435,-16.670135,-7.286765,-4.735485,-16.089417,-8.427812,-5.018780,-13.344080,-9.539083,-5.843472,-11.009768,-10.900524,-7.041394,-9.672143,-12.937944,-8.308831,-9.304070,-16.210443,-9.294926,-9.843054,-21.820023,-9.929531,-11.214932,-33.297546,-10.511913,-13.125528,-29.071728,-11.361115,-14.561731,-26.019218,-12.543314,-14.385339,-28.244745,-13.756905,-13.347216,-29.556606,-14.412058,-12.529222,-21.785059,-14.255222,-12.146046,-16.864790,-13.644411,-11.996417,-13.951157,-12.895637,-11.821392,-12.223475,-12.049316,-11.535858,-11.234418,-11.115456,-11.248274,-10.667457,-10.210989,-11.071878,-10.301714,-9.477015,-10.983809,-10.061268,-8.975914,-10.843000,-10.022972,-8.673266,-10.533850,-10.337548,-8.483452,-10.095859,-11.139852,-8.350441,-9.673205,-12.479366,-8.314516,-9.372890,-14.178114,-8.508843,-9.202478,-15.542549,-9.108949,-9.104680,-15.681574,-10.306551,-9.040274,-14.885503,-12.344963,-9.054753,-14.047058,-15.658255,-9.272905,-13.531168,-21.404421,-9.844035,-13.324142,-32.728607,-10.898513,-13.326122,-24.249416,-12.518874,-13.498634,-19.568405,-14.644723,-13.901930,-17.618662,-16.722980,-14.640664,-16.990250,-17.467596,-15.765230,-17.226940,-16.639866,-17.124125,-18.195868,-15.480474,-18.165337,-19.995831,-14.675714,-18.195938,-23.062382,-14.339094,-17.352501,-28.880350,-14.441406,-16.338652,-58.871922,-14.951202,-15.553389,-29.413376,-15.853085,-15.086465,-24.096867,-17.122515,-14.924744,-21.566431,-18.675091,-15.047005,-20.297258,-20.310324,-15.443326,-19.758116,-21.742170,-16.101112,-19.669815,-22.813700,-16.981140,-19.869211,-23.636070,-17.998215,-20.265837,-24.354763,-19.014196,-20.789492,-24.886005,-19.843769,-21.318150,-24.980694,-20.276108,-21.627972,-24.558771,-20.156710,-21.440756,-23.831219,-19.524473,-20.601009,-23.058443,-18.608902,-19.218801,-22.363773,-17.656139,-17.584167,-21.669331,-16.820011,-15.976995,-20.673990,-16.178970,-14.571920,-19.076593,-15.786551,-13.441174,-16.990887,-15.691305,-12.588198,-14.839106,-15.900503,-11.983184,-12.944061,-16.261509,-11.597012,-11.434535,-16.294308,-11.429985,-10.321851,-15.420382,-11.522876,-9.562790,-13.766643,-11.941905,-9.093395,-11.984655,-12.734104,-8.854479,-10.492451,-13.827634,-8.816853,-9.409097,-14.833049,-8.998720,-8.716526,-15.020657,-9.465269,-8.348160,-14.177353,-10.314142,-8.229582,-12.975045,-11.661789,-8.307796,-11.995375,-13.639540,-8.573629,-11.420116,-16.390312,-9.064606,-11.225731,-20.009851,-9.842716,-11.314760,-24.190060,-10.951304,-11.580457,-27.527924,-12.338790,-11.949750,-29.686869,-13.714494,-12.387662,-32.723377,-14.466654,-12.833393,-31.732159,-14.181574,-13.100883,-25.687267,-13.225124,-12.893452,-21.285658,-12.147011,-12.077922,-18.227694,-11.194050,-10.871754,-15.947191,-10.412723,-9.598974,-14.125981,-9.792661,-8.455828,-12.607706,-9.321466,-7.510362,-11.329454,-8.993567,-6.770142,-10.262596,-8.809841,-6.227571,-9.374451,-8.782329,-5.878456,-8.619666,-8.941717,-5.725581,-7.955642,-9.337817,-5.777763,-7.365396,-10.023832,-6.051432,-6.868530,-11.012063,-6.577701,-6.512468,-12.165424,-7.415876,-6.355105,-13.017199,-8.675270,-6.454138,-12.915267,-10.559641,-6.869324,-11.877516,-13.496555,-7.676423,-10.579454,-18.695360,-8.995220,-9.509366,-32.390076,-11.049996,-8.841820,-20.529476,-14.348553
[0;32mI (25220) ANALISIS_ESPECTRO: Frame exportado | t=24.52 s | pico=93.8 Hz | 3.1 dB[0m
SPECTRUM_FRAME,25.543012,93.750000,29.164732,hann,512,-1.972830,-7.800308,24.267378,33.263420,29.501188,18.256966,29.164732,27.945307,12.688970,22.047091,23.035166,10.676161,19.003096,22.018833,13.274101,18.951010,24.844406,18.203928,15.964420,24.352913,20.162628,11.676847,21.886461,20.255621,8.412819,19.922430,21.149776,8.479174,17.992405,21.826080,12.303343,13.804474,19.936224,13.582714,6.451615,14.932537,10.871133,4.234845,16.004646,14.384226,5.481268,19.200073,20.058235,8.689705,18.868326,22.050943,12.845263,14.869329,20.579298,13.907671,5.137400,13.953834,9.865839,3.357864,13.053854,9.835781,6.012294,18.538567,18.069403,6.675444,18.496346,20.461912,9.261448,14.468250,18.788158,9.897880,5.839195,13.436487,6.778440,0.735895,14.375376,11.212975,3.076028,16.621605,16.072123,2.839997,15.045483,17.117071,2.432680,10.372473,16.190327,5.432088,5.674456,16.254440,11.161526,6.043028,16.813105,14.847485,7.312864,15.614978,15.784880,7.862443,12.067583,13.915089,7.021289,5.639825,8.543146,3.822076,-7.517685,-1.855040,-0.511580,-2.246830,2.601819,1.998876,2.267972,5.330821,4.409122,2.789504,5.325333,5.009156,1.010850,3.582517,4.561766,-2.471661,-0.059284,3.493236,-7.376762,-5.444441,3.518870,-3.499599,-10.170774,5.327966,3.866826,-13.113847,6.242163,7.890599,-8.178418,5.337566,8.950864,-2.195939,3.166502,6.759809,-0.941523,-0.017637,-0.319676,-5.234146,-7.838088,0.041744,0.800302,-6.183687,5.083852,6.748153,1.859991,6.331375,8.612413,4.405932,5.635698,7.627926,4.329948,2.954782,4.104229,3.354297,-0.767064,0.346706,3.812678,2.841585,2.687274,5.144959,5.982662,5.034442,5.904379,6.176777,5.193467,5.768528,4.472964,3.162054,4.634926,3.991117,0.791760,3.109799,5.083689,3.081350,2.904533,4.700688,4.913116,3.286545,2.973813,3.415644,2.260768,2.194725,-0.104234,-0.497907,2.147842,2.709176,0.927928,2.099372,3.938885,4.210721,2.276434,0.772899,2.780393,0.846777,-1.085258,-14.286438,-5.679140,2.204957,5.553908,2.355866,3.128974,10.124417,9.388204,3.894641,10.212756,11.994866,5.420449,6.951140,11.219687,5.749636,1.128310,6.285687,2.970596,-1.659538,-2.090979,-3.549141,-2.533421,3.765119,3.225623,-2.983124,4.180170,5.975096,-1.115997,0.608809,3.898262,-1.577998,-2.823672,-1.454130,-7.075441,-3.971210,0.886435,-2.433430,-7.435369,1.664172,1.864605,-7.910025,-2.194835,0.775613,-5.549343,-6.274023,-3.952155,-8.792596,-4.024330,0.479532,-13.294387,-3.467708,3.049694,-1.108428,-5.689157,1.759942,1.925858,-19.478695,-3.194998,0.340755,-7.787009,-26.304623,-5.286257,-3.257136,-3.922389,-0.735796,-3.333600,1.158090,3.518749,-1.725085,1.797579,4.497947,0.315223,-0.196801,2.781747,-0.692500,-2.888809,-1.414463,-6.504520,-5.644483,-2.183363,-7.107713,-10.111080,0.195699,-0.343684,-7.362773,0.171213,2.042066,-3.103346,-2.126099,1.975573,-1.416582,-6.070885,-0.303056,-2.065632,-9.925815,-6.007933,-6.530581,-13.840942,-28.168909,-19.010319,-36.768654,-11.340546,-5.144770,-11.145323,-7.585741,-1.703329,-5.376824,-5.919248,-1.308968,-3.411137,-4.650728,-1.572098,-2.887803,-4.132922,-1.028789,-1.648220,-3.321661,-0.019635,0.374034,-0.753752,0.456057,1.660686,1.129918,0.035389,0.955058,0.732734,-1.991820,-3.429966,-3.049108,-8.451942,-19.864586,-19.345362,-7.777836,-4.802207,-6.889573,-1.675357,-0.896504,-3.226171,-1.072697,-1.312357,-6.356497,-4.607572,-7.236259,-32.527542,-10.489980,-11.033485,-5.544679,-5.247947,-3.073928,-1.936494,-2.653507,-2.752700,-2.758633,-3.875654,-7.359094,-8.746674,-9.274062,-21.523052,-9.582096,-14.352615,-15.136138,-4.269943,-7.596930,-7.259874,-2.540034,-3.685037,-3.393407,-0.077764,-0.684872,-1.917225,1.638818,0.970715,-2.344104,0.870631,-0.020444,-5.201274,-3.041966,-5.676435,-15.558852,-12.497299,-23.794807,-10.515320,-15.810862,-6.777637,-4.978205,-10.196404,-4.284259,-4.507695,-12.494856,-3.395513,-2.542610,-9.750237,-3.799175,-0.731620,-2.314322,-7.942414,-3.175655,-0.332115,-27.597239,-15.483112,-0.866175,-8.414693,-4.815622,2.284494,-2.318716,-1.133101,5.191235,2.169015,-1.495850,4.908195,4.187128,-3.254842,1.282027,2.927000,-3.815279,-3.301394,-1.304222,-3.767484,-2.721084,0.556243,-2.272692,-3.411035,3.230352,0.768062,-6.460412,2.519853,2.098535,-9.348845,-0.974450,0.919396,-11.593293,-5.562871,-2.768999,-14.613735,-6.652976,-8.702793,-9.868874,-6.143826,-13.309860,-4.444626,-6.214054,-10.790205,-1.114184,-5.852870,-9.085859,0.407881,-4.549386,-11.135061,-0.414544,-3.520035,-19.598192,-5.737994,-4.431166,-16.338980,-17.972794,-10.091970,-11.812476,-4.134382,-8.642170,-10.380305,-3.442953,-2.116128,-8.773087,-10.342367,-1.589883,-5.791520,-13.542143,-5.300080,-4.875086,-6.893258,-5.249812,-9.050431,-6.319680,-4.719299,-14.829911,-7.133595,-13.724538,-9.316117,-5.977995,-6.550246,-8.840163,-2.503131,-1.324846,-3.149729,-1.592532,0.035126,-0.691143,-3.353759,0.028158,-1.711692,-4.996970,-2.373212,-1.185191,-6.868618,-7.538968,0.520790,-5.950367,-7.702426,-0.096576,-2.549690,-8.482009,-2.205943,-3.321843,-8.703485,-5.990295,-8.643765,-8.290736,-15.123864,-14.262108,-15.467899,-9.604091,-19.233448,-13.821526,-10.027422,-8.289845,-10.511120,-21.854736,-5.798333,-8.493526
[0;32mI (26200) ANALISIS_ESPECTRO: Frame exportado | t=25.54 s | pico=93.8 Hz | 29.2 dB[0m
SPECTRUM_FRAME,26.565386,203.125000,5.785170,hann,512,-16.255119,-10.160218,-0.084836,6.620039,3.545955,-1.719231,5.783854,4.820572,-2.394566,4.387787,5.577769,-1.874493,2.446908,5.785170,-0.667726,0.067611,5.419104,0.626867,-2.393995,4.451521,1.645076,-4.199957,2.843499,2.197529,-4.803822,0.558635,2.174833,-4.568279,-2.360430,1.490739,-4.121775,-5.487210,0.044098,-3.861633,-7.587681,-2.304570,-4.068372,-8.015542,-5.676618,-5.012797,-7.919354,-9.414862,-6.999798,-8.129230,-10.238733,-10.171970,-8.778163,-8.527849,-12.077447,-9.667402,-7.306274,-9.166891,-10.003015,-6.948772,-6.090105,-8.622522,-7.136682,-4.269081,-6.052684,-7.409348,-3.488483,-3.589679,-7.208391,-3.502617,-1.737592,-6.144137,-4.088289,-0.570253,-4.390738,-4.966733,-0.058351,-2.471845,-5.740476,-0.154440,-0.791495,-5.942366,-0.798724,0.457018,-5.291967,-1.895011,1.202972,-3.943555,-3.262311,1.429767,-2.333751,-4.578849,1.145892,-0.850652,-5.402634,0.380630,0.283591,-5.390725,-0.801341,0.970391,-4.576330,-2.266038,1.177210,-3.328632,-3.764359,0.905539,-2.060465,-4.930206,0.181496,-1.050099,-5.427738,-0.936842,-0.438782,-5.195257,-2.337729,-0.282312,-4.484844,-3.827620,-0.589264,-3.656378,-5.130177,-1.336920,-2.998330,-5.975175,-2.469648,-2.684809,-6.266681,-3.885245,-2.801686,-6.157131,-5.419022,-3.378273,-5.934572,-6.851644,-4.402614,-5.873010,-7.978926,-5.819174,-6.168872,-8.734618,-7.513446,-6.944227,-9.257845,-9.300068,-8.262236,-9.828646,-10.953394,-10.119062,-10.756198,-12.319279,-12.381468,-12.315018,-13.451996,-14.666218,-14.661003,-14.635406,-16.377911,-17.263058,-16.227760,-17.246225,-17.775812,-18.101328,-17.587927,-16.028168,-18.053026,-17.774984,-14.454845,-15.048101,-17.802597,-13.698302,-11.959420,-16.978449,-13.589454,-9.794301,-14.655232,-13.795667,-8.536255,-11.643394,-13.962961,-8.055244,-8.933120,-13.749217,-8.214840,-6.869359,-12.763629,-8.840918,-5.496491,-10.862761,-9.680742,-4.783106,-8.518262,-10.417128,-4.681473,-6.327172,-10.741643,-5.128744,-4.602598,-10.363667,-6.023490,-3.445337,-9.114143,-7.189457,-2.869685,-7.267081,-8.353743,-2.860387,-5.367396,-9.178200,-3.386727,-3.799542,-9.323639,-4.393421,-2.727965,-8.582467,-5.771949,-2.201343,-7.144956,-7.311995,-2.222779,-5.518894,-8.651666,-2.774738,-4.127676,-9.316339,-3.815860,-3.182524,-9.006328,-5.251774,-2.761206,-7.935335,-6.873016,-2.880670,-6.635495,-8.291037,-3.523817,-5.538401,-9.046974,-4.627275,-4.873114,-8.996967,-6.026623,-4.740301,-8.443500,-7.376842,-5.174706,-7.804810,-8.219902,-6.155710,-7.395330,-8.382846,-7.548032,-7.421945,-8.155773,-8.954479,-8.024113,-7.918224,-9.711808,-9.284287,-7.912586,-9.554579,-11.131345,-8.290906,-8.978920,-12.933088,-9.176672,-8.507559,-13.299540,-10.641691,-8.361904,-12.208731,-12.470270,-8.611879,-11.037389,-13.540398,-9.294185,-10.409722,-12.673062,-10.406935,-10.375718,-11.006586,-11.731082,-10.837264,-9.788655,-12.476897,-11.684241,-9.346171,-11.802540,-12.829731,-9.708953,-10.304474,-14.128586,-10.869523,-8.998466,-15.068420,-12.826343,-8.303193,-14.746404,-15.550050,-8.320390,-13.226818,-18.833958,-9.080400,-11.560880,-21.848053,-10.617661,-10.385484,-22.825201,-12.977081,-9.888836,-21.285646,-16.142405,-10.117552,-18.877327,-19.729347,-11.103106,-16.748314,-22.592943,-12.902725,-15.254229,-24.394730,-15.618001,-14.431688,-26.683243,-19.401289,-14.196425,-28.980474,-24.391708,-14.391119,-25.577354,-30.261259,-14.804960,-20.895370,-34.483280,-15.244320,-17.514107,-31.927975,-15.639592,-15.112896,-26.551483,-16.037018,-13.396790,-22.218744,-16.435120,-12.219862,-18.991854,-16.661579,-11.514434,-16.544729,-16.508162,-11.232851,-14.660709,-16.036011,-11.302498,-13.240372,-15.552140,-11.592295,-12.255870,-15.311119,-11.915438,-11.702808,-15.381589,-12.117250,-11.560751,-15.671112,-12.204718,-11.757998,-16.012781,-12.348982,-12.137606,-16.310516,-12.756397,-12.462727,-16.632984,-13.573051,-12.538262,-17.102360,-14.861245,-12.380315,-17.631744,-16.578726,-12.187356,-17.696472,-18.492264,-12.156190,-16.726679,-20.015377,-12.381676,-15.023796,-20.302929,-12.856424,-13.300195,-19.084824,-13.494586,-11.930932,-16.979954,-14.156403,-11.014319,-14.685737,-14.679920,-10.552408,-12.591434,-14.910959,-10.527234,-10.863513,-14.717183,-10.920456,-9.565359,-14.022770,-11.709023,-8.724493,-12.887424,-12.845192,-8.364106,-11.519495,-14.218840,-8.517834,-10.172481,-15.597358,-9.238422,-9.051632,-16.566210,-10.606710,-8.298949,-16.625288,-12.743588,-8.018826,-15.638433,-15.819357,-8.310058,-14.068352,-20.000851,-9.299940,-12.507456,-24.986086,-11.197096,-11.335343,-29.180649,-14.407948,-10.759867,-34.300751,-19.742683,-10.935953,-43.007042,-24.287642,-12.071482,-27.265316,-19.586147,-14.599023,-21.745293,-16.541191,-19.830425,-19.087460,-15.533239,-35.413517,-18.330887,-15.997071,-21.010048,-19.471222,-17.755133,-15.659407,-23.432114,-20.779486,-13.364779,-30.096828,-24.823864,-12.648024,-21.678993,-28.460560,-13.094584,-16.467903,-29.029995,-14.564150,-13.801825,-25.254513,-16.967209,-12.660026,-20.411299,-19.936642,-12.720880,-16.674881,-22.072750,-13.933218,-14.204188,-21.731642,-16.400278,-12.871183,-19.694412,-20.049894,-12.619869,-17.198872,-22.241150,-13.531655,-14.937290,-20.102249,-15.932711,-13.303251,-17.715870,-20.733467,-12.494884,-16.111162,-26.610321,-12.657953,-14.863319,-20.500664,-14.035503,-13.721379,-16.314989,-17.245493,-12.809189,-14.276350,-24.444820,-12.418118,-13.406873,-26.172781,-12.844082,-13.157253,-18.015064,-14.452101
[0;32mI (27260) ANALISIS_ESPECTRO: Frame exportado | t=26.57 s | pico=203.1 Hz | 5.8 dB[0m
SPECTRUM_FRAME,27.587740,93.750000,-1.387336,hann,512,-19.731281,-9.822073,-4.398417,-0.860129,-2.875293,-5.144476,-1.387336,-2.347062,-5.716075,-2.246773,-2.087271,-6.046410,-3.405885,-2.145017,-6.164950,-4.809904,-2.548264,-6.178656,-6.374760,-3.310382,-6.219011,-7.988784,-4.431443,-6.398720,-9.525912,-5.896730,-6.790495,-10.864049,-7.670914,-7.420714,-11.883476,-9.683937,-8.270786,-12.441959,-11.800753,-9.284967,-12.414158,-13.754363,-10.392715,-11.842520,-15.059047,-11.543425,-10.989513,-15.175080,-12.724639,-10.176082,-14.118448,-13.930434,-9.641256,-12.493765,-15.086640,-9.529828,-10.854019,-15.976180,-9.929790,-9.491449,-16.252501,-10.902766,-8.540798,-15.670771,-12.493004,-8.070279,-14.380136,-14.691382,-8.123871,-12.811964,-17.245232,-8.736456,-11.349499,-19.117661,-9.926566,-10.211033,-18.845566,-11.635721,-9.489097,-16.980886,-13.516569,-9.197344,-14.800257,-14.632414,-9.285609,-12.795355,-14.247842,-9.627713,-11.107283,-13.025206,-10.012164,-9.775215,-11.746278,-10.204718,-8.787689,-10.617009,-10.102551,-8.103528,-9.611217,-9.801167,-7.671544,-8.697094,-9.464256,-7.448663,-7.886354,-9.186772,-7.412112,-7.214587,-8.972443,-7.559610,-6.717823,-8.774942,-7.897527,-6.425645,-8.547892,-8.422379,-6.364879,-8.277735,-9.102982,-6.563469,-7.990757,-9.867693,-7.050197,-7.741886,-10.602621,-7.849879,-7.600089,-11.171884,-8.973492,-7.637321,-11.469801,-10.397289,-7.921119,-11.484428,-12.016727,-8.509816,-11.317318,-13.565774,-9.448929,-11.135099,-14.602755,-10.764112,-11.102953,-14.831538,-12.437250,-11.349142,-14.479408,-14.332939,-11.962310,-14.027466,-16.046688,-13.002121,-13.831312,-16.923277,-14.511995,-14.098253,-16.769510,-16.531746,-14.984371,-16.179056,-19.111017,-16.686069,-15.754026,-22.307604,-19.584375,-15.786500,-26.001541,-24.773556,-16.380531,-28.664110,-40.165062,-17.478752,-27.451860,-28.841980,-18.621525,-24.358551,-22.337160,-18.704472,-21.279079,-19.065731,-17.276661,-18.465549,-16.929161,-15.333252,-15.975155,-15.286072,-13.602685,-13.865394,-13.857677,-12.226879,-12.163719,-12.537408,-11.143874,-10.860416,-11.321775,-10.258888,-9.916800,-10.258093,-9.497422,-9.273137,-9.403187,-8.823036,-8.854242,-8.798900,-8.239984,-8.576763,-8.461992,-7.784933,-8.361887,-8.381536,-7.513323,-8.153788,-8.519852,-7.485273,-7.937349,-8.816769,-7.754859,-7.745202,-9.199757,-8.361538,-7.649515,-9.599098,-9.320337,-7.744712,-9.962322,-10.605467,-8.132519,-10.263460,-12.127767,-8.916082,-10.510550,-13.728497,-10.203754,-10.751936,-15.242110,-12.120340,-11.069715,-16.610281,-14.820752,-11.549616,-17.852884,-18.465931,-12.230663,-18.788076,-22.833752,-13.040675,-18.863281,-25.535938,-13.749427,-17.805132,-24.661659,-14.072242,-16.145037,-22.827290,-13.968363,-14.468351,-20.675200,-13.703174,-13.029167,-18.256466,-13.546119,-11.909356,-15.957262,-13.570027,-11.145035,-14.038630,-13.651941,-10.757992,-12.563306,-13.582155,-10.746870,-11.518328,-13.255407,-11.063838,-10.888185,-12.769915,-11.588135,-10.675014,-12.310961,-12.129784,-10.891369,-12.016451,-12.524867,-11.534720,-11.961856,-12.780761,-12.539548,-12.206222,-13.076057,-13.707572,-12.834167,-13.607078,-14.710133,-13.976012,-14.470534,-15.364846,-15.815401,-15.628400,-15.945238,-18.582798,-16.919605,-16.999977,-22.365675,-18.151274,-19.105515,-25.720787,-19.248503,-22.855366,-25.920488,-20.232389,-26.137760,-25.959894,-20.987476,-22.178507,-28.931374,-21.272917,-18.289822,-34.021019,-21.172073,-15.996788,-24.774561,-21.104469,-14.791639,-19.010670,-21.178833,-14.354689,-15.639482,-20.704472,-14.511634,-13.616023,-18.948643,-15.167078,-12.515778,-16.581947,-16.220247,-12.124416,-14.523077,-17.352718,-12.325865,-13.088227,-17.775448,-13.074354,-12.292675,-16.934946,-14.395699,-12.065720,-15.515384,-16.378578,-12.312347,-14.360633,-19.023563,-12.937981,-13.801898,-21.371231,-13.887557,-13.880206,-21.039190,-15.204895,-14.478627,-19.150827,-17.088440,-15.287152,-17.897545,-19.962559,-15.828761,-17.782650,-24.796392,-15.873662,-18.890179,-35.667973,-15.756036,-21.134571,-33.843838,-15.964595,-23.029184,-27.641262,-16.801989,-21.615068,-26.636452,-18.405560,-19.136398,-28.951355,-20.788021,-17.623413,-35.559219,-23.700214,-17.238390,-31.055584,-26.273552,-17.893158,-25.072887,-27.334879,-19.535978,-22.269306,-26.733484,-22.128637,-21.259235,-24.989889,-25.480133,-21.471128,-22.845594,-28.748034,-22.384781,-20.887270,-30.075573,-23.118460,-19.249760,-28.606251,-22.987907,-17.807772,-25.659540,-22.569839,-16.446051,-22.574577,-22.763504,-15.211874,-19.826761,-24.012529,-14.274569,-17.449915,-26.225037,-13.812902,-15.411998,-27.367945,-13.971711,-13.735771,-25.009583,-14.885621,-12.489362,-21.905922,-16.733152,-11.752684,-19.414490,-19.825838,-11.606393,-17.489174,-24.710602,-12.146280,-16.034321,-29.964085,-13.522253,-15.073844,-27.451151,-16.034397,-14.706938,-24.690571,-20.474636,-15.081512,-23.808655,-30.636982,-16.437569,-24.290274,-29.880426,-19.300974,-25.908558,-21.722897,-25.486727,-28.455084,-18.435896,-41.009552,-29.287716,-16.690504,-22.999744,-25.286789,-15.606651,-17.928116,-20.958807,-14.756670,-15.205683,-17.695602,-13.925253,-13.552925,-15.345984,-13.059189,-12.486292,-13.713555,-12.209129,-11.748046,-12.649960,-11.463638,-11.189805,-12.033710,-10.908239,-10.739441,-11.755828,-10.609739,-10.382051,-11.716895,-10.612916,-10.142008,-11.832143,-10.941682,-10.068153,-12.037439,-11.602333,-10.222775,-12.291693,-12.587871,-10.674212,-12.578138,-13.879938,-11.493616,-12.910810,-15.430393,-12.757364,-13.341594,-17.069653,-14.552948,-13.953910,-18.300344,-16.962500,-14.835111,-18.397530,-19.820631,-16.021954,-17.381403
[0;32mI (28290) ANALISIS_ESPECTRO: Frame exportado | t=27.59 s | pico=93.8 Hz | -1.4 dB[0m
SPECTRUM_FRAME,28.610103,93.750000,-13.099247,hann,512,-34.229416,-25.002403,-22.827702,-12.514454,-17.855568,-26.542320,-13.099247,-16.226597,-32.054756,-14.081291,-15.087191,-44.056946,-15.467940,-14.405760,-35.741665,-17.267187,-14.160242,-28.971197,-19.481752,-14.335523,-25.276403,-22.095161,-14.920851,-22.953699,-25.026253,-15.905388,-21.540136,-27.969940,-17.268768,-20.860306,-30.086399,-18.960827,-20.842258,-30.506912,-20.862232,-21.464481,-29.831373,-22.735897,-22.727890,-29.158480,-24.259533,-24.594578,-28.985498,-25.260237,-26.758350,-29.386683,-25.910170,-28.163698,-30.045456,-26.542320,-27.803131,-30.047470,-27.364176,-26.586075,-28.711868,-28.227146,-25.626593,-26.760473,-28.334024,-25.307392,-25.040216,-26.906147,-25.791908,-23.832096,-24.615231,-27.373230,-23.156336,-22.434475,-30.932005,-22.973269,-20.731972,-41.428493,-23.251823,-19.571728,-35.726219,-24.000572,-18.941059,-27.104240,-25.278294,-18.818123,-22.757401,-27.083591,-19.186796,-20.030094,-28.587839,-20.037628,-18.275970,-27.327534,-21.362621,-17.245272,-23.970129,-23.129826,-16.825375,-20.818045,-25.152229,-16.968204,-18.373878,-26.605337,-17.665983,-16.593716,-25.957172,-18.945999,-15.392834,-23.513248,-20.878223,-14.711363,-20.815809,-23.591343,-14.514439,-18.489292,-27.199724,-14.787060,-16.641602,-30.566282,-15.531370,-15.264818,-29.272268,-16.767586,-14.334555,-25.672781,-18.540472,-13.828985,-22.672453,-20.938025,-13.731646,-20.382912,-24.143845,-14.030836,-18.666618,-28.587904,-14.717978,-17.445290,-35.179398,-15.784865,-16.679234,-37.672073,-17.219078,-16.345066,-32.081646,-18.995594,-16.424938,-28.669449,-21.060959,-16.899708,-26.743069,-23.303970,-17.740171,-25.812275,-25.516092,-18.891838,-25.725685,-27.397522,-20.249146,-26.469715,-28.725758,-21.626816,-28.049274,-29.553261,-22.774637,-30.106375,-29.993443,-23.502834,-30.840401,-29.722321,-23.834457,-28.980600,-28.177074,-23.967916,-26.589401,-25.690742,-24.100826,-24.789286,-23.123350,-24.296215,-23.647890,-20.932701,-24.376602,-23.052837,-19.238556,-23.894276,-22.911335,-18.042244,-22.539167,-23.191784,-17.316004,-20.621803,-23.941196,-17.028629,-18.677576,-25.273115,-17.151682,-17.017776,-27.182266,-17.661755,-15.751888,-28.483368,-18.546408,-14.901247,-26.608210,-19.821018,-14.457727,-23.188683,-21.564625,-14.404932,-20.266378,-23.984375,-14.724196,-18.104946,-27.473717,-15.394158,-16.608501,-31.509254,-16.386889,-15.677502,-29.548616,-17.657650,-15.241005,-24.961996,-19.117697,-15.248466,-21.710482,-20.567356,-15.658587,-19.556973,-21.605253,-16.426680,-18.204082,-21.761086,-17.485455,-17.490887,-21.023510,-18.711391,-17.330454,-19.890425,-19.877640,-17.673752,-18.823648,-20.653286,-18.488903,-18.055960,-20.782505,-19.740669,-17.681633,-20.335562,-21.350239,-17.740112,-19.632484,-23.099108,-18.254562,-18.977528,-24.486073,-19.247494,-18.563519,-24.896305,-20.747688,-18.504387,-24.340595,-22.791702,-18.879635,-23.437614,-25.409040,-19.764448,-22.694134,-28.513119,-21.253742,-22.369158,-31.383415,-23.494778,-22.628735,-32.170570,-26.759422,-23.670551,-30.902096,-31.678436,-25.869673,-29.483112,-40.535332,-30.253181,-28.728113,-47.557350,-42.675385,-28.863605,-38.291542,-34.177582,-29.923868,-35.047031,-27.196835,-30.958233,-33.001152,-23.874626,-29.014795,-31.187744,-22.116278,-25.107792,-29.545300,-21.357821,-21.698292,-28.068600,-21.380276,-19.140585,-26.506752,-22.094582,-17.315666,-24.566849,-23.485477,-16.101360,-22.291624,-25.608295,-15.413108,-20.001575,-28.594040,-15.195333,-17.967812,-32.181465,-15.412327,-16.313717,-32.531029,-16.043713,-15.070061,-28.474123,-17.084332,-14.227880,-24.658817,-18.549557,-13.764107,-21.741634,-20.485069,-13.650676,-19.547033,-22.963772,-13.856087,-17.935795,-25.942003,-14.343127,-16.819557,-28.382303,-15.063586,-16.135229,-27.868526,-15.949114,-15.829211,-25.563847,-16.899117,-15.846271,-23.575584,-17.774960,-16.118900,-22.304955,-18.427893,-16.555994,-21.716196,-18.780003,-17.034660,-21.745092,-18.897369,-17.408949,-22.336830,-18.962204,-17.553881,-23.406441,-19.181717,-17.431618,-24.725319,-19.734875,-17.118469,-25.725365,-20.773687,-16.760921,-25.650440,-22.441950,-16.512646,-24.476118,-24.850441,-16.503540,-22.873585,-27.741352,-16.839630,-21.326221,-29.281910,-17.613430,-20.027132,-28.016874,-18.906963,-19.061535,-26.226065,-20.748814,-18.494036,-25.113955,-22.880896,-18.395102,-24.702465,-24.192169,-18.855717,-24.767256,-23.577711,-20.009821,-25.028793,-22.104818,-22.069399,-25.289707,-20.959501,-25.279819,-25.621761,-20.465326,-28.513117,-26.393848,-20.654694,-26.771029,-28.218800,-21.526539,-23.237207,-32.312408,-23.109440,-20.816954,-39.248783,-25.476608,-19.437494,-30.690109,-28.645571,-18.871836,-24.789688,-31.474445,-18.988598,-21.264933,-30.232063,-19.721748,-18.999111,-26.672180,-21.033699,-17.572033,-23.513479,-22.842831,-16.785538,-21.009418,-24.778978,-16.531075,-19.063986,-25.736540,-16.741793,-17.602079,-24.800034,-17.368757,-16.573912,-22.904699,-18.359467,-15.940847,-21.073372,-19.620394,-15.667300,-19.612545,-20.943707,-15.715437,-18.559412,-21.937086,-16.039049,-17.898043,-22.198315,-16.574051,-17.606224,-21.770060,-17.224680,-17.658306,-21.103695,-17.852314,-18.016914,-20.605507,-18.292858,-18.617735,-20.502754,-18.433371,-19.345102,-20.928928,-18.303549,-20.004385,-22.009872,-18.069761,-20.334969,-23.934958,-17.940458,-20.138283,-27.063492,-18.097887,-19.447828,-32.026077,-18.691690,-18.501390,-35.758854,-19.858139,-17.561123,-31.101725,-21.710672,-16.815918,-27.291613,-24.107891,-16.385717,-24.829193,-25.613071,-16.351341,-23.021225,-24.278708,-16.775223,-21.530588,-21.910782,-17.701796,-20.270447,-20.082096,-19.105251,-19.292543,-18.993271,-20.676325,-18.691940,-18.562244
[0;32mI (29320) ANALISIS_ESPECTRO: Frame exportado | t=28.61 s | pico=93.8 Hz | -13.1 dB[0m
SPECTRUM_FRAME,29.632459,93.750000,74.462921,hann,512,49.622303,49.261894,71.396767,80.191795,76.568741,63.637714,74.462921,73.240089,58.416637,63.307053,64.753181,52.752670,49.359772,54.015938,44.638641,38.191334,45.830307,38.556953,44.898407,53.533596,49.627518,39.738323,50.473751,49.040447,34.344391,37.821609,39.305161,29.296446,43.213978,46.741295,37.913506,29.354145,36.582893,29.778891,34.837727,42.836143,38.944946,28.675686,38.668442,37.078850,21.428757,30.233086,31.706171,19.943192,30.898491,34.491764,26.026371,24.579809,29.254473,22.243814,27.140789,34.546646,30.620974,18.723803,30.266628,28.599316,9.838588,29.154999,29.548656,13.366033,26.983469,29.007076,19.347361,29.878614,34.518822,28.074331,25.636770,33.173927,29.111385,22.960419,34.528381,32.351242,14.871222,24.657158,25.431946,18.429663,28.785952,31.336319,21.287859,27.181278,30.916641,23.332130,24.440392,30.352335,25.454975,19.909292,30.102535,27.805367,10.674614,2.265586,3.016914,10.940748,24.994648,26.739456,15.299410,20.706015,24.379314,15.070034,23.399946,29.836176,25.129158,14.104667,24.389715,22.710136,9.778746,20.269104,18.760149,-1.216565,17.700460,18.224451,8.671253,19.533813,24.834330,18.362377,13.792309,23.607906,20.420248,8.101206,2.711070,3.539202,6.196499,9.118785,12.467379,9.410555,15.311198,13.664613,5.008667,15.133157,18.466528,10.179590,11.331650,20.926821,16.422794,9.986982,20.023663,17.882128,2.355948,13.409307,11.223648,5.638741,19.276283,20.654308,12.503737,7.329531,10.789087,8.661612,13.846764,19.180061,11.804688,8.178588,16.686409,13.026989,-8.007801,8.315981,10.959949,7.779688,11.129868,15.039984,10.910500,11.046467,13.636880,6.576025,4.572398,15.446988,15.156380,8.443200,2.597972,-0.045176,-6.827943,13.164427,16.466362,12.922529,7.253325,6.813627,10.989003,3.965644,13.682602,11.402726,7.827022,5.245564,11.800936,7.041493,10.062235,16.698242,15.249531,9.149122,13.229288,13.748855,7.908555,9.328497,14.790495,9.837629,6.028535,14.046862,10.503736,10.111751,17.952032,19.058863,12.574596,25.721893,28.618443,17.912697,26.136147,30.837971,22.800972,23.308922,27.974779,22.723122,14.275213,17.358309,14.909854,9.498426,16.478998,17.623333,10.913355,14.605994,15.912113,4.792238,3.178054,-0.345522,3.086415,8.573832,11.191904,-2.020819,5.347037,6.682498,1.485368,2.291817,4.066659,6.268454,6.891946,-7.372725,8.369165,9.363514,4.080719,6.766808,0.000383,6.078262,0.915985,1.094224,-2.713844,-2.390401,-11.528891,-3.600227,-1.249182,2.326542,13.737087,14.485341,3.882787,16.028191,20.646328,15.261024,4.664907,17.139299,16.849264,9.427488,-4.711803,11.636774,10.377150,-0.305708,0.965036,7.926620,11.144360,4.395218,3.213252,4.778432,6.666024,2.354390,11.815540,11.607815,5.612959,10.162066,12.838702,-0.439019,7.470466,10.118355,4.401241,5.103564,5.959591,-3.493335,-2.744389,8.004239,9.626507,5.017703,2.942380,10.457041,7.192624,1.094791,4.170474,0.468366,0.885049,9.424693,7.013789,0.820924,-8.050935,-7.195156,-1.967005,7.465139,8.123978,3.656595,3.948763,-8.504608,6.729248,13.742832,13.592772,8.269487,10.466189,12.857841,10.909667,1.735747,-8.733810,-0.794160,3.587583,9.274469,6.501097,0.811896,4.815908,6.147599,0.013436,-11.820889,-5.543436,-11.147733,-9.430693,-3.824458,0.930795,2.458820,10.481038,11.018221,0.610832,8.680595,13.277678,11.108854,4.287398,-3.676015,8.911316,9.977342,9.384359,-0.188690,-7.025113,0.033489,3.444637,5.992871,8.017388,5.724824,2.032625,8.666111,10.983774,5.336188,0.949190,7.971951,4.853814,-13.178576,-1.510867,1.174150,0.646357,-3.281098,4.436515,5.715109,1.137256,0.679603,5.444212,1.873551,5.528460,-0.098043,-3.504719,3.612499,-0.747980,4.047758,-6.937959,7.317001,9.613542,0.840371,6.459125,6.179898,-10.406172,7.014626,5.371865,-8.362770,8.497373,9.101379,1.896842,3.237022,0.363985,3.772676,9.417460,0.670355,-3.158076,0.607468,-6.080275,8.023697,12.949992,7.811099,7.367075,10.321072,3.388739,-3.556337,4.290177,7.279216,0.614573,13.426878,14.369982,0.795568,11.807302,15.673800,6.797587,8.118589,14.818554,6.056931,9.633451,15.203222,10.933493,9.213006,16.162941,13.953751,0.486289,14.426151,12.971554,-3.978373,8.936070,9.270184,-1.779026,3.492310,3.907421,-1.511638,7.205651,7.912535,1.075438,5.472036,5.789228,-4.610497,-1.950001,5.798674,2.617526,-3.874897,-8.697411,-2.579058,-7.409024,5.872599,2.309529,3.053841,6.533561,0.985223,3.619632,1.799240,0.332519,7.407202,-12.051186,7.752888,7.781198,1.827304,11.040858,5.336232,1.101867,6.800309,-0.291316,-4.585083,-2.618190,-2.348158,2.406871,5.199317,-2.562123,2.851813,0.976460,0.102673,3.200661,-7.244475,-4.031396,3.141046,4.526544,2.459069,0.449522,8.381492,7.103551,3.769148,8.724013,6.248135,8.111638,10.121331,5.032508,0.835368,6.393046,6.714467,3.553914,1.240302,-1.817051,4.143805,6.352270,0.495776,-9.555868,-2.380550,-4.769637,-12.948921,4.709601,5.079771,-1.660516,-13.867888,3.936492,9.251847,0.396992,6.958017,11.596732,0.680374,7.671649,5.489504,-5.701932,6.144013,7.429680,-1.039644,3.670992,2.098377,-3.255409,9.010769
[0;32mI (30280) ANALISIS_ESPECTRO: Frame exportado | t=29.63 s | pico=93.8 Hz | 74.5 dB[0m
SPECTRUM_FRAME,30.654824,93.750000,-1.461515,hann,512,-20.154137,-17.148790,-8.374194,-0.642605,-3.883343,-11.770344,-1.461515,-2.715676,-14.637446,-2.812851,-2.196021,-13.744245,-4.664157,-2.303095,-11.165386,-6.949459,-3.023535,-9.303351,-9.527663,-4.335831,-8.436298,-12.062067,-6.182117,-8.534136,-13.867126,-8.416651,-9.594427,-14.393649,-10.737084,-11.611023,-14.057183,-12.661386,-14.295300,-13.431313,-13.644449,-16.366323,-12.498766,-13.394600,-16.684687,-11.116978,-12.196313,-16.689383,-9.567783,-10.607855,-17.542797,-8.317074,-8.990251,-18.573687,-7.668165,-7.509862,-17.314819,-7.770436,-6.285219,-14.294630,-8.720874,-5.437411,-11.560230,-10.624537,-5.079087,-9.503949,-13.552623,-5.306125,-8.051843,-16.871593,-6.205697,-7.155815,-17.494518,-7.871664,-6.842505,-15.358967,-10.412037,-7.192909,-13.452641,-13.884077,-8.336300,-12.391995,-17.776485,-10.482459,-12.205519,-19.776262,-14.029590,-13.035759,-19.264893,-19.854029,-15.306278,-18.677528,-27.056311,-20.215908,-18.860949,-23.447872,-28.156860,-19.789097,-21.280724,-19.811008,-20.400265,-21.976545,-15.220173,-18.350126,-25.321617,-13.257169,-14.869033,-29.458601,-12.884607,-12.009705,-23.522165,-13.808713,-10.142903,-17.928226,-16.070860,-9.214940,-14.100719,-20.134781,-9.153232,-11.413000,-26.330921,-9.918555,-9.621578,-22.836594,-11.510343,-8.620181,-17.005442,-13.990621,-8.343667,-13.270325,-17.565186,-8.731844,-10.780605,-22.279099,-9.705713,-9.174984,-22.484665,-11.155957,-8.273556,-17.458153,-12.989895,-7.935515,-13.634869,-15.304525,-8.008785,-11.074615,-18.698881,-8.329659,-9.418917,-25.108189,-8.778476,-8.426429,-29.463882,-9.355009,-7.901347,-20.356922,-10.183297,-7.669294,-16.058065,-11.435106,-7.602201,-13.736881,-13.251234,-7.655487,-12.436230,-15.672923,-7.861645,-11.676798,-18.456785,-8.271044,-11.161495,-20.568075,-8.884892,-10.760499,-20.474682,-9.611062,-10.489176,-18.638409,-10.253094,-10.406536,-16.508554,-10.563098,-10.511610,-14.770058,-10.380470,-10.694433,-13.649532,-9.757168,-10.748274,-13.213390,-8.922006,-10.463190,-13.463801,-8.138003,-9.769842,-14.342039,-7.608465,-8.788952,-15.607601,-7.464252,-7.736414,-16.511429,-7.787371,-6.814228,-15.975277,-8.639342,-6.168510,-14.190847,-10.088888,-5.893225,-12.220863,-12.247118,-6.046958,-10.614578,-15.328761,-6.668112,-9.525786,-19.746387,-7.785459,-8.996056,-25.410393,-9.422892,-9.049834,-25.548588,-11.595240,-9.720450,-22.369308,-14.280858,-11.061716,-21.065891,-17.323742,-13.159781,-21.668079,-20.165840,-16.148315,-24.443300,-21.608179,-20.214485,-28.831234,-20.860804,-25.443592,-24.917664,-18.680923,-29.990089,-19.900919,-16.124285,-28.057934,-17.045843,-13.769256,-23.246773,-15.697910,-11.849283,-18.880409,-15.588905,-10.442183,-15.390896,-16.781708,-9.571487,-12.733042,-19.838825,-9.251422,-10.796028,-27.525690,-9.508341,-9.490240,-31.056072,-10.396740,-8.760420,-20.018255,-12.019315,-8.583544,-15.617601,-14.547366,-8.966732,-13.220582,-18.094318,-9.948771,-11.968332,-21.110672,-11.601965,-11.576523,-19.582556,-14.001650,-11.964272,-16.751158,-16.933510,-13.184265,-14.854061,-18.657253,-15.470342,-13.847168,-17.285925,-19.527388,-13.522257,-15.030761,-28.582916,-13.724556,-13.282255,-29.378799,-14.324173,-12.118697,-20.221210,-15.175014,-11.415714,-16.285412,-16.079887,-11.072430,-14.012198,-16.786621,-11.035079,-12.603098,-17.064987,-11.293426,-11.752740,-16.849457,-11.873384,-11.327650,-16.288321,-12.829023,-11.279375,-15.630082,-14.233989,-11.613437,-15.099440,-16.165945,-12.379648,-14.859392,-18.651300,-13.678278,-15.028870,-21.462461,-15.690202,-15.716868,-23.751059,-18.764517,-17.063482,-24.776432,-23.641844,-19.290802,-25.486385,-29.856075,-22.673006,-27.300842,-25.921436,-25.957413,-31.410522,-21.687620,-23.779936,-33.366356,-19.408249,-19.998829,-26.700138,-18.173559,-17.361610,-22.087900,-17.475079,-15.683717,-19.159433,-17.002098,-14.680868,-17.259506,-16.600559,-14.152188,-16.080538,-16.265232,-13.948059,-15.457424,-16.080956,-13.960576,-15.279251,-16.152851,-14.130601,-15.448428,-16.578249,-14.446435,-15.867373,-17.455606,-14.920662,-16.452637,-18.908613,-15.553493,-17.164267,-21.120708,-16.297396,-18.006006,-24.386982,-17.029581,-18.945328,-29.031960,-17.547031,-19.750513,-32.563263,-17.632099,-19.930386,-29.613150,-17.203085,-19.202671,-26.279518,-16.390755,-17.924747,-23.897575,-15.421484,-16.584938,-22.096527,-14.475609,-15.401451,-20.735195,-13.653982,-14.395266,-19.815386,-13.008669,-13.517763,-19.342543,-12.577154,-12.719337,-19.254244,-12.399148,-11.979713,-19.369184,-12.516227,-11.314615,-19.355280,-12.962012,-10.764320,-18.852535,-13.750025,-10.371184,-17.792967,-14.862647,-10.155451,-16.456526,-16.245285,-10.096999,-15.157357,-17.816994,-10.131254,-14.056318,-19.511581,-10.172767,-13.167447,-21.348677,-10.169092,-12.406019,-23.523472,-10.146690,-11.651086,-26.523495,-10.200174,-10.834450,-30.544729,-10.441528,-10.000219,-28.519337,-10.964461,-9.271643,-22.544596,-11.844223,-8.773192,-18.212162,-13.159947,-8.586761,-15.196957,-15.021229,-8.749079,-13.139133,-17.562389,-9.264606,-11.848499,-20.696714,-10.118723,-11.213974,-22.878721,-11.287093,-11.158804,-21.996178,-12.737772,-11.617259,-20.310221,-14.420374,-12.518742,-19.512955,-16.242195,-13.774662,-19.850336,-18.055660,-15.266827,-21.368368,-19.680340,-16.836830,-24.127710,-20.843128,-18.276138,-27.726234,-20.974808,-19.323980,-29.453352,-19.738539,-19.689714,-28.331263,-17.855989,-19.153486,-27.457687,-16.181154,-17.794558,-27.367830,-15.079653,-16.040392,-26.974365,-14.644838,-14.356100,-25.065420,-14.885408,-13.031548,-22.230185,-15.790673,-12.202328,-19.524393,-17.345928
[0;32mI (31360) ANALISIS_ESPECTRO: Frame exportado | t=30.65 s | pico=93.8 Hz | -1.5 dB[0m
SPECTRUM_FRAME,31.677194,296.875000,18.962326,hann,512,-24.713814,-16.954145,12.885932,21.653301,18.169762,6.210252,17.978605,16.757906,3.299864,10.617207,11.739888,2.662087,7.987083,11.471290,3.397362,11.346884,16.934961,10.864899,10.844775,18.962326,15.269614,7.655192,18.683205,17.256008,3.994597,16.791624,17.672684,5.087845,13.793947,17.157364,7.867303,10.131012,16.096947,9.805658,6.189433,14.419559,10.501011,2.953111,12.121377,10.004721,0.782906,10.377736,10.258111,-1.603251,10.019384,12.674959,2.701754,9.403543,14.592819,8.248244,7.587409,14.783262,10.998964,5.200767,13.170110,11.261726,3.425604,10.085413,9.392794,0.723064,6.810641,7.788675,-4.793520,4.456527,9.265306,2.490922,1.841173,9.981923,7.142123,0.611782,8.260255,7.837204,2.150167,4.375083,4.778437,1.817396,2.149052,0.280399,-3.608705,2.425364,5.056116,-4.237401,0.638487,7.109093,3.287189,-2.790033,5.472996,4.755868,-2.536067,-0.178181,1.381456,-2.257259,-8.387774,-19.875757,-7.800557,-5.313079,-1.155939,-11.358905,-6.349207,1.874090,-1.505995,-8.644576,-0.316314,-0.515548,-5.866055,-4.508077,-5.823153,-5.179252,-2.553206,-4.986750,-10.426094,-1.528983,1.025954,-15.681044,-3.310410,1.589117,-4.782460,-7.408958,-2.229703,-3.766536,-15.175529,-10.568268,-9.562215,-17.417118,-6.779766,-6.643236,-14.840696,-4.739959,-0.379384,-13.130512,-4.599342,1.296687,-5.693984,-4.863489,0.775345,-1.749924,-6.574798,-0.580052,-0.643420,-7.578521,-2.723360,-1.815418,-5.989357,-7.374899,-5.742626,-6.540748,-16.091436,-15.895709,-10.743151,-12.954597,-10.517741,-8.979589,-11.956668,-5.761113,-4.536796,-11.449831,-5.507721,-3.392344,-8.698765,-7.755221,-4.205070,-7.237235,-9.201556,-3.914551,-5.391346,-8.677650,-1.397313,-2.287156,-9.452744,0.424313,0.006866,-10.276747,0.650955,0.802094,-9.450584,-0.327895,0.349642,-10.840403,-1.282009,0.364312,-16.086557,-2.023301,2.423336,-5.645476,-4.851766,3.993639,0.430422,-16.868191,3.167227,2.746746,-8.751368,-1.546064,1.402387,-3.236541,-5.950375,-5.070368,-4.648158,0.571885,2.203640,-14.649912,2.152011,7.660224,1.621425,-0.604829,9.263157,7.132348,-11.469284,8.040449,8.862494,-3.122786,3.652997,7.523135,1.363667,-6.269836,1.749213,0.480748,-5.242916,-9.155240,-9.028585,-2.515147,2.192121,-3.611920,-5.715220,4.222848,3.232482,-16.810198,2.673845,4.640253,-6.827626,-1.474853,3.202368,-3.437431,-6.394269,0.507762,-2.941374,-7.370310,-0.430007,-1.656663,-6.674809,-0.471627,-0.021848,-5.145427,-1.846954,-0.236469,-3.472640,-4.295732,-3.340700,-3.588578,-6.010649,-10.729241,-7.298135,-7.114081,-9.092235,-31.633081,-10.708446,-5.164247,-7.517400,-17.273703,-5.303492,-2.994966,-8.239049,-8.416165,-2.830393,-4.335231,-12.189580,-6.465573,-4.361989,-12.065969,-19.061581,-9.148330,-13.201992,-13.549419,-23.125935,-15.452602,-8.671126,-6.867677,-9.254193,-8.114089,-3.403608,-5.041949,-8.760563,-3.073671,-3.840635,-9.586414,-4.422910,-5.282781,-11.456614,-6.736963,-9.798710,-15.915970,-9.924384,-14.650861,-12.804376,-15.561180,-9.738262,-6.883207,-16.075340,-7.003565,-4.000730,-8.517206,-6.508946,-3.239947,-5.136673,-6.438343,-4.490733,-4.292665,-5.697327,-8.473980,-5.347346,-5.584789,-14.646381,-8.266603,-7.342072,-10.664989,-12.985218,-11.462553,-8.340199,-13.356318,-15.415911,-9.822783,-10.174618,-12.442604,-15.851381,-9.269821,-9.110330,-14.083772,-10.480471,-6.851349,-7.705359,-11.797771,-5.504938,-4.873593,-10.099492,-5.156915,-3.867147,-8.456988,-5.761612,-3.995314,-8.853836,-6.907592,-5.138183,-10.850107,-7.922921,-7.572753,-11.257891,-8.413838,-11.920196,-9.033550,-8.651500,-19.166201,-7.159132,-9.340546,-16.737682,-6.159911,-11.105491,-10.387354,-5.710034,-14.418953,-6.572967,-5.423599,-19.582357,-4.483101,-5.152974,-21.780701,-3.918774,-5.237138,-19.323000,-4.832710,-6.293249,-18.278278,-7.155023,-8.349533,-17.009094,-10.191779,-8.203618,-13.665981,-11.395455,-5.158032,-9.684376,-10.972943,-3.125913,-6.901057,-11.731537,-2.881409,-5.994308,-13.716118,-4.601740,-7.239130,-13.701056,-9.180567,-9.786075,-10.854902,-19.879120,-7.359736,-7.588548,-12.694611,-2.889278,-4.767123,-8.440747,-0.084481,-2.730462,-8.139730,1.154290,-1.568243,-11.137175,0.884874,-1.409865,-17.354343,-1.144336,-2.726012,-14.196343,-5.318866,-6.982327,-10.746172,-9.155210,-27.847414,-8.857285,-7.916661,-7.674601,-6.204584,-8.125433,-2.755670,-3.703163,-11.290816,-1.865224,-2.553985,-14.927092,-3.705645,-3.265775,-16.625650,-8.308561,-6.658767,-22.636158,-15.831357,-15.436145,-16.253641,-19.822855,-12.379598,-9.585114,-17.139009,-7.446249,-6.242878,-14.414299,-6.798028,-4.687514,-12.800113,-8.612926,-4.777974,-10.849594,-11.748299,-6.938257,-8.530435,-14.350270,-12.117681,-7.343646,-15.547757,-15.912175,-7.428113,-15.603293,-10.280665,-7.609821,-15.623932,-7.096171,-6.684073,-16.960796,-6.059247,-5.283298,-18.927259,-7.121287,-4.588279,-18.388420,-10.787244,-5.507864,-15.412937,-16.631401,-8.837032,-12.668068,-18.388504,-12.099182,-10.622257,-18.263683,-9.454477,-8.637379,-13.254177,-8.564859,-7.153416,-9.239932,-9.837383,-7.297413,-8.349867,-9.118261,-9.759109,-10.658772,-7.369370,-13.071309,-18.434370,-7.801032,-12.048073,-22.849072,-10.823919,-11.541863,-14.823102,-14.337684,-14.425813,-14.272196,-13.887200,-18.620565,-18.332199,-14.017319,-15.528356,-25.970858,-17.518257
[0;32mI (32350) ANALISIS_ESPECTRO: Frame exportado | t=31.68 s | pico=296.9 Hz | 19.0 dB[0m
SPECTRUM_FRAME,32.699543,93.750000,50.121590,hann,512,25.151644,24.666643,44.534279,53.300625,49.692844,38.882965,50.121590,48.939838,34.367710,44.960434,46.154465,33.639404,38.421093,41.879303,32.596882,31.014158,36.660732,30.120832,22.635782,30.677082,26.297081,18.135620,28.194960,26.192743,17.403986,25.521599,25.590622,17.222065,19.130590,20.160620,10.298791,18.826077,25.180532,18.219082,19.073677,28.422670,24.997292,18.647907,28.440733,27.378555,18.400898,26.054106,27.007175,17.481005,20.700974,23.644857,14.999027,14.452552,19.240576,11.663409,13.284221,19.684732,13.828142,10.326214,18.621014,14.828033,5.237137,16.502300,15.644516,-0.980240,14.586658,16.806076,1.219724,10.761951,15.484579,2.938386,7.546952,11.270205,3.094969,7.260973,11.200613,7.187716,6.317513,16.388496,15.678372,6.424197,17.091259,19.461147,9.987591,13.095826,18.457411,12.230163,2.794202,10.252725,9.425881,-6.158824,12.333741,10.869165,-0.773525,16.359638,17.627447,6.869273,14.348833,19.086378,10.907798,7.656149,16.208460,11.435225,1.085048,7.031899,7.117990,0.456436,5.510604,-6.727542,-5.980958,9.229178,7.526030,-9.005193,8.816663,11.411669,0.166489,6.848157,11.820345,2.485198,0.456499,6.962445,-4.169603,-4.077981,3.289664,3.965587,2.836772,12.015688,13.183116,5.078408,12.731415,16.107586,6.773470,8.487669,14.943016,7.131822,-1.397963,10.408635,5.191760,-21.613724,8.296015,8.280485,-8.027078,4.989111,10.470060,-2.640955,-6.523541,5.162987,-1.145051,5.891366,3.159270,-10.639420,5.327262,11.441039,1.387621,-2.969349,11.007463,6.372374,-12.945864,3.947554,4.378436,-11.282450,-0.610372,2.684522,-17.740707,0.420722,6.475685,-13.863110,-16.636335,5.004210,-7.391148,-2.720922,1.822492,-0.036256,-1.517726,1.577017,4.166321,-3.862755,-5.870987,3.801403,-7.787393,-6.203857,3.342848,-5.237754,-2.323077,8.099704,2.283458,-2.718745,8.689812,6.274285,-11.128936,1.999033,3.408113,-3.762571,2.863584,-1.850596,2.049578,7.846073,9.432373,3.442760,3.943115,6.821337,3.911543,-3.369859,8.015100,-7.543040,8.135388,17.575140,13.646091,9.403702,19.323109,18.508526,6.248932,16.195562,17.408968,5.276294,5.694994,6.057391,-0.334102,2.786735,10.385225,4.222041,4.599417,12.961487,9.761050,-5.684316,5.575583,5.425514,-3.351513,-0.735363,4.270372,-1.384416,2.429935,8.015134,1.084190,-18.556974,3.223258,4.369528,1.788557,4.756035,5.633567,4.602623,5.382416,3.285513,1.887562,-4.305186,-4.123503,-6.789537,-3.357150,6.619984,2.526114,0.578295,8.345650,4.837097,-3.845639,3.943870,1.054706,-19.076679,-3.247061,-0.602904,-3.580463,1.938467,3.353707,-3.673034,-0.289329,2.447411,-2.718424,-11.393892,0.752416,3.085056,-0.067076,1.878325,4.619984,1.765557,1.491403,2.931982,-1.227573,-1.706434,-0.008998,-6.138775,-6.812931,-0.132842,-3.751166,-8.152055,1.074828,-0.314162,-7.035167,0.378824,0.650437,-7.054822,-3.745654,-0.384877,-4.478007,-10.709003,-4.374949,-1.036561,-5.979589,-11.873348,-0.283706,-5.224138,-6.188408,-1.744834,-8.809484,-4.807524,-4.241002,-12.119527,-5.881490,-4.852293,-10.348382,-5.862076,-0.920027,-10.153094,-3.730774,2.637200,-4.559268,-0.970991,4.414104,-0.664438,0.110749,4.541008,0.561469,-1.515443,2.401849,-0.568076,-6.263562,-4.896291,-7.005154,-5.883610,-2.861961,-10.266523,-1.924806,2.435279,-1.326550,-2.154505,1.352765,-2.700098,-9.783574,-5.497816,-0.903547,-5.495865,-5.137417,5.477829,3.070001,-3.529038,6.229934,5.301637,-5.195009,1.846186,2.603816,-5.890168,-9.168095,-11.346493,-3.089601,-11.055622,-4.639437,0.571563,-2.994603,-9.825067,1.524665,2.463238,-2.532190,-0.581377,3.550706,4.479935,0.883665,0.894474,4.617076,2.925426,-5.273718,-1.054651,0.346200,-12.476569,-14.051618,-7.877350,-10.937113,-5.652002,-3.417976,-4.131917,-10.938002,-1.913810,-4.475708,-17.086407,-5.834805,-14.465233,-6.771235,-9.994496,-6.445577,-0.796233,-3.422893,-2.247824,1.863713,-0.464809,-1.680558,1.333931,-0.508687,-2.414431,-1.707676,-0.482990,-5.068144,-6.000438,0.481160,-1.855062,-6.368387,0.145280,2.902394,-18.714552,0.074501,2.858329,0.010671,-5.013361,-0.446793,3.304064,2.275577,-2.721554,2.378661,7.940384,2.064595,3.251901,8.808680,6.635127,3.540869,7.502674,6.227159,0.642212,5.137473,-0.018969,-11.534461,0.201816,-18.089493,-0.193199,-5.390207,-11.972212,2.781512,0.293742,-2.590129,0.919805,1.339408,0.108072,3.160046,-0.928803,-0.420431,3.331074,-1.068040,-3.095794,-1.593983,-5.502493,-12.471682,-3.852377,-8.343976,-9.356780,-1.735421,1.549070,-2.028854,-0.289592,3.508294,-0.086488,-0.177295,3.589709,-1.685797,-3.264225,2.189708,-3.632444,-11.280127,-3.476898,-4.416227,-14.527507,-9.791979,-15.245491,-22.375462,-4.921989,-3.782631,-7.563124,-4.251761,1.139331,-1.249446,-1.808003,1.831657,-1.321663,-4.367897,-1.983884,-8.502748,-7.876634,-12.490596,-6.889687,-2.434326,0.731883,2.239820,-2.194899,-1.178447,2.944166,-0.400075,-12.026664,-8.082537,-2.208928,0.152959,-0.038975,-9.419078,-3.241141,2.780183,-1.151379,-10.725338,-2.841473,-0.818258,-7.768503,0.166109,-3.756691,-9.340357,-0.326201,-4.476113,-9.642027,-4.549444,-17.816755,-4.931774,-7.349377,1.377369,2.301766,-4.511043,3.266889
[0;32mI (33360) ANALISIS_ESPECTRO: Frame exportado | t=32.70 s | pico=93.8 Hz | 50.1 dB[0m
SPECTRUM_FRAME,33.721906,93.750000,41.860878,hann,512,17.188799,7.500179,36.241505,45.033531,41.203094,31.981609,41.860878,40.638870,28.690241,36.930702,38.260506,26.960064,31.402287,35.241051,26.024378,25.349758,31.945194,25.410769,16.146103,25.391624,22.249317,7.979178,12.710134,10.517897,8.379378,20.711349,20.438671,8.957312,18.728020,22.447815,11.033831,9.384209,18.774080,10.965946,6.323593,15.772949,11.081243,8.240324,19.704634,17.346325,7.260563,20.648706,21.333561,8.857265,18.821737,22.631414,12.301453,14.676317,21.694721,14.738487,9.544670,19.179356,15.500715,7.018430,16.923391,15.494361,6.436005,15.680128,15.680948,6.551060,14.666401,17.087751,9.093944,14.486406,19.791616,13.768251,13.544521,20.801823,16.846407,10.409389,18.024689,16.139872,5.668967,9.739429,9.605435,5.794070,15.042763,17.249760,11.657846,17.035534,21.287422,15.528502,14.100410,19.916224,15.652956,5.880764,10.645661,8.234024,-6.483796,10.723819,11.128233,5.293047,15.931510,18.348009,9.500681,14.577433,19.444019,11.753160,10.748158,17.772160,12.531453,7.370643,15.180122,11.923798,1.510670,12.119772,9.897641,-15.311535,8.624292,11.207548,2.207646,8.508688,14.151944,7.676626,8.011138,13.723581,9.795295,1.536978,9.052979,6.695004,-4.517745,6.583751,0.917446,3.890302,10.218435,10.790781,3.369656,9.978950,13.179842,4.383580,5.744646,11.676253,5.534474,-3.815017,7.650493,3.571153,-7.036673,5.465683,6.204059,-14.552292,5.585544,10.459895,-1.790699,4.471307,11.922062,5.787170,3.702718,11.256563,8.242068,4.250290,9.953002,7.534656,4.092416,8.867246,6.675564,0.809459,6.547508,7.355516,-2.946440,1.913846,6.528108,-0.510266,-0.247904,4.743320,0.153418,-0.453688,5.277156,2.318098,-3.876675,5.065873,5.323395,-2.860530,1.287328,5.275713,1.866181,-3.751047,-1.684211,3.904086,-4.661780,-2.902139,1.546879,-0.480656,-1.782901,0.309490,0.399347,-2.630663,0.423275,-1.931280,6.516906,7.421574,-0.411174,6.743312,11.401241,3.490103,-0.243524,7.860216,5.509954,-8.505493,4.165766,1.573181,3.087810,14.186592,11.522179,6.644230,15.356133,15.891389,7.567500,11.594875,14.449595,6.770804,1.405421,2.450541,-1.013932,-7.837056,7.677877,2.551736,-5.251932,10.160233,8.799238,-10.246478,3.410320,6.167104,-10.708479,3.111804,3.661739,-3.035644,5.319123,8.468448,-0.055994,-1.362163,5.488600,-3.052230,-7.697650,-0.356649,1.616502,1.436067,7.011761,8.213292,4.235486,6.561236,8.692060,4.912133,0.696978,1.921648,1.017074,-4.779514,-2.512207,-4.695631,-5.002089,5.201323,5.754324,-3.609341,3.986106,7.080934,-0.437004,-1.964858,4.001395,-2.220797,-6.305516,5.233799,0.976250,-4.000950,6.743641,5.990179,-1.880350,3.420489,5.421764,-1.546715,-1.806501,1.950636,-5.085173,1.037213,6.046401,-0.850685,1.302520,7.158809,3.697033,0.076594,4.564554,3.214972,-1.631973,2.960424,0.537235,-5.469058,1.686018,0.333942,-11.571555,-5.310225,-4.355850,-9.419643,-12.205107,-12.260731,-2.535475,-3.109563,-2.799691,0.423307,0.655527,-2.170113,-0.826291,1.571950,0.365426,-0.543728,-0.889542,1.048814,2.725960,-3.085648,-3.288975,1.903695,-1.831254,-21.415810,-5.188354,-5.029197,-8.253783,-9.098855,-10.384848,-5.463326,-3.718804,-3.409739,-4.160135,-3.777300,-1.805359,-3.541530,-4.901411,-2.037417,-3.998947,-5.127841,-1.644449,-5.174617,-3.968141,-1.683646,-2.396005,-4.109312,-2.702324,0.117700,-2.005689,-3.710996,-0.609008,1.185945,-4.387943,-1.405481,1.507891,-2.313076,-0.509736,0.790579,-0.615590,-1.109917,0.499675,-1.135455,-3.109673,-2.463469,-3.827934,-8.573168,-12.804197,-9.101048,-18.611746,-4.953157,-4.740390,-5.245067,0.714570,-0.105760,-2.612856,1.427324,1.251757,-2.904588,-2.850753,-1.902889,-4.403023,-9.665374,-16.432875,-7.073045,-3.131591,-1.115820,-6.268382,-3.238261,0.134501,-5.244555,-10.068830,-7.299955,-9.774832,-3.942348,-8.379056,-1.277697,1.888264,-1.028034,2.421743,3.656247,-0.335206,1.531691,2.375020,-2.217149,-1.002560,0.176969,-5.053149,-0.453752,2.363803,-4.683690,0.847199,3.990812,-2.340331,1.802421,3.346323,-2.100158,1.278262,0.611654,-4.753638,-2.338268,-3.266828,-3.225347,-3.561858,1.364380,3.238666,1.725804,5.205899,6.534551,4.166897,6.011018,6.828539,4.497719,4.473118,4.012529,3.185802,0.799622,-1.744754,-1.297689,-2.821906,-4.965367,-19.543758,-2.512547,-7.719463,-4.808164,-3.516279,-3.565619,-2.759169,-4.325000,0.146192,-2.056187,-2.672648,0.428502,-1.533099,-3.250873,-1.304736,-4.775897,-9.390564,-6.687660,-8.757700,-6.955690,-11.476814,-5.147728,-2.177678,-0.815788,-3.224831,-3.662347,1.670848,-2.032157,-5.019460,-0.805570,-1.328840,-3.444426,-13.724884,-3.119506,-8.635550,-5.312431,-5.019352,-12.787957,0.263374,1.349794,-3.127842,1.886517,4.385389,-1.234422,0.215368,3.451338,-1.724925,-6.848617,-4.137012,-4.442390,-3.822966,-3.555387,-10.702258,0.198113,4.211646,-4.732963,-0.635847,5.111826,-0.259927,-4.734917,1.069163,-0.717960,-8.345847,-9.328442,-8.177741,-6.852858,-1.785521,-5.047653,-4.194736,0.177911,-0.780576,-1.911625,-0.198475,-2.687700,-2.253713,-1.375808,-6.123054,-7.398315,-4.537972,-6.177196,-3.745981,-10.137634,-5.805714,0.796437,-6.482110,-4.293567
[0;32mI (34380) ANALISIS_ESPECTRO: Frame exportado | t=33.72 s | pico=93.8 Hz | 41.9 dB[0m
SPECTRUM_FRAME,34.744271,93.750000,24.409693,hann,512,6.399564,16.658016,19.938269,28.820868,25.135979,14.609131,24.409693,23.720695,9.990943,15.473810,18.166124,7.320136,15.552764,16.493290,4.461311,16.757118,21.592926,8.719738,12.093676,21.988840,12.813954,-0.683785,18.438301,12.707133,8.238724,12.517973,11.600149,10.018205,14.811486,16.265982,11.120563,15.601097,19.373022,14.696469,12.419810,19.574221,17.194904,6.965135,17.050560,17.384163,7.989022,11.585112,15.078473,7.262755,6.822189,11.768533,-3.051947,8.506614,13.035158,7.698432,9.255248,14.316521,13.317237,9.615576,12.609247,14.365541,9.760178,7.784131,12.725259,8.911826,6.594404,13.358280,8.531624,9.312106,16.793274,11.757793,9.488923,18.137058,14.897148,8.160491,16.902798,15.762458,7.804151,13.693561,14.211952,9.408668,12.390821,12.721411,11.397429,13.672414,15.004491,13.202251,13.542582,16.405487,14.272692,11.558233,15.169849,13.613706,7.998801,11.007288,9.896025,3.257501,5.262956,1.882378,2.653224,6.212806,7.499387,6.980023,7.428458,10.608061,9.542971,6.660386,10.050254,9.910888,4.900394,7.056382,8.201027,2.963980,3.530341,4.424675,1.923597,4.156385,0.028673,3.175166,7.095725,2.527964,5.813290,9.460340,6.972287,8.293763,10.820293,9.664452,10.135605,11.133824,10.550741,11.127101,10.308264,9.416324,10.942787,8.014807,4.948753,8.945984,3.163901,-7.696466,3.554363,-13.183121,5.894861,1.951920,0.533847,10.380995,8.983511,6.927612,11.517019,11.642284,9.797417,10.739475,11.306223,10.653005,8.925243,8.520761,9.697137,7.067960,5.620450,7.640999,5.790398,5.924037,7.169753,5.084797,5.361322,7.724550,4.812990,2.142761,6.520228,4.480347,-2.775077,3.819540,3.947307,-3.792959,3.241107,4.520487,-0.819386,3.645464,5.807976,2.636979,2.226479,5.775321,5.020627,0.085350,3.639468,5.599614,0.571095,-0.451448,4.461976,1.801620,-5.548969,3.257048,1.132162,-12.563572,2.745556,-1.946959,-16.888859,-0.887461,-9.810411,-12.150499,-10.277481,-2.741162,-4.058390,1.859226,7.055048,2.649546,5.179160,11.615099,7.300034,5.150395,13.118359,10.146066,3.785517,12.000654,10.827588,2.731011,8.076844,8.549076,1.871266,0.350369,0.565434,-0.797913,-12.829303,-0.975000,-3.523574,-12.649613,4.904838,1.695173,-13.429850,4.747210,3.903522,-7.887754,1.975376,2.718560,-3.834362,-1.253222,1.928576,-2.784652,-5.553389,3.477627,-0.593114,-13.357902,3.011167,2.198735,-14.275823,0.270056,2.490592,-5.624445,-1.771065,1.559387,-1.766604,-3.599047,3.130168,-0.110201,-8.168832,4.248267,1.962521,-9.864890,2.462099,3.302647,-7.895897,-3.099829,2.018557,-5.920727,-9.722056,-1.665450,-4.466486,-7.031427,-0.412136,-2.502900,-6.151790,2.084271,0.835819,-5.335155,1.758972,2.912189,-3.462034,-0.884812,2.916251,-1.803818,-5.351751,1.032588,-1.606021,-13.812065,-2.666731,-3.835090,-17.249191,-9.958447,-10.765770,-8.781557,-7.854348,-12.904309,-8.070796,-1.120194,-3.871742,-10.427542,1.110627,-0.094273,-8.486570,0.509779,1.168652,-4.716111,-2.258131,0.143091,-2.412638,-5.356157,-3.649182,-1.040386,-5.227670,-10.808149,-0.316079,-3.147176,-14.126487,-0.108402,-1.406555,-17.409189,-0.608805,-0.895930,-17.558250,-2.642903,-1.930239,-9.652213,-7.692757,-5.152430,-7.951397,-13.021659,-13.295589,-9.859861,-7.694855,-8.892391,-9.412082,-5.788119,-2.996564,-3.794437,-6.308343,-1.319126,-0.517875,-6.629486,-2.355861,0.141190,-4.976506,-6.315377,-1.825302,-3.745458,-17.475492,-7.327296,-4.431588,-14.729952,-15.006798,-7.310104,-8.534012,-9.577654,-10.840856,-7.745784,-8.076309,-10.742552,-8.880826,-10.066710,-10.554068,-8.594120,-16.314323,-12.836187,-8.011887,-19.792322,-15.943481,-11.330444,-13.527660,-15.825722,-26.246552,-13.975090,-16.669128,-8.893848,-11.983747,-20.627707,-5.542592,-4.925603,-16.701033,-6.841887,-1.868395,-8.620589,-12.248165,-2.448423,-4.145291,-13.481974,-7.643782,-2.830654,-8.483337,-30.170372,-4.518232,-5.929735,-11.726904,-8.100206,-6.646223,-11.915466,-9.933599,-13.068509,-25.925777,-14.462276,-11.548643,-8.857870,-8.690945,-5.754577,-1.761870,-1.611668,-3.521350,0.694322,1.585907,-1.388736,-0.590272,2.363055,-0.020689,-4.967471,0.406637,-0.471024,-2.035212,-4.882189,-2.520288,0.879825,-1.755477,-4.010797,0.112559,1.617375,-2.537756,-4.147177,0.261669,-1.641966,-13.538641,-8.567978,-4.290110,-25.672848,-7.746232,-8.860668,-13.495568,-2.094670,-2.306079,-8.686342,-3.376231,-0.105611,-5.637550,-11.114927,-3.003314,-4.481655,-15.771057,-19.666662,-5.448833,-11.085315,-5.157066,-7.545669,-13.677846,-1.917688,-7.950311,-9.031372,-4.615687,-9.163734,-4.822774,-16.373142,-18.187532,-4.156561,-6.300000,-10.699425,-5.047571,-3.421553,-4.181396,-3.654665,-6.375242,-2.971604,-1.471503,-12.342720,-6.256194,-1.181949,-4.998357,-19.639734,-3.509271,-2.657753,-6.955882,-10.241295,-4.104993,-3.240953,-16.531502,-7.136626,-3.993223,-8.479712,-5.809203,-9.320532,-7.019755,-4.056708,-20.891745,-8.546673,-4.663698,-7.662117,-11.020399,-6.142138,-3.808404,-9.266725,-6.266025,-2.369053,-6.400678,-7.684015,-1.968925,-6.111333,-14.573130,-2.737922,-9.029227,-13.523209,-4.348330,-14.428596,-7.704663,-3.641356,-10.553275,-6.647987,-2.057232,-6.003350,-7.540245,-2.529200,-4.185163,-8.877516,-4.344678,-4.453765
[0;32mI (35410) ANALISIS_ESPECTRO: Frame exportado | t=34.74 s | pico=93.8 Hz | 24.4 dB[0m
SPECTRUM_FRAME,35.766638,156.250000,21.365168,hann,512,-12.287390,0.765237,11.553801,21.684128,19.524647,-2.998799,20.012600,20.898167,8.024888,17.660692,21.365168,14.107861,14.450624,21.306469,17.107029,8.282495,20.708996,19.235994,-4.612995,19.143068,20.780380,10.764555,16.013239,21.314053,15.693482,10.112124,20.560120,18.196650,-4.756865,18.613407,19.344578,8.101539,15.897384,19.638960,13.214425,12.392253,19.480213,15.655767,5.955456,18.817541,17.359692,1.773593,17.095106,18.701656,10.547630,13.556806,19.140242,14.413736,6.966082,18.222038,16.261429,2.496843,15.947060,16.896330,8.872139,12.927382,16.783083,12.112217,9.692233,16.395758,13.547743,4.992417,15.657393,14.435907,4.023992,13.767836,15.362891,9.517630,9.614016,15.650423,12.533644,1.932315,14.458830,13.719901,3.935536,11.460076,13.675455,8.674479,7.493267,12.927814,10.854256,4.900076,12.230910,11.644403,2.936242,11.518476,11.943476,4.869733,9.506021,12.489811,9.161146,4.562373,12.677693,11.621919,-0.654146,11.412825,12.396444,5.103116,8.184510,11.930182,8.335796,4.509943,10.885453,9.784359,3.796664,10.285282,10.289974,2.635868,9.945184,10.480585,2.483939,8.382838,10.941315,6.564179,4.227368,11.159674,9.398911,-2.686038,10.132313,10.284040,0.327259,7.436982,9.771332,3.883066,4.209261,8.939162,5.739747,2.628958,9.013721,7.050643,-0.517470,9.194793,8.311983,-7.779683,7.988328,9.549757,2.279261,4.517857,10.140891,6.882711,-2.037420,9.522678,8.407912,-6.434846,7.705603,8.421134,-2.020769,5.644706,8.472090,1.811559,4.170506,9.272503,4.897240,1.417138,9.659576,7.218470,-8.219565,8.671676,8.753852,-3.830794,6.005156,9.333968,3.370173,1.649997,8.814957,5.510170,-4.627162,7.296218,5.644855,-18.042105,5.298749,5.771461,-6.124666,3.458090,6.756679,0.264658,1.454078,7.244437,3.550302,-1.143888,6.298760,5.251477,-1.319435,3.764782,5.721552,1.091968,-0.049160,5.090257,2.175168,-3.978796,3.540520,1.684000,-5.587963,1.452730,1.396121,-3.961004,-0.489291,2.647379,-1.543920,-1.602634,3.743243,0.359944,-1.866156,3.639128,1.575543,-1.710301,2.318805,2.147649,-1.627658,0.096006,2.213764,-2.010837,-2.334208,1.962749,-3.038813,-4.115275,1.516671,-4.257185,-5.505819,0.920152,-2.913366,-7.417441,0.417955,0.502041,-9.128286,0.289834,2.799443,-6.961042,-0.134029,3.376143,-3.372972,-2.202093,2.427978,-1.018707,-7.288306,0.511550,0.215851,-12.010012,-1.427698,0.698076,-10.228518,-3.043142,0.447747,-11.200598,-5.168413,-0.474242,-5.929251,-8.939312,-1.279102,-1.323108,-13.566631,-1.675639,0.177740,-10.167387,-3.261552,-0.740523,-6.775727,-8.128950,-3.457687,-5.206064,-16.669579,-6.163963,-4.430581,-12.589533,-6.781782,-4.492624,-15.604889,-7.324991,-5.362249,-17.350807,-9.776312,-5.139290,-7.192209,-15.421258,-3.822848,-4.326441,-18.139841,-4.132757,-4.878337,-14.470911,-7.588892,-7.801124,-14.088591,-11.498736,-8.862065,-14.283180,-6.865156,-6.074918,-14.162691,-4.902694,-4.415842,-16.016571,-6.445883,-4.507319,-13.011372,-12.405424,-5.889516,-7.939355,-41.072788,-7.341476,-6.163239,-16.808926,-7.839137,-7.692832,-17.677170,-8.706074,-11.974441,-23.198246,-11.117845,-9.627979,-12.999538,-14.374216,-6.288711,-9.015205,-16.337793,-6.249484,-8.581106,-14.817401,-9.361300,-10.910223,-11.029740,-15.123365,-14.499465,-9.419996,-15.797556,-15.448779,-11.449647,-16.730762,-18.004370,-19.153641,-24.903839,-28.025200,-14.178287,-13.182615,-18.536699,-10.278687,-8.432905,-15.391854,-11.687345,-7.742310,-12.858969,-18.957701,-10.341438,-8.680516,-12.297451,-17.068722,-6.329078,-7.481822,-30.328405,-6.460365,-6.770716,-25.429838,-9.096919,-9.303663,-16.141373,-14.473503,-12.529745,-11.681664,-20.903032,-9.084120,-10.237787,-15.643181,-6.588239,-9.290322,-9.373962,-6.261459,-7.233048,-5.526909,-7.085100,-5.797284,-3.849864,-8.253920,-6.045732,-4.346062,-8.674670,-7.951311,-7.228845,-7.343209,-11.053007,-9.884363,-5.911150,-14.429168,-7.019732,-5.492903,-14.211250,-5.154870,-5.325000,-9.565333,-5.648993,-4.484713,-5.840870,-8.044474,-3.885043,-3.997678,-11.845955,-4.608823,-4.210959,-15.853289,-7.049038,-7.008478,-15.270015,-11.133751,-11.855904,-12.562056,-14.390916,-8.742967,-11.604181,-13.107903,-5.487406,-11.507955,-11.188959,-5.221112,-10.420549,-10.116402,-7.669826,-9.374027,-9.991690,-13.861152,-10.065246,-11.471680,-27.821703,-13.429287,-16.588858,-18.163588,-21.131737,-21.713457,-16.455086,-20.015249,-12.241571,-17.985178,-15.154753,-8.982477,-19.958218,-14.152384,-9.185992,-19.397833,-16.314610,-13.532553,-17.906214,-23.046787,-25.409225,-18.326273,-17.350822,-12.459598,-23.322388,-12.242274,-9.191126,-21.977985,-11.564510,-9.859448,-13.914857,-14.529971,-13.053240,-10.535515,-13.991821,-14.879000,-9.601153,-9.927297,-14.149014,-10.561866,-10.091763,-14.119404,-13.243036,-17.950821,-13.805454,-12.442904,-15.523329,-14.624400,-8.284170,-8.101617,-20.804312,-6.900670,-7.005160,-21.694592,-9.571181,-9.641906,-13.585579,-22.109364,-14.176587,-11.593147,-12.260981,-13.134574,-12.381899,-9.037788,-12.031518,-14.623173,-13.221940,-12.987927,-13.503258,-19.149845,-15.404233,-9.604383,-8.369230,-18.837261,-8.442829,-6.604083,-14.153062,-12.255354,-9.797716,-10.198579,-22.107380,-16.663223,-9.468242,-8.463790,-10.545193,-10.824920,-5.876889,-8.145939,-11.988587,-8.828388,-8.912783,-10.908137
[0;32mI (36440) ANALISIS_ESPECTRO: Frame exportado | t=35.77 s | pico=156.2 Hz | 21.4 dB[0m
SPECTRUM_FRAME,36.788993,109.375000,15.557083,hann,512,-1.730465,7.311480,9.134981,15.316205,14.667242,8.013611,13.639709,15.557083,10.831135,10.957663,15.484158,13.366269,8.046219,14.528776,14.911629,8.544489,12.414368,15.476662,11.741316,8.835937,14.936449,14.026364,6.701286,13.145242,14.953701,9.696473,10.062875,14.750919,12.381330,6.564738,13.596262,13.823165,6.861015,11.347904,14.298831,10.122471,7.453630,13.751241,12.535372,4.008656,11.872700,13.551464,7.570601,8.235971,13.260192,10.708103,3.261624,11.789070,12.107329,3.946593,9.079135,12.364151,7.808175,4.399137,11.641420,10.282601,-0.958368,9.579092,11.329826,4.536476,5.197664,10.957575,8.335170,-3.527223,9.083345,9.715408,0.326615,5.422311,9.594071,5.324940,-1.568343,8.356685,7.548938,-8.524465,5.723828,8.312979,1.888278,-0.011535,7.662573,5.719605,-21.094524,5.165590,6.826910,-0.417337,-0.325835,6.054437,3.647707,-14.540334,3.659540,4.822422,-3.673107,-0.754341,4.585830,1.594874,-9.047981,2.970452,3.792077,-3.801649,-1.068440,3.961812,1.475588,-8.640053,1.965037,3.224094,-3.435970,-3.107902,2.797703,0.734718,-13.980392,0.687548,2.298353,-5.608831,-3.505110,2.555055,-0.177625,-14.870846,1.419254,2.405741,-6.253244,-2.379416,2.956505,0.097589,-15.590818,1.407030,2.305833,-7.031801,-2.781714,2.356606,-1.110651,-12.252598,1.040456,1.085972,-11.632539,-1.501609,1.992867,-3.315754,-7.227001,1.752893,0.558944,-18.907297,-0.430582,2.046494,-3.912182,-6.517501,1.467752,-0.014567,-22.017450,-1.140400,0.920554,-6.310038,-6.054602,0.390770,-2.422537,-17.112711,-0.992259,-0.488240,-11.994901,-3.928605,0.296068,-3.957026,-11.569845,-0.575490,-0.896989,-11.976488,-3.859456,-0.461730,-4.807358,-11.086373,-2.035483,-2.709821,-14.696993,-5.177815,-2.514228,-8.283772,-9.474631,-3.037932,-4.775457,-11.586979,-4.398478,-2.966413,-7.097518,-6.997303,-3.009591,-4.079862,-8.197345,-5.033502,-3.559664,-6.356830,-8.324362,-5.078275,-5.263071,-9.455653,-7.929483,-5.206994,-7.469197,-10.459276,-5.593095,-5.112352,-9.183827,-6.942008,-3.831758,-5.676901,-9.317812,-4.437139,-3.626065,-8.697015,-7.495844,-3.605762,-6.156443,-13.021849,-5.390924,-4.984013,-13.425699,-8.398561,-4.628665,-9.114739,-12.645292,-4.554556,-5.603993,-16.218407,-5.683941,-3.608465,-9.283711,-9.620325,-3.617794,-5.314934,-16.513277,-5.966339,-4.287694,-11.591325,-11.235693,-5.146583,-8.386618,-21.802811,-6.692798,-6.899145,-21.780857,-8.508119,-5.622956,-11.382661,-12.723421,-5.431304,-6.885321,-19.184032,-7.531178,-5.515672,-11.425211,-13.520168,-6.707678,-8.470859,-25.631693,-10.173967,-8.542959,-17.283695,-14.767880,-9.407637,-13.920704,-20.239601,-9.767093,-10.688163,-22.003922,-11.321349,-8.842674,-13.210667,-15.806350,-9.495803,-10.113144,-17.461308,-13.135002,-10.455845,-14.266722,-20.332451,-13.599913,-14.238321,-24.569191,-18.206984,-15.610967,-22.040897,-20.316414,-15.004444,-16.789028,-19.126064,-14.335113,-13.467368,-15.393195,-14.779285,-12.811600,-13.186630,-14.876650,-14.102514,-13.449968,-14.927484,-16.278522,-15.971796,-16.529953,-18.634378,-19.728138,-19.018669,-19.705723,-20.212200,-18.116987,-16.927328,-16.729092,-15.495324,-14.290121,-13.950871,-13.681910,-13.161756,-12.877504,-13.073545,-13.205409,-13.345517,-13.991764,-14.424529,-14.997648,-16.459347,-16.971149,-17.063036,-18.897093,-18.650661,-16.627485,-17.249367,-16.967413,-14.117218,-13.691109,-14.914121,-13.026806,-11.472697,-13.018024,-13.944849,-11.397408,-11.811123,-15.624999,-13.923368,-12.234460,-16.069948,-19.659199,-14.070507,-15.970530,-26.522041,-14.554454,-13.951490,-23.474110,-14.148848,-10.950116,-15.284099,-16.541666,-9.984484,-10.762834,-19.130753,-12.157104,-9.483346,-14.208548,-19.935431,-10.984671,-12.112336,-28.956295,-13.999784,-12.289639,-20.547668,-14.835464,-11.299272,-16.990610,-17.071993,-9.825572,-11.349396,-43.714142,-10.967392,-8.652403,-14.816359,-17.500927,-9.151777,-10.329743,-21.778259,-12.634307,-10.153116,-14.221073,-14.998237,-11.518973,-13.587057,-14.059838,-10.770053,-12.631197,-16.808912,-10.416002,-9.599137,-15.875872,-13.799885,-8.847127,-10.459433,-18.393169,-11.458088,-9.152774,-12.398767,-15.160838,-11.069571,-10.768586,-12.488626,-12.598206,-12.347569,-11.839652,-10.886555,-11.996002,-13.965454,-11.381736,-10.017830,-12.210937,-14.562033,-10.942216,-9.837824,-12.461140,-14.664699,-10.902867,-9.852045,-12.653733,-14.728350,-10.863691,-10.077034,-12.921333,-14.295143,-11.049385,-10.708855,-13.029890,-13.550339,-11.910758,-11.646688,-12.185574,-13.125244,-13.799751,-11.672155,-10.772977,-14.027031,-15.443209,-10.353142,-10.352013,-17.131708,-13.909351,-9.618099,-11.827217,-19.133507,-12.179142,-10.775906,-14.650134,-15.293039,-12.599714,-14.016875,-14.123713,-12.807283,-15.871288,-15.577731,-11.198519,-12.746644,-23.404158,-12.367068,-10.139654,-15.609501,-19.097292,-10.776739,-11.597750,-23.441597,-14.756608,-11.864409,-16.416800,-18.420677,-14.121251,-16.899111,-17.253878,-13.513897,-17.136690,-21.200356,-12.324763,-12.748739,-28.113182,-14.344999,-10.879005,-15.509749,-23.011686,-12.195207,-12.823334,-25.589741,-16.750080,-13.920708,-19.342911,-19.751688,-16.024269,-21.309689,-18.358181,-14.162445,-18.706078,-22.152359,-12.791145,-13.412981,-26.276949,-14.593805,-11.776219,-16.839096,-21.705210,-13.288847,-14.584608,-32.684204,-17.528131,-16.044695,-23.454109,-18.434765,-17.085541,-28.961897,-16.800709,-13.871187,-20.433453,-19.244785,-12.388561,-14.094563
[0;32mI (37480) ANALISIS_ESPECTRO: Frame exportado | t=36.79 s | pico=109.4 Hz | 15.6 dB[0m
SPECTRUM_FRAME,37.811355,93.750000,15.322365,hann,512,-19.341349,9.343024,13.273015,15.881746,14.376190,13.052979,15.322365,14.912546,13.187483,14.480251,15.246142,13.613852,13.510054,15.298794,14.161758,12.637544,15.045748,14.638231,12.105865,14.509184,14.892981,12.054052,13.756744,14.839447,12.422039,12.903593,14.452100,12.993906,12.106648,13.761277,13.526608,11.527304,12.851335,13.836727,11.253944,11.854209,13.816259,11.243005,10.927396,13.416712,11.354759,10.220827,12.633430,11.445587,9.840486,11.501011,11.425377,9.794724,10.101156,11.258505,9.955331,8.580987,10.934020,10.112879,7.170778,10.431816,10.085499,6.157808,9.707555,9.782811,5.754223,8.708571,9.217876,5.936735,7.418472,8.492954,6.475564,5.921689,7.745123,7.105629,4.459835,7.045620,7.625275,3.377884,6.340443,7.902651,2.931288,5.519224,7.860649,3.227008,4.550808,7.472705,4.231102,3.593222,6.773039,5.627297,2.996065,5.873187,6.964703,3.043669,4.954374,7.933390,3.659038,4.202435,8.399229,4.562927,3.751485,8.332377,5.548425,3.742620,7.762258,6.502023,4.318208,6.772614,7.336096,5.385585,5.525933,7.962121,6.589296,4.303524,8.298120,7.597626,3.513992,8.282069,8.245207,3.537092,7.885008,8.498055,4.388579,7.134597,8.396908,5.676024,6.163907,8.017464,6.956760,5.263824,7.434869,7.951760,4.797320,6.695452,8.523892,4.889524,5.827097,8.610034,5.331818,4.918333,8.178328,5.872787,4.226636,7.211320,6.376398,4.098630,5.711229,6.757442,4.562438,3.739269,6.910388,5.227809,1.526161,6.704507,5.693450,-0.331621,6.007512,5.746264,-0.979320,4.703590,5.306325,-0.258870,2.724205,4.357577,1.095749,0.193143,2.919488,2.388137,-2.130052,1.036829,3.233197,-2.987708,-1.255913,3.417951,-2.742303,-4.056851,2.778423,-2.594666,-7.854828,1.108573,-2.810971,-14.000162,-1.944573,-3.013237,-17.648943,-6.842471,-2.860442,-11.208812,-10.150349,-2.573812,-8.093568,-6.975036,-2.617483,-7.387928,-5.052130,-3.196199,-8.671054,-5.299804,-4.032007,-10.764804,-7.715474,-4.303605,-8.171597,-12.407365,-3.610365,-3.681876,-12.542992,-2.732805,-0.583979,-8.050107,-2.456372,1.219564,-5.395197,-3.090614,1.982661,-3.828895,-4.526180,1.843381,-2.381459,-5.529308,0.866168,-0.690602,-4.121031,-0.908656,0.915074,-1.578665,-3.360794,2.025411,0.465817,-5.908255,2.432975,1.738917,-6.811021,2.057321,2.329784,-5.109478,0.876342,2.364436,-2.486657,-1.006786,1.957267,-0.127030,-2.993417,1.195966,1.623490,-3.709755,0.116855,2.666275,-2.899525,-1.304661,2.960679,-1.805669,-3.047198,2.464532,-1.000299,-4.581075,1.103610,-0.449819,-4.498636,-1.256750,-0.051187,-2.764504,-4.843459,0.154953,-0.953865,-9.851330,-0.004243,0.172386,-14.164440,-0.751028,0.454934,-12.626015,-2.338585,-0.142436,-9.690094,-5.121267,-1.652159,-7.096686,-9.587090,-4.060042,-4.991961,-13.639395,-7.013184,-3.624219,-10.785593,-9.330297,-3.155149,-8.166332,-10.460330,-3.686570,-7.489520,-12.100817,-5.330368,-8.334931,-16.283806,-8.100161,-9.753839,-22.447403,-10.743503,-9.332208,-15.600777,-10.105173,-7.108140,-11.696143,-8.227041,-5.334178,-10.698904,-7.526578,-4.673905,-11.727762,-8.474603,-5.159943,-12.968046,-11.583426,-6.729760,-10.395389,-16.899645,-9.098743,-6.751309,-13.238581,-11.316767,-4.323298,-8.120817,-12.652872,-3.128659,-5.334920,-14.698201,-3.012118,-3.991359,-20.338009,-3.922543,-3.612971,-17.086388,-5.929414,-3.880202,-9.523956,-9.178281,-4.508615,-5.432882,-12.942394,-5.311566,-3.193468,-12.570561,-6.364329,-2.228135,-9.353716,-8.001167,-2.315620,-6.839000,-10.374127,-3.396500,-5.116386,-11.474556,-5.530380,-3.965087,-8.732565,-8.917741,-3.317348,-5.598264,-13.845402,-3.220064,-3.565236,-17.853186,-3.778936,-2.598160,-14.580770,-5.113587,-2.564910,-10.673784,-7.198562,-3.398097,-7.746894,-9.057991,-5.092342,-5.619080,-8.423438,-7.684307,-4.252277,-6.217685,-11.096302,-3.662316,-4.431314,-13.913064,-3.878658,-3.463471,-12.693843,-4.931197,-3.245594,-9.538355,-6.749304,-3.664316,-6.855488,-8.677914,-4.618434,-4.934863,-8.969217,-6.017051,-3.755668,-7.471365,-7.726214,-3.298546,-5.888526,-9.300579,-3.559223,-4.882651,-9.594076,-4.529331,-4.451799,-8.082640,-6.126230,-4.469796,-5.993567,-7.962325,-4.831287,-4.272396,-9.045593,-5.491815,-3.179786,-8.692174,-6.448052,-2.749768,-7.656467,-7.621981,-2.971566,-6.714231,-8.617120,-3.826028,-6.065561,-8.687441,-5.268919,-5.710617,-7.688666,-7.154016,-5.665760,-6.391442,-9.053347,-5.998240,-5.418689,-10.171865,-6.790128,-4.994339,-10.058969,-8.080854,-5.167494,-9.199229,-9.755444,-5.934865,-8.220223,-11.312179,-7.269167,-7.472453,-11.908879,-9.102221,-7.153477,-11.462684,-11.270760,-7.400147,-10.794487,-13.399876,-8.321312,-10.491180,-14.745469,-10.014014,-10.758085,-14.595364,-12.554310,-11.657623,-13.376816,-15.861011,-13.202002,-12.107630,-19.079311,-15.322433,-11.384444,-20.304016,-17.754572,-11.455534,-19.871080,-20.044945,-12.469341,-19.464643,-22.106579,-14.613539,-19.660706,-24.598194,-18.260902,-20.742641,-28.065781,-24.427301,-23.289463,-30.349066,-39.049461,-29.088270,-29.014111,-34.470879,-48.566528,-28.339254,-30.452709,-27.698822,-29.923906,-30.711563,-22.993256,-32.105061,-31.796839,-21.042414,-29.194599,-31.960846,-20.474957,-25.840302,-31.156511,-20.688919,-24.410009,-29.033417,-21.170685,-24.689545,-26.413803
[0;32mI (38480) ANALISIS_ESPECTRO: Frame exportado | t=37.81 s | pico=93.8 Hz | 15.3 dB[0m
SPECTRUM_FRAME,38.833716,2000.000000,51.173473,hann,512,14.288071,24.210451,35.803715,43.633389,39.924057,14.913726,7.386347,10.735849,10.875735,26.837912,27.765577,20.122339,26.318928,29.029970,19.170019,25.627813,30.870434,22.433590,11.834025,26.253571,23.252777,15.726444,25.546762,23.602520,9.762425,22.778278,24.420113,18.154512,20.970858,22.538385,14.922377,19.366976,23.474272,15.081461,21.026814,27.639896,20.851418,19.663700,24.661085,18.939568,5.732655,19.860029,20.381897,5.676305,18.078272,16.781702,8.741814,15.276747,18.349974,8.073749,5.539187,18.139040,16.582558,12.875191,22.535740,20.742409,10.381458,18.391996,20.133472,10.690985,20.941238,25.763819,17.847216,13.391599,19.767117,14.913185,19.274132,25.794506,19.553505,8.537663,16.593559,14.451609,13.058559,20.544960,20.479733,9.277791,12.392701,11.746011,9.569978,18.704329,19.837019,10.622910,13.838703,19.621389,18.926186,18.490660,20.213589,17.681406,14.541593,19.451702,21.688725,18.009708,18.813038,20.853395,16.540432,17.439617,19.773748,13.328156,13.402181,16.863554,15.488029,15.798906,22.209782,21.419178,15.601326,16.759686,16.971390,1.315448,22.850227,25.911245,20.197285,14.596027,20.287945,15.076450,18.850267,25.631092,18.703949,14.198870,24.459257,21.934786,14.345302,24.901154,25.469706,26.702599,38.014160,38.456333,32.891277,47.782280,51.173473,41.682335,37.553181,38.837994,31.588043,22.663870,22.330416,19.352472,23.706778,28.009813,26.287392,18.380463,20.684586,22.887772,13.835416,22.152559,25.223751,4.630305,14.325893,20.811172,17.975830,15.791451,22.434809,19.120695,17.806707,22.627617,23.803211,21.333817,12.767142,17.922943,11.760204,18.697304,20.897894,10.028864,18.563253,21.508829,11.606622,13.479968,21.913301,18.361008,8.248766,19.385023,17.398928,13.778134,18.750317,15.778563,15.640606,18.606361,17.549669,6.774694,14.806476,18.242971,7.567546,16.508060,19.982315,15.700380,8.278221,13.768768,11.744586,6.035156,13.396322,13.038610,3.829673,7.693878,11.085148,13.880217,12.384050,17.801666,12.943666,1.917136,10.318542,11.581445,10.265633,15.939322,14.465867,-5.282021,6.314981,15.011144,14.649961,14.662184,3.265630,13.357077,15.435342,9.599331,16.659382,15.125731,6.405312,9.344146,12.816262,18.095453,17.192715,-0.583062,17.952110,16.593212,10.532966,-3.424507,5.539396,15.429672,18.620495,17.621855,18.081892,21.917778,21.854677,18.283798,15.752292,17.662237,13.480175,1.956015,9.748316,9.861029,13.600769,21.301439,21.019926,5.975848,2.991740,6.665605,8.857857,7.220068,17.113277,18.971767,21.039419,24.046116,20.538033,18.831202,25.238371,27.391209,29.590424,42.252480,42.917179,33.113884,29.178743,23.083340,12.743907,17.669870,19.642912,14.648923,8.531654,3.667034,14.020845,17.415894,15.775333,8.897151,-27.633589,11.745686,13.396207,17.186167,15.114245,-2.131360,2.370784,6.992346,8.404230,11.316587,13.055326,20.634556,22.342171,20.149025,15.548440,12.798769,9.748105,11.523547,14.838303,11.767437,16.562460,16.744057,4.292959,17.345745,14.254369,4.515302,8.413853,6.270800,11.952549,14.453578,-0.134444,6.722484,12.042924,11.310798,4.048654,7.599016,3.730352,2.776816,8.038299,10.792171,4.114688,-4.908292,2.840187,9.434582,-3.056067,5.980443,6.681189,10.360590,9.357574,0.132091,11.528645,8.115351,-7.490623,-2.233027,-15.102445,1.972016,14.576255,14.543019,10.219842,10.794536,11.945724,13.551239,14.119729,17.960022,17.526810,15.238509,8.510936,11.427011,16.145874,15.179635,12.980813,15.883936,14.078552,15.497371,14.520570,6.697212,16.117844,18.132097,14.016815,18.022097,16.237219,14.731665,13.353168,10.157475,9.327956,12.172523,17.688320,20.457031,20.382973,17.772266,7.841265,10.915628,13.690243,6.928041,10.473419,17.453152,20.878204,19.682365,11.386948,0.494122,10.522151,12.662449,11.582556,7.348826,20.679361,20.627134,20.510014,22.394621,20.221981,18.582996,23.370583,23.117311,31.455647,40.156826,39.143135,34.607346,31.100657,24.543873,22.257454,18.310478,14.794777,21.891869,23.649311,23.237377,20.488703,10.221531,15.811759,15.448381,12.803978,11.703653,14.285635,12.780033,15.349615,18.913036,17.534054,9.892554,10.900191,16.694067,18.010563,18.372032,21.278744,19.447723,15.906018,11.748743,9.579211,12.949892,12.854028,13.518802,14.104337,17.161627,11.745644,12.856170,16.153681,14.039187,9.221066,16.079481,11.057798,15.319151,16.915615,15.657457,16.759756,15.829668,11.715029,14.799743,17.042418,15.262066,8.379164,12.848598,15.174488,12.418978,7.796058,11.264528,9.596449,9.078965,-3.939475,3.685979,9.836443,7.875211,7.526837,5.525997,8.268341,2.773917,5.106037,-4.899323,-18.967136,9.151186,11.813106,8.043574,-3.998548,7.269917,12.216707,12.374696,2.861754,5.907074,9.809950,13.315235,13.299507,3.658407,4.890297,8.778870,10.871243,-0.343767,3.508080,12.410413,8.408504,10.490702,13.186007,13.997693,14.807796,13.431355,15.043649,13.680202,8.517810,11.853867,15.175609,17.572794,19.768360,19.169050,14.561347,15.210382,7.861221,-0.859749,9.378897,10.653479,21.890804,26.161650,21.808456,5.318608,13.138055,14.176445,10.655961,18.627728,21.336227,18.197268,14.707159,6.211275,5.879015,16.233604,17.290174,21.140451,31.179665,37.604553
[0;32mI (39490) ANALISIS_ESPECTRO: Frame exportado | t=38.83 s | pico=2000.0 Hz | 51.2 dB[0m
SPECTRUM_FRAME,39.856087,2000.000000,51.098427,hann,512,8.684161,22.818699,35.700813,44.119457,40.717205,22.708380,9.827958,15.513974,9.762215,26.729504,29.746159,22.737255,27.829161,30.875095,23.955685,26.374439,32.077202,26.336441,19.457039,27.669374,24.217754,13.625965,24.014864,25.034145,18.329918,24.532887,26.673861,17.521921,20.754639,25.571806,17.318056,16.418936,25.565035,20.819628,17.218641,28.581314,27.452862,16.847475,24.039957,25.617769,18.708494,24.080908,26.142067,18.005430,20.635233,25.647829,19.588354,17.338284,22.611923,18.279493,13.292154,21.389175,19.161989,0.615842,9.716370,17.813469,11.018415,13.820586,18.811552,11.502663,13.023582,20.397240,16.559286,14.796408,20.785259,19.271017,13.419319,19.473766,18.408611,14.057607,18.224569,20.676521,15.600182,14.201630,16.225403,18.060644,20.475143,16.038788,12.332339,16.344017,21.867157,17.925112,16.193045,22.228701,19.532280,16.248600,22.929533,21.368807,14.912058,21.889517,19.700600,15.417076,24.762125,26.261484,20.228102,21.220625,22.363091,14.250172,16.140781,21.999020,15.272429,18.111975,25.598957,20.445097,11.024198,20.656666,19.909174,14.459948,24.264967,24.697273,14.459191,22.695946,26.195509,15.727869,16.384546,25.965879,23.988037,23.891075,28.201275,22.661644,5.241962,22.427454,23.787498,26.536957,38.103432,37.868103,31.122211,47.638626,51.098427,40.899658,38.647655,40.192497,32.251175,23.295610,23.840755,17.827375,5.916723,19.799229,22.345602,21.356972,23.888958,19.730179,5.722172,21.372366,27.195518,18.663626,2.545245,15.867878,13.746258,14.211751,23.293903,22.778564,16.056763,17.338522,20.167274,13.247985,16.009060,18.300131,7.740270,7.677224,19.012669,12.899165,12.217345,21.575377,19.653746,3.635874,17.028534,14.369880,6.675530,16.775459,18.504398,7.429629,16.821404,19.150328,12.118849,10.710110,13.710151,5.811510,8.934821,15.808304,6.304831,7.057950,-0.527879,10.981548,8.949342,9.731351,7.457557,3.599055,5.287655,12.763586,8.089017,12.158469,16.763046,14.484118,12.167223,13.210849,1.924473,3.086558,16.810982,20.680023,16.317974,6.290330,9.165951,12.034643,7.487031,13.061403,16.746151,10.827852,8.400875,-3.288698,5.080694,-7.180218,8.644855,0.088991,5.059508,4.977193,6.810590,-1.457582,7.290586,12.834100,16.543926,15.160309,10.636814,-0.884204,8.023266,4.443994,7.620835,8.958788,5.493622,12.160602,12.592607,1.552416,9.183893,9.491950,12.232114,14.679451,7.352986,-3.094746,4.011076,6.507747,12.652045,17.210346,18.878296,15.492381,17.921627,16.829969,4.546328,6.513971,19.118961,23.601818,17.022076,14.924726,23.672565,22.340099,31.014618,43.439278,43.844765,34.764572,27.712692,25.089790,15.516512,20.613653,23.617016,17.550537,11.127124,20.089491,19.900396,21.878113,22.266403,21.799526,16.896460,15.558687,15.252411,11.698830,16.398218,17.268524,11.344013,11.755474,17.176502,17.610273,11.956397,6.319737,10.189941,8.166134,14.762248,16.609495,12.152098,12.415833,12.509466,10.531204,11.893023,19.484690,16.471060,2.287133,11.802330,13.403033,9.442311,12.169331,13.937650,9.828597,12.047075,15.430628,13.640829,13.093076,15.334878,13.939716,12.096090,12.847854,12.559432,12.389274,14.060832,14.741070,12.120747,10.026772,10.098782,8.744126,14.723986,15.122933,8.874484,11.452035,13.693094,9.778475,8.561342,13.291977,11.053343,3.671891,9.940074,9.486293,-14.847335,10.930073,14.714453,14.559044,13.313969,14.497263,13.799600,11.585806,13.184473,10.865643,12.743866,11.700226,-9.505626,6.922976,14.499227,9.891116,9.079882,15.382806,11.284611,12.034169,16.132395,18.106911,14.321463,14.960170,11.943338,-9.093266,7.069695,11.065805,11.200262,17.002972,16.482288,3.211647,12.969818,16.704975,14.307614,10.422934,14.476232,12.816663,-0.469825,18.319836,16.413147,12.927807,10.285992,20.549917,20.318714,17.260181,17.223736,10.700491,0.367243,14.024260,15.708191,16.498127,21.357719,22.980997,27.269257,38.877781,37.503010,33.214916,29.941502,12.897462,18.972561,18.670162,17.236273,10.643331,9.191725,15.356625,13.623362,10.931358,11.822010,18.448765,15.535702,9.967992,14.288927,-1.807617,10.487833,4.157565,7.504220,12.761766,15.283803,16.069515,14.233637,8.388203,9.453506,13.890586,10.372100,8.967204,6.481046,5.259187,5.106280,5.866147,8.046830,15.115348,16.507435,12.255736,0.070449,8.549545,2.897029,6.662409,-0.158829,-1.580284,11.034852,11.722008,9.292033,5.814302,6.749491,4.412043,4.790933,6.465288,-2.998856,-2.276747,8.291188,7.296902,0.879302,3.467578,5.679878,-6.116353,9.445551,4.278148,3.514070,5.053439,5.423847,1.632218,4.784735,9.688556,9.437393,-10.940671,-4.889547,1.972039,5.009450,-12.668554,3.492583,7.818700,8.139145,0.992049,4.253863,8.177338,8.065266,3.663726,7.512910,9.853279,7.786655,8.315111,10.336216,8.476143,0.158910,8.583195,2.908719,-5.992236,9.558993,18.473322,16.005856,4.723413,8.004859,7.469087,-6.065158,8.095539,12.430511,10.985480,3.367319,-0.190401,12.080363,19.241554,19.753017,16.422642,6.786940,15.777224,16.508156,9.430679,3.165750,17.151884,10.864557,17.547293,21.537304,20.309191,17.862446,16.331440,17.355581,14.146675,12.129744,15.332449,18.077669,22.398571,33.491871,38.804630
[0;32mI (40510) ANALISIS_ESPECTRO: Frame exportado | t=39.86 s | pico=2000.0 Hz | 51.1 dB[0m
SPECTRUM_FRAME,40.878441,2000.000000,49.005119,hann,512,-8.238739,26.611242,34.216660,43.204643,39.364487,21.210072,20.398384,20.860294,26.997524,33.456791,33.262409,22.284496,29.396219,31.552399,12.022150,23.286936,29.776094,14.785637,28.477036,28.598774,25.478456,27.034000,29.477676,30.403681,29.467720,31.043705,27.720791,19.079792,27.037712,25.692007,26.248037,29.963377,28.550375,27.288349,27.707268,23.998718,25.684715,32.376209,32.222763,32.469658,28.329439,31.646872,30.380722,27.660797,28.975952,27.313959,23.071394,32.027248,28.357447,11.454304,23.498108,29.915146,28.153854,25.441282,28.692577,30.597374,29.073202,25.726067,28.102135,28.556446,27.645292,28.843462,27.813017,25.450222,23.838448,24.573729,27.587530,28.410812,26.112408,19.470573,24.634216,26.677917,25.706676,26.539570,26.766155,25.290089,23.275537,7.572384,21.959932,23.657341,28.032803,23.371571,24.976919,28.065235,29.658993,26.613064,27.599018,32.031494,32.768044,32.840981,30.831518,30.632620,27.715197,27.741974,28.036076,26.411860,29.261749,26.564213,24.211567,21.140263,21.104839,18.602455,26.440643,26.933596,19.256945,22.323147,27.932583,28.016184,29.522707,31.014381,26.981001,12.074790,13.297697,25.137083,19.472178,28.624840,23.286350,25.575924,32.609970,31.202694,20.576267,19.115269,11.788932,18.832558,34.890675,34.695095,18.103392,44.559036,49.005119,40.176437,27.899343,36.881516,29.749544,21.837561,25.594957,24.748089,24.434330,26.486763,22.747690,4.405992,23.090538,26.265659,23.616335,29.364836,29.216473,8.396881,21.152252,18.755392,15.601442,17.598825,27.297714,24.260666,24.541853,24.738525,19.769936,14.331163,21.322704,19.904701,20.819019,25.746895,25.279207,26.602177,21.136272,24.141104,24.794098,31.705339,33.115784,29.030537,29.727459,26.336182,25.859907,21.763584,27.686689,27.603001,27.405661,27.099550,21.138880,22.874601,20.638235,22.578604,14.815630,12.739166,19.272261,22.679821,19.761345,17.384277,22.551821,22.350994,12.041458,17.682331,20.870926,14.759003,11.880855,15.531963,19.005234,20.652786,17.882936,13.206897,23.432320,26.192181,21.633749,6.715262,19.475876,22.650377,20.656460,26.497787,26.660160,28.509119,25.662621,19.426619,21.110819,11.615958,26.425150,25.319996,21.576252,26.912140,27.130707,30.488892,30.033571,22.901030,20.100216,15.842798,22.222763,19.172066,15.431314,19.205469,21.805153,23.218229,20.943527,14.439262,18.927013,13.938463,14.327829,6.909139,12.084650,17.898275,21.816040,20.031975,6.535985,21.284609,20.901110,18.872089,17.760059,8.402996,-0.199532,20.299896,28.368252,25.708519,10.239014,13.613544,5.461433,12.520009,24.622532,26.159325,24.716660,36.831329,39.303383,30.815193,21.299091,20.446274,19.101509,18.484953,23.963966,20.161364,19.003571,19.091702,9.372409,20.613808,24.347227,23.132221,23.388968,23.316528,19.838469,18.151649,24.088984,21.608311,19.476616,15.597612,18.239368,22.354548,24.252920,24.957249,21.088730,14.441086,22.517624,19.938868,20.482042,9.831416,20.416271,21.636421,13.055565,16.778648,21.685743,26.991531,29.947863,26.817200,25.184622,12.015582,22.551615,18.371115,22.884151,25.069685,26.420792,24.560905,15.331472,22.090996,18.758247,22.697752,17.397921,16.103514,18.862251,22.582718,19.640621,16.658590,20.285927,19.723715,12.737928,19.055521,17.116867,4.395114,7.757388,2.631446,10.783353,5.737314,8.303321,22.505371,24.627342,20.326393,15.022593,21.960609,11.060511,15.873564,12.121790,20.773642,25.831093,26.915501,22.812269,18.915373,20.175474,19.140251,22.740488,14.331698,7.608500,25.747843,29.560717,29.622631,31.433865,28.170670,21.199617,14.564137,19.764242,14.950909,-2.100044,17.211811,19.638222,20.824186,19.680353,9.817304,1.329104,17.884258,15.546434,11.258231,14.399683,12.892085,20.496759,20.964432,19.342590,21.996456,17.703686,17.204353,14.482516,11.428280,17.244209,24.295223,27.375732,19.237522,7.905537,16.863430,14.505501,17.340494,22.527859,19.518612,16.209904,31.576538,31.266430,4.678462,-2.269515,6.425603,22.157286,23.679258,17.014652,10.721996,4.901874,13.005604,14.868992,20.623665,16.284969,20.671186,20.193460,22.264744,18.355679,19.125540,23.024883,16.363794,18.884003,9.493937,12.577151,11.249161,14.001423,17.766268,7.684955,19.362505,23.136463,22.131607,20.084023,17.751980,19.127119,19.223488,14.685859,20.074846,17.419010,24.775024,28.995003,22.886448,19.472326,21.203007,18.709249,22.802597,24.030571,20.025326,20.062935,14.501195,20.333166,23.012115,23.787006,23.903488,9.624082,17.975042,12.380033,21.022373,21.028954,13.646140,18.499891,21.699852,12.936945,16.842966,17.238356,11.994457,14.324131,17.191484,15.032998,11.206203,1.339624,17.197048,20.430157,18.907806,17.401211,20.697952,21.686342,18.856686,13.088125,23.923578,26.302654,26.145573,16.843075,16.812298,17.273170,15.695268,23.639584,18.316763,17.373266,16.592125,20.768925,26.757078,27.651493,19.251698,11.833040,4.945311,6.364486,7.763901,-3.173346,16.264965,20.029949,21.103704,20.798979,18.709778,-6.906223,15.782948,12.963724,10.961088,14.048499,11.820679,19.708775,19.278971,23.199612,23.731594,18.757168,20.037996,17.224703,20.152494,22.905849,25.983858,24.559666,18.398829,21.775789,19.898151,11.809422,15.820091,17.718149,10.771549,11.308255,19.942869
[0;32mI (41550) ANALISIS_ESPECTRO: Frame exportado | t=40.88 s | pico=2000.0 Hz | 49.0 dB[0m
SPECTRUM_FRAME,41.900800,546.875000,22.368580,hann,512,8.955286,25.964828,22.379963,22.447758,19.469912,18.665476,18.082972,20.904959,16.655012,14.034089,19.744299,17.614025,18.500477,18.932259,17.524679,16.525101,17.349274,20.906668,19.028706,15.948411,18.133747,12.394342,13.061531,16.648705,19.489927,17.730286,9.250029,12.837119,7.079831,5.257436,14.272319,9.121677,11.899147,16.531006,19.538525,22.368580,20.683386,20.655975,18.401482,14.341297,17.350483,15.693680,17.706366,14.470793,16.109783,17.279728,14.948854,18.949785,17.328102,13.519274,13.971858,14.678719,17.192175,16.200676,15.952822,16.317638,8.941319,13.366724,17.166397,21.487328,20.456171,19.405512,20.062723,13.100224,12.935744,15.869447,16.368195,13.044060,8.897490,13.487206,8.598982,12.249661,14.744863,3.419086,-4.502491,5.481369,8.987817,11.287373,13.317280,16.460056,6.314590,3.936314,12.906170,7.683954,8.806701,2.771063,12.778131,11.636755,11.511507,-5.515544,6.628862,6.373826,-2.858851,-5.191845,11.673240,16.877363,16.771069,12.948143,10.166078,12.154564,7.886549,10.478148,14.036742,14.108754,11.668310,8.988381,14.027931,12.465277,6.565631,8.547994,-0.579644,-1.788367,12.889771,13.327688,13.615759,8.712340,8.968439,7.305400,7.083922,13.906764,15.095643,16.495638,11.764293,11.397275,11.692169,11.708439,13.330203,13.251333,14.494349,2.702609,5.832296,11.497535,1.141657,2.325467,4.676857,9.262764,-5.531515,10.280260,13.429583,8.274522,5.079646,7.493515,-6.516661,2.898932,8.895675,13.015308,10.428859,6.581586,1.717186,5.719831,3.157020,-0.448174,11.586199,8.620613,2.478067,8.392238,3.465464,4.383295,8.210658,-1.302097,2.080367,11.319700,10.721005,9.283308,7.331782,8.960566,4.943812,6.656477,11.693958,10.859047,8.300929,-2.954578,2.778037,7.288251,9.086858,8.619370,-9.038911,-2.112127,6.653079,8.700220,11.136755,10.825038,11.563639,7.406886,0.851740,7.588951,8.857821,11.693502,10.806771,9.261282,10.403782,8.486692,10.292802,11.436123,9.983313,2.474941,1.360349,5.983493,6.959944,8.658014,9.089109,0.174567,6.222829,10.924273,11.134413,10.079544,7.534488,4.611309,-12.851075,0.452957,2.590844,2.499012,3.396802,-2.455383,4.014338,1.580931,6.842544,9.553437,4.570935,-19.346184,1.726336,-1.802883,3.240120,8.834485,10.314836,4.732192,8.526585,11.834493,9.483027,9.627041,7.914792,2.860516,-4.053263,4.054654,6.524792,3.676346,0.707089,3.650110,1.960489,6.719812,9.714495,7.325516,-0.467995,-8.099438,-9.090192,-4.916256,-2.042731,5.970054,5.759158,3.206024,6.457582,6.343275,6.953113,6.878074,6.577330,-1.462796,-6.134833,-4.149712,0.377311,6.392118,4.815859,2.478683,5.326642,6.589374,7.870524,6.078708,2.093320,-3.937814,-12.430660,-1.385880,3.426533,3.156607,1.150293,0.281048,0.969870,2.681807,3.256711,0.918579,-3.571249,-4.754226,-2.019233,-4.828348,-2.265439,4.468454,1.342487,1.553437,5.443088,3.076951,5.765413,6.539039,2.498663,-3.873878,-4.131741,-1.022345,2.558907,5.954027,5.900815,0.383736,2.250787,4.427508,0.592111,-4.220393,-5.738508,-3.387472,-6.082945,1.512848,1.281467,-6.240921,-7.706119,2.465874,-2.760025,-2.291081,2.794375,2.871016,-2.033466,-6.732184,-0.277657,-4.565555,-3.959419,4.029433,1.528923,-5.678793,-1.458986,-4.274942,-5.568224,-5.281491,-3.035385,-3.730179,-19.724977,-1.651875,1.395483,0.129700,2.030493,1.348949,-2.615115,-1.118073,-1.448286,-3.430033,-9.135931,-3.587648,-2.404391,-1.711668,-6.396120,-5.880924,-6.093981,-5.446714,-15.255071,-8.504610,-3.523842,-6.465514,-8.803239,-13.738489,-11.589370,-8.944602,-1.424518,1.347813,0.209766,0.221375,-2.265133,-5.215462,-6.975507,-11.354187,-9.568950,-5.676518,-9.416218,-1.583719,-1.376214,-8.444080,-0.281263,0.728966,-3.154832,-1.913893,-3.379431,-5.859818,-7.755414,-10.666744,-9.499746,-6.674116,-7.376362,-4.981522,-14.075227,-4.323748,-2.953392,-8.680765,-15.837017,-3.908478,-4.646523,-9.035694,-7.139844,-7.724607,-9.254455,-11.529025,-9.892733,-7.725213,-5.527907,-6.843884,-2.728269,-7.765987,-4.053695,-1.567940,-0.837194,-5.671749,-9.082374,1.616260,-0.052111,-14.299707,-0.645981,0.593874,-12.501019,-3.885888,0.804379,-3.799372,-2.980279,-1.564461,-7.969006,-15.772681,-13.236533,-15.500717,-8.740623,-5.713505,-2.317900,-3.665420,-7.445908,0.194547,-1.406500,-11.760820,-3.964802,-3.018799,-3.200254,-4.062800,-32.251835,-6.798099,-3.205809,-5.223207,-18.372417,-12.613514,-11.386890,-26.227674,-14.268763,-10.450281,-7.984646,-5.950427,-7.120486,-4.645947,-2.200641,-3.997302,-10.497852,-2.027733,-2.964180,-12.625095,-1.243791,-3.395441,-23.447973,-4.207830,-9.302452,-6.750460,-3.538019,-0.014857,-0.248258,-3.447845,-9.331331,-4.210461,-1.232891,-13.097540,-21.150555,-6.298927,-7.599579,-12.857780,-8.079165,-4.062552,-8.358622,-7.942565,-2.953779,-7.637852,-5.703838,-4.674074,-11.020070,-10.824917,-11.369947,-20.157396,-11.101088,-5.478859,-2.451965,-1.354077,-7.064738,-6.624413,-2.931568,-9.883796,-10.065817,-13.191451,-4.672770,-6.302094,-5.761670,-15.330658,-15.376597,-12.315011,-9.966131,-6.423416,-25.913429,-21.709280,-8.672031,-15.397767,-5.047268,-7.994317,-19.724543,-6.668899,-8.811721,-4.545824,-5.134282,-7.057929,-4.722435,-13.844938
[0;32mI (42560) ANALISIS_ESPECTRO: Frame exportado | t=41.90 s | pico=546.9 Hz | 22.4 dB[0m
SPECTRUM_FRAME,42.923164,109.375000,13.449130,hann,512,-3.053174,1.884335,6.364959,14.839316,12.680649,2.879252,12.363285,13.449130,7.258121,9.918762,12.769085,8.792996,9.551947,11.565532,8.409391,9.842881,11.926153,7.696324,8.587740,13.222948,9.397667,5.288035,13.268547,11.595040,-0.500504,11.018383,13.053285,6.284978,6.516473,13.380384,10.024481,-0.400082,11.667385,10.717544,2.245554,8.111836,10.203554,6.300542,5.933427,8.648516,6.367662,7.227730,7.592612,4.661016,7.484665,9.059874,4.366463,4.954376,11.206746,8.140733,0.646232,11.855039,10.515870,-16.813049,10.007410,11.550275,3.153383,6.029843,11.919354,8.002664,0.810914,10.784111,9.009412,0.964155,8.682673,8.719122,4.236640,8.554207,7.981829,4.280491,10.352845,8.740307,1.997053,10.936166,10.744862,0.093849,9.262547,12.623309,7.064384,5.818820,13.320006,10.478714,-0.326448,11.937894,11.421843,2.649746,8.784070,11.241225,7.471178,6.545124,9.906718,8.500011,7.744283,8.601006,7.959694,8.376099,9.392179,7.790779,6.351808,10.915408,9.661225,2.281572,10.905157,11.140827,3.167779,7.936604,11.492509,8.705592,1.461741,10.865764,11.140892,1.781536,8.301031,11.112324,6.917939,4.229062,9.761518,8.727135,4.178806,7.804690,7.822259,6.398268,7.010726,6.177154,6.291593,7.462766,7.084011,2.211951,7.935703,9.603299,-1.789876,7.382131,10.476184,2.951105,3.431549,9.431160,6.790601,-6.029284,7.280541,8.057168,-1.359156,3.624535,6.775069,2.989365,0.144046,4.258888,3.453275,1.639116,2.867077,-0.719564,4.280329,4.578146,-9.090120,4.785610,5.381594,-3.608747,0.936019,4.991975,3.187595,-10.383656,4.525728,5.284617,-6.227203,1.536897,4.273666,1.033922,-3.714670,1.840511,3.341305,-0.367017,-2.214270,2.407524,3.740133,-2.006428,0.383702,4.592662,0.636155,-0.508705,1.615600,2.779789,3.006459,-3.354663,3.540152,4.779311,-0.684114,0.642426,4.197686,4.158336,-1.893158,2.477233,6.004595,2.176761,-1.710575,5.301832,5.188693,-3.371913,3.329168,5.743428,0.443670,1.359010,3.606126,2.949203,2.201547,0.702527,3.387596,2.831266,1.645138,1.115841,1.845318,4.491565,-0.049111,0.256789,5.166466,1.667740,-3.018396,3.121598,3.051832,-1.766341,-0.854441,2.423381,1.344539,-2.826607,-1.713358,2.897752,0.583331,-9.295655,2.254022,1.411607,-6.877306,-2.412993,0.293207,-0.492798,-9.963283,-0.485901,0.862590,-9.036564,-2.182266,-1.534314,-7.274716,-2.743533,-4.300220,-8.613487,-2.085857,-2.305022,-18.517767,-1.799226,0.272434,-8.513569,-3.955705,0.509941,-3.176807,-11.403658,0.321562,0.413448,-8.101480,0.033432,0.492845,-10.671458,-3.081208,-3.058215,-14.564783,-8.213958,-6.991467,-8.945502,-10.129921,-6.596090,-11.213196,-9.012857,-4.503589,-11.606390,-10.093499,-3.094522,-6.161649,-14.385592,-1.804958,-2.917543,-14.732137,-2.700029,-3.621254,-18.611929,-9.078938,-5.141661,-5.717486,-26.952023,-4.344382,-3.497758,-19.366373,-5.927979,-5.438605,-14.326479,-8.972546,-7.488752,-11.465149,-10.550595,-6.419021,-11.741512,-11.644676,-4.872809,-8.227129,-21.126535,-4.441533,-3.369908,-10.804712,-3.329652,-0.399042,-5.616776,-3.628145,-0.427171,-6.204268,-8.505153,-2.818230,-6.183466,-30.943272,-4.677464,-3.703491,-15.282521,-4.541024,-2.397008,-11.526996,-4.697536,-1.498521,-7.681690,-5.372023,-0.256339,-4.386462,-5.822580,0.139108,-3.635991,-9.326168,-1.522618,-3.884610,-20.272379,-4.070439,-2.231781,-9.902573,-4.698942,-1.359829,-8.766496,-5.689446,-2.381005,-10.979626,-8.832405,-3.960732,-10.002199,-14.529325,-4.684161,-7.514135,-26.418743,-5.928633,-5.571688,-14.989635,-7.808933,-3.186251,-7.925939,-7.692596,-2.169544,-6.876698,-9.834276,-3.884776,-8.905224,-22.258621,-8.060826,-7.515136,-14.961029,-10.964366,-5.069253,-10.238837,-11.546957,-4.130085,-8.184316,-13.693871,-3.658267,-5.710687,-14.763322,-3.383940,-4.012343,-14.762964,-4.738742,-3.739866,-12.142180,-9.062146,-3.176628,-6.469990,-13.496128,-2.106743,-4.424229,-14.071169,-2.123342,-5.016540,-16.850302,-3.271899,-5.955700,-23.343382,-4.857680,-5.196585,-21.293350,-6.532197,-4.006248,-12.880627,-9.487799,-3.233077,-7.724801,-12.647470,-2.480991,-5.175754,-11.824511,-2.713926,-5.659118,-14.307666,-5.018878,-8.190182,-20.362646,-9.118816,-8.567093,-18.521765,-11.524886,-7.164487,-18.443386,-10.397694,-6.337812,-16.553240,-9.999023,-5.791155,-12.160777,-10.928450,-5.494395,-9.144563,-14.793595,-6.638824,-7.063975,-20.835627,-8.807890,-4.551869,-10.449491,-9.226767,-3.240901,-7.912765,-9.996286,-3.861854,-8.086543,-11.404955,-5.563025,-7.564634,-11.336527,-6.858103,-5.864215,-10.585732,-7.544150,-4.091385,-8.080134,-9.097935,-2.537282,-4.655669,-12.129173,-1.515127,-2.478430,-15.320723,-1.771842,-1.952430,-11.362710,-3.641253,-2.137281,-5.911961,-6.263284,-2.048913,-3.466789,-7.548271,-1.942781,-2.946719,-7.084817,-2.059892,-2.991358,-6.708043,-2.323325,-2.793805,-6.912647,-2.964073,-2.631684,-6.282495,-4.743035,-2.796080,-4.258684,-8.443668,-2.814981,-2.531816,-13.261971,-2.927274,-2.362422,-14.150926,-4.115284,-3.870358,-10.891856,-6.455020,-6.195474,-8.519480,-9.089478,-7.967672,-7.869532,-11.612124,-8.734060,-7.708809,-15.468926,-8.431774,-7.027367,-23.828478,-7.497744,-6.568443,-25.350239,-7.787237,-7.494240,-17.979853,-10.953810
[0;32mI (43580) ANALISIS_ESPECTRO: Frame exportado | t=42.92 s | pico=109.4 Hz | 13.4 dB[0m
SPECTRUM_FRAME,43.945531,93.750000,20.034277,hann,512,2.285194,5.386410,12.814809,21.998827,19.159288,6.094975,20.034277,19.363087,6.753080,17.188141,18.266033,9.049229,14.366753,16.243053,9.865342,12.993082,13.494788,11.049183,13.891447,10.268082,12.707745,16.146612,8.559193,13.607384,18.260056,11.826392,12.667896,19.403069,15.689273,8.841026,19.289869,17.933447,2.862365,17.885073,18.693621,6.633685,15.398961,18.267378,9.866846,12.266546,16.831085,10.997948,8.982995,14.431469,10.610942,6.590466,11.246319,8.848847,6.467693,8.511761,6.575402,8.057605,8.671575,4.825281,9.422273,10.777465,4.555212,9.340447,12.180180,6.970026,8.091595,12.002101,8.908463,7.069221,10.663928,8.808264,6.158127,9.217676,7.044483,3.648610,7.664487,4.142243,-0.573434,5.255661,-1.077060,-1.412421,3.769629,-11.597854,4.161639,6.268408,-12.821533,7.944130,10.247498,1.428319,8.277981,12.950464,9.225902,3.539889,13.599390,13.074284,-9.491971,11.928448,14.392469,6.312530,7.599307,13.734775,9.845596,-0.825590,11.458317,10.464324,-12.751955,7.813208,9.489192,-2.845056,3.034127,8.109711,0.572502,-3.329565,8.355988,6.507353,-6.119659,8.781327,11.304153,7.640917,5.888790,13.675738,13.347501,-13.904627,13.898730,16.068682,8.171428,11.919546,17.027906,13.742077,6.750666,16.750452,16.157299,-2.658681,15.346147,16.934626,6.471400,12.569326,16.309803,10.294781,7.831049,14.171185,10.652300,1.194088,10.425701,8.423956,3.588902,6.355614,4.440310,8.485009,7.645361,0.404702,11.456139,11.227219,-4.224704,12.989685,13.964862,-3.130297,13.568518,15.830694,5.711741,13.230310,16.887173,11.041966,11.380405,16.988733,13.790588,6.990693,15.920759,14.478939,-2.244629,13.794062,13.389233,-11.979342,11.782570,11.150559,-6.883018,11.286811,9.757527,-7.897344,11.400990,10.024584,-6.010762,11.194139,10.417124,-6.057082,10.952887,10.663567,-8.815786,10.980141,11.269746,-8.094424,10.572897,11.999426,-0.041361,8.726032,11.874674,4.278436,5.374203,10.335615,5.038665,3.889702,8.441147,2.612494,4.569560,8.708622,1.908287,3.459643,9.505765,5.473455,1.693252,8.953367,7.233083,2.137009,7.431197,7.146814,3.327331,6.126296,6.222344,3.616062,5.554595,5.751101,2.240602,4.667444,6.056948,1.283737,0.998878,5.520315,3.852532,-9.550351,1.539727,5.032824,1.174424,-27.511108,2.556593,4.842595,2.362014,-10.411415,4.700914,6.608258,-0.212326,1.353687,7.815547,6.354634,-7.107142,7.403357,9.276533,1.894724,4.677789,10.246428,7.782574,-0.933895,8.987199,10.013150,3.318200,4.667089,9.570127,6.996359,-1.554488,6.409400,7.108381,0.623677,0.187294,4.204501,1.325398,-7.833726,-1.382945,-1.393527,-9.687151,-6.000167,-3.369446,-9.531280,-4.788384,0.769843,-2.909568,-4.356411,3.963372,3.858754,-4.418566,4.562083,7.399322,2.272853,2.095543,8.259362,6.645736,-1.507760,6.656059,8.036338,1.830114,2.203039,7.274305,3.850763,-5.658471,4.929962,3.727059,-10.937050,1.650475,2.668322,-10.168036,-1.977399,0.529956,-13.637824,-3.094976,-1.605367,-11.321063,0.475761,1.736224,-0.699483,3.633744,5.327773,3.660558,5.267462,7.021577,5.337662,5.213540,7.125323,5.598772,3.276772,6.060843,5.071196,-0.045932,4.470182,4.525991,-3.220176,3.030081,4.373295,-4.735421,1.098575,3.774274,-5.719553,-0.175599,3.064605,-12.213398,2.514791,5.254761,-2.884730,4.717047,8.041553,4.126604,5.160620,9.047264,6.840721,4.450662,8.203608,6.911997,2.561014,6.065680,4.947293,-1.049259,3.604111,2.152534,-7.212745,2.031400,0.687065,-20.238344,0.929575,0.777364,-5.848500,-0.659840,0.058588,0.698026,1.878803,-3.353615,2.537663,5.963336,0.460381,-0.139564,7.583895,5.951140,-17.614193,6.545774,8.007632,-1.173311,2.522063,7.599778,3.260304,-4.249058,5.368564,3.992252,-5.404979,2.043066,3.225393,-3.206228,-2.633486,1.312736,-1.295491,-9.909295,-2.970651,-0.979686,-6.277435,-11.354280,-2.236603,-3.543222,-13.326664,-2.612080,-1.428032,-9.991356,-3.576653,1.124090,-2.845127,-9.982056,1.684011,1.088158,-13.620213,0.207763,2.248081,-3.958969,-2.068596,2.456920,-0.956625,-5.054958,2.029482,1.166249,-4.646600,-1.430259,1.778014,0.985746,-8.878077,-1.425208,3.266542,0.507592,-17.366262,1.919022,3.679914,-1.929292,-3.461528,2.913071,1.710616,-4.970427,-1.082322,1.182775,-2.104867,-5.991341,-1.865149,-2.302046,-6.398806,-5.133196,-3.408160,-4.946177,-5.058539,-3.818622,-3.682046,-3.426410,-2.711847,-3.115349,-2.921459,-1.129838,-0.971496,-2.271262,-1.220996,0.780692,-0.036654,-2.176719,-0.323851,1.063769,-1.376050,-4.521659,-0.645081,-0.232442,-5.579873,-5.526937,-0.610673,-1.911237,-9.248862,-1.783897,0.436400,-3.621052,-2.344352,1.676087,0.628442,-1.289404,1.765396,2.062720,0.040232,0.955862,1.005682,-0.914359,-0.613715,-1.206227,-6.275545,-4.200723,-2.773240,-8.487359,-11.054041,-4.493379,-3.517251,-6.128935,-5.460557,-1.575457,-1.903027,-5.187187,-0.798199,1.437609,-2.703512,-3.292174,3.405005,2.441906,-12.918068,2.364101,5.021915,-0.450573,-4.264966,4.265710,3.219617,-10.341891,-0.564776,2.263117,-2.550573,-6.383378,-2.917731,-4.061504,-4.004300,-7.145324,-12.284249,-7.737642,-8.390995,-12.361597,-29.165287
[0;32mI (44600) ANALISIS_ESPECTRO: Frame exportado | t=43.95 s | pico=93.8 Hz | 20.0 dB[0m
SPECTRUM_FRAME,44.967888,250.000000,-0.904756,hann,512,7.849553,8.238854,-6.596099,-0.697010,-4.515375,-6.603965,-1.548441,-2.981144,-6.966638,-2.569931,-1.774961,-8.066297,-3.614068,-1.003959,-8.854600,-4.437142,-0.904756,-7.831841,-4.906048,-1.420343,-5.751290,-5.528708,-2.085599,-4.052310,-7.036696,-2.624504,-2.914643,-9.418292,-3.095169,-2.348081,-11.343290,-3.490035,-2.445719,-10.413461,-3.889863,-2.836078,-8.130692,-4.827967,-3.005346,-6.451382,-6.650405,-3.014784,-5.339358,-9.068936,-3.127492,-4.822342,-11.641149,-3.288563,-4.770986,-13.025517,-3.636197,-4.595869,-12.344674,-4.577150,-4.108428,-10.974594,-5.987683,-3.752763,-9.698870,-7.473055,-3.643252,-8.840208,-9.183146,-3.576590,-8.051503,-11.187002,-3.781841,-6.896497,-12.936279,-4.414238,-5.772460,-14.170296,-5.081651,-5.128178,-14.895315,-5.696604,-4.674159,-14.278708,-6.655490,-4.229876,-12.302668,-7.911253,-4.093302,-9.998621,-9.206443,-4.168131,-8.364457,-10.984039,-4.149411,-7.315277,-13.435328,-4.314799,-6.234288,-15.204906,-4.948977,-5.226712,-14.820450,-5.780711,-4.598536,-13.308943,-6.735108,-4.120641,-11.837929,-8.142972,-3.721620,-10.138184,-9.806702,-3.777291,-8.127153,-11.202595,-4.264411,-6.505370,-12.718611,-4.793437,-5.464474,-14.830794,-5.419517,-4.659168,-15.765408,-6.341905,-4.178386,-13.471804,-7.325025,-4.248604,-10.381182,-8.388315,-4.520119,-8.314775,-10.330590,-4.650100,-7.055748,-13.647023,-4.900659,-6.111956,-17.427467,-5.442667,-5.639253,-17.158768,-6.082366,-5.578959,-13.701963,-7.099239,-5.398411,-11.488200,-9.082576,-5.070948,-10.024847,-11.881188,-5.086918,-8.829823,-15.022404,-5.457267,-8.074966,-18.047094,-5.970080,-7.472833,-18.887901,-7.005378,-6.643044,-17.840721,-8.728794,-6.003128,-15.791698,-10.512156,-5.983155,-13.453994,-12.240544,-6.245652,-11.576351,-14.598503,-6.629998,-10.007524,-17.750877,-7.499572,-8.555815,-21.953537,-8.569652,-7.804873,-29.809032,-9.268172,-7.753880,-21.441490,-10.075043,-7.720103,-16.598042,-11.532587,-7.757946,-13.741559,-13.259245,-8.126095,-11.661538,-15.744389,-8.338780,-10.780140,-21.356668,-8.321288,-10.361797,-31.777487,-8.825913,-9.611076,-26.658840,-9.918210,-9.004421,-20.224522,-11.145226,-8.716432,-16.584618,-13.168019,-8.306140,-14.917463,-16.649595,-8.101692,-13.278028,-20.644241,-8.681917,-11.344938,-26.276396,-9.659216,-10.091395,-41.430084,-10.699368,-9.404180,-24.089344,-12.438432,-8.794874,-19.365427,-14.807039,-8.728656,-15.624045,-16.855471,-9.439425,-12.726556,-19.865883,-10.235214,-11.320534,-26.466301,-11.011230,-10.602345,-25.247189,-12.447715,-10.002990,-20.563046,-14.250595,-10.044374,-16.451818,-15.901463,-10.673445,-13.682991,-19.059196,-11.133085,-12.568926,-23.576740,-11.730103,-11.879077,-21.993763,-13.267764,-11.149910,-19.379646,-15.223275,-11.070732,-16.186567,-17.334961,-11.549897,-13.907434,-21.472502,-11.949634,-12.895812,-23.491501,-12.887699,-12.012085,-20.406017,-15.155648,-11.146315,-18.026392,-17.972973,-11.145144,-15.136218,-21.372272,-11.822041,-13.055953,-28.079796,-12.549323,-12.064471,-24.090929,-14.015339,-11.229328,-19.611820,-16.867428,-10.656672,-16.687527,-20.228994,-11.046735,-13.801977,-24.636248,-11.965448,-12.067698,-42.177834,-12.781640,-11.380518,-24.288244,-14.165854,-10.820049,-19.151827,-16.570618,-10.617092,-15.909390,-19.255472,-11.225761,-13.305450,-23.262358,-11.976686,-12.123835,-43.851288,-12.449070,-11.792349,-24.628410,-13.530932,-11.383938,-19.522312,-15.576787,-11.305553,-16.345739,-17.899868,-11.832522,-14.170737,-21.906759,-12.221554,-13.493050,-35.713127,-12.491998,-13.293757,-26.946180,-13.695670,-12.736076,-22.180288,-15.729995,-12.578932,-18.919628,-17.767433,-13.007877,-16.833447,-21.424892,-13.195185,-16.332405,-27.548473,-13.572601,-15.940560,-26.197868,-15.083075,-15.046033,-24.772087,-16.794758,-14.960986,-22.270649,-18.025105,-15.544210,-19.893015,-20.262436,-15.599558,-19.600424,-21.352695,-16.117277,-19.617842,-20.126133,-17.552025,-18.927084,-20.040628,-17.854076,-19.655935,-19.670883,-17.687744,-20.936653,-18.781254,-18.016989,-20.417511,-19.630411,-17.032267,-20.588211,-21.605434,-15.967955,-20.347744,-22.809299,-16.040085,-18.152386,-26.007389,-16.018871,-16.877258,-35.410416,-15.838929,-16.008482,-30.645031,-16.736935,-14.585238,-26.364399,-18.274948,-13.885988,-21.217651,-19.249830,-14.020877,-17.701731,-20.968599,-13.879374,-16.189102,-25.171852,-13.707310,-14.912346,-29.582905,-14.338165,-13.609552,-25.534372,-15.292175,-13.185507,-20.267517,-15.979416,-13.199638,-17.555704,-17.502691,-12.802183,-16.306278,-20.479874,-12.605763,-14.930964,-22.962574,-13.228177,-13.765421,-22.107351,-14.042691,-13.405953,-19.841881,-14.778021,-13.171543,-18.577726,-16.394785,-12.595204,-17.637228,-18.867943,-12.550873,-16.094360,-20.498142,-13.324657,-14.908971,-20.715599,-14.066514,-14.516687,-20.801834,-14.795956,-14.078793,-21.034029,-16.384708,-13.477620,-20.124310,-18.429716,-13.689220,-18.161415,-19.690639,-14.558939,-16.918184,-20.973158,-15.057007,-16.596029,-23.390125,-15.638687,-16.015621,-25.371555,-17.166975,-15.418850,-24.037199,-18.873575,-15.809690,-21.430113,-19.984722,-16.532959,-20.263388,-22.243011,-16.565763,-20.067577,-26.822931,-16.999723,-19.075504,-31.234108,-18.533779,-18.217033,-30.391188,-19.803072,-18.556658,-27.175571,-20.667154,-18.847696,-25.893333,-23.222164,-18.326088,-25.355436,-27.336447,-18.722088,-22.996149,-29.470341,-20.117661,-21.413984,-33.223499,-20.550697,-21.576746,-41.354633,-20.882082,-21.185181,-35.633652,-22.836590,-20.045832,-33.196796,-24.620644,-20.265324,-27.313223,-24.807583
[0;32mI (45670) ANALISIS_ESPECTRO: Frame exportado | t=44.97 s | pico=250.0 Hz | -0.9 dB[0m
SPECTRUM_FRAME,45.990245,93.750000,13.064828,hann,512,-10.047436,0.659725,7.799465,14.877501,12.600149,4.319234,13.064828,12.977411,4.501678,9.898442,12.376737,6.314267,5.095718,11.300474,7.444746,-1.677458,10.519354,8.450490,-9.556562,10.395788,9.867435,-14.686506,10.286196,11.304969,-2.456669,9.345032,12.126428,4.066194,7.003233,11.966988,7.575333,3.150368,10.668626,9.269005,0.668151,8.245070,9.818548,2.223544,5.204247,9.899757,3.748864,3.055689,10.138950,5.201514,2.508621,10.621426,7.381203,2.779375,10.909242,9.649427,4.408543,10.552750,11.250177,7.258166,9.325331,11.867223,9.819447,7.521080,11.351994,11.341619,6.506648,9.586259,11.684000,6.878454,6.488235,10.895618,7.067409,2.236380,9.172519,6.277050,-1.832843,7.038197,5.208867,-2.575371,5.387825,5.641532,0.296900,4.508547,7.364233,3.830691,3.542664,8.768907,6.650628,1.703399,9.193825,8.439209,-0.472753,8.437882,9.072775,-0.500007,6.409113,8.488419,0.619448,3.227866,6.837690,1.024717,-0.160032,5.114172,2.167213,-1.541077,5.140427,5.005159,-0.105176,6.434258,7.803910,2.537589,7.488892,9.783231,5.073672,7.806072,10.908955,7.131433,7.317054,11.165522,8.567414,6.300183,10.474082,9.199888,5.534877,8.775696,8.917170,5.481746,6.135120,7.812859,5.586125,2.866389,6.357964,5.474494,-0.351173,5.441313,5.434361,-2.353995,5.534947,5.821777,-2.432971,6.006384,6.506486,-1.455064,5.996442,6.987970,0.111137,4.986225,6.747545,1.783127,2.791002,5.406467,2.735667,-0.303299,2.836434,2.725418,-3.408687,0.037232,2.426816,-5.871502,0.288046,3.146209,-5.694066,2.673927,4.959424,-2.058580,4.551117,6.820385,1.685117,5.409961,8.062084,4.672904,5.462018,8.370600,6.725320,5.492820,7.611012,7.675310,6.149279,5.885978,7.458545,6.846333,3.754796,6.131234,6.797823,1.985275,3.898540,5.774880,0.348721,1.183303,3.917576,-1.978140,-1.331140,1.589635,-4.846969,-2.975143,-0.644322,-5.514799,-3.820207,-2.374499,-2.900773,-3.837362,-4.315970,-0.545095,-2.532814,-8.229708,0.263204,-1.305497,-17.635803,-0.591343,-1.757524,-24.501678,-2.763861,-4.723656,-22.928751,-4.897164,-7.695409,-11.909901,-5.521924,-3.414404,-4.011649,-5.246850,0.119805,0.258542,-4.592035,1.910941,2.752622,-3.633506,2.452255,4.177489,-2.145686,1.702404,4.627757,-0.322921,-0.631165,3.842153,0.833676,-4.110800,1.352133,0.649621,-4.736837,-3.785031,-0.864128,-2.985583,-15.234441,-2.391179,-2.332300,-15.271797,-1.952639,-2.529912,-11.401213,-0.795280,-2.656966,-12.756008,-0.316482,-2.481789,-18.015175,-0.836226,-2.477530,-29.497684,-2.799006,-3.234135,-14.562037,-7.223600,-4.832611,-9.724708,-16.038673,-5.020782,-6.917108,-16.422958,-2.600696,-4.123823,-15.963040,-0.584737,-1.608391,-15.109767,0.366937,0.018995,-8.137890,0.870988,0.864364,-4.357385,1.278682,1.313583,-2.482806,1.253816,1.431445,-1.205532,0.546742,0.887907,-0.103650,-0.378296,-0.595966,0.504892,-0.770703,-2.905684,0.382808,-0.937296,-5.316265,-0.319770,-1.689030,-6.957805,-1.109416,-3.151663,-8.098032,-1.557351,-4.540233,-9.968800,-2.057744,-5.087617,-14.538250,-3.691673,-5.853581,-29.916092,-8.065386,-8.908592,-18.368700,-23.625942,-20.759480,-16.064093,-12.439272,-12.660274,-21.579359,-6.976187,-5.636489,-20.077456,-4.687007,-2.539177,-12.339869,-3.210898,-0.647949,-8.726906,-2.555776,0.567721,-5.832564,-3.145116,0.823385,-3.419187,-4.492183,-0.239380,-2.152079,-4.486157,-2.699060,-2.271363,-3.128407,-5.694021,-3.677964,-2.500860,-7.293086,-5.966668,-3.181831,-8.533946,-8.215236,-4.907702,-11.808987,-9.566522,-6.926293,-17.354704,-10.792818,-8.844637,-16.003000,-13.415842,-12.436171,-13.052185,-16.860142,-22.004244,-10.893764,-14.902880,-11.876639,-7.354739,-11.226745,-6.511364,-4.047131,-7.391873,-4.192134,-2.191858,-3.835080,-2.457757,-1.708894,-1.594403,-0.331468,-1.746763,-0.900367,1.394368,-1.158830,-1.483979,2.038477,-0.277891,-2.571225,1.582573,-0.157403,-3.240378,0.413388,-1.094027,-3.670034,-0.964085,-2.704952,-4.439420,-2.458297,-4.166225,-5.199677,-4.362403,-4.552642,-4.881066,-6.763346,-3.681942,-3.289309,-9.201582,-2.773978,-1.628701,-9.767298,-2.894253,-0.910354,-8.170238,-4.157184,-1.502307,-7.413292,-5.819221,-3.345373,-8.792247,-7.274406,-6.058074,-12.577229,-9.389466,-9.537324,-16.701080,-12.439799,-12.386852,-13.066202,-13.659281,-8.561193,-7.276759,-12.928742,-5.061649,-3.329149,-10.453419,-3.766341,-1.293712,-7.117476,-3.729357,-0.744902,-5.252580,-3.890007,-1.042570,-5.029573,-4.265170,-1.646445,-5.530432,-5.803392,-2.810896,-5.763076,-8.872851,-5.361696,-5.908269,-10.871593,-9.834150,-5.819871,-8.800313,-14.665413,-4.802459,-6.138600,-18.533989,-3.870971,-4.186598,-27.832958,-4.038833,-3.179083,-15.413775,-5.264650,-2.991069,-10.097630,-7.354661,-3.372689,-6.905342,-10.549137,-4.788212,-4.695153,-9.056627,-8.586836,-4.166999,-4.097760,-9.675610,-6.362846,-1.691513,-3.749181,-12.523375,-1.778532,-0.798871,-9.343384,-4.019804,-0.316949,-4.645285,-6.814177,-1.508988,-3.389972,-6.828783,-3.414057,-4.071972,-6.250829,-5.278970,-5.760958,-6.601021,-7.523192,-8.566347,-7.200156,-9.353122,-14.821060,-8.281288,-8.978496,-30.341990,-10.696941,-9.432511,-16.680359,-14.304338,-13.391942,-17.861120,-19.908911,-27.230932
[0;32mI (46650) ANALISIS_ESPECTRO: Frame exportado | t=45.99 s | pico=93.8 Hz | 13.1 dB[0m
SPECTRUM_FRAME,47.012607,93.750000,7.512720,hann,512,-9.697653,-1.689179,0.816522,8.892822,5.424137,-3.688719,7.512720,6.031813,-3.794490,5.234358,5.849447,0.188814,2.526933,4.965103,2.474819,1.143687,3.468170,3.071992,1.886852,1.826697,2.207570,2.896792,1.391826,-0.063294,3.215483,2.632912,-3.137746,2.703752,4.057667,-3.847857,1.300754,4.710149,-2.041585,-1.125276,4.320661,-1.029797,-4.192194,2.803715,-1.592542,-4.639501,0.383122,-4.054985,-2.098186,-1.185279,-9.760849,-0.303284,-0.009805,-17.904516,-0.077390,1.625863,-7.285036,-1.642859,2.282671,-2.357667,-5.494050,1.849154,0.405043,-8.690573,0.448805,1.939404,-4.074805,-1.759179,2.442450,-0.763999,-4.702037,1.861490,0.397783,-8.876839,0.021677,-0.199523,-16.315580,-2.994471,-2.592579,-14.596931,-4.341766,-6.787188,-8.283459,-1.747121,-8.037328,-5.749371,0.529140,-4.424786,-5.689378,1.361685,-2.019275,-8.278376,0.820886,-0.960510,-15.781074,-1.076787,-0.725434,-14.535458,-4.507521,-1.056187,-7.766400,-9.915349,-2.071626,-5.561046,-14.124965,-4.215399,-6.106876,-8.587951,-7.309345,-9.608640,-3.655376,-5.957577,-14.468510,-0.283068,-1.465682,-8.663641,1.846453,1.626252,-4.559952,2.856717,3.324066,-2.899202,2.772639,3.944692,-2.735493,1.514728,3.699370,-3.220608,-1.183833,2.742409,-3.210858,-6.088889,1.188091,-2.420574,-15.533604,-0.913194,-1.822680,-13.382114,-3.409521,-2.170872,-8.410836,-4.858051,-3.685945,-6.666808,-3.198865,-5.695007,-6.292916,-0.677221,-5.604509,-6.815749,0.927562,-3.571892,-8.560882,1.334201,-2.142736,-12.616949,0.489502,-1.990117,-16.607231,-1.641133,-3.230366,-10.121733,-4.365394,-6.158686,-6.047846,-4.476138,-11.365065,-4.508992,-2.241273,-12.349353,-5.018739,-0.677725,-6.565563,-7.653100,-0.259590,-2.763058,-10.277890,-0.785431,-0.479154,-6.476665,-1.954660,0.674271,-2.746125,-3.430099,0.760398,-0.927382,-5.028185,-0.348300,-0.701689,-6.918657,-2.987242,-1.953657,-9.444560,-7.477532,-4.604733,-12.762001,-9.108074,-6.866720,-17.016294,-5.309324,-4.962574,-23.129644,-3.137156,-2.171429,-16.031410,-2.963493,-0.503519,-8.699772,-4.748700,0.093049,-4.296174,-9.345490,-0.222519,-1.682588,-23.359812,-1.408887,-0.437509,-14.253437,-3.464695,-0.404969,-8.863435,-5.771438,-1.500505,-7.597625,-5.731637,-3.270962,-8.772285,-3.347480,-3.801837,-12.899808,-1.344967,-2.004628,-27.489786,-0.458514,-0.015948,-15.345954,-0.758069,1.103914,-8.691887,-2.360147,1.264395,-5.428128,-5.658410,0.517120,-3.688646,-11.967412,-1.115625,-3.030277,-29.474396,-3.639866,-3.343497,-17.032578,-6.867162,-4.559822,-14.867936,-9.334800,-6.215837,-18.578829,-8.914423,-6.786851,-23.968544,-7.535406,-5.633431,-13.265924,-7.012339,-4.436699,-8.690305,-7.770607,-4.250862,-6.742469,-10.071240,-5.457418,-6.526554,-14.069138,-8.543489,-7.939224,-16.584963,-14.273262,-11.474957,-14.484001,-14.374857,-16.848383,-13.813606,-9.265403,-12.156603,-16.499269,-6.740297,-6.922592,-19.162140,-5.963002,-3.884818,-11.490031,-6.419019,-2.222727,-6.496976,-7.824784,-1.611519,-3.732919,-9.813864,-1.962228,-2.420640,-11.580839,-3.305959,-2.242911,-12.274267,-5.696034,-3.050609,-12.412289,-8.697229,-4.651567,-13.193085,-9.927863,-6.325943,-15.411024,-8.614001,-6.524560,-17.747124,-7.528465,-5.195458,-14.105920,-7.635043,-3.840472,-9.580956,-9.008509,-3.148021,-6.662402,-11.514738,-3.254942,-5.047940,-14.097156,-4.212636,-4.471950,-14.383391,-6.113854,-4.773251,-13.402204,-9.063036,-5.781055,-13.333001,-12.615476,-7.120873,-14.769250,-14.034457,-8.039998,-17.255018,-12.795076,-7.998986,-16.746981,-12.010067,-7.487278,-13.163300,-12.535271,-7.227032,-10.527772,-14.443960,-7.548118,-9.321403,-17.871914,-8.506881,-9.454763,-23.376114,-9.916157,-10.947784,-34.999413,-11.099489,-13.643123,-30.741217,-11.116837,-15.056367,-21.823578,-10.187880,-12.573359,-17.003387,-9.275597,-9.958328,-13.856600,-8.826277,-8.485991,-11.808418,-8.841532,-7.992235,-10.627169,-9.153673,-8.239568,-10.264888,-9.633068,-9.069416,-10.854389,-10.389194,-10.467241,-12.806420,-11.824836,-12.660385,-17.329443,-14.556594,-16.324772,-29.034069,-18.451897,-23.839331,-18.438717,-16.723896,-31.391937,-12.911674,-12.137251,-19.783266,-10.592178,-9.254666,-15.868563,-10.048877,-7.765745,-13.984585,-10.895451,-7.287747,-12.980041,-13.016613,-7.548500,-12.329437,-16.285717,-8.260641,-11.736846,-20.129887,-9.029613,-10.993851,-22.989281,-9.415180,-9.957057,-21.983950,-9.251367,-8.691911,-17.718367,-8.817583,-7.488293,-13.974547,-8.562057,-6.662009,-11.568377,-8.864116,-6.437931,-10.391297,-10.041025,-6.974773,-10.288924,-12.460814,-8.430148,-11.141814,-16.731281,-11.029611,-12.820894,-23.563133,-15.138157,-15.051176,-25.570822,-20.941496,-17.051748,-23.393614,-24.375336,-17.482994,-22.842491,-23.797371,-16.368834,-19.218113,-25.829248,-15.154026,-14.995831,-34.816887,-14.745550,-12.526618,-30.951344,-15.496364,-11.886845,-22.789810,-16.977915,-13.239466,-18.285368,-16.101072,-17.668076,-14.835249,-12.441614,-27.382891,-12.227044,-9.276427,-17.146385,-10.631119,-7.255332,-12.088939,-10.198597,-6.260472,-9.762792,-11.113459,-6.166101,-8.786511,-13.697964,-6.889564,-8.546360,-17.896235,-8.349564,-8.653395,-18.260193,-10.390377,-8.908051,-14.924288,-12.712193,-9.283820,-13.369054,-15.008734,-9.785723,-13.786955,-17.235989,-10.346507,-16.141308,-18.765188,-10.926840,-20.838425,-17.637657,-11.689534,-29.158880,-15.037796,-12.966227
[0;32mI (47690) ANALISIS_ESPECTRO: Frame exportado | t=47.01 s | pico=93.8 Hz | 7.5 dB[0m
SPECTRUM_FRAME,48.034979,328.125000,30.388515,hann,512,13.969089,22.346104,23.023832,28.713314,26.658785,22.919628,24.473682,24.685692,26.552784,28.343050,26.884830,28.167377,29.425571,26.272581,21.873730,24.083099,24.374271,23.750004,22.443792,23.164118,29.430208,30.388515,23.456787,26.153797,27.881653,22.377785,22.754269,23.260323,20.320232,23.763895,26.094063,25.552517,29.017515,28.501375,21.071781,23.493631,25.129993,22.795658,19.140034,19.019897,23.317562,27.412197,27.148476,22.706316,26.128864,26.125954,19.307951,20.284870,18.765310,14.735242,20.354177,21.951048,21.940693,27.195343,25.553150,-4.597447,23.570629,22.364664,15.511546,3.702495,12.692612,18.205095,22.656889,22.458874,20.327538,23.139791,20.615067,4.868832,17.849287,17.803347,14.523578,16.151917,17.795916,22.678684,26.310751,21.796560,16.862497,25.253286,21.548401,9.476789,13.003403,18.618492,17.474514,21.454254,24.423355,22.878189,22.485088,19.179737,7.592454,16.720560,19.021593,17.586039,14.592074,17.738192,21.268332,22.803633,19.081718,15.470818,19.698408,15.727671,10.170242,11.220894,16.586899,10.377386,20.094799,22.271679,18.652706,19.303968,13.541996,13.817815,17.485312,15.614632,10.529850,7.886115,17.630840,20.262894,21.233833,20.163643,17.796219,16.987020,10.620562,11.366980,15.242683,16.542618,13.660421,17.660408,20.525230,19.717360,20.091557,16.289230,13.192265,16.359129,14.253174,4.012372,11.532463,16.382677,18.472654,19.187992,17.578156,13.982764,8.794039,-0.771966,7.429386,9.546557,13.880651,10.529214,9.684243,16.545439,16.466196,15.750172,12.023476,7.848391,3.140609,6.604836,9.630546,13.599718,14.140738,13.245277,18.651438,17.427061,13.197659,12.146521,8.758221,7.936774,8.732015,9.428518,10.223870,10.820856,16.475765,18.628822,17.997524,16.003716,12.282363,6.571155,2.930982,11.550083,15.475387,14.166965,12.557021,18.062065,16.197563,13.469735,14.166862,7.317325,-5.060553,-3.493346,2.158897,6.319829,11.172224,14.065866,15.858031,13.849813,10.271520,4.474399,2.558800,9.831296,10.766873,9.313125,3.318943,7.401041,15.655783,15.848854,14.283371,14.551277,5.424635,9.632279,12.930455,11.608650,9.296482,10.212458,11.527735,14.101526,13.020140,10.760250,9.403031,-4.363220,6.767533,8.069202,4.802452,-1.571975,9.170907,12.562113,11.785347,9.279076,8.613340,2.917836,11.852909,10.821592,2.572063,-3.264797,-2.428702,-3.757582,2.902820,9.140814,5.867830,-8.879699,8.174087,11.840609,9.047506,5.268276,3.940114,2.717842,4.106844,7.086646,5.391541,-3.661007,-5.145980,6.780765,9.146854,6.750124,0.257830,-4.832795,-0.929967,7.546765,10.731066,7.699875,-4.802706,1.730302,8.247269,7.739191,-7.258170,1.357939,1.240327,4.840715,7.477963,5.660558,1.252306,1.078334,6.940941,9.584719,3.305489,0.309645,3.917794,-4.255380,2.688892,6.200130,5.649105,0.757371,4.409673,10.058376,10.649313,3.139777,4.202892,2.117753,-7.383355,1.692820,1.238721,-2.853987,1.802721,6.736496,10.056132,6.464671,-3.631969,1.898568,1.865197,3.315495,0.083504,-0.168676,0.855405,4.367745,7.489254,4.774086,-5.743468,5.149111,-2.967457,2.604529,6.311872,4.525686,5.719267,8.125685,8.632973,6.274546,1.151008,3.202489,1.048970,-7.549371,4.361010,1.842701,0.706406,4.225200,6.916451,8.732060,6.714880,1.974290,1.028706,1.246306,-1.696851,2.333558,4.457301,3.466701,2.964792,2.150282,-0.564596,2.362336,-1.345354,-6.831840,-3.665704,0.956140,2.457718,-1.930381,0.921305,3.939497,6.794867,3.686886,-9.535061,-10.134501,-3.401803,3.652485,5.502850,4.910746,2.917778,2.770709,3.638759,0.998551,1.322057,2.237345,-5.860606,-5.485014,-3.566841,3.455930,2.835489,2.561611,3.003212,2.879936,2.020016,-1.716835,0.846671,1.570913,-1.617005,-1.035281,-1.093019,1.654644,3.990473,4.277659,1.724974,-2.790158,1.431837,-0.687760,-0.305738,0.441376,2.140648,2.406883,-1.734897,0.930493,0.229396,-0.027261,-0.329191,3.006496,4.298893,1.228546,2.864473,-1.685838,-0.586938,4.725123,3.185625,0.235803,-8.043802,-5.162844,-4.363231,0.056813,2.610520,2.945170,4.498284,-0.784728,1.526996,2.816044,-0.445829,0.496581,-3.384201,-0.791435,-1.607088,0.317443,3.985508,3.082777,2.204517,0.083408,-0.906427,-1.229966,-7.285452,-5.622633,-1.006508,3.377173,3.735085,2.786676,-0.103649,-3.011713,-3.672455,-3.715796,-1.611868,0.204315,2.339666,2.214706,0.451870,3.102308,2.970506,1.222656,-1.919274,-11.936790,-1.977226,-3.446081,0.229315,2.596575,4.363695,4.500015,0.942015,2.596187,0.016987,-5.276690,-6.269009,-13.298479,-0.300753,2.551297,3.051550,1.825474,1.985740,1.006053,-0.773910,-1.561199,-2.556526,2.610569,-0.647138,-5.390434,-2.445427,-5.036883,2.884645,2.583945,2.843960,1.578531,0.658168,-2.570296,-1.218844,5.200257,5.559124,0.922981,-1.438420,-7.604830,-0.110958,3.381253,3.128939,1.515933,-1.930263,-20.035049,-1.093410,-2.160882,1.844077,7.428203,7.559028,2.596248,-2.097309,-9.600629,-4.065470,1.401209,-4.191137,-4.983875,2.011644,3.378366,4.735010,7.537984,7.789603,2.633057,-2.160420,-9.049347,-4.985491,-0.357351,-8.418132,4.489019,7.283481,7.370783,2.160964,-0.801382,-1.204458,-7.952142
[0;32mI (48690) ANALISIS_ESPECTRO: Frame exportado | t=48.03 s | pico=328.1 Hz | 30.4 dB[0m
SPECTRUM_FRAME,49.057331,5515.625000,22.892523,hann,512,13.353146,20.974251,18.717577,24.724777,22.576950,14.334979,15.657955,18.742945,19.496695,21.774729,22.155935,18.989571,12.908826,14.828038,17.820984,14.260382,11.675632,3.692697,12.486363,20.165150,20.661697,8.833171,20.050892,20.586468,13.280111,12.631475,17.181200,19.098755,21.820498,22.495865,19.256639,19.987053,20.724102,16.770313,12.588935,10.851936,9.182598,12.974613,16.861879,18.275314,15.134840,2.701161,17.012592,17.127850,10.453572,4.619742,11.971831,11.688784,5.616734,12.095348,8.540076,11.325559,13.281899,7.054033,6.078075,4.950512,10.210275,13.880796,14.353866,9.727036,-6.190629,9.035711,11.714505,5.842127,-3.993600,3.309112,6.833402,9.184923,11.377327,11.695976,8.903359,13.616191,15.485020,12.173178,-0.409787,3.983545,3.584000,-0.863273,5.808195,9.917385,10.479372,2.018658,-1.239578,1.267533,-1.065059,10.891439,11.688295,10.232824,12.348675,13.191672,12.257479,9.993192,6.561843,5.236470,5.149561,5.196642,10.333576,13.532659,8.864803,10.466869,12.668684,8.031281,8.882809,4.451495,-9.005460,-3.905835,1.228239,-5.858641,6.789156,5.031418,4.326639,3.912006,-0.322984,9.162546,8.820047,8.062864,10.691593,11.036949,7.333302,-10.933200,7.662930,11.819174,10.366973,3.806312,4.787337,11.940071,14.058906,11.740816,14.798083,13.592881,4.808060,10.200925,7.347593,9.718499,8.654204,0.908350,9.504285,11.393332,7.500446,2.477055,-14.767847,-4.010943,0.507372,8.630748,8.693756,9.893113,8.651805,6.702638,6.938978,7.357018,-0.598379,5.182952,8.287450,10.311771,0.405573,8.327308,12.851988,5.575313,0.143333,-8.659743,7.062523,12.548808,15.458445,15.092680,12.061836,10.240013,10.693526,8.684959,8.806974,11.718420,11.873913,12.539093,14.291335,9.445356,8.735647,14.339694,11.584836,1.635300,9.627842,5.104824,1.267126,2.813781,2.732520,5.803771,5.417944,1.143328,3.345403,4.555418,9.690149,13.089220,12.765749,5.409613,6.330357,6.200581,5.567332,7.689755,8.421986,14.230904,15.548641,10.324115,7.679535,6.873692,1.174486,4.794205,-4.989001,3.849416,6.834053,11.217123,12.396163,9.963526,2.294781,3.989744,8.149897,-3.133423,-2.054941,2.553924,3.235168,3.678597,2.940068,1.442294,7.851282,5.431729,3.295155,8.632523,7.409168,5.481579,-7.753732,4.801527,8.936163,11.498175,11.648377,7.207590,6.372889,11.933702,11.266512,9.976603,11.583138,10.297194,6.743927,4.671829,5.955885,5.774020,1.108363,6.916419,8.649081,4.467751,9.174307,6.392692,3.670488,8.322189,3.220386,-6.393229,2.630590,8.218008,10.994406,10.697573,11.234913,12.573699,9.680664,5.216059,7.127890,13.016977,13.203758,9.722596,11.231999,11.824460,12.414941,6.570448,11.230404,7.691235,0.433895,10.930377,11.231764,6.363568,5.196424,7.950822,-0.358826,7.368865,10.236649,5.607571,3.900821,13.386907,9.156123,11.164037,17.096121,17.273371,15.833429,8.834388,-6.212934,7.489610,10.908764,12.440929,16.590807,16.986111,15.733442,17.552252,15.532093,2.215513,-0.822234,5.988925,10.935445,15.502648,12.645349,12.884430,13.787594,8.934004,10.438909,7.864547,8.582605,1.086720,9.645495,12.559265,11.392252,13.246660,16.083637,15.355477,10.305925,12.201813,12.578529,9.923650,10.092028,13.635217,17.704275,20.010353,18.851906,16.456467,15.241867,11.208005,13.936591,11.185390,12.982510,13.487105,9.373456,12.857628,16.065109,10.504066,10.767627,19.334352,18.733494,14.330154,10.331999,14.438186,17.431593,19.234621,17.935280,18.936745,19.370060,15.919327,20.497578,20.456894,17.584621,6.660542,18.778170,22.892523,20.804598,10.070641,17.896179,18.612051,11.636061,7.739351,12.509948,11.402512,11.522526,19.331253,18.724842,14.682350,16.452553,17.560452,19.704342,14.480229,16.157114,19.263187,18.184509,14.628254,15.683599,22.077682,22.303188,20.752851,19.400194,18.972490,18.162310,18.416689,18.361103,16.866638,15.369229,21.197632,22.196491,19.597179,17.443193,14.259645,13.325600,17.348082,18.497675,10.952866,16.831619,21.658819,18.162758,10.759220,16.617525,18.201258,17.360144,13.770909,2.177764,11.156283,17.309383,18.128345,14.858072,14.067488,15.953419,15.431520,14.460187,12.229184,10.420619,15.319494,19.282248,18.553793,15.800552,14.201020,8.940547,2.135200,8.167288,9.870522,3.193590,10.261029,15.072901,11.899870,-11.402407,8.779566,8.954651,5.798759,-1.904098,-1.708986,-0.215556,-1.659671,1.183553,6.410148,5.237381,-1.175735,12.582541,15.311243,11.752391,7.050792,10.505036,10.420581,8.679038,8.533352,5.756587,5.248700,12.145784,13.148708,9.512291,4.507773,9.625156,12.784109,13.077302,9.645569,-10.103965,-1.209781,5.400936,7.988615,8.594381,5.754581,11.008076,11.624901,7.305906,8.396134,14.426513,15.088989,10.970367,4.413681,12.799290,14.871945,13.292559,13.483685,16.850346,14.271527,11.191948,12.017374,5.697939,2.573592,12.578911,15.990463,16.284388,13.032823,5.398013,12.054619,14.037769,6.870432,2.756212,4.775243,4.195292,6.416843,11.517730,9.477012,0.978431,8.338304,5.536745,0.850741,4.058258,-2.221851,9.696020,3.703749,5.978746,11.615729,13.071356,10.637741,3.775897,8.205882,-3.689402,4.746036,12.644985,10.266715
[0;32mI (49710) ANALISIS_ESPECTRO: Frame exportado | t=49.06 s | pico=5515.6 Hz | 22.9 dB[0m
SPECTRUM_FRAME,50.079692,500.000000,28.199739,hann,512,5.443839,23.184931,13.381336,27.505095,23.875698,9.786169,18.335846,20.081465,7.385768,10.430957,18.893702,12.385185,14.080482,21.649496,18.828119,18.101397,25.311024,22.156052,12.873234,20.955858,21.442575,14.425213,13.678613,17.744137,14.630017,17.627644,10.537232,17.256863,20.550564,21.035000,17.819759,24.438339,28.199739,20.372601,17.384277,25.587505,21.971607,2.172228,18.275990,19.766533,0.238136,7.487011,17.347681,6.566929,11.014662,18.430353,14.069051,17.304346,22.830526,16.631205,7.607189,19.362968,20.407097,7.830405,9.473821,18.845327,13.620509,11.448824,8.076876,14.482684,10.980721,6.031979,17.083210,19.300304,21.097488,3.475098,18.073864,19.499783,13.063830,11.953894,12.053213,13.749329,1.769210,5.265606,6.326075,2.645316,7.251495,10.101151,4.013000,9.396088,18.579430,15.269434,13.455023,15.182238,15.601713,4.148750,9.768815,11.541746,-3.979470,8.184060,9.581844,9.996108,11.832808,17.344963,16.386683,5.887192,17.126223,18.560312,18.276436,10.162003,11.807816,14.950167,7.274755,9.314252,12.158792,13.070271,7.994338,10.596630,14.917946,16.951370,11.858095,12.875069,18.811729,18.399857,13.479702,-2.225168,8.646610,-0.034532,3.637513,-11.226881,4.174495,12.884842,15.352336,15.156049,18.748339,21.617727,18.468472,14.283848,22.799892,23.910091,18.775396,14.178469,21.317747,19.461020,11.536698,17.638779,15.715357,4.217043,15.905096,16.734776,13.268206,18.843557,20.067873,16.123953,18.969582,22.305079,19.187206,8.471462,16.136137,17.172882,14.342862,8.600484,15.630675,13.564166,9.338335,19.263542,20.138741,17.785601,19.755188,22.026834,22.095621,20.595293,14.321785,12.188532,18.010044,13.297951,-5.630630,15.750340,14.688286,6.998360,14.169946,15.135838,10.847331,16.577412,17.619072,15.584299,19.382660,20.068645,13.599854,6.407591,16.537489,16.164253,9.697543,12.137877,16.620567,12.255512,8.489464,18.286341,16.431189,12.883856,19.717295,20.179148,17.704351,17.141169,14.052320,9.764730,13.315638,11.831198,8.440928,10.631670,10.458479,9.319796,7.978133,11.454256,11.520958,6.796077,10.568617,13.552871,14.340193,13.557312,3.973500,7.385149,14.050132,11.562099,-2.720632,11.416313,11.293793,-1.222219,8.148141,10.653507,9.751905,12.070715,14.715593,15.343790,13.050914,10.920567,10.299802,5.497169,8.176785,11.104175,7.965877,2.872549,4.041129,5.858220,1.478809,9.950965,12.950057,8.187579,5.367550,12.601224,13.408574,9.213600,-5.353345,4.973282,7.918758,8.059360,0.326322,-11.279650,-4.006025,0.784485,2.937519,2.196306,-23.130741,1.075784,3.035713,3.818973,4.788501,0.134307,-2.559211,5.538140,-4.585186,6.076329,9.090606,7.693218,8.839150,-0.329335,9.686071,9.885663,9.057325,10.393863,9.353045,9.992023,10.340496,7.633613,-3.453722,9.377506,12.093812,8.412117,-0.096006,4.369675,8.503982,8.456696,3.443491,11.949316,10.104829,5.064755,10.377473,12.597334,8.402645,0.794082,6.297732,6.545929,5.206204,-7.848723,4.114543,-1.054014,2.611072,3.454159,1.023745,8.772760,9.243387,9.453585,9.972850,9.471523,7.162261,0.427327,-1.397800,5.518645,6.564785,1.865213,-2.449152,0.153698,-1.895935,7.780638,6.127591,8.682896,10.408114,8.007341,9.574650,11.536169,7.916820,3.049522,6.154029,3.559586,-0.866404,3.198758,7.859973,5.447636,-9.349458,4.024780,-4.404537,3.579230,6.847034,2.918259,8.312012,9.019800,0.999227,-1.735047,-12.025959,-0.778382,3.116637,-4.507295,-0.433364,2.363596,-0.366177,5.737044,7.838669,3.280038,8.695165,10.606253,3.563031,4.875956,7.908316,2.869807,-5.228288,-10.093836,-3.289021,2.443146,7.603559,7.480481,-2.512025,2.133157,6.233431,-1.072226,-10.355219,-3.924439,-5.676817,2.539528,5.989590,4.750407,1.483448,0.691386,3.159019,1.501021,-6.541109,-2.287341,-5.752423,-0.291078,2.228566,-7.576488,6.435677,8.746205,-1.443059,0.485557,3.255051,-3.878056,-0.556080,2.797916,2.821770,-0.284076,2.060197,4.912928,0.411729,-0.060651,9.453049,8.451075,-0.090336,7.301252,8.111855,6.308132,8.391882,7.434134,5.381341,3.009424,3.351888,6.910500,6.357178,-2.199178,2.102872,4.882955,-1.690786,-2.338372,2.488745,3.914426,1.327102,-8.353868,-10.959089,-4.677662,1.736838,3.200836,0.891103,-10.997867,1.254995,0.322634,-3.537897,2.212316,5.189070,5.755570,5.949203,7.014063,7.777471,6.697217,6.441687,5.854712,1.667205,-2.687154,3.761022,5.563680,3.957816,1.908916,0.672313,-1.603163,-1.476894,-5.486729,2.602396,2.842073,0.220307,-0.454343,-2.478070,-5.295146,-5.124507,-5.109408,-4.437258,0.996373,2.691581,-0.805794,3.416482,4.034070,-1.539100,3.113422,5.984845,4.046977,4.735422,5.835046,3.800048,3.435420,0.574878,-3.574807,-1.520206,0.865921,4.111434,4.309144,1.220604,-4.266334,0.120027,-2.016873,-9.124076,-4.239616,-6.723166,-1.647268,-4.822558,-0.066497,1.618474,-7.709911,-0.433338,2.241162,-1.654765,-8.440407,-0.816019,0.576783,-10.369719,-0.023827,2.558781,1.805103,2.932769,5.562069,7.384393,5.740170,2.458801,0.024587,-1.720257,-0.912295,1.757236,4.424882,0.980891,-8.626757,4.561794,5.174781,-0.711186,-7.386027,-0.334797,-0.519150
[0;32mI (50730) ANALISIS_ESPECTRO: Frame exportado | t=50.08 s | pico=500.0 Hz | 28.2 dB[0m
SPECTRUM_FRAME,51.102055,312.500000,22.901474,hann,512,-1.703364,17.089851,12.783276,22.637112,20.493029,15.553241,17.206514,18.028296,18.991747,17.212975,14.889760,17.172777,19.163414,17.962206,12.757849,16.563229,20.016026,19.849953,12.562704,18.517179,22.901474,17.895557,12.327816,21.892426,19.120499,13.742766,18.123146,16.024120,17.802095,17.723419,12.147517,16.932070,18.834810,15.978456,10.346752,16.266222,17.799356,13.976935,10.768504,16.244581,18.735636,14.927236,10.868732,18.871111,16.386248,8.546799,16.840403,13.521788,12.637414,16.963051,11.354533,12.037436,17.269512,14.277489,5.615062,14.146190,14.830267,7.882518,6.173628,12.856180,13.220710,8.657724,9.192230,14.397725,10.645977,6.220238,14.124363,8.905133,6.561814,15.069715,10.944162,5.002575,15.035908,12.732220,-4.150373,11.689442,10.891148,-3.160167,6.278316,6.791621,2.990115,7.227259,5.679111,3.676415,5.622343,7.705945,7.618089,-9.292521,9.149631,11.687361,6.219885,8.834532,12.371434,8.443046,4.306673,8.534682,3.703079,1.734734,3.900762,-5.724712,7.452767,10.810358,5.427048,5.219874,11.828154,8.576003,-3.762172,8.381234,9.991556,8.313391,2.463903,10.461793,12.194381,2.000491,6.654047,11.200272,2.605008,-1.452832,0.399028,-1.351374,8.612527,6.147292,3.786812,9.215222,10.582968,7.804384,3.361154,8.998465,10.259731,5.311055,1.536251,11.695809,12.472229,0.123779,9.256722,13.697896,6.986158,-5.489304,9.478535,5.488583,5.897432,-4.551775,3.534967,10.232323,7.425961,6.303747,8.884936,9.099443,8.733614,-0.589932,4.440488,10.124865,6.777786,-5.851673,8.074110,10.671413,6.727545,-1.353632,8.793079,7.923594,2.839603,1.005180,6.651596,9.837842,6.014680,4.748215,10.683985,9.322955,3.943639,6.458760,6.822329,4.585678,-10.910076,-6.031173,3.078602,2.436985,2.296798,-0.907650,5.579433,6.318050,-7.632360,3.555221,5.501995,3.596514,3.421619,-0.419395,6.600753,7.092510,-9.920081,5.160357,6.650701,-4.216781,1.166128,2.241644,-2.268885,-3.773735,-11.306728,0.519888,1.078261,-3.909485,1.248354,4.360216,-0.115832,-0.401535,3.877735,-4.158566,-0.226853,3.863046,-10.387966,1.489228,4.779905,-9.416694,3.236729,5.095370,-7.640297,2.708647,3.850251,-4.445177,-5.999765,-2.038937,-0.726041,-4.235147,-9.694235,1.427576,0.457808,-9.992293,0.336921,-1.789535,-13.051441,-1.445271,-3.040463,-4.651563,2.183812,2.157705,-0.342858,4.480988,3.940025,-0.064919,2.565420,0.904603,-8.690632,-8.039438,-7.056000,-1.254369,-2.889641,-16.608175,1.409774,-0.309179,-18.153208,-0.846754,-5.368294,-6.085263,-1.892465,-5.433884,-0.324826,0.961325,-1.573957,1.710420,2.718666,-1.561150,-2.004654,-0.432991,-4.609110,-12.154593,-15.011778,-12.201668,-4.390316,-8.334110,-14.005278,-2.539022,-6.956906,-4.656127,-0.828111,-4.259736,-0.717707,0.025903,-4.286383,1.207947,1.846392,-1.933283,1.961766,2.353294,-0.425724,0.494958,-0.972345,-1.633021,-1.233113,-5.793533,-5.747461,-3.285283,-4.664975,-8.773691,-6.074944,-4.274644,-6.614246,-7.731061,-7.795720,-7.504074,-4.848551,-3.272734,-1.331406,-0.263246,1.325112,1.475765,-1.462025,1.139467,1.845573,-4.897633,-3.250510,-0.306520,-4.963087,-19.242512,-6.601040,-4.834929,-7.830339,-15.074377,-8.890524,-6.596596,-4.499402,-6.822137,-17.551210,-1.523200,0.666513,-3.202451,-4.344621,1.360709,0.469144,-9.675985,-1.631478,0.159641,-7.343368,-7.217249,-1.935491,-4.877189,-8.849169,-4.579936,-6.501386,-5.358366,-1.199376,-4.888563,-10.876648,0.874978,1.010059,-7.105882,-1.024204,2.196058,-1.538135,-6.570300,0.623535,-0.488351,-13.352919,-1.528344,-0.334977,-9.902412,-4.246854,-1.166478,-8.549065,-5.182688,-0.707136,-6.436057,-5.347043,0.798060,-2.216213,-9.858254,-0.425296,-1.590483,-16.121925,-4.935367,-3.959868,-12.025018,-9.072349,-4.974021,-9.578237,-17.077780,-5.592214,-7.367701,-23.612883,-6.552696,-5.690720,-11.985619,-5.286095,-3.031748,-9.088718,-6.196068,-3.204489,-13.081249,-8.224857,-4.844121,-15.524827,-7.328660,-4.452918,-7.442464,-12.194557,-10.060036,-9.336810,-13.874727,-22.607615,-22.497749,-14.573355,-13.119732,-25.508177,-11.494136,-10.810364,-18.894512,-9.044556,-13.438242,-14.718676,-8.375968,-16.578917,-9.375657,-5.767169,-7.365000,-11.675445,-12.326793,-12.271053,-19.466751,-13.679551,-10.462658,-17.287163,-9.319029,-6.929204,-17.300072,-10.359875,-11.860956,-18.297672,-11.153255,-24.711302,-8.921499,-11.433167,-10.481111,-4.138202,-4.568827,-6.383560,-4.572258,-5.786705,-8.068281,-9.492852,-11.316471,-5.662501,-8.870354,-7.168489,-3.777486,-7.904588,-9.755589,-8.293045,-12.108393,-11.808846,-10.119081,-11.705683,-8.416580,-5.886106,-6.153713,-4.850827,-3.124880,-4.760399,-2.793581,-1.859583,-4.865813,0.545108,0.255944,-2.935963,1.935164,0.787363,-4.725401,-1.094720,-2.336703,-10.612966,-4.526702,-4.182723,-9.040789,-3.815046,-3.133634,-6.229932,-5.472528,-3.771576,-3.104976,-4.860587,-4.289016,0.109852,-1.703542,-5.340083,1.145432,-0.674465,-10.554020,-0.787628,-3.008722,-8.592463,1.128061,-0.155089,-2.694013,3.460849,2.515311,-2.040545,1.784743,0.995113,-5.151057,-5.553560,-4.184061,-5.953343,-14.198674,-15.307680,-6.162987,-6.323602,-11.167233,-8.972166,-11.263123,-7.322461,-1.216334,-2.904261,-5.087218,2.894939,2.666934
[0;32mI (51760) ANALISIS_ESPECTRO: Frame exportado | t=51.10 s | pico=312.5 Hz | 22.9 dB[0m
SPECTRUM_FRAME,52.124412,93.750000,34.697613,hann,512,20.856915,25.148357,33.138599,40.273891,34.939541,26.882961,34.697613,27.339256,28.339443,25.759846,22.027864,30.720318,23.243282,25.793230,28.277733,20.699026,24.075459,12.440041,26.181393,28.875217,27.960270,31.877979,31.507195,31.176245,33.664032,30.571394,28.232260,31.717312,25.235159,26.382036,30.802372,24.405922,30.352137,33.003593,30.027885,30.321720,31.004297,28.045187,25.945858,21.221626,11.474995,13.162317,18.983051,26.182718,24.875252,24.672455,28.049450,26.644667,23.574944,24.838024,23.717974,18.283859,18.906824,20.552467,20.613991,23.310787,24.691788,24.561047,24.873814,24.619867,22.154646,20.314133,18.094696,15.183581,20.415882,19.191593,22.366257,25.564508,23.733639,22.623222,23.829330,21.267670,17.569244,16.261240,15.051008,15.727030,16.975607,19.117287,18.797319,18.785778,19.559772,16.731836,16.912830,17.891102,10.708454,10.783285,12.606300,7.528635,7.594347,5.637350,16.281931,17.083990,16.899326,18.658392,17.639584,18.369164,18.019945,12.825315,16.542112,16.898939,7.372218,15.154879,16.783092,8.941818,9.606746,13.029255,5.366599,-6.527327,4.372110,6.921251,0.224849,9.569199,12.861837,4.111821,3.207840,7.729844,6.322680,6.694626,6.602183,14.163642,13.750199,14.374824,17.571430,14.059135,12.955880,17.217209,11.976345,4.295191,12.286138,4.184170,-1.743024,-1.124125,5.765924,6.461876,10.866755,14.530663,11.861652,12.944242,15.387486,12.050375,8.591950,8.359584,2.366814,-4.865871,6.582629,9.690067,7.740406,11.701928,13.167872,8.001974,4.715579,7.474113,0.290879,2.879941,7.977884,13.824722,11.969489,7.730064,16.128561,15.380330,2.517726,14.254486,14.934300,5.146671,10.682831,11.958860,7.706265,2.773223,7.240595,5.966446,-3.755660,10.179282,8.929269,-0.358666,9.962244,9.168975,-3.635310,3.029037,-0.473489,-6.137824,3.452480,7.384064,6.349979,5.654357,10.144601,9.180324,9.303500,10.592402,10.023421,12.303462,10.445921,6.714792,8.974941,3.400398,-0.684602,0.185083,9.192905,9.747106,12.421504,16.021152,12.885985,14.429682,16.755951,10.403815,12.310112,13.911348,1.179505,7.408333,5.307187,-4.299775,6.846258,7.534215,5.266259,6.550823,9.505741,5.130250,2.089989,2.118298,-0.915135,1.264672,5.159112,8.127522,7.873849,11.136689,11.129753,7.928095,8.944668,7.976951,3.155757,-11.730055,-1.594443,-1.228500,3.699335,9.374652,8.075337,5.216005,8.522960,9.153866,5.003403,2.660349,6.623041,4.036691,1.934952,3.786493,4.470427,4.272614,0.601642,-0.153472,2.287150,-2.203586,-7.296576,0.545133,-3.306899,-1.034681,2.977762,-5.293015,-3.781319,1.492798,-6.156849,-4.093737,-9.883507,-13.237083,2.895913,1.984063,-4.628119,2.047480,2.840106,-5.837152,-1.113797,-3.263056,-7.696588,-6.649511,-4.057860,0.078753,-2.243091,-14.626915,-5.068567,-3.085639,-2.757384,-0.073171,-7.113038,-2.065834,2.773356,-2.326000,1.496557,3.516006,-5.783007,-3.235847,0.319653,-5.456481,-8.353474,-10.222564,-11.122845,-2.047144,-7.941358,-11.579872,0.050164,-5.651003,-6.386580,1.007905,-5.063725,-5.422742,0.273611,-1.397255,-4.039069,1.813410,4.793318,1.544204,2.977346,5.933413,4.888907,4.841222,3.201833,3.969612,6.634106,2.105599,-5.259335,2.828414,1.074901,-2.491281,-5.635259,-5.584584,0.196355,3.263254,-1.123857,-3.496068,1.233807,-16.493694,-2.416541,-2.059069,0.848816,0.960983,-1.284907,4.658035,0.507995,-3.622080,2.219718,-2.623840,-3.879881,-1.447944,-0.231315,-3.425286,3.558161,5.167618,-0.058338,2.040670,6.158343,3.363269,-7.525414,1.353254,0.880771,-12.925147,-17.140940,-10.178832,-7.236313,-17.154053,-0.758966,-3.516284,-5.412912,0.205797,0.217795,0.240145,5.231734,6.806123,4.839670,8.072208,8.682189,6.126161,7.916193,6.977341,5.142780,4.361119,-0.296506,3.454141,0.362378,-0.313650,1.137438,-2.016773,2.718570,-3.025685,-2.898236,-4.462591,-3.816493,-2.437648,-5.975981,0.753059,-5.205493,4.038591,1.671407,1.516755,6.679145,-0.680508,1.232225,2.574891,-16.178427,0.036659,-2.249393,-0.363967,2.571316,3.633059,2.139368,4.107413,3.050602,-0.002783,3.090420,-4.496833,2.690836,-0.412070,2.945570,6.852261,-4.277917,5.469633,7.315626,-4.545956,0.836939,3.159707,0.272800,-10.893204,3.562480,6.516881,4.211009,6.731090,8.612343,6.842951,6.456805,6.886787,3.505228,2.344139,2.057203,-5.167728,-0.862878,-2.268108,-5.081652,-2.804508,1.025996,-4.641251,-5.935959,0.720184,-10.218997,0.662464,-3.644686,-3.078253,3.813393,-4.355091,2.107644,4.366479,-2.612920,2.095899,0.862829,-6.198052,-0.960364,-1.580983,-4.815939,0.296753,2.848677,2.293694,1.480546,3.788278,3.187819,-2.276458,3.504926,1.099071,-7.157910,3.037108,-3.009507,-3.370331,0.827370,-0.716054,0.119116,0.541647,0.363969,0.905588,-0.802565,-8.707191,-5.337648,-6.535253,-1.688701,4.134614,-3.652404,1.035753,6.322806,2.394001,-2.501681,1.602778,-1.278963,-10.245217,-2.719184,-4.632123,-1.780456,3.958542,5.013487,0.302955,3.088311,6.579748,1.400856,-5.325770,1.035907,-2.689830,-19.200138,-6.119004,-1.468829,-12.514791,-0.595825,3.287499,-5.193200,-7.676346,-3.769863,-7.755802,0.582360,0.012258,0.490434,3.268861
[0;32mI (52780) ANALISIS_ESPECTRO: Frame exportado | t=52.12 s | pico=93.8 Hz | 34.7 dB[0m
SPECTRUM_FRAME,53.146786,93.750000,28.758629,hann,512,1.738394,17.634548,24.702358,33.697029,29.527113,17.710823,28.758629,25.783117,16.924036,22.093845,16.761549,15.292248,23.051853,24.594276,10.557460,23.729876,27.069971,14.912289,22.813826,26.071007,16.360325,20.468487,21.873341,16.314526,17.074095,8.189627,19.886526,18.477669,17.920788,23.246050,20.694971,22.062826,23.711491,19.221222,20.710232,21.429111,11.851971,12.333147,18.855013,18.801596,10.781932,19.769327,23.005066,17.036160,20.273102,22.745899,16.139965,18.288052,18.989195,10.272313,13.301052,10.699779,1.422172,5.905540,9.399916,3.662193,12.814369,16.611580,2.411181,18.620285,20.663462,3.228500,20.599110,22.406092,11.492520,19.366461,21.340611,17.403318,16.326754,16.315168,19.867588,16.900646,10.500869,20.125780,16.988878,14.879608,19.997662,11.982059,15.598700,19.853014,13.042496,15.376896,18.712795,17.074520,17.042311,16.719738,16.557949,17.521862,14.626198,14.259617,15.486890,12.305334,14.124681,13.445343,12.736317,16.108143,14.223114,15.171870,17.523361,15.563092,15.417061,17.143772,16.191330,14.443603,14.726088,16.021490,14.475830,11.182876,16.362408,15.723566,8.587826,16.776262,16.314949,8.380247,15.426687,14.240680,9.641615,12.542497,6.082773,11.741480,9.926256,2.597015,13.073058,8.164579,8.223403,12.586594,8.430931,8.067652,10.206944,8.313925,8.234863,5.476476,6.395262,5.572447,-1.038745,1.821076,-3.288372,-4.969416,-4.502254,-25.544870,-1.048619,-5.094689,-10.535264,-0.720831,-2.774671,-11.561103,3.437242,3.293008,-3.861173,7.055301,7.417535,0.690310,8.558905,7.181973,0.761936,8.776701,1.786187,5.892186,8.414747,-1.646683,10.400438,8.514308,1.168520,11.371904,8.088163,2.027932,9.484365,7.750041,4.174882,7.693563,9.380648,6.479483,8.426323,10.966525,6.971321,8.361576,10.690821,5.212077,6.493742,7.945092,1.632366,6.407008,5.427954,3.851959,8.920032,8.206285,8.353043,10.097667,9.136740,9.237166,9.043827,7.157170,5.299257,3.343383,3.525351,0.027619,4.371878,5.368570,5.344309,12.351399,9.634155,6.050499,14.712629,11.573529,5.989752,13.900826,11.275509,5.875261,10.568065,8.469823,3.755388,4.220922,2.351111,0.415634,0.616496,2.482852,2.432433,4.950587,6.581212,5.907841,6.390266,6.929934,6.555624,6.468529,5.338439,3.204198,5.790546,4.459811,-7.402249,4.180848,5.000345,-13.194261,2.455256,5.122385,-3.411056,1.187789,4.872652,2.820634,-0.439105,5.386498,4.285264,-1.588701,4.587646,1.947043,-3.448447,1.280360,-4.220852,-3.501250,-4.475639,-4.643364,-1.666760,-28.690372,-0.284032,-1.492510,-4.848282,2.338083,-2.578890,-1.833284,2.559467,-3.795962,-4.903462,-0.955629,-5.242083,-5.809910,-11.424685,-0.127196,1.310325,-13.350328,3.726163,5.582933,-5.057236,3.962988,6.413062,-0.930219,1.580758,3.419245,-3.191731,-1.300382,-4.810427,-10.104273,-5.739152,-21.160166,-0.872256,-0.360549,-1.913828,-0.189483,4.596344,4.284746,-2.348127,5.069482,6.000814,-1.743928,3.257706,4.069921,2.347987,2.908941,-0.645464,5.723250,5.636925,-4.840491,6.371803,7.959343,-2.247185,3.911513,8.053021,3.277271,-3.593788,5.511803,4.908794,-8.840439,-0.618775,2.622103,-2.338685,-14.695080,-5.986876,-4.759207,-6.700231,-10.699732,-15.186019,-6.008989,-10.231051,-6.766809,-3.584348,-5.298868,-16.565954,-0.917205,4.213904,-0.338175,-4.409589,6.696275,4.998215,-16.295063,4.403967,4.767914,-7.333089,-5.679576,-0.958711,-6.730694,-12.497296,-2.471690,2.246566,-21.994892,1.796034,5.201348,-0.249294,-0.692293,3.677222,3.267149,-8.383121,-2.850956,-0.922280,-3.993686,-3.628284,-2.959355,-9.838130,1.988105,5.673355,-4.418138,3.006360,7.864856,2.442589,0.730502,6.748457,2.378887,-3.256348,2.578104,-4.330335,-2.893650,-4.548124,-4.640779,0.713142,-4.147071,-0.961267,3.518100,0.788835,-4.667911,3.327064,3.845984,-0.351684,-1.067117,3.226471,3.424240,-4.887280,-3.617697,1.530068,-2.205769,-4.270339,-6.617148,-5.863832,1.387025,-0.757542,-3.418259,1.329436,1.347450,2.366578,0.674944,-0.012041,2.880808,2.190791,-1.912458,-0.924129,1.827264,-6.252663,-9.602638,-2.529186,-10.565334,-3.467184,-4.558802,-5.355332,2.530732,0.645565,-7.437693,4.912630,3.785664,-10.448380,3.782929,5.358768,0.877732,-0.357033,3.644326,4.354558,1.554728,-7.479417,2.599014,3.214543,0.438793,-9.691708,-0.848164,4.282870,1.374371,-13.979195,1.481755,3.603931,0.142500,-2.888601,-2.783713,1.141893,0.773773,-6.962372,-1.602578,-0.755300,0.247256,0.217600,-9.356614,-1.874731,0.820415,-3.140594,-2.925635,-4.145441,-1.834749,0.148445,-8.240173,-6.131757,-1.493912,-1.335176,-1.554674,-8.200729,-1.446474,2.058404,-0.743514,-8.839149,0.287019,0.757611,-4.942377,-7.600725,-7.982570,-3.050725,-0.917562,-1.009016,-7.969274,1.099474,3.458890,-0.388291,-2.852367,0.715651,1.229983,-5.810786,-14.215592,-4.911319,-2.800287,-3.964909,-12.125153,-5.894781,-2.195191,-5.416350,-16.629263,-3.015910,-3.574973,-24.749853,-3.357754,-0.208839,-7.267870,-8.155239,-0.533107,-1.070388,-7.787206,-6.816472,0.544329,2.277888,-0.272861,-1.774701,4.987002,5.212484,-0.564384,2.844101,5.528584,3.114581,-2.897062,-0.000490,1.874629,-2.029288,-9.777040
[0;32mI (53800) ANALISIS_ESPECTRO: Frame exportado | t=53.15 s | pico=93.8 Hz | 28.8 dB[0m
SPECTRUM_FRAME,54.169140,687.500000,38.713173,hann,512,-4.843104,12.657027,31.741926,39.512920,35.653442,15.146925,25.184191,17.839930,22.260408,21.714079,29.436666,26.848585,23.064356,32.439201,27.108322,28.424341,33.657307,28.328621,27.728306,30.469357,28.652428,29.846647,30.974520,28.693069,28.404989,25.722082,23.490465,27.747623,28.148424,25.630547,23.304605,15.267530,31.877552,36.186127,29.916306,17.380955,31.640350,29.338209,22.935057,15.047570,32.145111,34.666904,24.033474,36.331894,38.713173,31.771397,16.801355,31.669022,29.086807,25.396917,20.631790,23.819979,26.741470,21.481056,30.459965,30.574131,21.824169,28.170486,23.234789,22.583652,25.292311,20.199373,28.743458,28.570044,23.011000,30.336102,27.129532,27.916296,29.214088,22.417393,24.459995,26.341820,23.991714,27.058132,29.516956,14.904886,35.440247,36.062061,30.753609,15.756575,28.957241,25.580803,23.164331,22.903929,21.080883,18.876202,23.237360,27.297699,25.615429,17.798302,20.014553,25.290411,24.461260,22.627254,15.615396,16.041962,20.483358,13.683825,26.329002,23.510313,11.048349,21.580732,17.885616,18.934139,21.750042,23.112619,23.134668,20.314671,8.093451,24.131313,23.812885,23.191982,10.338763,17.566193,17.512543,17.371735,23.213568,27.365906,20.841352,26.433790,29.179916,26.424149,24.312517,16.587179,19.159983,19.808062,25.793663,21.984787,16.465523,18.421158,13.273832,22.193014,19.141027,19.368858,18.812145,23.243805,23.932377,21.028967,23.220013,24.304392,18.943933,21.176796,25.188391,14.274700,20.316011,21.009501,3.981436,19.973370,20.195030,18.314701,21.595507,16.960144,21.931160,23.711288,22.687082,14.053232,12.474892,18.285608,12.783752,20.159622,21.902676,20.596895,20.241455,21.330017,16.906893,19.113838,16.415365,17.838318,22.393841,16.037449,14.483881,15.360408,4.377470,17.048603,16.465961,22.356972,19.959394,19.492153,22.310963,12.403836,17.091223,22.822418,23.585014,18.228243,-3.281495,14.608364,13.862691,20.300587,15.658914,17.939945,11.760881,12.430674,10.604304,17.253407,18.785130,17.196075,18.783630,20.701952,20.169159,8.821663,20.590347,20.518490,6.940495,19.082790,18.445986,12.270805,19.351179,19.324594,17.132730,13.447075,14.493557,15.216823,11.603595,11.186249,14.108673,14.220469,13.377000,6.445283,11.672730,-5.049739,16.855495,20.103491,19.642733,11.443254,18.889133,19.334780,14.104909,9.223370,12.295750,14.897377,15.978356,1.653367,3.188637,17.340031,17.979086,12.551540,14.449890,13.706884,14.210228,14.013954,8.479076,12.286958,10.146698,7.142105,11.094635,14.562378,12.994062,9.845180,13.730644,17.228838,19.709999,15.723934,15.883428,17.726353,19.826385,16.883692,3.995530,5.227619,11.469960,11.513161,7.327815,12.434821,9.765970,13.300625,0.842252,8.595469,5.985989,11.714905,10.435539,5.101258,11.010468,3.146205,12.027167,11.186007,13.027479,1.307368,11.599836,8.779002,4.713100,10.368372,10.441353,10.562555,15.071460,15.125772,7.204662,5.151581,12.900154,14.580946,12.857560,13.059250,12.376276,9.321317,9.267949,14.965425,9.742783,1.930627,3.937591,7.383351,10.989685,12.005782,8.486913,10.719076,14.181451,9.382974,7.089691,16.135670,14.137454,5.906893,-1.692084,5.439322,12.962755,12.547606,0.121820,3.333749,9.554689,7.897794,-4.529576,2.928084,6.139083,4.819888,3.332344,-20.431879,1.481728,10.836065,9.877091,9.480552,16.668648,11.004634,-0.078045,-6.039833,8.973292,16.025375,17.349033,14.947806,11.951359,8.514627,3.538182,4.081728,5.940968,6.724061,-0.467447,11.182961,11.049666,8.259904,4.290658,3.272388,-2.986487,8.338119,9.140347,11.597080,8.144902,-0.145086,9.270153,9.961236,8.786600,-1.747007,11.162600,-2.114635,9.044862,6.809300,6.770606,2.433548,2.013839,8.927730,11.972252,12.722891,9.024469,0.108051,-7.609010,9.676712,10.897303,-9.912258,1.520128,-2.652888,-4.107422,7.210624,9.522116,6.838589,6.616485,-6.248441,7.060775,8.861207,10.042208,1.331916,-1.767393,6.227788,11.071184,9.362487,3.962372,8.475500,-0.178106,-1.907143,4.660715,5.080314,1.105131,3.765744,-4.244306,3.733539,9.153537,-3.528177,5.299457,3.761834,7.539065,8.536048,7.813825,2.959536,6.277113,6.664230,10.060786,6.986775,-2.093436,5.211966,8.128086,-5.715763,-4.326511,3.194144,1.018207,-4.254437,1.341483,-30.108130,4.556968,10.646013,8.220758,-1.258950,7.604760,4.284480,-14.968481,-8.091737,0.846062,8.140317,12.683969,8.733014,-3.086531,3.390019,6.926181,4.171860,-11.391224,4.139260,5.505414,9.045452,-5.472088,6.215351,6.970228,5.712321,3.205026,-0.357946,7.348305,10.929699,10.283027,4.709066,0.407244,-6.361309,6.223625,4.994196,1.311853,0.919910,0.109604,6.500935,1.515336,-4.403435,1.634070,1.733238,5.844902,9.109947,-3.731539,4.624951,-1.663630,3.754983,-8.979169,-8.599586,-7.709327,-11.972256,-0.024704,6.314250,0.791318,-0.165898,-3.508556,-0.641978,-2.351967,4.588103,9.119000,1.671580,8.756554,6.539183,2.391368,7.934694,3.456879,-2.498166,-1.648797,-3.903270,-2.645118,4.172907,3.477668,2.722777,-4.126215,-16.061766,-5.885383,-1.180089,5.321741,9.112793,7.587211,0.344237,-3.947354,5.340970,9.394228,3.185742,5.623386,7.037888,6.278546,1.574971,-3.256295,4.468293
[0;32mI (54820) ANALISIS_ESPECTRO: Frame exportado | t=54.17 s | pico=687.5 Hz | 38.7 dB[0m
SPECTRUM_FRAME,55.191498,93.750000,29.231384,hann,512,9.798802,5.157048,24.512098,33.460934,30.313437,13.160803,29.231384,28.127510,9.243926,23.361166,25.060148,13.734302,21.287609,26.581705,20.279072,19.032963,27.278828,23.054924,13.823660,25.424179,22.557121,8.285011,21.691319,19.696451,6.118484,16.875084,15.053568,9.680513,12.804512,11.052801,9.630695,16.513485,17.059061,6.077912,19.043056,21.452171,15.357305,17.439745,22.615568,20.579874,12.006564,20.805702,22.027723,16.299839,17.096497,20.939709,18.863474,16.694386,19.001442,17.282171,16.236496,17.040224,12.711516,10.354992,11.818074,6.466287,-1.456008,3.316593,11.350985,10.467271,13.419629,17.174854,12.780971,15.366627,19.459755,13.479742,14.522570,19.382927,12.953041,12.999006,17.581020,10.542433,10.997697,14.061270,4.555454,8.436521,7.480299,-0.348384,9.673673,8.857187,10.284328,11.378710,14.678393,14.751614,9.839404,16.263081,16.267454,5.800823,14.437847,15.016213,1.308684,9.877263,10.063075,-5.869537,6.651916,7.755413,9.667176,6.029678,11.129858,15.107750,9.014097,10.223373,16.834641,12.772188,6.875087,16.698698,14.525751,5.310970,16.434233,15.686016,3.735157,15.377545,16.701811,7.346360,10.808359,15.082251,10.340580,2.061046,7.281640,6.478783,8.376928,12.660072,9.561400,5.237212,16.809958,16.855099,3.161350,15.628067,18.419109,13.180213,8.877124,15.776033,14.519262,4.297548,6.870269,10.572708,8.454499,5.949314,0.382106,6.798132,11.464709,7.877267,4.798809,12.149988,10.775434,4.830883,10.235600,10.885526,5.299768,5.453223,9.696173,6.353421,-2.017451,7.740419,8.226262,0.230088,3.328982,9.173062,7.656254,-11.933983,6.693835,9.771049,4.426196,-2.637288,7.053416,5.856761,-4.017306,0.386053,2.329998,-3.531626,0.653654,6.292317,5.125575,-5.923208,8.259304,8.948639,-4.666226,6.047652,7.110255,2.012956,2.814209,1.303340,7.776447,5.397057,1.951831,11.642642,8.491607,1.072357,11.126714,7.673188,1.601981,6.347602,-5.989316,2.613338,5.210070,8.642574,5.112483,6.558545,13.841196,9.245216,7.797841,15.047939,10.415642,8.902226,14.778402,9.404086,6.235299,12.672395,8.347013,-0.123488,7.109648,4.503437,4.437828,6.438167,-4.361304,4.626069,8.982143,5.053842,-0.217755,7.029901,4.872698,-2.786989,0.795092,-2.240724,-3.223415,-6.634323,-5.040974,1.131934,-0.430469,-3.897721,1.894057,3.836558,-1.647070,-4.468405,2.799791,0.192566,-12.705809,-6.777202,-2.856392,-6.050273,-8.042750,1.319653,0.017282,-9.764679,3.823962,5.364583,-1.312385,-0.845034,6.087032,5.739012,-3.362775,2.042470,7.080760,5.216472,-4.336988,4.714293,6.271386,-0.363519,-0.543213,2.680585,-1.289791,-6.679155,-8.041063,-6.976387,-12.100104,-8.330008,-2.540619,-13.757934,-4.660994,-0.166705,-9.827364,-4.564442,-0.735071,-6.527050,-3.521370,0.502344,-3.493186,-2.091576,1.794165,-2.014572,-0.475481,0.979999,-5.061558,0.380420,-0.603643,-21.692497,-0.798898,-4.260951,-3.391043,-1.723070,-10.664921,-1.876897,1.853729,0.215468,-2.191751,2.965122,4.361782,1.078107,0.901268,4.456707,1.970861,-0.985034,1.781147,-1.526329,-2.958386,-0.504840,-6.824813,-7.762879,-3.976119,-7.248337,-17.288116,-14.386281,-7.076763,-2.819312,-6.681833,2.466612,5.628940,2.614128,4.129418,7.707840,6.563644,2.128548,4.472897,5.143955,3.291149,1.691130,0.883098,3.655650,6.711989,6.835842,1.329977,6.037171,7.602960,2.323018,-3.195692,0.943239,0.833786,-3.116956,-3.683427,-1.066420,1.347218,3.612455,3.740385,-1.555610,2.652171,3.849895,-4.981744,-1.455134,0.205496,-7.784901,-2.446502,-4.595452,-3.475613,2.186640,-0.411866,-4.762552,5.018052,4.983776,-3.143952,3.040604,6.479250,5.113851,-4.020150,3.633190,6.857820,3.619813,-9.453604,4.277953,4.806624,-1.625207,-1.839590,-0.093901,-0.732164,-3.610269,-13.021320,-4.943273,-3.053415,-15.648558,-2.198426,0.009950,-6.660705,-5.751280,-0.058271,-2.909963,-13.810053,-7.469534,-1.695749,-1.594258,-1.842154,2.296184,2.565649,1.716931,2.809913,3.652745,1.222397,-3.145523,-0.579688,-2.385358,-7.244862,-4.338830,-11.846004,-2.295960,4.024045,-0.722991,-4.127938,5.279292,3.106780,-8.954173,3.262515,3.110556,-32.838722,0.816737,1.269844,-10.367929,0.963388,0.517505,-10.032496,1.230139,2.336159,-8.421846,-1.985343,2.938582,-1.189303,-10.792072,0.686187,0.992261,-5.988088,-2.812497,0.621146,-2.343359,-3.257433,-0.446027,-0.453415,-1.627033,-0.761426,-0.727981,0.374929,1.852470,0.200589,-0.050454,4.008152,4.600522,0.921497,2.894730,6.007986,5.013103,-0.099618,2.594341,5.501395,3.361810,-12.945517,0.732213,4.440489,2.049729,-5.053385,0.782613,3.986945,1.154999,-4.926558,0.594858,1.197291,-4.496402,-6.650543,-2.227358,-7.483137,-10.426992,-6.144599,-23.205164,-5.392406,-5.896453,-11.481806,-1.735629,-3.851713,-11.901054,-1.230820,-0.601593,-8.284355,-6.559165,1.810886,1.870249,-7.814593,-0.132234,4.148550,1.125272,-9.248459,1.242265,1.614877,-4.994641,-8.012547,-3.235899,-6.921881,-14.312258,-7.989756,-8.629964,-8.315549,-8.089713,-3.571887,-0.540358,-1.955078,-4.969566,-1.343152,0.678042,0.439077,-6.540391,-3.382899,3.133621,1.538805,-5.380106,1.652473,3.134001,0.388007,0.426154
[0;32mI (55840) ANALISIS_ESPECTRO: Frame exportado | t=55.19 s | pico=93.8 Hz | 29.2 dB[0m
SPECTRUM_FRAME,56.213858,93.750000,28.382374,hann,512,19.137661,22.008980,26.100428,33.866047,30.641737,17.148422,28.382374,28.059015,15.742341,13.911061,18.505772,16.871811,18.799391,19.087902,13.226965,21.707298,25.384991,23.379093,22.729223,25.219109,25.710831,23.168045,21.431561,23.432005,22.919868,20.513725,22.522490,24.829670,24.706467,25.212076,26.327576,26.399639,25.314495,24.975777,25.794058,23.404594,20.511417,23.963963,22.199146,13.499943,20.959444,21.982763,14.324689,13.911633,22.674330,21.364159,12.431870,24.724728,24.964106,16.980068,24.318922,25.546762,17.879749,18.971703,23.550882,20.668732,16.576115,21.711252,23.563587,21.935415,22.132511,24.263582,22.614794,21.029531,23.271397,21.692495,18.265245,21.921780,21.400539,16.089912,19.208963,19.562355,13.798159,15.035478,17.077042,14.281455,18.685711,21.465282,18.023628,20.468199,23.020386,19.447777,18.381084,20.400763,18.695189,16.814764,16.077295,16.492199,19.613976,19.087212,13.223094,19.027798,20.808605,16.096281,13.352548,19.945953,19.663715,14.788219,17.724707,19.694506,17.235632,15.292551,15.834515,14.066154,13.803888,14.590218,12.011318,12.731754,18.731659,17.335640,9.140441,18.751263,19.069641,9.359087,15.084818,18.429770,13.253416,12.726478,16.879194,12.648903,13.341922,15.278335,7.719103,10.025640,14.500000,11.689209,5.234919,14.738678,14.724642,10.217270,14.110795,13.580866,10.666029,12.141394,10.735558,8.176777,10.458907,10.275162,7.726679,9.030337,9.673158,7.722436,6.302970,8.941918,9.171862,6.368938,9.991374,11.570048,7.560748,9.002748,11.249166,6.115051,3.168380,6.715083,2.987764,1.648742,5.496377,2.974896,4.152675,10.315559,7.183977,0.371168,10.620131,10.136990,-0.685600,7.019765,10.295286,3.779206,-1.935436,6.790395,3.265677,-10.367353,-3.766767,-0.901407,-1.409425,-6.241626,-0.024305,-0.025669,-1.182378,1.883779,-2.648361,0.591206,5.463018,-1.015877,1.752067,8.309254,4.902226,-0.226712,8.107046,6.390167,-14.709274,4.277749,2.447179,-0.899546,2.640615,-10.691999,5.842679,7.487969,6.159920,10.184907,8.692952,10.343954,12.272678,7.168398,11.210809,11.910568,4.608322,9.257166,9.251316,-0.239159,4.537564,4.135735,-15.631880,3.016545,-1.546566,2.634010,5.736313,-6.800189,6.702122,7.033713,-4.937764,7.777863,6.451082,3.832169,7.023906,5.257475,5.435362,4.085323,5.849963,5.612966,-2.573531,8.049099,8.212621,-12.024054,9.928967,10.337690,-4.667703,10.214644,10.406347,-3.412205,9.185246,8.379826,-8.872496,7.089389,5.347446,-10.139900,3.197980,2.673156,-0.262532,2.670034,0.482678,3.372717,6.030527,0.434898,3.544979,6.405685,-1.413622,-0.421675,2.904216,-2.767410,-10.689253,-1.428586,1.092633,-5.442474,1.275232,1.697217,-4.511120,-1.273239,-2.209543,-9.088470,-18.128994,-7.369720,-17.442043,-5.684950,-3.407072,-9.182536,-8.334874,-5.027177,-1.106557,0.283645,-7.675680,3.195329,4.725243,-3.704877,3.708560,3.525781,-5.591644,-0.264435,-7.008334,-11.984083,-6.312070,0.449656,-2.275745,-2.425460,4.610239,0.820780,-6.724009,2.407668,0.544113,-8.724095,-8.367685,-2.028805,0.104194,-2.610555,-7.306012,-0.123336,-1.041807,-11.297911,-9.940554,-4.870652,-3.190794,-6.265000,-2.666188,-0.442095,-1.692739,-0.388241,-1.764271,-7.233138,-1.224378,-0.782027,-5.360281,-3.640736,3.257544,2.412291,-6.942576,3.879707,4.103667,-9.233721,-0.246879,2.885308,-2.613694,-3.740797,-0.149070,0.176818,3.259372,-1.543868,-1.571976,4.596005,0.523313,-3.479731,1.532044,0.490836,1.216460,-1.059617,-4.610078,2.914302,2.929216,-9.787434,1.202868,4.425725,-1.542038,-0.509430,4.016211,-0.752277,0.397505,2.885970,-4.191996,-2.993534,-0.077704,-5.735154,-9.626444,-7.854705,-3.273449,1.681604,-1.770633,-4.791944,4.075517,1.844474,-15.264894,2.013024,0.367823,-11.842730,-4.067637,-7.545779,-9.331469,-5.813695,-9.267700,-30.179138,-4.637437,-3.876145,-5.323279,-1.628299,-4.908082,0.163042,1.218953,-10.905254,1.107825,0.466295,-18.273916,-1.281058,-3.655927,-3.725563,-7.906017,-2.061450,1.039602,-10.884609,0.688574,1.918571,-0.698291,0.983634,-0.666846,3.213665,2.144097,-9.122700,3.966500,3.116896,-9.378175,2.648597,1.451909,-3.839220,1.520445,0.174264,-6.510322,2.110273,2.864110,-16.933331,1.009542,3.645737,-1.899378,-6.083769,1.474351,1.981488,-6.157840,-2.925398,2.978877,2.275307,-2.678043,2.452855,4.725791,0.188865,0.399162,4.166908,0.613307,-4.672959,0.291933,-2.366574,-17.618629,-12.966381,-11.864114,-8.527047,-6.715919,-3.813512,-6.369398,-2.457394,0.575215,-5.766103,-3.539819,1.069715,-4.363684,-5.945650,-0.769087,-4.342560,-7.101415,-3.447635,-5.877633,-8.878275,-5.022939,-7.765178,-11.431151,-6.789697,-11.523332,-14.475641,-7.852574,-6.918671,-7.092584,-6.514712,-1.167102,-1.936799,-6.473808,-0.163714,-0.213297,-9.048672,-3.174148,-0.865016,-8.192108,-4.442606,-2.663497,-4.438613,-1.179628,-5.195903,-3.387484,-1.265153,-12.598139,-3.517692,-4.756363,-11.536345,-2.816610,-9.787374,-3.865722,-0.492590,-11.685376,-1.939466,2.372056,-2.383835,-2.574536,4.035242,1.952560,-3.664823,3.848009,2.257958,-3.460894,2.126376,-1.024075,-3.315314,0.607712,-7.151263,-4.089805,-0.803050,-10.370527,-6.048207,-5.719268,-18.981369
[0;32mI (56870) ANALISIS_ESPECTRO: Frame exportado | t=56.21 s | pico=93.8 Hz | 28.4 dB[0m
SPECTRUM_FRAME,57.236231,93.750000,30.234356,hann,512,9.741325,14.608252,26.020744,33.365372,28.744537,21.189873,30.234356,26.868145,13.979170,24.155100,23.073257,16.075157,15.261456,23.252153,20.245256,18.467175,26.599483,23.007519,19.535095,28.411386,24.924332,17.939709,29.055164,25.984171,17.799263,29.044664,26.160835,19.652937,28.407507,25.263330,20.528107,26.740040,22.595116,20.252277,23.330544,16.362030,19.617167,16.537966,15.043025,19.334337,-6.806923,21.462654,19.543074,13.073854,23.902596,19.682619,16.292685,24.234064,19.191216,16.809282,23.334105,18.065546,15.817136,21.638231,16.335751,13.856455,19.381111,13.479044,12.740531,17.098011,8.689189,13.089281,15.366225,3.930955,13.193731,13.183395,8.351125,12.777642,9.456732,12.849516,12.161040,9.411918,15.454593,10.888411,12.565426,16.486584,7.829823,13.822150,15.962402,1.481641,13.457509,13.477577,-1.971269,12.069291,7.738996,4.494879,11.312913,5.834367,7.445247,12.558328,12.261683,7.431424,13.048336,14.381163,4.460881,10.814653,12.731051,-0.235004,5.581079,5.744205,-1.870076,6.501323,8.451665,4.047528,8.318601,13.679229,8.728992,6.487292,14.653843,10.266735,5.429314,13.325941,8.905298,7.384191,11.460896,4.678624,7.560731,10.603249,4.462642,5.187973,10.172311,7.859373,-0.450516,9.304590,8.247855,-13.235340,7.880130,6.673003,-24.966076,7.231130,7.210874,-5.565634,7.518468,9.287249,2.991958,6.157324,9.679585,5.585825,4.246304,8.451690,4.270117,6.747783,7.962182,-1.025689,8.169973,9.212269,-4.512814,6.513358,9.590958,-0.464341,2.229526,7.872404,3.073518,0.431795,3.631206,6.328946,4.271548,-2.761688,7.847663,7.491091,2.257348,6.018752,9.044276,7.032269,-3.700774,8.113118,8.332436,2.549710,4.775905,6.417307,8.744248,7.275275,0.581059,10.420675,11.416268,0.760933,9.478815,12.976003,5.277827,5.577417,12.233660,7.273621,-5.751853,9.338359,8.435822,-1.298387,6.367345,9.256602,4.870550,5.370748,8.888527,6.753827,1.034066,4.854702,6.164646,-1.395662,1.994462,2.946306,5.562286,11.223521,5.720697,6.785666,14.607409,10.807991,3.881407,14.648742,12.376549,-1.475701,11.675985,10.538227,-2.401924,4.410987,3.260729,-5.633489,-8.471231,-4.284904,-13.495349,0.571227,5.740000,-1.559441,1.446451,7.281077,2.712314,-1.027664,6.534941,4.432368,-2.478986,5.223873,4.667794,-0.240093,3.855798,3.469696,0.036768,1.153701,-0.086692,-1.047737,-6.160093,-4.254838,-0.167298,-6.222148,2.943826,3.188262,-1.153319,6.708923,6.145669,-0.426301,6.853220,7.555547,-0.298277,3.712976,7.193728,1.356010,-3.714732,5.103073,2.815422,-14.160895,1.913212,2.455882,-3.772524,-1.097165,0.689136,-1.714076,-2.815194,-2.008453,-3.011197,-4.392868,-6.748923,-5.527917,-4.325594,-13.043430,-2.910507,-1.489977,-10.049735,0.644004,0.582420,-9.142395,1.195045,1.161692,-8.723194,-1.883919,-0.449763,-8.381318,-9.743995,-5.436890,-13.608259,-19.861107,-9.180478,-7.774752,-10.387400,-6.825379,-2.214701,-1.877141,-5.129150,-2.956470,1.257489,-0.916959,-7.972212,-0.145162,1.923142,-3.532171,-8.502303,1.205290,-0.542335,-11.328011,-4.825183,-1.544657,-4.597896,-7.816502,-6.633281,-3.967413,-2.448726,-9.988238,-6.021686,-2.239785,-7.543800,-8.608788,-4.005423,-9.331629,-6.581716,-2.577947,-10.202335,-6.183155,-0.007841,-3.974174,-10.757053,-0.202366,-0.563809,-10.353613,-2.536588,-0.666359,-4.186392,-3.237671,-4.960201,-2.214576,-3.988900,-15.136547,-1.722695,-6.875695,-9.659041,-0.503526,-8.360900,-6.675479,-0.269789,-6.237044,-8.418120,-2.177621,-5.134790,-17.859928,-6.260125,-5.781573,-15.974720,-13.291201,-6.868267,-7.971902,-26.220287,-5.520730,-3.824439,-18.026199,-2.040366,-1.389032,-13.338052,-0.527027,-0.317502,-12.842018,-2.557134,-1.189829,-10.126434,-5.925710,-6.543968,-5.081664,-1.407905,-6.497426,-5.372473,1.508306,0.311110,-15.155874,1.341623,2.239529,-8.560863,-2.118495,1.055249,-4.458438,-11.248882,-3.638530,-5.655217,-16.064928,-5.477451,-4.530677,-8.230164,-0.753108,0.477163,-5.431940,0.124620,2.783593,-2.731750,-3.237162,1.908910,-0.353171,-13.435442,-3.147975,-0.393256,-3.538807,-8.249650,-4.510022,-0.601555,-1.479973,-11.081940,-2.755383,0.278111,-4.927149,-10.257892,-1.310815,-3.279946,-20.773275,-3.984978,-4.591122,-16.187138,-4.053462,-5.597632,-9.042789,-3.944876,-5.199741,-4.103510,-5.815948,-5.374196,-1.867102,-9.204246,-7.252843,-2.247426,-10.072760,-12.040760,-6.750848,-10.692788,-10.999735,-14.604017,-17.575014,-5.363821,-3.160176,-19.123522,-2.419054,0.915152,-10.690900,-0.814319,2.117629,-9.688392,0.036482,1.573616,-12.516985,-0.395238,-0.225145,-19.277807,-3.446660,-3.197515,-20.973743,-12.335788,-7.220168,-9.808482,-10.476619,-7.152965,-5.729122,-4.303934,-4.614460,-5.068556,-2.217870,-4.295803,-5.793402,-2.287015,-5.648839,-5.719619,-3.988602,-7.934238,-4.589312,-6.469809,-11.345770,-4.016549,-7.889358,-19.634249,-5.681241,-7.195916,-17.512238,-12.481195,-6.690424,-7.740583,-9.263464,-8.883872,-3.399460,-2.424343,-16.709354,-1.751285,0.240939,-10.190971,-2.786757,0.718978,-4.617464,-7.510219,-0.723261,-2.943521,-15.281716,-5.040252,-4.045180,-9.841800,-18.068268,-8.851119,-7.914960,-12.093290,-29.561777,-9.217527,-6.739052,-11.125579,-14.116575,-5.613189,-6.733735
[0;32mI (57900) ANALISIS_ESPECTRO: Frame exportado | t=57.24 s | pico=93.8 Hz | 30.2 dB[0m
SPECTRUM_FRAME,58.258583,531.250000,27.595196,hann,512,-11.202074,11.525124,20.566463,30.943768,28.905144,11.206197,23.931843,25.809736,20.443575,13.845881,13.499918,18.794127,23.248531,21.224424,6.454916,23.331635,24.715343,11.613581,20.368128,24.368286,16.295240,14.193060,22.895205,20.661716,10.233025,17.735361,22.945217,22.420504,13.604493,20.426073,25.848387,24.843140,7.450981,25.140059,27.595196,21.521809,19.210808,26.281334,24.565794,5.559678,20.022562,22.356527,18.676838,8.339458,13.919125,18.480770,18.361477,15.625857,13.758235,17.716711,18.305792,14.198673,9.725940,16.054819,15.600554,0.488550,14.767791,15.872919,5.784679,15.723963,16.847927,7.682435,12.705614,16.075430,12.210363,-3.053828,11.650046,12.037607,8.193167,1.092405,7.249107,11.070915,7.945138,0.428611,10.797470,11.427282,-3.927285,11.377679,11.514649,-5.338403,10.062770,9.128950,2.420549,4.006330,5.830160,5.683429,4.373960,9.804011,9.119894,6.850954,12.831467,11.172691,2.048559,11.770212,10.475059,3.127676,3.406415,5.219402,9.813666,7.130894,-6.710098,10.435802,12.849672,7.513049,5.885076,11.791862,9.844519,4.705772,-1.745909,6.135771,10.109649,10.224169,-1.831179,10.050621,15.267311,10.921174,2.942513,15.010152,13.909074,-0.263192,10.443007,12.989525,7.875793,5.895419,10.231341,7.962231,9.129087,10.580198,5.895490,7.846780,11.031294,7.575807,2.922084,8.534624,8.536573,5.783583,7.027352,7.400485,6.646794,8.486088,8.232432,4.119069,6.280812,9.456551,7.534376,-2.163499,7.955056,9.884279,3.236746,3.982607,8.063327,2.683800,1.110033,2.134749,-4.802899,0.969309,1.443937,9.614891,6.513619,3.758212,13.632322,10.860195,4.970909,14.014637,12.120457,7.235179,11.795647,10.255512,8.079213,7.327008,3.359543,5.560938,2.694629,-5.323539,-5.028485,2.753872,5.243272,-2.027063,3.763861,6.755065,3.909803,2.167657,5.020218,5.854097,-1.056341,0.039592,6.863523,2.699632,-6.614048,5.924406,3.530370,-1.473263,3.320822,-3.578352,0.871916,4.010203,4.769502,4.600236,5.001740,10.972892,8.027413,3.318729,12.573842,9.146584,-0.232768,10.860550,7.308206,-3.576618,4.997002,-0.056904,-4.101824,-19.852711,-0.471007,-1.489019,-1.891048,4.933745,1.005740,-2.146781,3.220389,0.263967,-6.742820,-6.165031,-8.378745,-6.684891,-1.637073,-1.427230,-21.700005,0.177222,3.279896,-2.733279,-0.266540,3.044616,2.417106,2.985103,1.693238,1.625548,4.110579,1.363647,-7.074305,0.499340,-0.956679,-5.079517,-16.570229,-7.738451,0.883770,2.630301,-5.423304,0.357801,5.648417,0.075123,-5.304547,3.264470,-0.531023,-22.112600,-9.511886,-17.428719,-25.294994,-3.529224,-0.450079,-7.409708,0.202535,3.466851,-2.113006,-1.440517,1.155730,-3.443106,-5.319986,-8.003706,-11.065866,-5.011980,-8.058728,-2.727180,-0.600217,-6.836994,-0.950041,1.650621,-6.063592,-0.974912,1.912093,-5.498170,2.004093,0.986002,-9.087990,2.827882,-0.815845,-10.857096,-0.175237,-4.064674,-5.331707,-8.492764,-7.672968,-3.107845,-9.890048,-5.407106,-5.241926,-6.107640,-4.651754,-10.638400,-4.494650,-9.146709,-4.635062,-2.610344,-13.470390,-1.189719,-1.332880,-12.469498,-0.577918,-1.391460,-11.655832,-2.586848,-3.169976,-3.610906,-2.833076,-7.049658,-2.258081,0.076406,-7.056687,-7.294011,-1.684381,-6.284684,-20.790031,-17.535305,-17.550072,-9.441749,-4.924634,-7.947625,-13.562068,-4.398080,-4.425362,-6.408540,-7.399309,-5.241549,-2.519341,1.254728,1.362458,-2.508491,3.324866,4.481319,-2.802886,0.110679,3.076946,-3.152466,-16.512291,-4.509733,-2.865627,-4.766640,-2.761934,0.250775,-1.200078,0.801898,1.805783,-2.275317,-1.918228,-0.646482,-5.522636,-12.125587,-7.285812,-4.195005,-4.549422,-0.915928,1.378127,-0.269936,1.566286,4.359510,2.491456,0.660091,4.248115,4.012950,0.047335,1.284513,2.751668,0.031574,-2.031103,-0.415277,-1.848117,-2.230734,1.051346,0.345357,-2.832362,1.826253,3.240313,-0.842741,-1.669034,2.624411,1.846555,-3.472519,-0.135157,2.285303,1.101376,0.548376,1.483301,1.586257,1.946205,0.642542,-1.753348,0.264890,-0.170005,-5.081724,-6.339066,-1.307814,-1.011797,-9.396962,-3.720030,1.161328,-2.071672,-8.941044,-0.056075,0.211961,-8.352522,-6.584470,-0.642260,-1.508041,-8.039960,-3.078198,1.368105,0.168167,-1.961479,1.374422,1.859632,-0.745673,-2.117496,-1.145535,-3.667876,-19.516130,-6.058684,-9.970095,-4.973608,1.765652,-0.777249,-1.890307,4.755287,2.460785,-5.687207,3.736356,1.503306,-23.181625,-1.264709,-5.547317,-6.142933,-4.384391,-8.077353,-2.634420,-1.966017,0.440028,0.372293,-4.036896,1.906568,1.887508,-10.366288,-0.107310,0.169724,-11.501676,-5.402719,-7.515833,-5.116344,-5.471448,-11.011539,0.177713,-0.501279,-2.766762,1.618120,1.245049,-2.027834,-1.470051,-1.074515,-4.363606,-11.537637,-13.182501,-5.469501,-1.667209,-1.429909,-3.528836,0.531997,2.169852,-1.827513,-4.623747,-0.385986,-1.913572,-9.678587,-20.417606,-2.341255,1.068465,-2.413176,-0.279201,3.082572,-0.120511,0.199341,1.581213,-4.861761,-4.357464,-3.424883,-12.204161,-13.865088,-12.817149,-3.616518,-3.239411,-3.838743,-2.153055,-2.752834,-1.055046,-3.031199,-9.080173,-3.009143,-5.439080,-17.085045,-8.717100,-12.768648,-6.062400,-6.337604,-15.554595,-3.484405,-3.497274
[0;32mI (58910) ANALISIS_ESPECTRO: Frame exportado | t=58.26 s | pico=531.2 Hz | 27.6 dB[0m
SPECTRUM_FRAME,59.280946,93.750000,25.877935,hann,512,7.833956,13.428239,24.172689,31.200228,27.648567,17.782175,25.877935,23.663368,12.880375,12.878992,3.180321,8.730392,15.180579,19.812321,17.370213,10.086130,22.711123,22.958271,13.201102,22.174030,24.956171,20.511446,22.929003,25.058189,21.015491,23.493700,24.265144,17.497337,21.217535,22.485905,12.935563,14.252874,18.501406,12.861683,-9.428023,11.573315,13.950025,9.778184,12.770528,17.837729,14.437021,14.838757,19.806278,17.288973,14.013346,18.757374,16.795414,11.827574,15.539464,11.829314,10.248184,14.283862,11.129381,11.680303,14.714272,15.066920,13.425816,13.049519,13.798397,12.974358,8.688623,5.030384,9.387388,2.551985,2.355344,1.709847,2.169488,7.694520,-4.720613,7.606921,1.534162,2.635325,11.972511,2.677315,10.405298,13.826232,11.000142,13.749127,12.808007,12.210332,13.870996,7.089419,9.189860,10.735657,2.516665,9.832410,0.755418,12.259894,14.895033,2.447672,15.385886,16.686249,9.007434,15.728781,15.718924,9.770926,14.307251,12.452735,7.056124,12.076120,7.898894,0.554087,10.089643,4.549682,-0.919722,8.163242,0.472740,5.361521,6.698601,-26.337597,9.235571,7.368483,-0.025355,11.314560,8.405666,3.541241,11.892971,8.627153,1.988609,11.041628,8.433500,-4.471467,8.761243,7.973062,-13.207657,5.017660,6.151739,-13.337357,-0.759351,-0.544945,-12.165872,-5.565464,-2.442786,1.523248,-2.151349,6.990128,7.343535,-1.676854,9.439646,10.067023,-4.337592,8.671960,10.622426,-3.826791,5.419625,9.329542,-1.212623,0.589662,6.178736,-3.320934,-1.981384,0.413908,-23.121685,0.760180,-13.916121,-0.537909,4.213925,-9.471477,4.306839,5.990304,-6.989092,5.408384,6.178806,-9.049998,4.031637,5.067958,-5.659151,0.036246,1.972001,-6.482569,-6.673021,-5.776944,-15.391598,-2.274412,-0.717001,-0.460123,2.540916,4.359184,3.974896,4.627584,4.687682,4.134581,4.688915,1.550715,-0.829829,2.656045,0.484244,-13.982042,-2.339183,2.547536,0.495459,-6.837988,2.700686,3.714571,-0.656109,4.187333,8.866588,4.077176,6.586994,13.151884,8.227889,7.367846,14.661117,10.855446,6.429424,13.288038,10.903348,4.573600,8.329599,6.961727,3.357648,-3.355164,-11.936989,2.205226,0.516687,3.051629,-0.640504,3.393578,4.193619,-1.462780,3.048961,-4.413458,-2.555418,1.947650,1.063739,-6.888468,0.366206,6.150667,3.267516,-6.597354,6.382670,7.121933,-8.599283,3.932891,7.306581,-1.206433,0.299765,4.899323,-3.630267,-1.581174,0.319819,-29.667263,0.358465,-5.806500,-4.061980,2.770322,-9.688593,0.492654,1.959814,-5.590236,2.507658,-1.956576,-2.575541,3.300591,0.153261,-1.050222,4.025839,2.343314,0.525500,4.215274,2.739623,1.085637,2.538335,4.153144,0.577232,-0.989790,5.226271,1.066361,-3.535524,4.502603,1.587047,-3.937151,1.396781,-0.576177,-4.314294,-4.748425,-10.891092,-5.069699,-1.266505,-4.952909,-7.096072,3.170091,2.007711,-9.812001,4.308125,3.274877,-8.080374,3.447447,0.416300,-4.198682,1.512581,-4.018723,-0.102152,-0.682537,-0.011512,3.535428,-1.524725,0.589729,5.313140,-0.797424,-4.538834,4.359664,-0.563301,-23.283079,-0.985651,-2.179967,-6.723063,-16.839474,-8.009308,-5.824132,-2.246601,-11.836288,-8.291294,-0.695713,-4.667990,-13.630895,-2.648906,-4.048258,-8.730674,-4.741118,-3.826549,-2.338575,-5.000044,-1.396850,0.556610,-3.763956,-1.554491,0.924970,-2.688939,-5.330992,-1.698350,-3.257418,-8.670048,-8.205117,-6.254311,-5.953246,-9.478525,-11.724195,-4.384461,-4.107142,-13.431889,-4.526242,-0.286726,-7.322015,-4.862135,0.708844,-2.761970,-6.112834,-1.073458,-1.610341,-10.374077,-4.577876,-1.955313,-6.874824,-4.279580,-1.135706,-3.448929,-1.277577,-0.237790,-4.233346,-1.670101,-0.686156,-8.640442,-6.198118,-3.630860,-10.396345,-6.649948,-4.842004,-6.740582,-5.304851,-1.293882,-4.052136,-7.672189,-1.243936,-3.562404,-9.374641,-3.103163,-6.944395,-9.247692,-2.731556,-8.706842,-8.877300,-2.924465,-3.390914,-6.750269,-5.016466,-0.840638,-1.720024,-5.818085,0.841466,2.315451,-3.461890,2.316955,4.146523,-2.940900,2.935042,3.799556,-7.267065,2.158389,0.933909,-13.635377,-0.057940,-6.110682,-5.095183,-2.929112,-14.444448,-4.615493,-6.670657,-8.917860,-11.560121,-11.260963,-9.475488,-7.224508,-1.433648,-5.111994,-0.765773,2.860551,0.114359,2.007262,2.943659,2.277333,3.333705,-0.957993,1.037689,3.468788,-4.320847,-4.261078,1.735887,-0.868881,-4.749552,-3.444543,-1.138269,-2.446227,-15.239860,-7.851694,-5.378493,-9.811856,-7.771137,-6.940331,-9.744443,-2.115039,-1.059580,-6.810927,-4.609437,0.489355,-2.378589,-15.746445,-1.478455,-0.339758,-1.512387,-0.776203,0.301585,1.614090,2.210143,0.324351,0.765267,1.759094,-0.985077,-3.708286,-3.907836,-5.958243,-15.239973,-19.530184,-21.930546,-12.314763,-4.939793,-8.293487,-7.972211,-5.081391,-8.660527,-7.132707,-11.384289,-14.393329,-7.251434,-16.068464,-5.599897,-6.946390,-14.284973,-4.384382,-5.697138,-13.174291,-12.164839,-6.356729,-9.590731,-8.958684,-11.366806,-5.942126,-2.099012,-7.929468,-4.966240,0.089091,-2.797335,-8.513067,0.108245,-0.697001,-22.636761,-3.042664,-0.988930,-6.447959,-15.712538,-5.069849,-2.471291,-7.062347,-21.257936,-2.620917,-1.943095,-11.868673,-6.000340,-1.719856,-11.236052,-9.781473,-5.016358
[0;32mI (59940) ANALISIS_ESPECTRO: Frame exportado | t=59.28 s | pico=93.8 Hz | 25.9 dB[0m
SPECTRUM_FRAME,60.303306,93.750000,24.415800,hann,512,7.527269,17.492537,19.634613,28.956963,22.601202,18.145203,24.415800,20.071110,16.866730,14.747242,11.484279,15.962234,13.538980,19.438251,15.753862,15.600419,23.675240,15.718920,14.306642,23.829889,16.168932,14.093264,20.867174,16.529972,13.004927,14.418126,16.297310,8.262090,6.723828,15.944868,5.318536,10.453974,15.418224,10.590840,13.009920,14.254619,12.246058,14.071419,11.822342,12.028798,13.734273,7.785133,11.519503,11.722740,4.431555,11.620447,7.526782,6.698093,11.614914,7.893729,11.756838,10.175861,11.229892,15.579096,5.404265,11.550159,17.279613,-8.686741,11.086583,17.031439,4.342160,13.658929,14.975422,6.747895,16.330322,10.737335,7.627201,17.103355,3.958692,10.019942,16.235630,-1.189222,12.200487,14.766464,4.786855,13.858377,14.058935,12.329279,14.704597,12.689271,16.759857,13.284659,9.260559,18.191387,8.574029,6.196339,17.455074,4.239531,8.247024,15.456977,2.100899,12.935801,11.896071,-6.319090,15.690436,4.236036,9.061985,16.138351,-8.768635,14.179523,14.526592,0.744682,15.763298,11.513129,-5.713821,15.188581,8.715625,4.078806,12.956711,6.079848,9.588613,9.705017,0.701847,10.737509,7.137926,-12.165669,9.320777,4.892773,-1.615487,5.485045,0.632817,0.603349,-0.309342,-10.809753,0.174812,-5.074201,-2.828379,-0.500546,-14.473409,1.827452,-1.144110,-9.082106,3.637089,-2.423419,-2.593379,3.331922,-4.393017,1.127294,-0.489060,-14.318639,3.744172,-7.162265,-2.231657,5.104845,-2.215630,5.796674,5.661626,-3.561952,8.777912,5.992062,-0.923810,7.704894,5.799077,4.550001,0.878034,3.734185,5.535500,-0.830397,-2.501978,3.783611,4.190234,-8.862592,-0.682969,3.136520,-1.601654,-3.445707,-4.071354,0.145629,1.293871,3.878186,-3.628863,3.071254,7.781182,-6.789248,3.477092,7.193526,-0.971538,4.076535,3.444694,2.582810,4.697574,-3.316703,5.575271,4.360864,-10.819916,6.235006,2.541411,-9.899191,3.715893,-0.929810,-7.507225,-4.283555,-3.332367,-2.201235,-3.898068,3.162021,3.084321,-0.953346,7.393086,5.644821,-1.397230,8.344500,4.991136,0.687346,6.748752,0.765204,0.938160,3.622620,-5.273366,-0.431323,-0.029147,-2.131887,-1.460252,-3.828799,0.154267,-2.889370,-4.314463,1.070685,-5.622430,-2.136996,1.059170,-10.973063,-1.619941,-0.654333,-18.367308,-2.368978,-4.185819,-10.869938,-4.057283,-8.370377,-5.945739,-5.405847,-9.818045,-4.432851,-4.370741,-4.852530,-3.381681,-4.944041,-2.077088,-3.062674,-6.305907,-2.360121,-3.846095,-6.555410,-3.959182,-6.198157,-7.441154,-6.902619,-9.445774,-16.097967,-19.756817,-11.508823,-14.056211,-9.067034,-3.383605,-5.272059,-4.340118,0.201910,-0.321238,-4.213443,-0.767370,0.699751,-2.320671,-2.728141,-1.180530,-1.130690,0.781123,0.082586,-0.831015,3.296524,3.335001,-0.313799,2.860547,4.678256,1.864301,-1.623981,2.608340,3.023049,-2.030374,-2.230548,1.236287,-0.013662,0.581536,1.792269,-0.121501,0.731430,2.752742,2.024810,-0.358327,-0.037651,1.075358,0.230264,-1.662486,-3.069067,-3.478250,-1.797745,-2.341340,-14.150267,-6.431862,-2.096094,-3.677903,-17.952120,-5.360137,-1.432736,-7.248398,-16.001541,-5.704614,-6.160095,-16.474869,-17.771349,-18.808914,-26.813242,-7.207377,-7.343765,-10.576039,-8.337401,-5.132302,-6.084277,-8.626691,-10.740008,-6.977429,-11.342715,-31.304184,-10.702372,-11.912193,-13.196033,-10.990341,-8.811746,-6.648763,-7.596798,-6.096378,-4.433200,-4.454119,-2.891408,-3.178739,-3.499022,-1.042133,-1.669703,-4.659097,-2.436861,-1.867516,-4.839481,-6.672086,-6.149027,-7.418584,-7.558731,-7.908578,-18.350332,-10.973611,-4.603823,-6.486848,-7.827202,-1.997006,-0.929386,-3.141723,-0.822192,1.961320,-0.075856,-1.907979,1.636205,-0.040489,-3.041315,-1.219965,-4.267774,-8.380781,-5.220901,-11.330991,-8.390589,-9.604341,-14.267797,-6.814389,-4.491258,-5.809106,-8.226450,-8.903976,-2.752719,-3.722495,-9.235968,-6.241598,-4.222439,-2.049659,-22.257368,-9.331118,-1.806787,-11.348840,-22.077106,-4.040256,-7.380709,-15.986694,-5.808777,-5.691278,-14.582486,-5.126116,-3.534839,-14.452800,-9.658126,-4.597938,-17.743834,-24.511633,-20.965477,-11.445051,-16.961781,-6.254964,-2.444088,-8.083012,-2.906768,0.303688,-5.539527,-3.397349,0.529352,-12.073721,-3.588770,-0.671945,-15.636864,-4.338295,-3.324840,-8.139137,-9.396168,-10.316946,-10.122155,-8.243823,-7.900658,-12.664934,-2.903782,-0.893947,-3.590131,-0.035709,0.883805,-2.885826,0.971580,1.088499,-8.074415,-3.462615,-0.819610,-9.074846,-14.315313,-13.365538,-7.036752,-1.936439,-4.521233,-5.157366,0.131734,0.617279,-4.192441,-1.082978,1.452053,-4.787300,-6.548581,-0.464235,-5.603282,-16.929052,-5.270285,-10.192501,-25.540901,-7.702645,-7.259337,-7.027631,-11.805015,-5.032191,-3.665306,-10.371933,-9.550673,-6.027877,-10.064930,-9.077592,-13.631152,-6.217418,-4.697519,-15.435484,-0.441497,-3.046881,-7.860247,2.053144,-2.461234,-4.167220,2.806031,-4.600918,-2.783392,2.716002,-6.290486,-1.020023,1.518994,-0.693985,1.552962,-0.878738,0.359372,2.202186,-4.550963,-2.133925,-0.370365,-11.273495,-3.388827,-3.747252,-1.729953,-0.796553,-2.268628,2.324659,1.009915,-2.127608,2.520187,0.541756,-6.870327,-1.075870,-2.364272,-19.596230,-11.495313,-11.047056,-6.050293,-2.607998,-2.398444,-3.013887,-0.909326
[0;32mI (60970) ANALISIS_ESPECTRO: Frame exportado | t=60.30 s | pico=93.8 Hz | 24.4 dB[0m
SPECTRUM_FRAME,61.325677,93.750000,23.374958,hann,512,-3.058074,9.878478,20.625868,29.773024,25.488659,15.731991,23.374958,21.464346,14.428537,11.651269,1.377457,11.879996,18.649757,19.427397,16.247122,20.252151,21.756874,19.730444,19.411930,20.562443,20.086802,17.430738,18.107222,19.784292,17.465900,17.778934,20.432604,18.268642,18.744995,22.190027,18.165714,17.804825,22.593121,19.301870,13.935157,19.855307,18.350929,13.533146,14.832668,11.758383,14.381462,17.000891,14.275900,3.584685,16.779533,17.937342,13.153728,11.171006,17.379473,18.745674,17.390345,15.864286,19.998314,20.892521,17.668093,20.177496,20.912109,19.599154,20.192118,18.483904,20.138039,20.802567,12.711975,18.730026,22.385538,12.582916,13.160940,22.182640,16.622276,2.194831,18.738037,15.289353,8.849839,17.165998,13.910406,3.008403,17.992552,19.356030,11.771072,15.847024,20.593399,18.026480,17.006512,18.531155,18.434925,17.824835,16.697201,15.311628,14.558233,15.324995,15.754534,13.302050,14.007030,17.934759,15.552014,14.959507,18.921186,14.317209,12.970070,18.260576,11.406605,3.015368,13.872597,10.654552,3.553610,13.239634,15.674269,9.902421,17.470711,19.456942,13.156473,17.727161,20.066931,15.395920,15.687201,17.924351,15.722887,12.563519,13.634077,13.584497,5.966274,7.594412,10.554470,3.634602,-1.694958,9.204269,8.777181,0.670597,8.249470,8.091242,-2.966007,11.445733,10.411643,-5.275347,12.518883,13.206142,3.482646,9.890484,12.360373,2.935115,8.611948,10.001728,-11.006742,8.538944,10.089266,1.049335,0.870535,8.411257,4.420232,0.536702,8.604416,4.124838,4.701529,12.835142,8.806484,-5.675506,12.865647,11.887327,-0.045222,9.048388,11.886968,3.640082,7.049558,12.364513,4.826378,4.564243,12.681168,6.896643,-6.762526,8.314818,5.103601,-22.690346,-2.915353,-8.166657,-2.786602,2.783065,6.083384,3.881315,0.958184,8.337605,7.516871,4.086504,4.005278,8.674747,0.267306,-5.074696,5.763240,-6.639559,-5.615816,-3.437096,1.483445,1.459580,-2.934585,-0.573535,6.860280,2.825196,-1.589619,10.536257,7.803249,1.039924,11.612637,10.940607,2.552258,9.274343,10.643707,3.458669,3.433077,5.089276,0.141262,-6.611747,-13.464020,-2.595439,-2.555748,-0.269696,4.610366,1.291858,3.242415,6.452415,-1.905640,4.319559,9.053991,0.963168,1.390693,9.932698,6.895489,-10.403241,7.016819,7.267005,-3.726970,3.706849,3.053051,0.038882,5.285180,5.360046,-13.567722,3.516430,7.532084,1.175673,-1.878960,6.147056,5.080049,1.298504,4.524042,3.898802,1.247628,3.575739,3.005114,-0.934424,0.598765,2.631773,0.881718,-1.251454,2.351320,0.514734,-1.521607,3.248639,0.075290,-5.581319,2.583572,0.071668,-11.038171,-1.162744,-0.079315,-6.231730,-7.386054,-1.850476,-3.802604,-11.101652,-6.046834,-5.968251,-23.475311,-14.511494,-9.353890,-6.979588,-10.967512,-5.626364,-5.133703,-2.532782,-2.730228,-6.368498,-0.704511,-1.115738,-5.200682,-0.616584,-1.325467,-0.513788,0.385020,-1.897521,3.632869,-0.494041,-1.318065,5.152492,-4.146317,0.568129,4.320982,-2.672482,1.804953,2.304402,-4.552651,1.077969,-0.642976,-12.324382,-4.430932,-8.097543,-3.022767,-9.125034,-5.688529,-1.590088,0.006319,-0.320761,-3.014972,-0.185421,1.333590,-3.138664,-6.831982,0.352746,-2.964103,-19.373304,-4.743878,-3.239234,-6.580298,-9.121374,-1.985103,-4.521290,-6.061286,-0.356096,-5.255868,-7.399921,-1.630562,-6.058919,-11.782131,-8.248529,-4.952801,-10.195333,-9.788116,-3.771523,-3.852175,-10.113076,-3.575718,-0.303603,-10.014440,-6.954680,-0.593001,-3.205352,-11.828952,-3.582857,-2.178526,-7.234060,-6.264303,-2.872541,-6.092205,-9.969945,-4.467779,-2.881669,-15.099735,-7.188304,-3.230958,-12.338285,-3.402562,-9.732037,-20.626471,-4.402554,-3.856742,-8.875236,-8.919138,-0.844614,-1.817037,-10.543898,-1.957625,0.598214,-11.341190,-3.953740,0.703286,-12.600184,-5.051154,-1.224476,-7.203747,-8.436346,-8.989535,-4.885641,-6.090031,-10.512652,-10.449249,-4.276602,-3.801165,-4.501464,-8.903991,-3.517231,0.709257,-4.048048,-3.427062,2.232011,0.392584,-2.045489,2.269547,2.171360,-2.368358,1.052899,2.049385,-2.562778,-1.741798,-0.328321,-1.449508,-4.555270,-4.685148,-1.455536,-2.813912,-8.859393,-3.041297,-2.355010,-9.626650,-3.985276,-3.728513,-27.190876,-2.957982,-4.632013,-4.994950,-0.712967,-1.941963,-0.989379,1.135244,1.295877,0.720600,-0.089103,2.555509,0.900570,-5.945438,1.129067,-1.529994,-11.618604,-5.992316,-4.724883,-1.928331,-12.339237,-0.515401,1.698611,-4.237736,2.176582,1.297365,-1.968449,1.647658,-2.831772,-4.142982,-0.928128,-14.477529,-20.323656,-4.750592,-13.606867,-7.296914,-0.551186,-13.516402,-2.282350,2.502941,-11.955699,-0.886399,0.050886,-10.267797,-1.854991,-7.272744,-16.713999,-6.199561,-8.379954,-5.671955,-18.238470,-8.720758,-5.757539,-9.827514,-9.499401,-9.213099,-4.788601,-6.374950,-9.066743,-5.564481,-5.066302,-12.251958,-10.136108,-10.178665,-23.361965,-14.812544,-18.071632,-24.725168,-20.048401,-18.921570,-37.111038,-19.512409,-24.359217,-25.817766,-15.704936,-22.646875,-12.918640,-10.271780,-9.118589,-4.080511,-8.123777,-6.982404,-0.917091,-7.452731,-9.627119,-2.901927,-6.424277,-8.353941,-12.348562,-9.287445,-4.827092,-21.741669,-11.119680,-6.785405,-6.713933,-9.770242,-14.463462,-1.962395,-3.932799
[0;32mI (61990) ANALISIS_ESPECTRO: Frame exportado | t=61.33 s | pico=93.8 Hz | 23.4 dB[0m
SPECTRUM_FRAME,62.348032,390.625000,29.434374,hann,512,12.677865,16.729366,25.724489,33.120136,30.079565,20.725254,28.031981,26.788506,21.834873,27.370838,26.282682,24.319479,29.128286,28.816132,24.617937,27.273808,28.689079,23.648754,23.580549,26.772631,24.287661,25.687199,27.406372,25.955200,27.997381,29.434374,27.565374,25.647079,28.401665,26.607281,18.662426,22.952215,19.198635,8.255251,21.191740,16.645460,19.692768,23.917723,22.367107,21.302986,22.981403,23.008461,21.592640,18.845942,17.402353,18.815252,17.674143,13.736650,15.433344,19.199497,19.260002,13.915562,16.923452,21.276932,17.889683,12.295218,15.637370,14.006277,-2.293200,0.833837,-4.539155,11.631222,15.698174,5.719186,9.000021,19.276993,15.866385,8.974080,18.034157,16.718590,10.692860,16.935085,12.485649,9.755417,15.169451,12.282630,3.421075,12.579016,11.495556,7.023711,11.873112,6.012751,6.858775,12.973122,-2.077493,7.142479,-0.059974,2.864099,12.177290,13.587686,13.301121,14.313070,13.214650,15.043114,16.777424,15.859021,14.532594,14.125279,13.969700,14.985827,9.642877,3.213916,8.833065,-8.097427,11.143985,8.596433,10.147462,14.072130,1.850139,11.105650,16.289143,11.757449,10.300638,15.100855,13.520274,11.959803,15.789685,13.955654,13.315400,16.020262,15.002374,12.184118,12.283888,14.619294,16.775900,13.075275,1.841426,5.069594,8.964901,12.184366,15.844277,12.748036,11.849165,15.877937,16.597181,14.313795,16.293104,13.901920,11.063690,13.932234,14.066341,11.690590,3.374018,10.399632,15.350200,10.351953,3.986447,13.683032,15.999750,11.860800,12.280495,14.674786,11.782896,2.913065,10.267220,-2.999452,16.658466,14.748983,11.060208,19.700146,21.163307,14.486218,16.840004,20.643394,16.623978,12.869233,15.097684,12.263849,8.399917,4.541585,9.384493,12.850590,13.835571,11.997037,12.215567,8.489119,9.641823,11.046790,7.800240,-1.043804,2.705198,3.777411,10.045604,13.913079,15.904704,16.394012,16.035660,15.771290,16.096462,15.467334,13.800496,13.056917,9.806479,3.003251,-0.732328,6.347330,9.219436,10.315779,10.832661,11.313523,10.466933,8.085863,8.981214,11.745119,7.650224,0.133757,6.574403,3.564817,-0.119859,5.811386,7.887079,9.249489,11.159457,11.619915,11.084967,12.010985,11.343084,8.969397,6.478522,7.996485,7.330856,2.053186,6.525016,-8.952333,5.396399,11.249966,5.238746,6.426153,8.473637,8.207971,6.908654,5.313075,10.612022,9.301579,1.978612,2.053916,-0.073048,5.494683,10.536723,9.635573,6.976524,5.356483,7.207553,7.504235,5.821552,5.736128,5.851201,-0.797549,-3.501143,3.013935,6.103798,3.048019,-14.981297,-1.731231,-0.083113,0.044955,2.030749,0.628247,7.482193,7.869144,0.393827,3.374214,8.281635,6.101624,2.842443,3.957745,1.886839,2.226408,4.986875,6.472879,3.974919,2.984272,7.539444,9.431185,6.770292,1.367513,2.433409,3.836896,0.787794,2.901897,2.587719,2.751609,2.249179,2.080271,4.208072,3.105037,-2.107146,2.619298,2.346247,0.351092,1.341958,2.937390,0.050877,-2.418843,-1.861389,2.776310,-0.043061,-1.453409,-8.290849,2.108982,4.107137,5.004208,-4.376144,4.203783,5.629144,-0.113913,3.202846,6.376581,5.000816,1.144927,3.483432,5.364493,0.409281,-2.281456,1.717113,0.808539,3.043445,-3.396076,-7.703780,5.657812,7.629375,4.546427,5.639634,7.723703,2.197998,-6.025673,-3.746500,-7.128182,-1.081565,3.366883,-3.548564,-3.863992,4.285441,1.160985,-3.902981,2.728904,-3.977947,-5.107201,-12.397402,-1.728234,1.688138,5.196695,-6.168440,-10.760350,4.765841,5.225299,2.965258,4.698954,5.333941,4.953823,3.762258,0.896244,3.466015,3.029366,2.015450,3.627760,4.772845,5.174313,4.726662,2.517650,-0.675875,0.113795,2.564557,2.912232,1.170123,-5.927818,-10.750413,-2.000468,-6.281154,1.565519,0.655992,-0.990824,-0.198417,2.953545,2.462744,3.134830,0.665308,-7.747695,0.429440,5.281649,-0.118633,5.422048,10.452509,7.052864,2.450466,6.945568,6.901579,3.360437,2.336572,2.634161,2.610635,2.878932,3.708338,3.935614,3.422305,-2.773876,-7.747319,-0.908325,-1.739038,2.786619,1.950314,-8.853841,2.031823,6.123145,0.243438,-10.974613,-4.465117,-0.575689,0.774793,0.538092,1.213092,3.642525,5.371576,4.858925,4.279748,5.384497,7.239303,6.655116,4.194654,3.861949,4.089067,4.296988,5.900922,0.673133,-3.186705,3.477592,4.707484,3.310098,3.412538,3.480816,4.295946,4.972913,0.056096,-3.476062,0.554667,-9.549831,-6.135962,-4.109735,1.011129,3.168228,1.166042,0.643861,2.691061,3.706928,-1.369336,-10.940077,-5.250702,-0.161438,2.873208,1.398056,5.117680,8.857528,6.328028,2.903772,7.490891,7.927879,3.734302,0.708987,1.895607,0.828867,2.266852,1.691747,-4.375925,-2.143056,2.948051,1.989365,-4.688989,-0.599548,0.217907,-8.048141,-1.116788,-0.651532,-5.678497,-2.892114,-16.795704,-5.366296,-16.990437,-5.243406,2.466527,1.407598,1.603274,1.635194,1.439696,3.768289,4.577847,2.807654,-1.120561,-0.237486,4.849171,-1.001409,-2.794403,3.264559,-0.893148,-7.252684,-3.075992,-1.410762,-2.700931,-2.681255,-3.498480,2.209799,2.648585,-0.160379,-2.560524,1.122843,-2.815077,-10.074432,-5.185291,-5.399593,3.598542,1.833872,-9.479956,3.297096
[0;32mI (63000) ANALISIS_ESPECTRO: Frame exportado | t=62.35 s | pico=390.6 Hz | 29.4 dB[0m
SPECTRUM_FRAME,63.370391,218.750000,26.090128,hann,512,0.953835,18.041496,21.551054,31.848804,26.529291,15.735978,25.067078,19.398230,10.491881,12.869077,18.485325,21.520281,18.267473,25.106461,26.090128,23.236946,25.859892,26.035826,22.621794,23.367510,21.579880,14.647231,18.455608,12.899450,9.900366,22.794752,14.274817,16.308962,25.318213,22.592117,15.220803,22.990013,25.673042,10.207619,14.539803,22.371462,10.276525,0.229562,5.142346,20.457417,12.133540,16.593168,24.615976,19.023554,14.970574,22.830572,17.120855,14.043737,19.686947,9.763776,7.947474,17.639103,13.699508,13.139452,12.201581,15.480491,19.237217,18.077766,7.833869,17.990269,21.989756,20.352768,11.443458,18.637836,21.642714,15.256887,13.856430,16.418188,13.601368,13.036624,-1.971734,6.553053,6.523366,9.206455,17.873260,18.177044,17.348381,19.108965,17.782894,19.892536,20.057526,7.366857,15.861956,19.835114,3.157424,10.491842,14.748708,3.498738,12.603603,12.753523,13.251315,15.234514,19.088152,20.597427,16.405844,18.645451,22.334478,16.412304,13.514872,19.160126,13.728346,1.227639,10.148340,15.623138,8.977606,0.448464,15.507878,16.635059,13.029425,16.461863,18.972036,17.612501,15.585360,15.709387,15.642365,15.262012,8.289350,12.610608,13.357113,8.498435,12.309719,12.455986,8.163706,6.496460,11.626843,11.424893,6.131332,10.797433,13.699215,8.095991,5.480602,11.040751,7.666361,1.848571,5.420360,13.740858,12.031391,3.923136,14.063554,14.404644,4.649706,10.679171,13.097712,9.908105,4.100890,11.128599,10.954836,3.277382,-1.700110,-17.649178,-9.172158,0.599905,6.241107,3.151552,1.858962,2.478284,-2.030087,2.736604,0.555463,-11.747513,-1.423750,3.735759,0.619924,2.640426,5.549723,-0.663339,3.243062,-2.333330,2.523215,5.951231,6.261858,9.607022,0.701459,8.110489,9.443648,1.875211,3.979868,4.892035,5.729520,4.827527,1.018475,0.305005,0.773579,-8.045173,1.311880,-0.958868,-13.096617,1.364329,2.976955,2.451389,4.706131,3.465850,-4.962666,2.678728,2.033134,1.728831,4.915769,-1.716641,6.704850,3.847935,-5.889334,9.045082,1.369875,-10.153391,9.195440,7.345366,2.042215,0.736264,0.326498,3.407476,-0.166534,-9.215928,2.687280,1.530012,0.684643,-17.323313,-4.012804,0.036542,-2.458762,-3.844578,2.733419,-1.312885,-2.172003,2.540715,-1.939400,-1.649821,5.215864,4.676214,-2.705529,1.294357,2.628935,-2.458894,-3.290723,-3.101079,-10.352848,-8.885716,-14.847605,2.151693,4.663544,1.391357,2.382304,5.631648,5.047040,6.251245,0.909592,2.089681,6.635075,0.983730,-0.632336,0.393151,-14.120707,-1.332710,-1.734979,-5.552119,-40.166138,-11.740178,0.532025,-2.710109,-2.620788,3.856503,-0.154753,-12.724165,3.096842,4.504586,-0.458533,-2.811161,-1.191767,-3.352849,-5.417775,1.136741,0.859809,-3.955298,-0.204146,1.964910,2.993588,-14.206962,-8.239671,1.464425,3.340944,-5.765680,-10.266912,1.087495,-7.245319,-1.211276,1.337438,-1.469603,2.046790,-1.915039,-1.764705,1.242739,-1.465982,1.963384,-3.161458,-4.252132,-3.979551,-2.781623,-4.609832,-6.738476,-17.422667,-16.264332,-9.652158,-5.859288,-2.940071,-8.401875,-6.215826,0.797825,0.529777,-1.386405,-3.408278,-5.438210,2.289279,1.849637,-9.159682,-5.176378,0.162337,-7.068166,-7.921523,-4.499372,-4.491296,-1.382173,-2.978123,-3.370745,2.692119,-0.146002,-3.771074,5.374792,4.562426,-7.215471,0.769137,0.758067,-18.895939,-7.921044,-8.661061,-16.497709,-21.552065,-8.459236,-1.744585,-2.096145,-16.955971,-4.079151,-0.531793,-6.265845,-4.385911,-1.681589,-7.582087,-4.003372,-2.029200,-3.888991,-6.378786,-5.639924,-2.870843,0.718566,1.020207,-2.871803,-2.538701,1.082898,-2.442375,0.888725,1.657024,-12.619434,-2.545460,0.744598,-1.464479,-0.876757,-9.411312,-11.178008,3.637472,-2.711607,-10.129148,-2.085359,-6.522671,-17.806503,-12.091743,-13.601827,-9.831887,-3.033779,1.648787,2.690168,2.954816,1.787706,0.425092,0.799060,1.972582,-3.571365,-12.814119,-4.791736,-1.990249,-4.748397,-5.689667,-4.358234,-0.479309,-8.292984,-3.645434,4.070512,-0.242608,-13.799787,-2.581094,-6.253396,-8.009633,-12.564258,-0.816543,-1.246222,-2.946232,3.110655,1.472513,-0.341248,-0.318709,-5.738800,-1.256849,2.018484,-6.987860,-18.959171,0.602682,-2.582348,-6.894018,-6.888509,-4.427797,3.209944,3.342134,1.600482,4.487243,4.637851,-2.878210,-0.963688,4.347495,-1.117829,-6.668268,-3.885674,-1.688716,-14.319216,-4.171266,-12.430039,-1.419294,-4.165256,-0.509156,3.660381,-2.900948,-6.729804,-1.305544,-6.186748,-0.526209,-0.272740,-9.451349,-7.720150,0.552710,-18.125650,-9.019922,0.462961,-3.779095,-2.776872,1.013424,-5.831249,-7.682080,0.222847,0.021550,-2.215525,1.370840,2.963251,0.041651,-3.401012,0.080845,-0.706486,-0.268982,-0.407234,-0.979897,-0.031927,-5.265499,-3.281590,-13.945189,-8.517600,-6.347854,-4.546818,-0.311775,2.004259,-11.639425,-4.331183,1.834135,-7.617575,-5.944214,-0.615684,-3.181885,-8.444702,-15.520749,-15.376730,-7.346362,-8.331787,-8.952408,-1.709920,-0.203791,-5.554528,-0.380255,0.509552,-7.190541,-11.024273,-18.158268,-8.937310,-3.546649,-9.485466,-7.310252,-1.521994,-1.032823,-13.693026,-14.702944,-5.626169,-1.249230,-5.353254,-4.870272,-2.214108,-4.748080,-1.010586,-17.770393,-7.098319
[0;32mI (64030) ANALISIS_ESPECTRO: Frame exportado | t=63.37 s | pico=218.8 Hz | 26.1 dB[0m
SPECTRUM_FRAME,64.392752,500.000000,33.222958,hann,512,12.402867,17.561666,28.443089,35.531700,31.390638,20.295046,28.688095,24.625416,7.500375,23.853247,24.309349,21.426807,28.355988,31.063198,25.623898,28.347057,31.998713,27.315228,26.254372,30.281750,27.415924,21.729549,24.761665,25.820530,13.839421,24.962242,27.770298,-12.408573,28.927803,31.079021,17.997671,29.996614,33.222958,24.237967,26.919796,31.834072,25.777912,20.825039,26.395025,23.820957,12.879462,18.927109,19.971800,0.863476,21.657724,23.049185,8.934504,20.588205,24.424736,17.262308,18.726566,25.467491,22.487566,15.302206,20.763855,22.599009,15.491023,18.130596,20.161800,17.142574,18.944571,21.024637,13.552265,13.339397,21.772650,9.326469,7.764246,16.161386,6.670260,10.191620,17.207806,13.582602,1.558044,17.384262,15.659188,13.976569,15.016036,15.742344,17.236572,16.811405,9.981218,11.431054,12.463018,17.761457,6.736226,14.802533,15.622049,17.283140,20.329918,12.316395,17.859871,21.807699,18.540918,8.816606,19.026037,15.974915,9.233666,13.220936,15.883168,5.468445,7.922441,12.202416,5.432233,11.368998,14.781853,9.016520,8.532687,13.584138,6.431310,11.304916,7.407873,11.578505,12.047249,11.706119,13.193104,3.232374,16.412073,16.933304,8.169228,10.978443,17.844090,2.617803,4.824674,17.036554,13.308676,-0.469299,8.089684,11.224728,4.251108,8.364788,12.095020,3.123354,8.936804,5.883618,7.416049,8.431139,11.034754,5.782189,-0.991854,11.115126,7.288795,7.755398,1.015853,12.435794,14.472143,11.246508,8.617521,15.440840,14.708778,10.920694,9.097417,11.015779,8.604045,1.590919,3.215556,5.913534,0.433433,6.676155,6.758319,-1.239775,9.207806,9.181195,5.448587,4.685994,7.758669,-2.022125,-1.732823,10.061177,-4.951782,5.128565,5.204196,7.383211,10.382653,9.697618,4.993236,5.005220,8.682114,6.607871,6.278592,7.442738,8.783581,8.066903,3.857917,3.091808,6.048379,8.073195,9.547722,8.808937,8.011512,10.230532,11.625867,11.352233,10.668768,9.363400,5.646810,-0.526203,2.277615,5.619731,11.335501,11.661646,9.393764,13.642551,14.856359,11.717563,13.139456,14.880859,9.902058,9.011178,8.313446,3.504500,8.878915,11.184684,9.281008,7.250349,10.617008,9.466945,4.782383,10.458658,9.256091,-4.566059,2.237182,1.763586,2.833786,7.204638,5.497059,3.591390,5.069534,3.119368,-13.307838,-4.276030,4.585959,0.335257,2.751148,8.988147,6.322598,5.307713,11.946476,11.961068,3.882919,5.883217,9.669676,4.834729,6.857941,10.346054,8.894283,4.832296,9.156762,7.335091,-4.186202,5.885088,8.366712,2.120831,-1.043269,1.907592,-2.311177,-7.209010,3.666135,-2.725305,-12.533816,-5.143063,-9.759568,-1.208826,4.399920,2.732935,-5.290163,1.458159,4.834225,-1.230945,0.402887,5.495775,4.550460,-1.621964,-10.714918,-6.407572,1.082651,4.320961,4.860134,0.715077,4.607925,5.047438,1.853304,3.545602,5.574270,3.129341,1.224716,-12.099710,-5.029740,3.212456,6.025467,0.268928,0.352207,6.335394,4.099824,0.331033,3.700427,4.633189,4.352087,0.151333,-10.122335,-9.474122,-9.343219,3.399583,2.543785,-0.128858,-8.242093,1.753255,-2.378193,-7.307506,-4.144216,-0.814785,1.257257,0.632667,-0.985102,4.407578,6.136795,2.156778,-2.309173,3.028075,0.923460,-7.583355,-2.668262,-0.445819,-3.453695,-3.381204,0.805327,-9.928850,0.888937,6.936093,3.151428,-5.188274,-0.248995,4.315422,-5.515293,-5.685024,1.296238,2.298576,-9.012360,-7.338634,-3.679451,-3.611858,-1.029618,-16.146702,-1.129885,-1.846957,-4.909202,1.265684,3.812101,1.328458,-2.117498,1.749640,2.052058,1.829615,3.670722,4.768165,1.903883,-4.799063,-1.691774,-4.984666,-7.743015,-17.085867,-9.787408,-10.623096,-4.543025,0.090543,-0.514322,-4.025023,-0.580549,-2.648612,-1.909880,0.223838,-6.261268,0.820574,3.982394,-3.247624,0.117174,-0.439440,0.128835,5.695409,3.746150,-0.450635,0.898378,1.335708,-7.099878,-2.722624,-9.464702,-8.575243,-4.371049,-4.220923,-11.997204,0.013950,-0.087681,-0.188116,-5.490970,-12.068544,1.471626,-7.930413,-3.199620,-0.649558,-1.128935,-0.822867,3.570390,4.684101,5.327374,6.328241,4.906783,5.044688,4.143600,3.344022,3.896875,4.619937,2.164167,-1.288525,0.964539,-1.138324,-2.197959,-21.031593,0.205807,-1.116259,0.508974,-0.230174,2.340285,3.329802,1.065247,-5.182017,-0.124758,-1.942883,-11.786383,-2.122822,1.439698,-27.609079,-11.287211,-4.355283,-17.298645,-2.058890,-3.743009,-10.235676,-2.214089,-2.001415,-3.879544,-3.335181,-1.024377,-3.416167,-7.834783,-13.232927,-7.821984,-11.982782,-3.785047,-10.474362,-8.682824,-3.890125,-3.471540,-6.267952,-1.316823,0.870876,-1.096692,-0.550123,0.875998,0.830217,-1.362330,0.370867,0.889666,-4.027848,-4.303405,-1.674608,-6.492838,-5.155344,-1.168854,-2.444967,-2.164517,0.763144,-0.574002,-2.244626,-2.277649,-4.194001,-6.502793,-4.238604,-2.108659,-9.516827,-8.066996,-1.484791,-4.915523,-13.090219,-5.450320,-3.994005,-7.639813,-15.707333,-12.565541,-12.666125,-22.232218,-7.413380,-4.363421,-6.266092,-3.307987,0.021967,1.310890,-0.718890,-2.976219,2.664499,1.881935,-5.136386,-0.470595,3.178007,-1.583285,-7.616033,-1.552514,0.205109,-6.098178,-12.138115,-3.842236,-3.856370,-8.053211,-11.670236
[0;32mI (65050) ANALISIS_ESPECTRO: Frame exportado | t=64.39 s | pico=500.0 Hz | 33.2 dB[0m
SPECTRUM_FRAME,65.415124,453.125000,31.930208,hann,512,12.289516,17.141253,26.077141,34.159988,31.119427,16.635218,26.762421,27.874725,17.972511,12.201352,16.568140,17.924974,20.949572,18.586727,5.687418,8.322069,20.135347,13.355909,20.930561,11.459222,10.251493,24.813005,25.896177,19.735586,22.144272,29.455597,28.753414,21.666529,28.895329,31.930208,26.311419,24.922541,31.602304,27.452503,15.521629,26.943739,24.232185,11.097853,15.208200,11.842527,13.864497,22.435884,20.231466,7.411344,20.372713,21.627979,1.017960,4.650019,16.343065,2.506422,18.606804,12.940866,-0.016325,19.700661,20.359392,16.177429,13.760807,21.646282,22.520485,15.975064,20.209400,24.441074,20.660614,17.738062,23.240587,20.703562,13.159595,19.155638,16.718973,-1.394380,13.362720,11.088013,10.175169,17.810425,19.407175,13.780172,18.086273,20.014627,10.385105,12.047279,14.617301,-1.828754,11.230340,7.725135,2.284713,13.910957,16.352852,11.902348,13.222962,20.879513,20.321474,14.118124,22.768970,24.462500,17.056396,21.381104,24.383366,16.374851,15.097122,19.631361,9.910336,9.582299,14.082640,9.139908,14.080141,18.431499,17.450935,12.990675,17.421188,19.299004,1.618221,12.858047,14.835128,10.282687,21.330357,16.730215,13.730359,23.452185,22.620060,14.792961,20.576843,23.800161,18.372057,12.100330,21.956768,21.490973,3.572868,16.545914,21.536938,4.304535,11.068268,17.917891,12.097635,12.590918,17.057619,17.048271,3.947425,16.360291,14.365564,11.416662,11.236521,4.192161,15.176435,16.823080,14.475996,14.429890,20.689943,18.083530,12.233889,20.280039,19.522905,10.234121,14.290684,17.295429,8.142298,10.385468,14.039973,12.395935,11.153563,14.920754,15.156246,-2.986089,13.412075,12.930289,7.610035,7.214262,12.498543,13.833258,1.691590,12.786493,14.491484,10.865651,6.521944,10.024019,8.795208,-4.595298,7.682304,8.627854,10.303741,-2.069033,9.933062,13.764859,6.798294,6.560202,12.558036,11.923525,6.549580,11.495655,14.475536,12.761007,10.548888,14.780546,16.037582,8.746181,10.332532,15.613860,13.114005,4.333530,13.002960,16.633665,11.514200,11.209421,17.732046,15.131832,11.352767,15.287595,13.699336,10.338140,7.746643,7.204790,8.346015,-5.451425,4.281369,6.819851,-2.240174,-1.827454,-2.975938,-0.756723,-3.439535,-5.054553,0.399339,3.816276,0.892904,3.646215,9.927176,8.710051,6.248071,10.187703,10.067639,5.696542,4.594604,5.311822,0.907434,-6.871469,-9.712889,-3.418072,-10.779720,-7.454728,-9.676203,-4.201138,-1.299479,3.962012,-0.560488,3.404871,7.266979,1.225168,1.629123,1.790455,-2.846057,-5.889604,-1.032003,4.420281,6.521039,4.414476,2.476230,5.099299,0.314599,-4.764491,-4.631109,-7.156491,-9.330549,-2.855513,-7.356124,0.128154,3.560864,3.555058,5.825181,4.961366,2.966055,1.864285,-4.390075,-5.101794,-6.855043,-1.779236,2.809543,0.611585,-1.608367,-0.151330,-4.563970,-8.531652,-8.996161,-8.044065,-2.220143,-5.392966,-0.141725,4.392647,-0.131301,1.004449,5.048613,-0.964528,-5.944835,-1.790568,-4.847259,-3.671907,-8.321309,-0.737781,-3.183631,-14.595867,3.509785,3.148122,-1.680906,0.376139,-1.959737,-0.857149,-5.091191,-3.188696,2.462605,0.861591,-2.214960,-3.293338,-10.756384,-10.064501,-3.200903,-1.363512,-2.267056,-1.787966,-2.757848,-15.484109,-7.260758,-8.538507,-0.801817,0.287796,-4.099027,-5.564097,-4.928399,-6.420763,-1.410867,-0.321910,-2.062150,2.492446,1.433876,-5.887091,-1.281511,-1.616293,-6.540972,-9.779821,-9.989509,-18.963451,-6.046805,-3.035871,-5.643446,-5.360761,-6.488568,-7.763536,-9.996197,-4.485239,0.051435,-4.108294,-3.391261,-1.352429,-20.210983,-12.835371,-10.842600,-6.797526,-3.216764,-9.533170,-25.636456,-3.123546,-3.879229,0.860988,3.402719,2.910026,3.796926,3.129910,-0.044231,-1.188721,-2.744061,-12.148212,-11.521188,-7.466131,-12.477606,-3.979321,-2.441478,-4.354361,-2.594740,-3.557025,-6.283535,-11.958217,-10.970531,-10.915070,-2.851589,1.443630,-5.917203,-0.121802,3.890093,-0.813199,-0.058929,3.963132,0.290641,-2.648784,1.470875,0.330838,0.325031,1.519862,3.707030,1.685726,1.110202,3.607855,0.065428,-5.118570,-2.491748,-7.114027,-7.787344,-11.896364,-10.439161,0.401767,1.375406,-4.278811,-0.894128,3.157468,-3.869687,-21.848587,-2.904196,-9.423841,-9.152065,-14.200009,-4.239032,-13.335331,-13.252129,-1.020954,-2.377343,-19.883974,-1.120609,-2.442194,-2.928769,-3.233144,-5.110641,1.317716,-0.950718,-7.898235,-1.156282,-0.625586,-14.745923,-10.835852,-3.252159,-8.476506,-4.734007,-0.476732,-2.227232,-3.276283,-0.517005,-2.036885,-7.349005,-16.013466,-7.345972,-5.255337,-4.776813,-4.757592,-3.176867,-5.374207,-4.873119,-3.225464,-13.321595,-11.533773,-8.921697,-10.716892,-15.337107,-3.803804,-1.083299,-2.681066,-3.113715,-1.933789,-2.544698,-4.077735,-6.194979,-18.211124,-14.681614,-9.829364,-7.814545,-4.456933,-7.406743,-9.156279,-0.977254,-2.466506,-8.231848,-6.593392,-9.982351,-8.058595,-15.021711,-17.493898,-3.939404,-3.648155,-13.879139,-3.833706,-2.347608,-5.198814,-9.473287,-13.597541,-7.299925,-5.521045,-5.626016,-6.534482,-3.113861,-5.282607,-6.413208,-11.683311,-13.723125,-9.694700,-8.759456,-2.239683,-6.877698,-7.103978,-4.348891,-11.273279,-7.180023,-3.484055,-9.838901,-14.375244,-4.666915,-5.851814,-9.207839,-14.863213
[0;32mI (66080) ANALISIS_ESPECTRO: Frame exportado | t=65.42 s | pico=453.1 Hz | 31.9 dB[0m
SPECTRUM_FRAME,66.437478,250.000000,30.165592,hann,512,3.431969,29.888134,29.252102,34.005402,28.491575,26.681488,29.942596,24.663128,21.329584,26.181137,22.922371,9.907079,26.766979,27.721577,10.312437,26.608906,30.165592,20.833126,23.487432,28.478296,21.765116,22.988672,25.504810,19.437922,23.641108,26.179489,17.336605,21.907919,27.360378,19.155819,23.399279,28.236961,20.719151,23.930731,26.289454,19.398888,25.949823,24.766428,23.814451,25.998199,19.897743,24.017826,25.259113,15.722586,20.248196,23.494492,20.423679,11.535405,19.463947,22.704613,17.218287,22.274773,25.341496,21.918594,25.615322,27.160011,22.728821,25.558004,27.796036,23.649315,24.143641,27.534492,24.261978,21.933062,25.887577,24.584202,24.077591,27.016718,26.251198,25.607416,27.788883,25.741644,22.651768,25.670004,23.531702,17.667959,21.786793,22.383192,17.532053,17.752258,21.699141,19.423376,19.168251,22.235756,21.115356,20.385439,23.015425,21.973476,19.001472,22.411400,21.698891,18.578941,21.385582,20.453640,16.431173,16.490063,14.882465,10.762056,12.489025,12.350361,9.862708,14.529996,13.992843,6.338081,14.509535,12.980474,9.063175,15.957404,13.384986,8.563475,13.750463,11.498584,8.171404,10.280410,9.989136,8.488540,9.878065,7.950544,7.517666,13.070004,12.688782,8.737620,16.312077,17.965212,15.592234,18.669018,20.101242,18.395340,20.043715,20.397148,18.754253,20.259983,19.411259,16.319046,18.642645,19.373695,16.338905,18.334864,21.237499,19.438866,19.380911,21.470633,19.949127,18.854486,20.126917,18.791208,18.210251,20.327820,18.454655,17.231243,19.929932,18.672611,15.584658,18.417738,20.036434,18.139044,19.609098,21.617641,20.749369,20.211777,20.543278,19.882576,18.915924,18.266684,17.430338,17.203201,15.261463,12.835493,15.038864,14.753351,12.235640,14.501639,16.059513,13.699957,14.239925,15.081615,10.971167,11.365034,12.913260,6.453580,10.235082,14.702433,11.811077,5.298147,13.724698,15.661260,7.306981,10.118728,14.149219,6.415074,11.408852,13.065630,8.248068,6.518057,14.465277,15.972271,8.296228,15.969563,18.647869,13.926772,17.474911,20.073393,17.090042,15.367935,15.858582,15.475031,16.032211,15.588919,16.103867,19.028828,19.651081,17.227037,17.763725,19.712959,17.785049,17.910162,20.678436,19.426762,20.021347,21.089413,17.177044,16.421431,18.883430,15.866220,13.473693,20.187445,20.108101,16.565189,20.537540,20.399490,14.120627,18.618378,19.220739,11.361823,19.111591,20.915024,14.857072,15.502524,19.974573,15.723418,11.197512,19.617935,17.112514,9.053051,18.760035,18.374660,6.663924,14.425720,15.796514,-9.294638,14.040962,15.368937,10.255159,2.613170,13.943224,15.262636,5.155717,13.541950,13.227315,6.826658,15.864283,15.411891,5.217445,7.444311,12.777658,11.641327,-3.390710,8.261003,11.875813,7.162109,12.594523,14.921241,13.795893,14.353152,14.189360,11.555118,13.088449,15.046017,13.729118,14.788700,15.937133,14.281425,13.343781,13.507315,11.942141,13.906925,16.273487,14.671385,14.796421,16.503469,13.203583,5.847065,10.014438,11.291679,9.269547,11.887011,15.390797,15.122547,14.059013,13.196746,11.401563,11.784114,11.759921,12.291605,13.891496,13.994618,12.125896,10.270067,9.548372,6.653258,8.641556,9.470025,7.743018,7.868176,6.851101,5.836341,-0.547113,-1.619953,3.431917,4.152049,3.373132,3.231501,5.152521,2.333977,3.083446,-1.393996,-2.253858,0.070810,4.371226,6.080703,-3.076987,0.362533,-1.954075,3.485631,9.159506,6.696000,-0.789325,7.481026,4.947244,-7.204298,8.273214,8.709871,5.617830,10.285851,9.754640,1.579211,6.652860,2.368015,0.062502,8.141954,5.524702,-8.453955,4.027931,7.943419,3.388630,1.452346,6.237950,-1.477338,-0.275312,6.756103,2.476652,-3.739148,2.577848,-4.104928,4.268804,6.996184,2.951301,7.371391,8.513655,0.173434,5.823575,7.064850,1.051426,8.147097,7.982927,3.447671,8.051667,8.059507,0.832498,7.454411,9.058530,1.313379,6.465463,8.757774,1.740294,1.593528,5.442089,2.493033,0.386297,8.237205,6.326950,4.664467,11.426145,10.273312,6.284565,10.801592,11.391940,6.733256,11.272964,12.623285,7.983876,10.497066,10.375930,4.943172,5.555912,6.884713,3.068005,0.647558,7.106524,5.875823,2.922477,1.283077,5.157580,1.841969,-4.452746,3.338198,3.087763,3.505821,3.327426,5.057136,2.223049,1.934218,1.230166,-2.316632,-4.046283,1.819470,2.501737,-3.717328,1.473963,5.970591,8.044975,4.873636,5.501187,7.788442,6.254321,7.745604,11.253901,12.079155,11.271113,11.336206,11.423800,9.691421,7.675369,10.653393,11.923363,10.968048,11.446102,12.737416,11.384574,6.268656,9.251309,10.349577,7.962044,11.632156,13.630751,11.430256,10.279230,11.177143,8.852119,7.605135,11.029864,11.753649,12.642925,15.025118,13.758640,10.111788,12.194066,9.589554,3.844665,11.861507,12.437315,7.292156,10.136200,12.819320,9.886179,-10.732144,6.329265,6.564289,-9.483997,8.226295,11.448360,10.288727,7.704944,9.572342,8.084065,1.374933,2.764458,4.053179,6.807255,10.469570,11.805580,10.787189,11.569251,10.872773,6.761440,6.468499,9.527898,10.176796,11.027688,14.091022,13.915997,11.997714,11.281470,10.920685,9.528580,10.334909,13.581214,14.293079,13.687505,13.865973,13.936090,12.475056
[0;32mI (67090) ANALISIS_ESPECTRO: Frame exportado | t=66.44 s | pico=250.0 Hz | 30.2 dB[0m
SPECTRUM_FRAME,67.459842,125.000000,6.608150,hann,512,-8.488974,2.434273,-2.613200,4.523837,6.636323,2.195560,-1.977490,5.157766,6.608150,1.300565,-1.744327,5.470798,5.735174,-0.563244,-1.218199,6.174550,5.093250,-0.791503,0.855584,5.819638,4.263073,-2.026926,1.413329,6.227791,3.857889,-3.036584,3.024590,5.703683,2.290538,-3.644632,3.796947,5.229485,2.113843,-2.685989,4.013766,4.323607,-0.036303,-3.365819,4.104182,3.602799,-1.085344,-0.932678,3.761420,2.017304,-3.091979,-0.705621,3.054492,1.960320,-4.167062,0.474322,2.724138,0.109351,-6.451871,0.816330,1.923002,-0.282404,-4.180358,1.368195,0.906698,-2.479565,-4.578116,0.464466,0.181162,-4.228680,-2.719232,0.426837,-1.913720,-8.213633,-2.848871,-1.566712,-3.387486,-8.181297,-2.235540,-2.351378,-6.072856,-9.552352,-3.522041,-3.918349,-8.784546,-7.230423,-2.620670,-5.168462,-13.878296,-5.821327,-4.609554,-6.966425,-16.145914,-4.543783,-4.348761,-9.684757,-10.642252,-5.028636,-7.053646,-15.840366,-9.566449,-4.672408,-8.356825,-20.567242,-5.779092,-7.486246,-10.689777,-11.101336,-6.715603,-7.437163,-10.440720,-7.834642,-6.102271,-9.966854,-8.105783,-6.587830,-6.993561,-8.685409,-7.519106,-5.133417,-7.111534,-9.851646,-5.447271,-4.768595,-8.268394,-8.560223,-4.721975,-3.976151,-8.846148,-8.655347,-2.515669,-4.634654,-12.001944,-5.990644,-2.223713,-4.817553,-13.831127,-4.116346,-1.032559,-7.994541,-11.944536,-2.387321,-2.277469,-7.812169,-11.194847,-1.334821,-2.321470,-12.415140,-6.671894,-1.505537,-3.785126,-10.471762,-6.979420,-0.665459,-4.529309,-13.677748,-4.150029,-1.656463,-5.030409,-13.614264,-3.801631,-0.837449,-6.109128,-14.455153,-2.160041,-2.205967,-7.572906,-13.188696,-1.487019,-2.485137,-9.448830,-7.151723,-1.661331,-4.591579,-13.138376,-6.542938,-2.033475,-5.241673,-18.582117,-4.308464,-3.369168,-8.107418,-15.420231,-4.926588,-4.278750,-7.597725,-15.477699,-4.100999,-5.684902,-10.977596,-12.292676,-4.891982,-5.965571,-11.974531,-8.865641,-4.373859,-8.206779,-21.828922,-7.439604,-6.176498,-8.885309,-25.985868,-5.631648,-6.886361,-13.700289,-12.323118,-6.947997,-10.063938,-19.278660,-10.711905,-6.632344,-12.199495,-24.684872,-8.120747,-10.410352,-17.032608,-19.505556,-8.224454,-10.097147,-18.028696,-11.079018,-8.031754,-13.701948,-36.051178,-10.379792,-7.095480,-13.788375,-17.195114,-5.777637,-8.688397,-19.588991,-11.415912,-5.776284,-9.000672,-16.993591,-6.900060,-4.502641,-11.398449,-14.858123,-5.705516,-5.379860,-15.609051,-13.452103,-3.339135,-6.404505,-19.366859,-7.863240,-3.929372,-7.963411,-23.434076,-6.777812,-2.946832,-8.083755,-20.386909,-4.742537,-3.263832,-10.635244,-21.570812,-2.818733,-3.191026,-9.424211,-9.644278,-1.975353,-3.930118,-12.706595,-7.887957,-1.161909,-4.075959,-16.231384,-4.275420,-1.073899,-6.936939,-25.400064,-2.911566,-2.077244,-6.184715,-15.461727,-2.054890,-2.588223,-9.493975,-12.691478,-1.963404,-3.359615,-9.194311,-8.960036,-1.228671,-4.547899,-11.332205,-6.207899,-2.019179,-3.754249,-14.963232,-4.328145,-1.295028,-5.515454,-32.626297,-2.915094,-2.668426,-5.759821,-16.667667,-1.895428,-3.364752,-7.909126,-9.571032,-2.972235,-4.358155,-10.996985,-8.544357,-2.457080,-5.892062,-15.202812,-6.041362,-4.602000,-6.278863,-19.776533,-5.563989,-4.239210,-6.786049,-20.917589,-5.168724,-5.338756,-8.481430,-17.967461,-3.921764,-5.810833,-10.313607,-8.966380,-5.203906,-7.052565,-16.096531,-8.143719,-5.116020,-8.016733,-25.081589,-6.430450,-7.326964,-11.620325,-17.329105,-6.750731,-8.456554,-11.903790,-11.686898,-7.597032,-9.833812,-13.641204,-11.663627,-7.623262,-9.405536,-14.215433,-9.200636,-8.103684,-10.796762,-13.628803,-8.705443,-8.400191,-10.308273,-12.474075,-7.444317,-9.202916,-13.214338,-9.156255,-8.219895,-10.460410,-11.480889,-7.994820,-8.304744,-12.604676,-9.086784,-7.196039,-11.238055,-10.585662,-7.872789,-8.046150,-10.739675,-10.494894,-6.457503,-9.054716,-11.798326,-7.903814,-7.553377,-8.835079,-10.689169,-8.339719,-6.433120,-9.783310,-10.314157,-7.455130,-7.152895,-8.437772,-11.782542,-6.496742,-6.212575,-9.730156,-10.341761,-6.000502,-6.652433,-10.221622,-10.195256,-4.881479,-6.960125,-12.716234,-7.224982,-5.817986,-7.989782,-12.859298,-6.951038,-6.090611,-8.252375,-12.262594,-6.725039,-7.320786,-9.053730,-11.884968,-7.216541,-7.290315,-8.588610,-11.859133,-7.702765,-7.340421,-9.436694,-12.529297,-7.509136,-6.260880,-11.720715,-10.338354,-7.555037,-7.163905,-14.693119,-9.608152,-8.062140,-6.924770,-20.602438,-9.265222,-8.382119,-9.706365,-16.646778,-10.782241,-8.984043,-10.576254,-15.695653,-12.162683,-9.981135,-12.808929,-16.545290,-14.810948,-8.938881,-15.342619,-15.233057,-13.782634,-10.042849,-19.615055,-14.076715,-14.182291,-9.429010,-26.997519,-13.150726,-12.709336,-13.111781,-19.077177,-14.489292,-12.999434,-16.799702,-14.255553,-16.611866,-15.323916,-25.541271,-14.769558,-21.626444,-15.789368,-23.745764,-14.578987,-20.746811,-18.552963,-20.124390,-14.328163,-19.264271,-14.636724,-18.956854,-13.155098,-16.287498,-18.051691,-15.493748,-13.007708,-14.951848,-17.891457,-12.703407,-13.410357,-16.295034,-16.333544,-12.284917,-15.977570,-14.131039,-13.863131,-13.370464,-15.072948,-13.924332,-12.059435,-15.212887,-14.852290,-10.314655,-14.305343,-15.168500,-11.975121,-10.842544,-14.068365,-15.116912,-10.171996,-10.662916,-16.591831,-12.141372,-10.404214,-12.045952,-14.185119,-12.999594,-9.685633,-12.834369,-14.382977,-11.312138
[0;32mI (68140) ANALISIS_ESPECTRO: Frame exportado | t=67.46 s | pico=125.0 Hz | 6.6 dB[0m
