Command: /home/yuusha1/esp/idf-tools/python_env/idf6.1_py3.12_env/bin/python /home/yuusha1/esp/idf/esp-idf/tools/idf_monitor.py -p /dev/ttyACM0 -b 115200 --toolchain-prefix xtensa-esp32s3-elf- --target esp32s3 --revision 0 /home/yuusha1/esp/projects/labs/Rep_SE_202601_grupo_Diego_Santiago_Chen/Lab_1/Ejercicio_5/analisis_espectro/build/analisis_espectro.elf /home/yuusha1/esp/projects/labs/Rep_SE_202601_grupo_Diego_Santiago_Chen/Lab_1/Ejercicio_5/analisis_espectro/build/bootloader/bootloader.elf -m '/home/yuusha1/esp/idf-tools/python_env/idf6.1_py3.12_env/bin/python' '/home/yuusha1/esp/idf/esp-idf/tools/idf.py' '-p' '/dev/ttyACM0'
[0;32mI (119) esp_image: segment 3: paddr=0003627c vaddr=3fc91e98 sizeep configuration[0m
ESP-ROM:esp32s3-20210327
Build:Mar 27 2021
rst:0x15 (USB_UART_CHIP_RESET),boot:0x8 (SPI_FAST_FLASH_BOOT)
Saved PC:0x4200447b
SPIWP:0xee
mode:DIO, clock div:1
load:0x3fce2820,len:0x14f0
load:0x403c8700,len:0xda0
load:0x403cb700,len:0x2f58
entry 0x403c8908
[0;32mI (24) boot: ESP-IDF v6.1-dev-2938-g12f36a021f 2nd stage bootloader[0m
[0;32mI (25) boot: compile time Apr  8 2026 14:46:03[0m
[0;32mI (25) boot: Multicore bootloader[0m
[0;32mI (26) boot: chip revision: v0.2[0m
[0;32mI (29) boot: efuse block revision: v1.4[0m
[0;32mI (33) boot.esp32s3: Boot SPI Speed : 80MHz[0m
[0;32mI (37) boot.esp32s3: SPI Mode       : DIO[0m
[0;32mI (40) boot.esp32s3: SPI Flash Size : 16MB[0m
[0;32mI (44) boot: Enabling RNG early entropy source...[0m
[0;32mI (49) boot: Partition Table:[0m
[0;32mI (51) boot: ## Label            Usage          Type ST Offset   Length[0m
[0;32mI (58) boot:  0 nvs              WiFi data        01 02 00009000 00006000[0m
[0;32mI (64) boot:  1 phy_init         RF data          01 01 0000f000 00001000[0m
[0;32mI (71) boot:  2 factory          factory app      00 00 00010000 00100000[0m
[0;32mI (77) boot: End of partition table[0m
[0;32mI (81) esp_image: segment 0: paddr=00010020 vaddr=3c020020 size=0f458h ( 62552) map[0m
[0;32mI (99) esp_image: segment 1: paddr=0001f480 vaddr=3fc91300 size=00b98h (  2968) load[0m
[0;32mI (100) esp_image: segment 2: paddr=00020020 vaddr=42000020 size=16254h ( 90708) map[0m
[0;32mI (119) esp_image: segment 3: paddr=0003627c vaddr=3fc91e98 size=025e4h (  9700) load[0m
[0;32mI (122) esp_image: segment 4: paddr=00038868 vaddr=40374000 size=0d2e4h ( 53988) load[0m
[0;32mI (135) esp_image: segment 5: paddr=00045b54 vaddr=50000000 size=00024h (    36) load[0m
[0;32mI (141) boot: Loaded app from partition at offset 0x10000[0m
[0;32mI (141) boot: Disabling RNG early entropy source...[0m
[0;32mI (153) cpu_start: Multicore app[0m
[0;32mI (161) cpu_start: GPIO 44 and 43 are used as console UART I/O pins[0m
[0;32mI (162) cpu_start: Pro cpu start user code[0m
[0;32mI (162) cpu_start: cpu freq: 160000000 Hz[0m
[0;32mI (164) app_init: Application information:[0m
[0;32mI (167) app_init: Project name:     analisis_espectro[0m
[0;32mI (172) app_init: App version:      bc6dc7c-dirty[0m
[0;32mI (177) app_init: Compile time:     Apr  8 2026 14:46:06[0m
[0;32mI (182) app_init: ELF file SHA256:  d65aaaa4b...[0m
[0;32mI (186) app_init: ESP-IDF:          v6.1-dev-2938-g12f36a021f[0m
[0;32mI (191) efuse_init: Min chip rev:     v0.0[0m
[0;32mI (195) efuse_init: Max chip rev:     v0.99 [0m
[0;32mI (199) efuse_init: Chip rev:         v0.2[0m
[0;32mI (203) heap_init: Initializing. RAM available for dynamic allocation:[0m
[0;32mI (209) heap_init: At 3FC99690 len 00050080 (320 KiB): RAM[0m
[0;32mI (214) heap_init: At 3FCE9710 len 00005724 (21 KiB): RAM[0m
[0;32mI (220) heap_init: At 3FCF0000 len 00008000 (32 KiB): DRAM[0m
[0;32mI (225) heap_init: At 600FE000 len 00001FE8 (7 KiB): RTCRAM[0m
[0;32mI (231) spi_flash: detected chip: boya[0m
[0;32mI (234) spi_flash: flash io: dio[0m
[0;32mI (237) sleep_gpio: Configure to isolate all GPIO pins in sleep state[0m
[0;32mI (243) sleep_gpio: Enable automatic switching of GPIO sleep configuration[0m
[0;32mI (250) main_task: Started on CPU0[0m
[0;32mI (260) main_task: Calling app_main()[0m
[0;32mI (260) ANALISIS_ESPECTRO: Inicializando analisis de espectro[0m
[0;32mI (260) ANALISIS_ESPECTRO: fs=16000 Hz, FFT=1024, periodo=1000 ms, export CSV por serial[0m
[0;32mI (280) main_task: Returned from app_main()[0m
SPECTRUM_CFG,16000,1024,512,15.625000,hann
SPECTRUM_FRAME,1.006345,93.750000,44.783100,hann,512,23.362902,22.422668,41.793552,50.088409,46.290646,36.288105,44.783100,43.442986,31.265381,37.151505,37.964397,27.959946,35.523506,38.582317,29.396894,29.858084,35.581871,28.229282,18.930687,22.918797,17.299976,25.495571,34.926060,32.879299,24.878538,34.613644,35.039570,23.493858,29.599716,33.237518,23.384678,27.256411,33.617027,27.072529,24.242809,32.442745,28.104267,14.756107,26.222061,23.924149,12.033969,29.055479,30.091553,19.652050,29.829670,33.295204,24.039326,24.721834,30.757221,24.153698,10.662860,19.618938,17.021200,9.247788,23.226410,21.407824,11.479723,25.051361,26.009357,14.614576,22.310162,25.933855,17.698030,17.747248,23.733795,18.209778,11.178784,19.419989,15.765152,9.342475,14.577599,11.409302,7.490921,14.409534,10.807100,-0.062288,11.695429,8.139051,-14.294152,5.201199,3.013717,1.411918,-12.024136,5.787318,3.056183,3.400987,13.550005,9.398682,5.667355,14.846992,14.324404,5.279852,8.449451,12.764296,3.257598,9.985958,14.689190,1.222920,13.955011,20.209150,12.858847,11.567021,20.432539,16.651285,3.274245,15.321041,14.718618,-4.146636,9.670971,9.028016,6.373758,14.256772,15.549745,11.395645,13.795881,17.217468,13.043643,10.127577,14.333173,10.218123,5.670766,8.045001,3.598747,3.914810,5.778044,11.252991,4.559443,1.619342,12.474710,5.225921,-9.389519,8.381864,1.971361,-1.809772,8.985009,2.729137,-6.189772,11.377755,10.390630,-8.226147,8.150113,12.123110,-2.674751,-5.687314,8.316353,3.597160,-1.423030,-8.906153,3.169645,2.692158,8.281754,-0.538443,9.077325,5.984334,6.401037,10.593250,2.129959,1.844044,7.786555,10.718548,7.093348,-0.178791,9.034655,13.745917,1.563752,-10.723541,11.632143,5.590408,6.563488,3.109283,-0.788194,9.385916,12.785367,11.450538,10.146798,13.422554,15.098059,10.859711,9.296618,11.676444,7.887486,5.323245,-4.305454,-4.865499,3.236489,10.323997,11.237994,8.460961,9.075576,12.834860,11.350073,6.700663,5.580370,7.973538,10.410527,5.687972,1.103728,8.617563,10.932640,9.496828,8.115912,7.417605,8.806157,10.533714,7.763579,0.702033,7.587738,10.463058,7.203664,4.462418,6.435173,8.195841,8.919965,4.664555,6.272242,9.659261,8.761348,10.000496,9.746567,7.993031,10.501142,10.403242,5.287653,6.930560,8.881895,3.789736,2.820162,4.954868,2.989254,4.552351,4.342566,0.668436,6.125075,7.926517,2.814734,4.717043,9.163008,6.029229,4.987239,6.000745,3.843580,6.754092,4.551633,-3.250508,3.647933,7.449316,8.257614,-1.551920,8.514711,10.412626,5.820337,11.158964,10.538301,7.616261,12.540232,11.388062,9.285897,11.114484,10.001257,9.135484,8.787523,7.607547,5.889100,8.575574,10.280181,9.871671,10.198374,11.643220,10.489326,11.635418,11.313729,4.493549,7.160495,11.869102,6.981499,10.007688,11.547970,11.227827,15.801786,12.434118,11.249054,15.477535,14.710450,9.866077,10.550991,13.458257,10.469913,7.735948,9.712284,10.718240,9.810449,9.572008,9.613906,9.200803,9.564555,7.766385,7.206227,11.448407,8.222599,6.544733,12.841626,12.762714,9.505592,12.260452,13.685002,12.393775,10.171724,10.905343,12.480192,6.617790,6.444816,8.580432,1.706231,7.832273,0.784016,-2.904165,10.183864,6.782107,-3.559964,8.951458,9.765171,-1.774596,4.650254,7.638239,0.319109,1.884415,0.086132,-0.612271,-2.349656,6.991424,1.359220,-5.632977,7.418799,8.355854,-5.784417,3.700740,9.268637,-5.226791,5.607460,6.065444,2.164387,5.461416,6.986272,4.154933,1.989890,6.497396,6.299451,-0.388869,7.652331,5.994457,0.041577,10.169650,10.050823,-4.049004,8.612776,12.997046,4.078112,5.941222,11.195013,10.446758,7.474699,10.460684,12.076835,9.407300,12.950466,13.456238,10.902300,12.199937,14.055483,12.023334,8.706898,11.516859,12.085375,5.567992,10.249825,10.562955,6.973975,12.064509,11.775218,10.294962,11.466475,13.136386,12.492664,9.202023,10.539791,12.214494,6.790895,3.523272,8.064865,2.864964,1.535309,6.522900,-6.918243,0.079653,9.721612,0.783293,-7.737265,7.440129,4.657276,-3.706624,-3.046326,3.745387,-4.090314,3.040974,0.792242,-24.059162,9.140578,5.225735,-1.645074,11.351107,9.862590,4.250087,11.580310,9.352040,6.123271,9.325853,7.754026,-0.480473,5.733168,13.861876,7.422984,8.929089,16.289209,13.842356,9.911104,16.387079,14.022535,8.243792,15.519938,14.100704,4.700494,14.908519,17.316427,7.805390,13.693170,18.631428,10.458214,7.441273,18.779247,8.457933,3.411541,18.812836,14.359022,7.900067,20.126801,17.976013,5.464817,21.067259,20.565891,2.779978,19.926970,23.087032,8.898703,17.606979,23.720324,15.801143,15.035615,23.421013,17.437742,9.627241,23.685963,19.871586,2.891884,23.400585,23.534918,8.270870,21.747059,24.903503,13.408815,19.383204,24.724270,15.767674,16.598070,24.412344,18.152855,12.670132,23.507168,20.570333,8.156118,20.561069,20.858757,5.290198,16.081528,18.885572,5.549988,14.327513,16.906666,6.754167,12.521336,17.215508,7.507024,8.706426,16.911686,10.552955,7.308197,15.798847,12.705595,7.103104,13.698225,12.239084,5.030471,9.929025,10.483198,3.700861,7.687028,11.385038,6.081901,5.415034,12.705029,7.800423,3.482975,10.385804
[0;32mI (1660) ANALISIS_ESPECTRO: Frame exportado | t=1.01 s | pico=93.8 Hz | 44.8 dB[0m
SPECTRUM_FRAME,2.028695,93.750000,42.888855,hann,512,21.312693,17.737045,39.710777,48.415131,44.751457,33.381714,42.888855,41.897560,29.396397,34.706589,36.235466,25.706474,33.861042,37.767815,28.931334,28.838074,35.346714,29.388735,10.895155,16.874207,15.665287,22.364086,32.780346,30.570057,20.718204,33.378899,34.256920,21.867266,30.157654,33.123730,23.856991,27.994709,32.837639,25.891922,23.705185,31.505547,27.484026,14.003458,24.610653,24.770555,8.592951,27.460644,27.656673,14.948931,29.422581,31.829327,20.114660,25.295887,30.405703,22.388550,15.662561,22.369839,19.992247,5.571937,17.410276,15.008083,0.040326,22.048243,21.623592,10.273045,19.998590,21.954496,14.005268,17.122629,20.147564,16.273109,14.417742,19.907089,15.985788,8.615598,19.574024,15.033746,4.418095,17.858006,16.804863,7.135097,13.829754,16.539265,5.317557,9.509121,11.328308,10.960985,5.574911,11.695615,7.145362,5.065177,13.492217,8.976575,7.319205,13.761673,17.462040,8.293299,15.577283,18.638424,11.270382,14.393154,18.201164,6.701591,10.971151,18.424269,12.433393,8.858431,18.605484,18.119368,7.776597,18.242146,19.031179,8.437415,14.607521,15.886692,2.350450,5.887322,10.870764,1.455642,6.675704,14.281493,11.786651,1.377053,15.991989,15.259019,0.404567,13.315189,12.024747,-2.861965,9.204363,11.619244,5.576942,8.981211,14.695668,12.300781,3.283795,14.273529,14.951462,1.451772,9.759762,7.120416,2.888283,7.969191,5.890469,10.118519,7.842710,10.264585,9.166357,8.045605,11.397891,11.101413,10.355354,1.905349,-0.172692,6.146918,8.476331,8.243295,-3.626880,7.961128,13.165790,4.599461,4.628237,14.163685,8.400751,0.891695,-8.944901,6.058419,11.304717,13.365550,10.261543,10.702791,14.155406,12.024517,6.082734,10.847281,12.915459,5.747985,1.366030,2.731137,3.554506,5.490897,13.746881,11.888333,5.484481,12.015916,11.517275,2.311946,4.873865,9.465278,1.087096,10.248005,7.699686,4.887525,12.854565,14.941901,10.741974,9.418264,13.767691,12.289967,6.548021,9.903263,13.225296,10.348662,2.486979,4.382108,6.853452,-5.969682,7.423520,2.609179,3.739135,7.782160,3.870683,2.530940,3.523784,7.997406,8.157358,4.499179,3.716877,7.778454,6.168303,4.505913,-4.575929,-1.792856,5.779111,-14.329718,-2.998986,9.994022,5.977932,4.392764,4.095286,4.698946,3.310909,-1.956436,8.780237,6.915049,-3.969619,4.303506,9.403854,3.025721,-6.006540,6.398067,7.913790,-1.967034,5.210789,10.150240,8.221350,-27.849693,3.366531,4.475688,0.844435,9.285674,6.473431,7.390581,5.978264,-1.418159,5.594974,5.625083,7.668652,7.854566,-2.403480,4.529491,-2.226458,-1.157938,7.053939,6.258913,3.437319,6.820815,-2.872525,4.088554,12.497828,3.680109,2.753879,12.144419,12.029500,3.939740,13.230940,14.590583,3.284601,8.562922,13.213353,-0.022262,8.172703,14.967031,3.707895,0.074093,11.567640,5.254569,-7.275222,11.576676,10.212858,-3.782661,8.188135,10.979565,-4.316337,10.060878,14.129467,-0.163470,-0.056004,13.888732,6.988814,5.372124,16.535376,13.868383,8.394760,15.113482,15.231037,11.620122,14.296168,15.593767,14.394522,10.034952,6.176061,9.453693,0.577080,5.604699,-5.979702,-4.264585,10.782214,6.965436,5.833221,14.079628,12.940208,9.219402,10.663488,10.829583,8.376320,11.173171,12.160264,12.325428,10.532015,7.778604,9.514350,10.815172,11.027923,9.543125,12.364119,10.199651,3.754478,6.017730,9.381531,10.703985,7.200778,5.727527,6.536320,4.861904,0.010252,-0.186902,7.334979,6.185143,0.198465,-9.735914,-3.854979,5.453366,7.904213,1.869340,-8.114367,0.431199,2.313458,7.539624,7.757731,7.018942,8.419540,8.465234,6.655779,7.889961,11.200557,12.796124,12.207398,9.050497,9.266914,11.233749,5.447824,5.284495,9.889312,9.693131,-11.216856,1.079976,10.674191,7.111906,9.757931,10.843004,9.991897,10.114526,13.394417,13.976990,10.945314,15.618858,14.820155,10.628743,12.407645,10.303517,4.516361,5.731954,3.367322,3.143088,-1.132529,-0.156619,9.615851,8.887300,9.877428,10.098797,11.503901,13.637961,13.320648,13.316795,17.058580,15.860415,11.528722,12.976053,12.782397,10.634943,9.230618,7.799518,8.427952,13.481760,11.190378,8.957253,16.820124,17.682587,12.634744,15.002309,16.604940,12.375670,14.933108,17.383156,14.000389,14.451681,17.529543,14.288013,15.105598,19.628635,17.406910,14.401226,17.988926,16.530281,12.186754,17.698280,18.271736,12.386632,16.367302,19.182970,10.610552,15.860782,21.744482,15.259228,12.333817,20.863205,17.402975,13.337584,21.591103,20.119465,13.416721,21.325844,21.854727,14.798512,21.761084,24.353302,17.018385,19.737700,24.568729,18.332363,18.401325,25.245949,20.428719,15.118536,24.140400,21.815737,12.852789,23.511618,24.090681,13.789097,21.461847,24.853106,16.371439,20.184898,25.686150,18.992640,16.758905,23.896570,18.450157,12.618505,22.542086,19.047319,6.641694,20.219471,20.767399,11.277922,18.702742,22.798622,15.950204,14.911150,20.426361,16.085470,13.083672,18.716475,15.107537,9.775704,15.708269,13.167027,-0.007598,14.037070,15.404058,6.312883,9.121885,11.126056,5.955141,11.651120,13.699425,9.923188,9.966953,10.657427,8.370291,6.366091,6.365364,9.496466,8.774231,-3.342903
[0;32mI (2680) ANALISIS_ESPECTRO: Frame exportado | t=2.03 s | pico=93.8 Hz | 42.9 dB[0m
SPECTRUM_FRAME,3.051058,93.750000,43.206207,hann,512,14.881278,16.589746,39.986115,48.550869,44.946014,32.674160,43.206207,41.855705,28.799040,35.170712,36.273491,24.827801,34.237579,37.784725,28.166496,29.602869,35.305752,28.634598,6.831191,19.685452,11.353247,20.823318,32.827316,31.414022,16.100925,33.303226,34.284721,19.950672,29.812384,32.706657,23.240578,28.043247,32.594269,26.137402,24.067011,31.389538,27.164856,10.743123,24.359207,23.306913,6.668833,28.053402,28.752516,14.491445,29.909180,32.343651,22.449463,25.658777,30.325003,23.246262,12.481899,19.950638,15.441654,7.962196,18.639664,17.001760,3.043601,22.331120,22.636055,8.556658,18.441185,21.424925,13.264451,11.070027,18.307159,15.447893,7.962556,16.359968,15.497744,10.932537,17.149275,15.772276,7.060916,16.957378,17.404408,2.915640,13.618580,17.658649,8.453159,14.117813,18.730659,15.384596,10.874079,18.331583,16.878382,6.525362,14.743353,10.460669,15.026230,17.727077,14.265982,13.689802,20.498674,19.257767,9.799772,18.423441,17.918541,7.827396,12.203394,17.305788,11.330918,11.717035,19.876057,17.980368,10.098877,19.708466,18.883833,7.252564,15.795684,15.469564,5.301365,9.752258,15.291351,10.771470,7.567545,17.072617,15.140729,1.091896,16.417908,14.546442,1.002851,14.578686,11.386532,0.689547,12.516564,12.329221,3.719486,7.676827,12.159754,9.706073,-1.095009,10.485295,7.950766,7.025845,11.129774,-15.523958,10.596847,12.000709,4.693983,9.034441,10.498414,8.722062,2.878955,7.740077,8.636942,-0.649028,0.817596,3.448734,2.207577,-14.396769,7.669964,8.245199,-8.507680,6.863937,11.093446,7.586799,3.263355,9.434857,11.455067,10.222252,-1.757202,10.714575,13.814612,13.487493,8.012223,12.789162,15.094246,10.122079,7.239717,12.665949,10.378828,2.087652,10.241430,-9.018675,6.351842,9.771222,10.056081,10.013866,5.295274,10.897790,12.519888,5.762184,5.091693,11.656954,6.415107,-9.765166,1.414227,1.610940,2.413162,7.098371,-2.210793,-3.211583,6.576811,3.556806,-1.437616,-1.065428,3.452070,1.206141,-0.704922,5.555979,6.791559,6.599126,11.917372,8.346220,3.575232,12.614864,9.237301,-4.448861,10.583599,8.327684,4.833325,6.991731,-3.774096,8.406179,10.931061,5.273818,5.902687,10.088868,10.686447,-0.999614,3.677215,10.574329,-1.561362,6.958045,-0.300272,1.174679,9.213469,4.809640,3.097722,2.121904,3.307182,-1.513894,-5.432042,-0.284389,-10.360487,2.664505,8.223189,3.922600,6.399233,9.794528,7.622131,4.739514,5.913022,1.073738,3.697452,9.561878,3.177324,2.264433,9.593299,7.977991,-1.439908,6.981496,8.197336,-4.253982,-8.827541,-2.106550,-0.164676,6.668669,8.919039,1.704259,7.405531,13.074017,6.695399,3.387794,13.688554,11.251888,-2.217326,11.129179,13.064062,7.163073,13.157106,15.086458,7.544031,11.904667,15.477624,7.916645,6.493800,13.958748,9.619521,-0.878295,11.571751,10.390187,6.357080,15.208590,14.095417,7.355061,14.275436,14.629587,5.766998,10.607442,12.199699,2.575880,4.086756,11.546524,6.675866,-6.686844,14.883814,13.905755,3.197350,12.284864,15.456639,9.262211,9.596437,13.566683,10.252636,10.117542,10.463142,8.860094,11.802816,13.128557,8.125408,10.708145,12.497206,2.793410,6.901262,11.869028,8.358258,-0.580499,9.079502,12.046986,4.751430,9.281007,13.471326,10.372429,8.090742,10.355484,9.886548,5.800575,5.219818,9.168457,8.489200,5.723174,-0.163502,10.411798,11.804277,5.725068,9.008120,11.949420,9.986082,-3.210342,7.050490,10.006179,9.971350,4.579343,4.443851,9.725968,9.826011,2.854018,4.052068,10.860587,5.741996,-7.195889,4.130458,0.151835,3.079742,-1.883097,1.180707,7.638276,0.269441,6.672073,10.886350,6.845837,4.932487,9.670382,7.467772,-1.766784,-1.980330,3.017237,8.724705,4.544894,-9.657433,4.742251,7.951709,5.554990,-1.298998,4.867248,4.258233,6.857112,6.134364,6.525217,9.061119,11.628353,10.868320,9.860882,8.527492,8.760739,11.019020,10.712147,4.813121,7.329266,12.041567,10.470226,3.420930,6.349311,12.020037,8.745079,3.473931,0.926448,5.969592,11.828046,10.995468,6.852310,11.559564,13.207918,8.627417,10.644802,13.562628,7.858472,8.917603,15.024729,12.754208,9.588654,16.214756,17.303774,13.695881,14.343725,16.011568,14.302868,14.055438,13.347170,12.363028,13.931975,14.732653,8.195481,12.884491,17.272087,11.633204,10.297945,16.960915,14.781279,8.261395,17.334249,17.902786,12.392628,17.482990,18.630226,13.626059,18.185036,20.100039,12.015564,16.918736,21.563709,14.118834,14.602271,22.792673,19.376575,12.284933,22.297325,22.082752,12.567525,21.542120,23.483355,14.270761,20.165216,23.963383,15.131039,18.649429,24.886917,18.646315,14.641862,24.652929,22.633677,12.018845,23.477539,24.312538,15.629732,21.662251,24.016842,16.719868,20.943232,24.346254,16.723043,18.743511,24.343513,19.170561,15.558273,23.417189,20.840857,13.756124,21.148130,20.506489,12.492256,19.408895,20.418827,10.850361,16.191994,18.951557,9.327963,11.567217,16.797003,8.407265,6.827236,14.677231,10.662956,-1.619047,14.064875,13.242229,-4.883749,8.707464,10.054455,-5.951847,3.606498,7.257788,0.229596,-0.887725,11.401112,6.082749,-8.023649,11.926365,7.116497,-5.880834,4.907165
[0;32mI (3700) ANALISIS_ESPECTRO: Frame exportado | t=3.05 s | pico=93.8 Hz | 43.2 dB[0m
SPECTRUM_FRAME,4.073419,93.750000,42.265991,hann,512,13.968838,21.377117,38.774601,47.505051,44.022812,27.641998,42.265991,40.803303,25.061756,34.064606,35.525490,25.133343,33.792252,37.221416,28.715601,30.209713,35.225643,29.057453,16.348999,20.124142,11.015423,20.651819,30.949413,29.762344,14.643392,32.839993,33.276527,19.241955,29.930492,32.425903,23.876600,26.455078,32.011894,26.782627,21.610069,30.514584,27.776337,4.313241,23.275040,23.918486,13.285075,25.666576,27.000324,10.734856,28.401709,31.211130,21.885740,25.211622,30.162796,24.438377,14.264668,23.058815,20.130980,10.656052,9.530478,3.884142,9.674743,20.020302,19.511078,-1.675886,18.815477,20.563166,11.074432,14.979657,19.386486,13.032328,11.364427,19.688393,15.807713,8.346714,20.866930,19.617874,5.298597,20.370506,21.077038,11.790049,15.989429,18.738966,13.437033,0.225653,10.567924,7.997089,6.615018,13.487347,11.191631,6.206918,17.164513,15.841850,-8.895213,17.728254,17.137348,-5.760514,16.027679,18.092838,7.998207,12.194167,17.659258,13.863499,8.766899,18.150785,15.310575,8.479947,19.694382,16.579029,6.166916,18.693100,17.292500,7.296028,13.583458,14.388696,9.826055,-0.893248,10.688974,10.691672,1.277152,14.199867,12.849092,-0.133716,14.599128,13.616398,-2.369318,11.450964,12.702902,3.503232,6.198047,11.998079,7.998226,4.989022,10.099752,9.808910,8.238889,7.349706,5.280812,8.880346,10.400991,2.818220,3.447813,11.769385,12.228115,4.148355,8.665485,13.025566,10.277822,-10.245885,7.287926,6.044802,3.060271,2.035267,4.417180,2.658715,10.130649,13.444711,7.322761,8.876658,13.602347,10.227331,4.004113,10.505114,4.237961,6.902112,13.484153,9.290030,6.122349,14.722157,14.005804,4.016127,11.481039,11.951461,1.462898,3.051555,-0.608524,2.046252,2.042657,2.038842,10.515615,6.835854,2.390547,11.297962,9.134392,-2.446460,7.149226,6.644977,5.272582,2.852752,-7.940880,5.486197,5.013719,2.273290,0.964073,4.016921,4.395635,0.484387,-0.932565,3.430724,1.992243,-8.185993,-0.013919,3.757646,-4.120513,-4.609482,3.830450,-4.859143,2.748362,5.646299,-3.776719,7.183295,8.045491,7.637572,7.258645,4.908869,10.911923,9.406869,-4.474841,9.533350,11.794804,11.037634,8.114208,9.290415,13.950420,11.061984,-12.521351,10.728468,11.012890,7.189816,-4.853693,8.219143,8.775780,7.217798,9.183970,6.466084,4.897019,9.234823,6.256077,-3.969025,2.707148,7.192317,7.051477,6.068742,8.740280,6.865659,7.769443,8.997797,5.731640,3.018704,7.816569,7.119258,-0.205880,8.351505,9.734804,-2.457773,7.844042,11.335001,9.896253,2.622680,10.331829,14.871050,8.317731,7.358739,15.774068,11.996021,0.958119,14.390112,13.078178,0.689932,12.043512,13.790217,6.949198,12.760614,15.133811,7.035236,13.126973,16.712458,10.192361,9.554504,17.297335,14.199617,8.754627,16.479424,15.023351,11.001160,16.356838,13.912526,8.257126,15.832935,14.823184,-0.055633,13.510698,15.810470,4.890571,11.030046,15.177734,5.385052,7.184225,14.508373,10.292777,-21.044312,13.396841,14.548149,7.838564,14.046549,16.051231,10.015525,15.153566,16.972799,9.473130,13.142939,17.232471,12.185781,7.621847,14.715666,12.879657,5.826732,9.429851,7.126637,0.176398,6.751543,8.846625,6.026009,8.703020,13.811173,12.733553,12.051613,13.872204,12.782085,12.082282,12.221494,7.879213,6.914311,9.970106,8.882060,3.162638,9.774747,11.265998,5.449314,9.734967,11.565095,2.195037,2.910110,10.464170,10.127836,4.190426,7.974537,11.768779,10.772507,12.107939,8.635892,8.757991,14.241148,12.312922,3.415154,12.437023,14.932033,10.992725,5.055166,13.732826,12.031496,-7.958755,10.569524,7.234528,4.701159,8.918617,-0.576414,7.490054,6.791343,0.030194,4.643518,0.182356,-0.953546,-1.899359,-2.824128,5.829553,6.182662,6.525201,5.905725,10.209333,8.237350,-3.759772,9.188435,6.682398,-1.308816,5.846193,1.408232,3.063291,7.492828,-2.188921,-3.592488,6.279277,6.355474,-0.021835,4.886182,6.975451,5.349724,10.819420,11.433953,1.154950,11.724623,14.536008,7.196448,6.315988,13.144871,11.042342,-7.592793,4.114473,7.488575,3.992281,4.050777,2.411978,-1.689463,6.887371,11.815709,7.294590,-0.461187,14.321779,13.717103,0.141817,14.416494,15.823699,6.965361,13.031364,15.305180,7.824519,10.144020,12.406940,4.310890,8.062467,12.695210,4.597601,6.810382,15.089263,12.127804,2.336848,15.007326,14.950321,-7.227291,12.346000,15.895690,4.491215,8.454288,17.382782,10.417887,8.651156,18.911394,13.393080,7.918639,19.536440,17.552671,7.987877,18.003527,21.316521,14.555437,15.152398,23.134388,17.538176,16.096371,23.582676,17.536001,15.444345,23.940987,19.273315,7.314648,23.689108,23.000490,8.095771,22.577663,24.571278,13.721584,21.230179,24.250824,12.791947,18.708538,23.869808,16.113121,12.822428,23.599966,20.331335,4.882439,22.620201,21.169731,3.373492,20.583122,20.631893,5.343829,17.116379,21.040043,14.086243,12.800209,20.489841,15.305847,11.137742,18.012495,10.832941,8.303218,14.497528,15.034266,10.561728,10.638264,18.365835,14.357043,9.092732,16.099571,12.460232,10.823301,10.426121,-4.655367,9.514041,13.182957,13.298316,6.741653,13.565765,16.285736,8.536836,10.954579
[0;32mI (4730) ANALISIS_ESPECTRO: Frame exportado | t=4.07 s | pico=93.8 Hz | 42.3 dB[0m
SPECTRUM_FRAME,5.095790,93.750000,43.073051,hann,512,25.835556,21.317226,39.692921,48.160248,44.786144,28.604568,43.073051,41.568066,22.964190,35.080822,35.797977,23.057476,33.481628,36.880829,28.187450,28.714102,34.210384,28.224575,5.263924,11.324601,10.966331,21.829226,32.766632,31.562431,9.809200,33.558556,34.216183,19.758026,30.018595,32.684151,23.319845,27.302567,32.142166,25.462711,23.523767,30.770618,26.136570,10.628775,24.071991,22.840691,8.504694,27.485996,29.214630,16.052563,29.586584,32.506989,23.398979,26.356886,30.795231,23.820580,17.865923,22.566833,15.221655,5.508124,13.073446,16.752798,1.019846,20.392035,21.795860,7.107897,18.698540,20.173466,8.840223,15.529467,17.213247,14.264915,15.130147,15.787984,15.298410,15.024613,17.379986,15.931704,8.935336,17.125538,18.055532,7.246175,12.832694,15.197139,10.156063,12.587823,9.951934,3.183352,10.553161,16.769753,15.171290,2.738488,18.431381,17.745861,11.501483,18.500256,16.416693,9.103927,16.153681,14.823879,-2.980907,4.926085,11.543997,9.591215,12.419960,15.452330,6.601489,15.455456,19.440071,12.756126,11.002580,18.674917,16.775166,-5.766116,14.154614,15.950869,8.341003,13.963876,15.257487,4.136295,15.469608,16.901001,3.837232,13.132412,15.791782,10.363426,7.882144,9.583584,8.929779,5.044047,-7.425945,-0.815288,-0.179080,5.228538,5.319874,0.147629,3.911364,8.427611,7.518085,-2.760896,7.622949,8.549267,-4.198431,7.821524,5.283860,5.331110,10.060404,-3.055005,9.926509,10.410066,4.028795,12.363540,7.386698,8.295509,13.614398,8.363358,11.003676,12.729856,12.475634,12.958693,7.014418,12.589932,12.224396,-0.365637,8.125837,8.767008,10.598640,0.684950,10.563227,13.698019,0.945754,13.004480,13.317177,-5.618711,11.732599,6.725329,5.635707,8.641615,5.495989,9.022858,10.911747,14.914162,10.485110,12.705656,17.274405,11.076082,12.133969,16.506882,8.986363,10.539669,12.855223,3.971906,8.146058,3.089223,3.702309,4.216528,3.658449,7.344648,2.637186,10.190577,10.040091,5.176216,10.724754,10.422859,4.002074,8.951971,6.908745,3.703622,9.218073,-1.420153,11.054200,12.282488,-3.975169,13.932259,14.085728,-4.817667,13.015242,12.712273,5.722504,9.468455,5.804839,6.483982,9.244065,4.288782,-1.764948,9.381157,7.946124,-5.402107,7.400951,3.599733,-1.470894,7.637646,6.751026,7.459657,4.628534,10.205868,11.655446,1.448511,6.344433,9.859196,8.306931,6.008127,0.000504,7.019691,13.140934,11.648914,-8.721734,14.540896,15.111680,2.699153,12.560217,14.137726,2.212667,8.029278,8.810692,3.788488,5.128104,-4.855292,9.516233,7.976972,4.284147,10.786760,8.063960,5.269576,10.291264,8.446629,3.370540,11.115847,11.833046,8.327456,13.472916,12.572513,10.300724,15.144648,11.295998,6.049147,14.503338,10.738053,3.649611,9.629709,9.485952,9.781908,-12.842607,9.949755,10.621744,4.950075,13.963757,13.342045,1.524201,15.645686,15.922934,-3.137645,14.796963,15.876850,5.095878,12.457703,14.474047,7.293845,9.282812,14.183304,11.377883,5.626175,14.983786,12.992349,5.749195,15.980309,13.275442,3.987814,15.961739,14.562933,7.475757,12.975983,14.440719,11.717783,1.580194,10.995138,10.338197,4.258670,9.123894,3.225648,7.367975,12.488660,9.391728,3.494877,12.269581,11.885654,4.888296,8.408681,11.257780,6.606995,6.941504,12.621465,8.833972,7.365727,14.510326,11.734320,2.518526,13.798700,11.684998,-5.746930,9.399925,7.712815,-0.535493,0.219271,2.698678,-0.524978,1.441686,6.159326,2.764343,0.309237,6.951809,5.626700,-2.569968,8.408258,8.750681,0.223331,10.493830,11.219211,3.256307,9.641035,10.619886,4.910734,7.057596,5.995665,-0.163003,8.023575,8.845950,0.660793,6.131922,11.829844,9.685205,-15.672018,9.304749,10.783915,4.852317,7.982892,8.632835,4.052767,12.112894,10.813229,-3.718648,10.872942,11.213024,9.872876,7.682154,1.147000,12.005795,11.681618,9.220037,12.154237,11.188830,14.097833,14.094896,5.892644,11.762534,13.560564,7.722358,-2.722437,5.661836,5.367720,3.625011,4.299953,3.500198,-2.563351,10.017612,12.104973,7.125010,5.739370,13.068819,12.764062,-10.923156,10.932227,13.068073,-1.541992,10.345686,11.798831,-0.446469,7.959937,10.469518,7.620025,-2.623432,7.310304,9.444268,0.122537,9.586294,11.601645,-3.915556,11.629120,13.823439,2.657154,10.250005,14.263762,2.308165,9.972897,14.600850,8.339523,9.914298,15.392693,16.038824,10.111279,14.532199,19.153927,12.777940,12.486132,19.789375,13.190432,11.521128,18.846439,13.057947,8.007079,18.454872,17.227295,-4.814754,19.987535,21.595432,8.219442,20.526886,23.884256,14.629478,18.525780,24.095577,18.222044,14.227303,23.536484,20.232401,11.947506,23.851852,22.214087,8.885920,23.812584,23.842962,5.675153,22.235241,24.436996,13.970373,19.699589,24.616291,17.893936,16.751238,24.336319,20.136511,11.817980,22.634785,20.531582,8.002476,20.245876,19.426367,5.159574,19.313396,19.811714,3.086611,17.133018,20.548315,14.470209,9.508537,19.054668,16.841990,-1.261877,16.315657,15.089912,3.495135,14.178450,11.424609,3.911331,9.239840,11.805801,12.129009,-10.110657,14.456891,15.241903,2.908828,14.961691,15.532070,4.567048,11.658502,12.409054,3.524676,2.689907
[0;32mI (5750) ANALISIS_ESPECTRO: Frame exportado | t=5.10 s | pico=93.8 Hz | 43.1 dB[0m
SPECTRUM_FRAME,6.118141,93.750000,41.245384,hann,512,26.948677,23.893612,37.808506,46.348385,43.059849,26.247242,41.245384,39.939190,18.746378,33.586330,34.083591,19.130186,32.900249,35.516209,26.102514,28.712605,33.487621,27.305325,11.589630,16.529026,12.371016,19.725603,30.378969,28.903584,14.080187,31.811722,32.404488,19.345427,28.196613,31.331758,22.832649,25.157738,31.008186,25.078419,21.708166,30.288507,26.774252,10.763555,23.733509,23.004063,17.129471,23.227753,22.806337,13.374578,27.442110,29.511703,19.072699,24.698872,29.403000,23.456356,15.082746,24.346388,21.909742,9.500963,13.653446,13.678638,9.378906,17.458370,18.338337,8.430604,11.196568,17.482557,13.777427,-3.420448,13.605679,14.324059,4.647078,13.459778,13.278159,8.008524,17.691671,15.393892,7.228984,20.699570,19.940416,-0.713233,18.591036,20.829809,12.156211,6.928670,15.104074,8.627951,5.668113,13.753686,9.692665,2.790234,18.584553,18.555485,9.168846,17.585157,20.176256,15.691080,15.298272,16.045059,12.095943,15.924089,16.069988,1.713585,13.008520,19.009239,15.637680,4.514005,18.534746,17.915569,12.035906,16.933971,15.754361,10.072160,16.020441,14.153559,1.586378,13.515415,12.260789,0.764286,6.895430,3.219560,7.146971,5.387280,12.305121,13.940010,6.395083,14.430489,16.178680,6.394486,10.756256,14.162148,6.423539,4.533512,9.186834,4.768705,0.800744,-3.043946,3.325701,1.224455,6.650072,6.309240,-11.138468,8.122986,7.454244,-3.033014,7.524500,9.474474,7.689654,-5.046363,5.812297,9.562297,8.127042,0.492346,7.857898,11.084748,8.998542,5.879227,10.926712,12.269517,8.828566,6.204667,7.194153,6.312880,4.731297,1.916555,0.022170,2.569367,7.021411,11.513948,7.600058,4.745923,14.748465,14.547297,8.884307,11.097033,14.209861,12.248075,7.264009,5.742558,10.948934,11.348437,4.673944,2.768556,11.090388,10.669790,1.224699,7.552071,8.654118,-5.897310,10.545398,13.724566,8.456740,6.031787,14.217060,13.223173,3.144313,13.217301,14.486834,6.857083,6.416353,11.073651,1.744593,-0.187524,2.727079,2.373973,-4.828222,3.709831,8.156472,-2.125137,10.739458,13.017046,7.373241,6.326546,13.031105,8.051741,-14.188181,8.879763,8.901184,6.337654,3.148161,3.164398,7.613976,13.114635,9.910241,-7.098016,12.316636,12.833057,-1.235476,8.128012,11.844772,6.790364,-10.208210,4.969389,2.906663,2.225504,9.117350,8.348948,0.320758,10.627554,11.420632,4.344904,12.613342,12.924477,-0.369615,11.642547,12.385752,-1.757609,9.552429,12.093088,11.033721,4.912517,9.237734,13.183340,5.675683,10.786930,15.053926,8.629312,11.130563,15.263174,8.957601,9.707378,14.377151,9.773869,2.975800,10.693526,5.333839,4.747853,12.047060,12.211311,-0.123036,12.882111,16.171608,7.989834,12.670907,18.131342,13.224422,10.335122,18.154934,13.365858,9.400583,18.252028,16.123178,-2.145363,16.280005,16.848125,2.159062,13.791633,17.438972,10.555473,11.525463,17.589256,12.932573,9.183453,18.014406,15.461824,1.183762,15.644316,13.420320,6.489029,15.280560,13.871830,2.780261,15.786825,17.157814,10.938779,13.361620,18.392895,16.169016,4.747670,13.927747,14.552252,7.702295,11.527625,11.951337,5.087541,15.042843,13.822693,-14.463602,14.726088,16.282187,7.681997,7.701576,13.180264,5.976314,7.933907,11.984894,3.795035,8.149002,12.707810,8.199802,8.018655,12.596653,13.390237,9.792573,7.323126,13.449823,9.754428,3.285410,14.119607,11.804129,-0.068819,11.476411,8.505849,7.756159,11.649905,7.714994,6.677327,12.260468,4.835051,6.455632,12.644775,9.813769,4.631954,6.155172,9.503930,3.051762,1.480360,10.703697,7.231350,5.369525,9.016981,2.623462,8.337450,10.414751,-1.385966,3.887628,6.960345,-3.042356,2.923405,5.608569,2.849005,-5.366960,1.696743,-4.950750,4.723098,5.262499,7.669976,7.762749,1.439749,10.901915,9.656412,-1.061174,11.995007,10.671267,-5.345070,8.370644,2.837712,3.768120,8.532661,8.230909,3.472584,6.032827,10.471331,6.445653,4.297682,11.708932,8.724975,-0.919355,10.484862,5.525712,4.720028,12.375723,10.368757,-3.653181,12.043818,10.387974,1.074787,11.994915,12.123243,4.952909,7.297809,12.102657,9.689289,3.519644,11.224880,10.378122,-11.353841,10.118261,9.250258,5.687515,11.573707,13.417561,10.442907,9.070047,16.877884,14.868155,3.232306,16.352295,15.698355,-3.976850,13.898521,14.882324,2.709233,10.120869,12.769814,7.519995,12.696634,15.768330,7.626379,14.176895,17.926189,10.170899,15.213681,20.307842,15.020909,12.399758,20.594301,17.203409,7.844213,21.196730,20.702129,3.257962,19.886446,21.723444,11.340045,19.219553,23.423592,16.303288,17.809109,23.979717,18.719658,16.202314,24.643543,21.800209,9.109591,23.773651,22.554295,-8.267360,23.084091,24.186752,12.334338,20.492184,24.328598,17.459341,17.486597,24.149532,19.833393,15.576202,23.159687,18.937754,15.278461,23.314369,20.717079,3.596208,20.777781,21.174002,9.387256,17.169567,21.241116,15.615045,15.662859,20.611658,15.453825,16.243137,21.266846,16.916439,11.420162,18.497656,15.734273,7.784521,15.903655,15.049148,-2.466985,11.199960,14.657982,9.627254,5.654406,15.180606,15.517621,10.466352,11.812857,12.978803,13.000542,14.060205,6.964214,5.575240,8.587092
[0;32mI (6770) ANALISIS_ESPECTRO: Frame exportado | t=6.12 s | pico=93.8 Hz | 41.2 dB[0m
SPECTRUM_FRAME,7.140502,93.750000,40.434586,hann,512,21.357666,27.557165,37.295033,45.572357,42.465813,25.990456,40.434586,39.146004,21.558628,32.143253,33.097900,20.851862,31.596256,34.616787,27.058821,26.853474,32.758842,27.631767,11.907154,11.992941,11.596846,22.502655,29.382851,27.530935,18.431660,31.633400,30.945700,19.157696,29.309128,30.712816,21.981693,27.259018,31.210007,25.791533,24.604006,30.520580,26.325052,18.453096,24.685114,18.480251,13.722778,17.843790,21.255562,7.502180,25.598162,28.262791,20.808064,25.319960,28.128239,22.692125,20.614319,25.498348,19.029543,12.895016,20.461746,16.871124,7.829951,14.365759,14.631056,4.604826,-2.128780,6.574851,5.627215,8.368986,10.175553,4.987256,12.559962,12.324728,4.760410,13.403878,20.759769,19.038567,12.532888,23.588858,23.227783,15.869298,21.589176,22.678291,16.284540,16.715353,14.260221,7.552342,13.792553,15.368992,11.969931,14.529389,20.527843,15.590000,14.064468,20.710524,13.890245,9.727161,17.823292,13.859448,3.491018,12.809325,15.146774,14.190817,12.466692,13.677583,11.275330,14.866809,15.468092,4.630689,11.749094,17.660816,14.795891,5.599703,16.576653,16.126858,7.632481,14.329224,12.645196,5.554832,9.347672,9.680248,1.877512,1.934234,10.583597,10.034394,4.769896,10.123157,12.448359,10.429022,11.398266,11.437111,10.105947,12.147408,12.245861,8.612432,12.017431,10.510836,5.760547,12.248717,9.301343,-1.510567,4.349283,8.713686,4.352507,9.044691,-4.740483,9.106914,11.314921,9.028392,9.949844,13.276649,13.165345,6.900289,8.256549,12.721504,6.751671,-7.035665,5.233803,6.876317,1.257349,4.937568,9.552792,6.348933,10.483341,12.094458,-0.691152,8.658560,11.716981,2.666207,9.451508,6.758780,-4.306863,6.595407,0.227533,4.668954,3.510315,3.717720,3.353676,-20.131083,3.626734,5.632851,3.442600,6.861255,-1.022552,3.927040,6.129307,-3.156546,10.118750,9.450110,6.860078,9.505229,10.664334,10.241023,10.580535,9.851986,8.687352,7.462934,0.020361,8.451321,6.904879,8.196268,-9.900698,8.246411,10.229030,5.605498,2.565397,10.532575,4.158669,-3.869652,4.287251,-1.602524,1.041181,7.173168,11.683062,-3.386939,10.480106,13.313263,8.458452,8.662718,13.799886,8.784103,2.511492,7.605336,7.081574,3.607440,-20.456125,-1.868075,4.359239,4.499609,6.640001,4.918066,7.387173,12.923163,9.045572,5.264860,11.724896,11.607828,-4.126936,11.275062,7.764213,5.391817,0.352724,0.171765,3.590145,6.170309,5.120466,5.696112,9.599652,7.533526,-1.107847,11.038706,13.054966,2.376618,12.582164,13.424948,7.777119,9.450322,14.640903,9.996627,-1.686550,7.791618,7.735435,6.088202,9.949648,4.845311,11.163392,16.268156,12.621700,3.902818,16.745260,16.317707,-0.910298,15.812382,13.075106,1.639546,14.823409,15.046978,6.874322,15.165010,17.475391,12.820710,10.053168,16.878304,15.629535,-6.763625,12.430138,11.989398,1.857920,13.749527,15.247469,-14.801075,17.001829,18.355373,7.873199,15.106874,19.614918,14.338678,12.724467,18.753944,15.782128,4.062733,18.600080,17.465679,-12.947954,16.984453,17.300798,5.264625,12.976801,16.416367,8.648939,10.926088,14.724874,10.581589,8.365881,16.286983,12.499391,3.982184,14.435694,13.388730,3.086281,8.475159,13.393397,5.467894,11.480794,11.391953,3.379950,11.864758,14.592886,8.415558,9.215611,14.202396,12.033922,-4.700289,12.529840,13.473225,4.015921,13.207084,11.116828,-0.905299,12.628016,12.480025,4.767799,9.155985,10.345592,7.625129,0.299644,8.825903,9.857637,-5.537070,7.524613,7.575161,0.313499,5.396171,10.212392,5.691912,6.002731,9.754177,7.500056,4.441333,13.545896,7.691195,9.119955,13.281744,10.199180,0.304502,12.344940,11.736080,-22.809000,9.286325,10.323923,3.575197,5.692345,10.686672,3.966643,3.529736,7.550784,7.499771,-0.083406,7.262046,4.627431,3.199545,10.113762,8.270464,-3.326705,10.485545,12.264801,5.283368,1.084578,10.182599,9.304623,-6.489837,6.129169,4.273695,7.892284,9.880589,8.296513,2.841071,12.433992,11.288519,2.407833,11.540183,9.499737,-7.314435,9.786974,12.719588,8.485830,4.810035,13.654778,13.120918,-6.873172,13.803549,13.394440,-2.737144,11.931605,10.711760,1.529017,11.224046,14.528873,9.598542,7.486951,14.522010,13.401504,4.121431,13.716646,12.877895,-1.935556,9.682003,9.854473,5.790763,8.833054,15.083858,10.023555,9.098389,15.584582,15.268541,7.560934,16.527859,17.365606,6.405287,13.979765,17.669661,10.751128,14.671101,20.065195,10.931058,15.260078,20.778786,17.727024,10.846524,21.915020,20.363197,-0.185357,21.022972,21.404610,1.799022,21.564392,23.109606,9.942373,20.544493,24.141722,19.028128,17.254364,24.995806,21.884560,10.790496,23.935741,23.246078,-4.226713,23.918550,24.143553,5.803152,22.670341,25.160160,16.487825,21.218288,26.031502,19.146191,18.455067,25.120871,21.583302,14.018585,24.103748,21.912750,6.752261,20.630587,21.337826,8.779137,17.869595,19.510218,2.561994,15.982881,18.511192,14.096354,15.400268,20.473938,18.492142,12.136888,18.419828,19.521172,10.638919,15.065849,15.989285,2.464516,8.026814,9.916851,-3.905371,12.434767,14.644028,10.535480,13.451149,13.281040,12.535987,13.644442,10.102781,10.027765,10.675570,6.764939
[0;32mI (7790) ANALISIS_ESPECTRO: Frame exportado | t=7.14 s | pico=93.8 Hz | 40.4 dB[0m
SPECTRUM_FRAME,8.162864,93.750000,42.008518,hann,512,15.580178,14.948709,37.668259,46.338844,42.728424,30.651901,42.008518,40.829929,24.834669,34.976624,35.731819,23.119473,29.753654,33.026947,24.568069,25.124363,30.452198,24.601471,12.210434,21.744446,20.353296,8.273222,26.906290,25.476904,7.453689,27.058847,28.885738,17.407784,23.461655,27.621166,18.560917,23.748610,28.929079,20.671709,21.727579,29.603550,25.025036,14.540271,25.753271,23.929312,9.351703,14.125308,-0.690054,14.030385,23.896610,24.095209,13.609776,24.070778,27.910969,19.652044,21.408979,28.161053,22.241468,11.868525,23.583244,20.200104,8.752732,14.137859,18.327309,11.872011,13.881211,20.073582,13.066002,13.756483,18.927090,11.052648,2.038095,17.155842,16.319336,13.641190,21.981853,22.027739,17.118271,24.274761,24.896923,16.606661,22.173031,23.177856,9.926666,12.415777,16.289402,6.948753,4.013435,14.848002,14.493594,12.997952,19.864622,17.887268,12.817032,20.024029,18.519281,1.721730,13.489435,15.474833,3.767388,0.242545,7.867963,10.061047,-1.400591,5.213871,0.888027,0.208230,13.732452,12.889195,3.752599,10.664452,14.553411,8.362438,5.849802,12.867221,9.511173,5.370506,14.862290,11.984989,3.531780,13.774962,10.290531,0.826806,-1.263569,2.393869,6.809001,7.334451,4.528585,9.253235,12.344531,15.735856,12.538296,14.823860,18.064913,11.924325,10.467365,14.562621,10.948732,1.215426,8.784031,11.431746,6.007385,9.405595,13.344488,10.441608,13.866830,13.755562,8.409695,12.166079,11.006465,6.745524,10.427498,11.693020,8.448547,7.017426,12.467844,10.256079,3.409645,6.867018,-3.937243,7.749733,-3.155316,2.657867,8.978683,-4.121277,7.545640,10.987586,-7.862718,11.163118,11.999168,1.892545,2.351719,-3.336360,4.881768,-13.582792,2.068617,7.717156,3.551999,6.373398,3.454886,5.603601,8.309893,6.531570,5.561553,3.639010,3.858007,8.155412,10.661932,5.018277,9.348434,13.196066,13.255268,8.463066,12.490505,13.046196,4.718091,-2.298357,3.322701,2.952126,5.430230,4.857665,-6.625061,8.930632,10.497107,9.295177,6.813695,11.824432,10.400942,3.612573,1.810021,4.866976,5.065547,-4.855937,4.574743,5.552740,-2.827060,-7.096284,-9.253897,-2.035710,1.973813,-0.620683,4.478955,-6.305264,-3.957067,1.088190,3.305892,4.554540,-4.444285,-1.431093,-2.065509,3.716967,0.090380,7.783176,7.654181,0.961396,4.791443,-11.315516,-0.581348,7.050806,9.630801,4.397509,4.024628,8.417789,9.306370,-0.435937,11.629869,8.616186,1.985859,10.824162,7.817326,5.119424,14.406765,16.689430,11.165367,13.894639,17.337475,14.451670,9.709652,17.838633,14.631213,3.285960,15.198515,12.299643,0.237145,15.205626,15.955547,-0.157633,15.924648,15.514950,2.174721,15.586238,16.415764,8.178169,14.411257,16.158333,12.821313,8.179642,16.782375,16.184792,1.878597,14.652622,14.198385,-3.604327,12.178459,13.429321,-3.985201,15.641817,15.739621,10.566081,16.274330,19.734585,15.764769,14.548339,19.309536,16.215561,5.323545,16.287262,16.283710,0.829395,15.471380,15.945028,7.756461,14.722289,18.576303,13.050396,13.499966,18.197067,15.137916,7.431340,16.860889,15.143703,8.018703,16.793896,11.634501,2.964039,15.854954,13.344846,5.181160,16.064089,15.600996,8.885240,15.601233,18.658831,14.150293,15.328114,18.523632,14.895559,6.131769,15.161456,13.206758,3.307416,13.535416,9.087767,4.730186,15.344297,16.471636,9.754040,15.657916,17.678492,11.542482,9.145882,17.168274,11.308828,9.625186,15.190016,7.678818,8.088865,14.113047,12.197457,8.172413,14.886179,12.309899,4.883826,13.552356,14.629005,7.146986,13.816319,14.519453,6.760149,6.214662,13.737354,8.934188,2.791238,12.192588,6.288425,0.763646,9.481606,9.116762,1.372693,12.508699,9.343445,-4.865813,11.939483,13.969576,5.315459,12.357516,15.201662,7.717715,4.305982,12.434772,11.044816,-3.359183,11.597548,10.088443,-1.297160,6.888238,7.757411,-4.680297,9.734889,11.164718,2.130510,4.386773,9.931774,0.855724,8.524411,10.571896,0.468598,7.213438,13.473799,14.699655,9.172470,14.465649,16.141205,12.281514,5.528770,14.991722,12.765614,5.490703,12.378227,5.707846,11.268748,15.761784,12.473530,8.930693,16.731016,15.185061,1.917927,14.776463,16.969574,9.474777,11.862699,14.960136,6.515629,12.641448,17.927635,11.183877,11.968237,17.469458,13.355065,7.159424,18.453600,17.737846,2.264194,16.945469,16.544447,4.022084,16.554106,19.861115,11.891352,12.532982,18.307993,13.085033,11.803975,20.896137,17.516201,9.189300,21.279909,18.376877,6.621951,23.012650,22.569237,6.833234,20.510906,22.045620,11.392846,19.472279,24.039188,16.054937,17.589298,24.315929,19.226057,16.440056,25.840130,23.401213,8.007213,24.130928,23.276632,2.632937,24.001106,25.274572,9.978684,22.865181,25.776178,17.590719,22.350943,27.144434,22.422234,17.797405,25.347052,22.472923,9.075551,24.217453,23.357708,4.138616,21.463373,21.354315,0.719090,21.885498,22.321274,6.064547,20.093939,20.171944,13.317800,17.863892,20.891357,16.905312,12.635538,17.289915,14.457088,10.033532,16.143185,15.232749,6.585443,10.381367,5.395113,2.981088,2.036886,11.079598,4.678588,-2.285568,7.219004,4.620740,5.745402,12.570815,10.372427,1.823555,6.717670
[0;32mI (8820) ANALISIS_ESPECTRO: Frame exportado | t=8.16 s | pico=93.8 Hz | 42.0 dB[0m
SPECTRUM_FRAME,9.185234,93.750000,39.053123,hann,512,16.930590,13.572138,36.005959,44.620750,40.909138,29.240650,39.053123,37.687653,21.025246,30.549831,31.626654,20.873585,31.260424,34.409088,26.026260,27.217869,32.932693,27.044628,13.151231,17.090652,13.521395,16.318729,27.505093,25.853903,20.623470,30.110687,30.268913,21.111279,28.087967,30.660614,21.344870,25.798361,31.256296,24.637306,23.253853,30.161057,26.161100,19.228189,24.052425,21.375835,14.108957,21.690434,20.939667,9.858643,25.536076,28.613779,19.470648,24.027071,28.652794,21.643890,18.593372,24.746552,17.743576,4.238335,13.740970,3.117573,9.289701,10.106006,12.848772,13.650680,9.428108,9.111712,10.484237,9.402919,7.564974,4.127216,-5.996188,15.868750,14.015804,6.805149,18.191734,19.650215,12.893886,18.606840,21.043882,12.146779,15.682261,19.468302,7.303425,8.744936,12.733896,2.779256,-7.860852,16.369024,15.609926,9.892057,17.948605,16.777275,10.049466,17.238632,14.426571,2.514371,13.529252,12.668922,-3.173447,8.017576,14.075265,8.033106,9.014484,13.341556,-3.052847,-0.839882,16.066467,10.619190,10.361252,16.273144,17.162563,11.734764,12.635637,16.583914,12.121376,10.873384,9.106307,2.554728,9.777219,9.377550,3.138810,2.627758,14.165316,7.432470,-1.096906,11.030393,9.207173,1.123033,4.814837,3.383715,5.383247,-5.118864,-1.239488,5.071304,1.992358,4.069568,-5.536373,4.983258,2.322653,3.407379,5.309527,1.321908,7.348722,10.551839,8.911088,9.881414,10.606153,13.253812,13.484493,14.977178,14.755183,11.894711,13.002590,14.669204,11.624929,7.604563,7.969033,4.820312,3.909044,1.443578,6.747471,6.299191,3.164480,8.740235,2.696097,-3.967022,8.779183,5.040569,-1.440683,4.859795,10.206904,1.087371,-0.321538,9.802420,5.093231,0.596077,1.979125,-15.014168,3.866520,0.392380,0.139924,9.783581,13.282381,10.684244,6.721379,12.815649,14.918402,8.694927,10.757213,11.915272,5.183046,5.370015,7.964435,0.037335,0.245529,3.670978,-0.988079,5.544840,1.155986,11.112508,2.023066,-6.311375,9.020924,7.170120,1.359073,7.670395,3.154323,2.568112,-17.773020,-0.506213,-5.346322,6.718975,5.684226,7.522482,8.566875,7.263763,10.326982,12.733507,8.895831,9.081474,10.302977,8.437603,7.179008,9.116486,0.304814,1.919363,5.440606,5.035048,4.782364,3.107932,8.429468,10.563001,6.310285,7.808853,7.176793,3.435152,10.615459,10.308100,6.647756,10.023376,8.711342,3.298102,7.695810,6.378870,-7.661054,4.651365,1.992589,6.318023,11.170029,12.794372,13.176847,15.262442,14.881176,13.391122,12.165224,13.339066,13.219422,6.895471,9.233586,2.883945,-21.133280,9.194809,11.279607,8.706073,11.533501,12.598535,8.248943,6.419782,12.426910,11.053561,10.070199,15.563250,12.669935,9.755794,16.688351,18.167425,14.050381,16.693031,18.364262,14.711563,11.634541,17.855347,15.158552,10.050044,15.588184,13.227520,6.200688,16.849531,14.937803,7.989681,17.234537,15.875296,8.887146,13.992834,17.300873,13.628561,8.135054,13.164926,14.301958,2.473988,13.805947,15.159425,4.835427,14.628753,15.716496,10.243843,11.820869,17.067169,13.073021,3.350386,12.134432,13.263128,-7.058368,11.867174,10.206376,3.007653,11.984525,13.058084,-0.975523,10.839024,16.036133,7.856903,12.538725,13.387089,11.408274,11.383191,16.247900,14.226843,8.749012,15.794750,16.226614,10.174467,14.325550,17.253897,9.276957,5.357580,14.438181,11.428175,-3.467549,11.950531,8.841943,6.447392,8.152512,9.861712,-2.575845,11.982874,7.435200,2.837589,10.797817,8.278638,-1.954968,10.431091,14.672860,8.898043,11.286930,14.154697,12.409447,8.877916,14.159369,12.325926,-4.348580,5.144052,9.390443,-12.166935,5.968431,3.385168,4.743786,10.542446,7.946714,6.528606,8.615232,12.292608,8.992043,1.370261,6.792972,10.356630,-1.451641,12.103317,10.587017,-10.043362,12.323711,12.356448,4.576986,9.943553,12.194868,2.250709,0.137371,7.331078,-3.317228,5.898216,5.065920,6.169596,6.502403,9.959966,11.083751,7.852536,10.788330,15.326795,7.958826,2.738166,13.664215,12.599197,-1.584105,10.282652,8.140013,5.303322,4.241762,3.813221,4.073635,10.555334,10.138561,8.176361,11.865081,12.077331,9.795839,13.043221,15.962733,13.387300,11.378241,14.559602,16.022074,13.162174,12.267317,14.740927,9.992602,-2.493045,10.716475,8.562907,9.174965,17.873308,11.439246,12.597715,18.560856,17.128998,10.689257,17.879276,17.184566,3.022672,13.070480,16.266148,6.203011,15.701188,20.104315,12.998023,16.134022,20.943905,17.780466,13.279713,22.243898,20.074625,6.750704,20.755844,21.890713,7.686924,19.989630,22.821884,9.967236,18.211168,22.319832,15.578241,17.647036,24.357746,19.504660,16.128075,24.506912,22.519915,12.506656,24.466518,23.907051,10.001225,22.556486,24.734737,14.354269,21.449436,26.050831,18.009165,19.093456,25.205215,21.355183,16.849377,24.396492,22.255993,13.137607,21.538332,22.603739,14.404554,17.967773,21.523008,10.596525,10.267214,18.195856,8.071602,13.654241,18.851320,9.958468,13.276883,17.604898,13.097043,7.429342,14.902611,7.053696,9.034800,7.561586,9.046160,12.318319,13.486889,16.513779,15.641198,12.706545,14.678488,13.648258,10.296611,12.624651,11.621127,2.231697,1.008045
[0;32mI (9840) ANALISIS_ESPECTRO: Frame exportado | t=9.19 s | pico=93.8 Hz | 39.1 dB[0m
SPECTRUM_FRAME,10.207588,93.750000,39.940834,hann,512,17.011526,6.895069,36.149742,44.903870,40.948975,29.912674,39.940834,38.530739,23.757156,32.043053,32.964703,21.206543,30.666525,33.496155,26.033783,26.825638,31.566410,25.848494,11.900802,15.620107,12.945391,9.565417,25.644224,23.597992,14.127273,27.627897,28.617378,18.174696,25.799824,28.788824,20.176908,25.332024,30.234287,22.526434,22.500206,30.351521,25.148687,16.772501,26.479990,24.317730,-0.047962,9.510668,6.103344,11.245913,23.648647,25.677517,17.358349,22.932264,27.704250,20.699059,21.079123,27.948452,23.705429,16.656555,22.751892,20.305058,11.842342,15.118836,12.569599,7.808387,16.948498,16.297934,5.364307,14.482031,18.538162,13.262281,7.817145,16.200865,13.236153,10.969800,21.242884,17.355764,9.185361,24.190456,23.820761,13.961629,22.743687,25.638550,18.498339,14.921129,19.889292,15.710447,6.366191,12.334291,6.013045,5.489704,19.728329,13.188883,10.616720,21.523422,20.450352,13.488865,15.640961,14.882341,8.062979,-6.162898,6.859237,12.779636,7.416950,13.081818,9.241699,7.855381,17.396976,15.600561,6.110405,15.372586,13.294104,5.554720,13.097414,15.564866,13.014956,9.683248,16.095413,10.057451,10.630863,18.011492,16.630913,9.015388,9.162142,9.038624,2.601631,4.944069,4.391547,2.233494,9.535744,11.211329,9.158674,15.541872,17.706881,16.178839,13.127309,9.095392,10.268137,10.240079,3.699538,7.904733,5.761600,10.403341,11.080940,9.170091,16.818869,19.561306,18.001698,15.635473,16.283892,16.888699,14.718029,12.493925,13.866726,14.973749,15.786936,10.938059,8.790483,14.944774,14.599104,11.750729,9.185990,12.327723,13.294149,10.204459,9.624495,11.959067,13.477264,13.759081,9.425792,7.752630,12.049088,9.764692,9.693254,8.311124,9.092567,9.471732,7.449192,9.613942,13.781281,12.181114,10.661892,13.975945,4.615247,3.921626,14.746799,15.360478,12.560453,14.868782,14.189117,8.969591,1.969654,8.672544,12.387205,6.949262,8.218287,-0.933241,11.640496,13.502120,13.126907,11.913095,14.420225,13.289718,5.899581,8.696972,10.283478,12.158701,8.648008,7.060308,11.607014,13.321943,10.144261,8.441741,12.634496,12.466967,8.925821,8.986257,14.462950,15.037856,13.503546,13.007204,13.486833,10.283525,5.866977,2.199209,-3.966930,7.884495,7.632632,-1.544810,5.275887,9.948311,13.468427,13.580737,12.866736,14.009313,12.792242,6.962225,0.761689,5.479555,-11.331711,-0.438434,4.382015,9.339647,6.929356,9.694592,6.781042,8.495889,9.014418,7.111313,5.862523,10.820318,5.907158,10.935546,16.431965,10.020134,3.409495,16.714748,18.401817,13.607437,16.462648,18.819609,13.504987,2.746163,12.342025,2.975629,10.797863,15.667871,7.809915,3.816038,16.220840,15.939217,12.977275,17.036669,17.508751,10.896214,11.333514,13.074486,1.678265,15.883932,17.831900,8.110161,12.011158,18.512913,15.582400,14.950486,19.439827,16.867334,6.959156,15.811808,15.442315,13.179618,17.771837,19.194454,15.362772,15.223178,17.822906,17.562458,16.886662,18.246868,17.687576,12.458887,15.174540,12.251157,9.128814,17.834627,17.628965,10.751548,15.447892,18.091280,15.060515,17.355005,19.699766,17.188408,13.416054,15.620205,12.883497,10.761418,15.820068,15.045656,7.672021,11.527930,10.292406,8.445388,15.245478,15.913172,8.331516,10.724121,12.945400,8.566742,13.887582,15.371980,11.120897,7.336587,11.388933,3.026389,10.950109,13.450923,10.473520,-1.102702,3.896726,-0.008915,11.566475,13.557271,9.363662,2.023526,10.777427,7.479031,8.203306,13.637706,12.517444,-4.475230,1.628392,3.842047,10.245792,14.505090,12.258154,9.891969,8.836505,10.168681,9.066345,10.896933,13.147703,13.436941,8.826895,6.881886,7.298218,1.194610,7.341221,7.452932,9.028831,3.566135,-3.293739,0.713384,9.974420,10.513136,8.867656,5.559268,8.170359,8.329488,1.502874,13.384888,13.751903,9.377006,4.546538,9.800724,4.573716,11.523037,11.331175,11.581757,10.540697,8.126375,4.824114,2.862316,2.513245,7.805780,6.046167,-6.058025,2.080538,9.438589,13.918467,12.740693,10.684271,7.952361,9.157282,-1.284792,11.643112,7.590461,3.930285,11.629267,6.756611,8.788209,18.588064,17.290640,11.506311,14.943309,14.596185,3.530216,14.686790,16.028885,11.310464,13.835813,14.466838,10.583765,12.613135,15.307561,11.741419,8.540229,7.125730,1.193456,7.791849,17.203039,16.470440,11.799645,14.324257,13.969868,11.067191,18.100473,19.226383,12.357115,14.265821,18.215511,10.481747,15.595971,22.519035,19.613693,13.501500,19.175505,17.862209,11.753421,21.756626,22.513737,13.348932,19.385832,21.983990,12.688095,21.021706,25.456200,18.163063,17.748646,24.852974,16.440487,17.246069,26.903786,23.168968,15.109165,24.917072,23.188879,13.411879,25.474506,26.184328,15.633159,22.476490,25.307251,12.771827,20.133446,26.636311,19.513840,14.464703,23.468845,17.723976,10.623551,23.775663,22.043358,6.652093,20.113750,20.682333,-1.087850,20.035255,23.666306,14.317727,15.971889,21.264038,12.383701,13.022760,22.097443,18.494436,6.895483,13.925314,13.804462,4.538172,12.596790,13.923618,6.528832,6.791160,11.086628,-5.373768,8.966679,17.612072,15.162977,-10.607170,7.016444,10.050931,0.000389,13.938655,15.631261,9.153032,6.883187
[0;32mI (10860) ANALISIS_ESPECTRO: Frame exportado | t=10.21 s | pico=93.8 Hz | 39.9 dB[0m
SPECTRUM_FRAME,11.229952,93.750000,46.221622,hann,512,22.699301,15.149655,41.765160,50.403023,46.579132,36.885902,46.221622,44.998650,32.692261,39.106304,40.302410,28.396521,31.685286,35.213676,25.826927,26.792059,32.071121,25.643866,24.448061,31.645906,26.856441,22.701740,33.088474,30.788729,18.067083,29.440184,30.428316,14.917626,22.360813,26.149614,16.780354,27.579521,32.416084,26.043621,26.577127,33.331158,29.395115,22.805574,28.507528,26.567524,16.319103,22.260296,22.827406,15.367453,28.075369,30.916050,22.855499,27.539925,32.356846,26.437801,24.689926,30.411730,26.360931,18.338856,22.891865,20.961914,6.365540,10.043250,6.575744,2.186832,19.734486,21.725483,13.520992,17.194874,20.829363,13.394567,11.340731,14.284759,9.980587,18.561541,25.713245,21.993420,17.705881,27.423212,26.739893,16.765530,23.820541,25.116644,13.781517,5.094111,10.644943,12.056417,17.256432,20.607988,16.995872,17.154514,23.084948,20.676094,14.094268,18.495304,15.967637,9.405438,6.731196,12.385866,13.802444,17.033245,19.745222,13.342402,14.192627,19.198257,13.146467,4.497481,11.528958,-1.580447,7.882190,13.725885,13.387141,11.382017,16.999840,16.279552,6.646304,14.603868,17.612226,9.114293,9.401021,14.458906,4.966362,-3.681365,10.501917,7.223710,2.532461,13.646995,8.754029,5.197456,14.709663,15.993290,9.255398,14.419950,16.305773,7.206151,7.822826,9.059707,4.477070,1.822603,-2.794230,6.779571,1.228315,10.184483,14.056093,7.801465,11.563622,13.670685,9.956873,5.586174,5.020003,9.505836,4.626385,4.467553,0.876363,4.274946,8.594489,8.799532,-4.930978,1.295620,5.680683,-3.168951,4.670500,6.671620,2.891443,2.801595,12.592010,3.499165,-8.515061,14.745152,14.291313,1.552203,8.731283,12.979241,6.605887,10.880621,13.686874,12.680202,12.487827,13.425455,11.296563,12.514001,16.477055,14.688272,12.504545,14.064342,12.625408,7.080295,12.444317,15.308820,10.695837,12.174911,15.314548,12.492032,11.632938,16.905731,15.721691,9.833965,11.369360,11.936424,-0.805214,3.661017,12.791555,8.494634,11.170589,12.155539,11.723358,14.134997,15.010454,12.047305,8.073205,8.771152,4.793427,6.286936,10.701916,10.978373,10.323773,13.056078,11.240955,11.290268,15.730106,14.475614,9.912228,11.786289,10.608648,7.895480,5.157995,9.960192,10.445486,0.876691,6.120181,3.092016,4.076721,13.271022,10.291972,3.683081,11.090579,10.650865,6.441432,10.118855,13.553176,4.197354,3.983392,8.295388,-9.208291,9.675617,11.722841,7.133862,7.539508,9.278365,7.498249,5.922281,8.588254,10.828209,2.867282,6.577888,3.982030,11.009946,13.985844,4.959991,7.458845,12.126429,8.033448,9.465846,12.335905,12.336693,8.642066,13.064032,9.857992,9.476456,15.817066,14.628501,12.821342,13.207217,14.809000,9.083561,12.465640,17.777634,12.016018,9.870835,17.273926,12.853803,10.812338,17.011787,16.293861,11.933611,15.492412,14.714270,9.860142,17.926899,18.768583,11.459478,16.556738,20.370026,12.433080,15.926603,21.441658,17.067642,12.986016,19.421341,16.161533,9.442002,17.854218,16.851206,9.060615,14.622824,15.123013,5.228348,14.212259,17.213913,10.062613,9.015466,16.103546,8.839588,10.520487,17.045977,13.847795,8.162375,16.337215,13.403664,8.627145,16.872156,16.135452,9.534861,12.706964,15.013433,8.071774,11.882345,16.522842,12.942343,7.626085,14.415669,10.771387,1.663980,12.561039,12.627392,1.513056,8.427825,11.474694,4.825996,12.767334,15.982161,12.224585,9.004133,13.762867,11.376334,2.866536,8.309989,11.424417,3.178814,4.710457,3.916347,-2.960032,12.019925,14.546309,7.108371,7.620428,13.644697,9.934599,-1.043591,10.145515,13.054253,-2.202542,3.654791,9.213352,6.496993,12.272958,13.979631,11.686397,10.647850,12.327084,9.032833,6.845174,12.007654,8.701203,6.401068,8.422603,-2.298345,-0.284583,8.415775,10.994058,0.723631,4.306052,8.114021,1.675883,-0.368116,6.374010,8.904922,4.915052,7.079782,7.420444,6.235418,11.183648,13.433268,12.753889,9.203813,11.285314,10.851117,-5.227462,9.110812,6.146610,-8.661081,9.892564,6.652291,5.345377,13.991323,13.578568,9.980973,12.517303,9.540323,4.930478,12.310125,14.987427,8.993761,12.350268,16.892359,11.957841,12.333652,18.519199,15.591163,12.624012,15.281353,14.846853,1.219034,13.239386,18.304134,8.030412,12.654004,18.256971,10.394556,13.042046,20.850815,14.096096,7.442518,19.700748,17.999863,2.848992,18.977093,20.582705,8.781547,17.109192,20.626194,10.212321,17.288368,23.464010,15.042662,12.561014,23.420883,20.003555,12.715425,23.256466,21.730621,9.347796,21.859797,23.433022,10.611420,21.737528,26.169291,16.565508,20.133276,27.201595,21.842228,20.545485,28.187355,23.728615,17.201441,27.873823,25.791832,15.573666,26.896442,27.583813,15.558767,24.071835,27.967737,19.463051,22.593582,28.243837,21.125029,18.393139,27.409115,23.242407,15.744615,26.332838,24.732122,13.674328,23.633362,24.470083,15.060987,21.654427,23.805595,13.171206,15.061476,21.440218,11.232002,10.117548,20.173000,13.573708,7.203656,18.149239,14.388465,8.849762,17.480257,14.356576,-10.608101,9.324704,14.738459,11.974737,8.043978,14.136182,12.004704,6.955379,12.213601,10.138444,10.300627,11.613864,-4.761485,8.880643,5.466305
[0;32mI (11890) ANALISIS_ESPECTRO: Frame exportado | t=11.23 s | pico=93.8 Hz | 46.2 dB[0m
SPECTRUM_FRAME,12.252313,93.750000,47.850319,hann,512,22.298096,16.079824,42.763844,51.746483,47.810341,37.702282,47.850319,46.425102,32.910774,40.783306,42.178116,29.896549,32.169052,36.356903,27.432247,28.641596,33.807610,28.205601,28.707064,35.307602,30.466673,25.349720,35.038147,32.992580,21.447914,30.690575,31.266825,16.060789,22.240059,25.497465,13.011521,27.017723,32.437138,25.890160,26.115177,33.191532,28.855009,21.493494,28.563156,26.942024,18.966339,25.115473,24.422169,17.425993,28.743162,31.244772,23.126333,27.888031,31.967993,24.980827,24.618128,30.010296,25.197624,17.773199,21.871403,19.059521,11.154024,6.713930,11.489950,8.971002,17.348040,19.404219,9.973351,14.510964,18.288746,14.943913,4.346327,16.751690,1.815127,8.507168,24.167891,20.117037,14.577644,25.885962,25.007092,11.706275,21.937405,24.446865,14.085879,12.037882,13.845427,8.394919,11.065984,16.878639,13.162153,12.896199,20.278721,18.556866,6.476150,13.986854,17.364578,12.376925,9.787617,9.643756,-10.173383,10.947404,16.357849,12.571470,12.651785,16.397884,14.056087,1.683852,7.029797,9.788717,11.450720,16.662296,15.656340,-2.550066,15.836487,19.449537,12.632923,15.664735,19.775703,13.569870,4.505244,12.970985,11.740759,8.026690,14.035792,11.325827,8.893247,15.341509,16.990568,15.153872,18.451941,19.969891,15.456180,12.525326,16.526194,14.405735,9.371250,9.474882,-0.250791,3.551273,9.290442,7.746921,9.608718,16.259764,12.379651,-6.202912,5.404029,3.229489,0.116959,9.921485,15.284695,11.317015,12.415401,16.357922,7.587569,12.090561,19.094620,10.902920,10.818629,11.469551,4.937300,11.486544,16.737690,13.843884,12.092299,16.837875,15.136632,9.883594,18.026310,18.437815,-3.511622,9.043788,14.338484,3.745271,-10.154121,5.305808,5.278404,6.475475,9.653555,7.592434,6.607109,15.518883,13.607718,-3.542828,3.494522,10.366000,6.583337,5.032413,9.098626,12.739315,7.602868,12.785904,12.517995,9.952732,17.213186,16.227079,12.788776,8.293046,10.273328,9.409710,12.726576,9.327283,7.640303,8.424639,12.665857,11.321927,11.203084,17.759636,16.759342,11.994592,11.912071,12.955666,11.886062,15.394887,16.678623,11.741952,10.863867,14.918633,10.804601,13.061341,16.605471,10.719635,7.995582,6.118040,4.513975,8.126331,13.729212,8.369457,3.480367,11.202974,10.437751,6.246698,12.438722,16.118498,14.691723,3.576666,7.871487,10.404500,10.202612,11.065482,11.402428,8.657927,8.709603,5.710690,9.499128,14.540894,13.281881,-1.786723,10.978107,5.454068,-0.039287,8.083112,3.578036,10.484589,11.492006,10.112862,12.789013,4.706170,14.671820,18.216461,10.487623,5.436858,14.283688,11.533522,8.542431,12.547211,9.385958,-10.485168,10.875114,13.426152,9.682499,17.230381,18.585011,9.105006,11.928757,16.682732,12.797186,14.001894,18.795019,14.887619,6.986494,18.155214,19.024847,14.585123,20.462414,21.595592,13.718204,17.197048,21.139874,17.277660,19.357616,22.283836,15.910423,15.066792,21.016399,18.279282,15.819348,20.517365,18.260744,10.355930,16.170652,18.045958,15.277715,18.599716,19.647877,11.161545,13.428731,18.833220,13.350104,13.589127,19.814188,15.403831,8.657022,17.343525,17.767925,15.089840,19.323662,19.158865,12.754456,15.127110,17.840237,14.102957,15.629318,16.648891,6.207624,2.700152,12.471889,10.041809,8.545498,15.219550,14.260492,7.400374,13.858852,16.029356,12.691666,17.681391,17.661177,5.005271,12.721947,16.736925,10.446296,8.084890,13.683978,9.781559,1.923776,10.975590,13.829192,14.444601,17.555586,15.010362,10.170731,16.690836,16.870901,13.070816,17.681837,18.094542,6.618276,12.478411,18.296520,14.656828,13.039682,17.451302,13.283805,8.885728,15.287071,14.292251,13.380983,18.001822,14.338007,-4.613638,15.606468,17.224516,10.057899,15.700312,17.316479,8.303541,9.685173,15.914968,10.925122,11.605303,13.785830,7.281420,-2.419295,8.030454,8.354066,8.801812,11.526164,5.451769,2.407211,5.762496,7.956253,4.815105,10.680815,14.351433,11.272077,1.818263,11.868597,9.555631,7.755592,12.011477,2.079178,7.058982,4.306260,8.902712,8.052549,11.591257,10.767259,5.196304,8.772533,13.872654,12.182800,12.128374,11.586819,9.013148,12.152404,8.424282,2.093255,6.994372,12.623676,10.717924,5.803490,13.113422,17.142984,7.973180,15.195294,18.618137,3.478190,7.253923,17.782082,10.122895,-8.367812,15.364594,4.774220,9.130500,12.966145,12.969813,6.314254,18.205151,19.696888,12.273598,16.769718,22.613304,15.862513,18.777498,24.819607,17.382401,10.689508,23.470203,19.637651,7.320152,23.337662,20.830055,9.317987,21.869560,23.790726,12.712147,24.141678,27.225840,16.744564,21.927259,28.165514,20.449337,20.106365,28.855936,23.169781,12.183074,27.176197,25.555124,14.767141,26.970600,26.964428,11.458603,24.072439,27.356503,14.423487,21.840868,28.173077,17.498814,16.281412,27.488918,22.080608,16.899906,27.367355,23.139858,5.391212,23.173317,23.199612,1.539231,17.152630,22.889908,13.128739,15.204009,21.480747,15.990927,18.156479,22.150223,15.469560,9.510669,18.116039,15.171345,4.639785,17.169125,14.698934,9.840778,12.650308,12.143125,5.910850,14.238948,14.770756,12.589043,13.388919,11.081779,10.565578,14.016544,14.895114,11.648206,10.556874,6.478811
[0;32mI (12910) ANALISIS_ESPECTRO: Frame exportado | t=12.25 s | pico=93.8 Hz | 47.9 dB[0m
SPECTRUM_FRAME,13.274673,93.750000,63.338398,hann,512,38.250381,32.024757,58.679482,67.440422,63.723316,53.280846,63.338398,62.220554,48.997536,55.719147,57.455284,46.086205,46.665329,51.226326,42.863235,45.672142,51.704861,45.231186,42.280533,50.670391,46.788704,35.625484,44.989925,43.768257,29.953005,33.838173,35.291180,24.809734,36.692062,40.139984,30.211617,34.559361,40.488533,33.100521,25.708284,34.037010,27.554070,15.461754,29.197887,26.966116,19.534613,33.806305,33.483425,21.069256,33.984440,35.984257,25.479147,29.327129,34.009171,25.635406,19.838211,28.872383,24.275131,16.981707,25.920498,25.812477,19.335470,23.144161,24.355953,17.386242,6.054112,11.467715,-2.111514,19.239048,25.031109,16.847763,20.982285,27.943670,21.812340,12.455234,24.428146,21.245291,-5.499485,19.437881,16.305391,3.973042,20.889286,22.274384,11.180739,11.325136,18.610189,16.934502,22.553253,26.577339,22.005405,22.409342,28.444618,25.348692,17.958229,23.689070,22.387512,12.026911,16.331863,17.181427,16.820408,25.062616,27.081772,20.205843,22.211948,25.369101,20.214535,15.388639,19.022266,17.919209,11.501809,21.886726,19.459988,4.232543,22.795128,20.124037,5.716889,17.350800,19.390522,11.118677,4.396687,14.320169,13.301044,14.517376,15.552348,6.848456,15.786507,23.009083,16.457499,6.545871,20.031301,18.718327,1.567028,11.770718,14.420240,9.315979,15.890087,15.684966,3.120888,18.435980,22.257574,15.959789,14.589355,19.329552,17.136053,15.392000,13.836891,16.576887,14.603829,14.320084,18.122919,16.356321,10.850848,19.127678,11.692581,6.823323,17.056383,12.542644,-1.698334,12.895859,14.886432,2.067446,9.269573,5.244984,6.877666,14.271936,14.191571,9.565880,14.293084,15.217170,11.076150,16.233566,15.733658,3.038525,9.696983,-0.480064,3.428995,-0.719972,13.154396,7.501989,-1.455053,15.063314,11.274749,2.249036,15.404430,15.688657,5.805490,-6.397858,8.056200,8.963263,12.479602,14.192459,6.026648,11.539750,13.456520,7.727864,14.155201,14.894011,7.737028,9.977297,12.787558,12.430059,10.483006,4.985165,10.250561,11.029547,13.439354,10.444977,7.908720,17.511875,16.660021,7.720008,15.553614,14.580408,12.839030,12.827029,6.532240,1.245454,11.154402,12.496458,13.062266,12.956672,16.426598,17.037514,13.171111,11.389256,10.557034,14.767450,13.134233,11.597095,6.280972,7.780755,9.640800,11.551497,9.566465,12.999504,14.988246,7.850883,7.470472,13.148442,13.366367,9.882699,7.694457,11.428389,15.219717,10.592107,6.784365,10.202426,-5.788509,4.656553,10.996655,11.371871,14.202390,15.958792,15.875415,13.237210,15.578818,19.475073,14.532179,6.370255,13.415903,10.332094,12.986503,10.095834,12.782175,17.066980,15.228206,13.289351,12.846874,16.076048,17.094475,13.190605,7.401595,12.249026,11.134041,6.138866,13.970863,14.510411,14.281647,13.589440,14.263371,12.938018,17.941549,18.871334,16.927326,14.248087,17.648300,16.859238,14.122795,19.532236,17.956036,11.014097,15.379764,13.615057,7.364637,16.464264,17.173374,14.922195,12.173180,15.865105,14.749608,14.528633,17.584110,15.019488,4.721213,9.911246,10.792389,-2.737767,10.732275,14.528563,9.337428,7.954447,14.055480,7.581217,14.017145,14.620111,14.621205,-0.401352,6.893347,14.114480,7.049876,12.605484,14.691653,10.923568,10.301709,6.394541,8.054275,14.465461,8.407172,2.528782,5.656280,-5.059473,3.570545,-0.084274,9.284528,9.086701,-4.294104,4.589134,3.713232,-1.006682,6.868768,9.246662,10.739594,5.982643,-0.385029,7.378456,8.737835,9.706403,1.622821,8.998288,1.988712,-1.936617,11.938332,6.679191,8.257090,12.762938,11.127229,9.765833,7.423077,3.396738,11.734011,11.770977,9.887462,12.384607,7.282278,11.407845,16.024513,5.368450,10.894270,16.762325,12.508912,14.428282,16.632801,7.790572,15.362748,18.259733,13.853380,11.611047,14.818631,11.928397,5.946527,12.729979,12.282477,8.606673,7.616665,11.073599,9.735970,9.699915,12.254621,13.318442,14.457631,13.803560,6.949019,12.262894,16.349812,11.901548,9.998590,16.010941,12.425259,2.763492,14.289350,14.282574,-0.541551,-2.632886,4.479943,5.202591,4.607510,10.447596,-0.754656,-1.681721,11.211089,3.411353,9.265175,12.998919,8.059675,-1.488871,4.089518,4.750771,12.723032,13.103214,4.381716,15.711287,15.754222,-0.094738,17.316893,19.618267,13.138537,5.686790,13.834301,13.345436,8.224514,15.510695,18.682198,16.443312,19.867832,19.937551,11.770606,20.798416,23.343420,16.532885,15.098299,22.260723,17.624096,14.542305,23.624252,20.626915,15.005379,23.366474,20.953007,11.524179,23.191879,25.506914,20.322731,21.399460,26.469639,21.093473,22.610970,27.960590,22.214315,21.945057,28.137466,21.386608,17.771452,29.270126,26.570284,17.286360,28.395224,28.417850,18.933884,27.775097,30.113342,22.049953,25.956633,30.155020,23.573715,24.904020,30.999084,27.014151,23.971117,29.824821,26.745075,22.071369,28.462120,26.810318,18.984091,24.701946,25.638697,20.221384,23.314766,26.605984,23.371082,22.598049,24.921877,20.987129,19.918930,23.868046,20.433996,14.393633,18.733938,17.633892,14.266614,18.499588,20.048321,17.156076,16.890121,17.698650,13.390574,14.072986,18.246952,15.081676,8.287928,12.856617,8.257524,4.771865,14.163575,14.827930,0.357043,4.312443
[0;32mI (13930) ANALISIS_ESPECTRO: Frame exportado | t=13.27 s | pico=93.8 Hz | 63.3 dB[0m
SPECTRUM_FRAME,14.297042,93.750000,65.330353,hann,512,37.878136,38.671169,60.551231,69.607880,65.870255,53.756042,65.330353,64.006836,49.151649,57.440056,58.624363,46.447983,48.916149,53.192314,43.308922,47.530495,53.847504,47.158298,42.910690,51.408028,47.401752,33.979858,43.291550,41.656933,27.385941,31.974640,33.492435,20.402565,36.379036,40.297379,32.106785,31.205048,38.075851,33.308224,15.840179,31.681446,28.825119,20.718269,25.832275,24.364843,22.397533,36.180603,36.681625,23.214489,36.719612,39.624096,30.042276,29.875278,35.567986,28.783817,23.944355,30.752527,24.509905,20.729645,31.522779,29.624283,10.847349,19.847988,21.928177,16.768974,26.043854,27.237854,5.838995,26.488258,30.471863,20.207443,21.436028,26.205530,18.506350,15.348169,16.450998,18.519436,16.313896,22.485645,24.725719,19.550428,21.419510,25.779819,22.061657,21.998758,26.533951,23.365572,23.719391,29.356432,25.893250,15.022073,24.982004,23.474461,14.997723,12.560638,7.568828,19.628065,24.217937,24.491339,19.549879,22.862450,25.713715,19.609262,17.336739,24.113884,19.598581,10.379877,19.380417,16.774220,8.630866,22.412518,21.956829,14.186323,23.929043,26.194050,19.800980,15.361422,20.863150,19.679697,18.862761,20.489845,18.484531,22.937134,26.959703,24.226130,19.771587,24.204578,23.041752,12.713531,11.361588,13.446436,10.318800,10.772564,5.968657,12.193602,13.149595,10.488849,9.651079,4.256209,9.753910,6.479788,8.795310,10.715700,12.652402,2.234127,9.400972,14.739525,11.172428,15.099922,15.502823,9.327276,14.105777,14.154766,-2.670989,10.475622,13.432825,9.414632,14.330160,12.398531,-5.622065,15.040274,16.922619,11.043024,8.711435,13.758200,11.937681,0.799345,-0.553909,9.619200,9.497472,2.491508,3.630113,9.562016,13.882766,17.810652,10.781584,15.694870,21.165649,18.769152,17.726467,20.943935,19.135286,18.251701,19.583662,14.904812,12.611722,18.535486,19.316784,15.624598,17.145597,20.928194,18.848158,16.867069,19.408758,17.925121,13.871748,15.267368,15.294451,13.553885,15.766405,19.437813,16.374987,9.232594,17.635332,13.340628,5.750463,13.275829,11.150227,3.035881,12.227641,14.610744,2.580011,15.706474,18.183586,0.889519,13.078394,12.643524,5.458293,6.206799,15.066391,12.448016,2.515928,17.361483,16.317501,10.422368,19.468824,18.382486,12.155073,15.635028,14.033465,10.554094,11.548134,8.400353,-5.273268,2.896731,10.329839,12.236774,9.825968,13.409499,16.130198,13.015218,9.524876,14.034437,12.370759,13.984103,15.622492,5.222993,4.372819,12.949221,15.145298,7.817696,14.655209,18.731539,12.995214,12.210920,18.173418,11.132585,16.071074,17.456915,-1.132893,13.027332,15.759439,8.516203,10.696721,17.960670,15.646287,-4.926984,14.200234,16.677628,13.645788,15.664960,15.386850,10.909892,15.508101,17.231941,8.014328,17.100365,20.396954,14.255632,8.601706,17.441404,18.619650,6.447154,15.831841,19.702242,12.394047,13.367195,18.549807,12.267589,17.185238,17.453102,-3.235866,13.363564,12.537122,3.579700,6.214107,15.149721,12.482521,6.299130,18.469206,17.476345,13.118622,21.393353,20.744911,8.328326,15.947441,19.580652,13.362561,5.869579,14.526928,9.253609,7.961020,5.787938,8.169503,7.251926,11.320954,13.074908,12.302235,3.065009,9.949146,6.010939,-7.515088,3.751750,9.076422,9.812526,0.017407,7.697680,9.793403,10.348228,6.011013,9.084684,4.589450,4.990399,8.462608,15.919919,7.914024,8.429571,17.491764,17.247059,3.481086,17.168327,19.629997,7.692999,8.422952,15.316062,10.817444,2.483566,14.865486,12.845551,6.039205,9.669312,12.657448,11.029254,14.290763,13.754000,9.130003,12.669753,15.576478,12.195156,13.444355,17.485073,12.467764,-0.376542,12.989393,11.447268,7.654548,8.013556,2.545795,1.724301,8.499952,6.361063,3.721972,12.371323,13.242989,11.380203,14.903035,10.333310,11.026022,14.474463,8.500166,9.006533,16.347397,10.310000,2.249047,8.525835,10.577121,10.741493,15.568599,13.475623,11.043053,16.099722,12.881507,3.641834,14.826674,15.508250,10.801864,11.266563,12.112213,9.896070,9.273292,13.476948,9.895786,-0.584480,4.190101,-4.107378,10.382949,1.164339,0.123802,11.862122,7.967383,8.891472,14.696769,0.385056,9.859301,16.199081,13.280664,2.310617,12.986679,15.553011,4.531703,10.962506,13.580588,4.439775,16.602184,20.066416,3.665514,14.375217,21.565292,15.290913,11.402525,21.282757,15.479542,8.126942,19.878674,18.686583,-0.886718,21.195457,22.157763,2.715897,18.957081,22.448702,9.874218,18.018162,23.848392,15.071484,11.898987,24.776077,21.913361,16.135294,26.534441,24.882263,15.097752,25.699314,26.389811,15.843849,24.566517,27.794498,17.931023,21.475737,28.282003,22.355698,22.636227,29.793774,24.383410,18.757008,29.684269,27.729853,13.406610,28.662710,29.631025,16.046751,26.053417,29.648769,19.652393,25.815823,30.106733,19.016853,22.795038,29.720543,23.864544,16.963297,28.603470,26.094418,12.616924,25.739897,25.925180,17.778965,25.016937,25.595600,13.602901,21.463947,25.010777,16.893829,15.467102,23.585443,19.231184,6.333205,17.903660,18.630573,12.539190,16.101305,13.197579,5.659632,8.618931,13.568785,8.654104,-1.214824,17.082136,15.339508,9.465903,14.433032,16.163719,5.583793,12.596825,12.167653,-7.782886,-2.517516
[0;32mI (14960) ANALISIS_ESPECTRO: Frame exportado | t=14.30 s | pico=93.8 Hz | 65.3 dB[0m
SPECTRUM_FRAME,15.319397,93.750000,67.217720,hann,512,21.889793,38.530876,62.906174,71.493225,67.977951,55.006897,67.217720,65.812981,49.882530,59.222141,60.073563,48.434914,50.874817,54.893261,45.896263,49.759640,55.290447,48.700222,44.354893,52.053333,47.710243,29.701204,41.618378,39.283581,26.611477,33.979595,34.823235,22.723713,36.011681,38.067978,26.667749,31.933367,35.074341,25.347338,29.215485,33.929104,26.597286,23.036304,32.004379,28.946341,24.280605,39.301144,39.282269,22.535990,39.017773,40.721214,29.508633,31.600058,35.325962,25.790009,26.626873,33.841621,28.563133,21.480017,31.993067,29.174845,6.421130,18.905050,18.307915,8.840620,28.053936,30.050295,21.009735,23.304333,26.900799,21.214565,12.858484,20.305815,18.001051,13.346185,26.034773,22.468113,1.480487,20.541718,19.617531,6.188039,22.395756,23.877846,15.219830,25.062637,27.726385,16.118992,24.255993,27.824747,18.960211,18.970266,22.188732,19.082123,18.702127,15.541030,18.971283,16.039663,19.332247,20.913647,16.162018,26.185017,27.316841,11.365065,21.090918,24.372091,16.909973,10.356014,7.406483,12.615858,16.127157,23.651169,17.910683,15.135773,23.213055,19.595629,-9.197192,4.915807,11.401823,6.261067,14.314783,17.385729,9.450905,18.244450,23.328516,17.454502,15.371523,23.834499,19.433136,7.210155,15.962250,12.137269,12.042056,12.460804,16.359903,13.551456,12.805944,20.751038,13.810741,14.330122,19.015842,10.811487,-0.678757,7.288347,16.265406,15.534053,6.994774,16.661297,16.691711,13.230444,15.609759,18.578659,20.761108,17.281641,5.075011,15.743918,13.788769,12.811274,9.465493,-1.754837,8.507644,12.774111,17.696217,14.019279,16.048294,18.938049,10.956289,4.817586,4.668772,13.751569,8.492962,11.030879,15.860525,11.132689,15.100384,19.376320,17.879433,6.835793,6.992781,13.577610,15.866660,10.478691,13.222865,14.425652,8.096926,5.353527,6.414530,7.147750,3.092978,13.000282,19.193214,17.184248,11.751463,15.558406,13.450745,16.297773,16.324617,8.993996,14.261654,11.071053,9.906427,17.737267,16.884975,13.739223,9.495054,12.642023,-5.369918,15.875417,14.867693,-4.329591,12.266119,9.109978,9.655600,16.425045,13.292651,13.510677,10.720417,7.238530,10.948614,8.430132,16.476547,16.652884,10.213789,13.307619,13.935200,5.096210,13.810087,15.331247,15.769038,14.853603,7.827356,3.722688,2.700255,5.455016,7.000793,3.555274,8.137289,7.830419,7.252364,16.270765,16.358105,11.283507,-0.749887,12.689837,10.145500,12.127159,15.451655,14.206722,10.040787,14.713568,13.489881,8.396318,18.271561,18.283068,13.938455,13.524965,16.387409,4.526653,14.922068,19.921803,15.514530,5.280639,17.747387,12.498343,11.060669,17.612230,11.073412,8.211967,15.678359,14.249453,11.423136,19.429729,20.184195,9.101156,15.741385,21.752184,16.775248,14.886418,20.620766,16.669085,3.205637,18.035973,18.497349,14.519835,19.276266,18.252167,3.566065,15.944043,19.311819,11.427691,15.737214,19.770706,14.676439,3.099373,18.610477,17.539906,10.519669,16.467506,15.073927,1.853948,13.558120,16.206488,6.530215,13.838703,18.454821,15.529717,5.326308,18.245987,14.715013,10.508074,16.494083,12.827472,-0.643365,16.577450,15.247538,4.699825,16.249573,15.927460,5.021727,11.626156,15.144960,8.571877,13.634748,16.338440,10.947392,7.603686,17.093275,10.829020,11.812223,17.694942,15.243233,1.097729,12.491174,11.142782,3.374463,10.762277,12.987698,8.494570,-0.090002,7.841734,6.379833,11.792587,14.731546,9.602373,-0.275388,13.812796,14.151630,9.922403,11.909748,11.724333,2.967213,1.024367,11.576918,10.348620,10.599494,15.012079,14.059093,7.204153,14.989756,14.755936,11.366712,14.958240,15.321084,1.665359,10.943241,13.473652,7.051970,11.080400,15.431511,12.324892,7.347111,15.428084,12.150362,1.784126,3.323236,9.255849,11.122270,2.243815,4.606232,14.323244,17.429394,17.016472,15.944416,14.895605,15.345978,15.732461,15.751743,16.956507,17.250479,13.235884,3.355283,9.302163,11.502266,15.051519,15.604911,9.193620,6.016245,11.038782,4.647658,8.673631,15.578776,13.307796,4.796671,12.066214,5.634662,6.373266,12.878371,13.457088,4.593148,12.165998,11.386584,12.024493,17.155815,17.583035,13.368911,15.265952,15.179338,12.737474,18.531090,20.172804,15.240020,11.850644,15.720959,11.932018,12.144032,15.296111,13.009346,13.171051,14.921341,1.954768,14.534964,21.658857,19.742420,2.357500,18.841942,19.051624,4.212461,18.884943,23.275793,17.673008,18.214460,22.202503,13.759369,17.948738,25.328283,22.652863,15.085753,23.763571,23.189850,17.823027,26.131947,26.766359,21.493488,26.367855,26.218384,14.361113,26.077517,28.790781,20.034065,22.624142,28.291965,22.284378,18.741390,29.276697,26.880074,20.067606,28.175688,26.408789,18.648273,28.642595,28.981812,19.466736,26.825909,28.823055,17.778709,24.291531,30.207359,25.212267,19.908062,28.335112,25.274828,14.365126,27.317425,27.067997,14.700046,21.800697,23.251190,11.464380,18.849333,23.569468,17.477423,16.955811,20.113199,7.298862,17.681034,22.467510,16.353640,9.498700,14.764935,9.220308,3.657170,13.452959,17.265989,12.669638,14.575214,12.904758,-14.973276,11.447439,14.713105,3.100976,5.015801,15.152689,15.320326,8.751994,11.690092,9.640583,4.632870,11.498418
[0;32mI (15980) ANALISIS_ESPECTRO: Frame exportado | t=15.32 s | pico=93.8 Hz | 67.2 dB[0m
SPECTRUM_FRAME,16.341756,93.750000,65.994560,hann,512,46.670475,42.376312,61.463352,70.010788,66.645157,52.117416,65.994560,64.582947,45.431053,58.581459,59.042389,46.899090,49.876221,53.253269,44.176235,48.271679,53.968693,47.775681,43.484898,51.653084,47.856506,30.696632,43.527458,41.615749,28.518656,34.045937,34.848881,19.059807,37.394089,40.026974,30.546732,31.789547,36.927258,31.384487,20.728605,30.093857,26.535099,0.332820,24.257969,26.158583,19.127010,34.678036,35.679996,21.019419,36.004536,38.678474,29.384575,30.084843,34.411652,26.731216,24.526691,31.087032,26.699762,19.294209,31.146618,29.035057,9.909411,22.546635,23.052246,16.681145,25.237316,27.050583,16.480391,24.656248,28.635595,20.662964,21.001678,24.756084,18.021992,21.771318,27.217789,24.433228,15.229118,27.496550,27.651894,18.498932,25.017960,27.675083,22.842396,24.963037,27.503252,21.212465,24.127787,29.686125,26.629087,9.046725,20.528534,21.966400,19.129173,17.931704,12.299319,20.018175,24.678501,24.386099,15.831438,19.018736,25.219048,21.539700,14.673629,22.207186,16.228443,14.389851,16.664612,4.769216,9.765207,15.256145,16.099861,6.695731,18.967398,21.731958,14.854712,5.336680,6.632356,4.815361,17.196316,21.493725,14.586800,20.354738,24.919971,17.596079,15.722939,21.210968,16.838198,1.458344,0.577187,13.799221,13.085516,7.055237,15.454339,16.268700,13.078050,15.493620,13.100562,-6.996062,17.232670,17.059534,12.327328,14.481760,13.620817,5.277705,12.774005,6.626829,9.245693,16.655382,14.694472,-18.648352,10.561867,15.109217,12.120395,8.376604,13.520842,12.303820,7.476478,10.214270,-3.736303,11.824231,14.363528,0.301008,10.992496,14.178530,16.053949,14.121455,11.645620,5.949956,13.475140,17.998560,16.731318,15.720098,20.564842,19.686855,14.267188,19.123926,19.123646,17.086189,13.816654,10.599208,-5.484336,3.807403,9.695389,13.328735,17.176907,17.411160,11.431437,12.967363,12.439889,12.276145,15.365119,3.754677,13.089029,15.318164,1.858815,15.099062,13.065239,8.229226,17.240824,16.647326,13.499231,15.514515,9.486368,11.333755,12.301713,4.914202,16.379663,15.077394,7.492821,7.303658,15.157409,17.282877,7.638793,13.915180,17.376451,17.987318,15.356976,4.147654,14.416220,16.808481,15.471740,8.275284,11.029829,18.532604,17.936373,6.458467,15.288677,18.523947,19.308813,16.142151,8.221891,12.014973,17.187538,15.121455,6.580902,14.667603,16.549299,9.355515,12.754077,16.905500,12.863675,2.513639,14.886626,14.307047,7.204194,15.370035,15.748998,7.917945,7.190681,12.109694,5.955778,6.858582,15.147360,14.035687,13.279061,18.127100,15.245198,7.823664,18.930710,17.918839,2.832522,15.345239,19.583485,15.885201,13.936849,20.461071,19.363195,7.860736,14.182891,13.111650,2.751729,14.895802,11.273020,8.205574,16.428526,13.161125,13.370553,18.335005,17.038115,-3.868987,10.532260,13.804894,4.458651,14.080606,18.220703,14.481229,6.175188,18.012903,15.834889,9.788610,19.964443,20.109720,9.944154,12.449247,16.046173,8.128874,12.964467,18.460978,16.004869,2.445008,16.205929,9.230091,15.177726,20.294662,15.588635,8.156758,17.508663,10.110313,15.379999,18.831909,13.651938,6.397931,10.677998,9.600924,12.333833,13.911342,17.551895,14.044222,7.420083,14.090612,7.318520,16.877188,16.833372,3.218973,12.687163,11.894815,13.070820,16.591095,15.128507,18.051289,17.619795,4.935452,13.119967,10.988403,10.146026,15.468548,12.556793,6.963202,10.959198,-10.142784,14.449396,16.775274,11.978075,3.380261,9.042789,8.113850,8.121851,13.724632,16.510765,13.213063,-2.918102,11.991451,6.938908,13.855945,16.307560,10.931167,10.292401,12.163605,1.857929,15.997286,17.403618,13.266314,0.571678,10.769306,8.620233,12.329910,16.259884,14.431452,7.152092,9.903584,11.696492,4.867198,16.463226,17.688911,12.323026,8.913090,14.615299,11.333664,10.435598,19.224016,19.505814,10.533344,13.857550,17.317368,-1.327835,17.072432,18.723930,11.026563,6.031585,9.175138,-0.251586,11.814103,9.947311,5.299678,4.301672,-4.267780,7.009478,11.934502,11.831113,11.636368,6.857644,4.686638,5.743832,6.439371,11.570659,9.079355,-10.976961,7.503800,-0.177574,7.851349,13.700459,12.824015,14.558582,11.226332,5.287724,6.811019,9.867340,15.163607,11.235855,8.429333,15.574450,9.898359,11.907698,18.847961,15.724520,3.541247,14.610687,13.605984,13.682634,20.434530,18.158590,2.881265,15.395436,16.693563,9.832380,18.439367,21.770161,15.844889,17.828253,22.161037,15.005183,19.470366,25.570335,21.057463,11.539984,24.114723,20.881554,12.990679,26.525240,25.976562,8.438576,25.010944,26.412045,12.018256,24.997952,28.280298,19.451206,22.729786,28.040163,20.408735,23.032558,30.144459,26.939617,12.479987,28.637018,27.845375,14.025379,28.584013,29.565771,18.048191,26.079662,28.691990,19.339338,23.730549,29.357672,25.247059,15.201633,27.279385,25.289419,17.494423,28.115303,27.137207,11.237832,25.434761,25.549681,11.224499,23.082287,25.039330,15.560092,15.984254,21.557943,13.963024,18.204525,24.450165,21.101250,0.254809,20.279865,20.795731,13.046651,16.590479,20.014038,17.877241,16.135834,8.716559,15.600871,19.526779,18.740696,10.310287,11.053507,13.373201,9.039446,10.841580,13.070531,14.028116,14.493191,12.325352
[0;32mI (17000) ANALISIS_ESPECTRO: Frame exportado | t=16.34 s | pico=93.8 Hz | 66.0 dB[0m
SPECTRUM_FRAME,17.364119,93.750000,47.168037,hann,512,32.698776,31.068348,42.429260,50.949329,47.684723,32.420860,47.168037,45.856724,23.509056,40.794643,41.188179,28.035841,34.111485,36.213070,26.628857,29.741737,34.084671,27.927473,25.675060,33.798084,30.214235,22.338789,34.070927,32.541840,-2.004194,30.748276,30.879353,17.232878,21.059484,24.814465,15.888828,25.971451,31.534796,25.165726,25.806309,32.726070,28.582117,17.411716,28.036615,24.888296,-2.440028,18.663967,22.045603,8.733280,27.196257,30.393190,20.191151,26.976124,31.381893,24.808922,21.294662,28.284683,22.740183,9.403533,14.890090,8.042501,8.273053,19.108093,19.523407,12.225274,20.683575,21.976852,13.876369,13.015884,14.983397,2.553477,12.851954,21.032478,16.991098,17.863140,26.635303,24.308765,15.795012,26.699089,25.675066,6.483543,22.677746,22.416174,-3.109937,11.471283,-5.560518,8.818132,11.121748,18.368128,17.276705,9.233114,19.110401,17.904568,3.154774,16.200169,13.783903,10.072526,18.549580,17.212828,8.413066,19.524561,20.369608,11.836190,15.196562,16.942184,9.341509,3.496095,9.683648,3.034845,10.488140,13.051280,14.318805,8.442267,16.651875,17.822674,11.875713,16.930426,19.319168,11.912291,14.325096,17.778749,14.223637,8.230808,10.707026,12.878233,-0.967330,15.711974,14.812293,4.948368,17.775457,16.412983,3.889195,13.783873,11.915358,9.690330,3.066934,13.991461,10.091297,11.054804,19.045084,14.733864,12.532162,18.775103,13.635068,8.052361,14.081420,4.280642,11.497309,5.548263,11.832830,12.764305,11.546513,14.177664,15.280506,12.170147,10.893602,11.802855,7.334678,2.929399,10.268047,7.587725,9.213865,12.444672,6.232432,6.200027,12.264171,8.399933,-2.927872,9.393018,6.673462,8.647604,13.339120,9.333797,10.085426,17.599586,13.154431,8.240192,18.412270,16.496485,4.425872,17.482576,17.099846,1.410161,14.555615,15.935391,3.292610,7.222915,0.977515,-3.346810,-0.470481,8.845645,12.326531,-1.479578,13.074412,15.417292,8.410302,7.405438,12.936429,4.592587,3.410932,3.069272,-7.365232,6.690258,14.329487,11.523264,3.229071,14.841709,12.340538,4.411089,10.696915,3.725294,8.334092,11.334469,11.224405,9.621770,11.430584,16.294497,12.706789,7.541824,14.250242,10.019895,1.718925,10.134916,-3.342271,10.008029,-3.018213,6.765854,9.894348,-1.166705,10.005899,6.303329,1.923190,4.971180,5.717010,7.168736,4.519194,6.821595,10.865780,3.807675,1.356746,8.350029,9.916534,-8.616973,12.220499,12.941082,0.273285,11.929781,14.616512,6.079943,9.704727,8.212398,6.548592,3.335860,4.570074,8.614260,8.315799,16.592361,16.489029,1.820380,17.255840,19.396358,10.939610,14.957385,17.837763,13.284863,7.211847,15.948824,12.377146,8.395302,16.096512,14.685459,-0.363702,15.594722,17.769869,7.698746,14.722476,17.139011,12.796272,13.487226,18.399483,12.235682,12.882637,17.916662,14.766018,4.242460,16.185953,14.766411,-9.461523,12.732313,13.957821,6.578718,11.600685,17.929001,12.741898,11.853213,18.803802,16.814211,11.403422,18.774220,15.533471,11.938416,17.352732,13.538114,4.355887,16.819761,17.209923,4.935320,15.723085,19.599092,13.683368,14.696459,20.430925,15.868093,9.213474,18.000750,17.016491,-3.253435,15.358067,15.147612,8.441669,15.096494,15.468306,5.256394,17.111456,17.167755,2.131208,14.191858,17.219217,13.248416,9.849052,17.029797,12.197223,9.323982,14.363571,11.678176,3.456147,12.041748,6.007361,-0.485749,-1.904324,6.548565,10.537892,12.555569,12.547510,4.151747,15.291862,14.593163,4.895278,12.373096,15.336624,13.292933,2.814363,11.479290,16.482170,10.393582,13.660416,15.375128,8.292562,11.745155,12.887440,2.560274,9.744021,10.769540,7.373257,-12.826101,10.715034,13.648044,-0.146573,14.267218,12.447678,-1.453125,9.649843,13.235893,7.514724,8.163405,12.582060,9.094532,8.199950,11.965474,10.668760,10.998928,12.822666,3.241133,5.737205,9.536860,11.500351,3.708726,12.859320,14.370853,12.417364,10.787178,15.534527,15.228957,13.022680,12.350611,14.906554,11.526428,1.620860,7.193547,10.450544,8.974413,-7.540127,6.016127,6.357769,10.692036,10.806030,11.753693,11.658085,13.824624,13.421642,12.739478,14.310993,13.763676,14.711437,11.851539,7.307401,11.118881,15.419621,10.821062,8.770697,15.961653,15.397514,2.406708,16.041798,18.793013,9.575914,14.105976,18.958153,15.447443,13.391423,20.733416,16.762497,15.039318,20.279310,17.584955,7.408065,20.900707,20.077494,-5.002468,18.942854,21.538696,14.399979,17.430201,23.393978,16.925426,16.946598,23.192015,19.944332,14.534412,24.599894,21.660072,12.137798,24.115250,23.732779,4.977778,23.594273,26.089399,16.135193,21.385386,26.802423,22.080765,19.608864,27.882364,23.582575,18.768871,27.648972,25.613228,11.901323,27.812052,27.330246,4.104069,26.060097,27.787249,17.633982,23.655087,27.805733,19.858326,20.361855,26.293201,22.417442,16.384460,25.856722,22.513107,15.849563,24.065783,21.756474,10.132450,23.231991,22.175283,6.084150,20.594143,21.935596,15.942953,15.761147,21.638662,16.614170,5.785518,15.957770,14.038177,2.449674,9.817164,0.098221,9.908989,10.119352,9.873914,7.101341,13.522143,14.727536,10.711592,11.618806,12.047842,11.934946,7.716156,10.675310,6.773889,2.918338,-4.788309
[0;32mI (18020) ANALISIS_ESPECTRO: Frame exportado | t=17.36 s | pico=93.8 Hz | 47.2 dB[0m
SPECTRUM_FRAME,18.386491,93.750000,66.502113,hann,512,48.440437,44.908260,62.028030,70.595863,67.273933,52.108665,66.502113,65.150719,42.467445,59.151100,59.486931,46.412830,51.560593,53.778755,44.921776,49.595406,54.610542,48.691864,44.251968,52.163662,48.460739,29.638443,44.099125,42.238884,25.007862,32.280754,32.931934,11.125776,36.239716,38.824226,28.761511,31.221638,36.293175,29.712669,24.295326,32.647346,29.100229,21.909557,30.284508,27.966270,24.219196,38.081078,37.899025,19.342876,38.018871,40.062958,29.692041,31.109571,34.908543,27.968487,25.948082,31.811836,26.520891,24.051075,32.339340,28.390635,10.611720,18.259249,9.361479,-5.871120,25.641420,28.971046,18.542765,25.479156,29.246521,19.853291,17.405891,22.036797,12.699659,10.636234,25.347292,24.811708,3.234221,27.562080,27.660408,8.533075,25.518551,26.821993,14.687619,21.718468,24.416876,18.097097,19.690975,26.746531,22.160938,11.897773,22.575542,18.489378,8.288988,9.406635,14.010017,16.154030,18.261354,17.885632,15.590637,23.393185,25.080048,16.595585,21.265495,26.684351,22.482960,13.366554,21.133282,20.166491,16.748787,19.123682,8.177279,14.632391,22.505770,22.301952,-2.037357,16.251341,17.291386,-0.150153,5.021513,10.894672,8.580910,15.964707,22.017570,15.147763,19.500122,23.990726,16.725321,18.153822,21.961880,14.143999,12.859115,15.270260,9.939184,8.867271,18.811577,17.395483,7.597680,21.226128,22.374611,11.247675,16.396387,18.213566,10.837565,4.908092,0.305566,2.788616,4.951183,10.950695,17.180010,14.923599,12.953997,17.405216,18.982122,17.627293,12.342538,12.590734,14.190552,5.274843,2.572395,0.873447,13.348499,11.109821,16.266191,20.285988,15.576663,16.145857,19.471695,9.158020,14.311357,16.068947,11.574625,15.177426,14.595193,18.358213,16.559868,13.762026,18.291309,16.777929,10.954260,12.841710,9.359976,-0.209355,2.225729,0.362830,1.459516,7.984543,10.778438,8.316575,15.759579,18.644604,13.380920,14.845921,18.725760,12.783336,7.502461,14.073982,8.976197,6.925342,11.956038,13.104198,6.390512,10.790339,15.869862,10.002615,-8.977211,0.274452,2.912659,5.505774,12.046708,15.589153,12.788256,10.333501,17.090322,14.698067,5.207310,14.172085,13.938543,8.745504,1.054351,7.919192,6.627430,6.244447,12.047255,14.800713,13.477793,7.668815,14.259245,16.565212,7.538474,14.773456,16.167177,4.508428,14.774509,13.956654,8.513657,14.447236,12.268659,5.550327,3.796928,11.300838,11.062504,6.485350,14.935265,15.627231,0.610354,13.080891,16.362492,11.059245,7.376746,13.213519,13.611084,11.910367,11.821827,-6.713315,11.509418,15.882128,13.975573,-2.543439,15.674666,17.150171,4.947762,15.803635,18.249762,10.041257,14.117418,18.468185,15.330685,11.841057,16.729034,17.345844,8.388787,10.750909,13.635322,8.255275,16.333635,16.302860,-4.136327,17.581604,19.937675,13.489777,14.128218,20.327532,18.957752,-1.950669,17.283243,16.729282,8.338837,18.374722,17.989990,-6.725252,19.255604,20.770054,11.303120,18.729683,22.155588,17.586525,13.247530,20.168831,16.640907,5.858181,18.281191,16.961170,-3.143775,17.080856,17.255995,-4.582989,17.216057,19.760792,13.722525,10.431090,17.677572,15.554224,5.028318,14.149533,16.069344,12.643650,14.141768,9.482290,11.776595,16.872561,12.989182,4.907435,15.220403,12.426750,6.792178,11.928188,13.245053,10.582827,0.097626,10.682384,6.026907,6.960771,14.273071,11.871625,3.421352,13.875826,12.627146,0.308650,12.873336,15.721568,12.528262,4.930954,14.009493,12.860281,0.555743,15.066019,15.615149,4.857590,13.970373,14.231499,-11.166066,13.410522,15.810555,12.279493,11.903706,11.897879,13.161854,12.177084,13.141724,15.889044,10.726571,12.209984,14.415026,3.805799,14.492960,16.717850,7.701908,13.640484,15.402687,6.853223,13.592449,17.703861,13.010197,12.818956,16.466238,12.812902,11.167336,16.639725,17.355556,11.301541,13.554126,16.584633,7.967009,10.943131,16.134619,10.501883,7.459205,5.144761,6.553202,7.567959,1.007531,7.570314,9.632175,-2.222365,3.122509,7.712409,12.177368,7.058949,6.082850,14.535417,14.781676,3.439552,12.039851,13.317200,-7.701250,9.007719,8.237247,-3.750573,9.329550,14.038866,13.828779,11.737860,15.960188,16.774652,10.872507,14.361915,18.637197,14.441528,8.277278,14.771829,13.673796,-1.714682,15.015537,13.041843,4.478610,16.027296,16.385105,9.153262,16.596254,21.254141,18.540756,12.492208,20.267338,20.697601,4.746758,19.764383,20.267780,2.876996,18.934681,20.133537,3.470875,20.594009,24.069727,17.461939,19.453733,24.610554,20.878458,17.225399,26.121710,24.408018,15.077896,26.001713,26.520388,15.559069,25.623693,28.346375,20.009935,23.164474,28.017836,22.285242,21.416170,29.160618,25.561275,18.431232,29.066839,27.269691,9.490336,28.598450,28.233500,4.141818,26.594017,27.594173,12.797665,25.358183,28.532482,19.691610,23.100368,28.104525,23.134247,19.153564,27.787319,25.596773,12.730957,26.022045,25.820311,1.136876,25.105679,25.774323,9.617326,22.361881,23.418484,10.996078,18.706482,22.056335,14.146126,14.408840,19.417072,17.285597,6.991892,18.667356,19.080374,3.980349,13.565084,14.453540,5.376519,10.088072,9.951632,-1.008493,6.219629,-0.979122,6.001763,2.621066,6.873362,13.692682,6.882545,7.734980
[0;32mI (19050) ANALISIS_ESPECTRO: Frame exportado | t=18.39 s | pico=93.8 Hz | 66.5 dB[0m
SPECTRUM_FRAME,19.408842,93.750000,67.042267,hann,512,31.144463,37.457207,62.606052,71.259468,67.800644,53.960945,67.042267,65.692703,46.061440,59.507637,60.006428,46.645817,51.954056,54.222301,45.530354,49.528347,54.624668,48.600464,43.430408,51.492393,47.603779,27.449980,41.482651,39.499012,23.475109,32.551979,32.633518,18.410215,34.653069,36.953800,26.888382,30.312881,35.539623,28.490948,27.296839,35.478985,31.821774,20.269251,32.174431,30.375057,23.157604,38.888416,39.089275,25.459049,38.394821,40.572968,31.124195,30.568750,34.757042,28.427109,22.562222,30.304935,26.317749,19.156166,28.916611,27.367054,20.103027,19.473118,15.446634,17.182220,28.567074,30.323942,16.784040,25.172148,29.299393,20.816376,11.010743,18.596523,10.122834,18.355217,26.864950,22.934212,14.491939,26.785095,25.526821,1.835160,20.125921,18.477118,6.697193,19.175453,22.938206,18.485161,20.693529,25.220453,20.347204,19.573004,23.766470,17.452305,14.199102,21.488819,17.332605,4.219045,7.847559,16.495682,12.766695,22.388046,26.500233,19.759659,17.992367,24.456873,18.672230,1.512044,4.151574,6.378822,9.629780,22.705526,23.078190,15.420385,20.889355,22.141388,17.037155,16.587236,13.922562,8.032794,15.318131,19.185652,9.777493,11.656632,19.601704,14.329839,12.740828,20.868433,18.068691,11.505161,17.907579,19.063705,13.137456,10.091910,16.230179,14.185634,7.141886,16.170866,9.300905,11.430405,18.224970,15.325600,6.947551,6.808109,13.585067,5.323219,14.591684,15.024214,0.830710,16.982578,19.637634,11.607098,11.135002,17.324297,16.389568,17.706556,14.600094,12.738693,18.714207,19.371067,10.407610,14.777460,18.825966,18.673323,14.131063,-0.625001,15.231277,17.172548,17.174034,9.155444,7.162144,10.535654,16.579828,14.876081,-1.105477,17.621765,17.080353,11.958437,16.885214,13.476005,10.034228,11.805159,11.022573,9.561519,12.567159,13.922192,7.583878,11.714864,15.173754,11.089746,15.653506,12.290635,11.433275,15.754285,9.843773,3.613007,12.765218,11.562988,-8.203608,11.315140,12.804345,7.720603,7.388501,6.611660,13.446314,14.421585,15.199051,15.106247,12.551538,11.241476,11.491339,5.994015,11.060962,16.446733,14.578047,8.157245,15.971006,16.472342,6.114950,14.310784,9.506961,4.595177,16.661095,15.171068,7.933832,6.917528,14.323226,14.285948,11.218155,5.487714,14.581918,18.062767,14.949402,10.503035,14.861508,8.546213,9.648129,11.845588,6.983416,13.302116,14.757271,1.144978,14.784500,16.369797,10.512945,4.412026,12.346821,10.278912,2.968726,7.825468,8.808657,8.406869,5.854800,6.972177,10.083214,14.976340,10.332705,5.165406,15.498188,15.997429,11.806708,14.516826,18.730164,17.565239,9.643710,16.460421,18.421663,9.134322,15.235298,18.226536,8.879412,13.815687,18.621975,14.511160,9.030152,14.798466,12.379707,10.642517,14.852512,6.721904,16.127195,20.531639,17.801620,15.523378,21.131256,21.297064,13.413897,16.486485,19.386753,15.455278,7.688813,17.361374,15.817291,11.820242,19.700935,17.989605,-4.713308,19.414394,21.096386,11.041417,15.208045,19.520309,14.574379,12.196266,19.458353,16.278097,9.839314,17.702042,13.565329,12.017853,18.020763,13.841387,16.378391,19.892937,19.944841,18.850513,19.556810,21.722942,16.546394,9.964108,18.315042,15.634390,12.511719,13.117336,13.828325,16.358412,15.432624,6.678398,6.471056,15.270113,15.517246,8.021932,10.395141,12.399163,-8.647813,14.686413,16.664116,7.574501,16.708986,18.095980,13.731840,16.623022,18.673923,13.814255,8.765949,14.967579,8.831068,7.313805,14.707022,16.508699,-5.867526,13.901743,16.125309,5.433834,13.382000,14.489079,11.647856,8.662877,7.096284,-2.289466,6.036985,10.815344,10.799994,3.756280,13.019987,10.280356,6.113498,16.037361,15.051932,6.947618,13.019938,14.764521,12.182909,7.300058,15.775381,15.489664,4.321529,14.905664,12.501317,9.936782,16.935148,14.297140,4.797261,12.506236,6.976631,1.699222,6.436414,8.523225,4.667004,13.279913,13.387087,12.425091,16.321939,18.348022,16.966663,13.171150,17.473537,16.739384,12.116871,16.076254,18.586443,15.334463,12.589348,17.384193,14.902925,6.382627,17.104975,16.429192,-1.375939,12.558968,13.880239,7.053716,13.107679,17.880461,12.857832,11.210814,15.862721,11.021298,14.280453,17.839123,9.326199,15.272392,17.687952,6.693312,14.550613,18.582350,15.634178,5.229161,15.231824,15.654038,0.917107,18.490704,19.899467,12.732244,18.086912,20.482594,15.019920,16.053196,21.790855,14.228419,16.791170,22.291639,16.659290,18.931133,25.457966,23.543549,16.161964,25.645008,24.919628,11.822906,25.044388,25.240669,5.984640,24.539276,24.796829,6.585524,25.427818,27.527424,17.344217,23.763123,28.607180,22.442432,20.810863,29.117821,25.514778,17.345987,28.718252,26.245136,10.933375,28.496456,28.138283,10.388958,26.281185,28.788280,19.096348,23.989483,29.538744,23.426218,21.826393,29.344957,25.109728,17.723200,28.790846,26.740887,-12.618085,25.466928,25.564425,10.087552,23.289627,25.014538,12.058825,22.569229,24.534151,10.552446,20.132563,23.900797,17.510292,13.453888,19.927071,16.941010,2.895095,18.810528,16.975342,1.527141,12.944942,13.432937,3.384162,-15.207604,7.235930,7.282600,10.831017,9.458015,1.938447,9.719832,12.006340,-26.951990,6.865026,7.809485
[0;32mI (20070) ANALISIS_ESPECTRO: Frame exportado | t=19.41 s | pico=93.8 Hz | 67.0 dB[0m
SPECTRUM_FRAME,20.431206,93.750000,61.884708,hann,512,37.858025,38.053623,57.512241,66.143562,62.535599,50.694099,61.884708,60.585789,44.384197,54.594685,55.447166,42.291504,47.708771,50.401951,41.466145,44.950962,50.214878,44.117222,40.311584,48.638340,44.674644,31.164486,43.076912,41.362919,20.502474,29.684687,29.962618,12.497343,35.833324,38.385223,28.575804,32.450089,38.180847,31.189819,17.118832,26.539213,22.936089,19.608551,30.174484,27.642433,22.765697,35.175858,35.156967,24.169125,34.270981,36.888725,26.958162,27.031977,31.925240,25.531929,15.308632,22.472698,17.107145,20.999596,30.594587,27.000717,16.245173,27.634140,26.488295,14.398573,25.324438,27.301310,16.517714,25.604570,29.395761,21.396685,20.862820,26.435596,20.265648,11.576886,19.126932,16.370346,13.816668,20.066385,19.226072,13.015896,18.223501,16.648499,4.044863,11.703234,17.325539,11.434678,19.759529,26.790699,21.918011,17.742823,25.752388,23.714230,14.846960,14.421691,14.330149,7.308441,19.733431,20.132248,8.990561,20.456717,25.273655,17.158058,15.690923,22.117937,17.249775,13.659841,16.978292,1.142576,-1.901150,15.773401,15.383413,11.826023,16.502743,19.186958,13.146854,12.663746,11.647190,11.452871,4.921978,15.938731,15.455874,10.500484,21.612843,19.843384,13.797100,20.746563,20.468571,13.241686,11.450420,12.499705,11.397224,5.955587,10.473660,6.934574,9.497189,15.902914,14.659739,13.906704,17.540863,16.559240,14.202355,16.171993,14.714458,12.723180,12.258273,10.936332,-0.679610,13.534250,15.487901,11.868138,15.491039,17.867495,15.206467,13.137804,12.738194,13.096880,13.317007,8.690865,2.034074,8.061777,8.390342,12.032609,11.066171,10.571711,14.688908,9.289328,14.080691,16.734547,7.983557,7.212558,12.798439,7.994244,1.899848,3.846371,11.741270,13.906379,12.071877,9.548927,10.202650,11.522587,-1.565320,9.236411,3.733865,12.080912,10.609482,7.771515,11.530088,12.388066,10.893330,10.642977,7.171935,5.156445,3.840609,5.882340,5.062343,3.382957,-5.115085,3.321606,8.745370,-1.525506,6.137135,-1.507740,9.504791,8.076291,4.561720,14.055594,14.910721,9.646023,12.780161,12.030653,9.086897,11.684331,3.713884,5.983929,4.428899,7.352989,11.319773,13.056454,13.836098,14.621393,14.839586,11.615149,5.710993,11.239524,11.638210,3.096296,10.704576,7.207346,9.131271,14.403409,12.255770,12.728892,16.217516,11.810534,10.635072,10.958570,9.081069,12.765990,10.677756,3.658282,6.132278,5.928843,7.716107,8.059287,0.918380,6.376349,7.035450,2.537987,4.766361,10.324644,4.899157,7.613665,8.813781,8.872267,8.525864,9.396727,8.541735,8.423702,13.392024,15.233957,8.488365,12.828828,17.709129,15.498430,12.724313,13.765164,14.120077,3.336755,12.881166,11.472617,3.605582,12.943157,13.090643,8.280577,16.414318,17.168415,15.118333,16.465952,15.493103,14.715929,9.206047,12.540922,12.918242,9.052092,14.240989,5.310433,12.734858,19.331581,16.411991,16.288845,19.317562,17.316505,13.478666,15.898026,15.918428,11.368752,14.364056,11.853510,11.739634,14.946377,16.316521,17.014648,15.196706,12.299389,12.668289,7.250051,8.148048,4.031036,9.088161,13.888990,11.575751,12.072774,14.451738,14.471806,10.479373,14.413662,5.332317,2.845379,10.612655,8.432189,5.080690,14.114033,13.804501,10.114517,6.434472,12.733736,15.243291,7.642774,8.121518,9.977695,10.260085,4.323924,10.423999,3.394871,9.792095,8.791275,10.844851,9.415182,11.621060,11.233401,1.462502,5.090335,4.264376,-2.209824,5.443759,3.767371,12.066948,6.290960,3.587892,7.005068,6.516489,5.952542,4.041128,2.361709,11.336757,8.184838,7.508099,11.826429,12.080587,12.842510,11.516502,4.861523,9.149948,9.196970,5.554400,9.905828,6.232814,0.821828,-1.017493,1.279020,2.611357,5.812953,6.647455,10.588861,12.256328,11.673116,8.374909,11.720352,16.543333,10.173669,-20.925583,12.459774,12.244557,6.640139,8.943682,4.390373,9.208423,6.167031,8.057026,1.525042,4.000451,8.061215,6.734777,6.637206,0.099327,6.164033,6.775360,7.677141,5.795767,6.691216,5.475176,0.832163,-1.164866,-2.817850,3.506332,8.776214,8.547068,5.322686,9.397930,9.914659,12.149724,12.661966,10.540285,8.986255,9.221413,11.239014,9.357085,10.911170,5.106468,1.878188,13.248429,13.303899,13.081779,17.058561,13.040999,11.888712,15.767569,11.513580,9.598392,14.312444,8.272714,8.676414,14.067503,15.428101,12.174528,16.468880,19.469797,9.189899,13.115319,19.111277,11.662883,17.348587,21.919582,13.970322,18.446737,23.290184,17.845764,14.181623,24.120712,22.772030,13.297549,23.541664,25.343573,15.519083,23.592148,27.336550,18.797211,21.198872,27.031336,20.330717,18.728386,27.507626,22.289692,19.306810,27.608910,25.342484,14.704824,27.106796,27.344559,13.430889,23.896168,26.900234,15.723052,22.219070,27.457165,17.918274,21.886408,27.333950,22.320202,17.229202,26.323887,24.077578,8.657479,22.949266,22.731579,-4.303053,22.935513,22.956211,3.482199,21.505386,22.864891,13.233323,16.311516,21.590889,16.072598,9.229237,16.702900,14.750959,0.082227,17.078131,16.659744,6.975688,14.010132,15.626388,8.310784,11.620339,15.602236,11.962914,12.903357,14.433746,11.927881,11.502813,15.224154,15.822571,9.825358,9.989216
[0;32mI (21090) ANALISIS_ESPECTRO: Frame exportado | t=20.43 s | pico=93.8 Hz | 61.9 dB[0m
SPECTRUM_FRAME,21.453566,93.750000,62.998535,hann,512,39.620529,37.789207,58.832527,67.566330,63.861240,52.478996,62.998535,61.758080,46.866306,55.580170,56.657661,44.052757,49.116333,52.225452,43.181679,44.944427,50.577770,44.215355,39.384274,47.679070,43.682838,30.941133,40.290379,38.660423,22.418427,23.765728,23.977627,15.314736,32.965206,36.149574,26.653841,28.857517,34.207863,26.271965,25.724697,33.463284,28.635206,4.803376,13.709795,7.386617,22.488811,36.526562,36.263290,24.922623,36.453838,38.946453,28.063887,25.400307,31.462862,23.427032,22.277073,28.440504,23.191730,20.970673,31.138716,28.400349,20.223976,27.848007,27.127708,21.894108,30.423801,31.555517,23.044909,25.712753,29.067305,21.673536,15.788216,20.617538,13.629978,17.533203,25.160229,21.924667,13.772525,21.327684,20.984783,11.626581,12.354162,15.146521,8.789515,15.720124,19.823067,1.750332,15.060759,21.031685,9.715924,6.319948,17.613832,12.670960,-5.679376,15.449511,15.983027,-3.682978,15.771947,17.673685,9.881893,21.120754,25.225498,17.869453,18.545868,24.832735,19.235510,8.138865,13.525396,7.126379,2.980501,19.609428,19.099787,10.602278,17.481998,19.417702,10.697475,13.372196,15.454312,7.551938,17.552410,22.414093,14.741886,15.433647,22.651464,17.806898,7.774943,18.526310,18.341385,5.428622,7.153499,12.025971,7.688577,12.757097,12.910265,6.563588,12.443801,19.790201,13.408436,8.178319,17.538137,12.943356,6.938735,11.902882,7.106157,6.891512,12.679260,14.642434,13.285537,11.544178,12.877205,13.665205,9.999837,6.346772,-6.977298,2.817491,11.615816,10.820308,1.121732,9.618115,11.518660,4.352918,10.404262,12.866592,-7.890699,4.849260,16.438005,5.316657,4.249416,14.788000,6.195308,-6.131081,10.569281,2.672132,1.858241,-1.190416,-0.071385,5.056392,8.079186,10.095992,8.672270,1.935695,9.688941,10.330764,9.006797,1.897955,5.839444,10.436008,12.779998,7.241840,9.214581,13.888539,14.893222,4.579856,11.023396,14.093428,6.494885,13.792938,13.769870,9.329732,14.019730,15.607924,11.585789,13.916821,17.183758,15.901621,14.816761,16.968975,16.787203,14.593218,15.335952,16.364519,13.038010,10.263147,8.781368,4.933691,0.905895,4.900217,3.782501,-0.458427,8.258852,7.662767,0.438932,2.050235,7.016967,-8.454999,-1.927884,-7.485508,5.865893,7.500698,5.778138,4.480539,6.827804,10.890800,5.298709,-2.382317,11.803274,11.295525,-9.972977,5.708888,10.173768,3.550757,6.016357,6.062480,9.888123,8.972703,5.455242,8.927294,12.698598,8.594847,11.262611,14.891572,10.616412,5.946680,11.960188,5.397464,-2.819254,7.288727,5.325561,8.486664,5.643153,14.728528,15.479384,8.273031,12.735662,15.292016,7.803897,-1.700702,10.722698,6.490462,-0.100619,14.116104,11.809004,5.926324,15.997284,16.562834,13.701148,11.453096,15.686168,13.835302,5.007078,14.567230,13.899488,6.682636,13.925506,14.690279,8.451734,13.947657,15.490921,10.583796,14.396830,14.655333,9.911427,16.647427,18.113846,13.916317,15.047253,18.317390,15.209991,9.399301,14.923792,14.080410,3.418834,12.804904,11.067446,6.425034,15.158752,15.998897,12.439587,12.721147,15.747244,13.698227,9.644996,12.835311,12.944401,9.896991,2.971040,9.778267,12.036783,7.768960,7.168564,11.136244,9.624141,-4.176310,4.431612,6.931452,9.605692,10.677127,9.977899,13.172701,12.052965,9.612723,11.850708,14.581417,12.130033,12.522235,16.083721,15.835238,16.521692,16.922474,16.066206,15.852659,14.312328,12.146958,12.003609,12.561323,12.945591,9.716620,9.627742,10.562844,5.172129,3.473341,0.689583,-8.336783,3.737062,8.970077,9.836401,11.019173,13.874052,12.957906,11.496605,13.099414,13.660235,13.534489,10.895870,11.607363,14.038005,5.966391,11.293755,13.847896,4.093482,11.717162,12.476426,2.144118,12.060851,10.645137,10.676340,12.047846,10.511464,10.450232,9.772388,10.196812,12.875183,7.969660,3.377498,13.097850,12.018714,6.570882,11.768422,15.589362,12.422820,8.606286,12.638031,14.013094,11.366760,9.507517,11.547318,12.843412,10.164515,6.286404,9.101154,11.665869,7.359062,10.690521,10.662194,-1.458975,10.003365,12.113267,3.764925,12.245869,13.762027,10.514060,15.049141,15.036544,12.780791,14.938534,14.690287,9.462015,10.963960,13.289711,9.520367,8.875867,13.341847,11.527449,9.247668,15.865038,14.503723,9.532004,17.109192,15.304990,3.799080,16.848904,16.950619,3.467094,16.197628,17.765995,5.476274,17.264168,19.844336,11.782425,15.682393,21.492107,15.770984,10.212147,21.558353,19.743404,4.206686,20.386547,20.107996,2.707871,21.777514,21.492426,7.672346,21.715336,23.613049,12.024697,21.064138,25.322268,17.085346,19.785648,26.118027,20.326340,18.767191,26.874313,23.910303,15.976761,26.120037,25.391809,12.786739,24.882090,25.829582,12.742506,22.902481,25.886700,13.841917,21.322720,26.380676,19.524508,18.649033,25.384188,21.914938,15.088392,24.019993,22.811722,11.717119,22.208565,23.492496,12.960893,21.259335,24.485031,17.542574,18.754665,23.192764,18.412731,13.692403,20.090755,16.698669,0.188565,11.806907,9.027381,8.053247,9.222916,-5.089112,9.698192,12.358953,9.511782,10.996184,12.020453,11.136805,9.256828,8.451098,8.017438,7.531047,7.963669,6.962690,3.729485,5.533174,4.258607
[0;32mI (22110) ANALISIS_ESPECTRO: Frame exportado | t=21.45 s | pico=93.8 Hz | 63.0 dB[0m
SPECTRUM_FRAME,22.475937,93.750000,62.965599,hann,512,39.817726,34.808949,58.830200,67.451469,63.644760,53.302727,62.965599,61.686821,48.055477,55.284157,56.491966,44.036747,48.398823,51.618431,42.306194,45.384045,51.044655,44.412365,40.504299,48.629650,44.610973,33.181309,41.919258,40.512650,24.186544,25.903204,25.931883,13.359343,34.422523,37.772987,27.944719,30.042744,36.397709,29.087547,21.539982,30.145750,24.997082,8.759031,19.297541,16.074669,22.894209,35.357666,35.103218,26.117229,36.278908,38.564438,28.533909,28.726246,33.657948,25.877747,20.844780,27.282888,21.449562,23.936350,32.740337,29.681454,20.274031,28.252449,27.521019,18.726429,28.749260,30.537615,22.107374,26.810143,30.803692,24.267748,18.389864,22.526886,19.911797,18.683472,23.478638,20.609911,16.216604,22.441977,20.290226,6.372238,16.483011,19.161814,10.842776,19.709053,24.558453,18.118071,18.053207,25.554962,19.115318,10.692568,20.000740,16.006836,7.540255,16.483685,6.726137,9.940289,18.970375,20.117748,15.703336,19.465187,22.629616,16.927301,22.112907,25.259708,17.717041,16.285904,22.768818,14.801228,8.295910,14.713945,13.036901,13.057608,20.935345,20.260563,6.193853,15.466984,14.561960,3.301499,16.840202,19.082838,13.569585,18.286358,23.520084,17.766571,13.181705,18.404928,14.550877,6.013617,13.447264,4.350096,4.920059,15.796913,15.703356,8.668025,10.162230,16.990160,11.744118,11.029515,18.234619,13.459449,8.162098,15.453411,9.830129,1.029027,9.763235,3.466342,11.513680,14.800061,14.915020,14.947802,16.412535,16.199757,15.202982,14.777225,17.407125,10.699915,9.289342,17.977785,12.035843,0.548090,13.387119,14.484757,-0.268495,5.690145,10.094167,4.294550,11.592374,15.358005,-6.098001,12.258621,18.237137,11.507911,11.079527,16.020245,14.287910,8.815777,7.926765,11.054382,5.751674,8.269934,9.010983,-2.311273,7.474836,9.263275,-1.693547,0.509802,-5.336170,0.417244,-0.955050,7.986340,8.218083,1.021864,5.983236,10.667606,0.966710,-2.705502,5.579332,5.843053,2.619778,-6.176628,3.822180,11.160488,5.037743,-16.765326,11.428967,12.355387,-5.360525,5.934958,13.590141,-8.957721,2.367132,12.566525,-6.913198,3.623370,7.102300,1.603371,5.730385,0.308216,9.294560,8.125812,8.497764,13.487270,8.058073,7.726078,12.306417,4.458716,2.806682,3.330239,7.607133,-0.907930,0.953460,10.098724,9.239069,9.139356,9.719296,10.786879,11.082438,8.454973,14.155895,12.157124,10.625431,15.450450,14.613764,13.127957,12.129265,12.665052,11.630194,2.791329,9.407437,0.245940,9.892808,15.222659,7.414292,13.145653,15.992245,10.926347,13.151848,14.553898,10.203070,12.585852,15.543891,11.968992,11.017846,16.465401,14.522134,10.303654,14.137229,14.777706,9.775805,5.878917,13.393042,2.837248,7.793045,16.799973,13.603910,13.406591,19.531935,18.751152,14.741944,18.662321,19.440561,13.560085,16.426447,18.864748,12.511581,16.501209,20.022915,14.687067,13.710402,20.234825,15.150936,3.267279,17.429802,12.717535,3.684923,14.892437,12.494765,6.740433,14.786278,15.026400,8.314643,12.739674,15.623651,10.341721,12.087820,15.598192,12.211107,13.554746,17.306381,12.944996,13.181882,17.809690,12.997227,10.986196,14.739624,13.510470,8.570911,10.146483,14.966581,-1.311038,11.431982,16.305981,2.929406,10.154287,15.098259,7.881946,8.669254,15.264318,11.959033,8.933788,17.416767,16.129213,8.676520,16.092707,16.637272,6.111817,9.711346,11.420087,-2.069704,6.801664,9.264794,6.895978,12.716764,16.049772,10.645292,13.277628,17.124153,12.879330,9.862347,15.175534,13.404845,-6.016878,12.629689,12.985836,5.677838,8.254310,14.403294,3.258760,4.984809,13.682243,7.486107,1.611006,12.993140,9.593889,-3.175610,11.328438,12.387471,-2.946464,2.254708,12.404109,0.164800,8.113322,10.931568,5.156766,9.584235,12.882038,4.488885,2.857881,11.849121,6.462807,0.260849,5.527589,7.020930,-4.020671,-7.080988,8.002039,2.496748,-4.357223,9.741090,8.460330,4.543715,11.704064,11.113865,6.201572,10.622128,13.163190,10.468625,8.672606,11.666636,12.269285,10.401726,10.835748,8.424113,7.229011,14.166440,5.828373,4.464188,13.680059,10.024047,4.629398,12.956081,6.663997,-10.585934,13.796379,8.321510,-2.044358,11.443235,14.436634,-2.751421,8.615925,13.774965,7.971022,8.870525,12.584195,5.676873,9.713589,14.371855,0.583601,9.083864,13.498387,9.100940,6.018465,14.314681,10.018848,2.687444,16.554502,17.569057,1.617206,15.421477,20.782475,9.122339,11.552172,21.264172,12.236404,12.552233,22.177208,16.974541,12.704941,23.574013,21.784058,9.250391,23.464453,24.345053,9.595716,22.310936,26.037962,14.880057,21.253471,27.214802,20.352863,20.014874,27.553074,23.254902,18.262539,27.266024,25.179722,16.986374,26.708963,27.183182,18.062214,25.367811,28.195805,19.899080,22.887917,27.976227,20.958097,19.684483,27.268623,22.083031,15.519651,26.276834,23.086758,8.792253,23.562145,23.095007,8.693399,16.762789,22.242746,6.820327,-6.199024,20.501040,11.052227,7.849181,18.105314,14.223599,-4.036739,16.696798,13.691764,1.891821,15.883389,15.889338,3.618579,14.316859,16.474567,9.259613,12.766677,13.447395,7.383349,9.949286,7.656577,-5.369723,-2.979067,8.743409,-0.327346,8.537444,10.575131
[0;32mI (23130) ANALISIS_ESPECTRO: Frame exportado | t=22.48 s | pico=93.8 Hz | 63.0 dB[0m
SPECTRUM_FRAME,23.498290,93.750000,62.738853,hann,512,39.040890,25.510189,58.416153,67.308456,63.417664,52.961761,62.738853,61.508297,47.956928,54.773659,56.312786,44.061264,47.743500,51.481056,41.953896,44.924683,51.012894,43.859131,40.177307,48.879452,44.502556,33.047890,42.607445,41.143436,24.139660,26.364815,26.847324,9.327851,35.465305,37.928581,26.900644,31.392796,37.086845,29.129879,19.665747,28.205671,24.143246,14.540458,25.485718,21.768019,22.381676,35.420998,34.658020,24.823917,35.828281,38.033264,27.403019,26.835304,32.416767,24.316427,22.252542,28.380957,22.184164,25.490866,33.863682,30.262997,20.683216,28.987768,27.834011,15.710829,27.889812,30.172928,19.188368,26.183683,31.312750,21.766872,14.823079,23.210688,13.364657,15.238818,19.438887,17.364347,12.260985,17.239380,19.409018,10.045548,14.967661,13.175024,3.001291,19.630678,23.538448,11.430688,16.119020,24.095900,17.009045,-12.134753,15.201145,15.954449,9.272946,15.986196,13.355257,11.094073,20.904861,20.493872,-2.777851,18.349546,23.237549,11.372803,16.044201,22.999857,18.024046,12.685510,17.582424,13.184475,1.780920,17.877348,12.659899,9.694156,20.650196,20.933235,8.140962,2.271152,13.634899,4.404251,17.447811,20.862705,13.333503,18.567129,24.132261,17.924046,12.100979,18.308981,15.424911,5.530083,14.395970,9.890399,7.471308,18.136740,18.690247,11.440207,14.863007,15.985824,9.702917,14.096208,16.486595,9.528142,5.919969,15.105539,11.519965,6.931536,5.972084,5.691094,8.336931,14.142267,11.628661,12.844656,16.020632,13.604771,13.855892,12.792483,9.030622,12.275153,11.803877,11.389746,10.163435,5.443735,9.774661,14.365455,5.529942,7.876211,13.412386,10.801488,5.793631,8.275498,5.756245,-4.197705,12.706300,12.250259,8.649067,13.807403,15.742230,13.846813,14.099675,13.997955,11.806760,4.594211,5.106367,10.765840,11.262892,13.544784,12.181395,10.748493,13.493577,10.616202,7.710367,11.764376,6.054711,4.691150,10.818598,8.229095,-6.054496,-0.333650,3.230375,3.234014,2.830452,9.520322,11.088337,10.189658,5.178961,4.681369,11.029402,6.877837,11.074990,8.116640,2.913768,12.269372,5.426560,1.715986,12.865309,12.745591,7.251492,11.977868,14.179135,6.639478,3.004533,14.010887,7.687668,7.688884,11.116820,9.239782,9.112290,13.500015,14.432213,9.025448,13.541634,11.854053,8.815673,6.100907,10.310307,3.387368,-4.263336,8.060787,-14.546078,-1.587590,9.587306,9.437869,-7.761492,0.515429,6.538142,9.518272,4.767255,-2.592309,8.880544,9.105602,-2.049186,6.317759,10.604463,3.260664,2.904989,10.198607,1.810802,11.282940,5.554261,0.625611,10.202674,12.054767,-5.950525,9.924966,15.514935,9.479836,13.865660,15.286261,12.682102,15.365385,18.941994,18.761658,18.073284,19.752304,19.396900,17.163486,19.041828,17.609850,13.960618,17.206308,15.890454,12.585048,17.260126,19.799915,18.420788,18.464905,19.231533,17.627871,16.018044,17.646633,15.136657,15.130840,16.044094,11.736696,13.670974,14.454194,12.710144,12.905071,10.204774,1.109840,6.017591,3.225692,0.946967,-0.268027,10.834972,8.651613,3.310224,9.919813,10.180230,8.842876,11.912661,9.034731,8.545097,8.560738,11.604023,9.526485,6.481319,11.111813,9.438304,4.406469,7.618091,11.625424,9.722155,10.061250,4.373062,12.281142,6.746063,9.014050,10.077109,-5.757894,9.519302,-1.598267,7.212748,8.787294,7.784526,1.955126,13.494124,9.890034,3.307871,8.492194,11.455970,6.626741,2.166414,8.870979,5.268326,1.367911,2.579847,9.492071,1.425068,4.150922,5.377140,9.407065,6.596771,4.881708,3.193779,9.563961,12.331100,-5.419455,-5.289907,11.160830,5.200053,-2.109320,-9.381642,4.069205,6.895816,5.099380,2.154165,7.249357,10.199030,6.815714,-0.093442,1.040083,-3.395740,3.561949,3.012182,7.551546,5.505448,0.513959,1.250020,1.982778,3.397348,-11.668228,4.597720,7.766952,8.808950,5.670723,10.432693,8.973335,10.687665,3.267710,4.416827,6.611886,-5.579540,5.842278,7.847519,6.414881,4.228448,7.128820,1.763331,9.765566,10.690483,-2.748997,-1.352162,7.689201,2.220706,-0.692897,-2.707481,2.283704,9.926519,7.443308,3.703110,7.721596,12.326893,9.364196,6.678305,8.638670,7.526526,10.479752,11.252012,13.508337,15.571323,14.739118,13.658159,13.508741,16.035866,15.701902,12.565004,16.168028,16.372602,13.375200,15.566306,19.764885,19.166519,16.572321,19.803068,20.649693,15.152914,19.292446,21.555136,14.920402,18.280577,20.473263,13.425628,16.769070,22.919415,16.980640,14.867679,23.795067,20.726025,13.783473,24.172371,24.547375,16.655161,23.157290,25.888403,18.737289,22.086010,27.415161,21.634335,21.059040,27.791401,23.571148,20.481979,28.279808,26.094662,20.760880,27.763481,26.856745,20.041693,27.096073,28.216898,20.718725,25.526260,28.699623,21.946726,23.415001,28.874933,24.013731,20.768852,27.485405,24.025185,16.985840,26.336660,25.180302,16.172243,24.612808,25.295889,16.328772,22.884624,25.000088,17.141516,18.521980,21.903667,14.290012,9.177234,18.692707,11.842780,5.021776,13.382280,13.075998,5.921371,13.979541,14.547419,8.868158,10.493534,8.914541,6.262719,3.753360,4.509109,-7.392679,-4.088683,2.176921,-3.858208,-5.500325,-0.134542,5.911775,-17.638233,2.232331
[0;32mI (24150) ANALISIS_ESPECTRO: Frame exportado | t=23.50 s | pico=93.8 Hz | 62.7 dB[0m
SPECTRUM_FRAME,24.520649,93.750000,62.636856,hann,512,39.067120,25.932810,58.434849,67.226776,63.336662,53.080959,62.636856,61.345139,48.196739,54.565754,55.971188,43.967621,47.568024,51.363525,42.241272,45.256863,51.214073,44.185028,40.453827,48.757896,44.030182,32.172607,41.884445,39.890694,21.615202,28.520880,29.947311,25.319597,36.421009,38.936394,29.698877,32.982689,37.420650,29.784874,21.675426,25.522041,18.450619,19.246952,29.658068,28.367167,25.333534,36.285812,36.124294,27.215004,35.652794,37.831425,28.385475,26.626015,31.176167,23.423080,21.086323,28.997458,23.887424,23.096184,33.652981,31.135721,17.216217,29.051893,27.973003,11.710604,28.199434,29.740345,18.988544,25.818504,31.355663,24.046003,13.168358,24.162970,21.643661,4.615540,17.204498,5.458548,3.425673,13.347978,7.517214,9.667974,18.515549,18.677792,9.478680,23.283615,26.484812,14.212009,19.334503,26.970154,18.374203,0.447395,19.076950,14.491721,13.368338,19.337828,16.391209,12.896976,23.520060,23.494719,12.268486,20.476776,22.085186,12.592941,17.514778,21.488186,14.077940,14.853063,22.120296,18.559755,13.398294,19.620594,19.497597,13.226076,17.484169,17.454594,10.274677,6.911460,8.061603,1.806834,14.994836,21.520214,16.696342,16.125566,23.235641,19.467960,10.642962,16.160223,12.871584,-4.525176,11.510559,13.955063,4.733103,17.449974,20.258080,10.948698,15.169939,17.688627,12.531676,10.433274,9.218568,9.930273,-0.145007,14.323182,7.382165,4.073112,13.588808,10.896739,7.471926,1.619008,7.582759,8.946014,12.438316,9.792160,11.149765,15.731603,18.840029,14.853006,13.138506,19.904732,17.985565,6.190763,15.824965,16.936253,2.808937,11.429388,12.844965,8.017115,7.619967,13.306594,9.081908,0.097023,13.049076,1.471469,10.431289,8.889111,2.905138,10.785085,5.861310,3.280724,8.767022,11.639572,15.548911,9.933743,11.170721,17.624628,13.645838,8.133508,13.976648,11.931247,3.692116,8.707696,10.190934,0.466693,0.811123,13.164433,10.063910,9.380962,12.539205,12.791912,12.580867,13.209970,11.667801,11.813439,12.430562,6.942825,9.416597,10.996894,-3.104993,6.197317,11.806116,-4.177256,5.599137,10.691800,2.995237,3.697947,-4.420210,3.968417,4.697868,9.293249,13.294476,10.406327,12.559352,16.740734,13.189159,8.347589,12.754426,9.862543,-4.187016,4.443792,7.850332,10.983311,13.476907,15.219115,14.444713,12.041956,13.320377,12.788572,7.213830,2.463480,5.408831,5.734554,9.145415,9.727007,4.015861,0.848879,8.647786,2.724316,6.648193,-1.438266,6.761124,9.832762,9.941977,12.551739,5.056285,9.031002,14.965914,2.939639,2.061615,13.067768,6.688559,-2.024600,13.974163,9.978834,6.639410,16.011175,14.881355,6.683867,11.695440,14.497380,-7.350967,4.823090,12.084471,4.267172,12.775663,15.999430,10.597287,11.855327,15.685263,11.301590,6.841503,12.976919,10.559630,-2.956106,13.469405,14.045238,-8.113827,10.862942,15.849861,-1.339462,3.221886,13.826569,9.285235,-0.499396,10.297479,11.078807,10.171751,13.085069,10.093617,10.913820,12.423126,8.919483,5.089824,11.182847,14.821000,9.882108,15.195862,19.643900,15.595988,15.368815,20.167576,16.355621,12.308122,16.786684,13.091369,7.237108,9.831337,5.945489,11.133326,2.534066,0.653206,11.788857,4.478859,7.113029,7.575751,4.614323,11.153200,8.860294,11.185465,13.564363,8.295773,9.999381,12.023726,3.011098,-2.140508,-2.307590,6.706135,11.618275,12.978891,11.584328,11.111685,14.697897,10.970905,1.895625,6.006039,3.868399,9.098965,7.233332,2.767056,11.212187,12.042542,10.214268,7.431930,8.849830,8.394497,7.328204,2.700696,-2.690515,2.021115,6.768686,-2.794358,8.621643,7.234819,2.759699,11.017830,9.039160,1.268922,8.091051,6.709537,-10.163012,6.656727,4.628628,-5.822110,7.394438,6.787304,2.652430,8.071398,9.200932,10.797328,6.985083,4.839004,12.556328,-1.263921,6.733019,8.610324,4.492318,15.276028,12.619090,12.065857,17.058731,14.810493,12.957071,14.505816,11.451873,8.568274,4.502278,2.260155,-6.047628,3.309475,9.917330,0.752864,-0.950280,11.600447,8.364922,7.405048,4.486210,10.310572,8.712465,-1.427396,7.185940,-0.769421,-6.396634,3.873159,3.902335,8.803290,5.982362,3.667710,11.535764,5.158295,5.852126,8.799558,-1.103629,7.024082,9.260427,2.009432,8.537971,8.625819,-3.026879,14.701037,6.652860,9.587782,18.093805,15.767364,10.523985,19.295599,18.407135,11.059696,17.029694,17.981054,9.465712,13.018903,19.519825,-1.168586,13.504968,22.959888,14.835385,12.414489,23.750002,19.335768,7.852538,22.244122,21.192797,6.072130,21.302301,23.939943,14.119061,21.641159,26.275320,18.180273,20.825138,27.176922,19.511944,17.210274,27.200224,21.186735,9.878967,26.468727,24.112171,9.099387,25.465595,26.172768,12.178803,24.282196,27.792921,15.611115,21.279125,28.393822,20.164177,16.642656,26.920486,22.106064,13.564687,24.449570,21.801830,9.876030,22.757500,24.243526,15.051155,21.547430,25.643053,20.233934,21.515951,24.666002,19.327755,19.429092,22.506418,14.750034,9.224813,16.883791,14.372458,9.950781,4.063982,9.766747,9.892545,13.549633,9.698545,6.375449,8.412203,10.999202,10.752411,1.794945,5.616583,4.238968,5.113778,0.159163,2.079477,4.102444,7.203100
[0;32mI (25170) ANALISIS_ESPECTRO: Frame exportado | t=24.52 s | pico=93.8 Hz | 62.6 dB[0m
SPECTRUM_FRAME,25.543014,93.750000,62.661190,hann,512,35.606640,36.681568,57.781860,67.186478,63.294266,52.066811,62.661190,61.578754,47.397285,54.485970,56.433495,44.027557,46.587963,51.158974,41.761223,44.571552,51.228096,44.461136,40.362915,49.406353,45.479515,33.876480,43.150627,41.945000,27.072964,29.260887,30.559158,22.084702,35.876198,39.229465,30.507963,32.975384,38.463890,32.201649,22.863409,27.834629,20.774652,22.668009,30.029827,26.054079,24.015751,35.985405,34.464714,21.948854,34.724457,37.069572,26.268579,25.157108,31.467649,24.665768,15.352919,26.605768,20.741861,22.363329,32.144093,29.615524,21.327084,28.212679,27.871435,18.713337,25.388067,26.837797,19.980301,25.185379,29.073242,22.805809,22.454319,25.351814,19.225805,16.346195,15.303015,11.074296,10.081125,12.349855,16.676342,10.420518,8.389395,13.604566,1.995278,16.831291,17.911293,6.423569,15.401175,24.810104,16.117819,6.875999,19.600918,17.984774,12.469678,14.904314,12.126543,6.624104,23.608284,21.638199,10.736877,20.196943,23.564730,7.347884,10.582924,21.245914,15.500368,14.224619,19.537235,17.236860,13.427795,21.230906,13.377624,10.606618,20.160913,18.166512,5.666986,9.175650,12.448405,10.040135,14.228701,18.995420,14.807844,17.581261,23.302483,18.923662,7.432276,18.089779,17.370638,14.362328,13.680126,14.432937,14.367667,18.112282,19.119244,14.678547,18.001123,17.512222,11.184380,10.338883,12.812923,7.538777,15.461091,15.741335,14.854151,14.519359,16.421875,12.898993,10.118750,17.836220,14.045578,7.951136,16.547117,16.896091,14.571036,12.876781,14.637031,18.074364,15.200477,11.979153,14.432987,10.674758,11.870626,13.430231,0.846091,11.374932,13.024282,15.855881,12.832379,0.048174,13.214939,16.585505,9.212538,7.653649,15.038132,15.458279,12.582855,8.111446,12.999388,14.505987,14.996685,13.775455,12.398487,7.675459,13.990160,19.167948,16.358746,14.550270,18.849298,15.298724,4.936368,12.446698,12.189132,3.252824,5.840735,10.967093,8.460990,0.088652,12.779160,4.689982,2.292482,11.137379,-0.797743,15.631006,14.095988,9.984521,12.765244,14.593596,6.732182,8.228999,10.088453,-5.750484,13.799429,10.958648,6.819310,13.249818,17.664083,14.664862,13.338580,11.666032,11.153998,9.125922,4.063235,7.077851,5.276353,8.590095,11.957716,12.520529,0.252745,6.144080,2.285983,4.934162,-0.338557,5.650664,-3.517476,1.711610,3.928084,6.058046,8.029259,2.544053,9.081594,11.942945,9.191423,-1.285483,3.955543,8.276645,3.608634,6.151928,14.493612,14.593514,9.499366,2.862559,8.828884,8.567350,9.482229,8.748861,13.656344,15.954618,12.444171,11.453629,17.206079,17.562141,14.463095,14.233895,13.864305,10.079607,13.833420,16.194786,15.287646,17.837555,15.284754,13.859547,14.051477,15.411556,14.683390,10.359077,15.473352,4.658938,2.103175,16.773394,15.834122,13.748114,17.833302,13.993410,15.430458,11.495820,13.096424,15.748429,6.004436,7.860571,11.284248,13.106960,11.154018,11.455239,5.650067,4.834196,12.415342,12.042971,7.194266,14.590482,17.271553,14.499376,6.173478,17.606829,18.173512,16.520126,14.041301,14.773320,15.400614,9.507726,6.787962,13.610941,16.583946,14.790864,16.780107,13.459126,14.571089,15.238602,16.128601,13.629168,5.140248,6.174396,10.955601,2.857569,-0.546748,9.897610,5.303530,13.796569,11.471165,5.280669,7.397048,2.703718,-3.386314,5.752220,0.869666,7.750280,8.613612,4.198393,8.087464,3.186346,-3.845298,10.025004,9.088873,1.117131,-6.330321,-2.180178,6.561987,-0.652837,8.344557,2.973813,5.628929,6.644852,-0.852518,-2.609023,9.898647,11.061476,6.568527,7.136369,4.199059,8.376350,10.831413,12.794408,2.884250,4.935969,12.753038,9.937434,7.698082,14.580850,16.437248,14.333114,11.947131,12.437190,12.397331,13.583341,15.067235,10.368067,-1.552915,6.773941,8.406826,6.603258,11.589665,14.412411,13.369695,12.281687,11.702223,12.406601,16.821712,15.523746,11.155967,11.540998,10.638340,7.772112,14.081050,14.378851,9.443153,10.609759,15.294508,11.924510,11.196226,18.369640,18.448021,13.925976,12.235995,16.563210,15.622140,13.955093,15.932203,16.133133,12.694550,10.500193,14.092196,15.365036,15.415949,14.405329,10.346691,11.871780,11.281763,6.531870,12.014132,12.930996,10.811655,3.807303,12.273908,12.149859,15.035906,19.719851,16.792072,14.265060,19.490971,17.668404,14.467934,19.738379,16.803457,6.324152,17.185692,16.593119,8.997045,20.102398,22.610744,15.125212,17.606514,22.858669,18.384192,18.999832,24.831081,22.074562,19.637339,25.127260,22.714375,18.620533,25.822254,25.274858,17.336519,23.855219,26.150324,19.865793,24.638769,28.882023,24.055347,24.175098,29.183310,24.503780,22.205629,29.386873,26.456558,19.458582,28.174736,27.463753,19.253662,27.994286,29.447489,20.728485,25.714153,28.999702,20.207521,22.953321,29.136749,23.968870,19.620474,27.429707,24.401581,18.080082,26.216715,24.645134,14.646027,23.399738,23.123608,10.463230,21.967579,25.503105,19.256552,19.726603,24.120180,18.778208,17.186876,23.028797,19.698256,15.332965,20.138607,17.542685,12.760138,18.712570,19.106533,11.622767,8.035773,10.217087,11.816095,7.959009,7.954375,1.786979,8.435889,7.877961,5.597692,-2.818321,5.265689,11.579199,-10.206629,5.876347
[0;32mI (26200) ANALISIS_ESPECTRO: Frame exportado | t=25.54 s | pico=93.8 Hz | 62.7 dB[0m
SPECTRUM_FRAME,26.565380,93.750000,65.644547,hann,512,41.697723,37.110832,61.362766,70.112427,66.261497,55.584911,65.644547,64.272324,50.803368,57.638477,58.938618,47.122993,50.157166,54.034210,44.221859,47.641991,53.742443,46.454498,41.669392,50.428143,46.080452,31.369497,40.348007,38.823551,22.343472,31.562374,31.561581,18.607174,34.223705,37.164749,26.882042,29.903286,34.617558,28.010351,27.224617,34.578400,30.062611,21.836395,27.886784,22.407923,24.988163,38.280712,38.016338,26.750469,37.782719,40.262722,30.957218,29.279850,33.991692,27.358742,24.909670,30.699608,23.856358,22.568054,30.026064,26.605425,15.330452,24.620193,23.496534,13.224047,29.743469,31.258020,19.590733,25.967972,29.992481,17.122740,18.407501,22.906559,8.609663,20.236126,21.419979,13.864957,19.066299,23.238716,19.061951,11.491089,17.446972,20.587427,12.692318,19.829531,22.647465,15.656492,22.242294,26.312111,21.128086,19.990671,24.719603,20.496941,13.008093,20.286480,15.672107,11.094223,19.944817,20.066811,14.941179,25.364782,27.540190,21.254351,20.920147,25.686663,20.390102,2.984111,14.412300,9.082639,16.239611,24.537437,20.814632,10.214605,21.257765,21.808405,10.342584,7.142465,9.605803,13.249054,14.541970,21.805840,13.758415,9.222829,22.258034,14.839685,14.363401,18.520412,15.344666,10.967434,13.081855,16.867563,11.369972,8.337897,14.448758,4.289160,16.037935,13.815793,-12.749066,13.299412,15.374067,7.356446,4.584335,14.096946,14.234638,12.843448,14.805608,12.742712,12.447878,15.024171,13.343899,4.904265,7.730494,10.742845,2.909123,10.423948,12.355637,7.756721,6.566563,13.107302,9.143695,8.109456,14.646807,13.255556,15.666318,17.015368,12.873544,8.713599,15.743397,11.905722,1.766959,12.803942,12.165091,4.909423,12.017225,14.895916,6.393215,4.115560,11.567773,10.623638,-0.390962,0.678707,5.596214,9.398685,2.663622,13.619308,13.173127,9.664714,14.696373,14.221510,9.449124,10.185166,14.693134,11.899682,14.204422,14.203074,8.202406,8.230967,13.692286,12.214750,11.798116,10.739838,8.838834,7.106932,-9.759645,5.000947,11.156315,12.237016,10.652208,14.175322,14.590239,9.478035,10.022288,12.135453,11.424667,9.263536,5.160111,3.934589,-0.652578,6.306090,5.717422,6.157272,-0.349396,2.806877,-8.159410,5.856924,12.238955,6.971244,10.266418,10.807783,8.097097,11.607079,14.121960,11.585997,14.738338,16.127436,15.311920,15.405029,15.549565,15.925278,12.761898,9.079639,10.950640,6.822808,5.280600,15.194231,17.136490,12.814333,8.199429,12.325173,11.278088,12.695473,12.397715,6.479917,11.554850,14.988308,0.483502,12.734634,14.556698,9.961864,6.164931,5.922368,12.608323,14.498854,7.164916,10.980824,15.332840,6.211305,5.819341,13.880985,13.201391,12.018471,7.022206,12.181005,14.113631,12.212044,16.059530,17.566412,16.620256,15.825566,16.924770,16.036278,18.026350,19.659327,19.160774,18.358767,18.334490,15.881390,15.501665,16.748589,13.358683,10.064670,3.234698,12.284426,9.885510,13.571899,15.641641,15.745088,15.291167,15.328018,15.842493,12.626265,16.021877,18.439348,16.878855,12.847162,15.080515,17.384615,16.693760,15.067082,15.185875,14.353607,8.467921,7.428767,13.280887,12.921780,12.860106,7.857016,10.441082,12.417929,13.863963,15.059294,16.054270,15.213469,14.085599,15.683222,15.897202,15.777193,16.630308,17.685232,12.881170,5.041685,7.107043,8.893003,10.568361,13.818721,12.985079,15.047386,16.117050,13.228071,13.071184,15.698695,14.331984,4.191455,-0.348285,4.215733,3.386941,-18.791178,4.348891,-1.929669,6.137253,1.592937,5.116029,6.617332,12.509594,5.887514,0.763818,11.803323,10.371713,7.288537,14.545050,17.264645,13.263195,11.257116,14.211361,15.670251,14.268223,13.937769,10.602288,5.165401,7.229423,4.569909,-6.242256,4.042068,13.607815,13.840773,11.558590,7.904509,9.913641,12.294689,11.678810,1.578069,5.759819,0.776919,11.056062,11.605104,5.175677,8.662031,11.049507,-4.449244,3.955901,10.478444,9.401926,10.317551,3.910700,-1.440368,12.297367,9.773770,4.777430,10.175157,11.848893,4.814287,8.793262,12.395116,10.077554,13.226715,11.063231,9.287889,12.683226,9.533456,2.113411,1.349333,9.830162,7.472228,2.486779,11.276552,-2.902065,9.817381,13.135419,6.124918,12.707200,-0.223213,6.288718,5.882554,14.120041,17.084295,9.180711,11.769504,17.926708,10.140533,9.535203,16.531395,7.694818,3.831855,14.501308,10.466024,6.524474,20.365269,21.087414,14.127120,18.465191,22.730633,16.815533,18.496195,24.043430,18.902691,15.001730,23.492653,20.221975,13.992606,24.122942,23.459932,13.848367,22.201511,24.456085,17.221529,23.999699,27.237011,18.769121,22.443779,28.274843,20.886692,19.662006,28.922289,25.022640,14.367652,27.769203,26.969997,17.676350,27.911444,28.969278,19.052650,25.466196,28.533697,19.087694,23.132694,28.295113,20.549397,18.787590,27.655205,22.499619,16.096807,27.464077,25.161198,14.011028,22.832619,24.000336,15.813522,19.848497,23.586632,17.444679,18.288586,22.989733,16.163189,16.109297,23.092756,17.656672,2.060797,17.324865,15.721943,6.893041,15.303991,15.294772,3.048199,12.240774,13.896798,5.137960,13.046533,16.432365,11.375940,9.185699,12.444468,10.855906,13.863993,15.691624,12.650381,12.067662,10.739041
[0;32mI (27220) ANALISIS_ESPECTRO: Frame exportado | t=26.57 s | pico=93.8 Hz | 65.6 dB[0m
SPECTRUM_FRAME,27.587734,93.750000,66.571846,hann,512,45.158062,47.343361,62.394806,70.817856,67.283813,56.583679,66.571846,65.314552,53.052589,59.118248,60.090519,49.645569,51.473099,54.481918,45.153004,48.391987,54.033619,47.573315,42.957134,51.050728,47.063519,33.965267,41.708763,39.825207,18.490368,29.761101,30.325771,25.040146,33.358730,36.025650,27.865801,26.693695,34.159065,29.393587,28.461521,36.196423,32.174469,24.366072,31.321136,26.895081,24.107744,38.010208,38.129822,27.439861,37.753235,40.211632,31.064613,30.050385,35.139217,27.715528,24.813005,30.266092,23.112938,17.763651,28.466801,25.575485,9.996274,15.872728,17.515598,-2.588274,26.728828,27.873478,16.556166,21.761120,26.897842,18.552029,12.347895,21.205330,22.293709,19.034157,25.188543,25.582335,21.275955,24.667725,24.768812,19.571516,17.773052,17.788925,16.893677,21.022545,23.522673,22.364027,21.505318,25.966076,24.318611,17.300491,25.009361,23.607157,14.737912,20.887259,18.081955,13.670674,8.686081,20.772152,17.474453,20.891090,27.077038,21.265985,15.268173,24.745066,19.226971,7.173204,9.544323,11.685877,9.346229,22.890163,22.058414,10.620480,21.207781,23.109091,14.854128,9.249782,17.100109,15.784399,11.998671,11.601491,0.434292,15.564072,22.822845,20.276566,11.294060,24.378862,24.267082,13.900603,20.062111,22.148798,17.669920,15.704574,14.123979,11.831079,17.149210,18.962564,8.456876,15.445255,20.046806,14.439787,9.444071,15.337776,12.105558,4.413022,4.482507,4.476036,4.848096,5.252103,13.120374,14.078089,6.961373,14.641747,15.887341,12.515072,5.902948,11.941962,15.750372,13.710243,11.895533,12.102914,17.502296,16.715734,10.165874,12.796098,14.537403,7.680266,-3.567971,8.962823,-3.001235,3.451405,6.951604,-13.597754,5.326619,4.779224,8.660372,4.097161,7.260371,13.483205,12.186345,8.936061,14.579002,14.474612,12.421181,13.974836,11.907246,5.903740,10.375314,13.268050,5.871940,-0.147373,10.830706,9.228504,6.992946,4.072251,8.524311,11.680451,9.469213,7.925447,10.931885,10.139019,9.378525,1.720813,-1.136047,5.702274,6.022768,12.079397,2.523581,4.926070,9.450205,3.174631,7.926186,8.750010,3.538870,7.952784,13.128924,13.140947,7.303787,5.743853,14.010098,12.199744,-0.888401,10.072370,11.843313,5.651951,-0.938971,11.294780,7.009861,3.094607,13.914237,12.975935,-4.598305,14.266603,17.165325,9.908021,12.920365,14.928518,10.927557,12.536535,12.344316,4.249316,8.928060,13.004828,12.288946,9.504088,11.537703,13.026955,11.844732,8.366929,-0.955275,3.292409,8.510340,5.083417,7.321678,-7.825886,6.862369,10.753160,5.588637,10.981593,5.791470,2.327352,12.437181,9.820683,-0.396208,15.588943,15.766256,3.766509,16.513039,18.798538,9.103792,13.389965,19.388525,14.735627,12.960492,18.777508,15.203732,12.159636,19.683243,17.107981,8.155879,18.903946,18.179600,6.561120,16.254980,19.062359,11.069766,15.642594,19.711262,12.503035,15.146700,20.403833,14.490542,13.890065,19.164005,13.668418,8.307354,16.855143,14.544125,7.353029,14.250872,16.089857,12.772551,13.290874,15.906892,14.903860,13.981352,13.830184,9.891990,10.065720,13.984280,8.200377,-0.332799,13.890877,14.587655,10.793399,15.245447,17.117147,14.409794,16.041094,16.734850,11.847816,11.766162,14.692068,12.041106,6.463026,10.043442,12.775620,11.116468,10.444118,13.135899,10.346590,9.945298,12.431618,3.709950,2.478367,12.406775,8.234977,1.223822,12.013189,10.816685,7.921619,13.416606,14.001168,11.378651,14.423336,14.800938,11.525636,14.801583,15.887321,11.235508,12.821237,15.183219,9.150198,2.977455,9.033841,8.873077,3.457767,4.938688,-0.929123,2.065680,13.295349,12.326969,8.175443,13.756198,12.263402,11.376771,15.093790,9.114697,8.966352,12.230721,9.663271,8.461452,7.996119,5.902466,1.556231,3.093041,10.547151,13.365620,5.433150,10.813856,17.655550,13.797634,10.310543,15.906629,12.009251,6.685420,9.463505,11.052076,-4.908168,10.496493,16.335279,13.116304,14.441318,18.027441,16.379166,16.037294,16.737471,12.426073,11.371460,16.083933,15.478302,6.969492,14.120031,17.451641,13.465408,10.052198,15.635763,12.100540,5.460730,8.568768,7.469229,9.082716,4.245939,6.668705,9.879035,7.516384,2.412862,6.791780,9.577312,5.951071,5.274432,1.609775,1.764262,7.187277,7.240625,2.492825,-0.919643,12.315679,6.807528,-2.787830,16.172180,11.753510,4.107417,17.444530,16.196840,11.379555,18.921768,18.591967,15.192482,19.515924,19.655695,14.051256,19.068024,22.227957,10.834092,15.290035,23.196257,18.628181,11.976585,23.873535,22.651501,14.579006,24.318127,24.985857,14.774469,24.401306,27.336264,16.182745,22.758747,28.572218,21.455536,20.809858,28.814714,24.152012,19.112551,28.364038,25.959852,18.231522,28.219074,27.825680,16.439402,27.004282,29.158056,17.532843,24.087929,29.239212,21.078274,18.937183,27.750414,23.392870,15.264001,25.968916,23.556826,9.311822,23.329279,23.533283,6.816686,19.513071,23.912796,16.203411,15.403390,23.536068,18.855131,17.185347,22.796730,16.991140,16.276587,21.139000,13.401493,12.988991,19.123146,10.464729,11.063513,12.780821,7.790081,11.142467,-0.641325,10.818731,12.615699,13.136198,17.190922,13.370723,13.225908,17.763140,12.586828,-4.147100,12.635709
[0;32mI (28250) ANALISIS_ESPECTRO: Frame exportado | t=27.59 s | pico=93.8 Hz | 66.6 dB[0m
SPECTRUM_FRAME,28.610097,93.750000,67.051773,hann,512,40.911041,41.523491,62.728134,71.350792,67.659149,56.057442,67.051773,65.600624,51.275421,59.200058,60.091629,48.344978,51.114697,54.757599,45.105240,49.301445,54.927670,48.019005,43.819786,51.779896,47.292839,31.732500,41.805401,39.513008,22.412609,31.785843,32.891636,19.971741,34.493145,37.420132,26.617035,30.390854,33.964695,25.590963,29.324474,35.171333,29.614428,19.732796,30.449171,27.835014,25.986439,38.650745,38.680840,27.190416,38.522881,40.371746,29.769068,29.950840,34.377918,26.492002,25.775875,32.320007,26.360405,20.445202,31.431000,28.895954,15.601868,21.814917,14.420317,21.191427,31.117188,30.698112,18.070969,27.829651,30.145758,21.247780,16.212646,21.933723,17.419590,16.996355,24.109592,18.297932,9.041082,21.904364,21.368464,13.543268,19.210663,21.524393,15.113994,20.313072,24.640131,19.694481,17.569284,25.113544,21.061247,11.049766,22.603912,21.421429,17.225140,18.465719,15.733036,17.464092,18.376839,19.701227,18.279728,24.269222,27.043480,18.005089,21.515348,25.525036,17.636341,12.313629,12.955171,10.383894,13.923071,22.381577,23.408154,15.028638,22.158758,23.093500,12.860440,9.560713,13.623744,7.422313,10.923676,14.746132,15.032376,14.657969,22.690351,20.994732,11.299931,22.463255,21.281937,10.668432,13.753691,18.438656,14.286972,12.992057,15.869341,12.586640,17.459930,21.962233,18.484646,14.354487,19.310286,17.237206,9.309087,-7.471683,11.122016,12.462629,14.357472,14.365850,3.967348,18.011614,19.279125,14.803289,11.411034,16.791267,16.653669,12.281414,3.669096,12.220486,15.340151,12.734307,11.869836,13.210441,18.368809,16.588768,8.359914,12.436296,10.450896,-12.137829,-7.818599,5.993351,10.057753,-0.565741,11.075375,12.199908,-9.534409,8.119210,-3.395964,8.601234,8.517145,7.709936,4.861028,9.203264,6.056340,9.525603,12.559861,6.459426,6.458781,15.766394,14.495138,11.344552,12.198118,8.381162,3.202726,-3.760221,5.986111,8.146562,-3.808895,12.329626,14.795121,4.990602,7.428174,8.686745,9.815188,10.291848,14.441189,7.076616,6.130536,16.329569,15.612324,10.467449,13.210182,14.579123,15.569263,8.964956,13.063648,16.848740,11.109339,14.401237,13.795241,8.852788,7.923622,13.204946,9.104431,7.334074,10.965384,-9.841405,12.595808,12.133410,2.494533,6.256141,9.568823,9.515534,1.395471,9.113184,10.419263,7.186594,3.017991,6.285169,12.825069,11.328797,10.500012,14.911160,7.843681,5.025408,8.321921,3.748710,9.681152,7.654884,11.443273,14.459439,14.855232,18.719534,16.441170,12.066937,16.733427,16.200998,5.488548,14.877387,14.852458,2.727809,12.888792,11.787037,5.475595,11.459517,14.512452,6.129827,6.581104,5.799137,4.094832,14.204192,17.287081,8.455843,15.692973,19.681236,16.931732,-0.256131,18.774870,17.876999,3.265772,11.341043,8.655043,8.739083,7.151221,13.020305,10.186806,6.858990,12.193645,16.366573,3.103305,14.731457,15.117751,6.288892,15.149849,13.297260,5.844865,17.071026,15.608847,4.260755,13.907921,9.215433,6.891155,8.593628,12.977744,7.459135,9.182079,13.571350,15.831150,10.154486,11.442943,16.128345,13.695457,-1.275251,10.827721,14.223358,11.536084,10.957767,4.981565,10.541861,1.568148,1.397773,7.915010,8.200214,-1.158606,12.008699,10.811034,8.720533,3.829902,15.650668,15.803495,-15.313236,12.501656,11.555666,9.621535,0.598642,6.067404,6.970001,-1.234626,7.922103,10.870971,0.250755,9.564716,10.963762,1.224934,-8.001064,11.916553,6.169524,6.051424,10.118362,8.154734,13.556342,-3.168287,7.412166,7.845016,3.079140,-0.467104,-0.121448,6.437836,4.039052,8.564563,12.816812,4.598863,11.781713,11.631827,4.462655,5.444525,4.678841,1.251414,10.023472,9.712790,5.145716,8.803473,8.249718,-3.959325,0.823963,4.608138,8.746835,10.706496,10.259218,7.368093,6.718728,17.863173,14.144594,4.942259,15.203159,14.041567,6.456879,8.323753,11.587653,13.473469,4.415046,8.336155,10.887030,-5.544950,6.923090,-10.244979,-4.129170,5.718694,6.897209,2.759647,8.561925,15.206696,10.581205,10.812711,14.856047,6.568666,7.272975,13.560013,9.195217,11.417846,14.230202,2.890614,3.305453,13.043009,12.672876,-1.192611,8.909576,8.988903,-3.605789,12.293779,14.551841,3.386210,13.045746,16.485939,4.936706,2.383183,17.321766,12.548315,2.215886,12.731668,9.737806,9.228069,19.619587,16.718500,10.818575,20.061100,19.612309,10.111191,20.968704,22.303143,12.312063,20.170900,23.253292,14.227978,19.151833,25.750170,19.749676,17.062044,25.072586,22.085365,16.443880,25.459530,24.244766,16.452492,24.489592,25.353245,17.205578,24.359968,27.490244,19.072086,22.634554,28.160320,22.441612,21.023827,29.328947,25.472759,18.596636,28.317175,26.989901,16.318577,27.743311,28.481894,16.373674,26.047588,29.220011,20.657604,24.878002,29.652222,21.925278,22.101154,27.690548,21.410639,15.964240,26.520370,23.483103,6.371250,24.145142,25.710739,18.351828,23.338060,26.104460,19.763039,20.312214,22.827175,16.654222,16.164295,21.037523,14.866542,7.975476,17.446486,17.221777,13.240330,18.557108,16.882725,14.192396,15.599667,12.263699,3.558518,12.485080,13.738449,-5.703619,-5.154014,7.956520,1.555521,7.402090,12.939939,1.832799,10.675893,11.507201
[0;32mI (29270) ANALISIS_ESPECTRO: Frame exportado | t=28.61 s | pico=93.8 Hz | 67.1 dB[0m
SPECTRUM_FRAME,29.632459,93.750000,64.637711,hann,512,32.628277,37.220356,60.160690,68.777664,65.158493,52.941772,64.637711,63.187328,48.132896,57.172199,57.996044,46.293751,49.254417,52.806297,43.101898,47.347561,52.880596,46.044792,42.450035,50.479549,46.180859,31.693058,42.547222,40.474491,26.390333,31.534327,32.289928,22.365459,37.638378,39.799606,28.378752,33.754616,37.134262,28.680899,25.442144,28.827181,24.014263,14.623471,22.786251,20.401199,24.286402,36.279762,35.772034,23.498821,37.770687,39.009655,27.317894,32.148258,35.233334,27.268326,21.054373,28.309431,23.231422,24.740459,31.674961,27.815054,19.651752,25.113068,20.761524,13.589583,25.027901,26.910717,18.452602,27.099388,30.432373,22.637085,22.202209,27.309504,21.289379,12.798997,18.914635,16.713375,12.341534,21.700409,18.218637,6.089294,20.174314,19.496059,12.380343,17.910654,22.853752,16.309551,23.329506,27.037821,16.960794,21.415995,24.913721,13.125033,17.019136,16.607224,17.214165,16.061672,17.573225,22.384661,14.892303,19.170279,22.704994,13.033916,20.362711,24.092415,16.357132,14.950448,20.514738,14.933460,11.361244,21.319000,19.235352,13.098042,25.058100,24.361996,3.913746,19.717648,20.480236,11.700755,8.238865,16.435047,12.634207,18.039778,24.458363,20.473097,15.852537,21.996119,19.539534,11.257790,11.568144,7.061431,11.036458,10.340156,13.423686,8.649555,12.954510,17.256601,13.262235,12.815351,16.161652,15.728315,9.970048,11.068733,14.957296,12.204019,1.896128,12.995337,14.315776,16.679274,16.264107,14.184709,16.696493,13.880023,7.688837,11.048594,7.725010,4.571019,9.210551,15.492800,12.300350,6.894791,17.001795,12.285959,5.701876,8.292711,4.984201,10.344195,8.339128,-5.170009,9.206963,11.248962,8.119564,11.724348,7.889305,14.626366,14.542994,-4.277420,11.947097,13.200555,-3.190333,5.149014,6.196627,8.412268,4.225650,13.124088,16.527597,6.725757,17.448822,17.355007,11.376484,15.289328,15.919808,6.965971,13.347077,14.845884,10.257690,15.931859,16.468748,14.706480,14.810942,14.095675,12.114243,12.061419,5.788852,-4.339399,2.165356,5.343325,12.125677,-1.462118,3.432062,7.371809,0.459491,7.465012,11.669207,3.694935,7.573915,13.404561,9.432827,1.288080,6.062728,6.111364,8.435322,6.063166,6.496924,5.222350,9.276618,7.591150,8.329372,5.574677,-9.489657,12.458401,14.431789,9.540889,8.469776,14.694510,14.729099,10.542575,8.519293,14.462937,9.354935,-2.424352,8.730304,7.524019,1.719022,4.471087,2.055742,1.193396,8.508100,3.149362,9.830921,9.431008,4.104988,10.651292,12.127636,6.516504,10.522532,11.402507,10.174894,6.348704,-1.313174,7.829255,11.649533,13.436165,3.308370,14.170864,16.603075,7.299334,14.658485,17.910452,12.673427,14.166700,17.034294,15.339396,14.679452,18.660683,16.381786,17.927910,19.552088,15.205240,16.271952,19.590176,15.030366,12.359829,18.037891,15.028838,7.221129,13.942904,15.912849,14.492233,12.139372,15.141106,14.910534,12.015218,15.351044,14.812527,12.853337,16.260849,13.835196,4.370372,13.865666,13.118822,10.267149,6.381199,9.993547,12.620827,12.299810,15.557436,11.444553,14.263813,15.510097,11.193152,8.435296,10.458456,11.765409,7.888362,3.963238,10.745968,11.519494,10.245055,14.265215,8.989829,7.618942,11.722531,10.932425,-3.448244,8.100731,12.643276,0.409171,1.475754,9.176170,6.651868,-3.224658,3.602372,5.479908,-3.597254,-3.857628,4.185315,4.226994,8.461858,5.538553,10.198633,10.296576,7.572236,8.554738,13.099405,10.466169,6.528294,9.750797,9.134021,-0.739202,5.160668,5.852275,-4.560784,5.486341,-7.211696,9.932755,12.094999,7.603999,14.801628,15.051919,9.048594,15.093392,15.278145,11.824604,12.243184,11.341052,8.994823,-4.077005,6.420546,3.208838,11.572504,14.927004,12.362692,14.523115,15.861325,14.214282,15.455494,12.674550,11.188254,9.834414,3.581155,0.597328,-2.334030,9.256436,7.065475,6.855958,9.254965,7.217405,8.806514,8.755926,1.932031,6.071589,4.044700,3.181930,-3.299473,7.911753,8.584037,-2.617574,-4.433422,8.818790,9.950984,5.524120,7.424899,11.344435,9.613448,7.791238,10.930021,9.278181,10.611987,12.890608,10.874667,6.184352,15.236910,17.501591,13.250427,12.546040,16.499020,14.740453,9.849237,11.547832,11.217550,12.222718,9.716082,13.520632,16.501541,15.046646,16.511362,18.246386,14.872971,14.744267,20.090761,18.095741,14.714424,20.159550,19.928534,12.697492,19.854481,21.132544,11.476350,16.650242,19.948929,11.908545,14.023638,21.716011,15.543300,14.819702,22.985508,19.203449,9.290487,23.173786,22.049351,-3.639827,20.168131,23.158417,12.687553,19.788265,24.908419,14.478289,20.083824,25.801338,17.395994,17.854687,26.521465,20.775658,13.545037,25.472057,23.476515,3.147261,24.850904,25.430487,3.230790,23.037060,26.353121,14.492224,21.356174,27.292328,18.864998,20.161190,26.726105,20.708557,18.728827,25.998373,20.985550,16.637602,23.625656,21.899258,3.878817,21.431416,23.749660,7.639236,18.452705,22.595387,13.151587,15.591731,19.878571,8.552876,13.336826,15.445829,10.642937,5.207805,16.027472,16.016911,-7.779315,11.770673,13.938639,2.297188,10.127616,10.459332,2.187097,7.414344,11.945648,11.452492,1.421418,10.679269,9.697481,-1.672545,-7.640594
[0;32mI (30290) ANALISIS_ESPECTRO: Frame exportado | t=29.63 s | pico=93.8 Hz | 64.6 dB[0m
SPECTRUM_FRAME,30.654820,93.750000,61.808704,hann,512,28.205437,41.195297,58.097958,66.203743,62.963737,51.055950,61.808704,60.632187,47.949776,54.431038,55.407349,45.847260,48.333191,51.349678,43.165813,45.596962,50.322708,43.901901,41.201576,48.309540,44.045719,32.824005,42.941227,40.694637,22.569717,22.272675,19.920092,8.575755,33.985104,37.131401,26.211378,31.755152,36.044437,26.069353,25.880213,25.879450,20.050390,11.718117,29.574577,29.226326,20.423107,35.644924,35.502354,14.565866,36.192047,37.416100,25.954906,28.571972,31.048872,22.511478,21.393988,27.707909,23.842009,24.386854,33.826263,31.306725,12.852639,31.250114,30.114910,8.200621,30.402525,30.624561,17.749613,28.009769,30.459225,23.417587,14.313766,22.875051,21.596260,14.832804,21.509304,17.327431,15.096063,20.632498,14.262049,13.579478,20.181885,20.493580,5.662917,22.036633,23.815802,15.711798,17.058853,22.294310,16.434656,13.434355,10.878792,16.322182,15.810621,15.207294,16.545103,8.019571,15.539952,16.731972,6.069618,11.827414,16.015587,6.250513,11.908306,15.804696,4.475696,14.955605,16.328518,1.768948,15.219345,17.996004,15.262854,5.763309,15.697846,16.993843,8.471486,17.530825,18.156494,8.605055,22.367928,22.145405,5.483797,19.983505,20.329979,7.412815,11.683395,12.866096,5.161283,2.313692,17.019577,16.911726,-19.803246,17.953976,17.248573,-1.541969,15.065399,15.277295,7.503520,14.238000,15.712467,12.158928,13.801155,14.310141,7.709393,13.913960,11.960852,-14.306394,11.141892,9.099878,5.758779,13.690855,5.808083,8.316407,13.140617,7.306430,9.637624,13.793763,4.045300,10.181793,10.215768,9.006321,5.774617,-8.458469,2.729352,10.808176,10.763796,12.773671,11.703867,13.510992,11.720030,15.591490,14.835910,7.455212,14.614641,14.861210,14.507751,9.563210,2.499889,12.302228,13.567821,9.828422,6.967128,-2.457171,12.949824,16.186838,10.686522,3.823405,12.278518,10.352850,9.275939,-1.817881,6.394203,6.180407,-5.063986,3.640333,6.546363,2.691884,12.134220,7.783026,8.492415,14.537358,4.999634,8.526797,4.949109,9.008409,6.133330,5.489837,10.625006,3.566692,5.393375,10.072760,0.691504,10.982784,4.949758,13.021210,15.281629,5.184402,16.104040,16.045090,15.324242,13.275715,14.928865,16.483509,12.010236,4.684225,12.315112,9.679929,2.713833,6.409242,6.222047,6.173746,10.796714,16.460913,10.737429,12.765751,15.346100,9.638418,12.726528,16.303377,6.966462,11.576229,13.477388,6.722036,2.571280,9.441663,5.992735,6.987202,8.305250,7.011195,11.482100,7.027075,-2.058019,10.437747,10.220237,-0.052902,6.996922,7.725363,8.246031,2.320915,13.154330,13.438778,5.832667,8.248702,9.572690,11.949863,6.685255,7.769526,11.952879,10.996237,12.619086,14.835731,10.703645,13.708514,14.018798,7.858473,-13.233862,9.139222,13.278481,11.651645,14.385847,13.116127,10.218130,16.383232,16.210598,6.732166,16.332724,15.021362,-8.922720,11.456875,13.084116,5.279963,11.876931,15.664128,7.400155,12.391792,14.804835,9.729450,10.188005,12.386129,2.103501,10.246765,11.310124,14.427511,0.605708,16.484173,18.393814,8.928102,13.525456,18.774208,15.565610,10.005750,18.122786,15.198324,4.667163,15.035344,15.623405,9.141441,12.253804,13.755027,9.937203,9.980675,2.026708,5.090177,-2.498633,5.350761,7.061162,13.345922,8.508935,12.061958,11.773550,10.409653,6.134258,7.226627,7.596166,6.816236,9.417190,14.479624,12.099990,14.062216,14.334486,16.543634,15.089692,13.084757,19.142052,14.468646,14.483365,18.883484,17.528320,12.036176,17.087700,16.083128,12.580564,9.343847,14.166179,11.702275,6.345602,11.201385,11.849008,10.398007,3.878836,13.971376,9.216806,-1.324011,5.556631,4.194077,-1.331169,8.274217,10.990221,10.858983,3.472518,16.218029,14.955100,3.969598,16.226715,12.218428,7.231577,11.067047,10.665031,1.872789,10.920053,12.346945,0.862599,10.677980,15.858175,9.936717,11.192574,16.614748,10.683723,8.013237,11.077995,9.044717,-5.814218,8.264784,8.382682,1.077667,2.607179,-2.091429,0.294568,7.931033,1.300323,8.840827,4.172278,9.891519,9.712059,6.721354,12.114241,2.897202,12.221131,10.253122,8.230233,11.484526,11.933951,7.987391,4.049321,7.091708,12.165690,11.286657,15.866922,13.498318,16.931246,17.732136,11.468200,12.676662,16.899145,15.543052,6.517398,14.594604,16.204378,2.239666,14.286238,19.692375,11.182727,12.757259,17.732529,16.809351,-6.701556,16.442104,18.640774,2.849073,13.144510,18.210508,10.927025,11.955857,19.348623,13.581688,13.417866,20.627815,17.702263,17.472691,24.310911,20.969379,15.727884,23.880028,23.513664,8.664101,21.572289,24.351614,12.444687,18.537443,25.022459,18.946474,19.132235,27.536018,22.995604,14.932137,27.249928,26.149117,11.866075,26.264774,27.105152,13.061951,24.245228,27.279316,16.759304,22.088854,27.477818,19.201363,16.538160,25.326178,21.406984,13.557205,24.352512,21.406660,13.537826,23.115017,22.475666,0.927966,21.199934,23.385065,11.006273,14.559874,20.723246,16.646149,14.669169,19.131193,14.351149,14.420452,17.097509,12.519293,6.440974,16.930285,16.254732,4.044865,12.269842,16.768940,13.758245,11.350833,16.106005,12.585526,1.914646,9.340482,12.355364,7.674007,6.945732,10.962315,2.702453,1.710373
[0;32mI (31310) ANALISIS_ESPECTRO: Frame exportado | t=30.65 s | pico=93.8 Hz | 61.8 dB[0m
SPECTRUM_FRAME,31.677192,93.750000,61.141895,hann,512,33.615658,23.853340,56.826382,65.352150,61.876167,48.480740,61.141895,59.703712,43.379028,53.850746,54.572720,42.952980,46.612183,50.055576,40.872669,44.176159,49.451294,42.700996,40.565155,48.000725,43.748417,32.857849,43.461819,41.238777,23.214691,28.760666,27.719259,20.015194,34.890179,37.680099,26.493006,34.247028,38.186108,30.160467,24.402306,27.394165,18.167341,14.944720,29.815798,29.687531,15.589289,34.889980,35.077614,17.246841,34.183136,36.075279,26.088997,26.844282,31.100788,24.395008,17.971094,22.816917,17.302471,23.839184,32.597134,29.712362,15.947842,30.983009,30.022663,3.373604,27.551849,28.117966,12.702379,26.762913,29.326221,19.895809,21.725388,25.777164,18.779678,11.422934,14.596891,11.866907,5.629350,10.627061,10.102492,3.505206,7.927903,11.441528,0.838438,18.674377,21.378025,12.005966,21.212612,24.563324,14.923920,19.317616,23.230404,15.239655,11.356229,10.879564,9.347135,11.103715,18.811771,20.250587,11.334583,21.414543,23.183470,12.997086,16.670483,20.272858,12.135092,15.976149,20.617535,13.030149,16.406595,21.779968,17.488655,7.850694,18.376501,16.445990,2.314503,15.828953,16.027725,-6.574514,17.856201,19.111897,8.185386,16.396740,19.952421,10.330793,15.347677,17.154861,-1.953160,14.864154,13.010631,9.821728,8.610949,14.023376,14.331181,-3.978762,15.261591,15.176737,4.777980,13.484150,14.785355,8.753600,3.897542,11.758932,8.632261,11.323218,10.919706,-0.170436,13.299742,11.631399,5.264882,11.091425,3.596230,7.851202,13.166752,12.682266,9.326948,12.409632,16.389196,15.705702,7.152736,13.246304,15.951823,11.297127,-3.438745,4.934420,3.507197,1.475152,9.091788,11.119762,2.038924,10.428049,15.394660,12.066026,-4.896041,12.608858,13.266687,5.932610,11.211591,12.255432,6.312718,12.672863,14.306557,6.926078,8.864210,12.408417,10.152436,6.131039,6.284192,9.476583,10.944630,4.912301,4.617710,11.070312,11.763742,11.629329,7.335610,11.669971,17.008717,12.692688,10.487503,18.619953,15.527663,9.543299,16.243898,13.797482,6.322775,9.555031,5.447579,-3.399311,8.683983,9.529851,2.800603,10.325657,14.338013,9.531139,9.967385,14.200315,10.081004,11.107147,13.922733,4.207627,10.947242,12.185445,-1.099795,11.516125,9.123066,8.802924,11.589849,0.222396,10.182628,9.008223,1.137301,10.475838,4.329210,8.205294,7.981484,-7.557447,8.634496,9.319829,6.516856,4.046421,11.013716,10.708369,-1.355218,7.978143,10.392169,7.820086,-0.795385,4.224556,11.489392,11.762338,10.118557,12.328824,12.582197,12.727636,11.753987,5.921614,10.363295,11.232492,8.430921,1.277627,13.173690,14.140048,7.019639,16.295361,16.334152,6.631876,16.763350,17.735750,10.391027,16.587297,18.009459,11.358524,16.768549,16.611465,1.712698,15.567650,16.171219,11.763590,7.993226,16.646469,16.955379,-0.276655,16.567154,17.009850,6.260331,13.764715,12.886070,1.433286,7.652874,10.851165,12.450308,-1.818633,15.026759,16.745241,4.523489,16.251751,16.761688,4.959507,12.922007,14.774713,11.183653,7.819193,15.439320,14.236145,10.052139,16.174520,14.115110,8.466003,15.384097,14.818441,-2.057882,14.746023,17.030695,6.570107,15.378397,17.269871,8.347889,13.066685,14.778612,7.478842,10.485815,13.283051,5.938316,11.310567,14.551649,5.189499,13.105844,16.111954,6.280304,11.580688,14.810392,9.163605,4.735410,5.829237,9.882627,9.567132,10.390804,10.350084,11.469883,15.861345,12.783377,3.248988,14.167138,14.240982,9.025166,5.417945,13.924693,14.105992,1.790201,10.921908,13.217582,5.840254,8.158112,10.536488,3.997358,9.628051,13.653791,8.087456,9.150085,15.596175,10.744370,1.709441,13.343383,9.691753,-6.470413,7.260467,1.608568,-2.847111,7.439890,4.716738,9.407461,9.805010,11.754661,13.281485,5.859900,13.235537,13.196153,-12.479385,13.973749,11.535559,-0.550407,14.355931,10.939002,1.220165,12.810707,11.631716,4.845571,4.408594,10.616533,7.217261,2.312748,6.334887,-1.301157,7.833619,10.275913,4.749337,8.042471,12.901619,12.176874,9.506557,11.312169,13.251949,9.278360,6.252141,10.158267,3.378736,-4.022566,2.334742,-6.026067,2.931154,6.271781,8.809813,8.127426,9.947693,12.297536,8.315633,11.231640,13.871068,2.488611,12.450652,14.094419,-12.807882,14.766964,15.673689,3.357404,13.736961,16.848902,11.201431,5.655827,16.471098,14.377138,4.968252,16.711325,14.977297,8.544096,19.103035,18.150656,-1.205012,18.830219,21.269291,10.301766,15.407944,22.404842,16.552425,6.865572,22.405720,20.180456,5.440082,22.758512,22.505281,11.065011,23.309586,23.927685,9.368516,23.262875,25.703413,13.561788,20.703548,26.555290,20.154802,15.289474,26.259541,22.818670,12.664207,25.906218,24.300339,11.358729,25.896412,26.128723,10.685163,24.579237,26.876160,15.466700,21.994419,26.691057,18.290426,18.082415,25.791580,20.510084,10.991545,23.770115,21.089563,-9.502302,20.028015,19.864136,0.051745,18.732334,21.830009,11.118369,17.996847,23.750862,16.754827,13.745126,22.518618,17.770302,4.797835,17.110302,13.638744,2.629069,13.915515,13.079180,2.030466,13.321569,17.395237,12.463126,7.108821,18.169857,16.498363,11.543851,17.359337,16.271704,13.033842,16.282000,12.544230,3.904882,10.036936
[0;32mI (32330) ANALISIS_ESPECTRO: Frame exportado | t=31.68 s | pico=93.8 Hz | 61.1 dB[0m
SPECTRUM_FRAME,32.699543,93.750000,61.671425,hann,512,36.525627,27.382013,57.064445,65.583435,62.171513,48.748280,61.671425,60.247082,43.430237,54.726234,55.208508,43.033661,46.709396,49.940773,40.371780,44.454308,50.241524,44.082657,40.936707,49.073166,45.198555,33.338257,44.129215,42.011986,26.458719,32.856148,31.854465,17.614372,35.606503,38.916298,29.653568,34.534462,39.880608,33.542053,24.807259,33.719910,29.519993,23.084652,30.911690,27.962982,20.693567,34.936100,34.616058,13.474663,33.641312,35.291515,24.509928,26.534527,30.966469,24.489805,16.550119,23.830202,18.214191,19.088795,28.008003,25.815355,-5.557247,24.261368,25.203159,16.981028,19.749060,22.251225,16.504539,23.278984,27.826616,22.812447,19.143417,28.501621,25.524519,8.657131,24.214901,22.910473,7.366681,14.951658,13.959714,-4.863992,12.701397,16.175058,9.407982,8.026084,12.547276,6.937315,20.347683,24.022171,13.743421,20.472965,26.317184,20.235954,11.957930,19.281000,13.700112,4.278495,19.102169,21.710361,13.215423,23.579760,27.004129,19.426350,17.890537,24.332380,19.008186,11.429639,13.909269,6.340637,12.853832,22.126076,21.161119,2.786173,21.449144,21.786386,8.859522,13.877901,14.871456,3.489038,9.021064,16.633715,15.124742,14.644201,23.046572,18.903580,15.607531,23.556973,17.864237,14.459004,20.051992,11.165819,13.419018,10.673729,9.844202,15.614091,5.299731,19.076670,16.385578,11.472418,19.654978,15.734162,5.563475,16.143990,14.206383,1.420546,12.014208,15.358953,12.090608,17.125923,18.959391,15.106420,17.912100,18.590883,15.237356,16.469749,15.159484,12.895970,18.162800,17.122921,-3.328080,16.814390,21.421700,16.060686,9.113981,20.363171,19.462809,8.820560,11.351231,17.454948,14.020582,7.844498,5.972102,9.572573,12.177583,14.186733,10.291145,8.310956,15.913685,14.886804,-1.049535,13.508750,14.965739,1.846701,9.427034,11.768532,3.602371,2.163321,10.837311,9.451843,4.774971,12.367534,11.204082,10.242739,12.617273,9.400187,11.735289,12.274996,2.028798,3.781952,13.207333,13.405848,4.008155,14.527492,17.089752,8.933533,13.560505,16.470558,6.114674,11.336390,11.862410,-2.113968,9.859560,5.072973,9.661825,7.161398,8.878433,11.734190,6.620657,9.633359,11.725231,5.934906,10.864481,13.040973,8.989627,12.717843,15.767884,10.350747,14.492674,16.776283,9.784994,13.348129,14.879854,9.527303,4.149282,9.214765,9.347602,7.531179,3.767940,4.936765,13.443220,9.329191,0.863727,12.979311,10.613016,0.182117,9.759462,5.348732,1.309668,3.622952,-3.214100,6.103289,7.782454,10.772255,9.445477,10.403981,14.064358,7.792253,8.915494,12.891359,-1.212665,7.793817,10.559586,6.520153,8.481933,13.916024,12.669578,6.666393,14.644049,14.707417,-0.647349,13.494877,14.824806,-2.105366,10.673223,13.806125,5.264143,8.176273,12.288252,4.264078,6.042991,9.877423,2.502968,6.672183,8.392889,12.880760,11.616240,3.171744,17.558010,14.940083,6.307822,18.785858,14.769066,13.465681,18.669632,10.982623,16.009739,18.646687,11.107855,12.799591,16.355045,16.036951,-1.956356,12.656222,15.045270,12.146471,14.669083,10.197753,12.286150,16.499666,13.651475,6.823436,13.748621,15.517162,10.201416,6.133287,14.284296,11.739012,-14.546764,8.000683,8.627810,-4.820157,4.910435,9.894418,5.313162,3.375898,13.157992,11.420207,2.253922,13.311216,11.211718,-0.086549,8.671686,4.693386,3.695055,8.436131,0.262632,13.712626,11.479522,7.816260,15.598230,12.791909,8.100225,13.258690,10.176016,4.863719,9.293445,3.837762,6.543464,10.704146,11.735144,10.326386,9.956505,12.640920,11.716708,5.398096,9.142206,9.100623,6.248042,-3.574145,10.422231,14.065333,6.843552,12.513060,15.834938,11.046761,7.117695,13.201665,11.395569,3.374779,9.103576,10.419303,3.916935,12.582555,14.575741,5.689356,9.451802,14.089208,10.767869,6.459934,11.372223,11.399087,12.624641,13.280308,5.904691,13.184143,15.758842,6.729025,11.259256,12.875195,8.836974,1.442076,6.771461,10.906334,6.056700,10.337997,9.452250,11.640029,14.837240,9.454890,11.657154,16.318914,8.750640,3.450875,11.580122,8.581637,7.494165,6.900454,9.012080,12.495872,14.334995,11.543241,11.235693,15.997740,14.922455,10.037767,13.634626,16.092264,15.490271,14.281399,17.213425,17.201696,13.916088,14.322348,16.492723,15.584188,8.311425,12.417584,16.837137,14.433889,12.143267,17.204102,17.679461,17.023981,18.335089,15.762410,16.477959,21.246628,19.874029,12.739549,20.786880,22.429897,12.835979,17.856754,22.956661,17.441853,15.038257,22.514320,20.072889,14.443254,24.468624,23.840391,15.574216,25.209818,26.183685,16.300026,25.504616,28.326244,20.120865,24.547503,29.302948,23.945442,23.023939,29.908066,26.312084,21.268110,29.543112,27.872419,18.408255,29.202587,29.423672,18.185305,27.486385,29.622616,20.529919,24.868746,29.358170,22.640926,21.304230,28.488295,24.882610,17.394432,27.842503,26.002558,15.249449,25.601587,24.942272,9.957294,22.862864,23.977016,6.192363,18.548542,22.752693,15.476025,12.361740,21.575760,16.511221,9.716209,17.942768,13.814534,6.744052,17.153107,14.899624,3.204710,14.597639,14.748364,7.707072,14.054646,13.206939,10.265628,14.171938,11.640415,0.105158,13.709664,15.066758,1.563356,13.220129,12.944519
[0;32mI (33360) ANALISIS_ESPECTRO: Frame exportado | t=32.70 s | pico=93.8 Hz | 61.7 dB[0m
SPECTRUM_FRAME,33.721907,93.750000,60.602615,hann,512,39.486969,36.809456,55.967617,64.493164,60.973473,47.318291,60.602615,59.047260,39.417553,53.621349,53.939629,41.119026,45.273972,48.149559,37.430687,43.719082,48.767693,41.271992,41.142902,48.307034,43.715027,34.255119,44.377979,41.793938,22.390411,33.876320,32.514904,19.243105,35.125286,38.287415,26.793591,36.112663,40.371979,32.435753,29.226109,34.703159,28.370047,19.509258,31.664814,30.636913,17.665739,36.063503,36.170448,15.901005,34.340321,35.554306,22.596687,27.570473,29.585964,18.354971,16.423916,20.408539,10.131674,20.574326,28.357697,23.682539,18.710751,28.515301,26.362926,9.177444,24.351917,24.794340,14.368778,20.034035,24.310875,18.854559,16.734833,24.814444,20.771156,10.640821,22.792604,19.970726,4.190256,18.481571,16.120440,4.002534,13.540098,5.814555,13.153559,9.832410,10.990271,17.072212,17.148411,20.186750,15.106688,19.142326,23.479877,16.951256,14.336569,21.025139,19.026207,6.240190,13.307910,17.082804,9.696006,18.252632,20.800018,9.718710,14.759701,19.894203,16.044100,2.109511,15.928597,16.536333,12.871073,20.771349,18.731510,3.404611,19.495512,19.191185,12.306176,3.006650,14.029963,13.455355,14.970441,17.465775,9.919834,16.766901,21.090582,16.189465,11.258944,20.060257,17.223499,2.423154,13.814360,12.937067,-16.121094,6.944048,9.683373,6.768785,13.317614,17.465832,14.078413,13.702229,19.575785,17.011518,12.860284,17.946068,17.680943,12.734177,15.203024,17.405098,13.377728,9.463058,15.044061,12.511246,4.728787,8.309389,2.766465,15.109053,16.068367,10.545465,16.648279,19.170706,16.068882,13.916780,17.511280,16.948301,10.964499,10.609254,12.339391,7.324796,-4.920930,8.474881,6.030710,4.324864,14.221164,13.131728,3.254199,15.302275,16.137165,5.002940,10.556369,14.064416,9.264402,10.170219,10.935688,6.137882,14.537959,14.920050,3.375285,12.890680,17.416779,14.725480,0.464705,15.175776,15.837011,6.713151,7.979498,12.921294,9.189614,5.682617,7.483156,3.821380,8.492807,11.602829,5.188016,5.922954,12.397840,7.695199,-2.155001,14.230804,14.937444,5.801482,16.118517,18.689070,12.346819,15.540081,19.770931,16.475952,10.995846,16.603989,17.021206,10.956787,2.264231,14.166290,15.128281,11.452723,7.771704,16.299582,15.393232,0.881687,14.646350,15.020655,5.853088,11.671488,14.250225,9.779825,10.855312,13.901989,10.583937,10.855247,11.504622,8.675217,8.882744,5.035083,-5.480946,7.081285,5.924226,3.635400,2.465564,8.536804,9.172946,4.583477,5.731647,6.876502,12.344921,9.038554,0.500205,14.421785,13.874769,-5.923749,14.596109,16.672152,2.889253,12.825703,18.157566,11.534052,10.974702,18.970898,16.415052,0.842393,17.433283,18.345551,6.642539,14.693560,18.745243,12.653883,13.922849,20.041733,16.036316,13.603908,20.563755,17.842222,8.227743,18.795864,18.489948,7.775670,17.620909,20.105633,13.020305,15.705765,21.553144,17.268255,7.584867,19.459072,17.320686,8.192766,9.229335,12.830290,12.804714,13.795916,12.885274,11.694853,17.239927,17.627752,12.090416,16.811050,18.157431,10.636942,14.885898,16.268845,7.350111,14.544663,14.657158,-11.530313,13.589066,13.945670,4.630924,12.412480,15.860493,13.442743,10.771569,17.224533,17.924616,6.782542,16.842838,19.799784,11.762863,13.659221,19.348181,14.642050,9.249602,18.211725,16.341526,4.159134,15.549099,17.384632,13.188417,14.124117,16.200230,13.727407,14.107108,13.925157,7.429890,11.067774,13.963154,9.380777,0.168952,11.868013,15.209368,9.225368,9.591652,15.987309,9.441534,8.593299,14.224819,6.798011,6.471315,10.955412,4.775844,-0.783472,7.979600,6.777193,6.048706,12.163174,7.760653,7.322037,13.107256,10.841361,-2.843055,10.272918,14.241735,10.479722,9.627022,15.926468,14.371333,14.942164,17.427612,14.572774,14.866978,17.131607,13.908214,11.980123,16.622766,15.134077,9.986777,13.105744,15.013500,14.023948,14.190111,14.454080,14.295757,16.785608,16.553158,12.244614,16.656887,19.102386,13.644757,12.122082,17.463308,13.975895,2.506655,13.315022,13.470676,-0.449676,11.646815,15.660477,9.232483,11.153736,17.242567,12.874319,9.954943,14.949684,9.395481,11.038336,17.263180,14.188662,7.434708,18.687210,19.247986,7.302463,16.053974,19.793308,12.477930,8.427639,15.532464,10.504051,8.183674,16.853636,13.427517,7.491620,18.400301,16.868427,6.102834,18.347218,17.863689,5.617851,17.623009,18.811424,8.344249,17.431404,20.990990,14.649301,17.671421,20.714855,13.422331,19.253170,23.035221,15.567165,17.475044,24.635834,21.456779,12.697324,25.288942,24.118586,11.584505,24.650291,25.142349,12.293863,23.975346,27.141617,18.975096,23.347490,28.548288,22.527693,22.948378,29.742443,25.085382,19.403002,29.242735,27.179489,6.380949,27.402370,28.329643,15.285652,24.963171,28.267380,19.012003,23.152430,28.715702,22.486702,19.419407,28.124931,25.066059,15.974506,27.086807,25.669470,16.720850,25.530569,24.374296,12.668268,23.659355,23.958960,7.848046,20.624744,23.321848,14.425507,17.893122,23.388529,18.035133,12.208010,20.709990,18.531311,6.456342,12.223030,16.220304,13.178850,8.616626,1.373860,8.643545,13.044830,10.856363,9.458619,10.716557,9.076536,14.467295,13.208950,3.085765,14.151537,10.114288,0.296028
[0;32mI (34380) ANALISIS_ESPECTRO: Frame exportado | t=33.72 s | pico=93.8 Hz | 60.6 dB[0m
SPECTRUM_FRAME,34.744265,93.750000,61.257980,hann,512,39.053085,30.876427,57.233917,65.672745,62.285767,48.118011,61.257980,59.817280,43.082100,53.863503,54.440865,42.808754,47.472145,50.677334,41.730530,44.256470,49.533463,43.065727,39.933899,47.258701,42.955826,31.045502,41.654247,39.033905,18.053234,16.182676,24.083498,18.665016,35.633896,38.290867,27.710772,33.113701,37.186317,29.835083,22.889942,29.298328,24.518486,20.227564,30.117897,27.900059,22.647957,35.977486,35.401947,1.763177,36.259583,37.562454,26.016293,28.421040,31.735220,24.027891,20.539978,25.938541,19.306297,25.379007,33.028530,28.663280,21.468821,31.145880,28.685141,14.517550,30.891325,31.030209,15.195943,28.395594,30.369843,19.859217,19.352097,21.887228,12.221812,12.776946,19.684517,16.586092,5.900221,16.516703,15.630317,12.266371,13.399364,20.526146,18.614779,20.789635,24.419672,19.854820,22.372999,25.838156,20.021690,17.418421,21.877392,16.112974,3.097275,3.060825,9.396799,2.197283,19.877914,20.272778,3.164095,19.374538,21.809769,14.611921,17.005735,23.011209,18.005583,16.461754,22.417274,16.944578,14.402971,19.175234,13.016590,6.898978,17.863405,18.130850,6.908782,14.790194,15.895578,9.030341,16.795931,18.897503,6.336404,17.133816,21.592918,14.234920,12.609760,18.342625,14.988903,2.086803,5.815092,10.522024,12.011095,13.053540,5.518532,9.062864,13.932793,12.311914,11.549547,10.077796,15.558174,14.611544,2.508060,12.100819,13.967735,10.628129,2.413761,3.347225,9.255306,9.882442,1.094090,8.159264,13.216243,9.258312,8.788733,14.251346,7.888041,7.688301,12.546455,13.313330,10.054968,7.697034,13.591074,9.414411,0.422857,6.649965,-5.667822,5.145392,2.424249,9.838543,13.845721,11.818038,2.328412,13.181936,13.355251,9.453627,9.605980,13.176830,15.584211,6.246994,13.065990,16.407221,7.044768,10.085056,9.162138,1.360844,7.179634,7.829621,12.815401,10.441845,11.955917,13.966309,10.850666,9.064245,10.222567,10.400853,10.603505,9.283834,8.255342,8.200501,14.058017,16.619633,12.414676,7.133360,16.229136,14.675331,8.346549,12.415359,14.548358,12.914673,2.286375,9.847015,10.095713,-5.939587,9.997312,10.362087,-4.895632,3.887124,5.815035,-4.179370,-0.022149,4.250605,3.332937,-6.517703,0.979012,7.915056,3.728498,-1.126398,8.925043,8.773418,2.104254,5.171705,9.753648,11.067923,7.406642,-3.080113,9.801165,8.386755,4.625223,6.116698,10.704414,11.550283,-14.073303,11.058710,10.911485,4.711933,14.765774,11.387372,7.709727,13.819998,8.791751,11.943418,13.178581,11.423851,11.081646,7.328122,9.193436,4.382066,6.093838,10.655646,3.013606,7.030297,9.347971,4.136905,5.496100,12.562746,12.948117,-0.205054,13.819608,14.288287,5.133380,16.656694,15.823114,4.814889,14.946326,14.479791,13.777813,7.517247,14.703299,17.529104,3.522237,16.348461,17.194977,4.243331,18.397951,18.941927,9.507444,14.459335,17.980961,15.638919,-3.837309,16.010899,16.534309,10.751667,15.923606,13.923205,10.927155,17.871580,17.360231,2.717369,14.363341,16.751503,10.915966,5.149960,13.050793,11.074786,-4.180962,9.874557,8.622969,4.615963,12.826765,11.709013,-1.962678,10.505753,9.923429,8.285185,9.938693,3.787187,8.363174,11.231288,5.187811,8.001015,12.519994,8.530001,1.024307,8.720896,4.293345,1.661461,6.579359,8.638184,4.487064,5.239033,13.041073,11.072113,8.520706,14.629877,12.461420,4.310694,11.065166,7.314353,3.635627,10.626699,11.319944,4.127665,10.643064,12.646232,8.201831,12.137755,12.300917,12.521189,13.613794,8.629504,11.013489,12.478608,5.519408,10.246580,12.970246,9.445621,-3.040525,10.276445,10.543170,-0.758855,12.163077,13.435032,6.892614,11.001191,9.959194,4.213971,12.246512,10.270110,-1.449565,8.975998,12.276940,7.993033,8.625130,14.749975,12.405143,4.718092,10.224057,10.099116,4.772656,1.149041,7.564066,9.623072,8.280537,-0.068446,9.516557,8.837744,5.685791,6.954965,1.584449,7.881860,8.910202,2.252918,3.860898,9.555381,8.760876,3.769360,1.394999,5.120166,2.579152,1.512669,-15.212114,-0.638130,8.695601,6.360037,4.791195,14.030602,11.825539,4.925259,13.682964,9.273852,12.736135,13.895263,-1.613674,12.817053,12.529096,1.266473,10.925618,14.316539,11.018797,5.476558,14.632423,10.094842,8.898411,15.946337,10.898414,8.115185,11.981611,8.669413,7.040360,-0.837667,10.764151,9.271728,11.825380,14.973354,7.573165,15.373821,20.179441,14.765073,14.446307,21.534061,16.772205,15.127597,22.546099,18.435743,11.021181,21.455355,18.853998,1.730894,20.644264,21.613396,10.005863,20.141518,23.108025,13.232779,20.679712,25.057047,18.521378,18.090448,25.383759,21.359852,16.289639,25.540615,23.342598,14.755753,24.767990,23.621773,9.549742,23.732273,24.979385,14.346582,20.741619,25.187645,18.498528,18.611286,25.460117,21.134222,14.617579,24.500309,22.006052,9.939539,23.000185,23.074474,13.688339,20.171219,21.582258,12.783831,19.677771,21.354158,10.260748,16.207026,20.745411,13.764141,8.098966,18.313381,16.077988,5.351703,7.133011,7.060658,6.151931,12.642240,10.673252,-5.688210,12.497147,15.080475,7.477335,7.157664,13.650146,9.726823,3.872760,0.861536,2.698438,5.332955,1.156399,-5.918468,-0.860961,-1.373125
[0;32mI (35400) ANALISIS_ESPECTRO: Frame exportado | t=34.74 s | pico=93.8 Hz | 61.3 dB[0m
SPECTRUM_FRAME,35.766638,93.750000,77.868340,hann,512,49.317688,54.282833,74.518402,83.204620,79.710304,63.914906,77.868340,76.405647,58.070572,66.980843,67.442612,55.785217,45.290520,52.094872,41.310123,46.211609,51.240944,44.747459,45.541744,53.138638,48.709110,42.333874,52.582130,49.802700,34.178116,38.106480,36.604763,23.098257,45.745617,48.312454,38.013588,40.794544,44.979675,37.722282,31.822660,37.906548,31.339436,31.155794,40.047791,36.386089,31.839773,45.511391,44.740135,24.443005,42.924225,44.055672,31.894911,32.728897,35.204891,23.446060,26.100760,29.424562,22.875843,28.295042,34.505268,31.090548,24.313900,34.018341,32.610065,25.394592,31.163712,29.585201,11.640268,33.954247,36.372494,28.662796,22.594843,30.714138,28.059237,25.347519,27.412998,21.097893,24.404545,29.222698,24.666004,19.631613,30.729666,30.498306,9.393047,29.220505,31.738050,22.741379,28.718117,32.614128,25.308811,27.042009,31.557989,28.187664,26.199078,24.859882,9.953788,27.232689,32.086784,29.831028,17.145060,30.722385,30.493505,17.218782,28.045328,30.042187,20.631426,21.676559,27.107967,21.384638,13.620714,22.763815,21.216908,14.604830,25.200930,23.925957,12.703487,13.299501,17.166147,13.631104,14.281887,7.745051,15.389099,24.287552,24.648212,6.568098,25.947783,29.892677,23.654362,16.484011,25.569912,26.238781,18.858257,16.209919,17.212723,6.594344,17.161167,22.955467,21.244076,18.681208,21.214914,17.140476,18.280561,21.691540,15.148787,-19.021461,4.749196,11.511359,12.939548,16.361706,22.088156,18.526625,14.905924,21.180241,17.017399,8.357338,16.933926,11.507027,17.731220,20.759623,16.351057,14.698250,26.187284,26.129864,17.255016,18.590969,20.671225,17.995770,17.486834,14.227694,11.579219,9.978622,7.632072,10.439035,11.225632,20.147726,19.375668,6.486708,20.131016,19.923134,16.659468,19.869535,23.130409,20.168171,18.203087,21.276115,19.226276,8.615757,17.096172,20.878887,18.909458,16.593187,14.147550,14.665795,11.866283,18.255535,18.331562,17.698654,17.682364,17.375824,14.248719,17.744547,19.560930,15.989786,14.942274,13.560541,18.537354,17.149204,-5.380046,11.957355,16.017309,16.971428,10.540771,15.028475,20.766363,20.116453,15.572037,6.446119,17.996510,19.348301,10.314250,12.158269,6.625884,8.735878,5.963465,13.166365,20.315495,19.850227,16.986170,21.082920,19.209007,17.709696,19.018309,15.163651,12.425797,17.813158,13.478723,14.949880,18.694590,13.589081,8.588308,14.653292,9.858449,5.476601,9.816705,15.617572,21.190002,18.997437,19.384363,21.951017,18.589350,15.802217,20.429907,17.447710,4.501074,9.772316,12.354859,9.690662,18.128691,10.266216,17.396299,21.647564,10.547042,20.000010,23.464443,20.604029,11.240118,19.642477,16.356241,4.296113,-0.772711,12.142647,11.926398,16.224133,17.387218,7.747456,19.549076,21.667908,17.798286,21.624908,22.225826,18.604984,20.947765,19.970114,14.199232,13.063868,19.967222,17.560760,3.182381,14.810859,17.322159,15.579368,9.823793,15.689423,16.451332,11.152983,12.857639,18.430986,16.469896,17.649437,22.041473,19.632090,17.042284,20.203728,19.090839,18.542503,15.365374,15.285442,18.055799,8.943445,6.636304,11.033086,13.576833,13.582906,13.595677,16.011631,19.222504,21.030428,20.669762,19.128693,18.983707,19.490864,18.239729,12.162624,13.114746,13.717423,8.962786,11.921227,-3.622633,14.560370,15.152564,14.334389,8.286568,7.706285,10.257883,11.177156,14.683385,15.380058,15.855880,17.905170,17.539812,15.693718,11.150305,11.614474,17.429012,16.869564,10.256061,16.673439,20.031067,16.907976,15.960036,17.895620,16.697239,13.596138,13.095960,15.984750,15.520501,13.651704,17.804382,18.318993,16.899899,16.655008,18.957422,20.537342,19.291689,18.137808,18.705090,17.953272,15.311876,16.064146,18.306631,18.020386,20.187099,23.325024,21.741459,20.878973,24.251144,20.809872,17.114683,21.615412,18.624832,6.210335,13.897285,6.747270,0.794648,12.538149,17.338663,16.272764,17.826675,18.678339,18.311716,15.233484,16.810415,19.405104,12.149740,11.706053,16.180199,10.284801,2.991443,7.355457,10.511433,16.243408,17.485451,17.393198,19.800581,20.512276,20.592342,19.426441,18.507717,20.057402,17.280342,9.845967,11.745616,9.703612,7.883179,12.934508,4.242106,12.584486,-12.243326,14.586466,10.653859,7.227298,11.945765,5.013854,15.066756,17.543242,-2.083731,17.043724,18.328690,7.067888,13.574319,20.930367,19.899658,11.716819,20.328182,20.813658,17.625444,23.454048,24.874229,19.067646,23.764456,25.470934,17.474077,21.748886,26.726124,22.355865,13.377468,24.093452,23.132536,14.170641,26.536472,27.323435,16.762611,25.841225,27.801077,17.401278,25.147461,29.797157,23.301266,20.329096,28.608667,25.318605,16.942814,29.362724,27.963623,14.699731,27.892357,27.818512,10.066517,29.215834,31.168591,18.713428,28.283768,32.075504,24.355383,25.963524,32.402988,28.066168,19.622620,28.610203,25.959274,16.546448,28.447218,27.846939,13.449463,25.676441,27.374203,20.660036,21.119797,26.423128,17.295345,14.318686,22.019485,8.233718,19.058525,24.975788,19.003025,17.285112,22.484058,20.072763,8.440572,17.735985,21.045261,16.018856,3.927276,9.469590,13.531038,5.777086,6.258745,11.318454,16.243031,11.848131,13.098270,13.299256,-2.935747,12.357926,11.515533,6.035487
[0;32mI (36430) ANALISIS_ESPECTRO: Frame exportado | t=35.77 s | pico=93.8 Hz | 77.9 dB[0m
SPECTRUM_FRAME,36.788989,93.750000,63.071869,hann,512,38.901325,32.462994,58.949226,67.440628,63.953316,49.946781,63.071869,61.528976,44.076199,55.822823,56.284641,43.968452,49.112888,52.181458,42.480923,45.548607,50.692795,43.789024,40.622410,48.043369,43.649719,29.642456,41.296406,38.837330,22.261894,21.914568,24.664185,12.856793,34.539066,36.641495,25.853924,30.330011,33.769711,25.894861,26.527750,32.951294,27.416239,10.447514,20.881512,21.028597,22.875763,36.359360,35.932121,3.889956,37.268227,38.595440,26.390224,28.484774,31.306345,22.960014,22.444574,29.318056,23.836815,24.460800,32.801834,29.144520,18.055988,29.729103,27.781136,12.011366,31.246708,31.848061,16.803280,27.629356,29.889893,20.084658,17.706926,19.604631,9.113338,17.242426,23.058968,17.208580,11.699337,15.513086,7.445316,-3.792222,17.369526,18.959509,3.388240,22.512310,24.399612,9.503731,21.842697,24.538433,12.908591,18.786230,20.933613,10.080943,15.254140,20.097754,17.917557,1.106749,18.500650,19.243917,5.311110,19.146248,19.732235,4.720726,17.059977,21.050396,16.727379,-3.488032,16.674124,18.223314,16.010155,21.252956,18.393690,15.631552,20.384939,16.706478,11.124422,14.351589,12.093234,2.474074,17.932266,21.578951,13.837177,16.337194,21.811367,15.658765,9.989180,15.459891,6.981403,-1.147596,7.781824,12.297405,-2.761786,15.505922,17.058384,2.643745,16.267508,17.887695,7.170902,12.030725,15.907110,11.575618,3.431119,13.113554,13.524384,2.476488,10.153265,12.897253,9.806899,-3.291731,6.855164,12.995575,14.323252,11.007472,13.274084,16.228437,17.364521,14.502031,11.518821,17.322273,15.653214,-0.375659,10.157055,14.543217,13.380568,7.570420,12.772455,15.117521,13.587718,15.342088,14.014618,7.679648,11.170057,10.717897,8.776929,6.338758,3.900870,13.484994,15.302019,12.221514,9.508921,11.744617,14.067334,11.983882,3.512230,9.114178,13.469976,12.770458,-11.040927,10.952719,11.683478,9.487777,7.386209,6.541707,11.694774,8.381663,0.205556,5.009337,4.266813,2.539657,6.700240,1.996208,0.321326,6.628661,8.429440,-6.365171,9.802921,13.914571,5.517836,13.752313,16.514151,9.464563,12.280692,14.663795,10.590873,6.724305,9.483511,9.070271,0.225640,4.749267,7.235857,-0.877084,5.212903,10.575122,4.030825,5.902970,11.875383,8.518864,-0.530281,3.268283,7.851806,4.672090,5.751175,10.379876,7.549612,8.758267,12.010842,9.206140,8.521206,12.105684,10.911215,9.826984,12.756940,10.245176,8.219929,12.685790,10.225996,3.020441,12.600021,11.255864,-1.387969,13.848419,13.146014,1.119131,13.065569,12.700262,0.044640,8.517946,11.249143,2.926915,9.248285,15.501177,10.806696,15.190390,18.068623,14.978595,17.236551,15.968176,12.503839,16.943010,12.903361,0.691064,11.546974,15.919916,16.570967,6.367958,16.544102,18.369209,14.374399,15.127811,15.040608,11.007122,13.676785,15.023623,11.481208,8.005678,16.208078,16.455614,5.692818,14.265594,16.049927,9.115563,12.314846,14.178770,7.679341,10.806896,13.240982,9.051798,8.220573,10.326422,9.703358,9.891941,6.198559,6.695843,12.532506,10.298578,-7.666619,11.188588,14.357721,10.347403,0.771945,13.881590,15.117109,8.682995,12.764159,18.386379,15.681148,11.838752,18.503513,17.701454,13.712605,14.525749,15.359255,14.520720,10.810943,1.837319,9.391632,13.320412,13.295636,7.137519,9.981493,14.540323,13.219940,7.314378,10.218820,10.737839,8.831623,12.807232,13.348181,3.400383,13.475085,16.433908,11.640740,3.698649,11.861364,12.852162,9.750377,5.798906,9.802539,13.767329,12.633240,10.869194,13.958440,11.753293,11.342093,14.658314,10.284695,5.722667,13.209905,10.767361,4.432849,9.115317,8.516468,6.173770,6.952111,4.198977,3.955366,4.753207,4.683602,10.651416,12.144073,5.641414,14.759405,16.686558,10.738419,14.530772,16.573982,12.643494,11.814453,13.551869,11.734118,10.141216,9.816677,12.101506,14.013648,11.205416,14.134561,16.830772,13.787905,11.242962,15.734800,13.619923,6.603662,9.163116,8.362597,6.700997,7.340411,8.028124,2.443540,7.243951,10.677572,10.653194,-1.939374,6.897115,12.030005,9.968385,7.046856,10.874659,8.557803,12.189250,11.484650,-1.822343,14.708938,13.698948,-1.682617,13.300538,14.567481,5.376763,8.506223,14.263550,9.185144,8.768683,13.821617,9.158959,10.191916,14.548557,10.688962,9.543087,17.182308,16.148178,11.771338,19.167177,18.951271,14.141861,18.976643,18.809086,13.958449,18.386518,18.510525,11.225073,17.147152,19.548014,12.705023,15.194914,20.541977,16.529276,13.887929,21.484049,19.602755,14.540747,23.081608,22.823067,15.521528,23.780533,24.890015,15.905882,23.366510,26.216251,18.514301,21.013447,26.807459,22.401501,16.251587,26.386135,24.484499,13.822557,24.989048,24.455395,13.200609,23.799688,24.228916,10.152420,22.213657,24.643764,14.118776,19.821367,25.030861,17.891632,16.943640,24.746740,19.754509,13.124147,23.600063,20.935032,6.361444,21.139187,20.971727,10.632336,19.743820,21.158924,13.229323,19.493246,21.548252,14.137378,16.558117,20.219641,15.998730,9.336744,15.383000,14.875557,12.524988,14.772577,13.502323,13.086482,16.994291,14.382872,8.198092,15.311575,13.660098,-3.726306,9.760936,10.187269,-1.291097,2.314873,7.098949,4.191777,-19.966972,1.003776
[0;32mI (37450) ANALISIS_ESPECTRO: Frame exportado | t=36.79 s | pico=93.8 Hz | 63.1 dB[0m
SPECTRUM_FRAME,37.811350,93.750000,61.984158,hann,512,38.499496,31.859510,57.786354,66.269623,62.798180,48.777794,61.984158,60.443989,42.898613,54.876572,55.309326,42.916954,48.310501,51.333794,41.652954,44.657280,49.889965,43.087883,39.597729,47.194252,42.829533,29.021759,40.746613,38.413132,22.599974,23.745996,25.664408,17.864378,35.751366,37.794437,26.399118,31.496477,35.272659,27.670191,23.450298,28.418209,22.091221,21.704111,28.847647,25.341621,22.394943,34.660641,34.019787,14.019384,35.958801,37.177002,25.379011,29.271021,32.457520,24.872093,17.240616,22.374340,15.751385,23.141434,30.789028,26.959129,13.003869,26.765682,25.377769,9.992118,29.342384,30.063211,15.179376,28.665266,31.200178,21.959373,21.447374,25.571520,18.851994,12.553465,17.402519,12.228140,14.063498,19.872787,15.521455,12.107872,18.449165,14.530774,2.877123,20.126057,21.555023,11.760504,21.234598,25.240191,18.406652,15.557360,23.207396,18.285101,12.875380,19.687811,14.751472,9.802627,19.125113,18.876308,8.272327,18.893705,21.326313,14.391245,23.226479,24.270189,10.230540,21.868885,22.719019,10.359196,15.398131,20.038870,19.164196,3.502734,20.272697,21.252815,12.762796,2.949041,11.604181,13.149958,19.711973,20.558311,4.427649,21.101950,24.185150,15.682570,15.057145,19.629547,13.125694,9.998155,11.892671,5.550524,11.062446,15.036104,14.968822,11.087152,5.350883,11.047782,9.326350,9.946099,12.963295,-0.029976,14.064784,16.794672,8.712393,12.389255,14.274157,11.093364,8.682881,1.494575,9.361700,7.576047,6.090018,4.333799,3.782457,10.645906,11.474604,-3.623364,11.889133,16.362961,9.920989,10.555815,16.127041,12.996922,7.505437,13.063947,10.691968,8.961526,11.135860,5.539687,6.404267,11.669497,10.153059,0.348540,12.531013,13.152628,6.849169,13.852228,12.444807,2.454082,12.776573,11.409512,1.254318,4.503550,6.702304,8.301979,2.691396,7.374418,6.521750,6.567348,13.719014,8.749276,2.589453,13.499342,10.566963,0.268370,9.406289,9.768238,6.150963,-1.792972,9.206919,9.887877,-0.061303,10.144397,9.679707,0.084184,9.269269,5.380223,0.246187,4.948912,0.438386,6.373373,6.202897,8.717559,7.955169,4.188139,7.819190,6.152119,-2.351565,-12.669841,-1.257417,2.315245,6.159945,-4.351327,2.417665,7.491254,4.602262,-2.019244,1.785650,6.988712,1.559547,-12.770681,5.311010,8.796056,5.186410,-3.657180,10.291218,10.365728,4.742346,6.937027,12.722427,10.035361,3.536479,12.348917,10.840692,3.243087,9.556097,9.786020,5.174313,10.719729,12.783519,6.315954,13.826152,16.752678,8.134829,12.884951,17.650774,14.924632,10.714643,14.789017,16.667175,11.741124,3.865924,13.900558,11.375744,10.170671,11.551394,5.258866,15.353831,15.358498,4.179688,14.176615,15.456815,12.087945,2.916956,10.130664,10.991163,6.127087,8.088771,8.939413,8.473446,14.145003,14.490120,3.498201,14.989315,16.491982,8.358151,10.992961,15.780387,14.552839,-7.194944,12.891705,16.289354,9.529023,9.706369,14.317286,10.931980,10.672731,9.078861,5.308089,10.000912,8.524162,-6.195796,6.056474,9.134096,1.843748,10.263861,9.754249,-1.502450,12.462318,10.806712,11.659708,8.221529,8.783937,14.589956,8.662406,9.685425,12.858129,11.628017,12.304444,7.696280,7.183004,9.501645,-9.793838,-5.480418,-7.526178,5.785785,5.271333,10.323923,11.631611,9.448023,12.263814,12.134155,11.406170,11.925543,8.692759,9.753572,10.822450,-0.122750,4.616642,4.755052,-12.602198,-2.992768,0.715681,1.008289,-6.861549,7.389712,6.474397,-9.976670,8.331357,10.934930,3.636053,1.943444,10.269856,9.846951,3.493685,6.338045,11.589119,11.109791,10.508775,11.072669,10.718821,9.754478,3.419209,3.516539,3.092288,7.667334,1.094599,9.032880,13.772016,6.847162,10.422201,11.643828,4.127255,9.316945,1.160726,9.958948,10.252572,8.822516,13.548198,11.589874,9.818288,11.818319,9.318824,5.218048,2.929550,-4.236083,-3.845980,0.906063,5.875030,9.882914,8.671682,7.312237,11.788481,10.231071,5.537340,7.937074,10.230959,8.086246,-0.444790,12.550956,12.718353,0.261191,11.375340,14.347545,9.995863,-0.835479,11.164399,12.349329,10.269765,-21.015816,7.832327,11.327258,9.406165,-5.428172,4.677105,10.652273,6.680646,1.662840,4.823274,4.951478,3.024146,1.140378,-11.993798,7.821498,12.657367,3.759194,8.558783,15.318518,9.671021,4.282491,13.149378,10.776452,-3.676157,9.677755,11.688825,-4.511251,15.099586,16.568272,-15.673490,16.928219,19.346159,4.945732,15.215940,19.964916,11.753235,13.727769,21.161800,16.671362,10.836243,21.973938,20.936575,-3.651308,20.163139,22.991604,13.886982,19.154858,24.297176,17.439745,19.712000,25.752415,20.526371,16.188747,25.910795,23.417290,6.912553,24.494907,24.555664,9.730758,22.821920,24.774303,12.146049,20.816875,24.960308,16.261105,17.590794,25.059595,19.319044,13.772556,24.608772,21.059465,8.988797,23.007097,21.678486,4.309514,19.970415,21.107443,2.416601,17.653194,20.344635,1.586869,16.369583,19.702160,9.199903,12.840380,18.012712,13.250667,6.472903,15.822332,15.264942,5.105388,14.220427,17.281864,11.422229,9.845082,17.425863,14.471218,2.917406,15.011436,12.470367,3.156266,10.762531,6.996373,-11.300344,9.086802,12.639522,7.000676,9.702874
[0;32mI (38470) ANALISIS_ESPECTRO: Frame exportado | t=37.81 s | pico=93.8 Hz | 62.0 dB[0m
SPECTRUM_FRAME,38.833713,93.750000,63.448906,hann,512,37.626434,21.970549,59.419373,67.911224,64.538406,50.223904,63.448906,62.010910,45.883194,56.139610,56.622601,44.733727,49.974907,52.909809,43.382015,45.841709,51.311081,45.028839,39.292393,47.782890,43.886639,26.437731,39.232815,36.777565,20.554628,28.588589,31.194271,20.446741,33.779701,37.259811,29.328127,30.877857,34.376846,25.843229,30.601334,35.253582,29.205797,11.479937,12.754009,14.435925,24.352043,36.797146,36.396996,4.715318,37.465443,38.871426,28.018150,26.430267,30.423920,24.013119,25.094402,29.855064,23.106796,24.806995,32.105747,28.185715,16.745312,30.533306,30.633987,10.465183,31.914310,33.756050,24.109352,26.163414,29.987663,22.370815,21.098585,20.342102,4.249050,19.208935,23.220592,20.471977,15.086404,10.035393,-1.722834,15.226421,23.462158,22.199913,4.409728,23.346500,24.296801,9.626187,19.837965,22.075050,9.758204,16.330730,18.611622,14.452463,13.659388,16.114384,15.554127,6.256899,16.001207,13.241223,13.183445,23.183859,22.952929,13.277338,20.681307,22.837210,16.647108,6.217471,14.230028,10.559624,11.396610,19.661949,15.873430,3.701551,16.923719,15.297268,6.794900,16.231100,16.570183,8.432974,18.150566,22.620449,16.680939,15.970009,23.124985,18.174238,13.485030,20.945625,17.223000,5.747573,13.296816,12.127012,6.341319,16.969141,16.238659,4.399035,16.267654,19.972963,14.598514,9.252960,18.904430,17.224234,14.556263,16.645737,12.000724,9.310318,13.349485,9.130120,-7.538089,8.412322,8.368312,-5.070748,8.706940,7.596650,7.358367,0.533261,12.571492,14.935942,13.593596,13.245308,12.883303,12.085896,11.246288,7.225721,7.027627,3.193538,-1.281848,2.640380,9.072451,9.660164,3.810400,10.049995,9.237285,0.048366,6.239967,7.971482,5.274041,-9.551300,3.013364,7.245445,9.701596,10.007935,10.040036,8.913569,14.403198,15.718985,11.607016,13.124949,12.873050,9.216457,8.688696,-2.400745,8.484767,14.086056,12.703926,1.496430,13.444711,13.568296,4.660036,8.246106,6.134713,7.983863,5.131131,1.340551,9.422281,11.306673,9.761023,-2.678798,4.499378,2.373517,2.673371,5.088658,-4.140153,1.293721,7.119665,0.695212,3.229628,8.729146,-1.786808,-3.752470,-2.569053,4.165952,2.986716,5.361382,5.752938,-1.440368,12.684696,11.465290,5.339460,9.662315,5.219027,5.463154,8.118309,-2.905824,4.008928,6.524776,4.160645,9.915558,12.183614,5.414455,8.535624,16.045052,14.495114,-1.206500,12.240275,12.979139,6.594670,3.364158,7.381034,5.856130,4.306174,11.200047,5.612888,6.898599,14.423912,8.709166,4.909212,11.490297,7.148297,7.001981,8.526347,6.268005,4.795942,10.024262,11.053934,4.019223,12.843369,16.657774,13.796849,9.067720,13.117897,11.733469,7.474064,11.945310,13.579052,11.587646,15.052618,17.127960,12.480349,14.165197,18.525410,14.843130,7.775139,14.541163,10.052254,-7.882601,12.199276,10.915346,4.122472,10.681463,12.322179,8.695745,13.479939,14.281349,5.517751,11.547695,9.681433,5.562753,12.169757,6.956511,5.889249,11.386889,12.095098,10.672850,13.562809,16.655443,13.680780,3.730698,14.915483,13.733472,-20.454842,13.587320,14.733958,6.012518,6.437582,11.616311,3.476940,1.429660,8.553978,3.796171,2.319916,3.012340,7.535790,8.795184,10.753216,13.104176,14.974866,11.623230,12.918577,15.845952,13.724399,8.904273,6.336506,5.298990,2.285808,9.233912,11.734719,4.898453,10.194927,13.298729,9.568502,7.751807,10.932238,10.902676,8.839031,0.505076,7.976976,12.720894,9.584251,14.652679,16.226973,7.253686,13.697210,13.937956,-1.247660,10.837118,5.991794,8.827915,5.156066,6.859717,11.876642,-4.289754,12.361474,13.419374,3.594589,9.771592,7.304714,6.052094,13.230959,9.624170,3.366677,11.047962,5.547106,6.918040,10.232843,5.415591,9.591054,5.495749,7.305530,10.464316,-2.183315,13.900309,13.078726,7.059018,12.276148,10.871231,15.982229,12.091217,8.720571,17.328264,12.583637,11.468500,16.422815,14.457034,12.981401,11.664804,11.307011,8.266768,-0.097575,1.885393,1.937895,6.376521,2.694369,-2.887428,8.971703,10.231789,9.219285,9.924584,10.526323,12.061335,9.301097,3.663758,15.716821,17.297272,9.621239,11.850105,17.088835,11.244595,8.528284,15.148565,11.442491,-3.480572,11.053398,9.859256,5.612109,14.311001,13.204351,9.257771,13.906189,11.720767,13.531026,15.782517,10.051414,5.171085,13.522139,12.895815,6.095218,13.645342,17.018612,13.755961,14.434447,16.872402,11.961361,16.052938,20.696827,17.493876,13.692715,22.171623,21.115215,14.765701,22.766212,23.121819,16.413614,20.729538,22.270689,15.792085,20.435598,23.550140,18.151180,19.847471,24.842937,20.098448,18.548025,26.231756,23.907799,14.028802,25.613037,25.629976,14.230423,24.860664,27.028629,19.146755,22.655270,26.645544,19.888023,21.449272,26.749935,21.505766,17.791761,25.985397,22.814850,9.684212,24.556461,24.403811,13.525995,19.197084,22.441418,16.326622,16.504150,20.822660,16.288359,14.393541,19.655869,16.047726,6.854698,18.298332,18.885843,13.480064,13.930714,16.583120,12.188158,15.438019,18.010277,12.722939,10.901380,17.316683,15.036353,8.587729,13.762609,15.849032,16.527027,14.423184,6.021333,16.197811,16.786839,6.771623,12.879230,13.630793
[0;32mI (39490) ANALISIS_ESPECTRO: Frame exportado | t=38.83 s | pico=93.8 Hz | 63.4 dB[0m
SPECTRUM_FRAME,39.856085,93.750000,63.185902,hann,512,41.402935,39.999973,58.957596,67.556198,64.054901,49.508747,63.185902,61.633419,43.280022,55.961815,56.312080,43.540882,49.260918,52.019699,41.522293,45.548573,50.534523,43.268436,40.380104,47.710194,43.257515,29.327888,40.415375,38.160240,21.923298,24.614601,25.930960,5.706130,33.429951,35.928593,26.078789,27.656258,33.110806,27.683754,25.138643,32.975624,28.502220,14.127383,19.386868,20.735828,24.521170,36.794121,36.248993,0.823399,36.928856,38.129311,26.555574,26.276129,28.816454,21.594381,24.789192,30.453184,24.611855,23.119280,31.783247,28.574604,18.614059,29.240849,28.158037,12.987322,31.753956,32.325035,19.033281,26.683525,29.494314,22.133884,-1.490652,15.506088,14.017807,13.056190,21.502476,17.810251,9.949062,15.430757,12.991281,13.050227,17.535892,13.463890,4.751161,18.320137,18.973583,4.485233,17.248371,18.888885,10.839584,14.272873,17.322826,16.762617,10.096931,17.429520,18.733543,10.310820,14.143086,14.292410,11.378890,22.872253,23.063484,12.338972,22.241753,24.041180,17.721142,11.274288,12.697327,13.441771,9.651004,19.506725,17.294405,-4.561076,17.439293,17.260710,8.703268,13.033017,14.096550,-4.405562,18.533926,21.114502,12.802418,14.823369,19.859913,13.425406,11.144114,15.541683,8.670646,0.759487,12.782400,15.775380,6.123824,19.089684,20.617176,8.280568,19.323282,21.849716,14.489803,7.506628,15.853127,14.242527,11.645127,12.482648,7.512813,9.417633,17.667110,16.199047,10.342940,10.875168,14.401011,15.732179,14.516716,2.410540,10.020008,16.917038,16.343227,6.493080,12.814555,15.152139,11.021702,6.793027,2.544248,0.753317,-9.575843,1.371920,7.636109,9.353057,-0.099522,4.893775,10.477648,8.475697,13.153810,8.546433,9.355851,15.039204,10.886362,7.981359,9.794113,5.225578,9.898621,7.468622,8.566876,12.303427,10.447618,12.228077,11.668591,9.413633,6.973199,5.757880,4.671309,-6.016641,-1.457244,-3.872206,-1.462494,3.835665,-3.985183,-2.481696,4.888664,2.472692,-2.089351,3.774562,3.903845,3.113172,5.116729,3.544238,1.463131,7.128001,9.801663,5.787621,-7.545478,7.843050,10.754161,11.855741,6.496782,7.921873,14.915394,13.225430,6.134113,11.434731,9.618076,7.960891,5.946052,4.382710,-3.618583,8.758720,13.719367,9.378893,5.825975,12.418407,9.314829,-9.165279,1.422862,1.889351,2.423185,2.391364,6.825640,3.594387,6.175862,9.586488,5.659014,2.943207,11.836786,11.868710,5.160624,11.117458,11.116438,5.630030,7.609110,3.078974,-0.414101,6.018660,-2.142036,4.415327,10.619193,9.620079,-7.822077,11.470444,14.415921,7.772276,10.536880,13.788381,7.521847,12.144850,13.210149,5.653408,7.950814,12.784466,13.510612,1.538997,9.015654,11.439728,7.242556,14.217215,14.443632,-3.318401,15.007570,18.201023,12.552347,9.560051,16.516266,13.509211,5.237984,11.054644,5.620472,9.472982,11.753168,6.233645,8.161194,13.193686,10.754242,-2.113843,10.437168,6.449757,5.359942,11.130217,9.452217,4.309535,14.342742,16.120506,8.618620,12.723997,16.614340,11.974321,7.516629,13.716832,11.058886,3.976177,12.731159,13.642513,5.659654,12.763107,14.519534,8.124544,10.187490,11.262902,2.454664,7.127324,9.998865,5.834703,8.210491,13.599759,10.771471,11.761013,15.455919,10.970385,13.334700,14.858156,9.720531,11.171762,8.188698,9.187688,8.147863,8.104323,11.301154,8.729319,15.288176,14.091753,2.916549,13.297060,13.844910,7.877159,-1.158873,8.438383,10.130595,10.744099,9.025837,4.115550,8.255839,11.184011,5.029435,3.009058,6.836026,7.298224,9.590193,0.941121,3.150617,5.388010,2.061853,-2.462063,3.484251,10.640889,8.511247,6.387257,13.446894,13.357769,7.713300,10.484758,13.467543,11.718516,-1.544533,8.372115,10.656492,7.969286,9.152061,5.549479,7.151253,13.544071,12.084594,-2.151947,12.518901,14.133669,8.001767,4.848721,11.836743,9.933771,-2.213418,9.761025,10.752663,4.927315,11.955337,13.235142,8.356625,12.696991,14.002771,9.620519,12.483321,13.733588,6.629811,9.418057,13.211841,7.937904,-5.213800,10.318701,9.252864,-1.237774,7.366183,8.698959,-8.595363,10.033003,12.511998,3.802207,9.612145,14.838068,10.432684,4.529118,13.251665,10.484865,11.053581,13.569010,6.070274,10.013112,16.735962,16.094185,3.029093,15.945272,18.206186,14.622030,17.257927,17.014229,12.356859,19.297617,19.578358,10.499434,16.695358,20.799494,16.683590,14.177332,19.042208,14.875929,15.648603,18.863070,11.521684,11.734991,20.055429,17.749077,6.464224,20.587320,20.308285,12.657534,22.085917,21.986855,11.343570,22.555767,24.249996,15.194802,20.211246,24.959904,19.853474,17.391222,23.854233,19.939011,16.726440,23.922331,21.493891,13.002609,25.051565,25.362881,15.008995,25.042383,26.742645,17.197096,23.851288,26.486244,17.104227,21.110443,26.156826,20.727577,16.693970,25.702040,22.682180,14.079710,24.603638,22.127493,8.839396,22.505934,21.797222,6.191856,18.330084,21.861549,15.070802,13.869781,20.371147,14.564704,14.452785,19.344030,12.620937,11.373805,19.323988,17.247877,6.559974,17.042084,17.900299,14.225373,13.420868,12.431855,14.843433,12.536038,1.361910,6.290073,9.926299,9.245140,8.698169,13.229773,9.041357,10.236160,16.915222,15.054444
[0;32mI (40510) ANALISIS_ESPECTRO: Frame exportado | t=39.86 s | pico=93.8 Hz | 63.2 dB[0m
SPECTRUM_FRAME,40.878434,93.750000,63.063564,hann,512,40.426163,35.224007,58.922424,67.422333,63.933414,49.774521,63.063564,61.515163,43.588036,55.786858,56.223854,43.727135,48.924042,51.980957,42.126694,45.367638,50.576736,43.647034,40.313507,47.876781,43.500065,29.057798,40.709194,38.266502,21.207495,24.094221,26.781118,6.925859,33.942226,36.604649,26.718960,29.732607,33.390491,25.685976,27.769783,33.346039,27.723408,10.979538,19.866957,19.724382,24.354479,36.510242,35.811504,6.579266,37.483650,38.426140,25.078495,28.960976,31.090900,21.712437,20.797127,28.482323,23.439829,22.445217,31.444012,27.723209,15.681295,27.936638,26.697910,7.659907,30.290596,31.563019,20.376417,25.088884,29.097441,22.449890,15.127011,18.226339,13.208352,18.720356,23.784475,17.892733,7.793784,19.431244,18.088974,10.397306,18.474075,19.155048,12.391019,21.511908,23.488035,15.125236,19.052610,23.302654,16.424660,11.238193,19.513723,15.042320,12.349895,21.290325,19.757368,9.470283,16.710814,19.567215,12.551999,19.937050,24.062460,15.567299,19.943098,25.004230,18.638748,9.341095,17.788908,15.349826,11.689749,21.663313,19.330368,1.053957,19.530651,17.619690,0.832773,12.679120,16.899988,9.713707,18.351755,23.716434,18.837702,12.515703,21.134338,17.711546,12.425694,15.181018,4.186911,10.162069,14.993125,13.172478,1.521953,9.193985,11.434439,3.732573,12.920256,16.155207,7.751678,6.245188,13.346228,6.812789,7.070265,9.561451,1.721087,9.810989,15.879543,12.659491,4.335462,12.182369,11.630191,-12.639366,-2.466323,5.142779,8.173248,11.303406,17.778730,15.231297,5.070768,18.168772,17.398951,5.327873,12.431364,12.560978,8.809758,13.566324,9.634057,4.843421,12.025238,14.656124,5.180047,10.163370,12.372402,-4.795304,14.284489,12.191561,10.855412,15.291919,8.378711,11.631599,13.444513,7.618475,7.261503,4.371414,10.477173,12.645494,7.908925,6.206398,10.658871,12.359980,11.620603,3.369145,7.282102,12.028422,9.783035,-4.688464,7.745270,3.232717,-5.689681,-4.907049,5.377093,8.638431,4.947073,8.011734,12.140456,6.131039,3.789995,10.263439,1.847602,6.767441,7.721517,1.079399,10.870686,10.557512,-6.805350,11.535936,10.738486,0.584430,6.594732,9.166119,7.685137,-3.109896,8.867353,10.543122,2.396694,9.812201,12.250129,4.888522,10.325084,9.266821,0.653539,8.211041,-0.124729,5.422260,2.617418,3.592647,11.062464,7.985540,6.009913,12.463766,8.819581,7.325034,10.821256,4.699511,3.863523,9.361859,7.510237,8.806611,5.402800,9.957826,12.344040,6.295681,-0.280809,11.151903,11.629764,7.249291,4.553308,9.543056,11.550276,12.280901,5.155162,8.340943,12.410003,6.460533,4.932353,4.856937,9.543838,6.686771,4.404768,12.847749,9.643265,6.936476,15.653910,12.144712,4.090197,14.979221,13.951006,10.425583,13.700832,14.597383,13.884880,14.131010,11.458624,11.968188,14.031711,10.500345,3.230694,12.077666,14.254368,5.840487,8.291485,16.790819,12.584535,6.366543,16.289043,13.326129,-2.157607,13.438976,14.107137,0.309254,11.624708,15.460917,8.030731,11.830625,16.362843,11.267876,12.600480,14.858982,9.378537,12.477285,15.152465,8.876308,9.191413,14.287539,12.749058,-0.526936,8.033134,13.167669,10.042390,1.656566,6.305842,5.703973,7.209325,12.227459,10.157820,-4.486648,14.712208,16.394981,8.410738,13.154021,16.820007,10.174779,11.918814,13.191769,-5.041711,11.765394,13.169662,8.126088,9.799097,13.073979,11.913758,3.200024,10.930218,11.379927,2.655514,9.721978,7.871634,7.651160,9.534506,2.696161,1.025641,4.855787,6.410529,7.427596,6.776962,11.469854,13.366371,14.976513,15.570975,13.033487,15.261374,17.643162,14.593042,11.973218,16.473919,15.493420,8.235507,10.830404,13.459077,10.777861,8.858342,10.756512,10.998572,12.763309,14.849015,14.133505,14.112700,15.398239,14.960856,12.202129,11.169414,12.430573,9.457775,-1.860863,0.255450,5.127568,8.394033,8.037535,11.994163,12.399682,9.787840,13.830948,14.083817,9.779947,11.529091,13.082651,10.922923,5.813282,2.672753,8.243403,9.818673,4.628558,0.750101,6.035238,8.255756,7.326105,-2.288575,3.717287,8.017479,9.255225,0.599750,6.743134,12.698935,7.569110,5.248265,12.347716,8.778427,5.126455,8.243860,3.376484,7.294216,11.669354,9.269360,-0.887937,12.296563,15.086241,6.309345,10.716021,15.713570,10.401321,4.318717,14.068961,13.432659,1.661267,14.660343,18.037355,12.678772,16.278841,21.350565,17.039474,17.066257,21.754282,17.358051,15.788054,21.465509,17.025351,12.256905,21.690912,20.270329,-3.756489,21.213535,23.196930,13.733979,19.757463,23.566458,16.698118,20.426443,24.532797,16.997795,20.382328,25.656500,20.505150,16.583128,25.472204,23.293516,15.366025,24.513905,23.722881,16.548441,24.742853,24.888519,13.489511,23.486345,26.030304,18.474537,19.173752,25.969164,22.572538,17.220728,25.304340,23.614464,16.114197,24.657001,24.180069,13.891702,21.712370,23.355982,16.510775,18.877523,22.087761,16.063248,18.891342,21.966709,15.431581,15.116811,20.998775,17.306488,6.426014,15.776436,15.332310,10.068357,10.669935,10.101233,7.829705,8.860250,7.786836,-1.374197,-4.304591,8.810405,8.661219,4.126445,2.962431,9.626144,3.995570,0.657271,8.065572,-5.798739,-4.678264
[0;32mI (41530) ANALISIS_ESPECTRO: Frame exportado | t=40.88 s | pico=93.8 Hz | 63.1 dB[0m
SPECTRUM_FRAME,41.900797,93.750000,62.457752,hann,512,38.497826,34.487480,58.248043,66.802452,63.331573,48.969322,62.457752,60.958298,43.199303,55.163895,55.722992,43.617931,48.458801,51.671654,42.213753,45.272774,50.454674,43.677505,40.389748,47.852982,43.615364,28.957314,41.127132,39.165356,25.058353,23.194534,22.247719,19.092459,35.548985,37.226109,25.386513,31.277622,34.855114,27.424545,25.388420,31.058599,25.124504,19.029480,25.278011,22.082422,22.939196,35.679749,35.084141,13.108611,37.116489,38.254471,25.490377,30.246815,32.850613,24.527390,18.654215,25.685022,19.648960,23.850529,31.996845,28.695280,12.954773,28.235237,27.391270,9.409889,29.588734,30.222399,11.868309,27.767315,29.691090,17.285629,20.177919,21.469921,14.850616,15.887486,22.885731,21.435461,15.867510,21.452499,20.864922,15.645805,16.224827,10.825143,11.014895,19.388660,20.276308,7.357030,20.289326,22.986536,15.893873,14.877686,19.561226,17.113310,-1.303450,19.122250,17.600851,4.554975,18.891275,18.352518,-5.780568,19.286945,21.711250,12.101183,20.003353,24.028698,15.661678,14.546756,18.367359,9.302808,11.432719,17.920893,14.722950,10.702847,21.101589,20.049868,10.225655,14.283213,18.130756,14.687004,14.197866,20.555950,14.807770,17.004665,21.296227,10.887370,14.808151,17.604568,13.990625,10.626288,11.377209,15.914611,12.679492,5.514963,7.554711,10.851524,14.322216,11.919394,9.308651,12.788200,15.812574,11.621203,2.338631,11.792171,8.919483,3.383636,10.772871,8.445004,5.001694,7.479541,6.159364,4.709436,8.391104,9.066620,-1.921098,15.988936,18.350164,11.699533,13.033484,18.683870,15.152927,-0.884791,7.840982,10.124716,12.299913,12.509150,8.181879,10.104284,13.891972,13.537278,6.478689,3.364205,10.200125,4.823123,6.469648,5.907665,-19.047806,2.772367,7.132066,6.846968,-7.341489,12.855429,13.279428,2.485215,10.121718,12.718889,7.916696,3.053230,0.184604,4.583296,12.852776,15.283611,5.371070,11.278453,17.195770,13.683845,4.055529,13.323256,14.216537,7.888561,3.792824,9.663700,7.035518,-6.721917,-1.802177,-0.531725,-1.628285,-2.880820,-0.549075,6.772296,8.417527,5.551937,7.064474,11.559464,10.346632,4.491835,8.035387,9.709318,8.180852,2.956632,0.721194,9.626616,10.565083,9.807780,10.793538,12.056000,13.308300,12.822495,11.629316,13.412678,13.740005,9.362494,11.557902,14.027394,10.610760,3.423416,13.561064,15.084249,10.144178,12.183670,16.781120,14.562735,12.050905,16.333380,13.638777,10.926627,14.479122,9.699851,4.730558,11.534634,7.936096,-3.985367,8.204405,10.181207,-0.067903,6.763371,12.710099,2.980830,6.661294,14.536032,8.361862,7.488135,15.239147,11.064339,10.181298,15.653835,10.951966,9.098829,15.870132,14.759641,-0.124871,13.416219,18.033180,13.852959,7.646660,17.817505,16.834812,11.555101,15.523129,15.128660,11.300194,14.182873,13.205177,5.650249,11.912777,15.198961,11.329074,5.758940,16.139318,14.893246,6.560112,15.286644,15.671303,9.905791,15.029448,15.525562,9.890977,15.437163,16.444839,11.313151,15.137229,17.144676,11.870779,16.017918,17.899630,10.046461,14.877505,18.371893,12.211185,7.649963,15.767389,11.902665,-9.448081,9.141232,8.485620,-6.066759,10.801768,13.179258,6.208019,11.327162,16.158859,11.196796,6.526597,16.171453,12.972074,-2.161916,13.714184,13.136477,5.056029,12.585062,14.098977,8.665033,13.087983,15.942322,12.900677,12.857610,14.774240,12.915969,14.411751,12.844984,3.974247,13.102488,14.398956,8.051302,3.843568,12.704971,12.328057,2.723718,6.395185,10.098740,5.982427,5.768354,6.577022,2.386086,3.581578,6.976301,6.160500,4.067405,7.402167,7.861836,7.796251,11.058870,9.386524,-0.182828,12.731475,12.902012,6.162720,10.126713,13.541188,11.635777,6.975023,9.917573,9.986408,2.785618,3.922200,3.027124,1.084132,7.837573,2.907938,10.507322,11.007399,7.193022,12.042568,11.421615,10.667400,10.373689,9.474346,13.324164,8.700799,7.810925,14.245992,7.996454,10.824319,14.287111,2.671893,11.074154,14.239367,6.799712,7.963190,11.353377,10.080366,8.195309,1.339096,9.539222,8.995906,-12.588712,10.555391,11.129074,-1.880394,10.624056,12.509668,5.578017,7.202705,10.526986,6.228415,8.816642,7.603349,0.809468,13.178140,14.573627,5.466225,12.909418,17.269665,12.432027,6.423829,15.760534,13.247157,-5.868854,12.855909,14.276477,8.351255,15.614290,16.939592,11.479668,18.354744,18.178841,7.092052,18.333145,18.792356,4.618974,14.532804,19.011208,13.693947,7.027140,19.754856,16.532631,5.260238,21.111376,19.115242,0.665475,20.860287,21.242666,9.309646,19.048698,22.424530,13.800711,18.464842,24.106485,17.671816,17.677013,25.545116,21.487316,14.027028,25.568558,23.190456,11.600661,24.989805,23.796570,8.652831,24.651474,25.291656,10.453111,23.684227,26.531929,17.336607,21.700912,26.630556,19.655035,18.251657,25.853464,21.547337,8.821420,24.032211,23.395615,10.196858,21.162300,23.735781,16.359673,18.876364,22.841246,16.576269,17.260803,21.559141,15.094141,13.568739,19.681871,15.153002,1.871419,17.191755,17.488169,10.469179,16.684801,20.369244,17.140825,18.464045,21.664745,18.890282,18.693609,20.570637,17.191437,14.911910,16.428598,14.205839,10.816816,13.773766,16.418512,16.857729,17.423721
[0;32mI (42560) ANALISIS_ESPECTRO: Frame exportado | t=41.90 s | pico=93.8 Hz | 62.5 dB[0m
SPECTRUM_FRAME,42.923158,93.750000,61.267658,hann,512,36.224167,30.850870,56.886440,65.414566,61.933102,48.208244,61.267658,59.734352,42.505867,54.260361,54.679379,42.283192,47.198860,50.181641,40.422230,43.647366,49.022007,42.275547,39.888580,47.543297,43.348927,31.565331,42.835579,40.611099,23.573879,25.193270,23.974117,20.794842,35.713772,37.906197,26.865635,33.739487,37.951023,30.960365,17.374601,25.582857,21.289051,22.843523,30.419392,27.306604,23.143116,35.197575,34.177921,8.714821,35.333946,36.222473,23.196140,29.254108,31.797413,22.661625,11.143948,21.975933,20.075424,22.202103,31.894819,29.710022,8.854675,29.559361,29.721714,18.983723,26.494448,26.753181,14.270793,27.768099,28.838959,13.149123,24.313089,26.604446,18.098804,13.805446,17.593544,15.425311,4.186511,-0.407590,7.279851,4.891192,8.034039,13.683539,11.684992,15.985546,19.658138,12.123911,20.737040,26.003973,21.166553,13.850955,24.755175,21.899454,8.277330,9.881354,12.691983,16.815222,22.192944,20.219162,8.832400,23.887581,25.265694,15.353083,18.137367,22.512407,15.240111,15.782977,20.735292,13.293029,14.097472,20.174486,15.029359,4.314566,15.686331,14.688324,-0.641564,13.383490,16.876724,10.990683,13.780265,17.933506,9.545137,14.269278,19.223833,10.697049,9.444681,16.067522,13.828304,8.084596,12.486937,9.154522,8.706701,15.735125,12.589792,-0.717575,11.285691,11.859627,5.215199,10.564738,9.189851,10.634946,15.520087,14.294395,-5.337827,13.717148,14.645773,0.085857,12.588457,14.921881,10.166775,9.998329,10.532797,0.385003,11.292007,13.877628,11.323224,1.773026,8.592568,12.444479,9.800920,1.955039,11.768150,8.676105,-16.323288,9.649155,12.389576,6.529069,11.629228,16.159531,12.975014,9.417194,14.181290,9.582315,-3.716760,5.910860,-0.003433,0.355357,7.585091,9.214756,10.692616,14.825768,11.527050,6.461586,13.373407,11.241177,9.006725,9.622745,10.887907,11.940703,7.688051,10.683399,14.252449,12.013748,-10.042163,10.573173,11.601770,4.235768,7.976847,10.933783,8.863160,2.637335,4.174990,9.307796,9.444228,6.285789,9.520536,9.055761,3.712519,10.137282,10.576761,4.304825,10.373695,11.733562,2.474001,5.090320,10.017149,7.219391,2.979150,10.521219,8.937255,-4.614300,13.382163,13.508211,7.215400,11.795799,10.225357,3.725413,8.064892,1.022843,3.479945,10.663342,13.962849,11.015879,6.461935,13.406977,11.542320,-4.656084,5.698594,5.401464,1.785140,5.084555,2.633588,2.103762,2.997064,-5.304617,4.024572,8.446675,9.218111,2.223907,-2.775664,1.379450,-1.886926,10.134104,13.937388,10.769127,1.742743,13.109031,13.017559,-2.448061,14.195728,14.838451,7.933731,17.416233,18.335434,-8.429273,18.738394,21.789494,15.015314,12.408012,18.651678,14.324994,10.275980,16.011112,13.093033,10.788489,16.953579,15.181343,1.429622,17.090931,18.242893,8.634149,14.255371,17.425520,9.274017,12.129426,18.064224,14.832268,9.404773,15.159593,12.326465,12.287815,16.120794,11.926346,12.339383,15.827482,9.327255,12.008796,16.822151,15.524608,3.867819,9.289482,14.025183,5.948425,10.460816,17.388491,13.628391,7.120640,16.267336,13.376189,4.179541,14.557563,14.622753,6.112943,2.843872,9.778740,3.513344,11.091823,15.739608,10.529129,8.500794,14.418975,8.066940,7.899187,15.721103,14.911316,-0.955231,14.673325,17.121201,3.009242,15.976224,19.221752,11.412588,9.540410,13.672576,6.270560,12.108549,12.869391,-0.535924,9.946624,12.505178,-0.136080,12.098857,13.954387,7.299022,8.323740,7.446661,-3.690680,12.931858,14.087250,10.199837,2.778454,12.483126,11.368654,-1.323529,12.307108,13.696919,10.432043,8.240140,10.282583,9.109785,14.298695,16.555136,12.858301,12.071086,16.096130,11.162205,9.475276,16.470795,15.274830,7.358911,7.789258,12.938747,8.664928,7.176233,14.361815,10.572004,6.494868,11.533013,2.670456,9.921467,12.988911,10.130368,-5.650519,0.865071,4.164831,10.171613,8.409515,-5.234825,10.930371,12.129827,4.474044,9.809149,14.927582,12.256650,4.700351,6.685970,6.060420,8.659345,11.288301,7.346213,1.691033,3.446660,8.711746,10.365108,-8.240597,12.153872,15.413518,10.886787,7.417069,12.357609,6.139621,12.610107,15.308588,11.737699,6.517186,12.514791,10.659452,-5.550221,11.176165,12.015876,2.485431,7.781959,8.630741,-0.001807,13.465782,13.130873,5.534879,9.830859,8.536980,3.334929,15.963749,16.022514,4.797338,15.866336,18.490929,9.594780,15.769976,20.581276,15.350748,7.491703,17.298111,12.526468,9.273521,17.962412,16.226154,6.344171,17.917210,18.246977,10.549659,20.273415,21.207897,12.880531,20.197065,22.176109,11.419454,21.179512,25.411566,19.395512,18.645958,25.927860,21.282753,17.831009,26.495621,23.475224,13.288078,25.260281,23.969971,9.614028,24.860937,26.107092,17.063299,22.905975,26.239328,18.850454,22.502127,26.986446,21.411404,19.215282,26.051624,22.351784,14.625648,25.211998,24.800262,14.840999,20.951782,24.156828,18.693880,18.553164,23.049223,19.610851,16.796440,19.641634,15.199308,16.152285,19.922941,15.330917,0.524861,16.792236,16.828634,4.567106,15.400929,19.071964,14.186010,9.712686,15.259094,10.485628,10.239602,13.234000,8.700300,3.900768,5.289855,-1.976641,1.870863,9.322885,8.971714,4.433363,3.328554
[0;32mI (43580) ANALISIS_ESPECTRO: Frame exportado | t=42.92 s | pico=93.8 Hz | 61.3 dB[0m
SPECTRUM_FRAME,43.945530,93.750000,61.956219,hann,512,29.565298,31.011286,57.686440,66.264153,62.776993,49.144753,61.956219,60.471073,44.165970,54.629784,55.204018,42.933609,47.571583,50.903954,41.190025,44.294685,50.042915,43.602158,39.645584,47.924805,43.836933,30.384537,42.083725,39.704258,21.153097,17.134090,19.548540,0.789197,34.794891,37.667076,27.042694,32.573990,36.366383,27.659676,26.886238,30.436136,24.669346,13.693117,27.112946,26.106195,22.156408,34.949116,34.277130,12.945015,36.062035,37.297215,25.974579,28.542782,32.047585,24.591753,20.473930,25.960752,22.663954,23.632565,32.313286,29.758335,-5.772512,27.267115,26.132181,14.695268,28.125191,28.436869,14.742147,27.820665,30.297016,22.767965,19.030167,24.412010,19.549759,8.890590,16.350904,9.239921,8.510735,14.212893,9.793404,1.214714,12.945441,14.063175,-5.544829,20.305992,22.931612,12.505165,20.739265,25.396931,17.733057,16.229990,22.381744,15.963449,12.584390,15.502769,11.474783,7.886971,19.883955,21.106375,7.404307,21.378330,23.138210,9.093053,21.487589,22.908138,6.970687,18.061159,19.768694,16.766762,9.706062,20.245275,21.275579,8.056982,19.858852,21.438171,14.264872,8.543497,9.194375,10.938955,19.044096,20.520054,11.914925,18.022348,22.448620,17.634033,-0.994432,14.389843,11.380718,10.000362,17.729477,16.493010,4.529065,19.288580,20.561909,12.707871,13.215846,18.497145,15.896595,9.672125,15.561417,13.065444,14.372225,14.171135,3.002296,12.576304,14.163528,8.770615,2.840011,11.453176,11.425709,-3.045269,8.425047,3.662754,6.759487,11.892181,8.463862,12.517977,12.647729,8.963730,13.165953,10.665401,-5.973021,6.001203,4.284816,3.973716,-0.406071,6.704937,3.406098,-0.649325,6.819126,9.485853,5.056266,-1.085844,9.405898,9.901158,4.111652,1.738407,1.380084,-5.213559,3.451660,9.032048,6.133707,12.631239,13.491358,10.409328,14.086155,13.655501,6.110327,11.386852,10.918851,-1.010010,8.442116,11.259457,2.436209,7.852233,11.821364,8.007977,5.348244,6.192281,8.445417,4.890502,3.555853,7.083827,-0.079704,6.676610,5.707360,7.441273,8.508871,-0.529991,6.759155,10.401502,11.500601,8.577251,8.514881,15.620506,12.202612,3.936319,15.732264,13.435080,-2.985357,13.198545,12.883595,1.694440,8.196152,11.831032,6.453601,1.479117,12.093616,10.795187,-4.467390,9.956828,11.202384,2.881312,0.233713,3.613274,5.930088,1.565672,9.028002,9.872303,5.339622,13.262258,10.154316,1.946867,12.094308,7.101039,4.981337,5.273046,7.416689,10.628466,1.792367,9.025959,11.829100,9.686914,5.221587,7.075414,9.997652,9.092430,1.994380,3.722430,12.173024,12.336832,1.856029,10.970384,13.388257,4.593443,7.665593,7.697819,-5.733213,4.546452,5.296137,10.478361,5.943718,12.748308,13.962760,5.098563,14.129768,13.165688,3.887074,10.930851,10.452112,4.696605,10.085673,14.709816,8.585375,15.616037,18.340813,11.204805,16.996527,19.538620,12.069901,15.231242,18.611988,11.708575,7.316965,15.616573,12.850611,5.884998,10.739668,13.255424,13.110283,12.118768,12.934055,11.875219,13.866440,13.686581,6.984469,8.477969,13.931479,12.592567,4.839516,10.238529,14.281211,11.167755,1.688835,12.922709,10.491596,3.439964,11.123533,8.248900,4.602534,10.671397,6.707711,7.847508,9.836959,1.927237,11.892460,11.142535,-8.744191,12.062189,12.891291,3.643048,2.495491,12.186522,11.715891,6.946142,12.707510,14.448048,13.077594,13.246716,14.285580,11.876572,9.979095,10.070495,3.564656,-10.113034,-0.672030,4.356472,6.624675,-4.942300,8.848790,9.896405,-1.257813,7.152384,7.296715,4.659051,0.369503,4.455488,9.271550,-0.172536,6.646574,11.025555,5.462158,4.225307,6.925027,6.938065,-2.154660,-2.410683,8.598837,5.070989,6.039823,10.972672,9.473297,6.795550,10.034119,9.714870,3.618569,5.363570,7.032228,-3.919590,2.115207,7.521624,-0.312002,6.701188,12.816710,4.552485,10.474744,14.380136,6.311338,9.859594,12.956572,5.982852,4.852560,7.867976,8.101168,-4.185029,3.558098,8.538314,5.511483,5.446243,0.799098,5.832286,5.797193,5.308026,-12.366159,5.871093,10.778038,7.163503,5.584199,11.236990,11.911970,8.197206,6.912427,9.822470,8.641924,-8.190383,-4.376998,3.187497,3.929096,11.707832,5.079702,8.941134,14.958742,11.023559,12.897341,16.648813,11.754036,13.839752,17.772949,13.674798,11.746813,17.016504,13.985353,10.207293,16.263729,14.848527,5.754242,17.484325,18.775198,7.162742,16.746868,20.569176,13.981356,16.056129,21.230471,15.587360,16.176918,22.517946,18.929422,12.966160,23.091114,22.153061,13.589517,22.824223,23.564997,15.717935,23.789053,25.388451,13.812429,23.579485,27.300430,19.275713,20.822006,27.860601,23.413040,18.776028,27.777519,25.324986,16.418928,27.268545,26.635067,9.890224,24.506874,26.483078,16.229658,20.514339,25.256521,17.610981,19.821655,25.454235,19.515583,16.113682,25.084942,22.604343,2.228371,21.818121,22.720493,14.042629,19.160515,20.723991,13.790905,19.197147,19.686176,5.861418,14.835028,17.335064,10.499473,1.688768,13.684494,12.732080,13.674019,18.307354,14.621637,13.687180,18.776920,14.985814,9.901898,16.382908,14.315651,-5.737476,13.238018,15.818962,8.373831,-1.729005,12.930077,10.236663,5.459269,-14.666574
[0;32mI (44600) ANALISIS_ESPECTRO: Frame exportado | t=43.95 s | pico=93.8 Hz | 62.0 dB[0m
SPECTRUM_FRAME,44.967883,93.750000,62.310848,hann,512,7.245904,33.236080,58.043766,66.657364,63.112785,50.151196,62.310848,60.856903,45.555779,54.988762,55.767944,44.013054,48.149757,51.589607,42.248383,44.771988,50.283249,43.548012,40.254639,48.023190,43.749012,30.553688,41.814274,39.613976,22.868244,18.924274,22.301758,18.101206,35.290646,37.610813,27.037565,31.658125,35.527523,28.239906,22.796171,29.275446,25.840656,12.952390,25.488724,25.445480,23.388077,35.562519,34.539619,13.063684,36.569313,37.641109,26.173456,28.304043,31.667614,24.109623,21.882685,27.266474,21.842516,24.767372,32.272968,28.933962,13.744526,27.852068,26.862719,8.133018,29.568623,29.956196,14.732591,28.142920,29.824127,18.449499,21.086430,22.268211,9.363922,17.192005,20.807016,17.104013,14.859232,19.985798,18.157812,13.191997,16.736383,16.427385,13.888329,19.891588,20.008829,8.639659,21.633930,24.782913,18.718998,11.330661,20.482841,19.846474,13.374678,11.103310,8.605543,18.737230,21.872194,17.283632,14.374912,22.597115,21.933516,13.416566,17.873384,21.661909,17.661858,-4.832452,16.759556,15.079207,14.068245,19.026379,11.756872,14.720669,20.737822,18.008001,5.798058,14.206444,17.547846,12.872477,15.035209,19.839449,10.955438,15.756100,20.546444,11.710836,13.942635,18.527134,14.883879,1.831117,15.767599,15.616047,6.384382,12.388343,12.602036,3.092142,16.115049,14.941570,4.731445,16.737751,17.609440,11.596388,5.600955,15.553843,14.653753,11.344980,16.714689,9.072464,16.314737,18.409388,5.386827,17.633154,17.981373,11.692719,14.485437,15.735293,17.056017,15.653068,12.697817,16.314878,12.155334,7.282495,10.952011,5.460623,-5.403568,2.497166,7.509602,6.754801,-0.017437,9.507012,12.674685,13.190102,5.207972,9.010962,15.456955,12.232447,6.100147,14.923937,12.998283,6.398902,9.850690,2.429060,10.087730,15.236647,12.055601,2.332855,14.876297,9.282070,8.269039,16.042307,10.646457,6.776280,12.489320,8.200780,7.453804,10.373377,9.034769,0.545861,-16.041187,6.159119,8.451033,6.347972,6.884906,8.957740,7.874224,5.887794,4.988375,8.406103,10.590000,2.655649,2.407411,-3.668007,0.867097,7.329891,-13.903481,9.860457,8.802402,-1.887787,9.647187,3.800667,9.023973,10.921617,4.181368,10.482812,8.771071,-1.475088,10.139594,9.293499,-6.131410,5.450845,7.764928,1.672137,9.650790,13.381104,9.408022,6.337763,12.040153,11.345706,11.943100,14.548029,13.182906,9.976216,10.536984,9.380282,10.263290,12.072741,12.065730,10.873077,12.852959,11.208002,7.639842,13.357959,10.618748,6.796765,6.549253,-2.717903,-11.435847,10.464939,8.045071,-1.621444,12.202372,11.759386,-6.714828,11.720531,15.105771,10.378800,7.055484,10.525494,11.569552,10.441957,12.087408,13.206576,12.771844,12.851849,10.573025,8.685921,12.993292,15.077496,11.228417,7.318158,13.230243,12.462601,8.819115,12.735723,12.704304,11.230671,12.176960,10.703270,6.793282,14.539677,15.446988,12.366477,13.725801,13.406390,8.672144,14.567236,13.836659,5.002504,11.519001,12.034281,-4.449812,9.588199,14.423218,9.210726,7.149161,11.537725,5.063953,10.697092,14.507737,10.265994,-6.467472,9.904425,11.296624,5.347471,-1.402787,10.316372,11.759827,10.895015,4.262534,2.502699,10.586721,13.133793,10.426443,7.255004,11.822330,10.025287,-2.447750,8.442901,11.940701,9.780208,-3.373041,7.898315,8.587307,-5.075021,10.335587,11.491166,4.448364,5.873665,7.448041,-10.644405,1.314682,-2.614786,-2.654347,-0.025154,-11.189647,-24.328590,1.552355,4.305202,3.762207,-5.042241,0.452936,1.013382,-1.477673,8.710023,10.145914,6.443873,6.988928,8.391153,4.105998,5.957432,9.464269,12.124185,7.249858,6.876059,13.046321,12.571231,11.638593,13.667265,12.595820,5.694273,4.020385,3.360046,1.627842,5.371367,10.707730,10.330318,0.973476,6.733261,12.443020,10.507373,5.682876,14.437198,15.793028,11.678382,11.439293,12.276495,13.131598,14.569722,10.548498,2.664498,11.438164,7.332625,-7.079323,11.551304,9.195350,2.727706,6.993004,3.727545,8.643546,6.513946,9.519461,13.204248,8.038594,2.692424,7.418722,4.322851,6.980903,0.118580,-12.221710,-1.811941,8.791383,9.007433,0.573734,13.650779,12.729797,3.855572,13.562652,9.792310,8.601753,14.798884,11.984131,6.293844,11.303215,8.545955,5.600822,11.799356,8.707620,-1.160179,10.149670,5.357835,0.513235,15.399042,14.300914,6.552290,12.951684,15.724255,5.819025,13.876274,18.240677,9.808058,11.042524,18.613533,11.154005,8.739854,20.980158,18.674814,2.162579,20.150272,20.367004,5.419325,21.040722,22.660540,10.180154,19.780722,23.361742,11.744625,19.552656,25.345795,18.369106,16.760452,25.896446,20.700031,16.044790,26.824369,23.876684,9.462783,25.701927,24.590731,6.146128,24.955959,26.145679,14.128105,23.069859,26.842190,18.319475,21.585094,27.647665,22.561419,16.635027,26.029928,22.850924,14.233501,24.556448,23.349535,12.888916,22.204645,22.660513,12.322281,21.095707,23.172056,14.881781,16.435017,20.814587,14.125111,14.247426,18.751339,12.256376,9.454248,15.134101,5.260400,9.275230,15.963546,16.239620,11.051845,9.714937,17.839165,13.106707,5.832169,18.293762,15.533980,5.691140,14.249639,11.097984,5.575647,15.030464,15.024786,3.722785,9.460531
[0;32mI (45620) ANALISIS_ESPECTRO: Frame exportado | t=44.97 s | pico=93.8 Hz | 62.3 dB[0m
SPECTRUM_FRAME,45.990243,93.750000,62.003471,hann,512,30.790995,36.153099,57.865353,66.344284,62.644173,50.505066,62.003471,60.366280,45.268867,54.564262,55.225582,43.606415,47.911415,51.246696,42.188713,45.374535,50.296906,43.201443,40.967045,47.677147,42.590275,31.589676,40.645432,37.428680,18.610319,26.704538,28.024900,25.412119,36.999344,38.679482,29.510052,32.748775,36.495056,29.794575,18.543528,27.454386,23.530106,19.994816,26.919994,24.157879,24.750788,35.481335,33.759491,21.481932,36.956337,36.961933,22.373541,31.158642,32.417046,23.193764,13.886767,22.145351,12.497433,24.480131,31.195904,26.624218,20.511593,28.988018,26.791264,15.511016,30.366020,29.459362,13.322233,28.551466,29.693213,19.429670,17.671885,22.366680,16.177759,15.661201,21.774689,17.155237,14.464529,22.805534,20.109205,12.431527,19.344654,18.007643,12.699647,21.631651,22.888067,12.834230,22.875435,26.258467,19.817019,18.449144,23.781872,20.181126,-9.682966,14.298817,10.108416,10.255958,19.301743,19.468147,1.363218,20.426435,22.080000,11.249105,19.445255,21.187225,8.776531,16.462246,17.353493,7.498085,16.820730,21.987772,17.803789,14.707565,23.789637,20.715246,8.672531,16.543398,15.673560,11.052698,15.187338,12.699516,7.444243,19.558521,19.972429,-4.191792,16.451559,16.346788,2.365069,10.511584,11.813585,8.514590,7.055426,14.152895,13.928965,6.133788,13.973804,15.272540,7.334190,14.077693,16.858637,9.927249,9.394970,15.718765,11.545259,1.643707,12.641186,10.396733,2.631664,13.261041,9.345673,-9.267287,8.255488,10.972739,-0.104505,11.533697,13.934547,6.557185,12.698144,15.094233,6.489305,2.601240,6.575298,-1.493560,4.030125,10.739571,5.769774,2.115509,12.794785,9.359228,-22.375969,2.923519,8.478802,-0.927355,10.067449,11.445124,-0.296870,10.066810,11.520702,3.352511,7.837650,11.627140,13.231936,8.850989,7.465403,13.414006,13.026114,7.476421,-0.642560,11.189463,15.176363,13.838758,-15.861711,13.621364,15.458406,8.939134,8.397706,11.184458,8.697077,10.169644,10.239056,3.950422,10.121894,10.772547,0.451967,8.316403,11.144038,6.133746,1.573001,10.140352,9.433005,2.220696,2.158578,9.448119,10.744484,8.142601,3.756592,11.131534,13.552122,9.224503,1.156129,12.676429,14.311047,7.911716,11.841470,15.396349,12.238179,13.037748,15.162029,12.090093,9.647780,10.678392,8.843614,6.256615,5.488112,2.495136,9.382972,13.429603,11.987495,10.721922,13.634731,14.398664,11.014011,9.160517,11.830974,7.125602,-5.839089,5.028071,8.186497,6.355797,6.337848,13.878183,12.635693,6.458292,11.679596,11.459120,9.509193,9.213250,9.799007,8.120331,14.248915,17.209713,14.098844,11.618986,16.922995,18.332439,14.239577,10.878075,15.464802,17.667820,15.721240,9.544758,14.072833,17.370180,16.477169,5.581022,14.767671,15.815778,14.417048,4.263087,9.270131,14.141563,10.848025,11.347800,10.310489,14.970851,16.894484,12.715525,12.651770,17.083275,13.622445,8.552542,13.964124,10.974866,2.925915,11.547125,13.388210,9.724005,9.955911,14.296127,13.539820,11.807770,11.862397,9.375239,11.285287,11.209779,8.768217,5.743164,13.070490,13.696927,9.192191,14.838506,14.302849,10.726151,15.635977,13.655252,7.718473,14.050037,12.366829,2.950328,5.751037,10.240604,11.705893,10.288195,12.284884,13.645407,13.883339,14.105236,12.212002,9.714397,11.194632,11.880520,12.300464,12.784254,14.250847,14.827108,16.478954,16.005024,11.769048,14.133101,14.929360,9.449338,-1.450301,9.234541,11.109789,9.177006,5.882241,10.406666,10.544792,10.064974,9.073218,5.965406,10.360436,6.989524,-5.255294,10.249042,0.293829,0.170308,7.905092,-0.798219,4.990430,-3.100976,3.183106,7.632728,2.114737,7.621099,9.106052,-0.706607,9.769582,6.814859,-0.312192,3.564159,-0.736881,3.782967,3.931641,5.708435,1.371266,11.002082,9.852125,2.100540,10.257548,10.752727,1.828885,9.077049,8.591530,10.708006,14.288578,6.514887,12.751553,16.975498,10.537562,9.578394,15.677762,12.776332,-1.154441,10.741725,12.317400,0.482121,6.457910,12.273017,5.902550,3.322090,11.992294,9.149088,-2.543246,9.404374,9.626122,-4.690627,5.369254,9.971313,3.941462,-0.709722,12.083908,10.066028,-7.363578,13.335652,12.738913,3.674124,14.296680,12.801858,6.745412,14.546425,12.364831,1.628796,12.324776,13.116822,-2.072406,8.245981,14.827638,8.754535,7.322355,17.195242,14.323530,6.163395,18.248579,18.098051,9.759236,17.674364,19.971676,12.660931,16.216423,21.067389,15.180382,13.122551,21.874895,18.413534,9.438929,21.843483,20.534760,10.772542,21.736231,22.127388,12.360567,22.079418,24.100056,14.674115,21.755592,25.306273,16.409920,20.134516,25.242426,17.149519,16.281839,24.616848,19.884235,6.240144,23.962128,22.874910,6.470129,23.251305,24.252748,9.622377,22.211510,24.783489,9.804275,19.718300,25.200298,15.894445,14.483651,24.943182,19.889006,6.169400,23.692045,21.394461,-0.574052,21.455658,21.396029,-1.159925,17.297127,20.210455,8.092009,11.426489,19.146933,13.232427,11.494375,20.304163,17.350090,11.609383,20.023380,19.092194,12.195246,16.005308,16.850021,12.500149,10.921612,10.217986,9.184518,12.510873,13.607916,11.508848,11.760716,15.265009,14.814831,11.142239,13.313858,14.373709,11.820754,11.562176
[0;32mI (46650) ANALISIS_ESPECTRO: Frame exportado | t=45.99 s | pico=93.8 Hz | 62.0 dB[0m
SPECTRUM_FRAME,47.012607,93.750000,61.916641,hann,512,33.438786,37.008179,57.539410,66.231781,62.494389,50.385048,61.916641,60.358944,45.591156,54.550522,55.311813,43.450722,47.615173,50.849777,40.891853,44.662216,49.956318,42.587311,40.478714,48.215008,43.612808,32.665432,42.967789,40.835434,25.645704,24.470131,24.510044,22.645529,35.968307,37.667336,26.563148,33.094418,37.048332,29.631624,20.637674,26.846527,21.475071,22.211149,29.207584,26.888233,19.338785,34.415157,34.008331,11.563560,35.249783,36.550770,23.075119,29.167234,31.987383,22.868521,14.576249,23.056252,16.679176,23.799759,32.270885,28.550705,18.094988,29.360788,27.917580,6.664557,27.521593,28.456406,16.991880,26.466408,29.843517,22.266024,18.319433,24.741888,19.761152,10.724254,18.458590,12.674036,11.545983,15.057164,12.357245,13.979013,14.958342,12.173835,10.251192,19.224533,21.802353,9.094457,20.002611,24.397930,15.331938,16.857950,22.078648,16.215605,2.935204,8.579799,7.646433,7.650094,19.304016,17.547932,9.213200,21.194485,20.883429,1.983238,20.964529,21.215799,6.043296,18.007097,19.984177,13.512398,11.981463,19.948792,16.159752,8.584084,20.348902,17.883932,-1.290179,13.273931,12.769711,1.588342,15.953835,19.853989,13.150049,14.547232,22.033003,16.343967,9.517245,14.121300,8.838319,13.793988,17.035130,14.726392,10.214031,17.145945,18.208111,13.727908,-1.231976,12.675714,9.263405,14.650693,16.551136,9.003154,12.420286,16.987005,14.685423,3.036762,7.858107,8.699462,7.281158,7.087902,3.930784,9.477118,12.077560,10.924029,11.872601,11.103607,11.188223,11.777538,5.963391,11.290580,12.020247,7.263694,7.577266,12.387074,12.458602,10.491363,5.529430,13.838434,16.236319,8.274776,9.850810,16.198147,14.328394,1.529317,10.062180,11.902603,6.220720,0.123300,2.350922,3.195140,7.241004,13.264522,11.586617,2.949966,13.556357,14.260306,9.205146,4.420402,8.409177,9.248303,12.864687,11.096552,1.275345,12.525329,15.730816,11.911036,8.745137,11.418495,11.620287,12.354134,13.124104,8.222568,9.479072,14.481673,14.260739,9.964668,12.228004,12.171474,12.741808,14.101679,10.383849,5.741195,12.519190,10.402950,6.186871,3.551569,2.799527,6.733217,10.650491,6.543912,-0.638284,11.567658,10.871944,1.836566,9.258641,10.684706,7.087087,9.267853,10.300428,6.501661,8.677916,11.425085,8.114223,7.850117,11.163357,9.368515,10.192663,13.327642,10.204889,6.895916,13.499586,13.912495,3.241651,7.511889,13.208508,9.860136,-0.223420,6.643323,10.203992,9.292102,7.222682,5.089427,12.629224,12.038883,6.539860,9.148994,12.035528,11.887602,8.828048,9.751646,13.122395,15.031705,16.454262,16.517393,15.677997,18.844666,19.255211,15.433040,17.124460,19.439991,16.886045,13.137417,17.969601,17.633533,11.120215,16.005779,16.521572,6.318386,14.098029,17.455557,7.829803,10.882230,19.811550,16.089418,8.223077,19.562874,17.502226,11.000756,17.335472,14.250315,13.403080,15.221168,9.283178,13.109528,13.486882,12.243465,7.118922,11.793886,13.510233,-5.522993,12.521608,13.627096,-1.402054,13.251857,13.622179,7.334532,8.254902,12.767796,14.312469,1.578431,13.722942,16.862309,10.154385,15.545472,17.530899,9.008310,14.626517,16.874287,7.101759,10.056917,15.005593,10.820972,4.933531,13.486525,11.885145,8.519234,13.882204,11.775448,9.189198,15.121668,14.426074,5.163925,15.669036,16.981947,8.226126,14.312119,16.725882,12.656624,10.976360,12.109776,10.538637,9.411684,5.622092,-0.907548,6.909631,12.404438,13.261119,2.258703,13.673817,16.104273,11.055929,11.284960,14.499979,12.981206,7.319357,7.578410,9.496945,7.537969,2.019394,-14.020233,7.375031,12.061480,8.539472,4.015130,13.470161,12.656798,3.235563,9.608493,11.192108,3.328884,-1.306262,3.186810,-0.390193,5.760233,11.892152,9.054440,9.336249,14.793472,12.900723,10.465261,14.101787,12.062036,7.882816,12.156569,11.877316,-0.601067,8.482200,13.227133,12.247374,0.781235,11.773334,15.974266,10.199324,8.774599,16.307291,13.937926,9.671015,14.543876,13.082321,10.724917,11.001879,5.461957,8.394119,11.102264,6.619993,-1.360616,13.521323,14.749928,4.876570,12.122146,16.306839,10.376276,8.306041,13.665924,11.394953,11.369041,12.294841,10.787886,14.388544,15.640536,11.810485,15.887337,17.079203,9.761866,15.052638,17.820063,12.324971,7.230888,17.134018,17.534561,11.640426,16.361229,17.933828,16.262342,19.202349,17.695267,13.600163,19.774090,20.114300,8.122993,16.721832,20.822943,13.307792,12.916154,21.029388,17.148560,10.985408,21.887358,21.030388,13.496851,21.888868,22.797867,16.698997,22.042711,23.313206,16.221069,22.016382,24.623505,15.976795,20.357897,25.645430,19.789875,17.900650,25.590506,22.084789,15.804038,25.021687,23.557446,12.555496,23.999798,25.157211,14.636230,22.747686,26.343634,18.621014,21.808741,26.987473,20.862600,19.957611,26.718735,22.371399,16.235895,25.079285,22.852154,12.308039,22.590342,22.671738,11.589655,20.314701,22.743910,13.915781,18.091658,22.304089,15.340878,15.053080,20.464907,14.820770,9.581260,16.803892,13.387955,4.674674,12.029462,10.619549,6.386515,10.902066,5.553576,6.946531,7.588743,3.197771,7.245920,1.888412,4.066346,4.893553,5.069025,9.146759,2.639662,5.390166,9.795197
[0;32mI (47670) ANALISIS_ESPECTRO: Frame exportado | t=47.01 s | pico=93.8 Hz | 61.9 dB[0m
SPECTRUM_FRAME,48.034976,93.750000,66.897430,hann,512,40.980972,41.376411,63.124660,71.539978,67.860733,56.730541,66.897430,65.450829,51.908031,58.990917,59.961075,48.374962,52.130905,55.759659,46.461185,48.411789,54.011654,47.052479,41.225082,48.983955,44.420666,23.399324,35.137535,32.820175,24.579735,36.973156,36.228737,21.269094,30.436882,31.848316,20.007494,31.496828,35.791908,28.326050,30.646591,37.898312,32.815842,24.495888,33.239906,29.717016,28.053371,40.394360,39.890488,25.692884,37.613995,39.221153,27.962166,20.592157,23.409605,12.547668,22.694530,29.313658,25.238461,18.744511,26.314320,21.857090,20.184273,32.851311,31.661652,15.667387,30.533989,31.842299,20.548004,21.237375,24.475679,19.065496,18.579994,26.509888,20.682110,0.451800,17.196352,12.410928,8.526361,19.798164,20.526531,6.707281,18.540569,21.740381,16.174711,15.626098,16.047386,16.516874,13.916281,18.845970,12.524500,8.398534,16.275135,9.069726,11.431309,11.961367,8.013096,3.468445,19.982971,19.864717,10.980434,19.772005,22.374935,6.966085,19.433361,23.169521,15.310450,12.163295,19.778067,17.796190,12.139126,16.432627,12.898732,14.394810,22.190479,19.112610,6.335695,14.934675,6.490512,8.062039,19.232819,22.872297,16.283512,18.825924,25.475054,21.241257,0.586580,18.227812,18.456936,15.544652,17.470295,2.025945,17.299435,21.652035,15.657230,14.404949,20.097576,17.843700,9.495759,12.808922,15.876976,12.656107,9.896710,10.183496,1.828252,14.206282,16.280701,12.435880,-10.562593,10.975837,15.191127,16.053280,11.418529,4.412777,15.340282,16.765427,11.838434,2.960293,13.806901,16.205029,6.626463,13.891468,17.439869,13.469368,10.348096,15.085920,13.500815,0.132491,1.420253,7.659053,8.668151,9.874687,14.357844,7.469474,8.166972,4.327458,4.742340,6.469030,10.423799,8.644399,7.887604,9.651354,12.999164,7.664769,15.313796,19.304043,13.729361,19.349974,21.999075,16.380407,16.999874,17.784092,10.258835,9.886075,0.600305,12.362146,9.480589,8.737617,15.881912,12.439611,1.182629,-14.912748,7.366285,12.524010,15.400126,5.181341,10.094080,15.347269,9.746386,-13.795313,-1.311221,3.585394,10.830725,11.750569,8.293245,10.957129,11.521328,6.413293,1.775579,9.481617,13.050300,-3.182558,12.898170,18.081358,9.609862,10.342402,15.184017,11.363642,0.069752,-2.431709,-14.181067,3.809835,10.389420,14.152584,7.307567,9.946471,13.771978,9.695031,11.127997,9.233048,3.719320,6.170341,4.016705,-16.434195,-1.323416,9.377097,7.688777,3.591438,16.308388,14.964447,-0.838347,13.450427,14.627328,10.571141,-7.522142,10.711441,11.783445,11.641853,8.634058,7.365466,13.334051,14.275117,10.592899,9.682666,16.608093,16.734983,13.741482,14.637892,16.976936,14.975245,6.558724,12.567732,13.404243,11.607605,1.744448,10.716468,13.898739,6.541164,13.268545,15.638287,9.333179,15.410585,16.556248,7.460849,14.807397,17.611191,11.990014,13.951707,16.567726,12.825054,13.952226,15.083312,9.570681,14.207542,14.789186,13.386374,8.037880,13.286299,15.980392,7.253547,8.095825,10.084347,9.676550,-3.418232,7.008824,3.655895,5.137647,10.663581,9.930095,6.513288,10.653177,12.536267,6.451481,10.546839,8.262985,9.894432,11.912223,6.640388,6.599330,13.647784,7.644257,4.272637,-0.371863,-12.167133,7.287276,12.730664,12.092713,1.911175,14.555673,15.007577,9.330848,7.802721,7.750707,-1.476233,4.837375,10.119780,7.170575,1.069675,11.736252,8.115856,-2.947736,5.111303,-0.169693,7.714149,0.772332,12.491866,12.070929,0.617836,11.889608,12.528776,-1.024936,5.113774,10.176664,8.888472,8.661408,8.707312,10.801889,15.855283,14.105980,-1.617197,14.927386,15.349485,11.925563,2.843809,9.617275,14.448972,11.323591,1.930381,13.445532,15.778528,2.568133,10.150013,12.301867,1.868919,-0.848540,10.950729,8.813933,-5.585783,14.189115,11.525735,5.748106,14.038658,6.938012,5.979757,12.962872,8.575630,10.436878,8.933084,14.351511,13.288785,1.941177,12.339734,11.560909,8.175741,9.966735,8.248931,7.499683,7.694919,9.586943,11.705537,7.574560,8.548156,12.041687,9.620776,4.657633,12.349563,12.882880,5.910400,13.975869,15.264799,4.654958,14.559807,16.026056,6.925443,13.243629,12.284293,-2.298913,11.844175,14.097489,8.637346,11.369238,14.663799,14.818491,4.763224,12.259651,15.782701,-2.308441,8.737358,15.470958,5.693033,7.536157,15.726991,10.635949,9.869015,12.769804,13.648073,9.686660,4.688259,17.023361,10.526125,8.488718,20.880795,16.089842,13.530075,22.898407,19.264725,14.698088,22.717125,20.161963,14.478288,22.821499,22.056164,14.011250,22.477968,24.288113,17.898079,22.675850,25.509977,19.538042,21.879059,26.197786,20.732023,19.201523,26.246061,23.526382,16.389351,25.160437,25.247074,18.001282,24.617699,25.936201,17.517879,23.213930,26.324108,17.949680,20.888016,26.392925,20.245590,18.806780,26.248896,22.254808,16.973150,25.545446,23.084223,12.127686,21.884443,21.402590,10.371133,16.346996,16.628788,6.693006,17.210966,18.853283,3.468057,16.916574,21.618313,12.813408,11.239981,19.753574,14.217859,1.848053,14.241410,9.941440,2.647610,3.733493,-1.531548,6.963844,3.149295,7.678346,8.327048,2.569440,11.444717,4.125778,4.921448,13.296367,5.623839,9.269702,11.906930
[0;32mI (48690) ANALISIS_ESPECTRO: Frame exportado | t=48.03 s | pico=93.8 Hz | 66.9 dB[0m
SPECTRUM_FRAME,49.057336,93.750000,79.606369,hann,512,56.269436,55.787884,76.765411,85.425407,81.718643,68.780342,79.606369,78.220070,61.753616,66.619911,67.564270,54.265617,57.695427,59.776764,50.412521,56.533604,61.322830,54.743313,50.588539,58.136955,53.722301,42.431145,53.295494,51.060356,37.845097,45.378433,45.735722,36.343731,49.461441,51.854092,42.120193,40.053749,45.016712,38.219826,34.828331,39.445728,32.260014,39.019058,47.392651,43.813744,37.410019,49.255844,48.160866,35.477154,44.463078,45.543915,34.993923,37.769142,41.395130,32.579380,39.146065,44.250622,37.807941,36.336918,44.049500,40.258312,30.313929,40.057240,38.464809,22.438381,20.892561,20.090799,7.277829,31.522379,34.823544,24.728613,23.184460,27.783581,22.990160,18.034557,26.437565,24.958984,25.670546,36.824669,33.776226,24.425571,39.889019,39.429695,16.954840,35.449497,37.849350,26.724564,19.804983,27.058678,22.833822,25.491539,29.258757,17.503746,30.394928,36.060890,29.531387,28.411959,34.673569,30.645672,23.537758,25.747690,26.003941,23.770657,25.900063,32.733772,24.494036,28.283804,34.589916,25.129292,25.990599,32.617535,26.579193,6.738791,23.069916,23.385960,19.933758,32.097210,32.596092,21.681656,31.259069,32.995243,22.329903,22.624319,27.527845,20.161320,10.259335,24.312332,22.369308,21.537256,31.034039,29.001507,22.665718,30.741199,29.909458,17.415028,23.062723,23.897371,-1.220058,16.206072,23.934658,13.974633,20.546036,29.193581,22.196743,20.423992,29.321114,25.943398,12.810532,22.945335,23.121061,13.685806,23.850639,27.007256,15.898285,22.981316,27.343246,21.890812,20.403301,21.391907,19.655071,21.975882,15.246054,9.463357,12.337937,20.005777,21.191759,14.791336,25.330238,25.645988,11.898755,19.840540,23.427994,20.357084,12.514372,20.903774,25.787821,22.434389,23.723137,27.121656,21.357719,23.641945,25.248308,15.713737,19.519714,21.294764,17.273922,17.763020,17.795788,3.420143,16.889050,24.587818,19.669437,13.098992,24.043240,20.453844,6.446019,16.754721,17.498810,11.796246,11.824150,16.820267,12.612221,17.629013,21.849888,19.527645,19.550751,20.923927,19.251602,16.587637,16.581680,3.008459,8.903821,18.879683,20.945414,18.105484,21.231953,25.079376,18.684992,15.525030,20.051844,11.247153,7.618972,13.329329,7.374348,10.085801,17.166313,14.555234,11.443783,20.181980,20.575583,11.451377,16.446686,18.014277,14.490733,17.733814,23.364285,20.723236,16.721951,22.604887,21.757584,16.572189,20.992538,20.620255,15.573573,12.825310,13.185875,14.320744,18.017971,20.519508,16.587137,17.934231,23.415346,18.880230,14.322290,22.875240,16.496975,9.146699,15.226995,2.124332,-4.788085,13.916042,14.529524,9.103146,18.103926,18.002605,14.836281,18.081945,22.756556,14.810608,9.425678,20.683519,15.218101,10.530277,21.075804,18.363312,6.817355,20.116810,21.315060,17.410311,16.863829,22.765816,20.507282,13.683056,20.774181,22.490416,19.568390,23.346300,22.877434,15.863665,22.801426,22.616722,19.121248,20.152729,21.132021,16.991161,15.672205,17.979435,13.027591,19.236591,17.272480,6.841218,14.471704,17.465868,11.491163,4.917021,15.732259,17.164040,15.070318,17.613571,19.335865,18.557247,21.823143,19.990194,11.875618,19.004534,18.552778,12.243127,11.362492,17.493710,10.311510,11.409806,18.048126,14.674611,14.345814,21.465317,17.260941,13.786949,20.811117,18.283297,5.517457,16.763302,18.034145,10.015849,16.076124,17.756733,10.845434,14.337326,19.380507,10.913992,7.384403,19.423569,15.382809,12.335349,15.808662,18.819141,13.361015,11.479453,16.218609,8.092729,10.582870,8.320999,5.664744,-5.529468,8.632550,7.964853,-0.563722,11.938726,10.491215,9.142525,12.615345,13.278159,9.185499,12.590241,10.727697,5.873334,9.370373,8.693306,-0.922605,4.345881,13.385663,3.603244,11.088634,15.710916,5.840676,9.895489,18.383942,13.115252,-0.131433,15.937070,16.536797,12.198924,14.863825,16.433369,5.269029,9.535218,13.804554,7.240850,8.462641,13.752504,10.515654,14.853209,9.431554,-2.309121,13.404873,5.177300,13.817509,6.547327,0.536944,17.737881,14.548225,12.773686,18.239687,19.228018,16.734062,16.619854,17.808367,18.958225,18.670597,15.055242,16.419188,20.532942,20.573257,14.872759,19.349808,20.712917,13.730827,13.117735,18.107552,13.231197,11.393322,17.006517,16.075672,13.833961,18.643124,19.278091,17.977669,18.324633,16.792671,13.815160,11.364737,18.773726,10.572537,4.622005,20.753532,19.156002,8.878761,22.879387,23.392311,11.691792,23.128277,24.233414,10.995101,22.650833,27.821281,19.580681,21.818419,28.748013,22.862053,19.536531,28.992413,25.279091,16.693552,26.584812,26.351719,3.781626,25.521198,29.260874,17.357334,25.225437,30.301783,22.302197,24.578392,31.891697,25.906254,19.728220,31.181423,28.654654,15.847576,30.749138,30.879097,17.057238,28.736958,30.838840,16.528694,26.765453,30.993929,18.207886,22.693327,29.457977,23.067739,17.906485,29.818569,25.954153,13.242033,28.537113,27.469830,-1.600384,26.972178,28.932409,11.934400,21.466019,27.154411,18.640820,17.377304,25.218513,17.500570,11.890397,19.555882,13.995199,10.515424,19.528387,11.699818,9.596945,15.915490,10.434669,10.843421,17.655125,15.558731,13.377047,17.315628,9.770425,10.496182,9.443518,13.282669,11.691114,12.487989,7.813313
[0;32mI (49720) ANALISIS_ESPECTRO: Frame exportado | t=49.06 s | pico=93.8 Hz | 79.6 dB[0m
SPECTRUM_FRAME,50.079688,93.750000,68.695786,hann,512,44.132389,42.778606,64.718544,73.407852,69.622643,58.141384,68.695786,67.259781,53.244785,60.225708,61.379044,49.880875,53.229771,56.835228,47.441780,50.528786,55.998711,48.929375,42.955254,50.693680,46.242622,24.771576,34.531227,33.198235,18.722980,37.170135,37.098217,21.262838,25.395168,26.394541,11.390121,35.330910,39.199593,31.111067,31.833551,38.535648,32.748730,27.910412,37.051514,33.148033,29.131275,41.824757,40.997528,26.109688,37.407104,39.191856,27.727554,14.857891,23.838692,16.802555,25.536434,30.443060,24.150654,21.794346,29.787663,26.685261,20.755962,32.692341,31.358259,17.482430,27.613241,28.714678,17.918154,20.044878,24.659065,15.255806,20.988289,26.316061,20.695206,15.822525,19.474522,13.977268,13.426155,15.896151,11.686131,2.884992,17.595596,17.695591,8.787483,21.724743,24.523701,15.640266,23.938332,27.871435,17.782190,20.010395,24.749287,16.557257,13.561083,15.182628,18.589390,18.451441,26.136410,25.200644,15.457268,25.293600,24.268091,13.356728,24.622482,25.236433,18.952908,20.434971,23.498779,20.062597,9.094962,13.187544,7.743712,15.984310,23.354597,20.637623,9.688169,16.019300,16.282347,11.541967,17.536234,20.363819,8.227422,19.780087,24.236881,18.793081,2.524623,18.515020,18.145830,16.333296,12.905126,7.510071,16.197538,21.109795,17.789282,4.103265,19.572262,20.958681,3.606611,12.806393,16.640356,3.628937,10.297866,9.533546,9.964886,6.288659,15.853032,16.223925,3.156546,13.739813,16.566301,-1.004488,13.472100,15.695759,3.763296,12.131690,12.406846,-3.717476,16.592371,16.280838,13.729876,17.067272,20.158470,18.344570,10.108654,12.114204,12.970333,11.679726,16.531408,14.148417,14.789691,18.896231,19.551416,13.992715,12.062717,13.647144,8.455109,8.942039,15.147954,5.194950,11.572776,13.991004,13.136338,15.004306,17.856190,18.072510,15.036442,17.721703,18.335722,12.737808,-3.290702,3.627376,11.407633,15.385279,15.407372,17.187979,17.346176,15.910793,15.735008,15.292728,9.311029,1.623624,9.149719,9.236267,11.138494,7.759108,9.133055,9.356503,10.466379,13.462268,9.770679,6.734803,15.521729,13.611128,0.155017,13.869286,13.482614,10.483597,9.626360,8.958763,13.288831,15.273039,5.347528,10.294750,15.956693,11.070724,-1.491842,9.068213,12.282858,11.661844,9.064335,11.317236,14.837721,14.951981,12.346868,9.763920,11.690327,12.742128,6.357459,7.254631,10.595695,12.481538,13.130466,8.649262,8.556789,10.375005,-4.093931,-0.895680,-0.521550,9.318957,11.348932,10.315181,10.533047,15.216778,13.507981,2.376540,12.808302,13.269053,9.385592,6.485682,5.911557,7.392699,3.527411,8.613514,13.033556,2.097125,10.022259,17.496864,12.556268,4.345625,17.744381,16.951191,7.827793,16.893833,17.812662,14.012093,18.402105,17.957705,13.935457,19.177151,19.421787,6.262658,16.582470,20.622730,14.960056,8.812971,18.761993,17.863518,9.679396,15.236338,15.039264,8.638254,13.898069,12.530560,-8.870241,11.698187,15.653285,8.582039,8.230083,15.239297,9.716469,9.262589,14.460711,7.266634,11.245274,14.875761,9.394860,8.947788,16.126917,15.031954,10.480511,16.347847,16.861759,14.027700,15.341455,15.101037,13.472338,12.578989,8.523198,5.750345,4.832895,5.148165,5.305984,4.208285,10.776501,13.082991,12.962931,13.681944,12.779098,14.374013,15.443145,12.914198,9.117274,15.783167,18.269691,13.535612,14.890963,17.612383,16.050785,14.146135,11.747038,9.125809,11.676903,9.129264,5.679739,-1.834467,6.295899,9.231319,6.272695,2.149256,-9.832584,6.772962,6.790688,6.473202,0.360609,9.423884,12.376106,4.867723,9.873249,14.470711,12.538963,9.290205,12.574773,11.525547,9.758073,5.062784,1.819813,7.114995,4.987594,6.864261,-1.488215,10.344618,11.640188,9.929510,11.686384,11.172796,12.210292,12.274273,7.827329,10.047488,13.124319,8.817649,0.358758,9.982841,8.987712,3.221798,0.057907,4.600503,3.697844,4.558526,8.203105,8.429585,0.184611,11.462904,10.683109,5.013347,10.225069,7.203021,2.020904,6.739126,4.200614,-0.055382,10.159342,6.386652,4.289621,12.381031,11.418388,-4.648496,8.113286,11.339823,3.719458,-5.707916,7.173274,7.982271,7.017384,10.489820,6.965897,11.565794,14.439702,8.776443,12.266465,12.636015,9.304111,9.064216,7.981263,11.024995,2.581157,8.273153,17.390997,10.367179,2.820949,18.914469,17.279812,2.778649,18.268734,19.954836,10.418357,19.421808,21.896648,11.610278,19.464149,22.847681,11.760345,17.212700,22.799774,12.844839,13.916540,23.182678,17.790155,12.982817,24.901808,22.462427,13.429274,25.628891,25.477716,12.288461,24.277132,26.958971,15.643297,20.760611,27.090839,20.222015,17.713287,27.144901,22.829359,15.882702,27.145123,25.179441,13.393598,26.405775,27.075682,15.025795,25.409452,28.242470,17.870647,24.476603,28.948730,19.588926,22.029823,28.467785,21.875546,16.308151,26.615484,23.229225,10.926951,24.571417,24.061899,12.369542,23.269245,25.064049,14.262294,20.244083,24.693642,17.624851,17.091150,23.051476,17.846830,15.935701,21.667675,17.011707,9.777531,18.899229,17.468929,3.522100,11.811638,15.969516,11.682131,9.520043,14.172802,9.204386,5.808653,12.257580,11.312223,5.829788,5.242317,12.280821,12.392883,9.006945
[0;32mI (50740) ANALISIS_ESPECTRO: Frame exportado | t=50.08 s | pico=93.8 Hz | 68.7 dB[0m
SPECTRUM_FRAME,51.102055,93.750000,68.773560,hann,512,44.374802,41.858028,64.839264,73.521912,69.673012,58.505177,68.773560,67.264145,53.433044,60.244156,61.222397,49.385330,53.266239,56.787697,47.079906,50.276890,55.933243,48.924667,42.337952,50.246689,45.995132,24.388807,31.968109,31.539228,20.604094,37.240543,36.568047,18.829035,23.465279,23.120413,12.921547,34.847195,39.256119,31.983225,31.429901,38.269741,32.879620,28.873978,37.680920,34.306057,31.346102,42.231850,41.238285,28.774185,37.976883,39.158054,27.607019,16.182711,22.376270,14.061665,25.490833,31.134729,25.484856,20.664715,28.180653,24.635048,22.066170,33.273014,31.588757,17.471092,29.594460,30.323799,15.306816,23.788422,26.106232,17.163214,24.396353,28.497597,22.796902,16.473974,22.528667,20.552549,15.661816,18.314318,16.147354,14.789930,22.419893,22.687243,15.236448,24.650604,26.669838,19.124245,23.590302,28.030672,23.131104,18.329441,23.319969,20.753134,12.943639,9.597948,7.248400,-0.450147,20.633205,22.059000,16.435415,13.210642,19.763670,16.528357,17.270895,21.624697,8.785901,13.770056,19.871071,15.908110,10.276171,17.162457,11.938494,14.715025,23.122334,21.797085,16.499840,11.725198,17.149706,17.444304,19.367920,19.678764,3.080120,21.844837,24.518299,18.916756,16.150440,20.950542,20.454557,14.344945,8.833309,11.360469,14.219235,19.062817,19.087898,10.127853,20.070511,21.305168,11.043115,14.358299,17.322523,12.620168,13.615072,14.121437,4.727397,17.127140,20.647312,13.655845,16.977772,20.829216,14.153603,13.684267,15.946841,7.365923,11.824704,11.501412,11.594694,-1.840824,11.662644,17.616001,14.454526,7.522099,17.179592,17.524704,3.682184,5.013483,11.153525,12.838387,15.145144,13.950050,5.687967,16.394535,17.349155,-5.540634,12.134638,12.217160,-7.270377,7.490965,7.669968,6.538920,9.107452,16.838606,5.928353,14.599051,21.554043,19.403751,15.290828,21.063587,20.312904,12.764175,14.441603,11.872990,9.025635,10.066584,15.029339,7.510928,14.134025,17.863663,14.642706,8.364007,10.942705,9.435503,3.280499,2.854264,0.003699,7.429113,10.127212,11.772184,3.738810,-0.467273,8.967379,11.963414,8.450107,6.019964,13.314001,10.903025,4.837177,8.235803,-20.021576,9.935760,4.720299,10.655446,13.479786,11.949701,6.607491,10.573139,14.702204,3.780745,6.462138,14.525109,12.865863,14.247263,16.764980,10.765123,13.146987,17.884073,15.900381,12.049141,15.402761,13.155614,8.992882,11.663982,6.765587,-2.461870,8.365858,12.085805,13.920509,0.774264,13.620174,11.794420,7.980766,9.201010,-1.423867,7.537740,5.786452,7.261909,14.632114,0.214984,11.622612,16.524593,2.876437,12.578613,11.297494,7.855474,15.134794,5.908353,9.282041,16.736181,11.445324,7.791906,14.667893,12.555404,10.327450,17.294819,17.921688,14.396746,19.753180,21.447487,14.093136,15.892202,21.726801,16.033607,1.880887,15.507463,13.032154,11.467974,15.464396,15.624630,10.981234,18.522379,17.689737,3.838667,16.748411,18.174253,-5.427787,7.962896,13.796893,-0.259603,3.987701,17.008772,10.101613,-3.290312,16.489346,14.217490,5.681698,10.972260,15.206972,13.668021,13.990870,16.886396,14.651239,13.019085,18.094351,14.448984,7.049177,16.160952,7.350140,9.321520,14.079485,6.787241,7.950104,-7.476509,-1.685682,2.261111,12.257682,11.010045,3.333786,14.653483,14.648863,1.458025,13.199673,15.314569,6.074651,-1.930593,10.090919,8.712248,-4.302586,9.556923,10.809572,3.498819,4.664412,9.986593,3.826398,-4.724434,10.665668,7.389724,10.313221,5.340069,2.900124,12.911472,15.264983,0.108599,10.597313,16.123287,7.472184,10.802588,14.882977,9.384177,7.521900,9.465887,2.044745,10.402427,7.913401,1.350907,9.932066,7.855679,4.060999,7.490981,10.033923,12.153131,9.619534,9.363508,12.933644,6.856416,-1.470073,12.749319,16.124222,13.734047,13.603626,17.719412,13.360182,10.940160,16.330160,8.561496,0.745677,1.269601,2.493305,12.317823,7.583160,10.705597,11.796933,11.588181,11.135641,0.756877,11.676470,10.342943,5.221941,8.441189,5.192489,8.527809,2.674475,5.318998,8.285467,4.104244,4.772732,-2.567298,-0.381860,8.160260,2.593482,11.127709,-2.504026,8.128500,13.422561,1.576272,13.213263,10.351444,1.504477,12.727898,1.411194,9.594414,13.203436,7.558088,10.820011,13.243273,11.389407,14.058069,14.218050,13.388985,13.835360,8.870406,6.847753,13.154795,9.220706,-2.919430,15.167824,10.746964,8.649503,15.364811,16.477478,13.692122,7.362525,19.525957,15.623140,9.436910,21.969339,17.849218,10.905671,22.709158,18.766838,8.612194,23.003590,21.139194,0.347148,21.984293,24.149988,12.126162,22.136036,26.712788,17.050566,20.529844,27.383173,19.718754,16.927563,27.428104,23.544733,9.502877,26.941181,27.095234,18.066528,27.087088,28.771646,19.622839,25.727650,28.592255,18.657604,22.859459,28.343861,20.937321,16.798965,27.409723,23.388977,13.434244,25.940550,24.006542,5.487289,22.211185,23.309393,8.847947,18.006399,23.562891,16.386288,15.807200,23.676723,19.043575,16.014660,22.652832,18.313530,8.063240,17.829517,17.117422,3.358551,11.643729,16.941698,10.264487,8.767224,14.497601,9.436466,8.943463,15.511437,16.383926,16.037197,17.429295,17.179449,17.226851,19.101917,17.078382,13.645034,15.189934
[0;32mI (51760) ANALISIS_ESPECTRO: Frame exportado | t=51.10 s | pico=93.8 Hz | 68.8 dB[0m
SPECTRUM_FRAME,52.124414,93.750000,68.109688,hann,512,44.653759,42.168549,64.367233,72.999313,69.201378,58.104290,68.109688,66.711540,53.224075,59.571453,60.772255,49.292870,53.043823,56.591778,47.122837,49.250404,55.029263,47.988705,40.337124,48.737888,44.410500,18.930557,32.702106,30.405359,22.569801,37.853550,37.847904,25.461340,17.467766,23.156570,18.755363,35.730404,39.648479,31.665668,31.847664,38.491966,32.832230,27.324961,36.422535,32.614426,29.129219,41.242695,40.411526,25.714455,36.168842,37.843208,25.211592,17.828226,13.380730,4.041847,23.953796,28.999435,22.310591,22.505325,30.470921,26.893490,23.226023,34.295166,32.640289,17.285063,31.394066,31.203037,15.940537,27.447693,28.801306,19.382929,21.160358,26.039272,19.049925,6.402411,9.872481,8.272270,10.471115,11.020964,15.222621,9.343587,20.839407,21.062288,9.540902,23.101032,25.020657,10.399767,18.029560,22.951811,10.494999,13.098475,7.630427,11.173975,13.796213,18.868921,15.852781,8.404605,17.040812,14.023232,16.351583,20.497972,17.124321,13.750993,21.602995,21.278389,11.633835,6.468844,-1.335778,-2.804940,11.466568,20.434454,15.616680,4.483967,14.537326,9.206434,16.002945,22.872183,21.824045,16.821777,24.272923,25.650503,17.557888,13.546208,20.732765,10.652391,16.037918,19.658802,14.722527,13.930403,15.736750,13.328390,5.100811,15.577556,17.028187,2.601275,18.989807,20.793898,5.919994,14.666251,12.615616,5.575483,11.809795,18.805397,15.621634,3.082248,17.680799,17.880638,10.558614,8.230029,10.818327,10.937775,13.655280,13.528176,-4.464104,15.925022,15.392633,4.933487,16.541954,20.203575,10.611196,8.968864,18.717766,14.717025,5.793192,8.213304,7.320372,9.406291,18.413244,14.076489,7.895992,14.276229,14.096821,9.507814,2.553504,11.814619,5.856647,9.997322,13.379297,1.257535,4.953770,10.950123,9.795265,8.242602,17.814444,17.702408,10.749025,14.359089,15.369223,12.343378,13.401882,11.068888,9.992435,17.682440,17.838840,13.001575,15.838604,15.648449,13.229924,9.405381,4.722175,12.630657,3.901587,6.122039,11.077385,10.883107,3.883104,7.188042,7.876765,0.119934,4.071744,3.426815,5.358267,-7.603876,8.725610,9.032386,-20.849079,2.782541,9.756561,3.157794,-1.120526,6.415668,6.876053,5.930742,5.459996,2.243693,-1.183840,3.331710,0.576335,6.271630,9.256290,9.365535,13.038357,14.942736,10.801043,12.617654,16.660051,6.642320,11.150074,14.408510,6.542639,11.542673,7.212840,11.079090,2.795561,3.272733,10.178963,6.272539,10.088573,7.684343,10.034360,12.761508,8.991146,10.253816,12.743205,12.425288,16.015524,16.335934,14.179644,16.882545,17.918055,13.590349,9.300978,14.282290,11.770838,11.313450,-7.364949,11.590600,16.696083,9.626018,13.394990,15.278316,12.019621,15.145075,14.720896,7.639601,16.055693,16.167255,2.979311,14.425556,15.541263,13.355787,13.146768,13.382138,12.889427,14.823076,15.009471,13.601702,11.958318,17.534184,18.211304,10.236526,16.254549,17.768017,12.949831,12.888294,14.221148,11.474065,14.147512,15.282227,10.685463,15.607824,16.251993,10.684511,14.403030,14.556772,10.078506,11.250249,14.332103,15.016319,10.806965,15.188847,16.805513,12.174185,13.692581,13.428716,6.650480,10.616693,6.275329,7.534232,6.503696,0.302099,9.400627,3.004508,7.552448,7.538795,7.298438,8.964342,12.847654,11.010820,6.949872,9.193514,7.942276,3.591817,-3.998947,1.359424,7.677670,3.388705,10.862387,14.229824,9.885245,11.634455,16.433374,15.221991,13.792772,16.126945,15.379243,12.329187,12.972270,11.756421,-13.025459,-4.761807,12.650866,13.805064,13.955741,14.212580,17.232153,16.083527,14.545431,15.793223,13.305654,13.503314,13.886857,9.248781,11.774879,14.846478,10.967361,11.569895,15.010536,11.593105,10.271721,13.506159,10.018675,3.334108,11.107529,13.827071,13.387339,10.745924,15.230718,16.265440,12.735645,12.563816,13.276356,12.907703,9.516211,6.087835,11.275389,13.778638,11.080857,10.043753,15.317953,14.865396,12.057060,11.944216,15.628084,13.465347,8.300491,12.342366,11.086062,10.871278,6.399906,4.042599,9.509129,9.539538,9.123090,9.709471,8.708367,9.106596,5.882467,5.745677,1.963785,-2.038399,8.179230,2.903554,4.718335,8.805257,12.775264,9.423163,10.947887,17.992153,15.457623,15.660604,19.995081,17.206284,15.636200,19.740829,17.279819,12.825453,18.029139,17.458941,11.989403,16.438950,17.633455,12.260619,15.333410,18.615582,14.820700,16.532951,20.225687,16.399826,17.780157,21.597408,16.481823,16.101505,21.720966,17.676788,13.783560,21.300854,19.804468,16.977007,23.214989,22.044373,17.576712,24.421478,24.774815,15.284852,22.596701,26.392536,18.946402,19.416674,26.827257,22.786863,19.505074,27.415279,24.978168,19.474489,27.758923,26.615784,18.160757,26.949860,27.413765,16.521667,25.090694,27.674753,16.913319,22.566010,28.032246,21.281952,20.318630,27.963398,24.511654,19.697807,26.839474,25.462408,19.320787,24.790710,25.183296,18.611107,22.452814,24.998795,19.636553,20.495298,24.273327,20.224054,18.570913,22.408094,18.440411,14.804153,20.211273,18.003345,8.337780,17.409863,19.159681,13.163260,13.617414,17.630117,15.731796,13.660445,13.452057,14.802387,13.736752,11.827711,11.016357,10.493847,10.665537,7.590925,3.550506,0.466289
[0;32mI (52780) ANALISIS_ESPECTRO: Frame exportado | t=52.12 s | pico=93.8 Hz | 68.1 dB[0m
SPECTRUM_FRAME,53.146785,93.750000,68.617943,hann,512,45.018799,42.044636,64.749878,73.380821,69.518196,58.670174,68.617943,67.144707,53.650608,60.051750,61.154991,49.699295,53.229122,56.621216,47.309513,50.369019,55.783764,48.650337,42.558998,50.223900,45.762245,25.606995,33.704590,32.728313,15.973226,36.475559,36.133446,21.609024,12.409967,16.223408,1.159441,34.961407,39.339340,31.613842,31.501190,38.542625,33.232849,29.353584,37.809258,34.348835,31.619488,42.049278,40.992161,29.290541,37.646641,38.887157,27.441750,15.875945,21.485840,11.648266,25.810736,30.883799,24.534382,21.714609,29.103853,25.141478,24.376408,34.395134,32.116806,21.711054,31.432671,31.018400,17.707851,24.245544,26.288754,18.288414,25.063847,28.616459,21.408180,17.636873,22.802885,17.653627,9.167615,19.275749,21.133343,17.446693,22.239237,24.722782,20.079309,23.975954,26.433794,20.834532,23.774445,26.341646,20.169315,17.322075,18.922934,11.153582,11.230413,18.192526,21.186577,20.299904,24.577358,26.157955,21.893925,20.444653,23.587530,20.625399,5.941532,16.371229,1.141693,18.272650,20.375519,18.609875,16.085936,23.229042,21.971542,7.838339,20.387733,21.321470,8.921039,10.077039,2.010879,5.882313,20.300550,23.767157,16.202000,21.142845,25.109657,20.448973,16.330515,19.203001,16.041819,5.282069,3.505579,10.532655,10.356297,15.763676,18.921822,15.192167,16.128653,18.397163,12.756981,6.283995,10.130156,6.178283,8.073071,18.334137,15.599985,12.243648,20.159510,17.970518,12.935856,16.450657,11.623211,12.144470,13.691851,11.732309,16.592981,16.337416,18.057484,19.227200,14.726645,16.099466,16.717335,2.673886,16.253635,13.760244,7.929051,15.394677,13.267770,9.577051,4.449806,11.423712,-2.151474,15.552641,18.923382,11.685827,17.813942,19.467575,13.022756,11.249540,11.294333,5.275977,3.496761,14.486773,15.879537,10.137454,17.494774,19.475460,9.153879,14.813614,19.227051,5.356537,9.911653,14.893999,9.402771,-11.391025,0.908507,6.924710,9.583844,12.876223,10.123206,11.925892,12.616398,8.001377,6.578789,6.230176,2.580065,7.089196,6.486002,13.507142,14.358107,12.485668,14.294724,16.162188,13.599611,14.095593,14.883762,10.957132,9.249315,6.660250,-1.077541,0.809129,8.745377,8.961260,5.172254,5.925489,9.827135,1.243693,6.563355,9.339947,-6.619036,7.043292,5.540014,5.073467,11.673546,8.164379,3.958662,11.621985,10.218601,8.568727,7.438983,0.533233,12.292383,12.390778,11.298979,12.435838,14.608953,16.901915,14.812702,12.153965,15.043693,13.294139,3.786912,9.361175,5.449694,5.540418,10.970428,7.215006,11.609474,11.870866,13.892132,16.083101,9.104508,12.021761,16.933712,7.641472,8.475293,15.356182,13.670176,1.806915,8.171273,15.595228,9.375588,8.230757,13.809639,11.251945,10.781128,14.140491,8.349586,11.632605,16.983398,14.395620,5.269765,16.413879,16.842384,5.373861,14.883289,16.758202,0.816933,10.293411,16.330650,7.439587,6.121655,16.966291,13.119476,10.251123,16.827930,15.400017,14.090731,18.228848,14.445361,12.229056,17.575762,15.067427,4.215580,14.773703,17.047567,10.423077,9.840280,17.331907,15.047656,14.762070,18.200121,14.321386,14.168501,17.740650,12.223230,11.321333,15.171613,4.374832,9.676720,11.430764,16.147648,11.384619,14.785118,20.089094,17.065760,15.769702,18.987795,17.715710,15.557318,15.527163,12.361827,9.008050,13.517693,14.242030,9.391597,14.651873,17.252522,12.899572,11.406258,16.216867,12.298216,9.590147,15.992056,13.539609,9.571619,16.727713,14.910145,10.006401,16.100037,15.587783,8.832631,13.400890,14.162697,13.585814,13.795747,11.391794,10.852532,12.823397,11.386272,4.750140,5.249490,10.395649,9.293834,8.321060,15.381996,15.374813,9.196786,17.135040,19.287830,14.881038,5.037976,17.015270,17.822416,13.766977,11.056383,14.592831,14.753988,14.904011,11.946972,0.314400,14.088594,13.895303,16.348499,-1.975086,7.402375,17.727558,13.697397,10.306883,16.149469,16.431725,16.625275,15.942712,14.483847,18.709507,18.031017,13.956789,14.261858,17.321945,14.657095,11.158819,11.362873,5.560403,10.560108,10.502974,5.906627,6.415619,11.537630,12.039740,-4.984268,11.579604,10.623602,-6.585536,15.033648,12.168196,8.814298,15.090746,13.206340,4.866783,13.082850,13.293222,7.449368,12.927794,12.343828,12.162300,13.512353,14.191365,6.560598,11.170269,15.728980,6.961303,9.928934,17.658255,11.833400,10.834511,18.866358,16.950758,6.858840,18.707907,21.175287,14.254797,19.298681,23.369583,18.024807,19.465538,24.477581,17.976414,15.249146,24.436268,20.846771,13.472686,24.419540,23.173401,11.065756,23.280651,24.650986,7.377965,20.886497,26.425974,17.243046,18.807972,27.781622,22.091875,18.857307,28.466494,24.061527,13.808603,26.879160,24.663776,0.960231,24.083710,24.911549,-0.338279,22.333645,25.863131,4.827737,20.485258,27.229395,15.615907,13.311270,26.563395,20.388500,3.856380,24.785034,21.735134,2.041542,21.513966,20.374630,-0.834425,16.189407,19.902176,12.168081,7.875629,20.911335,15.292109,7.658466,21.503374,16.630604,2.195824,18.550793,14.644080,8.900170,13.820965,8.142849,9.957818,9.230377,4.804549,7.579852,6.633973,11.648574,7.631214,1.864216,11.064081,5.551762,6.263930,11.812069,4.455401,6.060768,8.030065
[0;32mI (53810) ANALISIS_ESPECTRO: Frame exportado | t=53.15 s | pico=93.8 Hz | 68.6 dB[0m
SPECTRUM_FRAME,54.169138,93.750000,68.398865,hann,512,46.287758,46.875095,64.768997,73.110428,69.441315,59.044720,68.398865,67.019844,54.126278,59.685482,60.872818,49.135902,51.920437,56.631477,49.364014,50.524578,56.372353,51.068459,45.515400,51.598373,48.343388,38.752892,39.879921,40.774036,36.720821,36.132233,38.195759,34.996017,24.527927,16.183256,26.215990,36.447750,39.942085,33.962891,32.094543,39.608822,35.341324,31.703049,38.670364,36.009117,31.462734,41.449184,41.194420,31.078157,36.547932,39.800179,31.754339,26.124268,29.314959,23.531406,21.418423,27.482817,16.019476,24.351231,27.050659,21.705187,21.103447,32.459091,29.832327,16.996214,27.881229,31.060274,17.509842,21.094433,26.651512,23.291367,20.951843,26.842941,23.247263,15.469425,26.559223,22.964449,21.291771,25.024664,24.218548,23.582546,22.827213,23.578817,21.021004,20.284298,23.002281,21.086435,24.221783,27.810480,26.308586,24.998974,25.470636,22.402544,19.068377,19.045139,11.832489,8.369019,23.154049,23.863668,7.019626,21.755602,26.123581,21.396782,18.701674,23.064434,20.813150,14.703953,20.019043,7.795467,13.354850,19.626118,18.976585,15.684034,19.320312,20.980419,17.986101,12.721721,11.910067,13.059449,9.917013,12.144938,11.876801,14.122376,22.125835,10.857673,7.376355,21.911560,21.063492,15.729951,15.491188,16.904873,15.273184,16.886387,17.011801,17.674326,21.337662,22.163338,17.350859,17.161493,21.259964,18.380510,9.736957,13.140013,11.283422,15.420390,14.865092,16.764408,15.826880,16.429729,18.507816,18.095081,13.117161,20.489885,19.315519,11.982636,15.582849,15.687067,13.411333,10.942938,1.869362,16.634117,22.045023,18.985561,9.659163,19.648758,22.176302,15.384739,10.153626,14.674019,16.316099,12.673465,12.218185,10.298377,12.680980,17.297527,15.601444,12.720074,14.290285,18.726675,18.237900,10.803943,9.068430,11.321210,10.929071,11.080804,11.309410,11.071146,12.754703,14.924713,12.649096,11.983968,17.511179,17.966501,9.014414,5.997130,16.982801,14.279287,5.380739,7.679949,12.207528,2.039649,11.196332,9.505340,14.724727,17.075882,8.276897,11.072107,16.339685,16.893585,16.043455,12.228856,13.508210,13.515793,10.668044,9.653894,16.156075,18.496964,12.813791,1.310795,10.871087,10.536440,-3.354873,10.124330,14.051722,13.754080,15.945878,12.162639,5.655422,11.872835,13.322997,2.651059,8.244394,5.961987,9.283532,16.144047,13.702798,-9.708689,11.519828,7.145667,3.092984,7.481270,9.682555,16.501486,14.280994,6.282694,13.328341,15.218853,10.230921,13.227669,15.489111,-0.466123,5.883257,13.796804,6.199714,6.668759,14.180426,9.891079,3.973976,17.572226,16.255367,12.721193,17.701080,17.205135,14.683919,17.538832,17.050156,15.955055,22.796543,23.882589,15.309847,17.202023,22.063293,13.123012,8.719125,16.594933,10.024162,10.673689,-5.253736,7.616863,7.586651,13.211962,8.582832,7.079325,14.669849,17.354015,10.319603,15.517866,21.078264,18.099695,13.956679,20.414152,21.428738,19.076126,18.690821,14.854858,11.007524,12.892550,10.761600,6.173370,16.201874,19.418961,13.578428,13.864365,17.601217,14.673540,15.519638,14.302011,1.799324,-1.249169,12.726487,12.276735,8.425360,18.501911,18.531811,5.988769,10.747050,14.389177,11.990237,2.141519,8.396702,11.029726,1.695327,13.896952,4.367909,12.701529,18.216593,13.534996,13.638434,16.302481,16.294847,17.531046,14.972216,6.841989,11.764349,12.953354,13.650415,13.306216,9.674194,10.900909,13.464062,11.393034,10.546565,15.984928,11.731673,9.303237,14.493811,13.784928,-2.418495,10.579377,6.350376,9.636786,11.614721,10.935830,11.833269,7.610086,13.501315,16.013849,11.685376,5.483611,-3.040874,5.401736,10.025711,13.344961,11.665108,-1.615392,9.673761,11.552546,3.269867,1.815013,12.454510,7.481515,8.164156,12.955632,6.261122,2.447465,12.001209,11.989887,2.972103,8.884667,-0.947938,14.917003,17.891367,4.130711,12.384647,17.001963,4.217068,9.698546,13.714799,5.126781,11.153202,-1.165217,6.222241,2.150860,13.898467,10.027435,8.966320,14.452219,10.506024,10.597866,16.131716,16.219309,7.021368,4.592182,8.290754,-0.883696,0.936867,9.151834,8.916742,10.152802,9.239771,5.925151,4.548844,11.842284,13.904375,15.595012,-6.173050,10.489455,12.955626,3.292537,15.422949,1.701629,7.915635,14.126482,17.422684,16.946667,13.672834,12.982685,17.362020,14.311446,11.948420,17.542213,18.341755,16.493509,17.098989,19.562279,17.172379,21.038189,23.106462,17.420292,17.257257,23.046713,18.758089,18.294056,24.486748,20.711189,15.902053,23.871994,20.762249,16.577965,25.602448,24.428867,13.712178,24.473124,26.984081,19.737579,24.983110,28.928471,22.460691,22.454145,28.372450,23.121597,22.070251,29.673159,26.399670,18.806831,29.337729,28.178360,18.065647,28.949327,29.808807,17.590687,25.610292,29.893921,21.384243,24.596958,30.845957,25.031994,21.575003,29.339169,25.166004,19.510017,27.409767,24.666756,9.462180,22.623260,23.864172,14.124503,22.061861,25.387165,16.833954,18.014643,23.840406,17.024651,15.014858,23.004038,20.169840,9.700459,16.549314,18.267879,16.871822,18.321182,14.488405,11.761180,18.470886,16.034372,1.138382,17.604095,21.914186,18.280357,-10.106340,17.879623,16.689241,-1.071284,14.576218,17.291533,9.291587,-7.964829
[0;32mI (54830) ANALISIS_ESPECTRO: Frame exportado | t=54.17 s | pico=93.8 Hz | 68.4 dB[0m
SPECTRUM_FRAME,55.191497,93.750000,66.391273,hann,512,42.137428,37.217087,62.399071,71.323196,67.590210,56.012684,66.391273,65.201332,51.741997,58.081848,59.579624,48.554253,52.274429,55.880020,46.549248,48.710209,54.425545,47.453365,41.495674,49.515743,45.450497,31.959400,36.465885,34.421432,29.841993,32.575188,38.822292,33.622993,31.786343,36.128494,34.849548,35.789532,35.192478,24.222816,31.655281,37.297215,34.355064,25.656372,32.778381,29.923435,31.280251,40.612049,40.459084,29.847155,37.026947,39.806740,31.413118,13.069497,21.599567,19.087654,26.331446,33.433392,29.769733,16.377352,30.057428,28.001347,18.475540,34.421177,34.245564,21.801775,32.575813,34.679054,27.341045,20.526941,23.413994,21.374264,13.861785,26.907539,22.158710,-0.971166,17.511379,17.553661,14.193935,24.878637,25.173777,12.763498,27.127670,28.377239,19.030066,24.337015,25.966627,19.264240,21.337339,22.831259,22.882820,20.907955,13.016902,20.154028,19.218910,18.722269,17.601234,10.871339,20.005598,21.956318,10.230227,14.722315,17.330713,10.274126,5.924177,12.533655,15.596199,11.537806,17.205805,17.398912,12.566795,2.996969,1.566156,14.711021,19.484528,18.945351,13.609427,20.538818,19.449913,15.045698,12.586535,20.776428,15.222331,11.114695,20.186052,17.107719,12.220451,7.600860,11.956168,9.874372,18.388212,23.440065,13.809906,19.111452,24.506008,18.837484,10.565934,16.178438,13.042455,2.523608,15.280150,15.492059,12.130132,19.067348,21.134272,16.189415,11.509735,16.685070,8.274965,6.451675,10.060888,15.373998,17.415768,19.199860,21.633595,21.097820,19.697525,21.150562,19.347961,17.372597,17.369293,11.104353,7.002127,11.886484,10.399728,11.909890,8.536410,8.192499,12.269009,7.273517,9.854698,10.705883,6.468530,9.712566,14.493683,10.274626,10.180326,12.962064,7.975214,13.869602,7.806464,11.199188,13.535766,8.066427,13.219243,5.770763,13.615379,15.551219,12.515793,16.161659,15.644772,13.870617,13.930920,11.678213,-7.389921,-9.577297,11.775705,16.205723,15.770630,15.587934,19.311371,18.793211,17.214199,16.868515,15.954772,15.188809,12.405214,-1.902653,6.270513,9.172433,11.341627,7.273931,6.432324,13.327652,12.076102,9.121036,10.391056,11.925125,9.843826,9.429070,9.524280,10.315723,9.938293,7.548683,10.281145,7.419905,2.591977,6.924343,3.549162,-12.392488,5.770661,10.999750,2.828844,6.399198,14.040866,8.076721,7.127901,10.019202,9.374133,6.958428,3.308221,4.991827,-5.354385,6.516908,8.293859,-6.459521,2.271588,12.854175,3.432210,1.752178,12.704282,12.672740,3.694855,12.442088,15.137662,13.276263,15.692016,15.233480,14.375052,15.966757,14.839916,10.160862,12.560478,13.927779,6.705124,9.478981,14.532236,11.782633,11.981038,15.163328,13.470759,12.468906,14.500645,14.188976,9.688166,14.564496,16.710934,10.796538,17.060299,19.531370,13.211073,17.789774,20.201635,13.151593,14.361731,17.850449,13.961310,6.913321,15.475075,14.383492,11.928210,16.536877,14.468210,10.724922,14.223164,16.291273,2.525836,2.073792,15.908812,16.234829,11.065023,15.232307,17.464075,16.701344,16.303053,13.948307,14.486966,14.561642,11.026199,4.088455,7.641410,10.957987,11.015067,14.757491,14.621691,9.536857,15.519035,17.762413,8.369404,10.137310,16.767580,15.318646,6.719691,13.699857,16.032959,14.297429,15.303464,13.903761,13.720701,15.468063,16.267202,-11.040682,9.078068,15.918847,12.503744,2.228912,13.627552,14.198696,9.127255,14.827829,13.586932,8.190620,13.138033,12.378440,8.509542,9.490908,4.437724,9.825891,5.529909,-0.061915,10.642061,12.086330,-11.124791,7.319545,13.729262,7.185695,-1.001691,9.278591,6.804831,-1.782342,7.917052,1.989011,5.147519,13.676176,12.787800,9.909292,14.085115,14.204062,9.353932,9.287631,8.913607,5.760056,2.776655,4.692133,11.228556,4.945757,9.699539,13.124839,8.817734,9.255068,11.640646,12.449615,8.779546,11.364869,12.685789,10.583324,12.875570,8.616427,9.173938,11.139967,1.269441,7.847772,12.010744,7.081379,8.951441,15.007257,12.371204,10.758122,11.466595,6.932350,10.600407,3.567156,10.091604,4.118375,9.732706,15.332270,14.576929,14.940014,11.461476,16.209282,18.342360,4.571221,10.236997,17.923996,7.762141,1.314080,12.315507,7.901070,5.263270,11.279197,7.098575,6.602262,13.320692,16.158442,15.813206,18.525053,18.683216,18.981333,21.371862,18.788286,17.348936,18.753139,16.011904,12.492075,11.597486,6.928277,5.367352,15.237155,17.436035,-1.006504,12.894463,18.849199,12.547356,-1.662205,16.254560,16.186672,11.880593,19.729759,18.968985,17.257879,23.390045,21.621765,17.843899,24.701355,23.844040,14.812233,23.946407,25.879425,16.559155,21.421062,26.599806,20.881041,19.273615,25.952915,21.760483,17.042957,25.800592,24.101974,13.171108,25.699802,27.450169,18.268354,24.612568,28.049191,20.446798,22.622601,26.822041,18.685869,18.850010,25.960941,21.073282,14.096065,25.559752,23.477728,13.536947,24.243774,22.761583,12.525453,20.703411,20.530048,12.128582,11.007546,20.593868,16.091682,8.115156,20.929020,18.306955,14.134861,19.006676,14.917871,12.435380,13.696794,-3.086483,11.011065,-1.653790,10.703558,13.639010,10.250655,12.903347,10.876940,11.057528,11.712340,2.743142,7.853239,9.134557,-0.028398,8.529926,7.808076
[0;32mI (55850) ANALISIS_ESPECTRO: Frame exportado | t=55.19 s | pico=93.8 Hz | 66.4 dB[0m
SPECTRUM_FRAME,56.213859,93.750000,67.164566,hann,512,43.512569,41.621243,63.606091,72.163513,68.436417,57.226013,67.164566,65.791519,52.376095,58.624229,59.782928,48.221279,52.746826,56.335949,47.213921,48.843758,54.561218,48.216682,40.793613,48.114006,44.454350,28.921843,24.694931,29.414810,22.062494,38.005733,38.329090,26.889688,27.604570,28.407995,23.916561,32.252831,38.689465,31.913891,28.897009,37.272602,33.863617,27.626104,36.202106,31.429344,29.181469,41.976772,41.351280,26.050980,37.039104,38.789772,28.151178,16.935354,22.725746,18.953197,26.653967,34.123833,29.884918,23.125620,33.394661,30.805313,23.366951,37.124447,35.948921,17.560562,32.865822,33.850624,21.568604,21.874035,24.609213,17.776024,24.342693,29.421730,23.081343,10.767013,18.528580,3.102196,19.269457,26.337254,27.419054,18.739904,27.152102,29.106628,19.904541,22.216738,25.807512,14.444391,16.850039,18.192213,13.052373,17.574560,24.428885,21.098120,15.894674,26.133839,25.476158,14.939911,20.755707,23.095217,15.355531,8.010252,14.576920,9.084558,5.980461,1.075603,6.851069,12.729949,18.829361,16.481281,10.546713,20.707228,19.234381,6.075764,11.124734,11.026165,4.640462,18.938259,21.048569,13.133959,21.041658,25.266232,20.779999,14.546440,18.800943,18.600491,7.430203,12.070847,7.395589,1.583132,17.794910,19.626144,6.227448,15.630885,18.194324,9.173434,15.693120,13.674064,-4.472659,8.645321,6.000840,8.499612,7.560488,10.648447,8.810686,9.496538,17.556229,15.451632,1.581172,16.960316,17.192850,2.512184,11.177549,17.242786,14.011038,3.263187,21.115313,19.714678,10.756732,20.406574,18.954494,13.604671,14.402449,9.060902,11.431441,-1.350812,13.452726,11.121084,-4.886722,13.303824,13.238511,-5.584312,3.968271,6.908048,8.066373,9.031623,-3.768704,8.143379,12.895522,-10.342302,0.633823,11.779633,6.409463,-1.517719,3.831242,6.813794,8.610567,9.599085,9.102957,11.490486,13.181623,11.772428,10.603065,14.510021,6.016800,6.342586,10.130681,8.594750,8.212714,1.776363,15.920771,15.005225,9.629058,13.911413,12.691121,9.516832,7.538612,12.017073,12.567774,4.224247,13.026710,12.565809,3.043352,6.939426,8.162572,5.725811,7.110246,9.550687,-2.980387,11.457691,16.676826,11.998128,8.996326,16.647919,16.584076,-2.582601,13.756464,17.767811,10.064262,4.113437,12.949253,13.050444,-3.024374,9.040070,12.217398,7.255702,4.629491,9.029224,11.041164,7.879752,2.524886,10.920205,9.195179,-16.217903,9.547004,14.215691,9.923724,0.911116,11.891809,13.479618,15.323736,2.956155,15.500191,19.787146,15.738717,14.559963,19.525135,17.053305,14.694538,17.190655,11.648072,6.493794,13.504417,10.783496,-1.196322,15.766829,16.194799,2.129162,14.855038,17.009289,-3.478040,13.261236,16.854755,-2.727065,7.918608,15.529965,2.729024,6.929431,17.197794,11.633875,7.338058,16.979650,14.867930,6.075397,17.164068,17.298908,5.672969,15.830245,17.467051,8.902423,16.386217,18.203369,6.260734,12.815748,18.264654,13.378161,8.471976,18.138430,17.827223,12.475006,15.167342,17.366999,15.192797,15.508119,14.193415,10.181674,14.757006,18.143841,12.413292,13.172917,18.963335,14.408350,4.823478,11.444559,8.862700,6.305863,11.488337,10.243688,10.074648,15.505600,14.332400,6.297696,15.910519,16.760275,-5.695567,13.907173,16.143290,6.649878,10.038126,13.776323,15.469485,8.482737,9.568842,16.031536,12.035999,12.354271,8.305703,6.953554,7.348846,8.263017,10.351744,-0.221819,11.885881,11.720819,6.872505,7.284208,3.200960,-5.672084,7.554739,-2.650727,6.430445,5.043161,1.191392,4.287973,7.376963,8.897811,0.254713,5.884030,9.942110,6.139937,4.294053,9.375413,4.225873,3.512555,6.624582,0.117032,2.792529,9.548491,-5.925169,10.723554,5.328387,1.710462,9.635328,2.700020,9.963513,-3.977149,2.398024,10.077827,9.164819,11.429476,13.007111,8.925829,13.330317,15.525883,11.574953,12.956478,17.401905,14.343657,9.387483,14.572121,15.705318,11.579140,8.493418,9.785457,10.844267,8.406361,3.604525,4.455187,9.402836,13.469462,8.894605,-0.675364,11.743871,13.059498,-1.183791,9.931730,11.723499,-3.553210,7.939392,9.370886,-3.331784,4.207876,1.125703,2.400445,-1.176147,6.867142,-5.045286,7.118669,15.054569,8.422538,10.406687,15.395807,15.199875,4.466520,11.629552,16.214718,7.510391,6.688216,15.951587,12.022537,11.049067,18.503374,13.178944,7.929145,17.482208,14.821411,2.306079,16.075256,16.121239,3.169996,14.149698,19.214031,9.722021,12.356576,21.806194,14.441837,8.758833,21.624454,16.519058,8.911401,22.397165,20.215183,-2.560372,21.982040,23.674580,8.218159,21.124380,25.783554,15.943995,20.178623,27.214493,20.714149,19.132769,28.686146,24.716679,15.038853,27.639980,25.747087,11.616537,25.164055,25.853701,12.309237,22.599579,26.873260,17.693464,21.505110,28.012779,20.948067,19.420946,26.864550,21.112610,16.856907,25.512432,21.436749,6.754994,24.521080,24.925114,10.663291,22.947149,25.877708,15.978669,17.964340,22.796253,14.518838,11.957970,19.449221,12.523779,5.974338,19.160892,14.725323,2.886409,16.983578,14.865116,12.602372,9.830951,12.185975,14.136176,10.032863,10.861309,13.510102,9.497438,2.066390,5.464377,2.224699,6.473908,12.414425,8.861446,9.344930
[0;32mI (56870) ANALISIS_ESPECTRO: Frame exportado | t=56.21 s | pico=93.8 Hz | 67.2 dB[0m
SPECTRUM_FRAME,57.236233,93.750000,66.851105,hann,512,42.608494,45.613914,62.945168,71.706429,67.966209,55.783306,66.851105,65.198547,50.649620,58.739426,59.257874,46.311447,52.627644,56.367794,47.617535,49.108627,54.554779,47.526192,42.012520,49.060268,43.514793,28.089972,34.604832,38.436638,41.038570,40.489773,34.412849,40.865589,42.238941,33.086956,36.630642,40.336601,37.813412,33.501869,33.670303,35.909740,27.027534,19.795713,33.516056,34.615356,30.085312,40.538834,41.463127,31.698904,36.025341,38.672329,29.438789,13.460630,22.317661,26.089458,20.802334,34.705410,31.738354,19.713284,29.865070,29.594212,10.269199,34.349037,35.433517,25.239223,30.616806,34.895416,28.532944,10.615996,26.068325,27.082109,11.537951,26.960930,26.912384,21.798389,3.452613,17.567787,17.945297,26.698988,26.892689,20.687054,23.024059,29.004787,25.003664,15.064581,25.261591,25.483326,13.946997,20.875509,23.190050,22.283192,18.379629,7.055917,18.015400,21.291370,20.316471,17.363699,13.059608,20.115765,19.821627,22.402733,18.407003,16.790375,19.956573,15.968280,15.040472,17.230150,-3.958356,15.815845,18.778080,15.649179,13.212651,20.983265,16.586771,5.252028,18.037493,14.259234,10.606386,16.273005,12.218314,13.485249,17.036179,19.098576,17.504213,13.250706,20.526197,21.360168,21.383705,21.313026,20.034781,21.804298,15.834345,17.234602,17.762226,17.980928,17.636311,17.890842,24.129961,22.383327,9.092773,20.360676,17.803400,14.084740,15.732439,11.925489,14.717400,20.069221,21.419508,17.888344,9.120564,16.713913,18.617538,16.155636,9.384763,17.687550,20.288212,15.776105,15.940825,19.160141,13.638077,8.922321,12.919301,6.634659,12.321712,12.444448,-2.743104,9.426127,14.198009,7.499063,6.142261,10.076584,-2.796963,10.755096,15.291153,9.796477,2.620294,11.645716,13.186562,11.189576,7.078722,12.952041,15.852666,13.324949,15.022177,17.485775,12.701601,11.540322,14.801241,4.791887,5.659871,11.192060,8.698341,6.893652,-10.489859,7.550673,0.377537,7.434399,10.873881,0.650808,10.802897,10.739671,-8.293069,12.528863,11.970869,8.851860,2.510140,10.491743,5.958161,6.308922,3.038684,7.521255,1.115262,-2.588989,7.905541,4.293826,2.238532,2.056032,5.282741,3.422658,7.753475,11.839356,-1.644184,12.130955,15.293866,11.991116,11.138679,11.813883,7.965000,9.514627,7.214251,-3.538610,-5.203548,7.745483,10.769010,5.869704,11.290443,15.786714,8.873076,5.393688,13.802214,9.096140,5.023929,8.730191,2.099211,2.097626,12.306956,12.149122,5.763683,13.546992,15.908365,10.279988,-1.112520,8.850306,9.432154,9.654348,14.361476,14.338238,12.958225,16.536369,16.721931,13.545551,16.402374,16.000126,11.208629,13.374205,11.841783,8.490576,14.126646,14.203499,7.089452,12.268233,13.173351,9.007808,14.417310,16.002789,7.766949,11.807570,16.551998,13.115119,9.916857,15.051895,15.842266,9.172388,4.882606,12.516250,8.833618,3.123462,8.085178,4.232710,-8.493738,10.677254,12.817574,8.154899,9.257126,14.426552,13.813697,12.294559,9.213700,12.867507,17.721987,14.590034,-11.301914,12.783829,15.831824,9.480026,-0.940974,11.653166,14.152124,13.088112,7.652861,13.371667,14.658024,14.054077,7.831554,10.942041,10.750444,8.663301,-12.746899,1.977910,11.694308,12.269387,13.847755,15.716781,14.105112,17.916334,18.854370,13.903027,11.652855,15.822548,12.516364,-0.590156,0.176732,-0.169588,5.421971,10.712895,5.178885,5.939397,8.586431,13.113738,11.859209,-0.264813,12.677094,15.152641,5.525348,4.466078,10.992746,7.748139,0.598138,-3.376633,8.950163,7.358127,5.225644,0.137984,-0.846694,-3.749701,-1.454823,7.672952,9.348195,-6.663250,8.744946,10.635205,4.360857,10.561266,9.472369,10.282684,11.561364,2.197890,12.151924,14.708523,6.578148,6.909019,11.444715,-8.368926,3.990099,6.225838,-0.459003,2.212137,0.760647,7.237298,3.954056,7.936256,7.973674,4.799635,4.651697,3.589202,5.518254,1.905585,5.252130,8.998821,8.759472,1.724671,7.699044,7.995846,6.908059,7.804935,3.038587,6.303397,5.882751,6.458818,8.424314,14.680988,9.537399,3.614925,15.276363,10.915431,4.558022,9.708399,9.458883,6.539670,7.599977,3.769717,-6.900406,8.506118,9.399647,4.190160,3.615546,7.459581,7.238302,-2.156779,9.568901,-2.337659,-0.418162,4.322005,3.419758,9.561581,11.042005,2.763271,13.999659,7.481143,7.588839,13.699117,6.412827,7.955532,12.420074,9.112228,8.935990,16.862328,18.133862,7.376818,16.246290,20.682337,8.467615,12.963064,20.442297,13.581878,10.981828,21.167198,17.024330,11.163033,23.268158,21.950191,0.134217,22.118176,23.749157,10.578647,21.672115,25.671803,15.804905,19.952492,27.051067,19.987944,16.403067,27.162769,23.114243,6.527960,25.393612,24.179209,8.803595,25.030165,26.218653,11.567582,23.636324,27.607819,17.487051,21.020916,27.682446,20.994043,15.749689,26.260195,22.348516,10.817577,25.265028,24.521923,7.841654,22.633307,25.500097,16.995852,20.800510,25.123390,18.934660,20.666988,24.143517,17.483118,20.176470,23.709797,17.108667,12.771923,20.027878,17.821560,7.054741,14.108675,16.748144,13.534397,15.126433,16.482883,13.543712,16.414818,18.334328,13.754935,9.827558,15.044571,13.241062,9.604040,12.761810,14.532081,12.955781,12.356480
[0;32mI (57890) ANALISIS_ESPECTRO: Frame exportado | t=57.24 s | pico=93.8 Hz | 66.9 dB[0m
SPECTRUM_FRAME,58.258587,93.750000,67.026863,hann,512,34.350197,40.117752,63.265705,71.851898,68.283157,55.526611,67.026863,65.639488,51.396736,58.793240,59.777702,48.879341,52.755798,55.996986,46.677338,49.236900,54.354839,47.735046,42.060276,49.167019,45.088329,30.966627,35.916046,34.779701,23.465946,34.882160,36.776112,24.158501,26.682005,29.212629,11.772647,31.955097,37.151066,31.808805,27.977331,36.329285,31.686733,26.707176,35.041145,32.747757,27.832346,41.784512,41.349274,24.359768,37.793716,38.652695,24.818695,15.334483,23.027418,22.743044,27.997776,35.129456,29.388317,25.650900,32.582024,29.139891,23.755684,35.467598,35.183617,20.955000,32.659630,33.697384,20.836287,25.935181,28.980549,21.666086,24.823555,29.817078,23.830976,14.871383,18.180983,17.268015,-0.667968,26.766951,27.737602,5.827808,27.207708,27.723701,11.728939,23.960999,24.912653,8.202456,19.002632,21.334095,5.823230,14.068660,11.683691,12.976283,12.447873,23.731537,20.928011,3.935985,22.174252,21.096294,12.559434,13.462886,15.042408,9.725210,8.116432,7.064558,-3.551480,13.596362,14.488760,-5.300975,13.486725,14.479982,9.753887,5.166649,7.238400,13.185004,10.933744,15.905541,18.948927,8.803884,18.818016,22.527391,15.484802,10.718805,17.695271,15.720887,9.816428,14.302500,11.513558,10.129892,19.832798,17.814228,0.054008,18.021843,16.305393,6.972849,13.809848,7.899400,10.769642,14.405720,14.532494,14.777948,7.892781,17.694281,18.103199,6.536899,15.670051,16.260857,9.654531,7.756689,9.873256,9.014169,11.642324,14.818755,15.150751,19.993868,19.736101,16.926865,20.533640,21.153721,17.846283,14.502025,15.102639,12.983126,9.629450,10.468435,9.817434,9.624022,14.534809,16.943123,12.893119,-4.790618,13.275367,13.828306,14.313869,11.552400,10.117196,13.187149,16.031208,16.444168,13.487878,1.905764,14.015627,16.976355,14.414505,7.261425,9.655759,15.399133,12.889451,-1.317998,5.236759,-5.607535,1.872766,7.630907,12.313142,6.838064,8.865239,12.673738,10.925619,5.025029,11.369402,12.607038,11.481197,-5.272933,11.924850,13.763039,10.586616,4.143396,11.776762,9.973871,-15.249438,6.440492,8.809939,5.551863,3.541871,10.822098,12.237492,5.780849,-8.120983,7.744296,13.682806,14.369265,7.367884,13.958477,17.343073,16.988174,5.681873,16.158840,18.012363,12.742825,11.785032,12.572710,10.033873,7.976909,5.265648,-2.912651,4.024373,1.249067,1.005809,-5.834715,4.497571,4.844671,7.823352,13.563923,11.601562,3.765302,14.243117,14.947433,9.550048,5.797425,12.034683,14.928661,16.819468,17.955456,14.335376,18.894737,19.105997,13.985374,12.988598,16.775570,14.897300,-4.183484,11.193365,12.496330,5.902506,10.529884,11.706248,-2.422352,12.179780,9.209255,4.834001,11.355291,13.633512,10.169985,10.796894,14.802368,14.526968,-4.200647,13.104781,15.182124,11.966639,14.955908,13.971680,9.518369,18.504223,20.204573,9.140623,17.647881,20.696182,18.189833,11.075082,15.386925,17.393967,17.224674,10.065398,3.177636,12.161637,17.078590,18.795965,9.216632,15.356317,19.751987,16.748898,13.909809,16.824581,13.797127,11.856999,11.422156,7.434022,11.087694,4.115847,14.869290,12.392845,-0.379789,13.025875,11.349397,7.989684,13.832308,5.842532,13.233880,16.557175,13.201700,7.204260,17.764627,17.432491,11.627125,16.045719,14.429516,10.903755,12.825621,9.743771,4.331681,8.251020,10.787348,2.621848,8.188846,14.871094,9.943882,-1.145909,11.885340,14.016133,10.706568,7.269902,15.021707,10.626211,7.445206,12.285606,9.235091,-16.654354,9.433897,10.403936,8.922669,10.095854,9.025867,12.454411,14.456233,12.161095,13.412201,14.492237,12.183572,5.296503,6.237794,13.060369,13.422608,9.335677,10.354149,14.152221,13.396332,13.234884,11.591299,7.871652,12.740458,12.157985,4.854753,5.463293,15.138697,11.036649,7.731100,12.441262,10.263378,12.417694,13.461346,7.768203,12.228546,14.395991,10.443759,15.159567,17.691162,14.086790,18.219173,18.686876,11.750872,12.460739,15.019672,14.263400,7.854807,10.325365,15.045711,15.518141,16.652586,17.445921,15.865918,14.284685,15.686159,12.563672,4.882347,9.689953,11.158440,3.578970,-0.367240,3.449411,-4.310446,-5.168064,2.094867,2.833878,7.047031,-10.619942,7.439123,12.582380,3.720480,9.572769,11.399723,5.655675,6.219143,9.939132,10.959916,0.074966,8.156027,13.536245,5.958335,9.146326,17.364819,13.704111,10.407751,18.241653,17.224258,11.109915,19.151455,19.575531,12.974114,18.677332,19.647110,8.681565,18.092096,22.475807,13.898369,14.060890,23.523819,20.809298,11.722536,22.933855,22.553753,15.223820,22.557356,23.492682,16.241940,23.741192,26.177244,17.313084,21.968948,26.838066,19.697279,18.732336,26.576981,21.493221,13.331193,26.225323,25.013161,9.560346,26.292572,27.104118,13.166901,24.955498,26.967186,13.551412,22.739746,26.557276,16.104803,17.941051,25.912815,21.592772,12.818684,25.141088,22.490236,11.779967,22.857761,21.303331,-0.848678,19.372652,21.757261,13.735715,10.376551,20.495655,17.065594,-1.526657,18.517813,14.948284,3.410529,16.432449,15.630682,-1.709936,15.675330,17.871614,7.849955,9.420751,15.699369,12.142839,10.589806,11.402641,3.805391,10.806425,15.047375,9.586285,8.930285,16.393200,9.352571,5.804145,11.104993
[0;32mI (58920) ANALISIS_ESPECTRO: Frame exportado | t=58.26 s | pico=93.8 Hz | 67.0 dB[0m
SPECTRUM_FRAME,59.280946,93.750000,67.039886,hann,512,35.972790,36.924038,63.190121,71.806099,68.280251,54.348679,67.039886,65.550079,49.645065,59.022121,59.724766,47.736130,53.173717,56.568066,46.986313,49.065842,54.579491,48.006744,40.195206,48.256298,44.088036,16.611370,28.858824,23.791672,27.338898,37.440102,37.068428,27.787319,28.874992,30.081661,24.146454,31.813810,36.618706,28.925621,28.799679,34.996002,29.096804,26.092487,35.672115,33.713955,30.640297,42.084778,41.285633,28.530609,38.549202,39.042824,29.611401,17.410923,18.894613,23.055607,26.286671,33.444187,28.621765,19.304506,30.115849,27.824945,20.166630,33.826149,33.595146,15.142327,30.802443,32.648880,24.406832,25.218287,27.916811,18.114769,26.506508,28.187504,17.680391,18.276508,13.164682,0.000809,16.215132,25.564892,23.697376,13.117754,25.298365,24.458103,12.542847,22.638191,25.312986,16.379391,22.640694,27.702963,21.887253,14.215887,23.193560,18.737906,15.164310,22.228052,18.844687,6.892714,23.144035,22.927025,-10.919971,20.776554,22.494579,13.432866,9.914574,15.298509,13.614669,12.352605,13.755819,6.710433,13.999310,15.807093,17.628014,15.916819,10.994245,16.231535,14.089478,18.468021,20.462692,4.157927,22.218294,25.929651,19.858574,16.538450,20.948406,17.277458,13.979010,17.080547,14.425293,17.393787,23.589838,22.030712,12.941229,22.367498,24.126509,17.049585,15.161548,21.369770,15.532171,13.784088,18.714722,6.197879,17.062160,19.714510,14.608528,13.446272,16.288403,17.445654,15.695751,2.488890,17.596569,16.893042,1.288686,19.629646,18.688595,-2.260484,19.611160,21.271408,16.073559,12.917658,14.261056,12.881557,14.913406,9.913538,6.731513,10.467668,2.189159,16.224270,17.855433,13.429786,14.735373,16.734888,18.255247,19.619362,15.731573,10.886948,17.656183,18.017866,16.774519,14.226474,12.145441,17.826860,15.807358,9.499189,8.963542,13.331242,14.574367,15.231061,11.291837,5.567617,13.726454,13.578271,5.753033,12.452215,13.763274,6.806870,10.698967,10.710962,9.934834,9.638821,7.127987,14.482060,12.227778,11.667498,8.736955,-3.815176,9.490267,-12.453718,11.532640,12.349453,-4.706368,10.746044,10.911316,11.541978,8.623922,5.589694,13.501181,11.770061,10.808248,15.884576,13.994064,-0.101141,13.923958,16.128481,11.409464,-7.270903,4.251916,-9.614527,4.531992,10.615084,7.209024,-0.672690,9.828125,12.409311,10.313547,8.876831,10.010095,13.261198,11.517764,8.391997,16.472919,17.736145,12.494682,-3.509501,11.105260,13.575431,11.569645,0.476587,14.358083,14.951000,13.913022,13.972904,7.843740,8.510166,16.028006,11.985373,1.433125,10.543327,6.438228,8.118128,14.348276,12.211641,5.374332,15.742464,15.457523,3.080685,17.283976,19.775024,15.100977,11.000508,17.464865,15.259824,15.684086,20.846951,19.400955,15.227314,19.584429,17.315426,8.967284,18.099989,17.436922,3.501586,10.952440,15.330774,8.871490,11.462446,18.639818,15.741688,-6.091457,15.602216,13.193288,7.131948,18.072849,17.314228,1.672392,17.473095,18.011257,5.056800,18.510714,20.036510,10.393991,12.161753,15.964754,7.647307,13.484797,17.104523,14.082495,0.027483,11.711789,11.298162,-3.724079,15.359386,16.684681,9.152647,16.141022,17.281836,1.892050,17.693367,20.149979,11.295295,6.498539,12.934918,1.485770,5.341606,11.178311,12.291917,6.167977,9.830747,12.320556,5.269956,14.927298,16.546629,1.032467,12.195332,14.132241,9.733374,16.086487,16.344423,8.943734,12.505262,10.733319,6.642406,13.442686,14.096449,12.298751,-3.557027,13.557299,14.247038,6.760266,17.711554,17.800276,6.036410,14.714645,13.852552,5.247710,16.551935,16.940189,10.939678,8.298359,13.663503,13.446413,12.298126,15.078426,14.934593,9.812289,6.894587,10.641517,10.784969,11.737986,13.840728,12.474081,7.182906,6.722141,6.798985,9.394976,10.317554,8.809741,6.748448,2.311918,9.421852,4.597749,4.915764,13.424806,12.249185,2.896204,9.342475,15.103849,12.741714,6.901602,1.179942,7.898819,11.244318,8.230527,6.704226,15.777197,16.245659,6.786707,6.795042,12.338286,11.312407,11.995006,8.526984,7.124920,7.525555,6.351284,9.437347,9.476664,12.929726,10.415134,-2.420942,9.609474,1.304966,13.573823,17.509939,11.959774,11.904585,16.361889,10.565054,13.742630,18.133018,15.788617,2.361924,14.925196,13.379642,10.564456,18.380926,15.805599,-1.736885,15.603811,8.783071,7.564435,16.553341,14.262426,9.970134,13.704159,17.766302,10.994970,18.223244,23.189514,18.561653,16.276045,22.661896,17.972071,18.767422,24.260675,19.972748,12.340413,23.470612,21.376556,6.815219,23.390188,23.732075,12.352757,18.975258,21.492401,7.448370,20.744663,24.573505,16.956861,17.590275,26.009033,21.406824,14.015318,27.304375,26.054073,12.875758,24.984304,26.356905,17.029636,24.540035,27.562431,20.465567,21.421328,26.967606,20.936069,19.881252,27.624241,24.120615,12.830505,25.715885,23.369202,11.359165,25.238911,23.918098,-3.969354,22.527025,22.617725,5.310072,22.829575,24.999573,15.850009,19.188040,23.857288,15.641602,17.190281,22.926773,18.621307,-6.532935,14.930990,14.153024,5.450610,10.979042,15.704250,14.575505,12.224640,13.223262,13.425388,14.136319,17.050335,15.846347,10.872232,13.231190,11.532450,6.620061,15.904317,16.563900,8.950042,8.726967
[0;32mI (59940) ANALISIS_ESPECTRO: Frame exportado | t=59.28 s | pico=93.8 Hz | 67.0 dB[0m
SPECTRUM_FRAME,60.303307,93.750000,66.866920,hann,512,47.380558,43.653419,63.034386,71.494987,67.974113,53.552341,66.866920,65.212715,46.290379,59.254765,59.483795,46.394295,53.538055,56.376144,45.984653,50.743183,54.857925,46.110935,46.737503,50.650578,42.339588,41.680916,42.541904,29.643986,36.808929,31.429424,31.506950,30.616352,24.835836,23.648808,23.083685,36.306591,38.009079,29.712198,33.582043,36.442410,29.115648,28.000969,35.587463,32.216724,31.115440,41.651535,39.481670,27.742706,38.705772,36.041580,27.216450,25.924646,27.261517,31.910789,25.235424,33.723526,31.229765,30.016088,32.556652,25.066978,27.460308,36.020271,35.183369,16.840025,32.067482,34.577423,27.779099,27.898918,29.253181,27.289040,29.270027,27.155085,25.296535,26.785461,16.406635,25.672207,21.349325,28.739429,29.548246,13.465905,28.435228,28.144205,17.820740,28.793369,29.099537,14.912876,28.891771,29.849604,18.509235,27.498989,27.888926,14.418173,22.635132,27.062149,22.725159,2.276488,21.468012,19.786238,9.230575,10.000683,5.025839,8.953238,12.878016,19.396017,13.916258,16.821844,18.316620,13.466052,16.222021,15.345746,21.995676,24.205147,16.583572,18.581903,25.337223,25.237671,20.311142,20.688551,25.197554,24.964569,18.806925,14.496672,18.689560,18.178276,10.439543,11.343336,11.973472,10.281259,16.719759,16.571278,7.738225,-0.828751,7.726339,10.062023,13.671149,10.645758,4.818489,14.100628,15.132421,3.805508,16.847794,20.647268,19.826412,18.903629,18.098423,20.930531,22.120249,20.034317,10.761854,15.687937,21.667744,26.446497,19.752161,21.809998,29.096596,25.384964,17.432625,24.961685,21.150541,14.364029,18.620422,17.752897,16.306866,4.077862,19.526814,17.504412,9.802655,11.017112,11.364527,12.203259,12.753673,9.578715,10.561171,3.404963,7.180810,10.713462,13.850863,6.441169,9.788327,17.417803,13.589021,1.750490,13.088501,12.007970,0.625466,15.175457,15.476913,5.526202,14.301146,13.564793,12.854969,15.726377,13.926231,12.248978,14.430442,13.644037,8.017512,5.985188,8.865737,5.645786,7.952842,14.550662,11.303348,9.682128,14.687012,11.536188,12.234518,15.286244,10.330364,3.708789,1.680877,4.232549,9.474292,16.009136,11.941566,10.837655,15.140611,10.911261,9.164274,9.997720,9.351139,15.145236,14.375673,10.853994,15.563589,12.826648,5.847425,12.451447,10.493860,7.256348,6.318638,10.105391,6.936083,4.025393,10.736832,9.053211,5.642941,8.196276,9.568295,13.448090,13.361712,9.378722,10.766088,9.612444,6.511837,13.467201,14.072618,1.306572,7.552428,10.344585,0.601882,7.374712,12.096692,2.480368,5.223785,10.442405,10.575567,9.635859,14.394279,15.509132,9.138987,7.765684,15.612044,10.391522,8.704433,17.848827,14.915432,-3.376925,17.876968,18.060524,-0.756840,18.872173,19.931957,6.059015,15.486416,16.740061,2.724082,15.838032,14.391557,8.373951,11.518005,2.581889,6.716115,14.846788,17.776047,11.712884,13.904594,19.501484,16.844280,17.193087,21.109398,18.984943,17.322514,19.754450,16.476620,14.256434,19.564461,17.372868,0.522769,9.978481,4.554002,-2.053549,4.597636,8.338402,-1.253483,13.305017,13.971311,10.589310,17.874855,16.938101,4.050050,16.113277,14.084044,-3.068394,11.592628,12.963618,11.965981,-3.036225,8.490466,9.513698,10.047212,14.500809,12.504525,5.073752,15.678906,15.689220,14.167076,15.469905,19.374418,19.432598,10.715429,12.282785,15.426170,13.763604,14.844198,12.220665,13.271839,19.729284,18.044828,0.256322,19.330336,20.986366,16.246883,6.669279,16.355810,17.292515,12.806010,4.906559,14.360333,12.503933,0.991898,10.067369,9.061619,7.071566,11.929342,11.273173,4.883672,7.172624,10.327616,15.665111,18.333761,14.371395,13.940333,19.820803,17.543175,10.987141,19.261679,19.708126,15.012438,9.998969,14.031716,17.296509,14.714522,2.606429,15.150657,14.509884,12.766970,15.598433,14.125419,14.172097,13.656237,10.427958,10.564987,9.100777,5.706217,11.738031,12.474166,7.696701,8.711329,9.598980,9.084229,3.114184,16.449577,14.780418,7.843828,17.978697,15.118474,13.401275,21.004011,18.573559,11.472273,17.997042,15.872751,15.617618,19.295971,16.053459,14.756578,19.598486,17.333847,10.337202,18.396164,19.814531,16.059004,7.299688,15.196458,16.602928,12.709880,4.635230,9.717607,10.885047,6.099820,1.808565,8.548993,11.308445,11.219088,3.982282,10.068532,12.043916,-5.710231,17.575699,19.139654,10.100666,18.275587,19.796755,12.565432,21.113159,22.845306,16.668591,22.008797,23.531303,15.476909,21.387903,24.109497,17.501318,18.214458,23.476011,19.701904,12.034064,24.468437,24.374775,15.282402,21.978382,23.569550,14.840856,19.453587,23.458740,17.113264,17.169792,24.483473,20.931301,13.563313,25.966570,24.489782,13.725470,24.984980,23.950632,13.192701,25.842972,26.163040,11.422655,25.473063,27.649284,18.415842,23.062092,28.220747,23.520355,18.978577,26.142942,22.854816,17.995314,26.108301,24.403599,14.290343,24.763060,24.944096,10.541863,22.291321,25.950142,18.850042,18.207411,24.960987,20.293234,15.530460,24.789419,22.216812,10.741528,20.993412,19.356949,11.221522,18.129034,17.224968,13.907358,17.906723,13.152031,9.112336,17.205976,15.455450,-1.062954,-0.775639,2.639172,5.064529,13.264782,12.532009,11.094082,19.508629,18.889215
[0;32mI (60960) ANALISIS_ESPECTRO: Frame exportado | t=60.30 s | pico=93.8 Hz | 66.9 dB[0m
SPECTRUM_FRAME,61.325678,93.750000,66.527458,hann,512,51.532417,48.316326,62.748341,71.235397,67.886932,51.761322,66.527458,65.131409,45.437019,58.734604,59.246437,47.355698,53.159622,55.958237,47.021629,49.314568,54.728401,49.362381,39.129692,49.893654,48.231361,36.911739,34.278446,41.048721,41.216015,40.195560,30.007565,37.174717,39.417870,31.963200,32.256760,23.173893,34.962273,34.171764,27.414133,34.450226,30.444401,22.976414,32.437714,33.976906,22.225948,40.885181,40.414757,7.933107,38.189476,36.159691,21.568317,24.294540,30.057955,32.327953,29.026993,37.078819,33.389698,27.727390,31.976917,23.788717,20.537743,32.714439,33.329979,15.662865,31.658831,32.265572,16.793831,25.507433,28.566208,20.580904,22.856964,28.993349,20.981930,13.740864,13.979306,21.557472,8.812097,28.766708,30.345448,15.878122,28.455858,29.238737,13.558620,22.530813,21.587784,-9.220442,20.095301,22.251953,15.402146,22.460394,28.120384,22.865307,20.867924,27.679184,21.995041,16.503983,22.732199,21.762604,13.144386,20.209797,25.156837,18.211960,20.472492,21.700436,9.976912,21.575497,19.915869,12.174706,21.052580,20.943645,3.108697,17.607086,17.621082,17.038115,20.417282,13.157378,16.142225,20.067024,20.378319,21.893730,14.953001,17.068958,22.480911,19.925077,8.769526,10.117817,14.353086,17.134199,20.059423,13.220142,18.583494,19.064890,20.732578,21.370480,10.016595,21.747295,21.566963,5.049981,17.477873,15.160136,6.439075,18.462059,19.019409,6.685021,17.977577,19.147118,10.912019,11.797694,15.705008,9.419948,22.492146,27.573559,22.384563,21.723974,29.160206,24.569845,16.750191,24.888577,22.266752,13.951521,13.244883,15.221947,12.866760,5.503040,4.700371,9.574989,3.930227,-2.073113,-2.648321,0.046736,5.063403,6.007091,6.876352,-4.148713,9.619555,8.535654,10.160484,17.997795,17.005941,11.267653,20.384609,20.278488,8.916128,15.031321,16.897930,10.919485,7.217417,7.666498,14.425438,13.222200,12.818228,16.953377,9.956146,10.672276,14.729276,6.189852,16.616024,13.617311,11.081761,16.623951,8.671341,13.007060,16.128839,14.608817,8.941421,12.552307,16.572802,17.196598,10.580908,7.645555,14.775131,17.357639,15.393986,1.985748,14.031956,16.596333,11.335440,8.748364,8.714082,2.554458,8.401872,8.469014,12.271416,5.586128,12.060970,17.033403,12.674848,4.935439,13.119806,13.291303,9.968711,6.566887,-1.387962,11.937975,16.659773,16.306374,-2.684784,17.051613,18.598324,11.110440,15.013591,16.992487,10.264084,12.768283,15.601332,0.689839,9.576519,11.075899,2.656558,6.623509,5.227768,-2.717321,-1.365349,-0.826973,-1.298318,5.371309,10.308324,5.645046,6.006441,14.290205,14.974108,10.676926,13.996536,18.519199,16.229883,8.400000,16.812855,16.625332,5.930442,11.344003,13.209071,3.449981,14.111915,15.552397,1.640075,16.700546,18.301371,12.887044,14.681694,17.064919,16.692324,13.230380,12.784912,16.840498,13.146486,-2.281270,12.764935,9.229644,0.095083,1.190186,8.448444,3.181389,8.373425,12.970119,6.560433,12.938036,13.342252,1.003320,14.508108,14.126568,12.792453,17.369701,13.991260,11.322842,19.287062,18.804924,11.516220,17.677608,20.763491,16.965879,14.041442,17.440777,15.611046,6.680933,5.889178,8.857609,10.515598,5.868962,10.287474,14.144057,6.076075,14.103243,13.353413,4.010012,15.992725,18.684376,15.850831,17.593479,20.268333,16.120928,15.585194,19.846226,15.369817,9.930224,16.835665,14.984470,13.148056,15.151563,14.315686,11.178661,14.637781,18.126200,15.666462,3.582172,17.641865,18.651976,10.657707,10.744458,17.414892,14.738707,8.631993,14.451089,6.631219,12.691698,9.733256,9.963732,15.153431,5.322824,14.641061,14.942870,-4.251991,10.119856,8.760235,-4.967279,6.075773,10.578695,5.063605,8.782779,14.984209,12.583481,12.308191,15.549877,12.413875,12.466686,9.869154,11.041946,10.789608,7.706722,15.914255,7.663664,12.344702,15.419888,4.803273,5.235182,-1.823438,7.505584,6.325657,18.372158,17.402336,0.224664,18.984583,19.251091,9.429653,8.207059,12.542085,15.054669,14.564243,7.745018,10.654135,15.540322,14.018802,7.218256,-0.270058,9.571283,15.994448,15.723484,6.086481,18.527493,19.412809,7.884881,19.364244,18.687099,-7.534203,17.696541,16.572111,12.635990,16.692133,11.794518,16.794502,19.170931,11.772308,14.819766,19.771046,16.486746,4.159662,16.396782,18.636929,12.770908,11.057549,19.835196,18.494184,1.825841,19.023121,18.989145,5.129459,15.073581,17.918316,9.658331,17.489260,22.637657,16.500132,19.878016,25.545179,20.504154,16.496204,24.749130,21.708288,11.389896,23.026958,21.669849,12.307793,23.994112,23.530460,-1.412686,23.894295,25.430508,13.810310,20.997223,25.945768,20.087502,19.211933,27.013514,22.650003,19.621712,28.017618,24.694510,15.580173,27.531874,26.227095,5.719804,25.342037,26.882832,15.827603,23.521662,27.683243,21.242542,20.600492,27.545116,24.559565,12.120601,25.330757,24.843122,9.573782,21.278761,22.194691,10.437560,20.973904,20.589056,6.217477,20.795286,21.452259,13.757895,17.076790,20.501678,16.069221,5.141250,16.357601,13.950772,3.131471,11.129523,7.363161,1.372802,2.364749,7.268233,9.073547,1.975129,14.443360,13.393812,5.967777,16.608881,15.639030,1.150539,14.689348,15.528985,2.403502,9.061394
[0;32mI (61990) ANALISIS_ESPECTRO: Frame exportado | t=61.33 s | pico=93.8 Hz | 66.5 dB[0m
SPECTRUM_FRAME,62.348030,93.750000,66.721970,hann,512,51.024467,47.838779,62.729645,71.315628,68.038071,51.554626,66.721970,65.372787,43.477295,59.146149,59.418617,46.392227,53.341026,55.893204,47.050686,49.667885,54.581600,48.431774,42.182037,49.502674,45.033615,25.185658,36.410469,32.210785,19.558918,33.003788,33.795006,16.352753,29.865601,30.135107,9.613697,30.713923,36.020542,29.818419,29.210131,36.128788,31.499443,25.361586,34.592384,33.982056,11.904194,40.198269,41.260353,29.878805,35.603264,39.198502,31.797878,17.631666,21.061302,23.298895,25.651894,34.971115,32.487602,19.035507,30.593472,31.031475,25.552942,34.476288,34.337635,17.160624,31.518404,34.435234,28.530910,19.829700,21.074770,26.300070,29.583227,30.761562,22.841816,24.027687,26.613653,21.375219,13.114746,24.449238,24.091824,16.846130,27.415735,27.578041,15.479982,20.797970,26.321917,23.685089,21.623373,28.661926,27.454487,21.194038,25.303173,25.052662,21.030386,16.926865,10.150536,15.222239,25.109909,26.265240,15.405590,22.849367,26.873453,21.683329,11.390581,18.227207,18.537790,15.722694,13.370042,11.010376,13.754726,14.148502,12.324358,8.289338,7.066260,10.697382,9.408911,13.543035,20.952145,15.588817,10.667175,22.103691,19.207726,-7.498294,16.812115,17.108171,8.837084,8.724927,-1.793553,11.711027,19.024714,19.510134,13.699046,16.790264,20.320011,18.349665,12.059937,15.838224,18.622845,16.951147,21.458130,18.003408,13.916984,20.835447,18.788315,9.047937,9.557887,9.727697,9.460553,13.792227,15.017834,7.943656,10.554666,15.811352,15.538978,14.567909,11.583157,6.720830,13.769634,17.236425,14.575451,1.240103,16.673277,16.848776,5.976183,12.928230,12.547854,6.824971,11.646538,14.007568,16.391140,14.913587,11.481648,16.116642,16.616098,9.429400,9.337046,13.546745,14.546882,6.611075,5.428385,13.119292,14.936111,4.949378,7.345046,14.941591,14.676809,1.108523,11.695800,15.065168,9.984176,14.701939,13.764431,12.338444,16.086773,16.287785,6.771742,14.285039,16.845892,13.376101,10.506752,16.126507,14.965324,13.986090,18.793070,14.696962,13.281374,16.040760,13.144138,10.146657,11.315004,-3.362854,9.157640,13.330764,7.986259,11.672044,13.858696,6.435142,10.303476,12.869547,-4.611559,15.936476,18.224722,8.692307,16.169386,20.988588,16.220634,10.759193,19.588886,15.838394,3.284920,12.044960,10.471667,1.269676,5.012616,10.460406,7.308574,8.123304,8.664797,-3.083163,7.631414,0.955493,9.161405,9.070582,5.901083,10.570026,10.241862,8.523825,-5.002666,12.236811,11.626039,3.132768,13.216372,13.719789,1.384575,15.515132,16.737816,9.973886,14.088697,18.953669,13.729714,8.501593,17.284346,15.782193,4.675312,9.750149,15.592144,11.803417,10.970210,15.429832,12.591754,13.300264,16.459095,8.467394,12.615801,16.987513,13.428835,1.112189,17.209183,18.563543,8.380203,19.470970,20.851215,11.579494,19.702238,21.395273,12.446503,15.950170,19.285229,13.987855,2.497313,13.324560,12.443938,10.500127,10.088215,-4.971264,10.811753,15.743912,14.215605,5.581481,15.411006,19.356348,15.877321,9.191624,20.213306,19.325176,14.767122,19.717270,18.267368,14.620506,20.086451,18.007412,9.681359,17.555067,16.563322,5.159599,14.341467,15.427319,4.563477,15.582167,17.630770,8.948202,14.513526,18.749966,14.225538,14.239339,17.609898,14.321095,14.163532,18.655228,16.608700,8.055129,18.383968,18.926815,10.694525,12.994758,17.754004,13.941354,6.739502,5.315323,7.716720,5.777092,6.515736,14.256908,11.125250,7.582116,14.732785,12.680241,6.315312,10.816179,1.031071,5.382876,7.637028,-0.374601,9.517595,10.937799,10.532892,8.754080,4.626003,12.692815,11.816738,7.789296,0.426542,10.771217,13.552505,12.470293,2.172162,9.787477,16.440044,14.740299,-4.712509,13.982307,15.152508,5.459143,15.743285,14.977764,5.916589,16.175800,12.259650,7.395785,14.050660,6.371948,6.429505,7.400073,7.803688,9.270709,3.814694,13.910141,11.918819,-5.851932,12.626294,13.627515,3.517594,9.863633,15.010183,10.970196,3.179618,13.497267,10.698690,1.428820,12.329247,7.377822,5.923760,8.713676,-7.684889,10.653764,12.104263,4.783795,9.900693,14.401787,10.164902,6.415590,15.325785,14.738649,-0.270564,12.978975,15.762496,11.417028,8.082805,15.770958,14.712299,13.749039,15.512624,11.010221,13.024148,18.648817,15.817422,-3.381910,16.126705,16.768574,7.900885,11.322834,14.166155,5.909740,14.952990,14.673184,0.319490,15.996412,18.554295,8.143475,15.217576,18.796902,8.965134,16.752489,21.114277,14.756689,15.982347,22.828182,19.421995,12.623864,24.014660,23.115416,1.290056,24.429426,25.123789,11.869483,23.048145,26.302811,19.401848,19.541542,25.961926,21.486423,17.417812,26.443939,24.304104,10.961589,26.422054,26.103514,6.974942,25.487959,27.124346,15.097649,24.122150,27.529350,19.709311,22.175262,27.970488,23.742584,16.360096,26.821484,24.590607,7.674598,25.460928,24.564053,7.857347,23.945789,23.906221,7.054761,21.214659,23.053013,14.091463,17.411169,22.077991,16.255367,13.318515,21.696556,19.423817,7.026503,16.403259,17.816353,13.459954,11.445331,11.038394,13.083353,14.297229,9.058601,1.767773,11.980976,12.373195,2.166043,6.219519,11.995028,10.445968,-2.952585,13.370516,15.187136,6.273468,11.410439
[0;32mI (63010) ANALISIS_ESPECTRO: Frame exportado | t=62.35 s | pico=93.8 Hz | 66.7 dB[0m
SPECTRUM_FRAME,63.370392,93.750000,66.618111,hann,512,44.228569,38.217026,62.744682,71.274109,67.900360,53.085419,66.618111,65.320351,45.262302,58.923660,59.506321,47.194389,52.938480,55.548012,46.560177,49.455643,54.346489,47.514679,44.323215,50.383453,46.160461,37.230690,41.808189,39.264236,33.622658,23.609961,33.776386,28.376825,29.488358,34.842766,22.373980,22.608072,27.608097,18.345028,25.993196,24.048264,17.392664,29.004253,36.058167,33.544415,24.001848,40.819401,39.533981,21.801960,35.822540,35.284149,28.577839,27.363737,31.628447,34.043797,33.162632,38.230221,36.018333,30.656736,34.508698,31.029558,26.365311,33.853104,32.100719,11.514793,31.818390,32.678158,20.207325,20.480236,29.400185,26.183081,21.993732,30.079145,27.337770,18.158010,18.692768,5.875874,13.454321,28.816875,29.173473,21.919355,29.663925,30.644016,22.808918,24.058891,23.952084,15.631626,12.698103,12.284175,5.185554,20.221100,26.036158,18.167126,17.896055,27.929117,25.188389,10.327864,23.422602,24.525606,18.299252,7.211351,15.698038,15.316545,11.698439,17.049004,11.176592,18.552393,17.702366,18.858570,23.063814,17.303112,14.083025,21.551346,14.169088,6.216808,10.517597,10.484203,16.316559,12.075228,20.085213,21.634958,16.104559,16.899982,19.193760,16.726841,8.232503,12.581411,11.053804,12.878499,22.007416,20.658901,14.328300,20.509501,20.289450,16.750677,13.642345,2.785687,13.274278,-4.548350,16.827269,18.122925,12.123742,19.155153,19.627035,13.420965,14.324709,14.020514,0.730570,8.479848,16.421253,13.725451,15.746029,25.100994,21.641371,9.972462,26.309319,24.266254,2.218083,21.997978,21.650768,6.582536,8.960583,9.727580,9.831153,-2.157105,12.366448,15.131111,11.482811,3.147200,13.175769,18.370359,16.400213,13.046112,19.089729,15.335714,16.084831,17.121883,8.920000,12.369570,15.668965,17.600042,13.442880,12.599460,17.424158,12.224828,9.499436,12.952603,14.771959,11.333120,3.542298,12.330215,9.206616,-8.378095,7.151700,7.765325,0.006025,11.214538,14.360716,10.918771,1.733072,11.201501,11.427150,11.801845,13.758926,10.805402,6.691212,13.054008,12.300296,6.169574,-13.043495,5.378844,9.121059,7.119040,3.010925,-11.312372,-3.824582,-2.490231,7.151632,8.691656,8.572639,7.729588,6.516614,4.484298,-1.443663,-4.855230,4.817095,9.513685,7.393439,9.124747,13.419769,9.700919,1.720553,5.993877,-0.226698,3.093767,8.824703,10.799999,-2.642770,14.455929,15.591974,6.957449,11.775517,13.660957,8.572579,5.743228,6.145369,13.617305,11.749314,4.800495,17.189222,13.748589,9.089216,17.488754,15.982088,15.531411,16.912691,15.908373,18.223543,17.133572,13.942290,15.855452,17.239531,14.868308,12.889291,18.439138,18.555143,8.811278,18.899862,20.477869,12.301470,14.626953,18.475010,15.014311,10.757984,14.409556,4.533377,13.296144,18.612461,17.037111,8.693974,19.124029,20.924604,14.913510,14.273152,19.694286,16.276146,-1.489701,16.050079,13.182886,0.539886,14.475380,12.134966,4.293715,13.798691,14.088836,10.603151,10.971075,13.858963,12.226796,2.533816,15.538309,13.681750,5.645916,18.469940,17.872713,3.978055,18.014288,18.613646,3.972898,13.881475,13.490583,8.146175,11.529625,7.666186,3.065526,8.963217,10.294230,7.980006,9.266743,9.559238,9.115131,15.118648,12.960744,4.575056,13.274731,10.595641,3.183071,3.578924,7.377701,9.361875,9.783770,9.898438,10.434079,8.249186,3.334057,6.454158,3.955868,7.665458,7.752195,11.240993,10.346036,6.834449,11.778156,6.649222,9.346277,14.042303,5.214361,12.076577,16.302668,12.852403,10.991587,13.689951,13.544882,12.670603,6.044002,10.308163,13.188243,4.707007,10.981966,13.260294,7.597360,8.926136,10.202016,6.161478,4.130737,-13.169990,5.159759,-5.228123,9.040640,13.947561,11.338606,9.335068,13.734240,14.137498,7.275255,6.315048,12.210733,7.518270,7.368179,14.079716,14.333477,7.582268,14.767065,16.011213,8.878280,10.897261,12.457092,6.465253,0.010717,7.482847,6.077654,-1.993422,7.571821,12.559446,3.727778,3.986341,11.798020,2.395129,3.960085,-0.475974,-1.071475,6.273138,6.574368,12.017599,10.719507,8.709743,14.840050,12.929826,5.247164,14.560490,15.657917,8.262428,14.948729,18.256489,15.096501,13.918470,17.125885,17.923851,13.657699,9.932249,17.149429,13.896618,10.492645,18.015917,13.537494,11.512598,19.186745,19.062593,14.029527,17.116930,20.860441,18.111664,11.449183,18.873581,18.424990,5.553442,16.088758,18.279457,6.362909,17.916248,20.688656,14.460136,19.958048,22.490519,18.555517,19.373892,22.966135,20.541161,15.301529,22.748766,21.494236,5.967540,22.270157,22.121088,3.437902,22.187675,23.497108,12.974312,22.236261,26.056871,20.364096,20.886208,27.579060,24.358435,17.103060,26.746876,25.855658,14.558701,24.424791,25.921619,16.634819,23.357674,26.552057,19.520817,22.619608,27.296703,21.846811,19.715208,26.643068,23.398935,16.147020,26.054535,24.694809,14.478656,26.520899,25.808155,10.828005,25.028994,25.445154,12.793186,19.393440,22.547922,15.404830,13.345594,20.508068,17.776609,9.364891,21.348789,20.195091,2.512325,18.797817,19.491459,9.913596,11.119847,14.348528,0.969646,10.324688,13.273586,12.473654,14.173658,14.984254,17.436039,15.590510,10.430792,17.836117,14.392718,9.244631
[0;32mI (64030) ANALISIS_ESPECTRO: Frame exportado | t=63.37 s | pico=93.8 Hz | 66.6 dB[0m
SPECTRUM_FRAME,64.392755,93.750000,67.361046,hann,512,37.020573,40.366707,63.443146,71.905273,68.319580,56.069874,67.361046,65.970551,49.672092,60.150070,60.724297,49.814728,54.235001,56.872330,50.372177,48.381721,54.469292,49.341129,34.409615,47.174068,43.798328,33.320648,33.650181,30.568094,32.971653,42.219639,42.250549,35.858929,36.834969,37.828121,33.729485,35.027740,34.975140,17.430746,30.580719,35.258743,25.682903,30.171692,36.255756,34.115341,28.933619,42.152096,41.046677,20.102222,37.933537,38.294197,21.594694,19.937954,20.177729,26.121410,26.870575,33.537491,30.411427,23.593056,30.085369,28.675610,26.765102,35.444046,35.049561,26.425777,32.543861,33.844765,26.236122,23.852772,27.136480,22.770668,23.618549,25.906872,18.876404,11.441769,14.421010,19.229948,16.783754,27.806398,27.965012,17.089066,24.683784,26.951572,22.438910,21.405430,26.605682,24.711216,22.423590,25.192890,21.716864,16.724323,19.858963,20.732883,10.177320,20.926933,24.047232,14.484779,18.397886,16.972290,7.159934,15.931288,12.130370,10.107004,2.448169,12.521027,1.468333,11.685009,13.043701,17.319048,6.292766,7.906226,18.618628,12.354773,12.649073,12.782903,16.575624,20.786911,15.238430,8.343574,22.199848,21.368839,5.958766,13.907279,20.084461,10.060769,12.502207,14.629121,10.413702,15.954521,20.331459,11.718761,6.984325,15.593490,12.832156,14.081335,14.139750,17.402252,15.625954,16.853369,15.206985,10.550436,14.427127,9.107661,11.201284,10.153693,-10.178131,11.452623,15.973423,17.125362,17.775089,15.597772,19.657875,20.474817,16.096313,17.676937,18.078808,12.420885,10.353163,9.931681,6.887418,7.339434,2.734816,2.955152,3.368408,8.021405,13.954607,9.805726,6.386992,13.808611,12.525363,-1.466467,2.726583,10.096426,-1.005529,9.943817,6.462621,-15.392574,8.849687,9.919731,2.202292,-4.315022,6.203330,4.978306,6.772614,8.878026,10.736658,2.145240,13.025768,12.094612,-1.144368,11.322025,12.600977,6.643047,2.426831,8.195742,10.576209,13.557592,11.474310,11.044063,11.294598,13.548504,13.407231,11.930675,13.016300,9.949094,6.387680,10.150381,3.646597,5.595878,2.588271,8.591367,14.884495,11.631536,9.801643,13.469135,12.458981,6.725549,2.605341,7.195518,5.475574,1.994206,-7.217517,2.317372,2.516064,1.168128,-12.352898,2.770458,6.710096,3.331851,10.052000,12.726305,14.723292,15.699540,15.239376,17.945204,17.198458,10.305352,14.165936,14.312387,2.808613,3.075775,1.110049,5.696938,13.197540,16.061283,12.923750,13.044813,17.004313,14.054878,5.417366,7.982143,6.623304,-1.147848,10.292002,8.108397,6.795235,16.712124,15.520158,8.955059,17.015556,16.393425,1.546395,12.831091,13.602113,3.990112,9.507863,14.703066,14.539404,5.628191,14.338837,16.856316,14.746622,14.164650,13.964865,16.447283,15.108942,10.649855,7.257993,14.636327,17.546150,11.395850,7.778353,16.388878,12.745436,9.036831,17.977303,13.783021,11.833371,18.961466,18.741301,16.051147,17.271767,18.946651,16.690083,9.595825,14.762180,14.976034,4.107386,14.384933,13.844017,1.826576,14.020073,14.172330,-3.854256,14.972354,15.832165,3.352122,14.890923,16.183113,10.534327,15.475872,16.753685,11.819065,8.076877,7.892158,3.458443,-6.555569,8.042670,5.766087,6.289406,15.122715,13.985014,4.463273,14.906185,15.577581,-0.070966,11.745709,14.870890,9.130104,9.683462,15.154000,13.874813,5.513349,11.341627,13.474365,7.055101,11.056317,14.386093,5.495341,12.558116,16.342335,12.601184,12.620668,15.115616,13.879615,11.421434,2.650400,5.105059,11.434937,9.225332,2.285418,7.394974,10.958727,10.001863,5.910536,-4.251457,8.825266,13.133940,6.265428,10.111549,16.505119,16.071850,15.241936,17.437256,18.156118,15.907159,13.751501,15.367611,13.264685,4.681273,10.756563,10.088725,11.289375,17.389652,18.749989,15.397482,16.924772,19.059250,13.945479,13.998723,18.031818,13.564116,14.618893,17.593500,16.949148,18.173283,18.331041,19.149303,19.754364,16.017326,13.685561,15.373340,5.580774,6.657307,3.673927,4.880923,13.620672,13.883352,13.027748,14.477425,15.272839,12.172195,7.678339,8.198148,-4.760547,10.214237,5.761406,2.232392,13.913903,12.022030,2.596615,12.715173,12.471267,-1.283900,10.668421,6.372214,9.316309,16.678263,18.756121,17.701479,17.603546,20.067711,19.435751,14.964834,16.424255,17.989765,10.502983,13.203117,16.122158,13.419665,19.982653,21.010523,18.015558,21.086384,21.915825,16.559629,18.621866,21.150913,14.843891,15.555462,19.541748,12.026538,15.018490,20.928574,14.312487,14.529696,21.969299,17.724636,16.960966,24.635639,23.294041,16.976851,25.448921,25.672548,16.602608,23.476009,26.410704,19.371952,19.140030,25.853222,20.485638,19.404877,27.902756,24.374233,15.988506,28.887737,27.422527,5.721352,28.147840,29.526270,18.067631,25.591383,29.581049,23.462679,20.997866,28.630655,25.320396,6.271580,25.823318,23.881001,-0.936325,23.822306,24.077629,10.859866,21.765528,23.491602,16.835236,18.636995,21.354330,17.085503,11.226116,14.338522,12.748678,2.017211,15.935343,16.047394,8.244088,18.410299,16.307224,6.957036,18.003786,15.455890,-1.561403,12.366426,10.066765,3.420339,10.049295,14.443387,8.890964,8.640270,14.609385,8.086052,8.782820,12.846641,8.335402,1.722127,5.039079
[0;32mI (65050) ANALISIS_ESPECTRO: Frame exportado | t=64.39 s | pico=93.8 Hz | 67.4 dB[0m
SPECTRUM_FRAME,65.415123,93.750000,66.903847,hann,512,43.259583,42.622875,63.115944,71.764465,68.099281,55.970428,66.903847,65.623436,49.369690,59.151031,60.153793,47.211464,53.972343,56.884197,48.103394,49.584423,54.918320,48.566265,41.223038,49.524094,45.523277,25.639717,36.409611,35.493038,26.718370,33.972591,35.435204,27.860538,28.293121,30.388433,25.523005,30.757200,36.458832,27.739437,27.867289,36.743958,32.220013,23.879955,29.372787,25.587112,27.788408,39.306541,38.598015,22.122501,34.277767,36.352261,17.617542,26.137623,25.123936,23.739119,30.371395,34.462238,26.855598,14.992476,31.564396,30.322025,26.119833,35.558056,35.833607,27.438072,32.986511,33.772621,20.567713,20.322685,27.788736,22.724751,22.790583,29.160805,24.156744,15.991203,21.448442,18.204294,15.336513,27.061293,28.235718,21.681936,27.252121,27.737240,16.523802,23.271915,26.384445,16.718208,16.152456,23.249599,18.453712,13.487644,18.296375,12.183572,18.022232,27.107971,24.301004,15.422813,25.352516,24.411812,13.961401,18.260145,19.235712,9.534225,14.456537,15.810276,14.028236,17.059782,18.883417,15.702668,10.588291,10.977533,8.868757,9.318493,15.522034,12.594563,10.917866,19.334221,23.022831,19.817976,19.968969,24.834356,23.026417,18.024300,17.533298,18.748507,10.962902,15.542374,9.364826,6.239533,21.358070,21.652878,15.202226,17.312836,19.831675,17.029593,14.040135,15.660812,16.392937,14.180652,16.338919,11.929314,9.324407,10.593895,12.412091,14.398680,13.538597,16.428026,17.661478,18.420256,16.796368,13.848675,11.849218,11.478580,2.204600,4.987710,-4.657989,5.741755,11.280384,11.542032,13.748993,14.877996,14.178486,15.569028,16.050489,10.891953,12.326083,15.598322,12.785287,-0.821330,8.448377,14.737255,13.721484,7.256321,12.399757,17.664505,13.966576,2.421628,10.971847,7.267075,7.595372,9.933825,10.740638,11.572315,9.780456,2.914312,5.271152,11.422986,6.382117,-4.900374,9.338735,12.174419,8.906897,11.072399,9.090244,-1.425650,12.485003,13.673517,11.259607,6.142346,12.111223,13.063337,10.184858,7.664419,13.220886,12.859201,9.161699,7.657656,8.455224,6.623262,9.807059,7.014205,8.559958,9.598615,4.973853,3.734127,4.830258,7.912990,11.820339,12.556599,3.785659,9.603123,12.458123,3.853627,7.758080,7.643138,2.544509,8.309709,8.542021,13.106175,11.655598,10.547066,11.738032,12.760151,12.118740,11.269837,13.175381,6.978725,-4.588926,4.049848,2.914374,6.104950,3.192183,7.698012,11.044426,5.301151,10.994156,14.606404,8.037224,8.023872,11.794922,7.031216,10.450591,10.054928,1.590619,5.827991,9.177929,13.257376,14.248967,15.720160,16.542179,13.498544,17.248230,17.799730,13.277398,15.861782,16.301498,5.056438,14.895128,17.799892,13.372392,17.687510,19.539911,13.772615,17.769314,18.723299,14.074044,15.827050,16.873386,10.519662,10.028234,18.480133,17.469389,8.474380,18.193127,19.423527,9.332483,15.763601,16.391800,15.325852,12.488680,8.296875,15.005250,16.407621,15.371439,4.363990,9.204090,15.087209,16.856081,12.907471,14.457026,18.464811,18.824371,16.314180,17.221931,17.204529,7.562604,14.031021,11.703092,9.553286,18.586313,16.173052,12.584538,16.753258,14.752636,12.833365,12.239000,8.034195,-0.385722,9.565968,13.242339,6.884909,12.061224,14.502511,7.123335,6.056692,9.965588,9.383925,2.958984,2.318173,10.834505,7.775143,2.450019,6.089168,0.334865,5.116635,9.909974,5.489840,7.525227,5.922718,4.670074,11.891960,12.447337,13.328897,4.593246,9.786497,11.147358,5.461832,15.428555,9.395602,7.731234,15.763802,13.539591,13.026700,16.045822,18.812656,16.267412,10.235187,16.560198,14.633980,12.054119,18.163422,13.804555,2.178177,15.185984,12.776810,0.010372,13.275860,15.725483,0.909248,13.928966,15.204714,10.735922,14.933813,17.228682,14.647359,7.114515,11.577969,13.377907,-0.572468,10.035086,14.034451,2.745776,9.152693,13.727542,11.268397,9.168983,14.182220,13.324052,8.861629,7.827022,10.586177,8.847143,-6.383011,10.123178,6.905205,-3.030534,4.089880,-2.475820,4.861693,10.517426,11.670938,5.965611,3.002937,4.642571,7.713673,10.172740,9.229416,10.080375,12.454257,13.443352,13.769961,14.339906,15.715569,12.503866,7.462976,9.022408,-2.184895,14.594849,15.378438,10.676173,16.129730,18.397842,14.822165,14.762621,20.492760,19.533997,7.621405,17.278645,17.952904,4.247262,16.776188,17.827469,9.162613,15.741483,18.024382,6.723606,19.193081,22.324791,17.055225,17.207899,23.133600,18.560381,15.152234,23.950817,21.199512,8.007167,22.765930,21.427525,6.447857,23.938992,23.759653,10.828914,22.098804,23.948011,12.679058,20.733250,24.833652,18.109430,17.883110,25.430752,20.014702,16.067375,27.130192,23.877262,5.692381,26.180958,25.904350,9.453134,25.695906,27.478865,17.477661,23.693573,27.525740,20.126049,21.062237,28.201921,22.876947,14.346590,27.167599,24.193775,14.072273,26.764488,25.401062,12.013712,24.150888,24.261703,14.137827,20.058868,23.337242,16.071569,9.687925,19.914700,14.383011,10.217789,19.892300,14.791206,-4.824606,17.191647,16.056173,4.051569,13.167562,19.270985,15.922585,3.029552,15.369003,16.918327,10.382605,9.148849,15.661613,14.235844,10.424070,8.077764,10.159798,9.864614,5.012942,-0.724001,1.055501
[0;32mI (66070) ANALISIS_ESPECTRO: Frame exportado | t=65.42 s | pico=93.8 Hz | 66.9 dB[0m
SPECTRUM_FRAME,66.437474,93.750000,67.350258,hann,512,44.890217,41.243561,63.788666,72.360062,68.603981,57.510933,67.350258,66.075317,50.997116,59.338726,60.133797,45.961609,54.596298,56.974503,46.428017,50.477352,55.549370,48.978733,42.552902,49.405373,46.526619,28.134289,26.657393,33.595844,28.774183,39.613438,36.984192,30.488798,33.222652,30.947357,27.860544,30.199875,36.318657,26.030464,28.180025,35.738724,28.606030,29.296185,34.476772,32.981979,33.310848,41.818714,40.858021,32.061455,37.658920,38.841145,28.232840,7.806731,19.124723,19.707331,28.247948,34.211887,28.875093,26.746586,33.664223,29.357014,27.104519,35.120228,32.344707,23.820862,31.432453,30.423706,18.465797,25.218744,25.210035,15.566038,24.419935,26.788273,20.476475,18.595575,18.647896,15.351902,10.470636,21.015041,19.399403,15.357904,24.894863,25.333057,17.164560,27.530649,28.342422,18.467876,25.726414,28.257248,21.499020,16.845486,21.221764,21.367071,8.126755,20.360601,-10.972301,15.367912,25.202951,22.361433,16.884312,22.440462,24.569405,19.400997,16.844547,20.176031,19.278320,10.361383,12.467779,12.533186,9.269535,16.651323,7.518855,14.925479,17.049168,10.675164,10.847555,21.463263,15.906904,2.643948,19.687769,23.315453,15.450476,15.186877,19.964464,18.428587,16.778606,4.974331,18.086025,-0.364068,14.515905,14.240880,14.675742,19.774294,15.632024,9.307520,17.242523,12.389444,-0.870663,0.872630,4.424427,5.297757,14.839748,14.369248,4.352780,11.647013,0.347163,-8.445349,8.284530,16.267057,13.973861,5.545213,17.203878,19.151791,9.038280,6.266714,17.866257,10.697060,13.263122,8.914056,10.810466,15.582371,19.033110,16.705463,12.311187,16.084629,18.121834,12.727219,15.215910,13.179815,11.510611,15.475185,16.085175,1.097440,3.440352,11.462487,12.748043,17.103655,15.156135,11.131187,15.303096,16.058187,12.232153,3.476808,-3.279445,10.071601,-3.567895,13.460258,13.116895,8.626546,13.959761,16.165192,11.793548,5.655420,11.533484,9.086061,9.837657,12.926331,-4.016720,12.046988,18.993639,14.068096,11.361594,16.244905,11.912304,5.598268,11.459919,13.114197,8.395049,10.477396,14.632162,8.692343,-0.621743,7.972486,6.979670,4.303241,0.150552,1.148784,8.602983,7.289572,6.382875,-2.119979,7.565609,9.489420,6.729488,6.493476,8.451219,11.092365,11.237918,9.037052,9.795280,9.237780,5.908418,8.934001,4.138495,-4.925709,-10.458699,4.139585,5.524493,11.093034,14.235590,12.723437,12.705861,16.947159,16.549664,12.758877,17.325357,17.361263,9.743927,12.450877,15.379889,8.399061,8.569407,7.782459,-0.846282,8.793640,10.018439,9.802666,10.265858,12.705306,13.671844,4.159369,7.580723,13.271543,-3.727995,11.788681,11.832373,8.909418,14.999809,14.672474,15.679525,17.050968,15.649701,14.491676,14.946507,14.093646,11.803953,13.896154,14.709835,11.595655,15.119724,12.532677,1.819716,11.709139,12.909541,0.851867,3.884028,12.997685,4.586164,2.934445,14.647828,11.263534,10.846705,11.917353,13.446407,12.555185,10.782030,16.815466,13.640806,10.101744,17.881187,16.498144,12.660731,18.168510,15.077468,6.143861,13.191645,10.843183,3.980471,16.732197,16.594549,7.218454,18.164894,19.897869,11.869215,11.987396,20.131863,14.123937,5.920215,13.218521,14.038529,9.098211,0.281414,11.176754,4.335027,6.926084,14.803005,14.973079,14.082405,16.592003,16.923405,14.118514,12.397387,15.365223,11.575802,-0.021286,2.172278,4.733768,9.646697,11.911851,10.607727,12.802421,15.590981,13.439653,8.859894,12.948161,10.065563,7.867666,15.500603,10.608294,10.378368,13.956985,11.951450,11.169252,9.764048,-1.696705,-12.095050,-4.119393,9.155965,9.914033,7.836208,12.306028,11.794633,10.892790,9.897390,5.308043,7.856029,13.280981,8.900368,5.237263,14.187796,12.008042,8.628427,13.772982,11.243690,6.044929,9.578753,14.110713,6.485069,9.574883,19.383812,11.214243,3.599359,17.441944,16.271845,7.302055,14.869838,11.410213,9.262675,18.750492,8.912737,9.905742,16.062519,15.921280,11.451590,9.076542,8.914932,7.891068,14.422813,9.965707,6.515672,13.184314,10.645915,-1.865434,-5.526757,9.394748,4.391385,10.619873,-5.835359,-3.868658,10.395535,7.804667,13.258046,5.275648,9.096970,16.621710,15.341038,10.965641,12.884917,12.514381,14.308764,3.573594,4.144746,10.919279,14.995494,17.731493,8.878662,14.373469,17.720249,11.839010,9.607934,13.665865,5.371830,4.990572,15.456890,9.094337,7.091525,18.987148,17.805481,5.715843,16.895649,19.887770,7.130055,14.442137,21.850435,11.811257,12.757025,23.235813,17.497057,9.459181,23.843475,21.831776,7.355643,21.962940,22.946716,9.480399,21.876999,24.517794,12.675922,22.218084,27.256907,19.710091,21.805790,28.864906,24.256136,20.066067,27.953730,25.268879,15.994627,26.763252,25.845320,13.103382,25.005077,27.013247,13.850408,22.785767,27.548321,17.755621,19.214573,26.116768,19.595787,14.105496,25.235809,21.958462,9.011414,23.274851,24.031839,12.145422,20.505737,24.038353,13.200920,14.531921,21.933743,12.861876,6.586424,19.761295,13.422279,1.192384,12.260841,11.850739,1.461866,1.226839,4.479295,11.402579,9.958792,15.594372,14.687743,9.531630,16.940292,16.881941,9.331650,11.544485,13.116013,8.255249,8.946066,5.403367,-8.426373,-0.055582
[0;32mI (67100) ANALISIS_ESPECTRO: Frame exportado | t=66.44 s | pico=93.8 Hz | 67.4 dB[0m
SPECTRUM_FRAME,67.459839,93.750000,78.241661,hann,512,62.851425,73.935905,78.789352,83.677940,81.192642,74.461838,78.241661,77.430862,69.017830,66.293358,67.511665,59.411869,54.225346,57.082359,54.416817,55.764343,61.400604,56.445564,48.904259,56.973454,56.232079,50.819084,51.974300,51.290108,49.144470,46.584236,42.505653,39.520233,45.998848,49.286446,47.175354,46.519352,46.875626,41.799065,42.177551,42.261356,16.162529,30.579708,43.166622,42.484360,30.359495,43.225594,46.461578,40.982113,42.839626,43.488686,36.730072,38.963619,41.429855,36.618961,22.716068,41.057819,42.143616,32.811028,37.726067,40.736664,36.673206,34.421623,36.962231,33.301430,26.632072,30.304504,29.725517,26.055046,35.194664,35.354622,33.522182,34.501549,32.771626,32.413498,33.538586,29.036537,28.495956,35.056900,34.400978,28.272552,35.697838,36.824413,31.725056,33.153763,35.126907,29.879377,28.937740,31.335718,24.712992,20.738056,24.274345,20.763977,16.198063,23.337545,25.437347,25.772608,29.548409,29.743885,26.173298,31.375038,31.618908,24.201305,26.569445,26.063719,20.956057,19.737232,19.524754,20.213194,23.533329,27.131481,23.943317,16.879156,26.438387,26.255619,14.596991,19.829924,26.383627,26.853043,28.208450,31.240665,29.871258,29.063805,31.756367,28.592684,25.070911,27.548368,23.242954,20.436188,22.399765,22.045521,14.493248,24.759771,27.896948,21.400951,24.547916,28.244179,21.271305,16.053822,22.805950,17.160671,17.198837,23.589743,21.912380,9.976672,24.547531,26.392052,11.308575,16.303127,21.053343,19.166861,22.242474,21.573107,23.118656,26.565472,30.164091,29.955093,27.188419,29.779808,30.012173,26.885704,27.393761,28.356207,26.721506,25.316217,22.641396,24.677717,27.370024,27.078932,18.469122,24.603863,29.505051,25.500214,19.928991,27.133385,25.823513,17.249006,17.155201,18.583359,19.874710,23.123419,22.140438,20.003159,25.970310,26.193005,23.038731,26.192944,26.360767,22.355635,23.536509,23.817551,21.450407,24.486946,26.801186,22.131104,21.751781,27.792206,26.657362,23.291636,26.702898,25.912098,20.450888,21.076504,21.794468,19.168495,21.749887,22.376698,18.776739,19.265207,21.593479,19.509243,20.108604,22.502787,18.659729,16.604286,18.762268,18.127508,15.476601,19.126688,20.179033,14.728961,16.984474,21.728270,20.155918,18.112585,22.659763,22.017536,13.771462,18.455517,22.974697,20.612066,21.108948,24.686684,22.881020,21.435989,24.373192,22.577003,21.801538,21.844732,10.284660,7.696509,13.899623,12.954949,16.583059,12.150235,17.170832,20.120113,15.281005,18.492113,19.410158,18.822039,14.304989,8.280378,11.083944,12.914383,16.642273,16.340485,20.604746,21.177608,19.764009,16.962118,19.531767,19.055193,5.864160,10.561832,11.316218,12.603230,12.129683,15.900125,12.909802,4.374358,16.134718,15.959597,14.149933,7.810730,19.042257,9.886234,11.639851,16.317963,-5.964003,12.478423,9.688728,5.246978,15.018454,11.919723,13.360667,18.464291,15.495443,15.659859,18.287106,18.626005,16.839808,13.020868,15.216784,17.545822,9.666178,11.481241,16.205435,9.706702,16.087805,15.965524,3.748162,12.372341,8.862792,7.763807,4.912503,15.201391,16.591450,14.039359,17.362091,17.613928,14.725732,17.326254,18.842358,13.344629,16.338242,18.346590,13.092665,14.640625,16.766312,16.202188,13.941411,8.820927,5.183061,14.883089,2.256182,11.063127,9.571755,9.347128,17.481634,12.915124,7.342774,18.517538,19.688374,15.497085,11.822758,20.014498,17.548046,13.061748,16.596371,20.035555,19.610878,5.380849,19.560925,19.976864,19.246204,12.729559,15.821226,19.718098,11.938412,5.550200,14.995214,14.544240,10.969401,17.210276,11.210564,2.686834,15.484614,17.163488,11.181708,15.999178,15.016006,-10.165026,3.547887,7.242517,9.752282,9.742800,14.468745,11.338672,12.126129,17.447124,13.973043,10.129300,19.623062,19.581059,15.238414,18.639225,21.075882,19.166096,20.166491,18.580513,16.834511,18.460907,20.210598,15.031721,16.632254,21.525940,16.518816,13.752821,19.296364,19.921009,7.491317,16.210236,19.557327,5.412160,3.163262,16.050823,13.717897,16.438873,18.147272,11.279295,6.477506,18.528664,17.530912,13.668537,20.448198,20.614254,16.562206,17.584835,20.318796,15.684085,17.082823,19.408815,6.418661,12.828421,22.162582,20.171309,19.870375,22.786791,21.281683,16.002989,13.714483,17.149033,19.309103,24.318844,13.700594,9.766517,23.754189,21.471083,18.700029,26.809614,27.187193,22.519047,24.793446,26.295912,22.966156,26.718613,29.678741,24.500654,22.608900,26.996727,24.129274,24.267824,29.251888,26.571749,22.706404,28.202217,25.584278,22.574121,29.880585,29.535480,23.509291,26.170773,27.422287,23.769743,26.582563,29.845795,23.631329,24.539034,30.116081,22.848892,25.169542,33.234917,29.312613,22.899864,31.398983,29.844667,22.536030,31.525063,32.712627,25.148352,29.194313,31.745111,25.539181,29.348064,33.595612,28.273598,26.884756,32.404686,27.346880,24.269526,32.945969,30.505203,19.969051,27.691483,28.146507,18.165440,22.347347,27.082905,19.356598,14.140439,23.292789,4.748420,18.092140,28.914358,23.839457,18.495289,26.286345,24.855497,20.733784,25.337585,26.183342,22.000734,19.057463,18.241810,15.194831,17.737648,21.491308,15.005953,13.195345,14.814720,8.583175,12.863997,20.470028,19.803978,18.899143,17.001417
[0;32mI (68130) ANALISIS_ESPECTRO: Frame exportado | t=67.46 s | pico=93.8 Hz | 78.2 dB[0m
SPECTRUM_FRAME,68.482199,203.125000,28.130642,hann,512,2.315678,6.167442,19.175709,27.701769,24.073330,10.103973,24.176395,22.574909,8.273827,25.184868,26.297464,15.020217,24.611425,28.130642,19.695923,20.198404,26.105070,19.978045,14.098147,23.315098,18.732010,12.302608,24.245794,22.657415,11.400993,22.835972,23.915771,13.011409,17.144011,20.825148,11.994571,11.735158,18.568319,11.062801,12.269255,20.894100,17.022842,10.379808,19.900116,18.399750,9.043174,15.068264,14.996654,6.410832,4.794708,7.430344,-12.312105,9.265811,16.112740,10.826727,13.347776,19.983652,16.553608,12.651700,19.850119,17.508543,7.652338,16.651649,15.147028,-3.449927,14.973124,17.815611,7.179036,16.623585,20.976692,14.393360,15.312841,20.856274,15.752664,8.992492,19.064899,15.594065,0.909957,18.428144,18.989292,5.058095,18.379883,20.406492,10.140293,16.204264,19.077158,10.078997,10.230047,17.751329,11.339636,5.283066,17.696611,16.654451,3.322243,16.851994,17.278454,4.791772,14.029312,14.200603,3.755889,7.933268,12.993505,0.405417,3.980513,13.798876,11.449370,3.875423,12.600513,12.619585,4.700207,10.029639,8.397009,3.851429,5.784636,6.978263,-36.355183,2.443912,10.995799,6.113797,6.795320,11.923059,9.689502,7.983823,11.289977,7.425103,4.014566,9.390483,4.291735,-14.083590,5.779212,10.178536,0.265424,8.235188,11.892882,5.378452,9.295933,11.605175,4.109777,4.429285,10.892212,2.095882,-5.938739,8.253055,8.334280,-2.253358,6.944960,9.112998,0.271795,6.912186,7.340235,0.201960,1.086118,7.464747,-8.509227,-7.025322,6.298878,3.081874,-1.575807,4.523645,4.788222,-1.871639,4.736495,1.907346,-1.075999,1.846164,3.226638,-6.105378,-10.935010,4.536192,-2.894085,-1.860925,4.232322,0.537240,1.514218,6.428088,-0.828491,0.644907,6.453784,3.062663,-1.129739,-0.148715,4.875011,-1.901541,-4.917292,1.967564,-2.853450,2.216874,3.029488,-11.815607,0.382947,4.713986,-1.100082,-3.611825,-0.089822,3.040658,-1.840707,-18.247091,1.180398,0.285153,-3.343074,-4.355257,-1.318459,-2.977010,-3.314361,-12.615387,-2.070498,-2.817954,-3.918017,-2.085413,-7.735169,1.142045,-2.638727,-0.905623,2.357701,-3.109087,3.809562,3.186385,-3.474016,2.843334,1.266237,-2.896505,-6.565463,-3.967004,-2.510727,-5.139179,5.993141,2.534207,1.452390,8.683153,6.057002,2.831521,5.933299,4.149883,1.986360,-8.720617,-3.948677,-4.316816,1.026620,6.245833,-5.753529,4.325796,8.090891,2.715386,2.534950,3.568399,0.852230,-0.458929,-14.515234,-13.617008,-1.321732,1.940038,3.703148,-4.040315,3.332146,5.662641,-0.768024,1.465989,2.528915,1.400646,0.762267,-3.093698,-3.792536,0.855516,2.292667,0.890756,-1.407629,5.767351,7.583768,2.690690,6.261540,7.786092,5.990522,4.599696,1.624957,2.582873,3.552508,5.753019,0.812502,5.190185,10.082579,9.284280,6.914068,9.609531,9.447342,7.599056,4.979956,0.460965,4.434610,2.941848,5.590110,-0.164295,7.260787,9.950585,7.217169,7.651513,8.204670,6.905079,5.647990,0.353994,-2.594917,3.438148,2.246617,4.509565,2.758127,6.640151,6.802636,3.892923,5.772808,2.790816,2.053567,2.753569,-3.168421,-1.613991,3.328675,1.537525,0.925570,2.402824,2.277015,1.958280,-1.105130,0.634318,2.954450,2.569621,2.771715,2.819463,3.628529,4.716265,-0.464021,-2.540033,2.956867,-1.670453,0.980291,0.988159,3.347350,5.553684,5.215802,5.068251,4.292512,5.367980,3.841605,-4.153772,-2.782981,1.798584,-3.987446,-1.577924,3.358582,3.790676,4.166821,5.889197,4.323393,3.281320,5.024184,2.029006,-3.577134,-2.016526,2.031787,-6.550767,-3.535607,2.828394,1.091553,1.959197,3.471760,-0.475863,1.532807,2.288366,-1.584664,-5.443652,-3.329380,0.230168,-9.020965,-6.791237,-3.740407,-5.855841,-5.060772,-0.279275,-7.454388,-7.180416,2.222404,1.623706,-2.056598,0.407165,0.093933,-0.468997,-2.594682,-5.263827,-14.026600,-1.459400,4.336377,2.211668,2.678022,5.618502,5.615422,4.449125,2.258154,0.270394,0.353007,-1.361686,-0.352596,-0.707220,3.692481,6.564590,7.333994,6.765197,6.528683,7.341282,5.953255,2.592882,1.394346,0.895386,0.308038,4.347859,7.114246,4.769435,6.271976,9.949140,6.785472,3.455442,7.141448,4.952502,0.087110,4.266603,5.500317,1.865763,7.219833,10.256367,4.948483,5.235224,10.431828,6.232969,1.842727,7.143243,5.815187,3.646214,8.841879,8.660845,3.676362,9.133317,11.073984,3.881716,3.968477,9.329123,4.143693,3.603307,6.920510,3.955045,5.741887,10.111223,7.173321,3.929922,9.723596,8.819247,1.036394,6.759389,7.406521,-0.980210,7.554237,9.442651,2.993262,8.312386,12.308933,7.386436,6.893192,12.536592,8.449009,2.331621,10.969496,8.521775,-4.549064,9.239338,11.239702,4.626626,9.559141,13.631820,8.173288,8.958412,14.101517,8.366747,3.651131,11.801724,8.113468,-9.577972,7.299123,9.706751,3.842056,8.855051,11.682528,5.651721,8.685847,11.877898,2.864916,2.598321,7.289258,-1.535604,-1.600834,-1.424235,0.970074,0.529954,7.352274,5.961740,-5.196063,4.974003,6.074553,-7.576266,-17.941607,0.410312,0.346559,3.541955,8.360045,6.338370,3.884437,10.680229,9.962627,2.418565,7.242202,9.224218,3.114994,1.252488
[0;32mI (69130) ANALISIS_ESPECTRO: Frame exportado | t=68.48 s | pico=203.1 Hz | 28.1 dB[0m
SPECTRUM_FRAME,69.504559,203.125000,29.820518,hann,512,-1.603305,2.101905,21.013201,29.954281,26.548775,13.180168,26.232489,25.173624,5.921124,26.925243,27.682205,13.810938,26.644400,29.820518,20.212317,23.176033,28.746347,22.801723,17.922329,26.391380,23.433456,11.292822,25.758564,24.554798,4.121043,24.031450,24.887791,10.112179,20.672363,23.657101,14.720259,18.326494,23.812550,17.896027,14.353317,23.582506,19.514654,6.105742,19.451973,17.873543,2.157640,7.988182,10.390216,3.585400,8.143497,12.317211,4.478058,9.211632,15.864145,6.959510,9.064690,16.919069,9.958772,8.955086,16.936192,13.021140,7.774092,15.361219,13.941032,4.239446,14.747517,14.980465,4.156274,13.814692,17.394884,7.649451,12.346584,18.299210,13.075390,11.538285,19.689829,16.756466,7.152204,20.770380,19.436623,1.078142,19.009892,20.419434,7.457846,14.963181,19.005457,12.691578,12.801747,18.957165,13.876314,10.492421,20.662636,15.196913,7.514200,19.629116,17.795300,3.912284,15.772261,17.651293,9.175923,11.438040,15.572204,10.734390,7.505182,15.057326,5.005794,6.703875,14.209805,9.534851,2.929743,12.565372,13.373398,1.517808,10.912691,13.210105,8.048016,5.755082,11.067859,6.035451,-7.591932,6.070032,-1.896524,-8.300380,-7.782856,6.496272,2.020458,4.483843,9.852499,7.238160,7.979181,11.389321,6.708057,7.260613,11.368266,3.712124,3.181782,8.166911,7.753193,1.970250,6.925150,10.285964,4.677783,10.798874,10.970797,4.463744,10.520205,10.855753,2.487317,5.936312,9.121116,4.417774,3.949465,8.795744,6.411562,6.376522,10.664108,6.904051,5.777400,9.549829,6.633276,3.640272,4.151885,5.891524,3.078368,4.754852,8.034731,3.663695,7.754512,10.270263,4.208208,6.363342,9.072575,4.210753,1.368644,2.382228,3.007946,-1.274299,5.677543,5.724174,1.180266,9.267637,9.527446,3.419636,7.129040,9.279270,4.773939,-3.072593,2.565182,3.094286,-4.117762,5.420351,-2.473636,2.081602,9.779755,4.942588,4.032999,8.451284,7.160550,5.028757,2.387346,3.411442,3.262635,-6.180851,-2.684305,-7.331852,-4.159702,0.118488,0.293941,-1.307942,-3.846196,3.650514,1.026618,-14.440191,0.407827,-0.327276,-12.350312,-6.337080,-5.852489,-6.653884,-14.422352,-2.128885,-5.446915,-5.841731,-7.160573,-7.726390,-3.426650,-3.817904,-3.537865,-17.045538,1.931152,2.734219,-3.752066,-2.810417,3.441859,1.152703,-1.802587,-2.435065,1.474838,3.785921,4.756811,0.244923,1.992838,7.621015,3.673224,-7.239199,3.364868,5.073680,0.564559,-9.881809,2.217533,3.939341,3.475305,2.508716,2.505960,3.325805,3.225232,-2.083466,-3.091857,-3.636109,-7.716903,-28.442635,-0.830596,-1.076205,-9.227439,3.006541,5.058967,-5.870195,1.265985,6.190466,-3.078460,-4.155024,3.817861,-5.830544,-7.609643,4.482445,-0.726768,-1.846790,8.438959,6.214796,-0.528255,9.048072,8.450446,-5.473354,4.743234,7.114453,-6.973676,-3.480101,6.514684,3.861948,4.896159,9.820224,7.527009,5.601287,9.900021,7.104425,0.395912,4.380908,1.041142,-12.014642,0.079238,4.690309,2.937496,5.826760,9.083893,5.910468,5.067646,7.340129,3.164689,-1.334338,0.070472,-12.718473,-6.536384,3.921814,6.334042,3.026061,5.181137,8.442754,4.885782,2.990462,3.532606,0.850111,-2.239793,-0.350767,-3.802434,-5.382046,5.431732,5.413893,3.524739,5.486300,5.297670,4.532910,4.532381,-6.547746,0.117822,-0.417715,3.202757,2.101056,-2.948752,6.554897,6.881774,5.450787,5.725546,5.825288,6.349036,3.766207,-7.177459,3.378145,-3.072244,2.187311,-0.814871,0.185426,5.940635,2.787606,3.883400,3.903957,3.128412,2.339626,-2.483407,-1.835053,1.233232,0.444729,2.920042,0.345987,3.839589,5.284992,-0.081403,0.009533,1.098133,-0.239828,-4.193445,-6.012406,-3.402473,3.251795,4.747309,-1.033196,2.927486,4.858827,-1.003220,-1.378145,-6.034193,-19.400648,-7.738809,2.179706,2.609354,-4.856116,4.868542,6.492924,-0.192777,-0.189529,2.728407,-0.105318,-11.132387,-4.743482,-7.391772,-1.147993,5.930588,-5.128706,1.743281,5.052711,0.662692,0.109172,-0.793766,-4.951880,-10.744345,2.445167,-0.312939,-9.996569,0.560931,2.013077,-5.419889,-8.345248,-19.317451,-5.932763,-6.443419,5.254012,-3.971052,-3.093550,7.567435,2.503874,-1.662662,1.662470,1.538780,-6.891889,-4.145546,1.941083,-20.637482,2.667833,8.021084,-12.635025,0.943770,7.812762,-2.329265,-3.808580,1.802182,-1.054476,-22.251108,2.695711,-0.085077,-5.443173,1.917082,2.535595,-3.209081,-14.207870,4.293956,-2.148463,-2.587793,8.357988,0.852063,-4.019952,9.267814,4.351197,-6.231935,5.608393,7.576842,-0.210905,5.909934,10.393574,2.016664,8.332312,12.188774,0.204896,5.499871,12.030478,0.550515,-6.346157,11.355348,8.331259,-5.018785,12.320156,12.100046,-0.385243,11.785803,12.928570,-2.833118,7.229383,11.506384,-8.778154,-5.235544,10.204084,4.033664,-0.956732,10.917821,7.488346,1.697759,9.898435,6.851153,1.395438,4.949657,3.892407,-3.993438,-4.720234,4.306909,-11.107329,-3.030973,5.233006,-1.794060,-2.934546,2.834720,-5.350939,-4.031801,-1.445913,-8.920867,-11.619788,-0.695006,-0.471504,-5.176181,0.315172,-0.497597,0.668454,-0.574128,-0.841860,-0.521453,-1.026680,0.984244,-8.542486,-0.414589,0.655031
[0;32mI (70150) ANALISIS_ESPECTRO: Frame exportado | t=69.50 s | pico=203.1 Hz | 29.8 dB[0m
SPECTRUM_FRAME,70.526930,203.125000,29.720810,hann,512,12.023417,10.397509,21.875130,30.154028,26.997143,14.073792,26.898291,25.787752,6.057456,27.260744,27.832127,13.598600,27.006586,29.720810,20.151884,24.189903,28.939837,22.726437,20.196148,27.200977,23.643724,14.693007,26.221317,24.601929,3.806772,24.155785,24.622997,7.880526,21.704784,23.887115,13.470006,20.370506,24.417925,17.450134,16.503981,23.775295,19.140530,6.256764,19.174360,17.457563,-5.128404,9.389080,10.959402,-1.271121,11.919930,12.232256,1.432682,11.155416,15.856351,7.704330,8.215553,16.989857,12.412333,7.165668,16.939949,15.189475,6.621129,15.460445,15.810691,6.642634,13.811555,15.882506,8.132658,12.494801,17.629562,11.200094,12.135784,19.426285,15.155692,11.546265,20.798685,17.846329,7.827796,21.016380,19.876408,3.328186,19.016449,20.720154,10.151605,15.512121,19.834614,13.211290,14.337774,19.782150,12.975086,13.509003,20.802298,16.456902,8.536001,19.578375,19.229822,3.753740,15.542699,18.174362,10.130413,12.287711,15.245820,6.976252,11.773491,15.838898,8.370498,8.205300,15.815594,14.325744,-6.902206,13.920403,14.382927,2.858720,10.929027,11.595860,3.302272,3.497754,9.007088,3.459594,-6.394451,4.429061,7.269539,1.626905,1.191655,6.654713,-2.397488,5.892811,3.652654,-15.878063,8.086264,5.688261,-1.529900,6.569474,7.822995,3.348670,-2.010028,6.792517,5.543483,-4.258892,7.451930,5.342505,-4.227478,8.883606,5.683084,-14.806597,5.670982,7.893160,-3.433570,3.956600,9.332973,2.589073,5.276692,10.088037,6.585583,-4.608964,8.088044,6.913982,1.753544,2.192365,6.321386,3.305276,7.419972,8.823296,-7.685006,8.391394,9.956054,4.488556,4.415128,6.882546,5.604596,4.153699,-8.784185,2.487408,1.803210,1.768578,5.855398,-7.440328,4.166172,7.036784,3.532664,2.465166,3.006313,2.486165,-0.411914,-5.645865,-0.676237,-19.993805,2.353853,4.697966,0.059894,4.216446,5.151339,3.280058,1.342415,-0.170965,0.186155,-6.598461,-8.073084,-9.914436,2.089106,3.377331,-4.442291,5.416845,6.342545,-1.309001,4.625878,5.677418,-2.645250,0.736201,0.929171,-12.070428,-6.087671,-9.843007,-4.280396,-12.861076,-0.545614,2.368678,-9.491167,1.793041,4.290486,-8.567172,0.506475,2.503134,-10.713884,-2.346658,-6.540317,-10.653726,-5.510067,-6.450172,-0.310118,-9.067145,-0.627700,3.883970,-8.682624,-0.521441,3.324211,-7.186785,0.535078,0.293974,-10.613209,0.263708,3.647818,-5.962977,-5.044328,3.322843,-0.414401,-8.114021,-9.137473,-4.093004,-2.784263,1.789372,-4.363047,-3.939357,3.666938,3.735496,-14.269325,-4.828712,1.414555,-4.223800,-1.014610,-1.162678,0.884666,1.658291,5.997107,5.068461,-5.849265,3.680094,6.488841,1.962749,-6.190272,3.188905,6.218853,5.868425,2.746691,5.553847,4.905795,5.400309,2.515512,-8.117332,-0.808457,2.465215,4.875639,0.338314,3.880606,6.867360,5.877518,4.290987,3.801178,3.587248,2.000003,1.649296,5.094127,1.979426,4.415623,7.905755,6.258118,5.093882,5.763019,5.807238,3.691405,0.550655,0.299076,2.106925,2.720115,0.429154,1.471299,2.749285,1.608625,-4.232840,-3.575321,0.964972,-4.951862,-8.198518,2.151000,3.358004,1.380730,1.448733,1.785574,2.402061,-0.993437,-9.647736,-3.547400,-3.686457,1.844978,-8.991179,-6.120937,1.427103,-1.610705,-11.148817,-5.571977,-12.808276,-9.382074,1.253084,0.259909,-2.547863,2.366551,4.414976,0.274017,-0.344403,0.311592,0.643909,-4.731761,-7.154462,-4.569119,-13.783800,1.700913,-6.130030,-17.305706,-0.788745,0.248637,-26.861898,-7.773398,-1.523095,-11.735123,0.003499,-4.197937,-12.513006,-0.625709,-1.463435,-7.857220,-9.801786,-6.324570,-5.116601,-12.096912,-7.060833,-14.240561,-9.856716,-0.446497,-6.155101,-5.231766,-2.731381,-0.600750,-1.667570,-5.742628,-2.759815,-4.004659,-1.073102,-5.863066,-15.092312,-3.565338,0.485075,-5.296327,-7.223712,0.175963,0.015201,-5.067925,-2.720610,-0.327887,-7.370512,0.445716,-7.790166,-0.289605,-0.060599,-2.648386,1.841933,-2.760522,-0.828297,-0.302913,-2.340522,-1.241859,-10.104127,-4.107440,0.332731,-3.408325,-5.007302,-2.977592,1.636215,-5.917889,-3.073829,-1.359226,-8.656553,-0.036015,-10.488130,-5.556393,-5.803332,-6.617358,-1.172849,-8.463889,-3.291125,-1.979211,0.167708,4.919200,-13.742023,2.019638,6.680421,-3.130786,2.474440,4.809346,-7.329592,1.803697,3.960841,-2.586563,-2.521743,3.996348,4.432230,-7.062685,0.996367,2.498853,-2.111696,-6.600962,-5.798350,-6.038770,-19.824711,3.271396,-4.505403,-12.073238,3.736733,-2.385003,-16.879560,0.830954,-2.294941,-11.249857,4.817090,5.636640,-2.381174,7.189557,8.627779,-2.360808,5.811366,9.253452,-5.597384,1.130538,10.427370,5.342605,0.495470,11.873268,9.502080,1.261458,11.477199,10.765306,-6.682886,7.860119,11.053719,0.254585,3.090731,11.028870,6.279630,6.031709,11.055623,5.761061,5.797767,10.433808,2.893311,0.284633,6.953798,6.455769,-1.832367,-1.286496,6.950381,2.106486,-0.241829,2.429192,-1.448268,-2.934857,-2.054185,-8.420347,-11.188096,-1.103741,1.397064,0.801508,-0.557314,-1.237417,1.015839,0.422216,-4.011462,-10.952153,-3.450964,4.338656,1.596333,-4.792662,4.228673,6.324131,2.350744,-1.561442,4.312766,4.184472,1.429263
[0;32mI (71180) ANALISIS_ESPECTRO: Frame exportado | t=70.53 s | pico=203.1 Hz | 29.7 dB[0m
SPECTRUM_FRAME,71.549286,203.125000,29.429867,hann,512,9.988102,6.016725,20.794661,29.683418,26.806263,12.796799,26.361603,25.311207,9.624513,26.876900,27.516640,12.437524,26.501064,29.429867,20.849689,23.025188,28.319813,22.661009,18.768822,26.147602,22.352591,14.521635,25.476917,23.904181,-5.049224,23.601715,24.417324,11.657639,20.514669,22.937218,13.125104,19.334841,22.961845,15.155203,16.126841,22.531137,18.434330,5.274270,17.770262,17.044363,5.483644,-0.216413,7.218576,5.185907,7.438287,4.402088,-5.441540,8.022872,10.913650,3.502412,9.324035,16.174019,13.008732,5.805668,17.700302,16.878393,-7.767255,16.204075,17.246572,1.851683,16.430241,18.365299,7.113764,16.188107,20.305344,15.044662,11.991747,20.314907,17.155411,10.979424,21.239702,18.406721,10.085361,22.671385,21.905357,4.987655,21.220762,22.992729,14.427925,15.721401,20.681931,15.402254,13.518839,20.173931,14.756824,14.057627,22.477512,19.990046,7.641726,21.582766,21.709511,8.625570,16.893085,19.200474,9.826665,12.961787,16.074076,5.729403,12.906139,17.936237,13.839654,8.284646,17.417196,15.629978,-4.557040,13.836889,12.312124,-17.253983,10.458871,9.709493,2.858748,8.717156,11.257123,8.293809,5.937266,9.627281,7.536077,0.439838,4.977648,1.968143,-3.682622,2.503531,-15.419507,2.936223,7.809908,6.039281,0.293850,9.777563,12.360346,2.849422,7.795544,12.745181,7.540672,5.732639,8.907684,2.996519,6.309907,9.433900,5.050491,1.487811,12.067320,12.927452,-0.559876,10.862368,13.409747,5.490407,7.743025,9.165312,-0.181674,6.856520,8.284680,3.317013,3.833951,11.337202,10.826530,-10.493846,10.200664,10.716145,1.071019,4.755192,4.169374,1.243297,1.670943,0.804908,-5.943193,3.053743,7.764767,3.779254,-0.093273,8.014974,5.618498,-8.928711,4.141843,2.406301,-9.108686,-2.650475,-5.249805,-14.955416,-3.589159,4.020630,1.019157,-5.823659,6.372882,4.836761,-8.108498,3.766927,3.094821,-2.740527,-0.099983,-4.626572,-4.345131,3.687658,5.422313,0.951968,3.642547,7.777615,4.574142,-4.067240,4.558279,2.980739,-7.531521,-8.349400,-11.652589,-0.510967,1.247898,2.490791,2.487606,3.021217,4.993280,2.422543,-2.297596,1.305222,-1.683962,-22.690851,-10.573712,-15.564392,-3.603625,-6.361289,-4.768365,-0.916143,-5.249526,-7.574067,-9.291154,-11.909579,-13.705099,-4.818851,-5.773294,-11.265263,0.376994,3.105693,-5.470023,-3.849598,4.833872,3.444396,-5.493532,-0.221086,5.464066,4.062008,-0.135608,1.788801,3.771562,3.438189,-0.195145,-8.225852,0.026734,4.447308,2.174589,-7.479814,2.224777,6.302429,3.441849,-1.410997,3.937629,3.454294,-0.313251,-4.105087,-8.277021,-4.191792,2.494390,0.269258,-9.765394,2.048724,5.691185,0.440079,-5.838751,4.601832,-0.660270,-10.979438,-6.364713,-11.940913,-6.435935,-0.638124,1.516268,-1.905081,1.566690,6.314559,3.935048,-5.642986,5.736623,3.663926,-5.989937,-2.062821,-0.577795,-1.989572,1.655166,3.691083,-2.320243,4.124043,7.848341,4.433379,-1.551657,6.991080,4.530993,-3.764097,-3.376981,-1.195750,1.372786,1.057482,2.559172,-0.523126,4.849510,6.829132,3.286865,0.449125,5.217946,2.833423,-2.540004,-5.576801,-4.981840,1.872975,3.257194,0.052234,-3.185776,4.693863,3.499721,-0.737496,-2.300350,-0.746484,-0.359461,0.798845,-5.590641,-10.880051,5.211524,4.935780,-4.412536,2.008863,5.524749,-1.349803,-7.896184,-0.354034,-8.412469,-12.550457,-3.891380,-4.549871,-10.594586,1.287255,2.033412,-3.031763,-6.830991,0.221265,-1.692367,-2.217584,-13.157064,-5.788581,2.466702,2.312335,-1.776140,0.291791,4.711545,2.335668,-5.704285,-3.298113,0.466174,0.401493,0.467804,-21.868526,1.532485,6.470837,1.583501,-1.319848,5.428945,4.937833,-1.778750,-3.675750,-1.337212,-2.858971,-2.380591,-1.450799,-13.550181,0.755211,5.069643,-0.806452,-6.250582,2.392637,2.358343,-5.453827,-5.015810,-8.033220,0.117297,3.875892,2.778298,-0.495384,2.970134,6.209178,1.299337,-13.288355,1.038167,3.099921,1.766128,-2.185843,-1.193664,4.931212,6.094666,4.030526,2.623077,4.380548,5.775186,1.012676,-7.677357,1.625059,4.648616,3.316465,3.391630,4.902246,5.169806,6.692381,4.812927,0.365332,3.914044,1.512879,-6.856668,-10.195889,1.687151,4.200495,-1.696760,6.375819,6.384683,-3.301782,5.769719,5.607851,-13.110638,-2.714443,3.660056,3.093387,-4.961708,7.593051,6.894237,-1.997938,8.111339,6.766796,-15.283573,1.724325,4.281935,0.826063,-0.686944,6.736565,5.727042,6.250236,10.478703,7.066744,4.328846,8.927240,5.149260,-5.747176,1.197283,1.529031,-0.723963,6.560452,7.302022,1.044435,8.769577,10.351553,1.000731,4.557337,8.513017,2.379048,-1.803847,8.377809,6.761587,2.415128,11.073995,10.458109,1.710218,10.455992,11.556252,2.479721,5.981796,10.465783,5.895879,4.527328,11.519138,9.407472,5.586943,12.152384,11.329204,5.022460,10.081897,11.160130,5.623633,6.116560,9.235818,6.243376,4.857374,8.924719,7.610527,4.474242,7.193573,7.507067,4.820516,3.343377,5.079198,4.834884,3.765606,3.644634,3.979530,3.385531,4.794378,5.302740,2.432914,-1.418532,3.363924,4.713852,1.281284,-2.017809,3.822179,5.151767,3.700295,3.568996,4.388918,5.174665,5.788468,4.747268
[0;32mI (72200) ANALISIS_ESPECTRO: Frame exportado | t=71.55 s | pico=203.1 Hz | 29.4 dB[0m
SPECTRUM_FRAME,72.571644,203.125000,30.077900,hann,512,3.851990,3.672048,21.429741,30.221319,27.365440,14.142487,25.513456,24.868492,15.759106,26.679813,27.423344,14.707895,27.346289,30.077900,21.360292,24.073982,29.317341,24.115389,17.765577,26.595018,24.114136,14.939178,25.294664,24.320534,13.548956,24.294054,24.702839,12.661153,22.206888,24.635910,16.187508,19.745680,25.058510,20.121252,14.405335,23.846132,21.309488,1.767475,17.933733,18.043736,9.074203,6.152530,9.197228,6.441455,13.900948,16.721334,10.189274,11.172609,17.831867,13.782284,5.723288,16.304523,13.350802,6.143761,15.943998,12.700414,1.217118,13.460714,11.266809,-7.581689,11.284286,12.428589,-0.146358,12.901832,16.888353,9.229683,13.162315,18.724178,12.419519,12.830734,20.235794,16.595825,7.799676,20.974064,20.571959,2.980772,18.826040,21.214432,12.908766,15.359215,18.966108,11.954446,16.260941,20.241589,13.496055,14.135553,22.288969,19.860012,-2.303853,20.641094,21.213318,10.467436,15.968141,18.655281,11.577547,14.917145,17.532066,9.426536,13.612883,19.486221,15.562311,6.079484,18.439751,17.496775,5.595968,15.399541,16.132654,6.936793,13.837986,15.337875,4.847991,11.140204,15.086628,8.570536,3.229620,11.619041,8.827464,-31.973379,6.943337,8.153747,-8.648671,9.456707,11.718452,1.355308,9.996184,13.313982,5.219464,7.540047,11.909870,4.685205,1.830139,7.110001,-0.266965,1.013884,6.284328,1.021499,2.668415,10.945925,8.004338,-1.937691,11.457906,10.247913,-13.881563,8.192316,9.435175,0.760433,3.715133,8.632010,4.459683,5.838170,9.710693,4.887489,5.900278,9.499716,3.543480,-1.617110,6.796971,6.903049,0.668953,2.853400,10.102428,8.199834,4.924073,10.221500,8.662385,5.816100,7.907023,3.374593,0.267441,4.155345,2.289567,0.067132,-2.073569,7.751863,6.926165,-5.939623,7.949379,6.816968,-1.316195,5.049505,-0.455204,-1.587733,2.246668,0.015785,-0.658032,1.185739,6.133055,1.031068,0.416167,5.982630,-0.646669,3.424971,1.608221,-2.010319,5.431434,1.034768,3.274964,3.613921,4.262921,6.292903,-5.250123,4.987515,6.049584,-3.535328,6.184162,1.999718,0.917643,6.346107,-0.743188,0.493876,1.747083,2.319752,2.667977,-10.868721,2.685423,4.688092,3.798938,3.575370,3.085014,5.771131,3.207366,-2.903711,3.045428,-3.436905,-6.015643,-3.794043,-5.968007,-1.344667,-2.334782,1.940429,0.667828,-1.221758,2.121539,-1.443325,-5.351048,-1.488273,-10.635305,-14.767470,-6.605894,-1.714521,-4.567317,-12.587688,0.527768,-0.207619,-7.170911,-3.256320,0.709990,-2.883459,-0.095905,-0.418979,-3.615835,3.341221,-0.163628,-9.155735,1.461179,1.935074,-4.425371,-4.170210,4.776676,1.281426,-1.425898,7.556398,3.230915,-0.061988,7.911341,2.319681,-1.496405,4.976542,1.897199,-2.152485,1.266384,5.901333,0.238870,1.346240,7.677779,1.034584,-1.034958,5.356004,-3.552878,-4.918295,3.429041,1.900676,-6.654806,7.457593,7.769165,-11.446400,7.487371,7.864131,-11.877291,2.507128,0.098988,-6.181144,-1.409212,4.490996,3.501315,0.616050,9.449334,7.100958,-3.835840,7.828949,5.334386,-16.987101,-0.368379,-9.768738,-3.029002,2.897787,4.331307,-0.649610,4.771714,6.485769,-3.273662,0.282296,-0.781692,-8.220825,-21.524889,1.160236,3.234882,-1.838952,6.848651,6.534090,-1.269069,5.347799,3.991041,-12.298717,-3.940375,-28.579262,-3.239698,-3.367117,3.126215,0.729093,2.266854,4.663831,-2.569782,1.264439,-2.224318,-9.608423,-1.441435,-2.474923,2.309875,2.013035,4.961828,5.101926,2.401795,6.563553,3.133358,-0.276514,5.023436,-5.226988,-0.450633,2.119648,-5.361307,-2.201977,2.058179,0.896678,-16.848028,2.307246,1.266472,-3.747637,3.057890,-4.696889,-0.617208,2.329666,-1.033547,-2.783602,-3.464513,3.637621,-2.393680,0.444497,4.402430,-2.632141,4.221806,4.197764,-17.189625,2.603470,1.311613,-2.073111,-6.625205,-2.825186,0.660735,-4.605866,3.258109,-0.514588,-0.419389,4.577389,-0.356417,-0.547553,1.536798,-3.181435,-1.065826,-7.067448,-6.076669,-5.360556,-8.497371,-4.036621,-16.576675,-1.626041,-6.572624,-5.566187,0.191105,-0.337253,-1.166312,-1.967407,1.569337,2.331991,-7.659159,-1.575676,3.157143,-2.820698,-7.276213,3.920588,1.976557,-11.120645,5.234351,5.439885,-13.792199,4.413548,6.944225,-3.586018,2.014851,6.759927,-1.258849,-0.483238,6.044673,1.011580,-8.534226,3.560698,2.774937,-8.643609,-2.021953,-0.404407,-2.819058,0.306401,-5.295748,-3.720707,-0.239216,1.509934,0.728937,-13.273321,2.568142,2.886123,-3.628353,4.307205,2.135823,-4.732737,5.493987,4.976098,-8.708370,3.305542,7.935815,2.927203,4.683030,10.030761,5.094740,7.839737,12.018473,5.591428,6.979724,12.734819,8.537168,0.028204,11.962011,11.365504,-2.661586,10.540934,12.895809,5.128592,9.480726,12.828094,6.364966,8.921906,11.890391,4.785567,7.248768,12.377611,7.673773,2.630631,12.603220,11.063022,1.571287,10.900675,10.389333,2.555212,9.215731,7.055929,-6.465144,7.518701,9.487900,5.603056,0.596318,9.800465,9.497384,-1.066228,3.780325,6.246147,1.779226,2.605928,-1.426281,-6.915136,4.788622,7.823446,4.983244,-2.219742,6.201430,6.329545,0.912702,-14.347564,-7.959152,0.225616,6.744939,7.562323,-4.564650,6.944875
[0;32mI (73220) ANALISIS_ESPECTRO: Frame exportado | t=72.57 s | pico=203.1 Hz | 30.1 dB[0m
SPECTRUM_FRAME,73.594005,203.125000,30.897474,hann,512,-20.309439,-1.162492,23.066532,31.389629,27.745922,15.037781,27.352001,26.049347,12.971339,27.396212,28.595407,16.048283,27.881763,30.897474,21.770201,25.321373,30.284069,23.953066,20.517048,28.071880,24.034313,15.724541,26.702236,24.832085,10.438980,25.410967,25.814209,11.989598,23.503166,26.162090,17.030968,21.696146,26.446264,19.952137,18.250540,25.201553,20.616800,10.163860,20.246399,17.709908,1.237658,11.730304,12.971534,5.559528,15.148914,17.326714,8.253922,13.840244,17.642481,10.690789,7.170601,14.071006,10.187091,0.147701,12.854246,10.948958,-3.897251,12.225580,11.505745,-6.145875,9.832930,9.289999,-17.973244,9.094178,13.576632,7.106166,8.781115,17.849276,14.276264,9.820551,20.139408,17.367411,9.508188,20.747156,18.680298,1.938621,19.005527,19.294622,5.112843,14.812986,19.497442,13.159303,13.002932,20.125481,14.990498,13.574142,20.743826,15.854713,9.887781,19.843214,17.973080,-14.499491,17.321297,18.792648,8.006188,15.155941,17.863377,8.290006,13.742094,16.987122,7.030807,9.459687,16.609297,13.697989,-4.583169,15.657547,15.754728,5.795493,14.503936,14.349882,5.620484,12.778393,11.959780,-27.850056,8.102345,10.823448,7.476812,-11.608494,8.943099,10.964886,5.947147,8.158610,9.423190,8.799696,10.488963,5.907606,5.337187,11.171564,9.547244,-2.107949,7.974054,11.477812,7.839786,-6.832644,9.500892,8.959308,1.442909,7.534673,5.657666,1.659645,9.842907,9.303254,-7.626650,9.665433,12.209015,4.563905,7.344410,11.705317,5.256907,5.619116,10.884222,5.291764,-0.484586,10.704887,9.986667,-2.929961,8.212145,10.814581,5.225616,5.334393,7.505308,2.881674,5.917237,5.963514,-7.487247,2.058598,7.634832,5.188373,-14.625645,4.865095,5.986857,1.306010,-0.359431,-1.098345,-0.535167,3.501155,0.802049,-5.038322,3.227129,6.862505,3.683263,-2.875347,7.396550,5.780838,-10.206361,4.303984,3.898353,-8.727133,-1.386887,-0.785271,-14.637574,-2.278684,3.076435,-1.016710,-2.849428,6.258258,3.613738,-3.114426,6.237462,3.881585,-1.178238,4.456874,0.528373,-3.378157,2.038230,-1.399003,-13.835619,-1.252317,2.263447,-3.367904,-1.742620,4.913633,0.044626,0.883967,6.245339,0.744773,0.265199,6.150909,1.397492,-4.524983,3.997523,3.496014,-1.271272,-1.872284,5.428214,3.079052,-4.986121,5.421143,3.157897,-1.099815,3.560789,-2.138058,-3.561963,0.649828,-3.679261,-7.398298,-2.344787,2.956925,-1.981646,-0.910708,3.835454,-1.987513,0.369540,0.648895,-8.727393,-2.842219,-12.060231,-5.451681,-10.992618,-1.932237,-0.322950,-2.882847,4.876060,0.522840,1.758831,7.148970,-0.207732,2.509801,6.454262,-1.103887,-1.243105,3.313958,-3.746800,-7.649122,3.478743,0.651257,-5.897057,6.047930,6.017737,-7.220044,4.435421,6.641607,-0.838377,-1.815992,3.502421,-1.506560,4.687635,6.854282,-11.181783,6.836129,10.054285,4.267650,3.493170,8.503133,6.059494,-9.453331,0.550086,-1.086093,-3.899045,1.944440,1.486716,3.164441,4.517263,6.755594,6.616377,1.585680,3.903913,5.429910,-3.498321,-3.392601,-4.415100,-6.949150,2.133996,3.862588,2.001816,-1.687550,6.427371,5.619764,-4.636340,1.219328,3.664096,2.442857,-1.523324,-11.522607,0.719182,3.425783,0.247507,-13.012382,0.756918,2.257876,-3.873004,-1.185353,-4.839222,-0.049641,1.040542,-9.304556,-0.042064,-2.028349,-3.822535,-2.703512,-17.474163,-3.750636,-11.892518,-2.108472,-2.410861,-7.266031,0.639912,-6.273940,-4.039087,-3.256243,-12.827394,-2.489518,-14.158421,-2.457952,-0.832450,-1.493005,0.865574,-5.442530,-0.982103,0.030633,-8.318528,-5.780692,-5.093432,1.827840,0.691516,-3.881342,3.276283,3.478933,-2.623057,-0.371449,0.791629,-7.040381,-7.926312,-3.403974,-9.755991,1.441177,1.807446,-2.469189,3.178166,2.739557,-0.669367,-1.764186,-2.016817,-5.144915,-11.438871,-14.462364,-11.958328,-3.386970,-0.023194,-1.045176,-9.739900,1.289797,0.669713,-6.701766,-1.228826,-2.155669,0.121167,-0.204604,-12.670500,1.786318,0.542168,-5.743501,1.817996,-3.215384,-1.122541,0.558923,-11.751619,-1.538495,-1.694366,-11.202293,-3.940121,-0.212579,-3.640399,-3.695534,2.948601,0.310302,-4.415776,2.439583,0.195935,-3.839369,-5.465879,-6.648757,-1.524398,0.641859,-3.025939,-1.202439,4.875597,3.115583,0.865037,3.262655,1.861848,2.580127,1.914430,-16.323868,-0.087613,4.548897,2.031832,-13.797293,3.599541,4.480821,-6.659113,0.903387,2.820046,-8.715410,1.504750,5.869246,-0.479589,-0.532462,7.331057,3.471874,-3.796883,4.916112,0.462837,-3.475244,5.191154,3.759180,-12.115099,7.348282,9.488673,0.083339,6.033668,10.278563,3.129270,4.175416,8.830066,0.719396,4.913134,10.797398,6.078870,2.782541,12.722560,10.595437,-6.103685,11.794119,11.160193,-18.304676,8.804253,9.772745,-3.245417,6.798613,11.103320,5.710509,4.552095,12.527761,9.317850,-3.320499,10.536776,8.455277,-10.572228,3.913704,1.621699,-8.517295,3.857166,6.525590,-0.492826,5.010018,10.504531,5.851951,-1.660278,8.695549,6.170326,-4.089127,-1.243759,-2.200423,0.354321,2.441715,0.363912,-6.652743,4.589701,6.210465,-1.674126,-1.821797,3.901222,2.215494,-9.726263,-1.389704,0.794867,-2.860785,3.634590,4.669719,-3.360770,2.793935
[0;32mI (74250) ANALISIS_ESPECTRO: Frame exportado | t=73.59 s | pico=203.1 Hz | 30.9 dB[0m
SPECTRUM_FRAME,74.616376,203.125000,30.411800,hann,512,-15.779528,2.926383,22.742662,30.684727,26.860592,16.135931,26.582022,25.203085,14.929171,26.939869,28.242241,17.569221,27.390358,30.411800,21.474380,24.476053,29.467556,22.751513,18.863623,27.002995,23.154213,14.481855,26.053562,24.891565,13.501133,24.794621,25.347719,13.486959,21.666935,24.201344,14.195524,18.558783,24.282673,18.411274,15.601320,24.162569,20.780556,10.709431,20.894709,19.040022,6.161781,12.225766,10.192574,-1.599445,6.414757,10.802983,0.853053,11.369093,16.417463,9.362327,12.325047,18.438457,13.197871,10.847773,18.917011,15.312795,5.229163,16.922709,15.582305,0.032357,13.225480,15.819645,8.386025,13.610956,17.701263,10.636950,14.574752,19.742252,13.403429,11.693789,21.004431,18.456879,5.666635,20.699570,21.039841,11.502112,18.734396,20.582520,12.383218,16.474308,18.953487,9.116833,14.222517,20.199240,15.017900,10.687905,21.081543,18.636490,8.537866,19.526228,18.416182,5.285716,15.739831,16.378792,3.110233,10.301474,16.061111,10.717796,8.203594,16.138205,12.016835,8.618881,15.145020,9.600764,3.873813,13.311185,10.942468,1.897268,9.341589,13.261278,7.870452,2.433407,12.384392,8.057417,3.040815,9.331310,3.042738,5.186280,8.274531,-3.747082,3.894240,9.037270,8.031388,-2.508187,7.969977,11.046437,2.080718,7.596821,10.103573,3.619633,8.835422,8.887035,-12.128381,6.614042,9.969790,5.239868,-7.172055,9.602016,9.302684,2.242660,9.755448,7.751894,5.216093,10.326767,6.755815,2.309904,7.512370,8.439449,5.097114,-3.505973,6.952214,7.627160,2.332793,6.048043,5.281077,5.725441,7.885784,1.030360,2.681317,6.625564,4.236058,-7.695735,-1.128389,4.991944,1.741619,1.097776,5.319331,2.649574,6.171976,8.104607,-0.768913,4.472324,8.463526,4.200137,-7.256752,3.945787,6.659522,0.345143,0.987326,6.456875,2.330733,5.211123,7.487032,-3.567807,3.256662,6.835165,0.911397,-2.815000,0.311397,4.509352,0.422263,1.665792,5.249145,-0.143987,5.078155,6.399044,-10.794664,2.789450,5.352716,-4.678642,-1.542027,0.140061,0.404772,-4.332985,-1.318938,2.070695,-10.340000,-0.077856,2.773757,-8.232270,-1.046114,1.399262,-8.146639,-2.524318,-1.974511,-14.170655,-3.961814,-3.513913,-10.982843,1.103692,-0.891373,-9.918762,2.979286,0.673960,-14.960456,0.167012,-0.858923,-2.929688,-14.356351,-0.696918,1.988470,-3.312912,2.645684,2.069109,-0.261806,3.287301,-3.354110,-1.729097,0.616524,-5.261744,2.878108,-1.480426,0.303798,5.626245,1.264381,1.206960,2.905860,0.282103,-0.917815,-9.830673,-2.547730,-7.975756,1.036369,3.046303,-4.227139,1.983854,3.986444,-3.239311,-3.893718,-2.972405,-7.007901,-13.511296,-2.971336,2.231976,-0.621046,1.528611,4.215047,2.432850,-3.804509,-1.282599,-2.955474,-5.218081,-0.040322,-1.130688,-0.474840,6.052547,7.223855,2.311375,4.809737,7.993850,4.341301,-5.651866,3.880322,0.296242,0.510151,3.374528,-5.914217,2.514256,6.339131,5.622218,-0.632511,5.106146,7.366872,-2.393008,3.667796,5.683291,-7.418466,4.994059,4.153726,-6.366409,4.059377,3.822820,2.360234,0.170000,3.086258,4.385270,-5.572351,2.991739,1.644122,-7.861580,1.768619,-11.344194,0.621557,-2.494168,1.521653,6.342297,-2.676058,4.944460,7.914483,2.578792,3.736988,4.234281,2.994784,1.159599,-8.239762,-4.591057,0.994954,5.457221,2.046977,-2.082737,6.797467,5.798338,-4.189610,1.083495,1.123816,-1.680398,-5.708425,-3.241337,-10.201545,3.947951,6.750795,-3.804845,4.407587,7.305334,0.349846,-0.589640,1.313025,-4.367203,-15.764687,-5.378632,-3.172685,0.893073,4.876013,1.818899,3.502116,6.375020,0.953655,1.614487,3.393528,-6.583646,-2.809030,-4.159138,-8.338612,-5.212105,0.522936,-0.132177,-5.886149,3.013318,0.034898,-2.623374,3.095661,-6.225669,-0.475193,1.526817,-1.546197,-0.312698,-6.232528,1.367691,-2.497150,-5.465546,-1.066100,-12.050401,0.128542,-2.855976,-2.893094,-0.526722,-4.735686,2.713691,-6.327426,-1.403284,3.529681,-7.559469,3.290752,3.748879,2.902162,2.454390,5.099749,6.146379,-2.061429,4.567809,6.500954,-6.452453,4.580430,5.808023,-11.451691,5.971414,6.632950,0.735360,4.655823,8.560169,3.794780,1.293807,8.972093,5.664260,-0.051626,7.313147,7.161636,0.544942,4.197068,6.605973,0.739144,1.943928,5.971067,-0.962641,1.231320,6.425662,3.711611,-1.616184,4.802207,5.777738,-6.532682,2.938214,3.986743,-14.983706,4.190096,5.817945,1.859218,1.987003,8.051682,7.221456,-13.229847,7.880388,7.498398,-3.763760,9.381587,7.215643,-1.736778,10.733091,10.922761,3.714608,9.042620,12.545322,7.846256,4.436482,11.899123,7.963511,2.519972,11.685604,7.943231,2.545035,11.823265,11.156236,3.634572,10.205229,12.746211,6.644366,7.140000,12.485543,7.445175,4.506984,11.886980,6.861206,2.273351,10.873927,8.285173,-0.045104,8.651928,9.573853,1.633542,5.659070,9.010472,2.425791,2.927691,7.821760,-2.543044,2.803752,7.613564,2.610447,1.572981,7.691434,7.140857,-2.679760,5.843172,6.819293,-2.615791,1.739804,3.181898,-6.287539,3.152719,2.426033,-4.089195,3.426541,3.974884,0.105264,-2.980556,0.918044,-2.217493,-7.449974,-11.675166,-10.341717,0.436577,-0.649467
[0;32mI (75260) ANALISIS_ESPECTRO: Frame exportado | t=74.62 s | pico=203.1 Hz | 30.4 dB[0m
SPECTRUM_FRAME,75.638726,203.125000,29.878147,hann,512,-8.495301,0.396015,22.454462,30.274944,26.028051,16.633169,27.033154,25.345793,13.709136,26.668621,28.039644,17.613514,26.525864,29.878147,21.248112,23.968567,29.249413,22.571617,20.051289,27.621399,23.269814,16.350739,26.453243,24.727095,13.883024,24.492514,25.165253,15.036832,22.120667,24.942873,16.378563,20.853535,25.531799,18.428947,17.880184,24.661390,19.931244,10.340496,19.986542,18.159983,7.438033,14.087744,15.308987,10.218645,16.651028,18.399529,11.331474,14.668898,18.278318,12.515645,5.823627,12.796846,10.056229,-3.064168,8.195889,2.934223,5.207088,11.286810,4.296895,7.195827,10.785104,5.206129,5.938711,7.389517,9.886822,2.634691,3.852644,14.223279,6.703294,9.384790,17.831133,11.672015,10.072150,19.119247,16.276453,2.940441,17.167242,18.130053,2.100516,13.571308,17.471897,8.235735,14.046670,17.694674,4.460638,13.281236,18.855135,12.378443,6.899784,18.266285,17.113443,4.408093,16.914024,17.492191,9.621355,15.565975,15.656018,5.213330,11.848701,14.554801,2.303290,3.440454,15.431193,12.154435,7.865186,16.189354,13.713965,10.125082,14.827850,12.180843,6.032365,9.798265,8.982290,-7.208606,-7.539007,6.180647,5.666487,3.232224,7.359450,5.837677,6.152833,8.257381,4.607225,1.481135,7.722094,7.966535,-6.545102,6.202858,10.150328,4.839318,5.413002,10.310301,5.323539,5.661543,7.773743,-1.531282,3.012105,0.450100,0.195660,-4.154457,5.604187,8.528138,-0.006560,10.249029,10.868144,2.064338,10.371372,9.459153,-1.219537,6.404289,4.595253,-4.112103,-5.476814,6.328781,3.081808,-0.309992,9.347667,4.987726,3.104621,8.552577,2.773834,1.378747,5.139084,1.219061,-6.012606,3.727271,4.841399,-9.001832,4.130994,5.559690,-2.231050,1.248781,1.586843,-2.600890,-8.702551,-13.829297,-20.863951,-2.883907,3.406025,0.943333,0.942305,6.493727,7.255890,1.718696,4.492638,8.203936,1.853130,-3.391474,3.449410,0.061457,-4.249963,-6.112712,0.751980,-1.414454,3.903813,6.418387,-1.899551,3.196223,7.974463,-0.237352,-4.599936,5.839576,1.097728,-6.858737,5.511827,2.466589,-6.689162,6.813391,5.774957,-16.095978,3.907831,6.430556,-3.257663,-1.076357,3.570360,-0.572366,2.677262,4.654147,-5.565039,3.290515,6.720454,-3.274276,-0.420486,4.350190,0.607830,-12.111492,-2.036337,-0.938109,-14.142796,-0.429631,3.151843,-6.192299,0.841704,6.228400,1.969872,-0.077373,5.496256,3.635078,-0.340558,1.926643,-0.773441,-5.764575,-2.408314,0.564826,-3.468742,-5.707035,5.569401,5.067117,-0.358128,5.641227,5.573101,2.252957,2.802141,-2.171950,-2.930741,0.617823,1.662567,-0.622187,-1.688800,6.940563,5.918966,-0.121149,5.950301,4.558361,2.962743,1.468230,-16.119648,-0.345016,3.394393,4.310730,-5.807200,4.368062,6.952099,1.402226,1.657325,2.852841,-3.540825,0.215827,1.428061,-0.088936,-1.019648,7.831125,6.999035,-1.565862,9.021782,6.780455,0.808975,6.472167,-1.432878,-1.409080,0.009510,-1.318904,1.476287,-4.855323,5.906982,5.068677,1.240086,6.402387,3.169879,3.248668,2.844992,-8.654036,-0.534040,-2.684029,-0.501863,-5.239920,-0.397613,4.046414,3.421769,1.332718,3.771284,4.584117,2.229582,-2.346538,0.506294,1.324708,-5.851369,-17.130266,-0.598971,1.763168,-1.075627,-0.055374,0.452840,0.539283,-1.414501,-12.255520,-6.398574,0.084267,0.941448,-2.102038,4.891623,5.179511,3.273710,6.118577,4.119268,3.157413,3.392907,-6.720407,-0.897129,-2.438325,0.381184,-2.226488,-0.180003,6.281240,1.775439,0.554123,6.694460,1.846602,-1.456192,5.145574,-0.401063,-3.135442,5.197111,1.079039,-4.713377,4.858539,1.946649,-2.372802,1.117019,0.938665,0.275532,-6.581156,2.060353,0.737201,-7.423158,2.245946,-1.796467,-5.112928,-2.765372,-5.071216,-2.359536,-15.030785,1.092971,-0.322159,-4.238298,3.335495,0.075883,-5.284107,1.088960,-3.692968,-7.973421,-7.270174,-9.085483,-6.316388,-27.494276,-0.873966,-0.387579,-19.986225,0.695177,2.725213,-5.305180,-0.763655,1.360732,-3.336536,-3.968946,-7.202354,-8.382598,-6.325646,-7.763467,-1.711311,0.396918,-1.566787,1.292899,2.150962,-2.992023,-1.299498,-3.347726,-14.841852,-7.896029,-6.427179,1.405502,-6.070729,2.637698,5.018154,-7.483685,3.829046,3.170955,-9.704122,2.579006,2.053657,2.697556,0.580654,6.234443,7.194635,-5.167641,6.552351,6.633176,-15.193727,3.831117,-1.141956,-6.320871,2.350464,3.390059,-2.029888,0.352745,6.368345,0.369906,-1.771278,0.958611,-4.621087,2.186142,2.316622,2.584600,1.365627,7.310787,7.619597,-10.454300,6.367016,5.373051,-3.608606,5.099393,-0.096375,2.507139,6.736279,9.346570,5.961941,5.999372,11.057070,6.072514,3.770440,9.217187,1.869008,3.825763,9.370965,9.137333,3.572456,10.797489,12.970915,2.636475,10.297861,12.193885,0.332570,8.279490,8.565576,3.062722,4.305665,8.481335,9.173135,-3.857835,8.873171,10.277693,-3.927169,6.714536,5.831862,-5.548026,3.215733,-0.403716,0.589019,-5.761719,4.740685,4.994589,-5.293261,2.269379,1.565708,-0.739207,-1.267233,-5.648218,-3.991863,-0.469665,5.847738,3.185735,-11.582446,5.209841,4.918577,-1.486223,-10.371852,-2.943795,-1.708096,1.962681,1.189288,-9.835249,2.948336
[0;32mI (76290) ANALISIS_ESPECTRO: Frame exportado | t=75.64 s | pico=203.1 Hz | 29.9 dB[0m
SPECTRUM_FRAME,76.661090,203.125000,30.006409,hann,512,1.342245,3.753263,20.431807,30.095264,26.351824,15.681996,26.465952,25.069122,15.275032,26.759171,27.720201,16.164898,26.459759,30.006409,20.663233,23.166431,29.351982,22.555836,18.895401,27.462608,22.959612,15.578774,26.487600,24.735126,13.427144,24.853647,25.700306,14.848838,22.560270,25.620075,15.751846,20.747301,26.217337,18.780996,16.901814,25.416672,21.288975,10.261227,20.910112,19.649122,10.053673,15.997663,15.927848,7.535615,18.038651,20.337746,10.172072,16.020819,21.111164,14.803094,8.690835,16.860598,13.529892,-0.148631,4.834921,4.429766,1.323922,-1.930872,-2.561260,-0.318521,2.280340,1.628711,-1.025360,4.165533,7.482452,-2.555500,4.467566,10.756212,-2.186652,2.192421,14.334730,9.385732,-11.639480,15.594291,15.584699,0.428762,12.548435,15.996989,5.304984,7.359406,11.889887,-2.655242,7.872452,16.478968,9.329306,5.312456,19.156784,16.574423,4.572839,17.297112,17.370476,5.929024,12.434492,14.034089,-0.005396,9.458639,14.953148,5.912155,8.316345,16.724771,12.376488,7.910581,14.831524,11.576187,6.529868,11.911130,7.814863,-0.738940,9.727891,13.148945,4.621981,5.971500,13.812719,10.503351,5.701884,8.988544,8.768369,6.726240,6.588414,-9.839244,2.731396,9.957952,10.928635,-3.088417,9.469749,13.947948,8.084431,6.632425,12.129703,8.624380,4.481806,6.412833,-0.004870,0.018692,7.453101,6.710641,0.638581,9.658813,11.016409,6.599109,8.791746,9.020689,3.996153,6.847086,5.204705,-4.868700,1.989211,10.143914,9.039430,4.447415,11.193724,10.971193,8.012127,9.377626,6.655794,5.315392,7.159143,0.432201,0.754619,1.579260,8.281191,6.671934,-3.051412,8.284103,7.407605,3.073958,3.475095,3.234132,1.835732,-0.706771,-6.775747,-0.202836,-2.143215,0.582427,-1.003721,-7.183096,3.506682,0.395993,-2.178042,1.391216,1.228978,1.207801,0.827031,-11.209740,-4.096656,6.133108,5.987916,-1.380720,7.475340,10.790264,7.118134,7.102508,10.101711,7.620640,5.990018,4.811176,-1.120507,0.131522,5.723444,3.216835,1.773263,9.305125,9.054195,6.626051,9.871798,8.254688,4.202749,7.063234,4.781955,-24.045712,-0.999065,6.929477,4.310244,4.709580,9.911694,6.724895,5.623996,10.184087,5.691686,-3.632719,5.792079,5.013168,-0.375188,-3.151281,3.814876,3.957080,5.196393,4.047901,-1.009201,3.901632,3.453704,-9.896974,-2.448356,-6.639574,-0.217891,0.780917,1.245606,-0.086665,-3.235600,3.438638,-0.373470,-4.684978,-0.091881,-8.489541,1.018765,1.847832,-2.902297,-2.041042,-2.193099,0.667271,-2.379573,-1.095319,-4.396991,-1.476642,6.519473,6.391974,0.844943,5.296429,8.311153,6.283473,-4.207257,1.703546,4.430315,3.758493,4.525443,-6.297143,4.285910,9.024719,7.678748,2.460182,5.247408,8.092919,5.087907,-5.657229,3.494461,-0.537889,6.282570,9.391887,2.334504,5.767767,10.830220,9.263698,2.809209,5.647236,7.875113,3.983274,-2.881648,2.304565,-3.323742,4.986115,7.293664,0.243440,2.256531,7.400567,5.758295,-8.368256,3.577037,3.926055,-5.608517,3.779336,4.871006,-9.093526,1.529864,5.814404,2.201396,-9.723619,2.176468,2.351296,-0.509850,4.666491,-2.120209,-1.378665,5.171695,2.232068,-9.801241,-0.186706,-0.670536,-7.106968,3.471488,1.821966,-7.546237,4.460931,6.936519,2.724133,-2.259536,4.354977,4.637076,-5.974435,1.163265,0.277234,-3.215261,7.270720,4.343142,-2.430818,6.783978,6.930217,2.978367,0.188126,2.157595,2.908237,-9.150007,1.154613,2.168509,-13.847452,6.015149,7.017107,1.464973,2.857002,7.923260,5.598741,-16.662750,3.298527,4.065671,0.515998,-2.031329,-7.174321,0.042531,2.653755,-2.068513,-4.158879,-0.009878,1.900017,-3.244972,-9.444624,1.131649,-5.387653,-2.845960,2.228714,-0.137621,-3.827857,3.392157,2.965436,-5.847180,1.116601,1.938073,-4.495869,-6.394691,1.648958,-3.427747,-3.395648,4.363826,3.170985,-4.492861,5.925981,5.148563,-8.367252,4.180395,4.330289,-1.864250,-6.432512,3.317188,-0.926958,-1.949142,0.050276,-0.305627,0.916899,0.319105,-8.065825,-3.253164,2.084076,-1.821878,-8.620132,-0.374713,3.239207,-12.681207,2.188241,1.002164,-10.960568,2.394773,4.863768,0.976802,-3.282473,6.651797,7.643723,-10.522865,4.048733,7.829128,-5.295322,4.835935,3.257546,-14.064865,5.164587,8.079967,1.344041,0.484068,9.041471,7.829155,-17.325922,3.432106,6.269361,-5.334219,3.494687,-3.420976,-6.148323,4.860017,6.901063,-4.698767,-0.916044,5.063816,0.479794,-3.787040,-2.522527,-15.378285,0.552921,8.450593,7.186917,0.587123,8.679204,10.550079,2.142532,4.630151,7.392170,2.872777,2.842097,8.806325,1.463690,2.036761,12.041437,8.206712,-1.688727,10.144032,9.580593,-7.274456,7.091350,7.887234,-1.299024,8.002213,11.983116,3.553896,6.632103,13.460325,6.947145,3.589705,10.716061,5.845959,-0.150733,7.503906,3.668860,-7.404761,6.854571,7.597307,-7.679585,3.459076,6.153064,-15.650528,3.016382,1.212327,-0.881499,3.792701,6.155751,6.124171,1.291577,5.194705,6.023720,-5.789720,-3.210272,-4.627173,-5.943041,-1.037332,0.862410,4.188762,1.139011,2.463698,5.427145,0.548889,-22.263157,-3.509786,-4.332346,2.258939,2.986489,-4.126146,3.557999
[0;32mI (77310) ANALISIS_ESPECTRO: Frame exportado | t=76.66 s | pico=203.1 Hz | 30.0 dB[0m
SPECTRUM_FRAME,77.683451,203.125000,24.721634,hann,512,0.457026,0.201395,17.710453,25.811327,21.944143,13.883764,23.559856,21.984184,11.837206,22.302761,23.230724,13.045825,21.353294,24.721634,16.060833,18.996740,24.667145,18.199726,15.702685,23.320702,19.084412,12.859530,21.726997,19.737314,10.715960,19.794685,20.242176,9.872569,16.721704,19.832777,10.890183,13.584438,19.281311,12.866022,12.589789,19.990902,15.904787,11.946893,20.577374,18.733141,10.645163,19.488787,19.976179,10.017282,16.429621,19.472979,10.396600,13.434100,19.093603,11.904791,12.871284,20.619881,15.759874,11.721177,21.424545,19.085245,10.116855,20.340607,20.489429,10.312892,18.054415,20.490170,11.034036,15.593134,20.178175,11.686477,12.386129,19.745771,13.607519,8.194563,18.849178,15.910118,6.950288,17.860783,17.491123,7.942512,16.411129,17.948235,8.050740,13.197894,16.718904,7.295155,7.196734,13.616606,6.470253,0.095837,11.062302,7.611364,1.201016,11.325746,10.153941,2.350322,10.976446,11.654681,2.517366,8.903447,11.752205,3.430916,5.105627,10.790319,4.926043,1.543275,9.924282,6.630218,0.612249,10.003431,8.624125,-1.054943,9.447158,10.326590,-2.012640,7.691216,11.607589,1.900760,5.918273,12.651718,5.996522,3.864342,12.641794,8.265080,-0.059371,10.545671,8.317858,-7.031122,6.170679,6.814270,-19.238001,2.860933,7.552361,-4.807624,2.184426,9.399352,1.287833,0.319485,9.198038,3.793890,-1.882761,6.818634,3.460021,-3.302974,2.850376,0.661359,-5.822011,-1.340826,-0.234706,-18.999352,-2.949711,4.019391,-5.306103,-1.935773,6.813412,1.659781,-0.672186,7.601256,4.072405,-1.032069,6.714686,4.229816,-4.247155,3.787707,4.222335,-16.925962,-2.280202,5.070485,-6.637865,-6.846961,5.763993,-0.752103,-5.150580,5.935190,0.604975,-4.192076,5.135218,1.753454,-4.120232,2.847669,3.639991,-9.733806,-0.274130,3.794876,-10.309792,-2.029381,1.455395,-5.568372,-1.618329,-1.676989,-11.885323,-1.481006,-0.127707,-4.134138,-3.971721,2.841115,2.572627,-3.951801,4.388661,4.357414,-0.403584,4.223128,2.909944,-1.088463,2.209327,-1.575723,-10.501350,-2.313286,-1.858425,-6.822642,-7.386301,1.806297,-0.429659,-3.681910,2.998123,0.151788,-3.460998,2.664311,-1.240839,-8.360841,0.625710,-1.654342,-13.979733,-5.395080,-3.229791,-16.813782,-17.281626,-14.874432,-9.158162,-18.974495,-6.204214,-7.045906,-12.090513,-1.383422,-9.827832,-5.179935,-1.579358,-2.304020,-5.217163,-2.066518,0.838991,-0.615387,-4.786419,-0.751720,2.199519,-6.417078,-9.952806,-0.562006,-0.152559,-5.752665,-10.124195,-0.039395,-0.593211,-1.777758,-2.871396,-3.778262,-1.484005,-0.915105,-6.399311,-10.134801,-0.500116,1.900915,-1.732904,-0.853779,2.559487,2.010534,0.437519,-1.677015,-1.717569,-0.301680,-9.081242,-9.057740,-5.389075,-11.642819,1.803533,-1.487961,-4.901147,2.044732,3.248001,-0.478528,-3.407190,1.978752,2.280480,-8.709409,-6.552627,1.863407,-12.321588,-1.004793,-4.761151,-13.145859,-0.509362,-2.135033,-19.819561,-11.375753,0.341440,-4.136769,-8.028835,-6.148242,-1.117214,-3.999011,-3.446884,-8.216490,-3.227575,0.118711,-5.195377,-4.129201,-2.339625,-0.651266,-5.602032,-6.981205,-3.971848,-7.945988,-5.295176,-2.372824,-14.583496,-2.466407,0.706002,-1.152853,-1.519526,-0.637281,0.338733,-0.783031,-6.737447,-3.221665,-2.880934,-24.784403,-2.751560,-8.277120,-12.747270,-2.330963,-1.032242,-8.848752,-7.406316,-1.325383,-1.178738,-19.032673,-12.624745,-0.477681,-7.180884,-5.177586,-6.648314,-3.735161,-6.248834,-5.160472,-7.310231,-14.633270,-5.334325,-9.496595,-5.022602,-9.805489,-5.450842,-6.587396,-2.491625,-9.410302,-6.544268,-4.879704,-11.896081,-4.497487,-8.972246,-10.094748,-7.336303,-1.797301,-2.213181,-9.585114,-2.943797,1.042044,-7.590227,-9.705399,-1.156846,-10.662697,-15.928794,-4.416576,-10.294489,-10.509912,-2.026789,0.099614,-2.330942,-2.821321,2.417287,-0.236008,-2.115147,0.288470,-2.938920,-2.522123,-0.566280,-14.264919,-12.640042,0.346750,-1.780922,-7.110635,-3.860905,0.904570,-2.223271,-5.035954,-1.351336,-3.471292,-1.931513,-0.568243,-7.271439,-5.454156,1.137295,-4.286234,-22.170750,-2.450065,-3.594220,-14.540680,-12.139100,-7.852440,-12.322565,-7.002637,-2.285818,-7.332164,-8.879026,0.340991,-3.298733,-17.701113,-2.683785,-3.355219,-23.458569,-20.375834,-13.338100,-29.388121,-6.526950,-4.390675,-13.189850,-2.699459,1.965877,-4.488563,-4.254406,2.590730,-2.012711,-13.045020,-2.634483,-5.927759,-16.288351,-9.695782,-8.574135,-7.587137,0.944966,1.586213,-3.090395,1.417338,3.695461,-2.177412,-4.866414,-0.203431,-8.116218,-11.916677,-10.677943,-7.940881,-3.409306,1.185899,0.860204,-1.758097,1.140487,1.678973,-3.305506,-8.735292,-6.476436,-6.812233,-2.437911,-2.055031,-0.273103,1.005025,4.230090,3.142028,-1.463977,3.178258,1.798011,-8.811853,-6.792708,-8.095599,-2.931339,-0.423741,0.247088,2.630142,3.279171,4.837444,4.327953,1.144031,4.025756,2.091528,-8.629521,-2.081196,-8.670793,-6.752025,-6.235633,-3.540760,-0.235180,-1.458624,0.558642,1.387563,-3.202446,-1.685378,-0.099201,-8.613096,-11.210279,-4.989141,-4.674816,-11.469035,-8.468924,-5.563560,-4.408475,-12.054405,-23.758484,-4.532049,-13.216809,-4.549132,-7.344170,-5.605729,-1.481263,-1.394039,-4.992085,-3.635904,0.628321,-1.863138
[0;32mI (78350) ANALISIS_ESPECTRO: Frame exportado | t=77.68 s | pico=203.1 Hz | 24.7 dB[0m
SPECTRUM_FRAME,78.705837,2515.625000,-13.667670,hann,512,-27.698799,-16.409327,-15.656347,-16.942522,-16.358307,-14.767409,-13.774462,-13.840296,-14.944342,-16.524349,-16.865480,-15.457052,-14.091111,-13.675520,-14.345421,-15.854107,-16.987549,-16.178320,-14.600224,-13.724513,-13.921098,-15.130118,-16.671545,-16.759228,-15.261255,-13.985113,-13.699237,-14.492517,-16.048939,-16.999195,-15.988006,-14.444710,-13.690053,-14.017004,-15.322642,-16.795715,-16.627350,-15.070640,-13.893924,-13.738649,-14.651781,-16.236494,-16.976881,-15.791655,-14.301630,-13.671339,-14.127545,-15.519651,-16.893057,-16.473801,-14.887417,-13.817830,-13.793655,-14.822121,-16.412630,-16.921469,-15.592856,-14.171863,-13.668432,-14.252234,-15.718523,-16.960232,-16.302929,-14.713326,-13.757105,-13.864124,-15.002172,-16.573059,-16.834908,-15.394829,-14.056046,-13.681325,-14.390492,-15.916185,-16.994904,-16.119095,-14.549828,-13.711927,-13.949785,-15.190295,-16.713427,-16.720182,-15.200387,-13.954701,-13.709984,-14.541538,-16.109144,-16.995806,-15.926483,-14.398134,-13.682441,-14.050348,-15.384488,-16.829531,-16.580988,-15.011897,-13.868250,-13.754344,-14.704436,-16.293537,-16.962891,-15.728981,-14.259181,-13.668717,-14.165410,-15.582392,-16.917662,-16.421499,-14.831371,-13.796980,-13.814257,-14.878011,-16.465197,-16.897371,-15.530102,-14.133750,-13.670793,-14.294456,-15.781226,-16.974789,-16.246078,-14.660487,-13.741152,-13.889538,-15.060798,-16.619757,-16.801552,-15.332924,-14.022459,-13.688680,-14.436847,-15.977792,-16.998865,-16.059029,-14.500603,-13.700919,-13.979945,-15.251069,-16.752903,-16.678669,-15.140110,-13.925776,-13.722306,-14.591759,-16.168491,-16.989029,-15.864473,-14.352832,-13.676397,-14.085132,-15.446703,-16.860554,-16.532614,-14.953942,-13.844091,-13.771585,-14.758162,-16.349327,-16.945627,-15.666175,-14.218081,-13.667670,-14.204679,-15.645214,-16.939171,-16.367620,-14.776297,-13.777679,-13.836373,-14.934813,-16.516062,-16.870241,-15.467509,-14.097051,-13.674742,-14.338026,-15.843708,-16.986025,-16.188072,-14.608747,-13.726753,-13.916464,-15.120167,-16.664330,-16.765501,-15.271446,-13.990330,-13.697596,-14.484462,-16.038830,-16.999428,-15.998221,-14.452583,-13.691481,-14.011582,-15.312368,-16.789835,-16.634861,-15.080505,-13.898349,-13.736179,-14.643122,-16.226862,-16.978891,-15.802080,-14.308832,-13.671938,-14.121365,-15.509210,-16.888664,-16.482355,-14.896836,-13.821454,-13.790373,-14.812906,-16.403721,-16.925177,-15.603329,-14.178349,-13.668192,-14.245331,-15.708048,-16.957493,-16.312294,-14.722233,-13.759920,-13.860024,-14.992476,-16.565088,-16.840191,-15.405188,-14.061786,-13.680248,-14.382893,-15.905862,-16.993912,-16.129026,-14.558146,-13.713923,-13.944901,-15.180218,-16.706614,-16.726868,-15.210484,-13.959670,-13.708078,-14.533291,-16.099173,-16.996601,-15.936780,-14.405806,-13.683600,-14.044690,-15.374145,-16.824093,-16.588867,-15.021631,-13.872429,-13.751612,-14.695582,-16.284121,-16.965448,-15.739440,-14.266163,-13.669044,-14.159006,-15.571923,-16.913765,-16.430332,-14.840641,-13.800356,-13.810716,-14.868624,-16.456556,-16.901602,-15.540544,-14.140003,-13.670286,-14.287333,-15.770793,-16.972584,-16.255642,-14.669218,-13.743704,-13.885199,-15.050969,-16.612122,-16.807310,-15.343209,-14.027962,-13.687338,-14.429030,-15.967569,-16.998438,-16.069098,-14.508726,-13.702642,-13.974819,-15.240894,-16.746490,-16.685757,-15.150107,-13.930500,-13.720145,-14.583305,-16.158669,-16.990395,-15.874830,-14.360292,-13.677290,-14.079242,-15.436316,-16.855579,-16.540815,-14.963541,-13.848010,-13.768605,-14.749130,-16.340126,-16.948738,-15.676645,-14.224842,-13.667727,-14.198036,-15.634748,-16.935799,-16.376709,-14.785408,-13.780788,-13.832587,-14.925281,-16.507704,-16.874969,-15.477922,-14.103075,-13.673972,-14.330669,-15.833319,-16.984385,-16.197803,-14.617292,-13.729039,-13.911876,-15.110228,-16.657049,-16.771696,-15.281658,-13.995583,-13.696001,-14.476433,-16.028708,-16.999578,-16.008398,-14.460507,-13.692937,-14.006204,-15.302125,-16.783859,-16.642319,-15.090394,-13.902812,-13.733764,-14.634478,-16.217201,-16.980816,-15.812497,-14.316083,-13.672573,-14.115225,-15.498779,-16.884184,-16.490849,-14.906293,-13.825115,-13.787138,-14.803717,-16.394753,-16.928808,-15.613799,-14.184875,-13.667995,-14.238455,-15.697584,-16.954672,-16.321606,-14.731176,-13.762766,-13.855973,-14.982816,-16.557047,-16.845400,-15.415554,-14.067562,-13.679228,-14.375320,-15.895521,-16.992834,-16.138929,-14.566507,-13.715952,-13.940054,-15.170170,-16.699730,-16.733473,-15.220603,-13.964672,-13.706228,-14.525072,-16.089163,-16.997311,-15.947055,-14.413514,-13.684805,-14.039063,-15.363823,-16.818583,-16.596676,-15.031397,-13.876635,-13.748928,-14.686770,-16.274660,-16.967920,-15.749895,-14.273180,-13.669422,-14.152631,-15.561453,-16.909796,-16.439116,-14.849951,-13.803767,-13.807216,-14.859275,-16.447865,-16.905737,-15.551000,-14.146294,-13.669834,-14.280244,-15.760342,-16.970301,-16.265165,-14.677978,-13.746300,-13.880892,-15.041170,-16.604435,-16.812981,-15.353518,-14.033490,-13.686045,-14.421261,-15.957317,-16.997921,-16.079144,-14.516878,-13.704420,-13.969728,-15.230737,-16.740019,-16.692770,-15.160133,-13.935257,-13.718022,-14.574892,-16.148817,-16.991653,-15.885185,-14.367783,-13.678238,-14.073386,-15.425925,-16.850533,-16.548958,-14.973167,-13.851976,-13.765657,-14.740135,-16.330893,-16.951744,-15.687121,-14.231627,-13.667833,-14.191441,-15.624273,-16.932346,-16.385754,-14.794545,-13.783947,-13.828831,-14.915768,-16.499306,-16.879612,-15.488353,-14.109131,-13.673244,-14.323359,-15.822916,-16.982639,-16.207521,-14.625864,-13.731380,-13.907330,-15.100297,-16.649717,-16.777813,-15.291883,-14.000878,-13.694441,-14.468451,-16.018570
[0;32mI (79420) ANALISIS_ESPECTRO: Frame exportado | t=78.71 s | pico=2515.6 Hz | -13.7 dB[0m
SPECTRUM_FRAME,79.728208,78.125000,-120.000000,hann,512,-120.000000,-120.000000,-120.000000,-120.000000,-120.000000,-120.000000,-120.000000,-120.000000,-120.000000,-120.000000,-120.000000,-120.000000,-120.000000,-120.000000,-120.000000,-120.000000,-120.000000,-120.000000,-120.000000,-120.000000,-120.000000,-120.000000,-120.000000,-120.000000,-120.000000,-120.000000,-120.000000,-120.000000,-120.000000,-120.000000,-120.000000,-120.000000,-120.000000,-120.000000,-120.000000,-120.000000,-120.000000,-120.000000,-120.000000,-120.000000,-120.000000,-120.000000,-120.000000,-120.000000,-120.000000,-120.000000,-120.000000,-120.000000,-120.000000,-120.000000,-120.000000,-120.000000,-120.000000,-120.000000,-120.000000,-120.000000,-120.000000,-120.000000,-120.000000,-120.000000,-120.000000,-120.000000,-120.000000,-120.000000,-120.000000,-120.000000,-120.000000,-120.000000,-120.000000,-120.000000,-120.000000,-120.000000,-120.000000,-120.000000,-120.000000,-120.000000,-120.000000,-120.000000,-120.000000,-120.000000,-120.000000,-120.000000,-120.000000,-120.000000,-120.000000,-120.000000,-120.000000,-120.000000,-120.000000,-120.000000,-120.000000,-120.000000,-120.000000,-120.000000,-120.000000,-120.000000,-120.000000,-120.000000,-120.000000,-120.000000,-120.000000,-120.000000,-120.000000,-120.000000,-120.000000,-120.000000,-120.000000,-120.000000,-120.000000,-120.000000,-120.000000,-120.000000,-120.000000,-120.000000,-120.000000,-120.000000,-120.000000,-120.000000,-120.000000,-120.000000,-120.000000,-120.000000,-120.000000,-120.000000,-120.000000,-120.000000,-120.000000,-120.000000,-120.000000,-120.000000,-120.000000,-120.000000,-120.000000,-120.000000,-120.000000,-120.000000,-120.000000,-120.000000,-120.000000,-120.000000,-120.000000,-120.000000,-120.000000,-120.000000,-120.000000,-120.000000,-120.000000,-120.000000,-120.000000,-120.000000,-120.000000,-120.000000,-120.000000,-120.000000,-120.000000,-120.000000,-120.000000,-120.000000,-120.000000,-120.000000,-120.000000,-120.000000,-120.000000,-120.000000,-120.000000,-120.000000,-120.000000,-120.000000,-120.000000,-120.000000,-120.000000,-120.000000,-120.000000,-120.000000,-120.000000,-120.000000,-120.000000,-120.000000,-120.000000,-120.000000,-120.000000,-120.000000,-120.000000,-120.000000,-120.000000,-120.000000,-120.000000,-120.000000,-120.000000,-120.000000,-120.000000,-120.000000,-120.000000,-120.000000,-120.000000,-120.000000,-120.000000,-120.000000,-120.000000,-120.000000,-120.000000,-120.000000,-120.000000,-120.000000,-120.000000,-120.000000,-120.000000,-120.000000,-120.000000,-120.000000,-120.000000,-120.000000,-120.000000,-120.000000,-120.000000,-120.000000,-120.000000,-120.000000,-120.000000,-120.000000,-120.000000,-120.000000,-120.000000,-120.000000,-120.000000,-120.000000,-120.000000,-120.000000,-120.000000,-120.000000,-120.000000,-120.000000,-120.000000,-120.000000,-120.000000,-120.000000,-120.000000,-120.000000,-120.000000,-120.000000,-120.000000,-120.000000,-120.000000,-120.000000,-120.000000,-120.000000,-120.000000,-120.000000,-120.000000,-120.000000,-120.000000,-120.000000,-120.000000,-120.000000,-120.000000,-120.000000,-120.000000,-120.000000,-120.000000,-120.000000,-120.000000,-120.000000,-120.000000,-120.000000,-120.000000,-120.000000,-120.000000,-120.000000,-120.000000,-120.000000,-120.000000,-120.000000,-120.000000,-120.000000,-120.000000,-120.000000,-120.000000,-120.000000,-120.000000,-120.000000,-120.000000,-120.000000,-120.000000,-120.000000,-120.000000,-120.000000,-120.000000,-120.000000,-120.000000,-120.000000,-120.000000,-120.000000,-120.000000,-120.000000,-120.000000,-120.000000,-120.000000,-120.000000,-120.000000,-120.000000,-120.000000,-120.000000,-120.000000,-120.000000,-120.000000,-120.000000,-120.000000,-120.000000,-120.000000,-120.000000,-120.000000,-120.000000,-120.000000,-120.000000,-120.000000,-120.000000,-120.000000,-120.000000,-120.000000,-120.000000,-120.000000,-120.000000,-120.000000,-120.000000,-120.000000,-120.000000,-120.000000,-120.000000,-120.000000,-120.000000,-120.000000,-120.000000,-120.000000,-120.000000,-120.000000,-120.000000,-120.000000,-120.000000,-120.000000,-120.000000,-120.000000,-120.000000,-120.000000,-120.000000,-120.000000,-120.000000,-120.000000,-120.000000,-120.000000,-120.000000,-120.000000,-120.000000,-120.000000,-120.000000,-120.000000,-120.000000,-120.000000,-120.000000,-120.000000,-120.000000,-120.000000,-120.000000,-120.000000,-120.000000,-120.000000,-120.000000,-120.000000,-120.000000,-120.000000,-120.000000,-120.000000,-120.000000,-120.000000,-120.000000,-120.000000,-120.000000,-120.000000,-120.000000,-120.000000,-120.000000,-120.000000,-120.000000,-120.000000,-120.000000,-120.000000,-120.000000,-120.000000,-120.000000,-120.000000,-120.000000,-120.000000,-120.000000,-120.000000,-120.000000,-120.000000,-120.000000,-120.000000,-120.000000,-120.000000,-120.000000,-120.000000,-120.000000,-120.000000,-120.000000,-120.000000,-120.000000,-120.000000,-120.000000,-120.000000,-120.000000,-120.000000,-120.000000,-120.000000,-120.000000,-120.000000,-120.000000,-120.000000,-120.000000,-120.000000,-120.000000,-120.000000,-120.000000,-120.000000,-120.000000,-120.000000,-120.000000,-120.000000,-120.000000,-120.000000,-120.000000,-120.000000,-120.000000,-120.000000,-120.000000,-120.000000,-120.000000,-120.000000,-120.000000,-120.000000,-120.000000,-120.000000,-120.000000,-120.000000,-120.000000,-120.000000,-120.000000,-120.000000,-120.000000,-120.000000,-120.000000,-120.000000,-120.000000,-120.000000,-120.000000,-120.000000,-120.000000,-120.000000,-120.000000,-120.000000,-120.000000,-120.000000,-120.000000,-120.000000,-120.000000,-120.000000,-120.000000,-120.000000,-120.000000,-120.000000,-120.000000,-120.000000,-120.000000,-120.000000,-120.000000,-120.000000,-120.000000,-120.000000,-120.000000,-120.000000,-120.000000,-120.000000,-120.000000,-120.000000,-120.000000,-120.000000,-120.000000,-120.000000,-120.000000,-120.000000,-120.000000,-120.000000,-120.000000,-120.000000,-120.000000,-120.000000,-120.000000,-120.000000,-120.000000,-120.000000,-120.000000,-120.000000,-120.000000,-120.000000,-120.000000,-120.000000,-120.000000,-120.000000,-120.000000,-120.000000,-120.000000,-120.000000,-120.000000
[0;32mI (80490) ANALISIS_ESPECTRO: Frame exportado | t=79.73 s | pico=78.1 Hz | -120.0 dB[0m
SPECTRUM_FRAME,80.750538,5937.500000,55.291752,hann,512,58.256458,66.691727,50.840919,44.474037,48.069756,47.388950,41.431599,36.025978,35.725971,39.853977,36.598454,33.203358,36.475018,35.996655,34.088238,30.974619,32.750519,31.438751,36.151718,37.644188,28.940842,25.811611,25.597202,35.022530,34.017719,24.969713,20.692314,33.712860,30.317106,29.183498,24.798944,32.663036,12.659240,26.732613,23.710579,25.472393,26.190662,13.319535,24.450478,30.766762,37.391914,37.291428,31.902018,28.871738,34.785698,31.389315,17.048765,29.490669,32.065659,21.646509,27.997667,27.608175,34.391014,29.118120,30.602612,30.386501,31.955704,33.985249,18.745405,25.749590,28.322510,27.376005,31.525229,22.989111,17.813166,17.799919,23.399904,16.171490,24.876446,26.985474,26.347044,29.282389,36.257915,31.338661,25.932602,34.463356,35.286377,26.953835,22.236050,26.128103,31.807827,20.482094,20.671207,23.843897,30.290201,32.756660,30.044043,31.068596,35.917953,23.030787,27.591049,25.353813,25.409098,26.633204,28.339441,17.367899,31.275028,31.485249,23.335922,30.324974,31.264820,23.059141,20.844755,29.210697,20.304390,24.276608,25.039137,28.984421,27.694294,21.801807,26.001598,25.130478,31.188076,15.481204,20.941990,33.425346,38.235577,34.434128,29.989195,28.230747,34.748734,29.144417,9.533519,21.501081,23.454365,22.134531,29.338217,25.490875,31.127411,21.009262,25.647345,29.212971,24.845230,23.517456,20.989506,38.632076,44.824661,40.798317,29.203114,34.350479,37.553802,27.032734,23.733021,34.767822,36.882568,20.917585,27.414303,13.269277,30.838869,28.136997,32.046520,26.890102,36.795872,28.974857,26.244001,31.043018,34.822926,24.697874,21.014519,27.636824,27.423239,30.007048,20.926764,27.295155,32.284809,27.920948,29.342216,29.935472,20.992472,23.076838,26.841724,35.763279,34.181152,21.410843,18.288795,22.449120,32.178253,29.653950,22.582464,40.233799,46.692322,38.717468,26.710495,33.937904,32.954678,15.894742,16.273037,28.703941,39.345196,35.479401,23.954716,27.358248,31.203119,26.720514,25.439798,28.311289,32.925438,34.276814,26.045057,42.816372,49.940907,44.003021,33.563492,27.430391,33.695938,29.052872,30.820404,27.551271,30.656605,34.917988,27.479218,30.446379,26.966766,23.686302,23.826878,27.612307,29.107365,21.868658,31.051729,27.365854,17.549831,22.676373,29.753187,18.524744,36.775768,36.765141,30.152733,33.653137,35.504749,27.346361,32.135460,29.316311,33.503025,28.843395,22.496130,27.901096,34.643700,29.419044,26.952324,31.887180,41.505070,35.607590,27.804182,36.404861,40.441013,34.490288,27.223261,27.183933,21.805164,30.294937,29.055737,28.397665,39.188633,36.418308,30.486679,34.353840,34.516861,30.159630,13.454638,33.515999,33.182438,23.911543,25.423546,42.843307,48.491482,41.518433,25.434799,25.496042,31.842253,23.306084,26.333126,26.446625,5.063811,24.077389,19.468405,11.230637,25.772507,28.747868,25.909805,13.895386,29.855602,29.756983,24.749479,31.466980,28.401096,12.360143,21.159250,24.397697,32.103592,28.276958,24.814768,24.856491,12.337989,28.050917,25.994461,18.476683,23.306602,30.760201,28.174322,23.529373,30.332071,15.410742,25.261925,16.372103,31.157654,33.016159,28.124424,25.131733,34.296150,28.402733,30.015257,20.549892,31.339638,27.888546,14.747307,30.874496,39.414257,28.166792,34.207153,23.575665,29.003452,31.804035,29.360535,39.485725,38.528042,30.757431,29.640594,28.545343,38.407661,31.201761,27.885731,24.102245,32.064365,28.000084,18.760014,24.741272,31.736147,31.622841,27.907064,32.768005,36.097080,28.660490,12.509776,19.182285,20.219227,18.391193,17.806944,24.684809,22.090359,28.096455,24.446877,26.023041,28.407354,29.129658,24.013161,26.456097,16.204393,25.525095,25.958364,27.857979,30.085445,32.488297,20.176014,35.248360,36.011356,28.424419,22.112499,13.808338,18.596127,23.350166,27.309439,24.900990,27.521832,28.341423,33.023407,27.125443,37.302887,35.040161,30.125017,48.468800,55.291752,48.976295,28.284071,27.318333,33.392395,34.721455,27.240326,37.154430,36.353622,31.593065,21.867241,30.177261,33.008083,35.033081,29.709757,31.140301,27.085878,30.523430,35.046967,33.981934,30.242672,25.274128,30.450550,32.116920,40.554104,34.999355,14.818579,29.601730,26.766285,33.092827,32.432838,36.656807,34.108383,15.637955,27.265673,28.779961,35.150856,35.692726,28.435257,24.597229,35.062973,24.721739,28.041679,21.530104,33.698982,19.008030,27.130392,23.113806,30.380131,30.587580,23.309055,30.877518,36.269928,31.990646,28.830585,34.229721,30.920654,21.671793,32.004925,36.772808,36.617504,29.434841,26.342503,40.640255,46.851387,41.360306,23.240797,33.740559,28.729345,33.930252,33.644287,28.015995,37.706009,35.324528,19.940598,36.243225,36.907200,33.653683,34.927494,28.945158,35.953388,29.595104,-0.499667,39.846340,44.874454,38.253284,12.047142,31.376104,37.341999,25.242100,39.308540,31.874971,31.975229,31.456482,19.773705,29.607285,40.210045,38.158043,22.714954,20.972286,32.650715,32.398571,33.456017,33.397041,24.721870,33.461693,30.140507,29.484472,29.518703,21.019096,3.777930,26.410774,33.919827,26.060131,20.360525,28.313232,31.153803,19.890116,18.233658,32.738342,37.791924,31.361570,24.727602,28.971308,29.716761,25.237774,22.723969,40.222736,44.709167,40.551067,28.984108,31.998867
[0;32mI (81420) ANALISIS_ESPECTRO: Frame exportado | t=80.75 s | pico=5937.5 Hz | 55.3 dB[0m
SPECTRUM_FRAME,81.772902,78.125000,56.071247,hann,512,63.855320,76.874420,70.824951,62.718613,54.959953,56.071247,55.043152,54.603096,54.541092,52.444920,49.650673,48.160522,45.004677,45.066826,44.006763,44.451523,45.913818,42.557026,41.061951,40.188591,40.898891,42.180180,40.040810,38.195881,39.463516,36.928177,38.380093,44.018738,44.712852,39.042809,34.475002,41.819454,43.197372,39.114937,33.401657,35.951344,37.608570,32.020939,36.324020,41.565205,44.006798,40.918091,35.501743,39.667088,42.243820,38.590275,36.614449,34.884850,22.293901,30.863113,34.276920,32.843628,25.083788,23.665230,22.754496,26.811457,31.603708,6.718834,35.817936,39.751682,37.289669,29.030437,34.804070,34.741600,31.336678,21.436462,21.089958,33.202370,34.833191,25.615824,32.018879,39.557018,41.433201,37.766792,32.447823,28.443834,25.843218,29.521921,30.668648,30.883638,25.798943,22.597366,25.639017,20.808641,29.319931,28.299156,23.680668,32.773144,34.437977,25.901577,22.349182,18.065130,24.296558,31.592636,31.150814,17.028648,24.108675,25.932785,30.028130,35.718948,36.892780,29.676800,21.703588,32.844254,36.364143,33.357895,26.116081,22.751507,28.570278,34.711849,32.160240,23.947199,35.467564,34.237595,27.056538,30.925531,33.313431,32.669506,34.066246,32.290924,23.996693,35.117359,32.906494,32.024307,31.524082,29.324940,27.498745,30.623917,32.931438,32.569862,30.668297,21.627930,21.779617,26.903660,28.134132,35.323273,44.940582,42.786888,34.021461,30.224073,39.918705,38.564190,32.253719,27.011740,35.443653,30.983803,23.115753,22.179890,34.782524,37.317024,34.660557,25.794250,34.141380,36.631069,33.733124,26.660070,30.246433,30.155218,23.116972,29.716242,30.691383,24.235825,29.368971,27.615549,32.094238,30.285133,22.898449,37.550663,41.031322,39.368843,31.222260,29.704262,34.377636,28.610611,21.648869,31.612774,38.329815,37.497047,33.126755,37.583443,46.818066,43.100132,28.145065,26.289747,35.976070,31.318630,23.720371,28.326204,32.553471,32.158691,20.596373,14.849192,19.642103,19.944626,29.076736,37.090755,40.416405,35.594936,25.320583,44.317947,48.594112,41.373764,28.142750,28.635502,23.056877,34.339264,32.057381,31.373917,40.124668,39.643242,32.161072,33.707413,37.194649,34.118507,23.218386,19.235804,26.955898,28.153370,30.584562,36.096306,37.297592,34.882359,30.732502,34.204086,36.294540,30.192238,25.849541,38.730270,38.958210,30.511330,29.245708,32.629627,27.886440,16.201679,26.968697,32.411274,37.575943,32.568565,30.054008,40.838959,43.599533,36.621593,24.646183,38.500671,41.734280,35.420143,19.381220,23.929747,30.685350,34.274261,26.095984,15.163470,33.577686,35.603775,30.107401,30.617203,24.653885,21.480810,28.138802,32.976288,29.840050,33.050705,22.961264,40.360100,45.621964,37.359459,31.782257,41.311691,42.602356,31.653517,31.770458,39.137608,39.343330,25.729181,27.609701,28.514565,31.871849,28.270500,25.645559,32.649857,37.195202,30.449623,25.600632,30.809177,27.907915,10.464909,19.730087,22.329735,14.016500,27.534210,28.064651,12.206362,26.608370,16.064722,25.874363,33.703159,32.112228,26.384954,35.169273,36.953445,34.570683,24.986837,18.485821,18.425816,27.274170,31.209560,30.475647,38.307720,39.952389,32.968143,27.575996,34.128128,34.949501,24.745831,17.057226,30.386904,38.873802,37.718655,30.703754,28.831829,32.681816,30.930262,19.925993,31.942707,31.057236,30.692461,32.238609,35.583038,35.899879,27.140862,27.027414,29.443979,32.645763,33.331989,31.289322,23.800884,38.858372,38.697342,31.718124,30.002735,37.944023,32.375778,25.205292,27.881643,34.179558,36.017204,27.896957,28.294922,38.250549,37.945309,31.042946,13.681488,32.266827,31.681433,20.765486,28.055347,25.413094,20.518421,30.172722,29.608822,20.136683,27.454746,28.599709,32.133259,33.339504,24.222816,24.960693,29.011393,35.572388,34.276398,31.366796,26.278040,29.921940,29.977777,26.217291,38.031639,43.996311,42.087883,32.218559,45.671082,52.206490,47.448639,31.655863,29.795746,32.368427,12.065010,30.240145,30.517473,31.898533,33.898083,29.881744,26.963766,19.967524,27.395422,34.076294,36.808514,36.489605,31.994911,27.863443,29.917484,21.203358,15.868471,22.301247,38.511356,43.616943,40.135597,28.175161,39.437840,42.946465,39.788635,32.581959,33.006573,34.587879,18.941082,25.290691,32.379593,37.701317,34.816044,30.003099,38.640121,42.107536,37.726200,25.602055,31.544790,35.884357,32.190674,14.470642,31.736511,29.716722,27.921791,15.658802,22.339565,31.140463,30.020258,26.103291,36.303696,39.199593,36.574062,39.176991,39.101521,38.814045,32.922531,16.565569,38.729637,45.431747,40.546883,25.252380,36.901814,39.371727,32.691608,34.996391,41.526154,43.370377,39.375622,34.375378,35.484852,37.540516,39.432877,32.538612,24.339045,28.601397,29.514660,25.330452,31.533060,33.750248,23.373825,33.034767,38.858257,38.290981,36.634289,37.721500,33.259468,24.987839,21.078915,28.776871,33.395473,36.817894,36.375946,29.842579,36.193714,37.439285,30.130922,22.671333,29.206783,29.941841,28.525921,30.042797,29.251751,26.543634,35.896149,33.514030,25.148983,29.166130,30.006195,30.343254,31.854015,26.322407,31.510567,34.411060,36.394886,29.176247,27.212296,24.862078,22.017262,31.521090,26.022089,32.135689,39.033112,41.732250,30.661051,31.244339,24.000349
[0;32mI (82440) ANALISIS_ESPECTRO: Frame exportado | t=81.77 s | pico=78.1 Hz | 56.1 dB[0m
SPECTRUM_FRAME,82.795271,5937.500000,53.746414,hann,512,56.748001,64.650078,56.942974,54.769089,47.271786,42.466225,42.236362,37.241463,43.155514,45.056206,43.039635,43.026062,41.209026,20.984997,38.253227,40.482010,35.712715,22.080509,30.362808,28.505836,34.434238,37.850849,35.808285,42.452049,45.197594,39.539524,25.721781,32.749763,38.509132,36.287251,31.618168,31.779402,40.808998,37.051121,16.344387,32.493378,30.838051,31.866867,29.721455,39.681900,44.024502,40.032700,29.255692,34.766640,38.288452,27.745771,26.529589,34.263435,35.076557,29.160501,26.393467,34.280132,36.803036,33.509792,12.143763,33.775848,39.391373,37.261883,30.892361,14.800167,34.626625,34.716549,29.727306,29.944572,33.495850,30.376520,26.515209,32.475800,38.066975,36.507679,29.379406,29.404497,39.377243,35.505123,18.444706,33.484966,34.710598,25.078217,22.136553,33.585468,33.692669,19.664156,23.511852,27.697483,29.098127,9.844067,29.577011,34.625904,34.665672,29.136894,29.391325,27.812790,11.946892,29.876911,32.581303,33.544647,35.167065,30.435398,23.754829,26.766514,36.888885,34.424019,27.653225,24.713062,29.579727,23.669998,26.990768,32.831123,34.308945,26.611954,14.569143,30.574776,36.884026,33.700108,26.688061,20.610373,28.184013,22.198849,28.197666,6.688292,28.338913,26.320467,15.320534,28.146238,30.075169,27.836575,29.973434,29.253590,28.902042,24.969860,13.299922,22.818354,25.165710,26.946976,26.480816,39.613003,45.311005,41.039104,29.540009,36.858620,42.422890,36.327980,22.407608,33.446205,32.803207,20.421591,30.688517,20.283220,30.154953,25.236090,26.322805,35.478367,38.087765,34.862411,27.826588,16.470507,29.657957,26.385572,23.586910,15.941734,26.178789,28.704500,22.910135,30.103783,33.605801,29.087812,19.437340,33.873566,39.277721,33.688770,16.486099,35.786270,40.011253,36.148865,28.960903,30.884842,37.899162,33.831841,23.645573,42.471344,47.980103,43.700058,30.067320,30.084135,36.028877,29.285355,28.130650,29.175817,33.726261,33.331406,30.660446,25.075298,26.028101,24.044294,28.129902,38.121918,42.218929,38.304321,31.423189,44.599335,49.212116,43.198605,19.422071,34.629807,39.129745,36.486382,28.111155,34.644947,41.874485,39.595016,24.683258,32.651478,37.847740,34.877277,27.641891,24.694092,31.475136,30.778513,29.318127,33.797947,34.479057,28.655203,18.627089,34.227062,38.856998,34.036171,11.631243,34.575478,38.823410,33.744568,15.738653,33.013802,33.165478,29.951725,29.462168,24.708584,36.315571,32.908970,24.799770,38.064796,44.561352,39.834049,12.311955,35.427383,40.308018,34.741535,24.258530,27.916122,27.138657,27.744925,27.300245,31.096819,37.640205,37.887989,32.923767,29.109833,30.958330,16.632578,31.959373,37.045189,36.278694,31.832020,22.695971,42.594109,47.907963,40.324078,32.097317,38.909782,40.814247,34.556370,30.329283,22.894468,32.513573,30.768475,24.194592,16.079739,27.016422,29.628008,24.277514,28.620651,36.063980,32.352890,18.822336,27.671545,34.847088,32.546398,24.248829,33.197922,34.050995,29.537563,23.137560,23.255215,32.772049,31.807816,28.172558,34.883846,38.035740,33.029114,23.491804,21.956005,30.697075,27.894667,16.305244,17.358759,27.673370,15.742627,28.738411,37.352455,39.474773,32.232555,25.427376,21.582069,31.430126,31.696444,26.907364,31.969193,38.495304,36.911671,34.237682,31.117222,28.699551,16.441339,34.089828,35.696014,35.713936,33.445084,20.225830,32.577324,37.155460,33.098892,24.072409,27.016350,27.142210,24.203415,25.270561,35.711967,41.757793,39.001472,29.239994,29.804621,36.372829,30.293970,22.871626,18.815262,23.132523,26.398861,27.760288,36.845181,39.865322,34.141621,23.527931,36.850365,39.777370,34.722626,12.394147,32.002296,35.778671,32.385578,20.765633,30.378723,36.054298,33.286888,26.892712,32.030102,35.567833,32.940117,30.164196,24.493464,20.925762,24.357443,27.202282,26.237514,19.645121,17.383574,19.771643,36.157787,42.163166,38.467598,30.144863,47.386593,53.746414,49.235413,33.642147,9.242936,31.052334,35.703846,34.222683,22.968868,35.230171,32.304413,29.009676,35.264030,37.233784,32.497581,27.433044,34.161549,35.312477,30.267185,24.124901,24.039671,32.835640,30.525322,29.919289,40.784927,44.675964,40.310661,31.269808,34.563999,42.383884,38.291691,23.142990,33.941811,35.441013,24.732372,24.153912,25.052673,36.864086,34.042858,14.325351,36.136806,41.053169,36.763847,32.880379,38.875690,40.008549,34.781906,26.834204,3.912647,28.421650,31.024910,30.210600,29.043291,35.658424,35.309158,26.437262,34.229599,38.717476,33.249008,32.895210,39.851070,41.525249,37.890411,31.259089,41.851807,47.060776,40.742088,31.944284,39.638123,43.303928,40.925808,38.626663,36.787964,37.090935,32.674835,28.550627,36.630310,31.605618,36.165840,34.782310,26.656292,24.119970,28.161669,29.865562,34.461037,38.598969,34.393562,29.996662,35.882381,37.236027,13.801754,37.118336,35.027767,32.736839,28.705582,19.935705,26.320042,26.560932,21.815086,21.105871,30.462288,36.416622,31.466274,29.153662,31.607416,25.570721,21.122299,29.049911,28.608847,32.650982,35.213821,30.948896,28.544712,19.019545,25.663988,21.970701,33.313438,35.150852,27.920322,20.857471,31.726667,32.084938,27.700443,29.126785,26.007776,31.386166,32.406208,27.159733,39.353577,44.159370,37.627659,31.463690,33.628716
[0;32mI (83460) ANALISIS_ESPECTRO: Frame exportado | t=82.80 s | pico=5937.5 Hz | 53.7 dB[0m
SPECTRUM_FRAME,83.817624,5937.500000,49.110687,hann,512,22.123856,29.039488,34.565044,39.368050,34.969009,24.484615,27.068613,25.287397,30.174162,31.480350,29.507742,26.794315,7.336855,21.430012,21.036264,21.136713,27.998318,26.339794,18.168842,22.698669,27.825275,25.041237,26.398296,20.567875,32.522873,31.221790,26.132896,25.999542,33.560081,31.857986,22.775780,17.314585,15.485720,25.540865,24.321598,26.277151,26.819170,25.124796,25.916370,29.378319,35.786354,31.537764,13.805334,23.887701,26.073248,14.387796,20.144772,22.257786,-9.721989,22.727097,22.729916,21.622248,19.958193,27.144587,23.401741,22.359623,28.148890,25.939466,12.452830,28.125504,22.363279,25.231014,5.657879,24.707706,22.734106,24.619980,19.797165,27.534180,28.498138,29.795324,20.486727,24.427181,25.143181,28.911896,23.162380,27.921127,18.422895,14.713057,20.737019,22.077885,23.451771,25.217903,7.227309,27.997992,30.881561,23.529684,21.249847,22.621487,26.163292,22.069061,18.959700,25.609615,23.691196,6.178771,18.583096,21.528292,28.003540,26.947796,18.925316,26.497478,24.722822,21.959988,22.185036,25.986406,31.519365,30.075064,26.346397,22.092445,22.821255,27.686939,25.040434,21.623447,34.006718,34.096684,22.930851,21.805950,33.381367,34.079346,23.693808,24.598635,27.736828,28.817263,19.879120,23.942928,22.445400,24.931080,22.664663,13.417027,11.329512,22.757465,24.551735,26.776947,28.537975,17.276207,23.579926,33.547535,39.822124,35.592472,20.633640,28.217422,32.945393,25.906305,20.122435,25.541716,31.702927,28.700897,26.987782,24.456617,20.864305,16.243578,18.440363,22.055683,30.909235,25.496809,24.817562,19.456367,28.841524,20.715824,22.268522,18.468889,22.540577,16.534197,22.097578,25.910896,26.230097,29.941723,27.683125,19.160538,26.736935,27.966129,25.209101,20.229462,15.414482,25.486492,28.964861,30.860519,29.266966,15.542534,29.335457,36.769836,42.135143,33.777672,31.635361,29.394609,30.229916,32.403717,28.762375,29.419922,34.875927,33.087234,24.913692,29.088821,22.620121,21.975668,22.502235,15.597796,24.738358,30.413345,29.516014,39.146629,45.298065,38.448471,27.917633,28.303545,31.141874,21.336863,25.110876,26.421757,31.858099,27.117498,25.141808,30.594976,34.914532,34.268394,31.350071,32.662331,34.117416,32.199108,32.620350,32.872936,29.105894,28.479101,31.609552,30.363979,32.807041,30.262060,24.944307,27.459732,35.104221,31.188316,32.002979,33.928055,32.591957,31.053839,31.674370,27.955402,18.510977,21.846825,27.202850,25.635399,33.363640,26.944086,26.109375,21.001221,32.491974,27.880875,27.819574,30.717636,25.385115,14.969063,23.662663,25.550529,28.374809,28.426167,29.465736,24.103065,14.400960,21.643436,20.275673,29.693985,28.663200,22.307972,28.638805,39.206005,43.436264,36.016792,17.458441,31.532648,31.578297,16.540073,8.307682,24.749855,20.966814,10.029611,10.359350,25.656462,33.048561,28.864422,9.198231,24.976942,32.107857,29.402279,21.999567,28.203657,25.642643,24.597876,25.289476,31.179466,27.417223,24.299009,21.619301,8.150854,4.094372,17.224522,9.938261,30.283779,29.862503,7.091914,28.658882,32.763927,31.478764,29.979008,28.398529,24.308270,28.146429,30.853825,29.419361,25.587772,32.362309,29.651573,23.019045,33.667030,32.216965,30.604626,26.210316,24.126129,32.197865,25.090483,30.050999,19.169491,28.278164,33.166595,24.253475,30.772551,32.450554,28.772976,15.057592,28.515610,32.558559,19.076103,27.262577,21.059637,25.785524,31.600197,25.689257,27.153957,34.887718,32.524887,28.494320,16.225601,29.226377,23.662781,19.187634,2.749416,23.238602,23.098728,17.087559,23.288124,29.193495,29.099424,7.763338,20.497019,27.781851,28.880947,18.708824,24.461269,25.772633,28.897211,21.756390,23.007496,29.229290,26.697634,22.307995,29.612818,32.212929,30.674976,30.307467,29.812181,26.982908,22.010319,19.905327,22.874962,26.624332,22.565481,24.530453,18.272282,28.638285,26.188204,32.152256,42.355598,49.110687,42.259483,34.406345,29.875561,16.301758,26.167725,26.267838,18.911081,22.789057,22.954855,29.079346,32.579243,34.675514,35.070503,34.126572,32.698597,33.867905,35.740173,35.030182,34.706284,34.379974,32.104431,31.657057,35.344574,36.713963,28.997986,21.693554,29.604939,33.527477,25.022572,33.170746,36.034836,37.810581,34.039680,30.344112,29.130096,34.532295,32.700527,31.878563,27.453325,28.778580,28.692196,20.341286,29.194901,32.518623,25.180761,18.728279,32.047981,33.491123,27.428797,28.065832,28.561626,29.856022,32.187256,32.265072,26.895731,26.587687,29.570654,27.152557,22.120155,26.316854,29.387589,30.249725,36.905468,42.663338,34.663754,24.514454,22.199736,13.209509,21.982195,24.691820,29.532902,31.051044,30.864235,21.216639,29.881222,33.435776,36.542084,34.305988,20.263861,21.248034,25.023678,17.685213,34.988106,38.817394,30.012554,17.442726,24.788937,31.504417,34.137009,35.967934,29.274754,21.151743,20.567986,16.753904,17.641933,30.221827,31.876459,27.915133,26.393284,22.267847,18.765715,20.409765,30.344101,29.674301,28.420120,20.837688,26.746473,26.955069,21.084438,21.472883,19.253801,20.633097,12.912668,22.238880,28.832121,23.855879,23.609274,22.589600,27.865414,31.768398,29.006842,19.384872,25.848568,25.763971,19.247355,4.841044,34.843887,39.972057,36.004990,24.786144,26.654034
[0;32mI (84490) ANALISIS_ESPECTRO: Frame exportado | t=83.82 s | pico=5937.5 Hz | 49.1 dB[0m
SPECTRUM_FRAME,84.839984,5937.500000,52.063347,hann,512,-7.480395,34.056099,33.906437,41.866699,40.223656,27.785761,19.460596,24.817150,31.588709,30.512383,26.214096,18.798893,29.509045,27.470228,19.681902,25.802412,27.773262,25.090137,24.741411,20.782761,9.947832,7.244723,9.928903,27.862171,31.940701,21.322350,8.444217,25.564903,26.284081,21.063354,24.472864,29.745049,31.130011,16.897955,24.699722,23.872168,32.434978,30.422647,22.097197,31.511477,39.254803,34.547829,17.744177,29.461964,33.537216,20.623497,23.041771,20.016031,27.574799,25.230829,20.494247,12.274504,30.720928,30.708162,28.427738,30.656967,25.421787,1.781222,23.193642,19.441475,24.773455,26.026869,25.108078,16.290810,24.267822,21.458313,21.058022,24.403208,29.857206,29.878939,28.525635,35.206997,38.571709,34.081120,28.995255,35.134995,35.159744,24.679367,18.951988,27.234898,33.661579,30.962540,29.212086,29.168995,19.038776,22.138000,19.423000,31.940235,33.319477,20.744709,23.431366,18.428505,3.087903,17.664843,24.040010,27.142879,30.635647,26.255367,24.147743,29.700024,35.488743,32.411991,27.288788,26.782684,27.926544,24.469526,28.322699,20.909603,23.181345,20.246017,24.119373,32.434563,37.941544,33.941479,22.340734,31.989437,36.615036,30.415077,6.610935,20.105740,21.589600,23.386074,20.816616,25.151787,28.512289,23.315235,24.794250,29.627548,28.614614,16.634418,27.702259,20.788483,24.796585,28.884232,27.667454,36.694695,44.096447,39.332512,24.498808,35.516766,38.575676,30.801058,23.869448,31.860025,33.342400,30.474089,27.152681,18.171021,23.717716,24.803789,20.850363,26.969240,32.121933,28.943169,15.217651,24.976368,27.801268,19.371859,9.664736,15.682224,14.399483,24.447344,14.826617,22.570715,26.099281,26.440153,14.634957,30.436573,32.698128,28.302698,23.549356,25.649639,30.708597,19.229204,23.489735,27.691437,31.274788,26.293217,21.744526,39.807442,44.860287,37.899178,20.713036,30.733074,31.270432,23.562313,18.945047,26.227383,33.326504,30.507893,26.500587,21.113113,23.619793,28.098598,29.322781,25.035219,31.840004,33.852283,26.518082,42.406326,48.037281,41.168480,24.960947,26.797926,24.419462,24.504772,24.262133,25.266399,26.285666,26.525421,24.587900,25.087492,23.899143,23.574274,9.996563,24.113710,27.834057,22.689777,18.439060,22.994560,30.008884,27.424686,20.247269,21.183149,29.901312,24.855022,21.866875,27.918215,28.908325,18.724712,19.818241,19.291683,29.451445,30.441799,22.686878,18.042639,33.042160,29.869719,23.384573,31.175961,39.291080,37.026024,29.904909,36.040443,37.859657,28.874018,25.477215,27.430418,21.650904,29.658756,19.026569,21.565002,30.164270,24.217804,27.926609,21.335257,16.040689,20.163921,18.144129,28.648031,20.721367,23.917488,21.052847,40.604267,46.264805,38.978149,21.327785,30.680233,36.367294,30.424425,26.458130,32.700127,35.150116,28.318756,19.651594,23.800661,31.686127,30.395927,26.765182,33.395786,37.840248,33.789658,26.021019,27.523687,28.762121,25.110725,19.104574,24.420078,21.643030,16.907423,23.968548,23.308191,32.269264,29.391407,25.861750,19.006483,27.239231,25.485302,22.663418,25.903217,27.809368,21.381147,13.902030,28.242552,29.458977,12.584736,17.439211,36.835285,39.606468,31.709291,25.568676,21.624371,28.370174,26.145435,23.508261,34.878910,40.555901,36.011452,30.341318,22.708548,12.421332,21.047049,28.177902,31.351532,26.819580,33.197906,30.169365,35.610794,38.247559,29.502611,25.918518,24.685764,30.287861,26.949160,26.276772,27.524139,38.059940,36.371902,27.557766,30.894806,34.780914,25.169619,23.009743,18.983982,30.065590,22.870632,25.081465,21.720886,30.318573,31.956467,21.914135,21.331522,28.232128,15.554260,12.157988,30.574471,32.450569,22.523266,27.143030,22.304596,7.503396,16.961056,22.212049,31.739882,33.088158,28.595427,20.755920,31.460115,33.857731,26.412868,17.186092,29.130671,34.676727,28.174286,11.090198,30.826418,37.245476,30.323097,25.946140,44.981136,52.063347,46.509216,26.007662,21.332502,22.079592,31.093798,29.116707,27.741491,18.394386,16.992195,19.454708,29.161903,27.403316,22.759094,29.230921,29.991491,26.607969,18.168938,12.153507,21.609238,23.758535,18.043285,9.571447,33.946800,37.954117,28.373253,18.527725,32.314716,35.141979,25.898762,18.457380,26.352283,29.967222,30.332048,26.864372,27.563549,35.244659,34.335007,21.546223,25.963039,32.883686,21.873566,20.557911,31.926785,35.894112,33.213493,28.226204,25.190941,18.352655,20.189835,21.764118,28.343153,32.915028,26.547897,21.027893,18.427980,27.666323,32.358803,34.122295,32.078659,18.468086,24.944269,9.167933,37.691002,43.421272,38.456070,28.344717,35.239536,37.380108,35.309769,38.554630,41.054779,37.853512,29.169777,25.705011,34.350533,33.471256,35.292168,32.840218,15.544162,22.267033,20.776932,26.571964,39.606968,42.378258,34.287601,24.911310,33.827049,35.368923,33.334812,35.945889,27.853104,20.851173,15.380404,23.142891,30.175549,39.253201,37.046696,27.117584,26.405003,24.178844,2.075675,29.610937,30.838755,29.871414,23.766174,20.297653,25.294323,20.059868,29.936829,28.372211,23.672869,30.599468,29.181021,20.037052,19.959070,20.455980,7.778940,8.312088,8.554174,16.717854,15.939131,12.982536,28.082800,32.841057,28.768751,23.449251,38.884705,42.094501,34.700497,28.896158,27.115604
[0;32mI (85510) ANALISIS_ESPECTRO: Frame exportado | t=84.84 s | pico=5937.5 Hz | 52.1 dB[0m
SPECTRUM_FRAME,85.862346,203.125000,31.612980,hann,512,4.718925,25.101950,22.195652,13.350778,18.149080,26.216261,31.063446,30.544514,25.148483,16.629639,13.692381,23.702969,29.297764,31.612980,27.688370,20.524448,13.259707,20.006998,27.121103,31.395855,29.902138,23.852825,15.757808,14.674059,24.943132,29.979408,31.294144,26.743277,18.952049,13.110770,21.817234,27.945251,31.501392,29.182518,22.354885,15.497932,16.429363,25.950958,30.502806,30.825714,25.626469,17.835320,12.710606,23.368952,28.708683,31.386005,28.379898,20.825569,15.473015,18.578934,26.819658,30.807621,30.262421,24.322529,17.370453,12.413064,24.628963,29.357990,31.096077,27.449320,19.569551,15.193919,20.630665,27.618221,30.877573,29.621389,22.925966,17.394548,13.336716,25.671766,29.815445,30.690788,26.360832,18.872644,14.224438,22.365244,28.336060,30.745390,28.876236,21.658918,17.496538,15.636045,26.591070,30.034868,30.204330,25.158165,18.766865,12.265054,23.793823,28.901407,30.471687,27.993263,20.794464,17.253473,18.159760,27.422724,30.024548,29.626488,23.989254,18.982494,9.801322,25.014942,29.243618,30.106804,26.983822,20.475550,16.324047,20.333109,28.125124,29.837074,28.923452,23.075886,19.140480,10.207786,26.102200,29.337824,29.659348,25.941505,20.590418,14.382977,22.149395,28.625051,29.536022,28.084040,22.596775,18.928915,13.623182,27.051739,29.212917,29.100155,25.039942,20.852089,10.918808,23.718948,28.873236,29.155041,27.161144,22.556438,18.142311,16.843035,27.805120,28.930950,28.401443,24.464970,20.967026,4.950369,25.090145,28.869232,28.680946,26.287540,22.778795,16.640371,19.446045,28.305361,28.549095,27.582483,24.299232,20.729828,4.149137,26.235056,28.656124,28.078590,25.644146,23.020163,14.263705,21.604298,28.532963,28.085287,26.738531,24.461782,20.032562,10.837950,27.103783,28.295357,27.338686,25.369808,23.075748,10.595159,23.393597,28.511219,27.517864,26.036301,24.764973,18.839329,15.310677,27.671074,27.833431,26.519512,25.468578,22.819782,3.724244,24.812580,28.292202,26.823433,25.653372,25.014679,17.141994,18.520573,27.950191,27.281731,25.764582,25.809402,22.200911,-5.386976,25.855267,27.932627,26.027729,25.673340,25.070168,14.857302,20.937332,27.985397,26.630650,25.272346,26.210361,21.220701,8.731766,26.541916,27.471447,25.243444,26.028593,24.855820,11.558061,22.734709,27.835386,25.892811,25.196423,26.515938,19.898260,14.307255,26.919773,26.925743,24.667738,26.552906,24.350258,5.445224,24.011278,27.554268,25.150787,25.539465,26.626760,18.204519,17.764503,27.052952,26.314325,24.499069,27.073761,23.567202,-11.038307,24.853260,27.180119,24.574657,26.158831,26.497429,15.948374,20.098097,27.008581,25.697662,24.801483,27.464588,22.527866,8.385092,25.349049,26.741539,24.361193,26.865803,26.124252,12.553744,21.668823,26.843088,25.203876,25.463991,27.654171,21.217363,14.003564,25.588978,26.283546,24.601431,27.504034,25.528988,6.098013,22.678059,26.597099,24.995955,26.295116,27.618809,19.527370,17.164078,25.656309,25.895521,25.218704,27.973280,24.734707,-3.867539,23.278921,26.307392,25.170204,27.119080,27.370825,17.187325,19.102671,25.614378,25.706219,26.048264,28.226803,23.730915,9.185549,23.606388,26.033245,25.688143,27.810196,26.941832,13.621397,20.271393,25.503979,25.820526,26.928015,28.262842,22.439156,13.996241,23.772121,25.873276,26.426655,28.295944,26.355412,7.452161,20.940874,25.362967,26.246855,27.727722,28.112505,20.695288,16.521439,23.846329,25.939114,27.256220,28.554041,25.594383,2.684981,21.321592,25.258970,26.905022,28.353949,27.816870,18.239576,17.914703,23.861233,26.288977,28.063725,28.606495,24.583551,9.733427,21.565231,25.298256,27.689779,28.756500,27.392761,14.680550,18.679226,23.851788,26.893078,28.750952,28.503305,23.200876,13.464401,21.740637,25.581020,28.502676,28.934147,26.805763,9.586556,19.140545,23.900734,27.669218,29.244108,28.288748,21.304600,15.397348,21.862452,26.137236,29.249397,28.929844,25.974215,6.000566,19.489313,24.131136,28.525562,29.510319,27.962563,18.760536,16.501553,21.971388,26.919024,29.844223,28.805826,24.801968,9.133348,19.777855,24.634697,29.368408,29.566479,27.467457,15.494806,17.259207,22.182367,27.842121,30.229242,28.598597,23.217052,12.083125,20.010578,25.413975,30.103905,29.469660,26.717386,11.770275,17.865295,22.634102,28.809765,30.391525,28.283178,21.206263,14.032948,20.261877,26.402027,30.655876,29.281773,25.642950,9.263823,18.342707,23.388693,29.717905,30.365849,27.782459,18.852730,15.442856,20.684341,27.501606,30.987310,29.020176,24.229019,10.034966,18.725637,24.409245,30.472258,30.214472,27.014648,16.390337,16.461668,21.393745,28.598082,31.109867,28.635818,22.538540,12.158398,19.158112,25.608999,31.013741,29.984062,25.941536,14.298307,17.139202,22.389944,29.576221,31.073902,28.043701,20.714664,13.949862,19.813999,26.873644,31.333454,29.664856,24.597660,13.274150,17.626808,23.606203,30.351379,30.935946,27.178003,18.950165,15.084558,20.754168,28.070261,31.468597,29.191673,23.094334,13.476982,18.189575,24.952366,30.892208,30.715828,26.034430,17.456198,15.646119,21.930645,29.083212,31.477551,28.487808,21.583755,14.101696,19.039112,26.302320,31.222103,30.376980,24.687521,16.442028,15.945082,23.273251,29.850893,31.399164,27.514723,20.198517
[0;32mI (86530) ANALISIS_ESPECTRO: Frame exportado | t=85.86 s | pico=203.1 Hz | 31.6 dB[0m
SPECTRUM_FRAME,86.884710,78.125000,60.622574,hann,512,52.300728,77.597649,72.971176,65.079758,63.080498,60.622574,57.646202,56.621418,55.237652,53.734848,52.518494,51.660286,51.003643,50.211811,49.562073,48.683033,45.089439,44.089500,46.152630,44.575439,42.154724,42.171829,44.221916,45.052677,43.312374,41.258125,40.952072,43.547367,43.562790,42.485752,44.282684,43.941998,40.216831,35.350883,32.207352,37.106194,40.222641,39.627708,29.721167,34.594193,37.951435,37.800056,35.684784,36.738041,38.226910,38.021744,36.037449,24.385042,38.149998,41.148182,37.955860,30.697554,26.840874,15.073120,24.248238,27.744373,24.169662,26.550529,34.210079,33.571461,30.028526,36.309769,37.488766,35.657925,33.240589,28.305466,29.131489,30.967112,27.437027,21.718721,29.750956,33.118374,34.511322,31.929337,33.521217,35.183708,28.318539,29.693878,33.584930,36.612122,37.537201,31.394852,30.701405,32.575310,29.943878,26.867201,31.014095,37.282185,36.996387,38.004654,41.145473,40.653786,40.656242,41.002167,39.071972,37.021793,36.152134,34.367706,30.311716,34.177608,34.067337,29.499722,31.407270,34.773888,30.712780,24.155085,29.728130,34.059952,35.270752,35.926498,35.554184,33.589405,28.478725,35.222752,33.915707,23.770754,27.981201,31.078377,30.338087,29.314348,25.262329,24.942076,28.835413,31.145201,35.181015,35.470467,32.666458,29.058311,28.742788,27.449020,21.020500,31.213789,35.398582,36.833450,34.685390,32.802528,27.428223,19.330339,31.181896,33.412842,27.635941,27.415731,31.912519,30.470413,30.345533,37.249493,38.530136,32.131416,20.717508,19.196869,23.562023,31.864933,35.959545,33.219765,28.834753,29.163675,20.772438,29.617245,28.351219,24.850525,32.470135,35.160500,35.264584,32.494946,31.360838,15.614120,33.450096,33.035728,30.383640,28.162979,23.215372,30.912407,30.445719,29.935642,27.943169,30.954020,35.518875,34.570164,27.686138,27.045088,30.455090,32.639015,31.932495,25.578217,26.191738,32.720654,32.376156,32.804535,33.072285,33.193390,33.525787,31.394501,27.720921,25.530424,28.531708,28.806162,22.186201,30.586851,32.023235,30.619852,28.770296,22.208796,24.963705,30.776140,36.139351,35.549789,32.952011,29.480284,30.049913,32.765842,31.737030,28.890810,32.323566,33.964783,30.622959,21.242342,32.444969,35.692902,34.981762,33.926727,30.352371,23.265823,28.231058,37.252510,37.935898,36.332329,32.474251,11.422381,30.595610,33.710831,32.298542,29.914530,20.136387,27.518108,29.251156,15.444804,27.783371,30.088745,26.823465,30.619333,28.000988,22.505196,29.481548,17.016294,29.301445,35.143158,35.706596,32.407524,24.979097,25.914478,35.578159,37.249199,35.333111,27.563507,23.999554,32.143585,34.882259,30.083521,14.674598,26.863995,31.211048,30.038902,33.432610,34.922565,31.049726,20.150707,30.532059,26.504009,31.626175,36.154003,34.553329,27.900484,17.244722,21.481144,28.867580,36.504185,37.265926,33.009754,27.079905,30.692596,27.490980,33.540123,35.990635,31.263353,22.750496,29.421778,35.007366,38.320641,38.937855,35.435196,31.177212,24.246981,27.626892,28.750366,34.835464,36.448959,33.708183,22.709343,30.282501,30.894239,37.233921,39.515759,35.637363,23.394154,29.165199,21.721926,33.934254,35.380856,30.661068,22.839117,29.264765,33.808987,35.482323,32.982269,28.833164,18.543713,2.321782,26.384995,32.398060,28.128786,27.547310,32.466885,34.302650,33.572624,33.685089,32.561646,33.124531,33.593426,31.195326,24.521807,18.260477,19.606689,14.524493,24.272141,26.555387,29.501841,36.272228,36.797157,34.016518,32.798237,27.479847,16.210783,31.407207,32.499336,27.831657,25.973091,26.144009,23.358736,20.949831,19.731512,30.408054,30.153990,32.489296,32.241386,28.833029,24.127346,25.005758,23.453150,28.136429,31.901344,33.275146,33.001793,37.749756,38.608913,36.023525,30.462624,23.887074,33.194794,35.713860,34.944660,33.750137,29.784374,20.770435,34.708164,38.900227,39.917088,37.944305,36.048683,31.828209,22.920395,30.323870,35.502750,36.403381,33.469135,26.335028,28.351116,35.130642,37.777199,37.325905,33.601681,28.220459,28.443396,33.388802,33.905254,35.622772,32.865311,26.787508,19.403738,22.509579,27.121853,30.605543,35.233948,34.828461,33.611908,28.812943,32.584064,36.778217,36.397293,33.110939,29.468433,27.152309,34.800575,38.018379,39.594543,38.743927,33.580898,24.356079,30.093681,34.354370,37.638657,36.302586,26.963713,19.982912,23.699036,26.209467,31.746742,35.848888,36.559711,35.440983,31.839350,29.338644,38.597458,42.594872,42.387451,40.316120,36.039272,32.031719,40.747437,45.068100,44.385036,40.300770,39.045677,36.282032,37.562908,44.376762,44.881256,40.446541,39.065125,39.470455,39.670734,45.258240,47.451057,44.581104,40.292900,39.012028,38.513157,46.344086,50.095196,49.093380,44.053696,38.218044,36.514984,41.502758,47.049217,47.695511,43.200424,38.714813,37.112194,39.456371,47.590275,50.482414,48.010426,41.218758,39.889664,37.169357,43.280338,48.431618,47.611877,40.141979,29.572489,31.899500,38.709885,42.771820,41.593353,34.191566,37.033913,34.165306,34.173885,41.764141,44.740063,42.220005,35.333946,33.003067,29.326258,34.999233,39.174110,38.837391,36.597836,38.157421,37.420856,35.225292,36.113178,32.786861,25.453548,30.396828,32.810032,27.087627,28.339676,34.911724,32.892372,32.809597,33.084190
[0;32mI (87550) ANALISIS_ESPECTRO: Frame exportado | t=86.88 s | pico=78.1 Hz | 60.6 dB[0m
SPECTRUM_FRAME,87.907078,156.250000,75.138206,hann,512,58.993420,58.712658,82.719383,91.301414,87.550438,63.610382,72.929901,70.856140,61.565292,74.247452,75.138206,62.288727,64.324257,66.579269,56.646214,63.567574,68.587585,62.086224,52.909397,61.008980,56.524452,42.240112,52.755241,52.393822,49.886364,59.978493,59.767212,51.062721,58.432022,60.794369,52.982487,50.877819,55.133038,46.625271,29.886703,26.729891,29.248753,42.684399,54.236870,51.973881,44.689438,50.897385,50.959091,42.448956,52.161449,53.655758,39.547962,49.495869,52.379700,45.612091,39.616020,49.025417,46.378845,49.573826,55.159126,52.226227,43.722095,49.500164,47.677490,37.210835,52.598118,53.893108,42.693756,44.573524,47.214809,43.719616,49.548141,55.710320,51.809521,37.761185,31.730488,35.109554,38.449116,47.695614,50.151695,43.735596,42.038002,44.669632,39.228703,46.111412,52.407059,48.164078,42.255951,36.464893,38.719513,37.560738,40.290070,42.516922,39.953011,29.656937,40.424637,41.910576,45.225159,48.060261,44.104935,38.786812,29.875004,41.543636,36.380341,36.300163,41.843178,36.310654,37.231384,44.743687,46.759605,48.721943,49.330116,44.513107,39.491009,23.262520,37.702282,40.543598,47.443558,46.260532,36.415810,34.928680,41.805859,42.147102,45.520050,46.696342,42.494080,36.383789,41.042652,40.005028,45.225845,48.911430,45.276543,29.436783,43.751472,43.112190,32.148342,44.124069,39.125931,29.051250,27.550198,40.566708,36.980175,38.950073,41.612007,39.360703,35.868233,39.601337,38.091793,38.010468,43.728596,42.647366,40.552330,36.893661,28.382957,37.020649,42.821175,38.402309,25.484703,40.408512,44.722820,40.337608,31.167707,40.695259,42.868084,39.765060,39.253151,40.091167,35.092014,44.809624,43.114834,31.095972,39.791695,43.251076,38.329731,39.625233,35.608139,40.373859,43.240440,44.679432,42.508106,36.223251,39.816471,40.147835,40.502491,39.233154,40.384819,32.709717,35.767323,28.140013,42.410263,42.980606,42.357903,40.376617,35.745625,29.918089,42.031624,41.497551,36.369537,44.147034,40.580559,32.895958,39.151684,37.480659,29.616110,41.051750,38.539970,37.711227,37.911781,37.471306,27.467258,37.610340,38.307541,31.288214,18.844679,33.739418,32.267757,39.965023,44.635170,37.761662,32.460308,40.668571,39.209961,35.362751,39.614220,40.057701,26.816759,37.037460,39.911373,33.066216,34.149441,41.656456,37.016865,33.965641,39.487759,36.325909,35.050732,38.837402,35.696548,32.216393,36.585823,38.747070,37.707645,28.731697,36.542908,36.153858,30.396751,34.589584,37.856819,22.356985,31.701935,29.260445,3.418040,33.188778,37.232281,32.698833,39.089607,42.419495,40.488354,29.007114,38.247936,27.134655,43.375099,46.683144,44.145870,33.645370,41.845089,41.605740,40.361145,44.904625,42.105480,32.558071,34.913910,41.741325,35.082912,42.628368,45.145721,41.319637,16.740549,41.888237,41.973076,44.348431,46.564640,39.003933,38.376022,37.415676,43.609791,43.324448,45.190430,42.356514,44.442238,38.635929,42.158623,44.256790,40.730980,40.745216,41.755138,41.563992,34.976543,44.330593,39.703678,40.459457,45.206680,47.272984,37.315613,44.442425,43.374992,31.558706,43.133106,46.383430,42.636703,42.273693,43.810078,37.905487,38.852283,41.731628,36.790169,36.062527,37.217056,36.238056,38.309036,42.220493,41.584549,30.275303,34.923836,29.862091,39.137188,38.853203,39.688831,37.359692,34.267284,34.906937,37.638313,39.453808,36.253159,34.880947,30.507441,39.574886,32.015800,34.768063,39.901646,41.703983,38.200821,30.940092,37.332298,41.542049,41.993675,38.863739,37.076843,28.944799,35.948235,40.458332,39.961193,24.989162,41.884037,41.016350,36.500633,37.716862,37.653145,32.170628,40.538769,44.504936,40.324394,39.903397,37.493252,37.062439,34.472816,42.938599,43.129738,41.191540,35.122162,31.805563,33.957344,40.660282,42.605125,43.356758,41.957470,32.996456,33.731049,39.876846,40.563450,40.355087,40.576248,36.524014,28.460354,36.323425,42.889324,40.853802,43.203270,42.303612,37.126896,34.966019,30.895815,37.168594,35.711761,37.775833,35.975445,32.860203,37.309990,42.119209,39.794880,38.246502,30.124813,33.985252,30.132355,39.488605,42.421791,38.242310,35.272942,27.800171,32.522820,39.117687,42.717018,40.672985,33.244289,27.069485,30.593102,34.443569,44.137821,43.467365,38.424583,31.425549,29.921558,31.757736,46.001289,48.803249,45.409145,41.867142,38.977806,35.126766,44.292103,51.418625,48.804131,42.936974,43.855042,43.185940,37.850243,51.625931,52.952328,46.448845,44.114609,43.812008,39.671715,51.845650,55.258656,50.179935,45.112495,46.256004,39.886810,49.554447,56.266041,54.382038,42.154369,45.201839,43.445629,44.188370,56.375423,57.591736,50.916122,44.939686,47.117481,32.995087,53.777203,58.502735,54.587547,42.612438,48.113426,45.304947,47.028587,57.277176,56.688210,47.033535,43.684921,46.727848,27.549290,53.639595,57.163765,52.134140,39.492115,45.995720,44.523216,48.167072,56.966057,55.485081,44.112137,43.570976,44.760811,42.886803,54.944248,56.636566,50.194359,37.023117,42.725662,37.171253,50.297470,54.266907,50.645279,40.087296,35.548923,35.664845,42.857826,50.758942,49.682240,41.180416,35.687416,33.413364,30.382004,45.791000,48.862991,44.919567,34.738934,34.860157,34.536556,34.348167,45.128475,45.037674,36.060150,32.877651
[0;32mI (88580) ANALISIS_ESPECTRO: Frame exportado | t=87.91 s | pico=156.2 Hz | 75.1 dB[0m
SPECTRUM_FRAME,88.929462,78.125000,-120.000000,hann,512,-120.000000,-120.000000,-120.000000,-120.000000,-120.000000,-120.000000,-120.000000,-120.000000,-120.000000,-120.000000,-120.000000,-120.000000,-120.000000,-120.000000,-120.000000,-120.000000,-120.000000,-120.000000,-120.000000,-120.000000,-120.000000,-120.000000,-120.000000,-120.000000,-120.000000,-120.000000,-120.000000,-120.000000,-120.000000,-120.000000,-120.000000,-120.000000,-120.000000,-120.000000,-120.000000,-120.000000,-120.000000,-120.000000,-120.000000,-120.000000,-120.000000,-120.000000,-120.000000,-120.000000,-120.000000,-120.000000,-120.000000,-120.000000,-120.000000,-120.000000,-120.000000,-120.000000,-120.000000,-120.000000,-120.000000,-120.000000,-120.000000,-120.000000,-120.000000,-120.000000,-120.000000,-120.000000,-120.000000,-120.000000,-120.000000,-120.000000,-120.000000,-120.000000,-120.000000,-120.000000,-120.000000,-120.000000,-120.000000,-120.000000,-120.000000,-120.000000,-120.000000,-120.000000,-120.000000,-120.000000,-120.000000,-120.000000,-120.000000,-120.000000,-120.000000,-120.000000,-120.000000,-120.000000,-120.000000,-120.000000,-120.000000,-120.000000,-120.000000,-120.000000,-120.000000,-120.000000,-120.000000,-120.000000,-120.000000,-120.000000,-120.000000,-120.000000,-120.000000,-120.000000,-120.000000,-120.000000,-120.000000,-120.000000,-120.000000,-120.000000,-120.000000,-120.000000,-120.000000,-120.000000,-120.000000,-120.000000,-120.000000,-120.000000,-120.000000,-120.000000,-120.000000,-120.000000,-120.000000,-120.000000,-120.000000,-120.000000,-120.000000,-120.000000,-120.000000,-120.000000,-120.000000,-120.000000,-120.000000,-120.000000,-120.000000,-120.000000,-120.000000,-120.000000,-120.000000,-120.000000,-120.000000,-120.000000,-120.000000,-120.000000,-120.000000,-120.000000,-120.000000,-120.000000,-120.000000,-120.000000,-120.000000,-120.000000,-120.000000,-120.000000,-120.000000,-120.000000,-120.000000,-120.000000,-120.000000,-120.000000,-120.000000,-120.000000,-120.000000,-120.000000,-120.000000,-120.000000,-120.000000,-120.000000,-120.000000,-120.000000,-120.000000,-120.000000,-120.000000,-120.000000,-120.000000,-120.000000,-120.000000,-120.000000,-120.000000,-120.000000,-120.000000,-120.000000,-120.000000,-120.000000,-120.000000,-120.000000,-120.000000,-120.000000,-120.000000,-120.000000,-120.000000,-120.000000,-120.000000,-120.000000,-120.000000,-120.000000,-120.000000,-120.000000,-120.000000,-120.000000,-120.000000,-120.000000,-120.000000,-120.000000,-120.000000,-120.000000,-120.000000,-120.000000,-120.000000,-120.000000,-120.000000,-120.000000,-120.000000,-120.000000,-120.000000,-120.000000,-120.000000,-120.000000,-120.000000,-120.000000,-120.000000,-120.000000,-120.000000,-120.000000,-120.000000,-120.000000,-120.000000,-120.000000,-120.000000,-120.000000,-120.000000,-120.000000,-120.000000,-120.000000,-120.000000,-120.000000,-120.000000,-120.000000,-120.000000,-120.000000,-120.000000,-120.000000,-120.000000,-120.000000,-120.000000,-120.000000,-120.000000,-120.000000,-120.000000,-120.000000,-120.000000,-120.000000,-120.000000,-120.000000,-120.000000,-120.000000,-120.000000,-120.000000,-120.000000,-120.000000,-120.000000,-120.000000,-120.000000,-120.000000,-120.000000,-120.000000,-120.000000,-120.000000,-120.000000,-120.000000,-120.000000,-120.000000,-120.000000,-120.000000,-120.000000,-120.000000,-120.000000,-120.000000,-120.000000,-120.000000,-120.000000,-120.000000,-120.000000,-120.000000,-120.000000,-120.000000,-120.000000,-120.000000,-120.000000,-120.000000,-120.000000,-120.000000,-120.000000,-120.000000,-120.000000,-120.000000,-120.000000,-120.000000,-120.000000,-120.000000,-120.000000,-120.000000,-120.000000,-120.000000,-120.000000,-120.000000,-120.000000,-120.000000,-120.000000,-120.000000,-120.000000,-120.000000,-120.000000,-120.000000,-120.000000,-120.000000,-120.000000,-120.000000,-120.000000,-120.000000,-120.000000,-120.000000,-120.000000,-120.000000,-120.000000,-120.000000,-120.000000,-120.000000,-120.000000,-120.000000,-120.000000,-120.000000,-120.000000,-120.000000,-120.000000,-120.000000,-120.000000,-120.000000,-120.000000,-120.000000,-120.000000,-120.000000,-120.000000,-120.000000,-120.000000,-120.000000,-120.000000,-120.000000,-120.000000,-120.000000,-120.000000,-120.000000,-120.000000,-120.000000,-120.000000,-120.000000,-120.000000,-120.000000,-120.000000,-120.000000,-120.000000,-120.000000,-120.000000,-120.000000,-120.000000,-120.000000,-120.000000,-120.000000,-120.000000,-120.000000,-120.000000,-120.000000,-120.000000,-120.000000,-120.000000,-120.000000,-120.000000,-120.000000,-120.000000,-120.000000,-120.000000,-120.000000,-120.000000,-120.000000,-120.000000,-120.000000,-120.000000,-120.000000,-120.000000,-120.000000,-120.000000,-120.000000,-120.000000,-120.000000,-120.000000,-120.000000,-120.000000,-120.000000,-120.000000,-120.000000,-120.000000,-120.000000,-120.000000,-120.000000,-120.000000,-120.000000,-120.000000,-120.000000,-120.000000,-120.000000,-120.000000,-120.000000,-120.000000,-120.000000,-120.000000,-120.000000,-120.000000,-120.000000,-120.000000,-120.000000,-120.000000,-120.000000,-120.000000,-120.000000,-120.000000,-120.000000,-120.000000,-120.000000,-120.000000,-120.000000,-120.000000,-120.000000,-120.000000,-120.000000,-120.000000,-120.000000,-120.000000,-120.000000,-120.000000,-120.000000,-120.000000,-120.000000,-120.000000,-120.000000,-120.000000,-120.000000,-120.000000,-120.000000,-120.000000,-120.000000,-120.000000,-120.000000,-120.000000,-120.000000,-120.000000,-120.000000,-120.000000,-120.000000,-120.000000,-120.000000,-120.000000,-120.000000,-120.000000,-120.000000,-120.000000,-120.000000,-120.000000,-120.000000,-120.000000,-120.000000,-120.000000,-120.000000,-120.000000,-120.000000,-120.000000,-120.000000,-120.000000,-120.000000,-120.000000,-120.000000,-120.000000,-120.000000,-120.000000,-120.000000,-120.000000,-120.000000,-120.000000,-120.000000,-120.000000,-120.000000,-120.000000,-120.000000,-120.000000,-120.000000,-120.000000,-120.000000,-120.000000,-120.000000,-120.000000,-120.000000,-120.000000,-120.000000,-120.000000,-120.000000,-120.000000,-120.000000,-120.000000,-120.000000,-120.000000,-120.000000,-120.000000,-120.000000
[0;32mI (89690) ANALISIS_ESPECTRO: Frame exportado | t=88.93 s | pico=78.1 Hz | -120.0 dB[0m
SPECTRUM_FRAME,89.951824,78.125000,-120.000000,hann,512,-120.000000,-120.000000,-120.000000,-120.000000,-120.000000,-120.000000,-120.000000,-120.000000,-120.000000,-120.000000,-120.000000,-120.000000,-120.000000,-120.000000,-120.000000,-120.000000,-120.000000,-120.000000,-120.000000,-120.000000,-120.000000,-120.000000,-120.000000,-120.000000,-120.000000,-120.000000,-120.000000,-120.000000,-120.000000,-120.000000,-120.000000,-120.000000,-120.000000,-120.000000,-120.000000,-120.000000,-120.000000,-120.000000,-120.000000,-120.000000,-120.000000,-120.000000,-120.000000,-120.000000,-120.000000,-120.000000,-120.000000,-120.000000,-120.000000,-120.000000,-120.000000,-120.000000,-120.000000,-120.000000,-120.000000,-120.000000,-120.000000,-120.000000,-120.000000,-120.000000,-120.000000,-120.000000,-120.000000,-120.000000,-120.000000,-120.000000,-120.000000,-120.000000,-120.000000,-120.000000,-120.000000,-120.000000,-120.000000,-120.000000,-120.000000,-120.000000,-120.000000,-120.000000,-120.000000,-120.000000,-120.000000,-120.000000,-120.000000,-120.000000,-120.000000,-120.000000,-120.000000,-120.000000,-120.000000,-120.000000,-120.000000,-120.000000,-120.000000,-120.000000,-120.000000,-120.000000,-120.000000,-120.000000,-120.000000,-120.000000,-120.000000,-120.000000,-120.000000,-120.000000,-120.000000,-120.000000,-120.000000,-120.000000,-120.000000,-120.000000,-120.000000,-120.000000,-120.000000,-120.000000,-120.000000,-120.000000,-120.000000,-120.000000,-120.000000,-120.000000,-120.000000,-120.000000,-120.000000,-120.000000,-120.000000,-120.000000,-120.000000,-120.000000,-120.000000,-120.000000,-120.000000,-120.000000,-120.000000,-120.000000,-120.000000,-120.000000,-120.000000,-120.000000,-120.000000,-120.000000,-120.000000,-120.000000,-120.000000,-120.000000,-120.000000,-120.000000,-120.000000,-120.000000,-120.000000,-120.000000,-120.000000,-120.000000,-120.000000,-120.000000,-120.000000,-120.000000,-120.000000,-120.000000,-120.000000,-120.000000,-120.000000,-120.000000,-120.000000,-120.000000,-120.000000,-120.000000,-120.000000,-120.000000,-120.000000,-120.000000,-120.000000,-120.000000,-120.000000,-120.000000,-120.000000,-120.000000,-120.000000,-120.000000,-120.000000,-120.000000,-120.000000,-120.000000,-120.000000,-120.000000,-120.000000,-120.000000,-120.000000,-120.000000,-120.000000,-120.000000,-120.000000,-120.000000,-120.000000,-120.000000,-120.000000,-120.000000,-120.000000,-120.000000,-120.000000,-120.000000,-120.000000,-120.000000,-120.000000,-120.000000,-120.000000,-120.000000,-120.000000,-120.000000,-120.000000,-120.000000,-120.000000,-120.000000,-120.000000,-120.000000,-120.000000,-120.000000,-120.000000,-120.000000,-120.000000,-120.000000,-120.000000,-120.000000,-120.000000,-120.000000,-120.000000,-120.000000,-120.000000,-120.000000,-120.000000,-120.000000,-120.000000,-120.000000,-120.000000,-120.000000,-120.000000,-120.000000,-120.000000,-120.000000,-120.000000,-120.000000,-120.000000,-120.000000,-120.000000,-120.000000,-120.000000,-120.000000,-120.000000,-120.000000,-120.000000,-120.000000,-120.000000,-120.000000,-120.000000,-120.000000,-120.000000,-120.000000,-120.000000,-120.000000,-120.000000,-120.000000,-120.000000,-120.000000,-120.000000,-120.000000,-120.000000,-120.000000,-120.000000,-120.000000,-120.000000,-120.000000,-120.000000,-120.000000,-120.000000,-120.000000,-120.000000,-120.000000,-120.000000,-120.000000,-120.000000,-120.000000,-120.000000,-120.000000,-120.000000,-120.000000,-120.000000,-120.000000,-120.000000,-120.000000,-120.000000,-120.000000,-120.000000,-120.000000,-120.000000,-120.000000,-120.000000,-120.000000,-120.000000,-120.000000,-120.000000,-120.000000,-120.000000,-120.000000,-120.000000,-120.000000,-120.000000,-120.000000,-120.000000,-120.000000,-120.000000,-120.000000,-120.000000,-120.000000,-120.000000,-120.000000,-120.000000,-120.000000,-120.000000,-120.000000,-120.000000,-120.000000,-120.000000,-120.000000,-120.000000,-120.000000,-120.000000,-120.000000,-120.000000,-120.000000,-120.000000,-120.000000,-120.000000,-120.000000,-120.000000,-120.000000,-120.000000,-120.000000,-120.000000,-120.000000,-120.000000,-120.000000,-120.000000,-120.000000,-120.000000,-120.000000,-120.000000,-120.000000,-120.000000,-120.000000,-120.000000,-120.000000,-120.000000,-120.000000,-120.000000,-120.000000,-120.000000,-120.000000,-120.000000,-120.000000,-120.000000,-120.000000,-120.000000,-120.000000,-120.000000,-120.000000,-120.000000,-120.000000,-120.000000,-120.000000,-120.000000,-120.000000,-120.000000,-120.000000,-120.000000,-120.000000,-120.000000,-120.000000,-120.000000,-120.000000,-120.000000,-120.000000,-120.000000,-120.000000,-120.000000,-120.000000,-120.000000,-120.000000,-120.000000,-120.000000,-120.000000,-120.000000,-120.000000,-120.000000,-120.000000,-120.000000,-120.000000,-120.000000,-120.000000,-120.000000,-120.000000,-120.000000,-120.000000,-120.000000,-120.000000,-120.000000,-120.000000,-120.000000,-120.000000,-120.000000,-120.000000,-120.000000,-120.000000,-120.000000,-120.000000,-120.000000,-120.000000,-120.000000,-120.000000,-120.000000,-120.000000,-120.000000,-120.000000,-120.000000,-120.000000,-120.000000,-120.000000,-120.000000,-120.000000,-120.000000,-120.000000,-120.000000,-120.000000,-120.000000,-120.000000,-120.000000,-120.000000,-120.000000,-120.000000,-120.000000,-120.000000,-120.000000,-120.000000,-120.000000,-120.000000,-120.000000,-120.000000,-120.000000,-120.000000,-120.000000,-120.000000,-120.000000,-120.000000,-120.000000,-120.000000,-120.000000,-120.000000,-120.000000,-120.000000,-120.000000,-120.000000,-120.000000,-120.000000,-120.000000,-120.000000,-120.000000,-120.000000,-120.000000,-120.000000,-120.000000,-120.000000,-120.000000,-120.000000,-120.000000,-120.000000,-120.000000,-120.000000,-120.000000,-120.000000,-120.000000,-120.000000,-120.000000,-120.000000,-120.000000,-120.000000,-120.000000,-120.000000,-120.000000,-120.000000,-120.000000,-120.000000,-120.000000,-120.000000,-120.000000,-120.000000,-120.000000,-120.000000,-120.000000,-120.000000,-120.000000,-120.000000,-120.000000,-120.000000,-120.000000,-120.000000,-120.000000,-120.000000,-120.000000,-120.000000,-120.000000,-120.000000,-120.000000,-120.000000,-120.000000
[0;32mI (90710) ANALISIS_ESPECTRO: Frame exportado | t=89.95 s | pico=78.1 Hz | -120.0 dB[0m
SPECTRUM_FRAME,90.974185,78.125000,-120.000000,hann,512,-120.000000,-120.000000,-120.000000,-120.000000,-120.000000,-120.000000,-120.000000,-120.000000,-120.000000,-120.000000,-120.000000,-120.000000,-120.000000,-120.000000,-120.000000,-120.000000,-120.000000,-120.000000,-120.000000,-120.000000,-120.000000,-120.000000,-120.000000,-120.000000,-120.000000,-120.000000,-120.000000,-120.000000,-120.000000,-120.000000,-120.000000,-120.000000,-120.000000,-120.000000,-120.000000,-120.000000,-120.000000,-120.000000,-120.000000,-120.000000,-120.000000,-120.000000,-120.000000,-120.000000,-120.000000,-120.000000,-120.000000,-120.000000,-120.000000,-120.000000,-120.000000,-120.000000,-120.000000,-120.000000,-120.000000,-120.000000,-120.000000,-120.000000,-120.000000,-120.000000,-120.000000,-120.000000,-120.000000,-120.000000,-120.000000,-120.000000,-120.000000,-120.000000,-120.000000,-120.000000,-120.000000,-120.000000,-120.000000,-120.000000,-120.000000,-120.000000,-120.000000,-120.000000,-120.000000,-120.000000,-120.000000,-120.000000,-120.000000,-120.000000,-120.000000,-120.000000,-120.000000,-120.000000,-120.000000,-120.000000,-120.000000,-120.000000,-120.000000,-120.000000,-120.000000,-120.000000,-120.000000,-120.000000,-120.000000,-120.000000,-120.000000,-120.000000,-120.000000,-120.000000,-120.000000,-120.000000,-120.000000,-120.000000,-120.000000,-120.000000,-120.000000,-120.000000,-120.000000,-120.000000,-120.000000,-120.000000,-120.000000,-120.000000,-120.000000,-120.000000,-120.000000,-120.000000,-120.000000,-120.000000,-120.000000,-120.000000,-120.000000,-120.000000,-120.000000,-120.000000,-120.000000,-120.000000,-120.000000,-120.000000,-120.000000,-120.000000,-120.000000,-120.000000,-120.000000,-120.000000,-120.000000,-120.000000,-120.000000,-120.000000,-120.000000,-120.000000,-120.000000,-120.000000,-120.000000,-120.000000,-120.000000,-120.000000,-120.000000,-120.000000,-120.000000,-120.000000,-120.000000,-120.000000,-120.000000,-120.000000,-120.000000,-120.000000,-120.000000,-120.000000,-120.000000,-120.000000,-120.000000,-120.000000,-120.000000,-120.000000,-120.000000,-120.000000,-120.000000,-120.000000,-120.000000,-120.000000,-120.000000,-120.000000,-120.000000,-120.000000,-120.000000,-120.000000,-120.000000,-120.000000,-120.000000,-120.000000,-120.000000,-120.000000,-120.000000,-120.000000,-120.000000,-120.000000,-120.000000,-120.000000,-120.000000,-120.000000,-120.000000,-120.000000,-120.000000,-120.000000,-120.000000,-120.000000,-120.000000,-120.000000,-120.000000,-120.000000,-120.000000,-120.000000,-120.000000,-120.000000,-120.000000,-120.000000,-120.000000,-120.000000,-120.000000,-120.000000,-120.000000,-120.000000,-120.000000,-120.000000,-120.000000,-120.000000,-120.000000,-120.000000,-120.000000,-120.000000,-120.000000,-120.000000,-120.000000,-120.000000,-120.000000,-120.000000,-120.000000,-120.000000,-120.000000,-120.000000,-120.000000,-120.000000,-120.000000,-120.000000,-120.000000,-120.000000,-120.000000,-120.000000,-120.000000,-120.000000,-120.000000,-120.000000,-120.000000,-120.000000,-120.000000,-120.000000,-120.000000,-120.000000,-120.000000,-120.000000,-120.000000,-120.000000,-120.000000,-120.000000,-120.000000,-120.000000,-120.000000,-120.000000,-120.000000,-120.000000,-120.000000,-120.000000,-120.000000,-120.000000,-120.000000,-120.000000,-120.000000,-120.000000,-120.000000,-120.000000,-120.000000,-120.000000,-120.000000,-120.000000,-120.000000,-120.000000,-120.000000,-120.000000,-120.000000,-120.000000,-120.000000,-120.000000,-120.000000,-120.000000,-120.000000,-120.000000,-120.000000,-120.000000,-120.000000,-120.000000,-120.000000,-120.000000,-120.000000,-120.000000,-120.000000,-120.000000,-120.000000,-120.000000,-120.000000,-120.000000,-120.000000,-120.000000,-120.000000,-120.000000,-120.000000,-120.000000,-120.000000,-120.000000,-120.000000,-120.000000,-120.000000,-120.000000,-120.000000,-120.000000,-120.000000,-120.000000,-120.000000,-120.000000,-120.000000,-120.000000,-120.000000,-120.000000,-120.000000,-120.000000,-120.000000,-120.000000,-120.000000,-120.000000,-120.000000,-120.000000,-120.000000,-120.000000,-120.000000,-120.000000,-120.000000,-120.000000,-120.000000,-120.000000,-120.000000,-120.000000,-120.000000,-120.000000,-120.000000,-120.000000,-120.000000,-120.000000,-120.000000,-120.000000,-120.000000,-120.000000,-120.000000,-120.000000,-120.000000,-120.000000,-120.000000,-120.000000,-120.000000,-120.000000,-120.000000,-120.000000,-120.000000,-120.000000,-120.000000,-120.000000,-120.000000,-120.000000,-120.000000,-120.000000,-120.000000,-120.000000,-120.000000,-120.000000,-120.000000,-120.000000,-120.000000,-120.000000,-120.000000,-120.000000,-120.000000,-120.000000,-120.000000,-120.000000,-120.000000,-120.000000,-120.000000,-120.000000,-120.000000,-120.000000,-120.000000,-120.000000,-120.000000,-120.000000,-120.000000,-120.000000,-120.000000,-120.000000,-120.000000,-120.000000,-120.000000,-120.000000,-120.000000,-120.000000,-120.000000,-120.000000,-120.000000,-120.000000,-120.000000,-120.000000,-120.000000,-120.000000,-120.000000,-120.000000,-120.000000,-120.000000,-120.000000,-120.000000,-120.000000,-120.000000,-120.000000,-120.000000,-120.000000,-120.000000,-120.000000,-120.000000,-120.000000,-120.000000,-120.000000,-120.000000,-120.000000,-120.000000,-120.000000,-120.000000,-120.000000,-120.000000,-120.000000,-120.000000,-120.000000,-120.000000,-120.000000,-120.000000,-120.000000,-120.000000,-120.000000,-120.000000,-120.000000,-120.000000,-120.000000,-120.000000,-120.000000,-120.000000,-120.000000,-120.000000,-120.000000,-120.000000,-120.000000,-120.000000,-120.000000,-120.000000,-120.000000,-120.000000,-120.000000,-120.000000,-120.000000,-120.000000,-120.000000,-120.000000,-120.000000,-120.000000,-120.000000,-120.000000,-120.000000,-120.000000,-120.000000,-120.000000,-120.000000,-120.000000,-120.000000,-120.000000,-120.000000,-120.000000,-120.000000,-120.000000,-120.000000,-120.000000,-120.000000,-120.000000,-120.000000,-120.000000,-120.000000,-120.000000,-120.000000,-120.000000,-120.000000,-120.000000,-120.000000,-120.000000,-120.000000,-120.000000,-120.000000,-120.000000,-120.000000,-120.000000,-120.000000,-120.000000,-120.000000,-120.000000
[0;32mI (91730) ANALISIS_ESPECTRO: Frame exportado | t=90.97 s | pico=78.1 Hz | -120.0 dB[0m
SPECTRUM_FRAME,91.996556,78.125000,-120.000000,hann,512,-120.000000,-120.000000,-120.000000,-120.000000,-120.000000,-120.000000,-120.000000,-120.000000,-120.000000,-120.000000,-120.000000,-120.000000,-120.000000,-120.000000,-120.000000,-120.000000,-120.000000,-120.000000,-120.000000,-120.000000,-120.000000,-120.000000,-120.000000,-120.000000,-120.000000,-120.000000,-120.000000,-120.000000,-120.000000,-120.000000,-120.000000,-120.000000,-120.000000,-120.000000,-120.000000,-120.000000,-120.000000,-120.000000,-120.000000,-120.000000,-120.000000,-120.000000,-120.000000,-120.000000,-120.000000,-120.000000,-120.000000,-120.000000,-120.000000,-120.000000,-120.000000,-120.000000,-120.000000,-120.000000,-120.000000,-120.000000,-120.000000,-120.000000,-120.000000,-120.000000,-120.000000,-120.000000,-120.000000,-120.000000,-120.000000,-120.000000,-120.000000,-120.000000,-120.000000,-120.000000,-120.000000,-120.000000,-120.000000,-120.000000,-120.000000,-120.000000,-120.000000,-120.000000,-120.000000,-120.000000,-120.000000,-120.000000,-120.000000,-120.000000,-120.000000,-120.000000,-120.000000,-120.000000,-120.000000,-120.000000,-120.000000,-120.000000,-120.000000,-120.000000,-120.000000,-120.000000,-120.000000,-120.000000,-120.000000,-120.000000,-120.000000,-120.000000,-120.000000,-120.000000,-120.000000,-120.000000,-120.000000,-120.000000,-120.000000,-120.000000,-120.000000,-120.000000,-120.000000,-120.000000,-120.000000,-120.000000,-120.000000,-120.000000,-120.000000,-120.000000,-120.000000,-120.000000,-120.000000,-120.000000,-120.000000,-120.000000,-120.000000,-120.000000,-120.000000,-120.000000,-120.000000,-120.000000,-120.000000,-120.000000,-120.000000,-120.000000,-120.000000,-120.000000,-120.000000,-120.000000,-120.000000,-120.000000,-120.000000,-120.000000,-120.000000,-120.000000,-120.000000,-120.000000,-120.000000,-120.000000,-120.000000,-120.000000,-120.000000,-120.000000,-120.000000,-120.000000,-120.000000,-120.000000,-120.000000,-120.000000,-120.000000,-120.000000,-120.000000,-120.000000,-120.000000,-120.000000,-120.000000,-120.000000,-120.000000,-120.000000,-120.000000,-120.000000,-120.000000,-120.000000,-120.000000,-120.000000,-120.000000,-120.000000,-120.000000,-120.000000,-120.000000,-120.000000,-120.000000,-120.000000,-120.000000,-120.000000,-120.000000,-120.000000,-120.000000,-120.000000,-120.000000,-120.000000,-120.000000,-120.000000,-120.000000,-120.000000,-120.000000,-120.000000,-120.000000,-120.000000,-120.000000,-120.000000,-120.000000,-120.000000,-120.000000,-120.000000,-120.000000,-120.000000,-120.000000,-120.000000,-120.000000,-120.000000,-120.000000,-120.000000,-120.000000,-120.000000,-120.000000,-120.000000,-120.000000,-120.000000,-120.000000,-120.000000,-120.000000,-120.000000,-120.000000,-120.000000,-120.000000,-120.000000,-120.000000,-120.000000,-120.000000,-120.000000,-120.000000,-120.000000,-120.000000,-120.000000,-120.000000,-120.000000,-120.000000,-120.000000,-120.000000,-120.000000,-120.000000,-120.000000,-120.000000,-120.000000,-120.000000,-120.000000,-120.000000,-120.000000,-120.000000,-120.000000,-120.000000,-120.000000,-120.000000,-120.000000,-120.000000,-120.000000,-120.000000,-120.000000,-120.000000,-120.000000,-120.000000,-120.000000,-120.000000,-120.000000,-120.000000,-120.000000,-120.000000,-120.000000,-120.000000,-120.000000,-120.000000,-120.000000,-120.000000,-120.000000,-120.000000,-120.000000,-120.000000,-120.000000,-120.000000,-120.000000,-120.000000,-120.000000,-120.000000,-120.000000,-120.000000,-120.000000,-120.000000,-120.000000,-120.000000,-120.000000,-120.000000,-120.000000,-120.000000,-120.000000,-120.000000,-120.000000,-120.000000,-120.000000,-120.000000,-120.000000,-120.000000,-120.000000,-120.000000,-120.000000,-120.000000,-120.000000,-120.000000,-120.000000,-120.000000,-120.000000,-120.000000,-120.000000,-120.000000,-120.000000,-120.000000,-120.000000,-120.000000,-120.000000,-120.000000,-120.000000,-120.000000,-120.000000,-120.000000,-120.000000,-120.000000,-120.000000,-120.000000,-120.000000,-120.000000,-120.000000,-120.000000,-120.000000,-120.000000,-120.000000,-120.000000,-120.000000,-120.000000,-120.000000,-120.000000,-120.000000,-120.000000,-120.000000,-120.000000,-120.000000,-120.000000,-120.000000,-120.000000,-120.000000,-120.000000,-120.000000,-120.000000,-120.000000,-120.000000,-120.000000,-120.000000,-120.000000,-120.000000,-120.000000,-120.000000,-120.000000,-120.000000,-120.000000,-120.000000,-120.000000,-120.000000,-120.000000,-120.000000,-120.000000,-120.000000,-120.000000,-120.000000,-120.000000,-120.000000,-120.000000,-120.000000,-120.000000,-120.000000,-120.000000,-120.000000,-120.000000,-120.000000,-120.000000,-120.000000,-120.000000,-120.000000,-120.000000,-120.000000,-120.000000,-120.000000,-120.000000,-120.000000,-120.000000,-120.000000,-120.000000,-120.000000,-120.000000,-120.000000,-120.000000,-120.000000,-120.000000,-120.000000,-120.000000,-120.000000,-120.000000,-120.000000,-120.000000,-120.000000,-120.000000,-120.000000,-120.000000,-120.000000,-120.000000,-120.000000,-120.000000,-120.000000,-120.000000,-120.000000,-120.000000,-120.000000,-120.000000,-120.000000,-120.000000,-120.000000,-120.000000,-120.000000,-120.000000,-120.000000,-120.000000,-120.000000,-120.000000,-120.000000,-120.000000,-120.000000,-120.000000,-120.000000,-120.000000,-120.000000,-120.000000,-120.000000,-120.000000,-120.000000,-120.000000,-120.000000,-120.000000,-120.000000,-120.000000,-120.000000,-120.000000,-120.000000,-120.000000,-120.000000,-120.000000,-120.000000,-120.000000,-120.000000,-120.000000,-120.000000,-120.000000,-120.000000,-120.000000,-120.000000,-120.000000,-120.000000,-120.000000,-120.000000,-120.000000,-120.000000,-120.000000,-120.000000,-120.000000,-120.000000,-120.000000,-120.000000,-120.000000,-120.000000,-120.000000,-120.000000,-120.000000,-120.000000,-120.000000,-120.000000,-120.000000,-120.000000,-120.000000,-120.000000,-120.000000,-120.000000,-120.000000,-120.000000,-120.000000,-120.000000,-120.000000,-120.000000,-120.000000,-120.000000,-120.000000,-120.000000,-120.000000,-120.000000,-120.000000,-120.000000,-120.000000,-120.000000,-120.000000,-120.000000,-120.000000,-120.000000,-120.000000,-120.000000,-120.000000
[0;32mI (92750) ANALISIS_ESPECTRO: Frame exportado | t=92.00 s | pico=78.1 Hz | -120.0 dB[0m
SPECTRUM_FRAME,93.018909,78.125000,-120.000000,hann,512,-120.000000,-120.000000,-120.000000,-120.000000,-120.000000,-120.000000,-120.000000,-120.000000,-120.000000,-120.000000,-120.000000,-120.000000,-120.000000,-120.000000,-120.000000,-120.000000,-120.000000,-120.000000,-120.000000,-120.000000,-120.000000,-120.000000,-120.000000,-120.000000,-120.000000,-120.000000,-120.000000,-120.000000,-120.000000,-120.000000,-120.000000,-120.000000,-120.000000,-120.000000,-120.000000,-120.000000,-120.000000,-120.000000,-120.000000,-120.000000,-120.000000,-120.000000,-120.000000,-120.000000,-120.000000,-120.000000,-120.000000,-120.000000,-120.000000,-120.000000,-120.000000,-120.000000,-120.000000,-120.000000,-120.000000,-120.000000,-120.000000,-120.000000,-120.000000,-120.000000,-120.000000,-120.000000,-120.000000,-120.000000,-120.000000,-120.000000,-120.000000,-120.000000,-120.000000,-120.000000,-120.000000,-120.000000,-120.000000,-120.000000,-120.000000,-120.000000,-120.000000,-120.000000,-120.000000,-120.000000,-120.000000,-120.000000,-120.000000,-120.000000,-120.000000,-120.000000,-120.000000,-120.000000,-120.000000,-120.000000,-120.000000,-120.000000,-120.000000,-120.000000,-120.000000,-120.000000,-120.000000,-120.000000,-120.000000,-120.000000,-120.000000,-120.000000,-120.000000,-120.000000,-120.000000,-120.000000,-120.000000,-120.000000,-120.000000,-120.000000,-120.000000,-120.000000,-120.000000,-120.000000,-120.000000,-120.000000,-120.000000,-120.000000,-120.000000,-120.000000,-120.000000,-120.000000,-120.000000,-120.000000,-120.000000,-120.000000,-120.000000,-120.000000,-120.000000,-120.000000,-120.000000,-120.000000,-120.000000,-120.000000,-120.000000,-120.000000,-120.000000,-120.000000,-120.000000,-120.000000,-120.000000,-120.000000,-120.000000,-120.000000,-120.000000,-120.000000,-120.000000,-120.000000,-120.000000,-120.000000,-120.000000,-120.000000,-120.000000,-120.000000,-120.000000,-120.000000,-120.000000,-120.000000,-120.000000,-120.000000,-120.000000,-120.000000,-120.000000,-120.000000,-120.000000,-120.000000,-120.000000,-120.000000,-120.000000,-120.000000,-120.000000,-120.000000,-120.000000,-120.000000,-120.000000,-120.000000,-120.000000,-120.000000,-120.000000,-120.000000,-120.000000,-120.000000,-120.000000,-120.000000,-120.000000,-120.000000,-120.000000,-120.000000,-120.000000,-120.000000,-120.000000,-120.000000,-120.000000,-120.000000,-120.000000,-120.000000,-120.000000,-120.000000,-120.000000,-120.000000,-120.000000,-120.000000,-120.000000,-120.000000,-120.000000,-120.000000,-120.000000,-120.000000,-120.000000,-120.000000,-120.000000,-120.000000,-120.000000,-120.000000,-120.000000,-120.000000,-120.000000,-120.000000,-120.000000,-120.000000,-120.000000,-120.000000,-120.000000,-120.000000,-120.000000,-120.000000,-120.000000,-120.000000,-120.000000,-120.000000,-120.000000,-120.000000,-120.000000,-120.000000,-120.000000,-120.000000,-120.000000,-120.000000,-120.000000,-120.000000,-120.000000,-120.000000,-120.000000,-120.000000,-120.000000,-120.000000,-120.000000,-120.000000,-120.000000,-120.000000,-120.000000,-120.000000,-120.000000,-120.000000,-120.000000,-120.000000,-120.000000,-120.000000,-120.000000,-120.000000,-120.000000,-120.000000,-120.000000,-120.000000,-120.000000,-120.000000,-120.000000,-120.000000,-120.000000,-120.000000,-120.000000,-120.000000,-120.000000,-120.000000,-120.000000,-120.000000,-120.000000,-120.000000,-120.000000,-120.000000,-120.000000,-120.000000,-120.000000,-120.000000,-120.000000,-120.000000,-120.000000,-120.000000,-120.000000,-120.000000,-120.000000,-120.000000,-120.000000,-120.000000,-120.000000,-120.000000,-120.000000,-120.000000,-120.000000,-120.000000,-120.000000,-120.000000,-120.000000,-120.000000,-120.000000,-120.000000,-120.000000,-120.000000,-120.000000,-120.000000,-120.000000,-120.000000,-120.000000,-120.000000,-120.000000,-120.000000,-120.000000,-120.000000,-120.000000,-120.000000,-120.000000,-120.000000,-120.000000,-120.000000,-120.000000,-120.000000,-120.000000,-120.000000,-120.000000,-120.000000,-120.000000,-120.000000,-120.000000,-120.000000,-120.000000,-120.000000,-120.000000,-120.000000,-120.000000,-120.000000,-120.000000,-120.000000,-120.000000,-120.000000,-120.000000,-120.000000,-120.000000,-120.000000,-120.000000,-120.000000,-120.000000,-120.000000,-120.000000,-120.000000,-120.000000,-120.000000,-120.000000,-120.000000,-120.000000,-120.000000,-120.000000,-120.000000,-120.000000,-120.000000,-120.000000,-120.000000,-120.000000,-120.000000,-120.000000,-120.000000,-120.000000,-120.000000,-120.000000,-120.000000,-120.000000,-120.000000,-120.000000,-120.000000,-120.000000,-120.000000,-120.000000,-120.000000,-120.000000,-120.000000,-120.000000,-120.000000,-120.000000,-120.000000,-120.000000,-120.000000,-120.000000,-120.000000,-120.000000,-120.000000,-120.000000,-120.000000,-120.000000,-120.000000,-120.000000,-120.000000,-120.000000,-120.000000,-120.000000,-120.000000,-120.000000,-120.000000,-120.000000,-120.000000,-120.000000,-120.000000,-120.000000,-120.000000,-120.000000,-120.000000,-120.000000,-120.000000,-120.000000,-120.000000,-120.000000,-120.000000,-120.000000,-120.000000,-120.000000,-120.000000,-120.000000,-120.000000,-120.000000,-120.000000,-120.000000,-120.000000,-120.000000,-120.000000,-120.000000,-120.000000,-120.000000,-120.000000,-120.000000,-120.000000,-120.000000,-120.000000,-120.000000,-120.000000,-120.000000,-120.000000,-120.000000,-120.000000,-120.000000,-120.000000,-120.000000,-120.000000,-120.000000,-120.000000,-120.000000,-120.000000,-120.000000,-120.000000,-120.000000,-120.000000,-120.000000,-120.000000,-120.000000,-120.000000,-120.000000,-120.000000,-120.000000,-120.000000,-120.000000,-120.000000,-120.000000,-120.000000,-120.000000,-120.000000,-120.000000,-120.000000,-120.000000,-120.000000,-120.000000,-120.000000,-120.000000,-120.000000,-120.000000,-120.000000,-120.000000,-120.000000,-120.000000,-120.000000,-120.000000,-120.000000,-120.000000,-120.000000,-120.000000,-120.000000,-120.000000,-120.000000,-120.000000,-120.000000,-120.000000,-120.000000,-120.000000,-120.000000,-120.000000,-120.000000,-120.000000,-120.000000,-120.000000,-120.000000,-120.000000,-120.000000,-120.000000,-120.000000,-120.000000,-120.000000
[0;32mI (93780) ANALISIS_ESPECTRO: Frame exportado | t=93.02 s | pico=78.1 Hz | -120.0 dB[0m
SPECTRUM_FRAME,94.041271,78.125000,-120.000000,hann,512,-120.000000,-120.000000,-120.000000,-120.000000,-120.000000,-120.000000,-120.000000,-120.000000,-120.000000,-120.000000,-120.000000,-120.000000,-120.000000,-120.000000,-120.000000,-120.000000,-120.000000,-120.000000,-120.000000,-120.000000,-120.000000,-120.000000,-120.000000,-120.000000,-120.000000,-120.000000,-120.000000,-120.000000,-120.000000,-120.000000,-120.000000,-120.000000,-120.000000,-120.000000,-120.000000,-120.000000,-120.000000,-120.000000,-120.000000,-120.000000,-120.000000,-120.000000,-120.000000,-120.000000,-120.000000,-120.000000,-120.000000,-120.000000,-120.000000,-120.000000,-120.000000,-120.000000,-120.000000,-120.000000,-120.000000,-120.000000,-120.000000,-120.000000,-120.000000,-120.000000,-120.000000,-120.000000,-120.000000,-120.000000,-120.000000,-120.000000,-120.000000,-120.000000,-120.000000,-120.000000,-120.000000,-120.000000,-120.000000,-120.000000,-120.000000,-120.000000,-120.000000,-120.000000,-120.000000,-120.000000,-120.000000,-120.000000,-120.000000,-120.000000,-120.000000,-120.000000,-120.000000,-120.000000,-120.000000,-120.000000,-120.000000,-120.000000,-120.000000,-120.000000,-120.000000,-120.000000,-120.000000,-120.000000,-120.000000,-120.000000,-120.000000,-120.000000,-120.000000,-120.000000,-120.000000,-120.000000,-120.000000,-120.000000,-120.000000,-120.000000,-120.000000,-120.000000,-120.000000,-120.000000,-120.000000,-120.000000,-120.000000,-120.000000,-120.000000,-120.000000,-120.000000,-120.000000,-120.000000,-120.000000,-120.000000,-120.000000,-120.000000,-120.000000,-120.000000,-120.000000,-120.000000,-120.000000,-120.000000,-120.000000,-120.000000,-120.000000,-120.000000,-120.000000,-120.000000,-120.000000,-120.000000,-120.000000,-120.000000,-120.000000,-120.000000,-120.000000,-120.000000,-120.000000,-120.000000,-120.000000,-120.000000,-120.000000,-120.000000,-120.000000,-120.000000,-120.000000,-120.000000,-120.000000,-120.000000,-120.000000,-120.000000,-120.000000,-120.000000,-120.000000,-120.000000,-120.000000,-120.000000,-120.000000,-120.000000,-120.000000,-120.000000,-120.000000,-120.000000,-120.000000,-120.000000,-120.000000,-120.000000,-120.000000,-120.000000,-120.000000,-120.000000,-120.000000,-120.000000,-120.000000,-120.000000,-120.000000,-120.000000,-120.000000,-120.000000,-120.000000,-120.000000,-120.000000,-120.000000,-120.000000,-120.000000,-120.000000,-120.000000,-120.000000,-120.000000,-120.000000,-120.000000,-120.000000,-120.000000,-120.000000,-120.000000,-120.000000,-120.000000,-120.000000,-120.000000,-120.000000,-120.000000,-120.000000,-120.000000,-120.000000,-120.000000,-120.000000,-120.000000,-120.000000,-120.000000,-120.000000,-120.000000,-120.000000,-120.000000,-120.000000,-120.000000,-120.000000,-120.000000,-120.000000,-120.000000,-120.000000,-120.000000,-120.000000,-120.000000,-120.000000,-120.000000,-120.000000,-120.000000,-120.000000,-120.000000,-120.000000,-120.000000,-120.000000,-120.000000,-120.000000,-120.000000,-120.000000,-120.000000,-120.000000,-120.000000,-120.000000,-120.000000,-120.000000,-120.000000,-120.000000,-120.000000,-120.000000,-120.000000,-120.000000,-120.000000,-120.000000,-120.000000,-120.000000,-120.000000,-120.000000,-120.000000,-120.000000,-120.000000,-120.000000,-120.000000,-120.000000,-120.000000,-120.000000,-120.000000,-120.000000,-120.000000,-120.000000,-120.000000,-120.000000,-120.000000,-120.000000,-120.000000,-120.000000,-120.000000,-120.000000,-120.000000,-120.000000,-120.000000,-120.000000,-120.000000,-120.000000,-120.000000,-120.000000,-120.000000,-120.000000,-120.000000,-120.000000,-120.000000,-120.000000,-120.000000,-120.000000,-120.000000,-120.000000,-120.000000,-120.000000,-120.000000,-120.000000,-120.000000,-120.000000,-120.000000,-120.000000,-120.000000,-120.000000,-120.000000,-120.000000,-120.000000,-120.000000,-120.000000,-120.000000,-120.000000,-120.000000,-120.000000,-120.000000,-120.000000,-120.000000,-120.000000,-120.000000,-120.000000,-120.000000,-120.000000,-120.000000,-120.000000,-120.000000,-120.000000,-120.000000,-120.000000,-120.000000,-120.000000,-120.000000,-120.000000,-120.000000,-120.000000,-120.000000,-120.000000,-120.000000,-120.000000,-120.000000,-120.000000,-120.000000,-120.000000,-120.000000,-120.000000,-120.000000,-120.000000,-120.000000,-120.000000,-120.000000,-120.000000,-120.000000,-120.000000,-120.000000,-120.000000,-120.000000,-120.000000,-120.000000,-120.000000,-120.000000,-120.000000,-120.000000,-120.000000,-120.000000,-120.000000,-120.000000,-120.000000,-120.000000,-120.000000,-120.000000,-120.000000,-120.000000,-120.000000,-120.000000,-120.000000,-120.000000,-120.000000,-120.000000,-120.000000,-120.000000,-120.000000,-120.000000,-120.000000,-120.000000,-120.000000,-120.000000,-120.000000,-120.000000,-120.000000,-120.000000,-120.000000,-120.000000,-120.000000,-120.000000,-120.000000,-120.000000,-120.000000,-120.000000,-120.000000,-120.000000,-120.000000,-120.000000,-120.000000,-120.000000,-120.000000,-120.000000,-120.000000,-120.000000,-120.000000,-120.000000,-120.000000,-120.000000,-120.000000,-120.000000,-120.000000,-120.000000,-120.000000,-120.000000,-120.000000,-120.000000,-120.000000,-120.000000,-120.000000,-120.000000,-120.000000,-120.000000,-120.000000,-120.000000,-120.000000,-120.000000,-120.000000,-120.000000,-120.000000,-120.000000,-120.000000,-120.000000,-120.000000,-120.000000,-120.000000,-120.000000,-120.000000,-120.000000,-120.000000,-120.000000,-120.000000,-120.000000,-120.000000,-120.000000,-120.000000,-120.000000,-120.000000,-120.000000,-120.000000,-120.000000,-120.000000,-120.000000,-120.000000,-120.000000,-120.000000,-120.000000,-120.000000,-120.000000,-120.000000,-120.000000,-120.000000,-120.000000,-120.000000,-120.000000,-120.000000,-120.000000,-120.000000,-120.000000,-120.000000,-120.000000,-120.000000,-120.000000,-120.000000,-120.000000,-120.000000,-120.000000,-120.000000,-120.000000,-120.000000,-120.000000,-120.000000,-120.000000,-120.000000,-120.000000,-120.000000,-120.000000,-120.000000,-120.000000,-120.000000,-120.000000,-120.000000,-120.000000,-120.000000,-120.000000,-120.000000,-120.000000,-120.000000,-120.000000,-120.000000,-120.000000,-120.000000,-120.000000
[0;32mI (94800) ANALISIS_ESPECTRO: Frame exportado | t=94.04 s | pico=78.1 Hz | -120.0 dB[0m
SPECTRUM_FRAME,95.063632,78.125000,-120.000000,hann,512,-120.000000,-120.000000,-120.000000,-120.000000,-120.000000,-120.000000,-120.000000,-120.000000,-120.000000,-120.000000,-120.000000,-120.000000,-120.000000,-120.000000,-120.000000,-120.000000,-120.000000,-120.000000,-120.000000,-120.000000,-120.000000,-120.000000,-120.000000,-120.000000,-120.000000,-120.000000,-120.000000,-120.000000,-120.000000,-120.000000,-120.000000,-120.000000,-120.000000,-120.000000,-120.000000,-120.000000,-120.000000,-120.000000,-120.000000,-120.000000,-120.000000,-120.000000,-120.000000,-120.000000,-120.000000,-120.000000,-120.000000,-120.000000,-120.000000,-120.000000,-120.000000,-120.000000,-120.000000,-120.000000,-120.000000,-120.000000,-120.000000,-120.000000,-120.000000,-120.000000,-120.000000,-120.000000,-120.000000,-120.000000,-120.000000,-120.000000,-120.000000,-120.000000,-120.000000,-120.000000,-120.000000,-120.000000,-120.000000,-120.000000,-120.000000,-120.000000,-120.000000,-120.000000,-120.000000,-120.000000,-120.000000,-120.000000,-120.000000,-120.000000,-120.000000,-120.000000,-120.000000,-120.000000,-120.000000,-120.000000,-120.000000,-120.000000,-120.000000,-120.000000,-120.000000,-120.000000,-120.000000,-120.000000,-120.000000,-120.000000,-120.000000,-120.000000,-120.000000,-120.000000,-120.000000,-120.000000,-120.000000,-120.000000,-120.000000,-120.000000,-120.000000,-120.000000,-120.000000,-120.000000,-120.000000,-120.000000,-120.000000,-120.000000,-120.000000,-120.000000,-120.000000,-120.000000,-120.000000,-120.000000,-120.000000,-120.000000,-120.000000,-120.000000,-120.000000,-120.000000,-120.000000,-120.000000,-120.000000,-120.000000,-120.000000,-120.000000,-120.000000,-120.000000,-120.000000,-120.000000,-120.000000,-120.000000,-120.000000,-120.000000,-120.000000,-120.000000,-120.000000,-120.000000,-120.000000,-120.000000,-120.000000,-120.000000,-120.000000,-120.000000,-120.000000,-120.000000,-120.000000,-120.000000,-120.000000,-120.000000,-120.000000,-120.000000,-120.000000,-120.000000,-120.000000,-120.000000,-120.000000,-120.000000,-120.000000,-120.000000,-120.000000,-120.000000,-120.000000,-120.000000,-120.000000,-120.000000,-120.000000,-120.000000,-120.000000,-120.000000,-120.000000,-120.000000,-120.000000,-120.000000,-120.000000,-120.000000,-120.000000,-120.000000,-120.000000,-120.000000,-120.000000,-120.000000,-120.000000,-120.000000,-120.000000,-120.000000,-120.000000,-120.000000,-120.000000,-120.000000,-120.000000,-120.000000,-120.000000,-120.000000,-120.000000,-120.000000,-120.000000,-120.000000,-120.000000,-120.000000,-120.000000,-120.000000,-120.000000,-120.000000,-120.000000,-120.000000,-120.000000,-120.000000,-120.000000,-120.000000,-120.000000,-120.000000,-120.000000,-120.000000,-120.000000,-120.000000,-120.000000,-120.000000,-120.000000,-120.000000,-120.000000,-120.000000,-120.000000,-120.000000,-120.000000,-120.000000,-120.000000,-120.000000,-120.000000,-120.000000,-120.000000,-120.000000,-120.000000,-120.000000,-120.000000,-120.000000,-120.000000,-120.000000,-120.000000,-120.000000,-120.000000,-120.000000,-120.000000,-120.000000,-120.000000,-120.000000,-120.000000,-120.000000,-120.000000,-120.000000,-120.000000,-120.000000,-120.000000,-120.000000,-120.000000,-120.000000,-120.000000,-120.000000,-120.000000,-120.000000,-120.000000,-120.000000,-120.000000,-120.000000,-120.000000,-120.000000,-120.000000,-120.000000,-120.000000,-120.000000,-120.000000,-120.000000,-120.000000,-120.000000,-120.000000,-120.000000,-120.000000,-120.000000,-120.000000,-120.000000,-120.000000,-120.000000,-120.000000,-120.000000,-120.000000,-120.000000,-120.000000,-120.000000,-120.000000,-120.000000,-120.000000,-120.000000,-120.000000,-120.000000,-120.000000,-120.000000,-120.000000,-120.000000,-120.000000,-120.000000,-120.000000,-120.000000,-120.000000,-120.000000,-120.000000,-120.000000,-120.000000,-120.000000,-120.000000,-120.000000,-120.000000,-120.000000,-120.000000,-120.000000,-120.000000,-120.000000,-120.000000,-120.000000,-120.000000,-120.000000,-120.000000,-120.000000,-120.000000,-120.000000,-120.000000,-120.000000,-120.000000,-120.000000,-120.000000,-120.000000,-120.000000,-120.000000,-120.000000,-120.000000,-120.000000,-120.000000,-120.000000,-120.000000,-120.000000,-120.000000,-120.000000,-120.000000,-120.000000,-120.000000,-120.000000,-120.000000,-120.000000,-120.000000,-120.000000,-120.000000,-120.000000,-120.000000,-120.000000,-120.000000,-120.000000,-120.000000,-120.000000,-120.000000,-120.000000,-120.000000,-120.000000,-120.000000,-120.000000,-120.000000,-120.000000,-120.000000,-120.000000,-120.000000,-120.000000,-120.000000,-120.000000,-120.000000,-120.000000,-120.000000,-120.000000,-120.000000,-120.000000,-120.000000,-120.000000,-120.000000,-120.000000,-120.000000,-120.000000,-120.000000,-120.000000,-120.000000,-120.000000,-120.000000,-120.000000,-120.000000,-120.000000,-120.000000,-120.000000,-120.000000,-120.000000,-120.000000,-120.000000,-120.000000,-120.000000,-120.000000,-120.000000,-120.000000,-120.000000,-120.000000,-120.000000,-120.000000,-120.000000,-120.000000,-120.000000,-120.000000,-120.000000,-120.000000,-120.000000,-120.000000,-120.000000,-120.000000,-120.000000,-120.000000,-120.000000,-120.000000,-120.000000,-120.000000,-120.000000,-120.000000,-120.000000,-120.000000,-120.000000,-120.000000,-120.000000,-120.000000,-120.000000,-120.000000,-120.000000,-120.000000,-120.000000,-120.000000,-120.000000,-120.000000,-120.000000,-120.000000,-120.000000,-120.000000,-120.000000,-120.000000,-120.000000,-120.000000,-120.000000,-120.000000,-120.000000,-120.000000,-120.000000,-120.000000,-120.000000,-120.000000,-120.000000,-120.000000,-120.000000,-120.000000,-120.000000,-120.000000,-120.000000,-120.000000,-120.000000,-120.000000,-120.000000,-120.000000,-120.000000,-120.000000,-120.000000,-120.000000,-120.000000,-120.000000,-120.000000,-120.000000,-120.000000,-120.000000,-120.000000,-120.000000,-120.000000,-120.000000,-120.000000,-120.000000,-120.000000,-120.000000,-120.000000,-120.000000,-120.000000,-120.000000,-120.000000,-120.000000,-120.000000,-120.000000,-120.000000,-120.000000,-120.000000,-120.000000,-120.000000,-120.000000,-120.000000,-120.000000,-120.000000,-120.000000
[0;32mI (95820) ANALISIS_ESPECTRO: Frame exportado | t=95.06 s | pico=78.1 Hz | -120.0 dB[0m
SPECTRUM_FRAME,96.086002,78.125000,-120.000000,hann,512,-120.000000,-120.000000,-120.000000,-120.000000,-120.000000,-120.000000,-120.000000,-120.000000,-120.000000,-120.000000,-120.000000,-120.000000,-120.000000,-120.000000,-120.000000,-120.000000,-120.000000,-120.000000,-120.000000,-120.000000,-120.000000,-120.000000,-120.000000,-120.000000,-120.000000,-120.000000,-120.000000,-120.000000,-120.000000,-120.000000,-120.000000,-120.000000,-120.000000,-120.000000,-120.000000,-120.000000,-120.000000,-120.000000,-120.000000,-120.000000,-120.000000,-120.000000,-120.000000,-120.000000,-120.000000,-120.000000,-120.000000,-120.000000,-120.000000,-120.000000,-120.000000,-120.000000,-120.000000,-120.000000,-120.000000,-120.000000,-120.000000,-120.000000,-120.000000,-120.000000,-120.000000,-120.000000,-120.000000,-120.000000,-120.000000,-120.000000,-120.000000,-120.000000,-120.000000,-120.000000,-120.000000,-120.000000,-120.000000,-120.000000,-120.000000,-120.000000,-120.000000,-120.000000,-120.000000,-120.000000,-120.000000,-120.000000,-120.000000,-120.000000,-120.000000,-120.000000,-120.000000,-120.000000,-120.000000,-120.000000,-120.000000,-120.000000,-120.000000,-120.000000,-120.000000,-120.000000,-120.000000,-120.000000,-120.000000,-120.000000,-120.000000,-120.000000,-120.000000,-120.000000,-120.000000,-120.000000,-120.000000,-120.000000,-120.000000,-120.000000,-120.000000,-120.000000,-120.000000,-120.000000,-120.000000,-120.000000,-120.000000,-120.000000,-120.000000,-120.000000,-120.000000,-120.000000,-120.000000,-120.000000,-120.000000,-120.000000,-120.000000,-120.000000,-120.000000,-120.000000,-120.000000,-120.000000,-120.000000,-120.000000,-120.000000,-120.000000,-120.000000,-120.000000,-120.000000,-120.000000,-120.000000,-120.000000,-120.000000,-120.000000,-120.000000,-120.000000,-120.000000,-120.000000,-120.000000,-120.000000,-120.000000,-120.000000,-120.000000,-120.000000,-120.000000,-120.000000,-120.000000,-120.000000,-120.000000,-120.000000,-120.000000,-120.000000,-120.000000,-120.000000,-120.000000,-120.000000,-120.000000,-120.000000,-120.000000,-120.000000,-120.000000,-120.000000,-120.000000,-120.000000,-120.000000,-120.000000,-120.000000,-120.000000,-120.000000,-120.000000,-120.000000,-120.000000,-120.000000,-120.000000,-120.000000,-120.000000,-120.000000,-120.000000,-120.000000,-120.000000,-120.000000,-120.000000,-120.000000,-120.000000,-120.000000,-120.000000,-120.000000,-120.000000,-120.000000,-120.000000,-120.000000,-120.000000,-120.000000,-120.000000,-120.000000,-120.000000,-120.000000,-120.000000,-120.000000,-120.000000,-120.000000,-120.000000,-120.000000,-120.000000,-120.000000,-120.000000,-120.000000,-120.000000,-120.000000,-120.000000,-120.000000,-120.000000,-120.000000,-120.000000,-120.000000,-120.000000,-120.000000,-120.000000,-120.000000,-120.000000,-120.000000,-120.000000,-120.000000,-120.000000,-120.000000,-120.000000,-120.000000,-120.000000,-120.000000,-120.000000,-120.000000,-120.000000,-120.000000,-120.000000,-120.000000,-120.000000,-120.000000,-120.000000,-120.000000,-120.000000,-120.000000,-120.000000,-120.000000,-120.000000,-120.000000,-120.000000,-120.000000,-120.000000,-120.000000,-120.000000,-120.000000,-120.000000,-120.000000,-120.000000,-120.000000,-120.000000,-120.000000,-120.000000,-120.000000,-120.000000,-120.000000,-120.000000,-120.000000,-120.000000,-120.000000,-120.000000,-120.000000,-120.000000,-120.000000,-120.000000,-120.000000,-120.000000,-120.000000,-120.000000,-120.000000,-120.000000,-120.000000,-120.000000,-120.000000,-120.000000,-120.000000,-120.000000,-120.000000,-120.000000,-120.000000,-120.000000,-120.000000,-120.000000,-120.000000,-120.000000,-120.000000,-120.000000,-120.000000,-120.000000,-120.000000,-120.000000,-120.000000,-120.000000,-120.000000,-120.000000,-120.000000,-120.000000,-120.000000,-120.000000,-120.000000,-120.000000,-120.000000,-120.000000,-120.000000,-120.000000,-120.000000,-120.000000,-120.000000,-120.000000,-120.000000,-120.000000,-120.000000,-120.000000,-120.000000,-120.000000,-120.000000,-120.000000,-120.000000,-120.000000,-120.000000,-120.000000,-120.000000,-120.000000,-120.000000,-120.000000,-120.000000,-120.000000,-120.000000,-120.000000,-120.000000,-120.000000,-120.000000,-120.000000,-120.000000,-120.000000,-120.000000,-120.000000,-120.000000,-120.000000,-120.000000,-120.000000,-120.000000,-120.000000,-120.000000,-120.000000,-120.000000,-120.000000,-120.000000,-120.000000,-120.000000,-120.000000,-120.000000,-120.000000,-120.000000,-120.000000,-120.000000,-120.000000,-120.000000,-120.000000,-120.000000,-120.000000,-120.000000,-120.000000,-120.000000,-120.000000,-120.000000,-120.000000,-120.000000,-120.000000,-120.000000,-120.000000,-120.000000,-120.000000,-120.000000,-120.000000,-120.000000,-120.000000,-120.000000,-120.000000,-120.000000,-120.000000,-120.000000,-120.000000,-120.000000,-120.000000,-120.000000,-120.000000,-120.000000,-120.000000,-120.000000,-120.000000,-120.000000,-120.000000,-120.000000,-120.000000,-120.000000,-120.000000,-120.000000,-120.000000,-120.000000,-120.000000,-120.000000,-120.000000,-120.000000,-120.000000,-120.000000,-120.000000,-120.000000,-120.000000,-120.000000,-120.000000,-120.000000,-120.000000,-120.000000,-120.000000,-120.000000,-120.000000,-120.000000,-120.000000,-120.000000,-120.000000,-120.000000,-120.000000,-120.000000,-120.000000,-120.000000,-120.000000,-120.000000,-120.000000,-120.000000,-120.000000,-120.000000,-120.000000,-120.000000,-120.000000,-120.000000,-120.000000,-120.000000,-120.000000,-120.000000,-120.000000,-120.000000,-120.000000,-120.000000,-120.000000,-120.000000,-120.000000,-120.000000,-120.000000,-120.000000,-120.000000,-120.000000,-120.000000,-120.000000,-120.000000,-120.000000,-120.000000,-120.000000,-120.000000,-120.000000,-120.000000,-120.000000,-120.000000,-120.000000,-120.000000,-120.000000,-120.000000,-120.000000,-120.000000,-120.000000,-120.000000,-120.000000,-120.000000,-120.000000,-120.000000,-120.000000,-120.000000,-120.000000,-120.000000,-120.000000,-120.000000,-120.000000,-120.000000,-120.000000,-120.000000,-120.000000,-120.000000,-120.000000,-120.000000,-120.000000,-120.000000,-120.000000,-120.000000,-120.000000,-120.000000,-120.000000,-120.000000
[0;32mI (96840) ANALISIS_ESPECTRO: Frame exportado | t=96.09 s | pico=78.1 Hz | -120.0 dB[0m
SPECTRUM_FRAME,97.108355,78.125000,-120.000000,hann,512,-120.000000,-120.000000,-120.000000,-120.000000,-120.000000,-120.000000,-120.000000,-120.000000,-120.000000,-120.000000,-120.000000,-120.000000,-120.000000,-120.000000,-120.000000,-120.000000,-120.000000,-120.000000,-120.000000,-120.000000,-120.000000,-120.000000,-120.000000,-120.000000,-120.000000,-120.000000,-120.000000,-120.000000,-120.000000,-120.000000,-120.000000,-120.000000,-120.000000,-120.000000,-120.000000,-120.000000,-120.000000,-120.000000,-120.000000,-120.000000,-120.000000,-120.000000,-120.000000,-120.000000,-120.000000,-120.000000,-120.000000,-120.000000,-120.000000,-120.000000,-120.000000,-120.000000,-120.000000,-120.000000,-120.000000,-120.000000,-120.000000,-120.000000,-120.000000,-120.000000,-120.000000,-120.000000,-120.000000,-120.000000,-120.000000,-120.000000,-120.000000,-120.000000,-120.000000,-120.000000,-120.000000,-120.000000,-120.000000,-120.000000,-120.000000,-120.000000,-120.000000,-120.000000,-120.000000,-120.000000,-120.000000,-120.000000,-120.000000,-120.000000,-120.000000,-120.000000,-120.000000,-120.000000,-120.000000,-120.000000,-120.000000,-120.000000,-120.000000,-120.000000,-120.000000,-120.000000,-120.000000,-120.000000,-120.000000,-120.000000,-120.000000,-120.000000,-120.000000,-120.000000,-120.000000,-120.000000,-120.000000,-120.000000,-120.000000,-120.000000,-120.000000,-120.000000,-120.000000,-120.000000,-120.000000,-120.000000,-120.000000,-120.000000,-120.000000,-120.000000,-120.000000,-120.000000,-120.000000,-120.000000,-120.000000,-120.000000,-120.000000,-120.000000,-120.000000,-120.000000,-120.000000,-120.000000,-120.000000,-120.000000,-120.000000,-120.000000,-120.000000,-120.000000,-120.000000,-120.000000,-120.000000,-120.000000,-120.000000,-120.000000,-120.000000,-120.000000,-120.000000,-120.000000,-120.000000,-120.000000,-120.000000,-120.000000,-120.000000,-120.000000,-120.000000,-120.000000,-120.000000,-120.000000,-120.000000,-120.000000,-120.000000,-120.000000,-120.000000,-120.000000,-120.000000,-120.000000,-120.000000,-120.000000,-120.000000,-120.000000,-120.000000,-120.000000,-120.000000,-120.000000,-120.000000,-120.000000,-120.000000,-120.000000,-120.000000,-120.000000,-120.000000,-120.000000,-120.000000,-120.000000,-120.000000,-120.000000,-120.000000,-120.000000,-120.000000,-120.000000,-120.000000,-120.000000,-120.000000,-120.000000,-120.000000,-120.000000,-120.000000,-120.000000,-120.000000,-120.000000,-120.000000,-120.000000,-120.000000,-120.000000,-120.000000,-120.000000,-120.000000,-120.000000,-120.000000,-120.000000,-120.000000,-120.000000,-120.000000,-120.000000,-120.000000,-120.000000,-120.000000,-120.000000,-120.000000,-120.000000,-120.000000,-120.000000,-120.000000,-120.000000,-120.000000,-120.000000,-120.000000,-120.000000,-120.000000,-120.000000,-120.000000,-120.000000,-120.000000,-120.000000,-120.000000,-120.000000,-120.000000,-120.000000,-120.000000,-120.000000,-120.000000,-120.000000,-120.000000,-120.000000,-120.000000,-120.000000,-120.000000,-120.000000,-120.000000,-120.000000,-120.000000,-120.000000,-120.000000,-120.000000,-120.000000,-120.000000,-120.000000,-120.000000,-120.000000,-120.000000,-120.000000,-120.000000,-120.000000,-120.000000,-120.000000,-120.000000,-120.000000,-120.000000,-120.000000,-120.000000,-120.000000,-120.000000,-120.000000,-120.000000,-120.000000,-120.000000,-120.000000,-120.000000,-120.000000,-120.000000,-120.000000,-120.000000,-120.000000,-120.000000,-120.000000,-120.000000,-120.000000,-120.000000,-120.000000,-120.000000,-120.000000,-120.000000,-120.000000,-120.000000,-120.000000,-120.000000,-120.000000,-120.000000,-120.000000,-120.000000,-120.000000,-120.000000,-120.000000,-120.000000,-120.000000,-120.000000,-120.000000,-120.000000,-120.000000,-120.000000,-120.000000,-120.000000,-120.000000,-120.000000,-120.000000,-120.000000,-120.000000,-120.000000,-120.000000,-120.000000,-120.000000,-120.000000,-120.000000,-120.000000,-120.000000,-120.000000,-120.000000,-120.000000,-120.000000,-120.000000,-120.000000,-120.000000,-120.000000,-120.000000,-120.000000,-120.000000,-120.000000,-120.000000,-120.000000,-120.000000,-120.000000,-120.000000,-120.000000,-120.000000,-120.000000,-120.000000,-120.000000,-120.000000,-120.000000,-120.000000,-120.000000,-120.000000,-120.000000,-120.000000,-120.000000,-120.000000,-120.000000,-120.000000,-120.000000,-120.000000,-120.000000,-120.000000,-120.000000,-120.000000,-120.000000,-120.000000,-120.000000,-120.000000,-120.000000,-120.000000,-120.000000,-120.000000,-120.000000,-120.000000,-120.000000,-120.000000,-120.000000,-120.000000,-120.000000,-120.000000,-120.000000,-120.000000,-120.000000,-120.000000,-120.000000,-120.000000,-120.000000,-120.000000,-120.000000,-120.000000,-120.000000,-120.000000,-120.000000,-120.000000,-120.000000,-120.000000,-120.000000,-120.000000,-120.000000,-120.000000,-120.000000,-120.000000,-120.000000,-120.000000,-120.000000,-120.000000,-120.000000,-120.000000,-120.000000,-120.000000,-120.000000,-120.000000,-120.000000,-120.000000,-120.000000,-120.000000,-120.000000,-120.000000,-120.000000,-120.000000,-120.000000,-120.000000,-120.000000,-120.000000,-120.000000,-120.000000,-120.000000,-120.000000,-120.000000,-120.000000,-120.000000,-120.000000,-120.000000,-120.000000,-120.000000,-120.000000,-120.000000,-120.000000,-120.000000,-120.000000,-120.000000,-120.000000,-120.000000,-120.000000,-120.000000,-120.000000,-120.000000,-120.000000,-120.000000,-120.000000,-120.000000,-120.000000,-120.000000,-120.000000,-120.000000,-120.000000,-120.000000,-120.000000,-120.000000,-120.000000,-120.000000,-120.000000,-120.000000,-120.000000,-120.000000,-120.000000,-120.000000,-120.000000,-120.000000,-120.000000,-120.000000,-120.000000,-120.000000,-120.000000,-120.000000,-120.000000,-120.000000,-120.000000,-120.000000,-120.000000,-120.000000,-120.000000,-120.000000,-120.000000,-120.000000,-120.000000,-120.000000,-120.000000,-120.000000,-120.000000,-120.000000,-120.000000,-120.000000,-120.000000,-120.000000,-120.000000,-120.000000,-120.000000,-120.000000,-120.000000,-120.000000,-120.000000,-120.000000,-120.000000,-120.000000,-120.000000,-120.000000,-120.000000,-120.000000,-120.000000,-120.000000,-120.000000
[0;32mI (97870) ANALISIS_ESPECTRO: Frame exportado | t=97.11 s | pico=78.1 Hz | -120.0 dB[0m
SPECTRUM_FRAME,98.130717,78.125000,-120.000000,hann,512,-120.000000,-120.000000,-120.000000,-120.000000,-120.000000,-120.000000,-120.000000,-120.000000,-120.000000,-120.000000,-120.000000,-120.000000,-120.000000,-120.000000,-120.000000,-120.000000,-120.000000,-120.000000,-120.000000,-120.000000,-120.000000,-120.000000,-120.000000,-120.000000,-120.000000,-120.000000,-120.000000,-120.000000,-120.000000,-120.000000,-120.000000,-120.000000,-120.000000,-120.000000,-120.000000,-120.000000,-120.000000,-120.000000,-120.000000,-120.000000,-120.000000,-120.000000,-120.000000,-120.000000,-120.000000,-120.000000,-120.000000,-120.000000,-120.000000,-120.000000,-120.000000,-120.000000,-120.000000,-120.000000,-120.000000,-120.000000,-120.000000,-120.000000,-120.000000,-120.000000,-120.000000,-120.000000,-120.000000,-120.000000,-120.000000,-120.000000,-120.000000,-120.000000,-120.000000,-120.000000,-120.000000,-120.000000,-120.000000,-120.000000,-120.000000,-120.000000,-120.000000,-120.000000,-120.000000,-120.000000,-120.000000,-120.000000,-120.000000,-120.000000,-120.000000,-120.000000,-120.000000,-120.000000,-120.000000,-120.000000,-120.000000,-120.000000,-120.000000,-120.000000,-120.000000,-120.000000,-120.000000,-120.000000,-120.000000,-120.000000,-120.000000,-120.000000,-120.000000,-120.000000,-120.000000,-120.000000,-120.000000,-120.000000,-120.000000,-120.000000,-120.000000,-120.000000,-120.000000,-120.000000,-120.000000,-120.000000,-120.000000,-120.000000,-120.000000,-120.000000,-120.000000,-120.000000,-120.000000,-120.000000,-120.000000,-120.000000,-120.000000,-120.000000,-120.000000,-120.000000,-120.000000,-120.000000,-120.000000,-120.000000,-120.000000,-120.000000,-120.000000,-120.000000,-120.000000,-120.000000,-120.000000,-120.000000,-120.000000,-120.000000,-120.000000,-120.000000,-120.000000,-120.000000,-120.000000,-120.000000,-120.000000,-120.000000,-120.000000,-120.000000,-120.000000,-120.000000,-120.000000,-120.000000,-120.000000,-120.000000,-120.000000,-120.000000,-120.000000,-120.000000,-120.000000,-120.000000,-120.000000,-120.000000,-120.000000,-120.000000,-120.000000,-120.000000,-120.000000,-120.000000,-120.000000,-120.000000,-120.000000,-120.000000,-120.000000,-120.000000,-120.000000,-120.000000,-120.000000,-120.000000,-120.000000,-120.000000,-120.000000,-120.000000,-120.000000,-120.000000,-120.000000,-120.000000,-120.000000,-120.000000,-120.000000,-120.000000,-120.000000,-120.000000,-120.000000,-120.000000,-120.000000,-120.000000,-120.000000,-120.000000,-120.000000,-120.000000,-120.000000,-120.000000,-120.000000,-120.000000,-120.000000,-120.000000,-120.000000,-120.000000,-120.000000,-120.000000,-120.000000,-120.000000,-120.000000,-120.000000,-120.000000,-120.000000,-120.000000,-120.000000,-120.000000,-120.000000,-120.000000,-120.000000,-120.000000,-120.000000,-120.000000,-120.000000,-120.000000,-120.000000,-120.000000,-120.000000,-120.000000,-120.000000,-120.000000,-120.000000,-120.000000,-120.000000,-120.000000,-120.000000,-120.000000,-120.000000,-120.000000,-120.000000,-120.000000,-120.000000,-120.000000,-120.000000,-120.000000,-120.000000,-120.000000,-120.000000,-120.000000,-120.000000,-120.000000,-120.000000,-120.000000,-120.000000,-120.000000,-120.000000,-120.000000,-120.000000,-120.000000,-120.000000,-120.000000,-120.000000,-120.000000,-120.000000,-120.000000,-120.000000,-120.000000,-120.000000,-120.000000,-120.000000,-120.000000,-120.000000,-120.000000,-120.000000,-120.000000,-120.000000,-120.000000,-120.000000,-120.000000,-120.000000,-120.000000,-120.000000,-120.000000,-120.000000,-120.000000,-120.000000,-120.000000,-120.000000,-120.000000,-120.000000,-120.000000,-120.000000,-120.000000,-120.000000,-120.000000,-120.000000,-120.000000,-120.000000,-120.000000,-120.000000,-120.000000,-120.000000,-120.000000,-120.000000,-120.000000,-120.000000,-120.000000,-120.000000,-120.000000,-120.000000,-120.000000,-120.000000,-120.000000,-120.000000,-120.000000,-120.000000,-120.000000,-120.000000,-120.000000,-120.000000,-120.000000,-120.000000,-120.000000,-120.000000,-120.000000,-120.000000,-120.000000,-120.000000,-120.000000,-120.000000,-120.000000,-120.000000,-120.000000,-120.000000,-120.000000,-120.000000,-120.000000,-120.000000,-120.000000,-120.000000,-120.000000,-120.000000,-120.000000,-120.000000,-120.000000,-120.000000,-120.000000,-120.000000,-120.000000,-120.000000,-120.000000,-120.000000,-120.000000,-120.000000,-120.000000,-120.000000,-120.000000,-120.000000,-120.000000,-120.000000,-120.000000,-120.000000,-120.000000,-120.000000,-120.000000,-120.000000,-120.000000,-120.000000,-120.000000,-120.000000,-120.000000,-120.000000,-120.000000,-120.000000,-120.000000,-120.000000,-120.000000,-120.000000,-120.000000,-120.000000,-120.000000,-120.000000,-120.000000,-120.000000,-120.000000,-120.000000,-120.000000,-120.000000,-120.000000,-120.000000,-120.000000,-120.000000,-120.000000,-120.000000,-120.000000,-120.000000,-120.000000,-120.000000,-120.000000,-120.000000,-120.000000,-120.000000,-120.000000,-120.000000,-120.000000,-120.000000,-120.000000,-120.000000,-120.000000,-120.000000,-120.000000,-120.000000,-120.000000,-120.000000,-120.000000,-120.000000,-120.000000,-120.000000,-120.000000,-120.000000,-120.000000,-120.000000,-120.000000,-120.000000,-120.000000,-120.000000,-120.000000,-120.000000,-120.000000,-120.000000,-120.000000,-120.000000,-120.000000,-120.000000,-120.000000,-120.000000,-120.000000,-120.000000,-120.000000,-120.000000,-120.000000,-120.000000,-120.000000,-120.000000,-120.000000,-120.000000,-120.000000,-120.000000,-120.000000,-120.000000,-120.000000,-120.000000,-120.000000,-120.000000,-120.000000,-120.000000,-120.000000,-120.000000,-120.000000,-120.000000,-120.000000,-120.000000,-120.000000,-120.000000,-120.000000,-120.000000,-120.000000,-120.000000,-120.000000,-120.000000,-120.000000,-120.000000,-120.000000,-120.000000,-120.000000,-120.000000,-120.000000,-120.000000,-120.000000,-120.000000,-120.000000,-120.000000,-120.000000,-120.000000,-120.000000,-120.000000,-120.000000,-120.000000,-120.000000,-120.000000,-120.000000,-120.000000,-120.000000,-120.000000,-120.000000,-120.000000,-120.000000,-120.000000,-120.000000,-120.000000,-120.000000,-120.000000,-120.000000,-120.000000
[0;32mI (98890) ANALISIS_ESPECTRO: Frame exportado | t=98.13 s | pico=78.1 Hz | -120.0 dB[0m
SPECTRUM_FRAME,99.153078,78.125000,-120.000000,hann,512,-120.000000,-120.000000,-120.000000,-120.000000,-120.000000,-120.000000,-120.000000,-120.000000,-120.000000,-120.000000,-120.000000,-120.000000,-120.000000,-120.000000,-120.000000,-120.000000,-120.000000,-120.000000,-120.000000,-120.000000,-120.000000,-120.000000,-120.000000,-120.000000,-120.000000,-120.000000,-120.000000,-120.000000,-120.000000,-120.000000,-120.000000,-120.000000,-120.000000,-120.000000,-120.000000,-120.000000,-120.000000,-120.000000,-120.000000,-120.000000,-120.000000,-120.000000,-120.000000,-120.000000,-120.000000,-120.000000,-120.000000,-120.000000,-120.000000,-120.000000,-120.000000,-120.000000,-120.000000,-120.000000,-120.000000,-120.000000,-120.000000,-120.000000,-120.000000,-120.000000,-120.000000,-120.000000,-120.000000,-120.000000,-120.000000,-120.000000,-120.000000,-120.000000,-120.000000,-120.000000,-120.000000,-120.000000,-120.000000,-120.000000,-120.000000,-120.000000,-120.000000,-120.000000,-120.000000,-120.000000,-120.000000,-120.000000,-120.000000,-120.000000,-120.000000,-120.000000,-120.000000,-120.000000,-120.000000,-120.000000,-120.000000,-120.000000,-120.000000,-120.000000,-120.000000,-120.000000,-120.000000,-120.000000,-120.000000,-120.000000,-120.000000,-120.000000,-120.000000,-120.000000,-120.000000,-120.000000,-120.000000,-120.000000,-120.000000,-120.000000,-120.000000,-120.000000,-120.000000,-120.000000,-120.000000,-120.000000,-120.000000,-120.000000,-120.000000,-120.000000,-120.000000,-120.000000,-120.000000,-120.000000,-120.000000,-120.000000,-120.000000,-120.000000,-120.000000,-120.000000,-120.000000,-120.000000,-120.000000,-120.000000,-120.000000,-120.000000,-120.000000,-120.000000,-120.000000,-120.000000,-120.000000,-120.000000,-120.000000,-120.000000,-120.000000,-120.000000,-120.000000,-120.000000,-120.000000,-120.000000,-120.000000,-120.000000,-120.000000,-120.000000,-120.000000,-120.000000,-120.000000,-120.000000,-120.000000,-120.000000,-120.000000,-120.000000,-120.000000,-120.000000,-120.000000,-120.000000,-120.000000,-120.000000,-120.000000,-120.000000,-120.000000,-120.000000,-120.000000,-120.000000,-120.000000,-120.000000,-120.000000,-120.000000,-120.000000,-120.000000,-120.000000,-120.000000,-120.000000,-120.000000,-120.000000,-120.000000,-120.000000,-120.000000,-120.000000,-120.000000,-120.000000,-120.000000,-120.000000,-120.000000,-120.000000,-120.000000,-120.000000,-120.000000,-120.000000,-120.000000,-120.000000,-120.000000,-120.000000,-120.000000,-120.000000,-120.000000,-120.000000,-120.000000,-120.000000,-120.000000,-120.000000,-120.000000,-120.000000,-120.000000,-120.000000,-120.000000,-120.000000,-120.000000,-120.000000,-120.000000,-120.000000,-120.000000,-120.000000,-120.000000,-120.000000,-120.000000,-120.000000,-120.000000,-120.000000,-120.000000,-120.000000,-120.000000,-120.000000,-120.000000,-120.000000,-120.000000,-120.000000,-120.000000,-120.000000,-120.000000,-120.000000,-120.000000,-120.000000,-120.000000,-120.000000,-120.000000,-120.000000,-120.000000,-120.000000,-120.000000,-120.000000,-120.000000,-120.000000,-120.000000,-120.000000,-120.000000,-120.000000,-120.000000,-120.000000,-120.000000,-120.000000,-120.000000,-120.000000,-120.000000,-120.000000,-120.000000,-120.000000,-120.000000,-120.000000,-120.000000,-120.000000,-120.000000,-120.000000,-120.000000,-120.000000,-120.000000,-120.000000,-120.000000,-120.000000,-120.000000,-120.000000,-120.000000,-120.000000,-120.000000,-120.000000,-120.000000,-120.000000,-120.000000,-120.000000,-120.000000,-120.000000,-120.000000,-120.000000,-120.000000,-120.000000,-120.000000,-120.000000,-120.000000,-120.000000,-120.000000,-120.000000,-120.000000,-120.000000,-120.000000,-120.000000,-120.000000,-120.000000,-120.000000,-120.000000,-120.000000,-120.000000,-120.000000,-120.000000,-120.000000,-120.000000,-120.000000,-120.000000,-120.000000,-120.000000,-120.000000,-120.000000,-120.000000,-120.000000,-120.000000,-120.000000,-120.000000,-120.000000,-120.000000,-120.000000,-120.000000,-120.000000,-120.000000,-120.000000,-120.000000,-120.000000,-120.000000,-120.000000,-120.000000,-120.000000,-120.000000,-120.000000,-120.000000,-120.000000,-120.000000,-120.000000,-120.000000,-120.000000,-120.000000,-120.000000,-120.000000,-120.000000,-120.000000,-120.000000,-120.000000,-120.000000,-120.000000,-120.000000,-120.000000,-120.000000,-120.000000,-120.000000,-120.000000,-120.000000,-120.000000,-120.000000,-120.000000,-120.000000,-120.000000,-120.000000,-120.000000,-120.000000,-120.000000,-120.000000,-120.000000,-120.000000,-120.000000,-120.000000,-120.000000,-120.000000,-120.000000,-120.000000,-120.000000,-120.000000,-120.000000,-120.000000,-120.000000,-120.000000,-120.000000,-120.000000,-120.000000,-120.000000,-120.000000,-120.000000,-120.000000,-120.000000,-120.000000,-120.000000,-120.000000,-120.000000,-120.000000,-120.000000,-120.000000,-120.000000,-120.000000,-120.000000,-120.000000,-120.000000,-120.000000,-120.000000,-120.000000,-120.000000,-120.000000,-120.000000,-120.000000,-120.000000,-120.000000,-120.000000,-120.000000,-120.000000,-120.000000,-120.000000,-120.000000,-120.000000,-120.000000,-120.000000,-120.000000,-120.000000,-120.000000,-120.000000,-120.000000,-120.000000,-120.000000,-120.000000,-120.000000,-120.000000,-120.000000,-120.000000,-120.000000,-120.000000,-120.000000,-120.000000,-120.000000,-120.000000,-120.000000,-120.000000,-120.000000,-120.000000,-120.000000,-120.000000,-120.000000,-120.000000,-120.000000,-120.000000,-120.000000,-120.000000,-120.000000,-120.000000,-120.000000,-120.000000,-120.000000,-120.000000,-120.000000,-120.000000,-120.000000,-120.000000,-120.000000,-120.000000,-120.000000,-120.000000,-120.000000,-120.000000,-120.000000,-120.000000,-120.000000,-120.000000,-120.000000,-120.000000,-120.000000,-120.000000,-120.000000,-120.000000,-120.000000,-120.000000,-120.000000,-120.000000,-120.000000,-120.000000,-120.000000,-120.000000,-120.000000,-120.000000,-120.000000,-120.000000,-120.000000,-120.000000,-120.000000,-120.000000,-120.000000,-120.000000,-120.000000,-120.000000,-120.000000,-120.000000,-120.000000,-120.000000,-120.000000,-120.000000,-120.000000,-120.000000,-120.000000,-120.000000,-120.000000
[0;32mI (99910) ANALISIS_ESPECTRO: Frame exportado | t=99.15 s | pico=78.1 Hz | -120.0 dB[0m
SPECTRUM_FRAME,100.175449,78.125000,-120.000000,hann,512,-120.000000,-120.000000,-120.000000,-120.000000,-120.000000,-120.000000,-120.000000,-120.000000,-120.000000,-120.000000,-120.000000,-120.000000,-120.000000,-120.000000,-120.000000,-120.000000,-120.000000,-120.000000,-120.000000,-120.000000,-120.000000,-120.000000,-120.000000,-120.000000,-120.000000,-120.000000,-120.000000,-120.000000,-120.000000,-120.000000,-120.000000,-120.000000,-120.000000,-120.000000,-120.000000,-120.000000,-120.000000,-120.000000,-120.000000,-120.000000,-120.000000,-120.000000,-120.000000,-120.000000,-120.000000,-120.000000,-120.000000,-120.000000,-120.000000,-120.000000,-120.000000,-120.000000,-120.000000,-120.000000,-120.000000,-120.000000,-120.000000,-120.000000,-120.000000,-120.000000,-120.000000,-120.000000,-120.000000,-120.000000,-120.000000,-120.000000,-120.000000,-120.000000,-120.000000,-120.000000,-120.000000,-120.000000,-120.000000,-120.000000,-120.000000,-120.000000,-120.000000,-120.000000,-120.000000,-120.000000,-120.000000,-120.000000,-120.000000,-120.000000,-120.000000,-120.000000,-120.000000,-120.000000,-120.000000,-120.000000,-120.000000,-120.000000,-120.000000,-120.000000,-120.000000,-120.000000,-120.000000,-120.000000,-120.000000,-120.000000,-120.000000,-120.000000,-120.000000,-120.000000,-120.000000,-120.000000,-120.000000,-120.000000,-120.000000,-120.000000,-120.000000,-120.000000,-120.000000,-120.000000,-120.000000,-120.000000,-120.000000,-120.000000,-120.000000,-120.000000,-120.000000,-120.000000,-120.000000,-120.000000,-120.000000,-120.000000,-120.000000,-120.000000,-120.000000,-120.000000,-120.000000,-120.000000,-120.000000,-120.000000,-120.000000,-120.000000,-120.000000,-120.000000,-120.000000,-120.000000,-120.000000,-120.000000,-120.000000,-120.000000,-120.000000,-120.000000,-120.000000,-120.000000,-120.000000,-120.000000,-120.000000,-120.000000,-120.000000,-120.000000,-120.000000,-120.000000,-120.000000,-120.000000,-120.000000,-120.000000,-120.000000,-120.000000,-120.000000,-120.000000,-120.000000,-120.000000,-120.000000,-120.000000,-120.000000,-120.000000,-120.000000,-120.000000,-120.000000,-120.000000,-120.000000,-120.000000,-120.000000,-120.000000,-120.000000,-120.000000,-120.000000,-120.000000,-120.000000,-120.000000,-120.000000,-120.000000,-120.000000,-120.000000,-120.000000,-120.000000,-120.000000,-120.000000,-120.000000,-120.000000,-120.000000,-120.000000,-120.000000,-120.000000,-120.000000,-120.000000,-120.000000,-120.000000,-120.000000,-120.000000,-120.000000,-120.000000,-120.000000,-120.000000,-120.000000,-120.000000,-120.000000,-120.000000,-120.000000,-120.000000,-120.000000,-120.000000,-120.000000,-120.000000,-120.000000,-120.000000,-120.000000,-120.000000,-120.000000,-120.000000,-120.000000,-120.000000,-120.000000,-120.000000,-120.000000,-120.000000,-120.000000,-120.000000,-120.000000,-120.000000,-120.000000,-120.000000,-120.000000,-120.000000,-120.000000,-120.000000,-120.000000,-120.000000,-120.000000,-120.000000,-120.000000,-120.000000,-120.000000,-120.000000,-120.000000,-120.000000,-120.000000,-120.000000,-120.000000,-120.000000,-120.000000,-120.000000,-120.000000,-120.000000,-120.000000,-120.000000,-120.000000,-120.000000,-120.000000,-120.000000,-120.000000,-120.000000,-120.000000,-120.000000,-120.000000,-120.000000,-120.000000,-120.000000,-120.000000,-120.000000,-120.000000,-120.000000,-120.000000,-120.000000,-120.000000,-120.000000,-120.000000,-120.000000,-120.000000,-120.000000,-120.000000,-120.000000,-120.000000,-120.000000,-120.000000,-120.000000,-120.000000,-120.000000,-120.000000,-120.000000,-120.000000,-120.000000,-120.000000,-120.000000,-120.000000,-120.000000,-120.000000,-120.000000,-120.000000,-120.000000,-120.000000,-120.000000,-120.000000,-120.000000,-120.000000,-120.000000,-120.000000,-120.000000,-120.000000,-120.000000,-120.000000,-120.000000,-120.000000,-120.000000,-120.000000,-120.000000,-120.000000,-120.000000,-120.000000,-120.000000,-120.000000,-120.000000,-120.000000,-120.000000,-120.000000,-120.000000,-120.000000,-120.000000,-120.000000,-120.000000,-120.000000,-120.000000,-120.000000,-120.000000,-120.000000,-120.000000,-120.000000,-120.000000,-120.000000,-120.000000,-120.000000,-120.000000,-120.000000,-120.000000,-120.000000,-120.000000,-120.000000,-120.000000,-120.000000,-120.000000,-120.000000,-120.000000,-120.000000,-120.000000,-120.000000,-120.000000,-120.000000,-120.000000,-120.000000,-120.000000,-120.000000,-120.000000,-120.000000,-120.000000,-120.000000,-120.000000,-120.000000,-120.000000,-120.000000,-120.000000,-120.000000,-120.000000,-120.000000,-120.000000,-120.000000,-120.000000,-120.000000,-120.000000,-120.000000,-120.000000,-120.000000,-120.000000,-120.000000,-120.000000,-120.000000,-120.000000,-120.000000,-120.000000,-120.000000,-120.000000,-120.000000,-120.000000,-120.000000,-120.000000,-120.000000,-120.000000,-120.000000,-120.000000,-120.000000,-120.000000,-120.000000,-120.000000,-120.000000,-120.000000,-120.000000,-120.000000,-120.000000,-120.000000,-120.000000,-120.000000,-120.000000,-120.000000,-120.000000,-120.000000,-120.000000,-120.000000,-120.000000,-120.000000,-120.000000,-120.000000,-120.000000,-120.000000,-120.000000,-120.000000,-120.000000,-120.000000,-120.000000,-120.000000,-120.000000,-120.000000,-120.000000,-120.000000,-120.000000,-120.000000,-120.000000,-120.000000,-120.000000,-120.000000,-120.000000,-120.000000,-120.000000,-120.000000,-120.000000,-120.000000,-120.000000,-120.000000,-120.000000,-120.000000,-120.000000,-120.000000,-120.000000,-120.000000,-120.000000,-120.000000,-120.000000,-120.000000,-120.000000,-120.000000,-120.000000,-120.000000,-120.000000,-120.000000,-120.000000,-120.000000,-120.000000,-120.000000,-120.000000,-120.000000,-120.000000,-120.000000,-120.000000,-120.000000,-120.000000,-120.000000,-120.000000,-120.000000,-120.000000,-120.000000,-120.000000,-120.000000,-120.000000,-120.000000,-120.000000,-120.000000,-120.000000,-120.000000,-120.000000,-120.000000,-120.000000,-120.000000,-120.000000,-120.000000,-120.000000,-120.000000,-120.000000,-120.000000,-120.000000,-120.000000,-120.000000,-120.000000,-120.000000,-120.000000,-120.000000,-120.000000,-120.000000,-120.000000,-120.000000,-120.000000
[0;32mI (100930) ANALISIS_ESPECTRO: Frame exportado | t=100.18 s | pico=78.1 Hz | -120.0 dB[0m
SPECTRUM_FRAME,101.197801,78.125000,-120.000000,hann,512,-120.000000,-120.000000,-120.000000,-120.000000,-120.000000,-120.000000,-120.000000,-120.000000,-120.000000,-120.000000,-120.000000,-120.000000,-120.000000,-120.000000,-120.000000,-120.000000,-120.000000,-120.000000,-120.000000,-120.000000,-120.000000,-120.000000,-120.000000,-120.000000,-120.000000,-120.000000,-120.000000,-120.000000,-120.000000,-120.000000,-120.000000,-120.000000,-120.000000,-120.000000,-120.000000,-120.000000,-120.000000,-120.000000,-120.000000,-120.000000,-120.000000,-120.000000,-120.000000,-120.000000,-120.000000,-120.000000,-120.000000,-120.000000,-120.000000,-120.000000,-120.000000,-120.000000,-120.000000,-120.000000,-120.000000,-120.000000,-120.000000,-120.000000,-120.000000,-120.000000,-120.000000,-120.000000,-120.000000,-120.000000,-120.000000,-120.000000,-120.000000,-120.000000,-120.000000,-120.000000,-120.000000,-120.000000,-120.000000,-120.000000,-120.000000,-120.000000,-120.000000,-120.000000,-120.000000,-120.000000,-120.000000,-120.000000,-120.000000,-120.000000,-120.000000,-120.000000,-120.000000,-120.000000,-120.000000,-120.000000,-120.000000,-120.000000,-120.000000,-120.000000,-120.000000,-120.000000,-120.000000,-120.000000,-120.000000,-120.000000,-120.000000,-120.000000,-120.000000,-120.000000,-120.000000,-120.000000,-120.000000,-120.000000,-120.000000,-120.000000,-120.000000,-120.000000,-120.000000,-120.000000,-120.000000,-120.000000,-120.000000,-120.000000,-120.000000,-120.000000,-120.000000,-120.000000,-120.000000,-120.000000,-120.000000,-120.000000,-120.000000,-120.000000,-120.000000,-120.000000,-120.000000,-120.000000,-120.000000,-120.000000,-120.000000,-120.000000,-120.000000,-120.000000,-120.000000,-120.000000,-120.000000,-120.000000,-120.000000,-120.000000,-120.000000,-120.000000,-120.000000,-120.000000,-120.000000,-120.000000,-120.000000,-120.000000,-120.000000,-120.000000,-120.000000,-120.000000,-120.000000,-120.000000,-120.000000,-120.000000,-120.000000,-120.000000,-120.000000,-120.000000,-120.000000,-120.000000,-120.000000,-120.000000,-120.000000,-120.000000,-120.000000,-120.000000,-120.000000,-120.000000,-120.000000,-120.000000,-120.000000,-120.000000,-120.000000,-120.000000,-120.000000,-120.000000,-120.000000,-120.000000,-120.000000,-120.000000,-120.000000,-120.000000,-120.000000,-120.000000,-120.000000,-120.000000,-120.000000,-120.000000,-120.000000,-120.000000,-120.000000,-120.000000,-120.000000,-120.000000,-120.000000,-120.000000,-120.000000,-120.000000,-120.000000,-120.000000,-120.000000,-120.000000,-120.000000,-120.000000,-120.000000,-120.000000,-120.000000,-120.000000,-120.000000,-120.000000,-120.000000,-120.000000,-120.000000,-120.000000,-120.000000,-120.000000,-120.000000,-120.000000,-120.000000,-120.000000,-120.000000,-120.000000,-120.000000,-120.000000,-120.000000,-120.000000,-120.000000,-120.000000,-120.000000,-120.000000,-120.000000,-120.000000,-120.000000,-120.000000,-120.000000,-120.000000,-120.000000,-120.000000,-120.000000,-120.000000,-120.000000,-120.000000,-120.000000,-120.000000,-120.000000,-120.000000,-120.000000,-120.000000,-120.000000,-120.000000,-120.000000,-120.000000,-120.000000,-120.000000,-120.000000,-120.000000,-120.000000,-120.000000,-120.000000,-120.000000,-120.000000,-120.000000,-120.000000,-120.000000,-120.000000,-120.000000,-120.000000,-120.000000,-120.000000,-120.000000,-120.000000,-120.000000,-120.000000,-120.000000,-120.000000,-120.000000,-120.000000,-120.000000,-120.000000,-120.000000,-120.000000,-120.000000,-120.000000,-120.000000,-120.000000,-120.000000,-120.000000,-120.000000,-120.000000,-120.000000,-120.000000,-120.000000,-120.000000,-120.000000,-120.000000,-120.000000,-120.000000,-120.000000,-120.000000,-120.000000,-120.000000,-120.000000,-120.000000,-120.000000,-120.000000,-120.000000,-120.000000,-120.000000,-120.000000,-120.000000,-120.000000,-120.000000,-120.000000,-120.000000,-120.000000,-120.000000,-120.000000,-120.000000,-120.000000,-120.000000,-120.000000,-120.000000,-120.000000,-120.000000,-120.000000,-120.000000,-120.000000,-120.000000,-120.000000,-120.000000,-120.000000,-120.000000,-120.000000,-120.000000,-120.000000,-120.000000,-120.000000,-120.000000,-120.000000,-120.000000,-120.000000,-120.000000,-120.000000,-120.000000,-120.000000,-120.000000,-120.000000,-120.000000,-120.000000,-120.000000,-120.000000,-120.000000,-120.000000,-120.000000,-120.000000,-120.000000,-120.000000,-120.000000,-120.000000,-120.000000,-120.000000,-120.000000,-120.000000,-120.000000,-120.000000,-120.000000,-120.000000,-120.000000,-120.000000,-120.000000,-120.000000,-120.000000,-120.000000,-120.000000,-120.000000,-120.000000,-120.000000,-120.000000,-120.000000,-120.000000,-120.000000,-120.000000,-120.000000,-120.000000,-120.000000,-120.000000,-120.000000,-120.000000,-120.000000,-120.000000,-120.000000,-120.000000,-120.000000,-120.000000,-120.000000,-120.000000,-120.000000,-120.000000,-120.000000,-120.000000,-120.000000,-120.000000,-120.000000,-120.000000,-120.000000,-120.000000,-120.000000,-120.000000,-120.000000,-120.000000,-120.000000,-120.000000,-120.000000,-120.000000,-120.000000,-120.000000,-120.000000,-120.000000,-120.000000,-120.000000,-120.000000,-120.000000,-120.000000,-120.000000,-120.000000,-120.000000,-120.000000,-120.000000,-120.000000,-120.000000,-120.000000,-120.000000,-120.000000,-120.000000,-120.000000,-120.000000,-120.000000,-120.000000,-120.000000,-120.000000,-120.000000,-120.000000,-120.000000,-120.000000,-120.000000,-120.000000,-120.000000,-120.000000,-120.000000,-120.000000,-120.000000,-120.000000,-120.000000,-120.000000,-120.000000,-120.000000,-120.000000,-120.000000,-120.000000,-120.000000,-120.000000,-120.000000,-120.000000,-120.000000,-120.000000,-120.000000,-120.000000,-120.000000,-120.000000,-120.000000,-120.000000,-120.000000,-120.000000,-120.000000,-120.000000,-120.000000,-120.000000,-120.000000,-120.000000,-120.000000,-120.000000,-120.000000,-120.000000,-120.000000,-120.000000,-120.000000,-120.000000,-120.000000,-120.000000,-120.000000,-120.000000,-120.000000,-120.000000,-120.000000,-120.000000,-120.000000,-120.000000,-120.000000,-120.000000,-120.000000,-120.000000,-120.000000,-120.000000,-120.000000,-120.000000,-120.000000
[0;32mI (101960) ANALISIS_ESPECTRO: Frame exportado | t=101.20 s | pico=78.1 Hz | -120.0 dB[0m
SPECTRUM_FRAME,102.220164,78.125000,-120.000000,hann,512,-120.000000,-120.000000,-120.000000,-120.000000,-120.000000,-120.000000,-120.000000,-120.000000,-120.000000,-120.000000,-120.000000,-120.000000,-120.000000,-120.000000,-120.000000,-120.000000,-120.000000,-120.000000,-120.000000,-120.000000,-120.000000,-120.000000,-120.000000,-120.000000,-120.000000,-120.000000,-120.000000,-120.000000,-120.000000,-120.000000,-120.000000,-120.000000,-120.000000,-120.000000,-120.000000,-120.000000,-120.000000,-120.000000,-120.000000,-120.000000,-120.000000,-120.000000,-120.000000,-120.000000,-120.000000,-120.000000,-120.000000,-120.000000,-120.000000,-120.000000,-120.000000,-120.000000,-120.000000,-120.000000,-120.000000,-120.000000,-120.000000,-120.000000,-120.000000,-120.000000,-120.000000,-120.000000,-120.000000,-120.000000,-120.000000,-120.000000,-120.000000,-120.000000,-120.000000,-120.000000,-120.000000,-120.000000,-120.000000,-120.000000,-120.000000,-120.000000,-120.000000,-120.000000,-120.000000,-120.000000,-120.000000,-120.000000,-120.000000,-120.000000,-120.000000,-120.000000,-120.000000,-120.000000,-120.000000,-120.000000,-120.000000,-120.000000,-120.000000,-120.000000,-120.000000,-120.000000,-120.000000,-120.000000,-120.000000,-120.000000,-120.000000,-120.000000,-120.000000,-120.000000,-120.000000,-120.000000,-120.000000,-120.000000,-120.000000,-120.000000,-120.000000,-120.000000,-120.000000,-120.000000,-120.000000,-120.000000,-120.000000,-120.000000,-120.000000,-120.000000,-120.000000,-120.000000,-120.000000,-120.000000,-120.000000,-120.000000,-120.000000,-120.000000,-120.000000,-120.000000,-120.000000,-120.000000,-120.000000,-120.000000,-120.000000,-120.000000,-120.000000,-120.000000,-120.000000,-120.000000,-120.000000,-120.000000,-120.000000,-120.000000,-120.000000,-120.000000,-120.000000,-120.000000,-120.000000,-120.000000,-120.000000,-120.000000,-120.000000,-120.000000,-120.000000,-120.000000,-120.000000,-120.000000,-120.000000,-120.000000,-120.000000,-120.000000,-120.000000,-120.000000,-120.000000,-120.000000,-120.000000,-120.000000,-120.000000,-120.000000,-120.000000,-120.000000,-120.000000,-120.000000,-120.000000,-120.000000,-120.000000,-120.000000,-120.000000,-120.000000,-120.000000,-120.000000,-120.000000,-120.000000,-120.000000,-120.000000,-120.000000,-120.000000,-120.000000,-120.000000,-120.000000,-120.000000,-120.000000,-120.000000,-120.000000,-120.000000,-120.000000,-120.000000,-120.000000,-120.000000,-120.000000,-120.000000,-120.000000,-120.000000,-120.000000,-120.000000,-120.000000,-120.000000,-120.000000,-120.000000,-120.000000,-120.000000,-120.000000,-120.000000,-120.000000,-120.000000,-120.000000,-120.000000,-120.000000,-120.000000,-120.000000,-120.000000,-120.000000,-120.000000,-120.000000,-120.000000,-120.000000,-120.000000,-120.000000,-120.000000,-120.000000,-120.000000,-120.000000,-120.000000,-120.000000,-120.000000,-120.000000,-120.000000,-120.000000,-120.000000,-120.000000,-120.000000,-120.000000,-120.000000,-120.000000,-120.000000,-120.000000,-120.000000,-120.000000,-120.000000,-120.000000,-120.000000,-120.000000,-120.000000,-120.000000,-120.000000,-120.000000,-120.000000,-120.000000,-120.000000,-120.000000,-120.000000,-120.000000,-120.000000,-120.000000,-120.000000,-120.000000,-120.000000,-120.000000,-120.000000,-120.000000,-120.000000,-120.000000,-120.000000,-120.000000,-120.000000,-120.000000,-120.000000,-120.000000,-120.000000,-120.000000,-120.000000,-120.000000,-120.000000,-120.000000,-120.000000,-120.000000,-120.000000,-120.000000,-120.000000,-120.000000,-120.000000,-120.000000,-120.000000,-120.000000,-120.000000,-120.000000,-120.000000,-120.000000,-120.000000,-120.000000,-120.000000,-120.000000,-120.000000,-120.000000,-120.000000,-120.000000,-120.000000,-120.000000,-120.000000,-120.000000,-120.000000,-120.000000,-120.000000,-120.000000,-120.000000,-120.000000,-120.000000,-120.000000,-120.000000,-120.000000,-120.000000,-120.000000,-120.000000,-120.000000,-120.000000,-120.000000,-120.000000,-120.000000,-120.000000,-120.000000,-120.000000,-120.000000,-120.000000,-120.000000,-120.000000,-120.000000,-120.000000,-120.000000,-120.000000,-120.000000,-120.000000,-120.000000,-120.000000,-120.000000,-120.000000,-120.000000,-120.000000,-120.000000,-120.000000,-120.000000,-120.000000,-120.000000,-120.000000,-120.000000,-120.000000,-120.000000,-120.000000,-120.000000,-120.000000,-120.000000,-120.000000,-120.000000,-120.000000,-120.000000,-120.000000,-120.000000,-120.000000,-120.000000,-120.000000,-120.000000,-120.000000,-120.000000,-120.000000,-120.000000,-120.000000,-120.000000,-120.000000,-120.000000,-120.000000,-120.000000,-120.000000,-120.000000,-120.000000,-120.000000,-120.000000,-120.000000,-120.000000,-120.000000,-120.000000,-120.000000,-120.000000,-120.000000,-120.000000,-120.000000,-120.000000,-120.000000,-120.000000,-120.000000,-120.000000,-120.000000,-120.000000,-120.000000,-120.000000,-120.000000,-120.000000,-120.000000,-120.000000,-120.000000,-120.000000,-120.000000,-120.000000,-120.000000,-120.000000,-120.000000,-120.000000,-120.000000,-120.000000,-120.000000,-120.000000,-120.000000,-120.000000,-120.000000,-120.000000,-120.000000,-120.000000,-120.000000,-120.000000,-120.000000,-120.000000,-120.000000,-120.000000,-120.000000,-120.000000,-120.000000,-120.000000,-120.000000,-120.000000,-120.000000,-120.000000,-120.000000,-120.000000,-120.000000,-120.000000,-120.000000,-120.000000,-120.000000,-120.000000,-120.000000,-120.000000,-120.000000,-120.000000,-120.000000,-120.000000,-120.000000,-120.000000,-120.000000,-120.000000,-120.000000,-120.000000,-120.000000,-120.000000,-120.000000,-120.000000,-120.000000,-120.000000,-120.000000,-120.000000,-120.000000,-120.000000,-120.000000,-120.000000,-120.000000,-120.000000,-120.000000,-120.000000,-120.000000,-120.000000,-120.000000,-120.000000,-120.000000,-120.000000,-120.000000,-120.000000,-120.000000,-120.000000,-120.000000,-120.000000,-120.000000,-120.000000,-120.000000,-120.000000,-120.000000,-120.000000,-120.000000,-120.000000,-120.000000,-120.000000,-120.000000,-120.000000,-120.000000,-120.000000,-120.000000,-120.000000,-120.000000,-120.000000,-120.000000,-120.000000,-120.000000,-120.000000,-120.000000,-120.000000
[0;32mI (102980) ANALISIS_ESPECTRO: Frame exportado | t=102.22 s | pico=78.1 Hz | -120.0 dB[0m
SPECTRUM_FRAME,103.242525,78.125000,-120.000000,hann,512,-120.000000,-120.000000,-120.000000,-120.000000,-120.000000,-120.000000,-120.000000,-120.000000,-120.000000,-120.000000,-120.000000,-120.000000,-120.000000,-120.000000,-120.000000,-120.000000,-120.000000,-120.000000,-120.000000,-120.000000,-120.000000,-120.000000,-120.000000,-120.000000,-120.000000,-120.000000,-120.000000,-120.000000,-120.000000,-120.000000,-120.000000,-120.000000,-120.000000,-120.000000,-120.000000,-120.000000,-120.000000,-120.000000,-120.000000,-120.000000,-120.000000,-120.000000,-120.000000,-120.000000,-120.000000,-120.000000,-120.000000,-120.000000,-120.000000,-120.000000,-120.000000,-120.000000,-120.000000,-120.000000,-120.000000,-120.000000,-120.000000,-120.000000,-120.000000,-120.000000,-120.000000,-120.000000,-120.000000,-120.000000,-120.000000,-120.000000,-120.000000,-120.000000,-120.000000,-120.000000,-120.000000,-120.000000,-120.000000,-120.000000,-120.000000,-120.000000,-120.000000,-120.000000,-120.000000,-120.000000,-120.000000,-120.000000,-120.000000,-120.000000,-120.000000,-120.000000,-120.000000,-120.000000,-120.000000,-120.000000,-120.000000,-120.000000,-120.000000,-120.000000,-120.000000,-120.000000,-120.000000,-120.000000,-120.000000,-120.000000,-120.000000,-120.000000,-120.000000,-120.000000,-120.000000,-120.000000,-120.000000,-120.000000,-120.000000,-120.000000,-120.000000,-120.000000,-120.000000,-120.000000,-120.000000,-120.000000,-120.000000,-120.000000,-120.000000,-120.000000,-120.000000,-120.000000,-120.000000,-120.000000,-120.000000,-120.000000,-120.000000,-120.000000,-120.000000,-120.000000,-120.000000,-120.000000,-120.000000,-120.000000,-120.000000,-120.000000,-120.000000,-120.000000,-120.000000,-120.000000,-120.000000,-120.000000,-120.000000,-120.000000,-120.000000,-120.000000,-120.000000,-120.000000,-120.000000,-120.000000,-120.000000,-120.000000,-120.000000,-120.000000,-120.000000,-120.000000,-120.000000,-120.000000,-120.000000,-120.000000,-120.000000,-120.000000,-120.000000,-120.000000,-120.000000,-120.000000,-120.000000,-120.000000,-120.000000,-120.000000,-120.000000,-120.000000,-120.000000,-120.000000,-120.000000,-120.000000,-120.000000,-120.000000,-120.000000,-120.000000,-120.000000,-120.000000,-120.000000,-120.000000,-120.000000,-120.000000,-120.000000,-120.000000,-120.000000,-120.000000,-120.000000,-120.000000,-120.000000,-120.000000,-120.000000,-120.000000,-120.000000,-120.000000,-120.000000,-120.000000,-120.000000,-120.000000,-120.000000,-120.000000,-120.000000,-120.000000,-120.000000,-120.000000,-120.000000,-120.000000,-120.000000,-120.000000,-120.000000,-120.000000,-120.000000,-120.000000,-120.000000,-120.000000,-120.000000,-120.000000,-120.000000,-120.000000,-120.000000,-120.000000,-120.000000,-120.000000,-120.000000,-120.000000,-120.000000,-120.000000,-120.000000,-120.000000,-120.000000,-120.000000,-120.000000,-120.000000,-120.000000,-120.000000,-120.000000,-120.000000,-120.000000,-120.000000,-120.000000,-120.000000,-120.000000,-120.000000,-120.000000,-120.000000,-120.000000,-120.000000,-120.000000,-120.000000,-120.000000,-120.000000,-120.000000,-120.000000,-120.000000,-120.000000,-120.000000,-120.000000,-120.000000,-120.000000,-120.000000,-120.000000,-120.000000,-120.000000,-120.000000,-120.000000,-120.000000,-120.000000,-120.000000,-120.000000,-120.000000,-120.000000,-120.000000,-120.000000,-120.000000,-120.000000,-120.000000,-120.000000,-120.000000,-120.000000,-120.000000,-120.000000,-120.000000,-120.000000,-120.000000,-120.000000,-120.000000,-120.000000,-120.000000,-120.000000,-120.000000,-120.000000,-120.000000,-120.000000,-120.000000,-120.000000,-120.000000,-120.000000,-120.000000,-120.000000,-120.000000,-120.000000,-120.000000,-120.000000,-120.000000,-120.000000,-120.000000,-120.000000,-120.000000,-120.000000,-120.000000,-120.000000,-120.000000,-120.000000,-120.000000,-120.000000,-120.000000,-120.000000,-120.000000,-120.000000,-120.000000,-120.000000,-120.000000,-120.000000,-120.000000,-120.000000,-120.000000,-120.000000,-120.000000,-120.000000,-120.000000,-120.000000,-120.000000,-120.000000,-120.000000,-120.000000,-120.000000,-120.000000,-120.000000,-120.000000,-120.000000,-120.000000,-120.000000,-120.000000,-120.000000,-120.000000,-120.000000,-120.000000,-120.000000,-120.000000,-120.000000,-120.000000,-120.000000,-120.000000,-120.000000,-120.000000,-120.000000,-120.000000,-120.000000,-120.000000,-120.000000,-120.000000,-120.000000,-120.000000,-120.000000,-120.000000,-120.000000,-120.000000,-120.000000,-120.000000,-120.000000,-120.000000,-120.000000,-120.000000,-120.000000,-120.000000,-120.000000,-120.000000,-120.000000,-120.000000,-120.000000,-120.000000,-120.000000,-120.000000,-120.000000,-120.000000,-120.000000,-120.000000,-120.000000,-120.000000,-120.000000,-120.000000,-120.000000,-120.000000,-120.000000,-120.000000,-120.000000,-120.000000,-120.000000,-120.000000,-120.000000,-120.000000,-120.000000,-120.000000,-120.000000,-120.000000,-120.000000,-120.000000,-120.000000,-120.000000,-120.000000,-120.000000,-120.000000,-120.000000,-120.000000,-120.000000,-120.000000,-120.000000,-120.000000,-120.000000,-120.000000,-120.000000,-120.000000,-120.000000,-120.000000,-120.000000,-120.000000,-120.000000,-120.000000,-120.000000,-120.000000,-120.000000,-120.000000,-120.000000,-120.000000,-120.000000,-120.000000,-120.000000,-120.000000,-120.000000,-120.000000,-120.000000,-120.000000,-120.000000,-120.000000,-120.000000,-120.000000,-120.000000,-120.000000,-120.000000,-120.000000,-120.000000,-120.000000,-120.000000,-120.000000,-120.000000,-120.000000,-120.000000,-120.000000,-120.000000,-120.000000,-120.000000,-120.000000,-120.000000,-120.000000,-120.000000,-120.000000,-120.000000,-120.000000,-120.000000,-120.000000,-120.000000,-120.000000,-120.000000,-120.000000,-120.000000,-120.000000,-120.000000,-120.000000,-120.000000,-120.000000,-120.000000,-120.000000,-120.000000,-120.000000,-120.000000,-120.000000,-120.000000,-120.000000,-120.000000,-120.000000,-120.000000,-120.000000,-120.000000,-120.000000,-120.000000,-120.000000,-120.000000,-120.000000,-120.000000,-120.000000,-120.000000,-120.000000,-120.000000,-120.000000,-120.000000,-120.000000,-120.000000,-120.000000,-120.000000
[0;32mI (104000) ANALISIS_ESPECTRO: Frame exportado | t=103.24 s | pico=78.1 Hz | -120.0 dB[0m
SPECTRUM_FRAME,104.264895,78.125000,-120.000000,hann,512,-120.000000,-120.000000,-120.000000,-120.000000,-120.000000,-120.000000,-120.000000,-120.000000,-120.000000,-120.000000,-120.000000,-120.000000,-120.000000,-120.000000,-120.000000,-120.000000,-120.000000,-120.000000,-120.000000,-120.000000,-120.000000,-120.000000,-120.000000,-120.000000,-120.000000,-120.000000,-120.000000,-120.000000,-120.000000,-120.000000,-120.000000,-120.000000,-120.000000,-120.000000,-120.000000,-120.000000,-120.000000,-120.000000,-120.000000,-120.000000,-120.000000,-120.000000,-120.000000,-120.000000,-120.000000,-120.000000,-120.000000,-120.000000,-120.000000,-120.000000,-120.000000,-120.000000,-120.000000,-120.000000,-120.000000,-120.000000,-120.000000,-120.000000,-120.000000,-120.000000,-120.000000,-120.000000,-120.000000,-120.000000,-120.000000,-120.000000,-120.000000,-120.000000,-120.000000,-120.000000,-120.000000,-120.000000,-120.000000,-120.000000,-120.000000,-120.000000,-120.000000,-120.000000,-120.000000,-120.000000,-120.000000,-120.000000,-120.000000,-120.000000,-120.000000,-120.000000,-120.000000,-120.000000,-120.000000,-120.000000,-120.000000,-120.000000,-120.000000,-120.000000,-120.000000,-120.000000,-120.000000,-120.000000,-120.000000,-120.000000,-120.000000,-120.000000,-120.000000,-120.000000,-120.000000,-120.000000,-120.000000,-120.000000,-120.000000,-120.000000,-120.000000,-120.000000,-120.000000,-120.000000,-120.000000,-120.000000,-120.000000,-120.000000,-120.000000,-120.000000,-120.000000,-120.000000,-120.000000,-120.000000,-120.000000,-120.000000,-120.000000,-120.000000,-120.000000,-120.000000,-120.000000,-120.000000,-120.000000,-120.000000,-120.000000,-120.000000,-120.000000,-120.000000,-120.000000,-120.000000,-120.000000,-120.000000,-120.000000,-120.000000,-120.000000,-120.000000,-120.000000,-120.000000,-120.000000,-120.000000,-120.000000,-120.000000,-120.000000,-120.000000,-120.000000,-120.000000,-120.000000,-120.000000,-120.000000,-120.000000,-120.000000,-120.000000,-120.000000,-120.000000,-120.000000,-120.000000,-120.000000,-120.000000,-120.000000,-120.000000,-120.000000,-120.000000,-120.000000,-120.000000,-120.000000,-120.000000,-120.000000,-120.000000,-120.000000,-120.000000,-120.000000,-120.000000,-120.000000,-120.000000,-120.000000,-120.000000,-120.000000,-120.000000,-120.000000,-120.000000,-120.000000,-120.000000,-120.000000,-120.000000,-120.000000,-120.000000,-120.000000,-120.000000,-120.000000,-120.000000,-120.000000,-120.000000,-120.000000,-120.000000,-120.000000,-120.000000,-120.000000,-120.000000,-120.000000,-120.000000,-120.000000,-120.000000,-120.000000,-120.000000,-120.000000,-120.000000,-120.000000,-120.000000,-120.000000,-120.000000,-120.000000,-120.000000,-120.000000,-120.000000,-120.000000,-120.000000,-120.000000,-120.000000,-120.000000,-120.000000,-120.000000,-120.000000,-120.000000,-120.000000,-120.000000,-120.000000,-120.000000,-120.000000,-120.000000,-120.000000,-120.000000,-120.000000,-120.000000,-120.000000,-120.000000,-120.000000,-120.000000,-120.000000,-120.000000,-120.000000,-120.000000,-120.000000,-120.000000,-120.000000,-120.000000,-120.000000,-120.000000,-120.000000,-120.000000,-120.000000,-120.000000,-120.000000,-120.000000,-120.000000,-120.000000,-120.000000,-120.000000,-120.000000,-120.000000,-120.000000,-120.000000,-120.000000,-120.000000,-120.000000,-120.000000,-120.000000,-120.000000,-120.000000,-120.000000,-120.000000,-120.000000,-120.000000,-120.000000,-120.000000,-120.000000,-120.000000,-120.000000,-120.000000,-120.000000,-120.000000,-120.000000,-120.000000,-120.000000,-120.000000,-120.000000,-120.000000,-120.000000,-120.000000,-120.000000,-120.000000,-120.000000,-120.000000,-120.000000,-120.000000,-120.000000,-120.000000,-120.000000,-120.000000,-120.000000,-120.000000,-120.000000,-120.000000,-120.000000,-120.000000,-120.000000,-120.000000,-120.000000,-120.000000,-120.000000,-120.000000,-120.000000,-120.000000,-120.000000,-120.000000,-120.000000,-120.000000,-120.000000,-120.000000,-120.000000,-120.000000,-120.000000,-120.000000,-120.000000,-120.000000,-120.000000,-120.000000,-120.000000,-120.000000,-120.000000,-120.000000,-120.000000,-120.000000,-120.000000,-120.000000,-120.000000,-120.000000,-120.000000,-120.000000,-120.000000,-120.000000,-120.000000,-120.000000,-120.000000,-120.000000,-120.000000,-120.000000,-120.000000,-120.000000,-120.000000,-120.000000,-120.000000,-120.000000,-120.000000,-120.000000,-120.000000,-120.000000,-120.000000,-120.000000,-120.000000,-120.000000,-120.000000,-120.000000,-120.000000,-120.000000,-120.000000,-120.000000,-120.000000,-120.000000,-120.000000,-120.000000,-120.000000,-120.000000,-120.000000,-120.000000,-120.000000,-120.000000,-120.000000,-120.000000,-120.000000,-120.000000,-120.000000,-120.000000,-120.000000,-120.000000,-120.000000,-120.000000,-120.000000,-120.000000,-120.000000,-120.000000,-120.000000,-120.000000,-120.000000,-120.000000,-120.000000,-120.000000,-120.000000,-120.000000,-120.000000,-120.000000,-120.000000,-120.000000,-120.000000,-120.000000,-120.000000,-120.000000,-120.000000,-120.000000,-120.000000,-120.000000,-120.000000,-120.000000,-120.000000,-120.000000,-120.000000,-120.000000,-120.000000,-120.000000,-120.000000,-120.000000,-120.000000,-120.000000,-120.000000,-120.000000,-120.000000,-120.000000,-120.000000,-120.000000,-120.000000,-120.000000,-120.000000,-120.000000,-120.000000,-120.000000,-120.000000,-120.000000,-120.000000,-120.000000,-120.000000,-120.000000,-120.000000,-120.000000,-120.000000,-120.000000,-120.000000,-120.000000,-120.000000,-120.000000,-120.000000,-120.000000,-120.000000,-120.000000,-120.000000,-120.000000,-120.000000,-120.000000,-120.000000,-120.000000,-120.000000,-120.000000,-120.000000,-120.000000,-120.000000,-120.000000,-120.000000,-120.000000,-120.000000,-120.000000,-120.000000,-120.000000,-120.000000,-120.000000,-120.000000,-120.000000,-120.000000,-120.000000,-120.000000,-120.000000,-120.000000,-120.000000,-120.000000,-120.000000,-120.000000,-120.000000,-120.000000,-120.000000,-120.000000,-120.000000,-120.000000,-120.000000,-120.000000,-120.000000,-120.000000,-120.000000,-120.000000,-120.000000,-120.000000,-120.000000,-120.000000,-120.000000,-120.000000,-120.000000
[0;32mI (105020) ANALISIS_ESPECTRO: Frame exportado | t=104.26 s | pico=78.1 Hz | -120.0 dB[0m
SPECTRUM_FRAME,105.287257,78.125000,-120.000000,hann,512,-120.000000,-120.000000,-120.000000,-120.000000,-120.000000,-120.000000,-120.000000,-120.000000,-120.000000,-120.000000,-120.000000,-120.000000,-120.000000,-120.000000,-120.000000,-120.000000,-120.000000,-120.000000,-120.000000,-120.000000,-120.000000,-120.000000,-120.000000,-120.000000,-120.000000,-120.000000,-120.000000,-120.000000,-120.000000,-120.000000,-120.000000,-120.000000,-120.000000,-120.000000,-120.000000,-120.000000,-120.000000,-120.000000,-120.000000,-120.000000,-120.000000,-120.000000,-120.000000,-120.000000,-120.000000,-120.000000,-120.000000,-120.000000,-120.000000,-120.000000,-120.000000,-120.000000,-120.000000,-120.000000,-120.000000,-120.000000,-120.000000,-120.000000,-120.000000,-120.000000,-120.000000,-120.000000,-120.000000,-120.000000,-120.000000,-120.000000,-120.000000,-120.000000,-120.000000,-120.000000,-120.000000,-120.000000,-120.000000,-120.000000,-120.000000,-120.000000,-120.000000,-120.000000,-120.000000,-120.000000,-120.000000,-120.000000,-120.000000,-120.000000,-120.000000,-120.000000,-120.000000,-120.000000,-120.000000,-120.000000,-120.000000,-120.000000,-120.000000,-120.000000,-120.000000,-120.000000,-120.000000,-120.000000,-120.000000,-120.000000,-120.000000,-120.000000,-120.000000,-120.000000,-120.000000,-120.000000,-120.000000,-120.000000,-120.000000,-120.000000,-120.000000,-120.000000,-120.000000,-120.000000,-120.000000,-120.000000,-120.000000,-120.000000,-120.000000,-120.000000,-120.000000,-120.000000,-120.000000,-120.000000,-120.000000,-120.000000,-120.000000,-120.000000,-120.000000,-120.000000,-120.000000,-120.000000,-120.000000,-120.000000,-120.000000,-120.000000,-120.000000,-120.000000,-120.000000,-120.000000,-120.000000,-120.000000,-120.000000,-120.000000,-120.000000,-120.000000,-120.000000,-120.000000,-120.000000,-120.000000,-120.000000,-120.000000,-120.000000,-120.000000,-120.000000,-120.000000,-120.000000,-120.000000,-120.000000,-120.000000,-120.000000,-120.000000,-120.000000,-120.000000,-120.000000,-120.000000,-120.000000,-120.000000,-120.000000,-120.000000,-120.000000,-120.000000,-120.000000,-120.000000,-120.000000,-120.000000,-120.000000,-120.000000,-120.000000,-120.000000,-120.000000,-120.000000,-120.000000,-120.000000,-120.000000,-120.000000,-120.000000,-120.000000,-120.000000,-120.000000,-120.000000,-120.000000,-120.000000,-120.000000,-120.000000,-120.000000,-120.000000,-120.000000,-120.000000,-120.000000,-120.000000,-120.000000,-120.000000,-120.000000,-120.000000,-120.000000,-120.000000,-120.000000,-120.000000,-120.000000,-120.000000,-120.000000,-120.000000,-120.000000,-120.000000,-120.000000,-120.000000,-120.000000,-120.000000,-120.000000,-120.000000,-120.000000,-120.000000,-120.000000,-120.000000,-120.000000,-120.000000,-120.000000,-120.000000,-120.000000,-120.000000,-120.000000,-120.000000,-120.000000,-120.000000,-120.000000,-120.000000,-120.000000,-120.000000,-120.000000,-120.000000,-120.000000,-120.000000,-120.000000,-120.000000,-120.000000,-120.000000,-120.000000,-120.000000,-120.000000,-120.000000,-120.000000,-120.000000,-120.000000,-120.000000,-120.000000,-120.000000,-120.000000,-120.000000,-120.000000,-120.000000,-120.000000,-120.000000,-120.000000,-120.000000,-120.000000,-120.000000,-120.000000,-120.000000,-120.000000,-120.000000,-120.000000,-120.000000,-120.000000,-120.000000,-120.000000,-120.000000,-120.000000,-120.000000,-120.000000,-120.000000,-120.000000,-120.000000,-120.000000,-120.000000,-120.000000,-120.000000,-120.000000,-120.000000,-120.000000,-120.000000,-120.000000,-120.000000,-120.000000,-120.000000,-120.000000,-120.000000,-120.000000,-120.000000,-120.000000,-120.000000,-120.000000,-120.000000,-120.000000,-120.000000,-120.000000,-120.000000,-120.000000,-120.000000,-120.000000,-120.000000,-120.000000,-120.000000,-120.000000,-120.000000,-120.000000,-120.000000,-120.000000,-120.000000,-120.000000,-120.000000,-120.000000,-120.000000,-120.000000,-120.000000,-120.000000,-120.000000,-120.000000,-120.000000,-120.000000,-120.000000,-120.000000,-120.000000,-120.000000,-120.000000,-120.000000,-120.000000,-120.000000,-120.000000,-120.000000,-120.000000,-120.000000,-120.000000,-120.000000,-120.000000,-120.000000,-120.000000,-120.000000,-120.000000,-120.000000,-120.000000,-120.000000,-120.000000,-120.000000,-120.000000,-120.000000,-120.000000,-120.000000,-120.000000,-120.000000,-120.000000,-120.000000,-120.000000,-120.000000,-120.000000,-120.000000,-120.000000,-120.000000,-120.000000,-120.000000,-120.000000,-120.000000,-120.000000,-120.000000,-120.000000,-120.000000,-120.000000,-120.000000,-120.000000,-120.000000,-120.000000,-120.000000,-120.000000,-120.000000,-120.000000,-120.000000,-120.000000,-120.000000,-120.000000,-120.000000,-120.000000,-120.000000,-120.000000,-120.000000,-120.000000,-120.000000,-120.000000,-120.000000,-120.000000,-120.000000,-120.000000,-120.000000,-120.000000,-120.000000,-120.000000,-120.000000,-120.000000,-120.000000,-120.000000,-120.000000,-120.000000,-120.000000,-120.000000,-120.000000,-120.000000,-120.000000,-120.000000,-120.000000,-120.000000,-120.000000,-120.000000,-120.000000,-120.000000,-120.000000,-120.000000,-120.000000,-120.000000,-120.000000,-120.000000,-120.000000,-120.000000,-120.000000,-120.000000,-120.000000,-120.000000,-120.000000,-120.000000,-120.000000,-120.000000,-120.000000,-120.000000,-120.000000,-120.000000,-120.000000,-120.000000,-120.000000,-120.000000,-120.000000,-120.000000,-120.000000,-120.000000,-120.000000,-120.000000,-120.000000,-120.000000,-120.000000,-120.000000,-120.000000,-120.000000,-120.000000,-120.000000,-120.000000,-120.000000,-120.000000,-120.000000,-120.000000,-120.000000,-120.000000,-120.000000,-120.000000,-120.000000,-120.000000,-120.000000,-120.000000,-120.000000,-120.000000,-120.000000,-120.000000,-120.000000,-120.000000,-120.000000,-120.000000,-120.000000,-120.000000,-120.000000,-120.000000,-120.000000,-120.000000,-120.000000,-120.000000,-120.000000,-120.000000,-120.000000,-120.000000,-120.000000,-120.000000,-120.000000,-120.000000,-120.000000,-120.000000,-120.000000,-120.000000,-120.000000,-120.000000,-120.000000,-120.000000,-120.000000,-120.000000,-120.000000,-120.000000,-120.000000,-120.000000
[0;32mI (106050) ANALISIS_ESPECTRO: Frame exportado | t=105.29 s | pico=78.1 Hz | -120.0 dB[0m
SPECTRUM_FRAME,106.309609,78.125000,-120.000000,hann,512,-120.000000,-120.000000,-120.000000,-120.000000,-120.000000,-120.000000,-120.000000,-120.000000,-120.000000,-120.000000,-120.000000,-120.000000,-120.000000,-120.000000,-120.000000,-120.000000,-120.000000,-120.000000,-120.000000,-120.000000,-120.000000,-120.000000,-120.000000,-120.000000,-120.000000,-120.000000,-120.000000,-120.000000,-120.000000,-120.000000,-120.000000,-120.000000,-120.000000,-120.000000,-120.000000,-120.000000,-120.000000,-120.000000,-120.000000,-120.000000,-120.000000,-120.000000,-120.000000,-120.000000,-120.000000,-120.000000,-120.000000,-120.000000,-120.000000,-120.000000,-120.000000,-120.000000,-120.000000,-120.000000,-120.000000,-120.000000,-120.000000,-120.000000,-120.000000,-120.000000,-120.000000,-120.000000,-120.000000,-120.000000,-120.000000,-120.000000,-120.000000,-120.000000,-120.000000,-120.000000,-120.000000,-120.000000,-120.000000,-120.000000,-120.000000,-120.000000,-120.000000,-120.000000,-120.000000,-120.000000,-120.000000,-120.000000,-120.000000,-120.000000,-120.000000,-120.000000,-120.000000,-120.000000,-120.000000,-120.000000,-120.000000,-120.000000,-120.000000,-120.000000,-120.000000,-120.000000,-120.000000,-120.000000,-120.000000,-120.000000,-120.000000,-120.000000,-120.000000,-120.000000,-120.000000,-120.000000,-120.000000,-120.000000,-120.000000,-120.000000,-120.000000,-120.000000,-120.000000,-120.000000,-120.000000,-120.000000,-120.000000,-120.000000,-120.000000,-120.000000,-120.000000,-120.000000,-120.000000,-120.000000,-120.000000,-120.000000,-120.000000,-120.000000,-120.000000,-120.000000,-120.000000,-120.000000,-120.000000,-120.000000,-120.000000,-120.000000,-120.000000,-120.000000,-120.000000,-120.000000,-120.000000,-120.000000,-120.000000,-120.000000,-120.000000,-120.000000,-120.000000,-120.000000,-120.000000,-120.000000,-120.000000,-120.000000,-120.000000,-120.000000,-120.000000,-120.000000,-120.000000,-120.000000,-120.000000,-120.000000,-120.000000,-120.000000,-120.000000,-120.000000,-120.000000,-120.000000,-120.000000,-120.000000,-120.000000,-120.000000,-120.000000,-120.000000,-120.000000,-120.000000,-120.000000,-120.000000,-120.000000,-120.000000,-120.000000,-120.000000,-120.000000,-120.000000,-120.000000,-120.000000,-120.000000,-120.000000,-120.000000,-120.000000,-120.000000,-120.000000,-120.000000,-120.000000,-120.000000,-120.000000,-120.000000,-120.000000,-120.000000,-120.000000,-120.000000,-120.000000,-120.000000,-120.000000,-120.000000,-120.000000,-120.000000,-120.000000,-120.000000,-120.000000,-120.000000,-120.000000,-120.000000,-120.000000,-120.000000,-120.000000,-120.000000,-120.000000,-120.000000,-120.000000,-120.000000,-120.000000,-120.000000,-120.000000,-120.000000,-120.000000,-120.000000,-120.000000,-120.000000,-120.000000,-120.000000,-120.000000,-120.000000,-120.000000,-120.000000,-120.000000,-120.000000,-120.000000,-120.000000,-120.000000,-120.000000,-120.000000,-120.000000,-120.000000,-120.000000,-120.000000,-120.000000,-120.000000,-120.000000,-120.000000,-120.000000,-120.000000,-120.000000,-120.000000,-120.000000,-120.000000,-120.000000,-120.000000,-120.000000,-120.000000,-120.000000,-120.000000,-120.000000,-120.000000,-120.000000,-120.000000,-120.000000,-120.000000,-120.000000,-120.000000,-120.000000,-120.000000,-120.000000,-120.000000,-120.000000,-120.000000,-120.000000,-120.000000,-120.000000,-120.000000,-120.000000,-120.000000,-120.000000,-120.000000,-120.000000,-120.000000,-120.000000,-120.000000,-120.000000,-120.000000,-120.000000,-120.000000,-120.000000,-120.000000,-120.000000,-120.000000,-120.000000,-120.000000,-120.000000,-120.000000,-120.000000,-120.000000,-120.000000,-120.000000,-120.000000,-120.000000,-120.000000,-120.000000,-120.000000,-120.000000,-120.000000,-120.000000,-120.000000,-120.000000,-120.000000,-120.000000,-120.000000,-120.000000,-120.000000,-120.000000,-120.000000,-120.000000,-120.000000,-120.000000,-120.000000,-120.000000,-120.000000,-120.000000,-120.000000,-120.000000,-120.000000,-120.000000,-120.000000,-120.000000,-120.000000,-120.000000,-120.000000,-120.000000,-120.000000,-120.000000,-120.000000,-120.000000,-120.000000,-120.000000,-120.000000,-120.000000,-120.000000,-120.000000,-120.000000,-120.000000,-120.000000,-120.000000,-120.000000,-120.000000,-120.000000,-120.000000,-120.000000,-120.000000,-120.000000,-120.000000,-120.000000,-120.000000,-120.000000,-120.000000,-120.000000,-120.000000,-120.000000,-120.000000,-120.000000,-120.000000,-120.000000,-120.000000,-120.000000,-120.000000,-120.000000,-120.000000,-120.000000,-120.000000,-120.000000,-120.000000,-120.000000,-120.000000,-120.000000,-120.000000,-120.000000,-120.000000,-120.000000,-120.000000,-120.000000,-120.000000,-120.000000,-120.000000,-120.000000,-120.000000,-120.000000,-120.000000,-120.000000,-120.000000,-120.000000,-120.000000,-120.000000,-120.000000,-120.000000,-120.000000,-120.000000,-120.000000,-120.000000,-120.000000,-120.000000,-120.000000,-120.000000,-120.000000,-120.000000,-120.000000,-120.000000,-120.000000,-120.000000,-120.000000,-120.000000,-120.000000,-120.000000,-120.000000,-120.000000,-120.000000,-120.000000,-120.000000,-120.000000,-120.000000,-120.000000,-120.000000,-120.000000,-120.000000,-120.000000,-120.000000,-120.000000,-120.000000,-120.000000,-120.000000,-120.000000,-120.000000,-120.000000,-120.000000,-120.000000,-120.000000,-120.000000,-120.000000,-120.000000,-120.000000,-120.000000,-120.000000,-120.000000,-120.000000,-120.000000,-120.000000,-120.000000,-120.000000,-120.000000,-120.000000,-120.000000,-120.000000,-120.000000,-120.000000,-120.000000,-120.000000,-120.000000,-120.000000,-120.000000,-120.000000,-120.000000,-120.000000,-120.000000,-120.000000,-120.000000,-120.000000,-120.000000,-120.000000,-120.000000,-120.000000,-120.000000,-120.000000,-120.000000,-120.000000,-120.000000,-120.000000,-120.000000,-120.000000,-120.000000,-120.000000,-120.000000,-120.000000,-120.000000,-120.000000,-120.000000,-120.000000,-120.000000,-120.000000,-120.000000,-120.000000,-120.000000,-120.000000,-120.000000,-120.000000,-120.000000,-120.000000,-120.000000,-120.000000,-120.000000,-120.000000,-120.000000,-120.000000,-120.000000,-120.000000,-120.000000,-120.000000
[0;32mI (107070) ANALISIS_ESPECTRO: Frame exportado | t=106.31 s | pico=78.1 Hz | -120.0 dB[0m
SPECTRUM_FRAME,107.331972,78.125000,-120.000000,hann,512,-120.000000,-120.000000,-120.000000,-120.000000,-120.000000,-120.000000,-120.000000,-120.000000,-120.000000,-120.000000,-120.000000,-120.000000,-120.000000,-120.000000,-120.000000,-120.000000,-120.000000,-120.000000,-120.000000,-120.000000,-120.000000,-120.000000,-120.000000,-120.000000,-120.000000,-120.000000,-120.000000,-120.000000,-120.000000,-120.000000,-120.000000,-120.000000,-120.000000,-120.000000,-120.000000,-120.000000,-120.000000,-120.000000,-120.000000,-120.000000,-120.000000,-120.000000,-120.000000,-120.000000,-120.000000,-120.000000,-120.000000,-120.000000,-120.000000,-120.000000,-120.000000,-120.000000,-120.000000,-120.000000,-120.000000,-120.000000,-120.000000,-120.000000,-120.000000,-120.000000,-120.000000,-120.000000,-120.000000,-120.000000,-120.000000,-120.000000,-120.000000,-120.000000,-120.000000,-120.000000,-120.000000,-120.000000,-120.000000,-120.000000,-120.000000,-120.000000,-120.000000,-120.000000,-120.000000,-120.000000,-120.000000,-120.000000,-120.000000,-120.000000,-120.000000,-120.000000,-120.000000,-120.000000,-120.000000,-120.000000,-120.000000,-120.000000,-120.000000,-120.000000,-120.000000,-120.000000,-120.000000,-120.000000,-120.000000,-120.000000,-120.000000,-120.000000,-120.000000,-120.000000,-120.000000,-120.000000,-120.000000,-120.000000,-120.000000,-120.000000,-120.000000,-120.000000,-120.000000,-120.000000,-120.000000,-120.000000,-120.000000,-120.000000,-120.000000,-120.000000,-120.000000,-120.000000,-120.000000,-120.000000,-120.000000,-120.000000,-120.000000,-120.000000,-120.000000,-120.000000,-120.000000,-120.000000,-120.000000,-120.000000,-120.000000,-120.000000,-120.000000,-120.000000,-120.000000,-120.000000,-120.000000,-120.000000,-120.000000,-120.000000,-120.000000,-120.000000,-120.000000,-120.000000,-120.000000,-120.000000,-120.000000,-120.000000,-120.000000,-120.000000,-120.000000,-120.000000,-120.000000,-120.000000,-120.000000,-120.000000,-120.000000,-120.000000,-120.000000,-120.000000,-120.000000,-120.000000,-120.000000,-120.000000,-120.000000,-120.000000,-120.000000,-120.000000,-120.000000,-120.000000,-120.000000,-120.000000,-120.000000,-120.000000,-120.000000,-120.000000,-120.000000,-120.000000,-120.000000,-120.000000,-120.000000,-120.000000,-120.000000,-120.000000,-120.000000,-120.000000,-120.000000,-120.000000,-120.000000,-120.000000,-120.000000,-120.000000,-120.000000,-120.000000,-120.000000,-120.000000,-120.000000,-120.000000,-120.000000,-120.000000,-120.000000,-120.000000,-120.000000,-120.000000,-120.000000,-120.000000,-120.000000,-120.000000,-120.000000,-120.000000,-120.000000,-120.000000,-120.000000,-120.000000,-120.000000,-120.000000,-120.000000,-120.000000,-120.000000,-120.000000,-120.000000,-120.000000,-120.000000,-120.000000,-120.000000,-120.000000,-120.000000,-120.000000,-120.000000,-120.000000,-120.000000,-120.000000,-120.000000,-120.000000,-120.000000,-120.000000,-120.000000,-120.000000,-120.000000,-120.000000,-120.000000,-120.000000,-120.000000,-120.000000,-120.000000,-120.000000,-120.000000,-120.000000,-120.000000,-120.000000,-120.000000,-120.000000,-120.000000,-120.000000,-120.000000,-120.000000,-120.000000,-120.000000,-120.000000,-120.000000,-120.000000,-120.000000,-120.000000,-120.000000,-120.000000,-120.000000,-120.000000,-120.000000,-120.000000,-120.000000,-120.000000,-120.000000,-120.000000,-120.000000,-120.000000,-120.000000,-120.000000,-120.000000,-120.000000,-120.000000,-120.000000,-120.000000,-120.000000,-120.000000,-120.000000,-120.000000,-120.000000,-120.000000,-120.000000,-120.000000,-120.000000,-120.000000,-120.000000,-120.000000,-120.000000,-120.000000,-120.000000,-120.000000,-120.000000,-120.000000,-120.000000,-120.000000,-120.000000,-120.000000,-120.000000,-120.000000,-120.000000,-120.000000,-120.000000,-120.000000,-120.000000,-120.000000,-120.000000,-120.000000,-120.000000,-120.000000,-120.000000,-120.000000,-120.000000,-120.000000,-120.000000,-120.000000,-120.000000,-120.000000,-120.000000,-120.000000,-120.000000,-120.000000,-120.000000,-120.000000,-120.000000,-120.000000,-120.000000,-120.000000,-120.000000,-120.000000,-120.000000,-120.000000,-120.000000,-120.000000,-120.000000,-120.000000,-120.000000,-120.000000,-120.000000,-120.000000,-120.000000,-120.000000,-120.000000,-120.000000,-120.000000,-120.000000,-120.000000,-120.000000,-120.000000,-120.000000,-120.000000,-120.000000,-120.000000,-120.000000,-120.000000,-120.000000,-120.000000,-120.000000,-120.000000,-120.000000,-120.000000,-120.000000,-120.000000,-120.000000,-120.000000,-120.000000,-120.000000,-120.000000,-120.000000,-120.000000,-120.000000,-120.000000,-120.000000,-120.000000,-120.000000,-120.000000,-120.000000,-120.000000,-120.000000,-120.000000,-120.000000,-120.000000,-120.000000,-120.000000,-120.000000,-120.000000,-120.000000,-120.000000,-120.000000,-120.000000,-120.000000,-120.000000,-120.000000,-120.000000,-120.000000,-120.000000,-120.000000,-120.000000,-120.000000,-120.000000,-120.000000,-120.000000,-120.000000,-120.000000,-120.000000,-120.000000,-120.000000,-120.000000,-120.000000,-120.000000,-120.000000,-120.000000,-120.000000,-120.000000,-120.000000,-120.000000,-120.000000,-120.000000,-120.000000,-120.000000,-120.000000,-120.000000,-120.000000,-120.000000,-120.000000,-120.000000,-120.000000,-120.000000,-120.000000,-120.000000,-120.000000,-120.000000,-120.000000,-120.000000,-120.000000,-120.000000,-120.000000,-120.000000,-120.000000,-120.000000,-120.000000,-120.000000,-120.000000,-120.000000,-120.000000,-120.000000,-120.000000,-120.000000,-120.000000,-120.000000,-120.000000,-120.000000,-120.000000,-120.000000,-120.000000,-120.000000,-120.000000,-120.000000,-120.000000,-120.000000,-120.000000,-120.000000,-120.000000,-120.000000,-120.000000,-120.000000,-120.000000,-120.000000,-120.000000,-120.000000,-120.000000,-120.000000,-120.000000,-120.000000,-120.000000,-120.000000,-120.000000,-120.000000,-120.000000,-120.000000,-120.000000,-120.000000,-120.000000,-120.000000,-120.000000,-120.000000,-120.000000,-120.000000,-120.000000,-120.000000,-120.000000,-120.000000,-120.000000,-120.000000,-120.000000,-120.000000,-120.000000,-120.000000,-120.000000,-120.000000,-120.000000,-120.000000
[0;32mI (108090) ANALISIS_ESPECTRO: Frame exportado | t=107.33 s | pico=78.1 Hz | -120.0 dB[0m
SPECTRUM_FRAME,108.354333,78.125000,-120.000000,hann,512,-120.000000,-120.000000,-120.000000,-120.000000,-120.000000,-120.000000,-120.000000,-120.000000,-120.000000,-120.000000,-120.000000,-120.000000,-120.000000,-120.000000,-120.000000,-120.000000,-120.000000,-120.000000,-120.000000,-120.000000,-120.000000,-120.000000,-120.000000,-120.000000,-120.000000,-120.000000,-120.000000,-120.000000,-120.000000,-120.000000,-120.000000,-120.000000,-120.000000,-120.000000,-120.000000,-120.000000,-120.000000,-120.000000,-120.000000,-120.000000,-120.000000,-120.000000,-120.000000,-120.000000,-120.000000,-120.000000,-120.000000,-120.000000,-120.000000,-120.000000,-120.000000,-120.000000,-120.000000,-120.000000,-120.000000,-120.000000,-120.000000,-120.000000,-120.000000,-120.000000,-120.000000,-120.000000,-120.000000,-120.000000,-120.000000,-120.000000,-120.000000,-120.000000,-120.000000,-120.000000,-120.000000,-120.000000,-120.000000,-120.000000,-120.000000,-120.000000,-120.000000,-120.000000,-120.000000,-120.000000,-120.000000,-120.000000,-120.000000,-120.000000,-120.000000,-120.000000,-120.000000,-120.000000,-120.000000,-120.000000,-120.000000,-120.000000,-120.000000,-120.000000,-120.000000,-120.000000,-120.000000,-120.000000,-120.000000,-120.000000,-120.000000,-120.000000,-120.000000,-120.000000,-120.000000,-120.000000,-120.000000,-120.000000,-120.000000,-120.000000,-120.000000,-120.000000,-120.000000,-120.000000,-120.000000,-120.000000,-120.000000,-120.000000,-120.000000,-120.000000,-120.000000,-120.000000,-120.000000,-120.000000,-120.000000,-120.000000,-120.000000,-120.000000,-120.000000,-120.000000,-120.000000,-120.000000,-120.000000,-120.000000,-120.000000,-120.000000,-120.000000,-120.000000,-120.000000,-120.000000,-120.000000,-120.000000,-120.000000,-120.000000,-120.000000,-120.000000,-120.000000,-120.000000,-120.000000,-120.000000,-120.000000,-120.000000,-120.000000,-120.000000,-120.000000,-120.000000,-120.000000,-120.000000,-120.000000,-120.000000,-120.000000,-120.000000,-120.000000,-120.000000,-120.000000,-120.000000,-120.000000,-120.000000,-120.000000,-120.000000,-120.000000,-120.000000,-120.000000,-120.000000,-120.000000,-120.000000,-120.000000,-120.000000,-120.000000,-120.000000,-120.000000,-120.000000,-120.000000,-120.000000,-120.000000,-120.000000,-120.000000,-120.000000,-120.000000,-120.000000,-120.000000,-120.000000,-120.000000,-120.000000,-120.000000,-120.000000,-120.000000,-120.000000,-120.000000,-120.000000,-120.000000,-120.000000,-120.000000,-120.000000,-120.000000,-120.000000,-120.000000,-120.000000,-120.000000,-120.000000,-120.000000,-120.000000,-120.000000,-120.000000,-120.000000,-120.000000,-120.000000,-120.000000,-120.000000,-120.000000,-120.000000,-120.000000,-120.000000,-120.000000,-120.000000,-120.000000,-120.000000,-120.000000,-120.000000,-120.000000,-120.000000,-120.000000,-120.000000,-120.000000,-120.000000,-120.000000,-120.000000,-120.000000,-120.000000,-120.000000,-120.000000,-120.000000,-120.000000,-120.000000,-120.000000,-120.000000,-120.000000,-120.000000,-120.000000,-120.000000,-120.000000,-120.000000,-120.000000,-120.000000,-120.000000,-120.000000,-120.000000,-120.000000,-120.000000,-120.000000,-120.000000,-120.000000,-120.000000,-120.000000,-120.000000,-120.000000,-120.000000,-120.000000,-120.000000,-120.000000,-120.000000,-120.000000,-120.000000,-120.000000,-120.000000,-120.000000,-120.000000,-120.000000,-120.000000,-120.000000,-120.000000,-120.000000,-120.000000,-120.000000,-120.000000,-120.000000,-120.000000,-120.000000,-120.000000,-120.000000,-120.000000,-120.000000,-120.000000,-120.000000,-120.000000,-120.000000,-120.000000,-120.000000,-120.000000,-120.000000,-120.000000,-120.000000,-120.000000,-120.000000,-120.000000,-120.000000,-120.000000,-120.000000,-120.000000,-120.000000,-120.000000,-120.000000,-120.000000,-120.000000,-120.000000,-120.000000,-120.000000,-120.000000,-120.000000,-120.000000,-120.000000,-120.000000,-120.000000,-120.000000,-120.000000,-120.000000,-120.000000,-120.000000,-120.000000,-120.000000,-120.000000,-120.000000,-120.000000,-120.000000,-120.000000,-120.000000,-120.000000,-120.000000,-120.000000,-120.000000,-120.000000,-120.000000,-120.000000,-120.000000,-120.000000,-120.000000,-120.000000,-120.000000,-120.000000,-120.000000,-120.000000,-120.000000,-120.000000,-120.000000,-120.000000,-120.000000,-120.000000,-120.000000,-120.000000,-120.000000,-120.000000,-120.000000,-120.000000,-120.000000,-120.000000,-120.000000,-120.000000,-120.000000,-120.000000,-120.000000,-120.000000,-120.000000,-120.000000,-120.000000,-120.000000,-120.000000,-120.000000,-120.000000,-120.000000,-120.000000,-120.000000,-120.000000,-120.000000,-120.000000,-120.000000,-120.000000,-120.000000,-120.000000,-120.000000,-120.000000,-120.000000,-120.000000,-120.000000,-120.000000,-120.000000,-120.000000,-120.000000,-120.000000,-120.000000,-120.000000,-120.000000,-120.000000,-120.000000,-120.000000,-120.000000,-120.000000,-120.000000,-120.000000,-120.000000,-120.000000,-120.000000,-120.000000,-120.000000,-120.000000,-120.000000,-120.000000,-120.000000,-120.000000,-120.000000,-120.000000,-120.000000,-120.000000,-120.000000,-120.000000,-120.000000,-120.000000,-120.000000,-120.000000,-120.000000,-120.000000,-120.000000,-120.000000,-120.000000,-120.000000,-120.000000,-120.000000,-120.000000,-120.000000,-120.000000,-120.000000,-120.000000,-120.000000,-120.000000,-120.000000,-120.000000,-120.000000,-120.000000,-120.000000,-120.000000,-120.000000,-120.000000,-120.000000,-120.000000,-120.000000,-120.000000,-120.000000,-120.000000,-120.000000,-120.000000,-120.000000,-120.000000,-120.000000,-120.000000,-120.000000,-120.000000,-120.000000,-120.000000,-120.000000,-120.000000,-120.000000,-120.000000,-120.000000,-120.000000,-120.000000,-120.000000,-120.000000,-120.000000,-120.000000,-120.000000,-120.000000,-120.000000,-120.000000,-120.000000,-120.000000,-120.000000,-120.000000,-120.000000,-120.000000,-120.000000,-120.000000,-120.000000,-120.000000,-120.000000,-120.000000,-120.000000,-120.000000,-120.000000,-120.000000,-120.000000,-120.000000,-120.000000,-120.000000,-120.000000,-120.000000,-120.000000,-120.000000,-120.000000,-120.000000,-120.000000,-120.000000,-120.000000,-120.000000
[0;32mI (109110) ANALISIS_ESPECTRO: Frame exportado | t=108.35 s | pico=78.1 Hz | -120.0 dB[0m
SPECTRUM_FRAME,109.376703,78.125000,-120.000000,hann,512,-120.000000,-120.000000,-120.000000,-120.000000,-120.000000,-120.000000,-120.000000,-120.000000,-120.000000,-120.000000,-120.000000,-120.000000,-120.000000,-120.000000,-120.000000,-120.000000,-120.000000,-120.000000,-120.000000,-120.000000,-120.000000,-120.000000,-120.000000,-120.000000,-120.000000,-120.000000,-120.000000,-120.000000,-120.000000,-120.000000,-120.000000,-120.000000,-120.000000,-120.000000,-120.000000,-120.000000,-120.000000,-120.000000,-120.000000,-120.000000,-120.000000,-120.000000,-120.000000,-120.000000,-120.000000,-120.000000,-120.000000,-120.000000,-120.000000,-120.000000,-120.000000,-120.000000,-120.000000,-120.000000,-120.000000,-120.000000,-120.000000,-120.000000,-120.000000,-120.000000,-120.000000,-120.000000,-120.000000,-120.000000,-120.000000,-120.000000,-120.000000,-120.000000,-120.000000,-120.000000,-120.000000,-120.000000,-120.000000,-120.000000,-120.000000,-120.000000,-120.000000,-120.000000,-120.000000,-120.000000,-120.000000,-120.000000,-120.000000,-120.000000,-120.000000,-120.000000,-120.000000,-120.000000,-120.000000,-120.000000,-120.000000,-120.000000,-120.000000,-120.000000,-120.000000,-120.000000,-120.000000,-120.000000,-120.000000,-120.000000,-120.000000,-120.000000,-120.000000,-120.000000,-120.000000,-120.000000,-120.000000,-120.000000,-120.000000,-120.000000,-120.000000,-120.000000,-120.000000,-120.000000,-120.000000,-120.000000,-120.000000,-120.000000,-120.000000,-120.000000,-120.000000,-120.000000,-120.000000,-120.000000,-120.000000,-120.000000,-120.000000,-120.000000,-120.000000,-120.000000,-120.000000,-120.000000,-120.000000,-120.000000,-120.000000,-120.000000,-120.000000,-120.000000,-120.000000,-120.000000,-120.000000,-120.000000,-120.000000,-120.000000,-120.000000,-120.000000,-120.000000,-120.000000,-120.000000,-120.000000,-120.000000,-120.000000,-120.000000,-120.000000,-120.000000,-120.000000,-120.000000,-120.000000,-120.000000,-120.000000,-120.000000,-120.000000,-120.000000,-120.000000,-120.000000,-120.000000,-120.000000,-120.000000,-120.000000,-120.000000,-120.000000,-120.000000,-120.000000,-120.000000,-120.000000,-120.000000,-120.000000,-120.000000,-120.000000,-120.000000,-120.000000,-120.000000,-120.000000,-120.000000,-120.000000,-120.000000,-120.000000,-120.000000,-120.000000,-120.000000,-120.000000,-120.000000,-120.000000,-120.000000,-120.000000,-120.000000,-120.000000,-120.000000,-120.000000,-120.000000,-120.000000,-120.000000,-120.000000,-120.000000,-120.000000,-120.000000,-120.000000,-120.000000,-120.000000,-120.000000,-120.000000,-120.000000,-120.000000,-120.000000,-120.000000,-120.000000,-120.000000,-120.000000,-120.000000,-120.000000,-120.000000,-120.000000,-120.000000,-120.000000,-120.000000,-120.000000,-120.000000,-120.000000,-120.000000,-120.000000,-120.000000,-120.000000,-120.000000,-120.000000,-120.000000,-120.000000,-120.000000,-120.000000,-120.000000,-120.000000,-120.000000,-120.000000,-120.000000,-120.000000,-120.000000,-120.000000,-120.000000,-120.000000,-120.000000,-120.000000,-120.000000,-120.000000,-120.000000,-120.000000,-120.000000,-120.000000,-120.000000,-120.000000,-120.000000,-120.000000,-120.000000,-120.000000,-120.000000,-120.000000,-120.000000,-120.000000,-120.000000,-120.000000,-120.000000,-120.000000,-120.000000,-120.000000,-120.000000,-120.000000,-120.000000,-120.000000,-120.000000,-120.000000,-120.000000,-120.000000,-120.000000,-120.000000,-120.000000,-120.000000,-120.000000,-120.000000,-120.000000,-120.000000,-120.000000,-120.000000,-120.000000,-120.000000,-120.000000,-120.000000,-120.000000,-120.000000,-120.000000,-120.000000,-120.000000,-120.000000,-120.000000,-120.000000,-120.000000,-120.000000,-120.000000,-120.000000,-120.000000,-120.000000,-120.000000,-120.000000,-120.000000,-120.000000,-120.000000,-120.000000,-120.000000,-120.000000,-120.000000,-120.000000,-120.000000,-120.000000,-120.000000,-120.000000,-120.000000,-120.000000,-120.000000,-120.000000,-120.000000,-120.000000,-120.000000,-120.000000,-120.000000,-120.000000,-120.000000,-120.000000,-120.000000,-120.000000,-120.000000,-120.000000,-120.000000,-120.000000,-120.000000,-120.000000,-120.000000,-120.000000,-120.000000,-120.000000,-120.000000,-120.000000,-120.000000,-120.000000,-120.000000,-120.000000,-120.000000,-120.000000,-120.000000,-120.000000,-120.000000,-120.000000,-120.000000,-120.000000,-120.000000,-120.000000,-120.000000,-120.000000,-120.000000,-120.000000,-120.000000,-120.000000,-120.000000,-120.000000,-120.000000,-120.000000,-120.000000,-120.000000,-120.000000,-120.000000,-120.000000,-120.000000,-120.000000,-120.000000,-120.000000,-120.000000,-120.000000,-120.000000,-120.000000,-120.000000,-120.000000,-120.000000,-120.000000,-120.000000,-120.000000,-120.000000,-120.000000,-120.000000,-120.000000,-120.000000,-120.000000,-120.000000,-120.000000,-120.000000,-120.000000,-120.000000,-120.000000,-120.000000,-120.000000,-120.000000,-120.000000,-120.000000,-120.000000,-120.000000,-120.000000,-120.000000,-120.000000,-120.000000,-120.000000,-120.000000,-120.000000,-120.000000,-120.000000,-120.000000,-120.000000,-120.000000,-120.000000,-120.000000,-120.000000,-120.000000,-120.000000,-120.000000,-120.000000,-120.000000,-120.000000,-120.000000,-120.000000,-120.000000,-120.000000,-120.000000,-120.000000,-120.000000,-120.000000,-120.000000,-120.000000,-120.000000,-120.000000,-120.000000,-120.000000,-120.000000,-120.000000,-120.000000,-120.000000,-120.000000,-120.000000,-120.000000,-120.000000,-120.000000,-120.000000,-120.000000,-120.000000,-120.000000,-120.000000,-120.000000,-120.000000,-120.000000,-120.000000,-120.000000,-120.000000,-120.000000,-120.000000,-120.000000,-120.000000,-120.000000,-120.000000,-120.000000,-120.000000,-120.000000,-120.000000,-120.000000,-120.000000,-120.000000,-120.000000,-120.000000,-120.000000,-120.000000,-120.000000,-120.000000,-120.000000,-120.000000,-120.000000,-120.000000,-120.000000,-120.000000,-120.000000,-120.000000,-120.000000,-120.000000,-120.000000,-120.000000,-120.000000,-120.000000,-120.000000,-120.000000,-120.000000,-120.000000,-120.000000,-120.000000,-120.000000,-120.000000,-120.000000,-120.000000,-120.000000,-120.000000,-120.000000,-120.000000
[0;32mI (110130) ANALISIS_ESPECTRO: Frame exportado | t=109.38 s | pico=78.1 Hz | -120.0 dB[0m
SPECTRUM_FRAME,110.399056,78.125000,-120.000000,hann,512,-120.000000,-120.000000,-120.000000,-120.000000,-120.000000,-120.000000,-120.000000,-120.000000,-120.000000,-120.000000,-120.000000,-120.000000,-120.000000,-120.000000,-120.000000,-120.000000,-120.000000,-120.000000,-120.000000,-120.000000,-120.000000,-120.000000,-120.000000,-120.000000,-120.000000,-120.000000,-120.000000,-120.000000,-120.000000,-120.000000,-120.000000,-120.000000,-120.000000,-120.000000,-120.000000,-120.000000,-120.000000,-120.000000,-120.000000,-120.000000,-120.000000,-120.000000,-120.000000,-120.000000,-120.000000,-120.000000,-120.000000,-120.000000,-120.000000,-120.000000,-120.000000,-120.000000,-120.000000,-120.000000,-120.000000,-120.000000,-120.000000,-120.000000,-120.000000,-120.000000,-120.000000,-120.000000,-120.000000,-120.000000,-120.000000,-120.000000,-120.000000,-120.000000,-120.000000,-120.000000,-120.000000,-120.000000,-120.000000,-120.000000,-120.000000,-120.000000,-120.000000,-120.000000,-120.000000,-120.000000,-120.000000,-120.000000,-120.000000,-120.000000,-120.000000,-120.000000,-120.000000,-120.000000,-120.000000,-120.000000,-120.000000,-120.000000,-120.000000,-120.000000,-120.000000,-120.000000,-120.000000,-120.000000,-120.000000,-120.000000,-120.000000,-120.000000,-120.000000,-120.000000,-120.000000,-120.000000,-120.000000,-120.000000,-120.000000,-120.000000,-120.000000,-120.000000,-120.000000,-120.000000,-120.000000,-120.000000,-120.000000,-120.000000,-120.000000,-120.000000,-120.000000,-120.000000,-120.000000,-120.000000,-120.000000,-120.000000,-120.000000,-120.000000,-120.000000,-120.000000,-120.000000,-120.000000,-120.000000,-120.000000,-120.000000,-120.000000,-120.000000,-120.000000,-120.000000,-120.000000,-120.000000,-120.000000,-120.000000,-120.000000,-120.000000,-120.000000,-120.000000,-120.000000,-120.000000,-120.000000,-120.000000,-120.000000,-120.000000,-120.000000,-120.000000,-120.000000,-120.000000,-120.000000,-120.000000,-120.000000,-120.000000,-120.000000,-120.000000,-120.000000,-120.000000,-120.000000,-120.000000,-120.000000,-120.000000,-120.000000,-120.000000,-120.000000,-120.000000,-120.000000,-120.000000,-120.000000,-120.000000,-120.000000,-120.000000,-120.000000,-120.000000,-120.000000,-120.000000,-120.000000,-120.000000,-120.000000,-120.000000,-120.000000,-120.000000,-120.000000,-120.000000,-120.000000,-120.000000,-120.000000,-120.000000,-120.000000,-120.000000,-120.000000,-120.000000,-120.000000,-120.000000,-120.000000,-120.000000,-120.000000,-120.000000,-120.000000,-120.000000,-120.000000,-120.000000,-120.000000,-120.000000,-120.000000,-120.000000,-120.000000,-120.000000,-120.000000,-120.000000,-120.000000,-120.000000,-120.000000,-120.000000,-120.000000,-120.000000,-120.000000,-120.000000,-120.000000,-120.000000,-120.000000,-120.000000,-120.000000,-120.000000,-120.000000,-120.000000,-120.000000,-120.000000,-120.000000,-120.000000,-120.000000,-120.000000,-120.000000,-120.000000,-120.000000,-120.000000,-120.000000,-120.000000,-120.000000,-120.000000,-120.000000,-120.000000,-120.000000,-120.000000,-120.000000,-120.000000,-120.000000,-120.000000,-120.000000,-120.000000,-120.000000,-120.000000,-120.000000,-120.000000,-120.000000,-120.000000,-120.000000,-120.000000,-120.000000,-120.000000,-120.000000,-120.000000,-120.000000,-120.000000,-120.000000,-120.000000,-120.000000,-120.000000,-120.000000,-120.000000,-120.000000,-120.000000,-120.000000,-120.000000,-120.000000,-120.000000,-120.000000,-120.000000,-120.000000,-120.000000,-120.000000,-120.000000,-120.000000,-120.000000,-120.000000,-120.000000,-120.000000,-120.000000,-120.000000,-120.000000,-120.000000,-120.000000,-120.000000,-120.000000,-120.000000,-120.000000,-120.000000,-120.000000,-120.000000,-120.000000,-120.000000,-120.000000,-120.000000,-120.000000,-120.000000,-120.000000,-120.000000,-120.000000,-120.000000,-120.000000,-120.000000,-120.000000,-120.000000,-120.000000,-120.000000,-120.000000,-120.000000,-120.000000,-120.000000,-120.000000,-120.000000,-120.000000,-120.000000,-120.000000,-120.000000,-120.000000,-120.000000,-120.000000,-120.000000,-120.000000,-120.000000,-120.000000,-120.000000,-120.000000,-120.000000,-120.000000,-120.000000,-120.000000,-120.000000,-120.000000,-120.000000,-120.000000,-120.000000,-120.000000,-120.000000,-120.000000,-120.000000,-120.000000,-120.000000,-120.000000,-120.000000,-120.000000,-120.000000,-120.000000,-120.000000,-120.000000,-120.000000,-120.000000,-120.000000,-120.000000,-120.000000,-120.000000,-120.000000,-120.000000,-120.000000,-120.000000,-120.000000,-120.000000,-120.000000,-120.000000,-120.000000,-120.000000,-120.000000,-120.000000,-120.000000,-120.000000,-120.000000,-120.000000,-120.000000,-120.000000,-120.000000,-120.000000,-120.000000,-120.000000,-120.000000,-120.000000,-120.000000,-120.000000,-120.000000,-120.000000,-120.000000,-120.000000,-120.000000,-120.000000,-120.000000,-120.000000,-120.000000,-120.000000,-120.000000,-120.000000,-120.000000,-120.000000,-120.000000,-120.000000,-120.000000,-120.000000,-120.000000,-120.000000,-120.000000,-120.000000,-120.000000,-120.000000,-120.000000,-120.000000,-120.000000,-120.000000,-120.000000,-120.000000,-120.000000,-120.000000,-120.000000,-120.000000,-120.000000,-120.000000,-120.000000,-120.000000,-120.000000,-120.000000,-120.000000,-120.000000,-120.000000,-120.000000,-120.000000,-120.000000,-120.000000,-120.000000,-120.000000,-120.000000,-120.000000,-120.000000,-120.000000,-120.000000,-120.000000,-120.000000,-120.000000,-120.000000,-120.000000,-120.000000,-120.000000,-120.000000,-120.000000,-120.000000,-120.000000,-120.000000,-120.000000,-120.000000,-120.000000,-120.000000,-120.000000,-120.000000,-120.000000,-120.000000,-120.000000,-120.000000,-120.000000,-120.000000,-120.000000,-120.000000,-120.000000,-120.000000,-120.000000,-120.000000,-120.000000,-120.000000,-120.000000,-120.000000,-120.000000,-120.000000,-120.000000,-120.000000,-120.000000,-120.000000,-120.000000,-120.000000,-120.000000,-120.000000,-120.000000,-120.000000,-120.000000,-120.000000,-120.000000,-120.000000,-120.000000,-120.000000,-120.000000,-120.000000,-120.000000,-120.000000,-120.000000,-120.000000,-120.000000,-120.000000,-120.000000,-120.000000,-120.000000
[0;32mI (111160) ANALISIS_ESPECTRO: Frame exportado | t=110.40 s | pico=78.1 Hz | -120.0 dB[0m
SPECTRUM_FRAME,111.421418,78.125000,-120.000000,hann,512,-120.000000,-120.000000,-120.000000,-120.000000,-120.000000,-120.000000,-120.000000,-120.000000,-120.000000,-120.000000,-120.000000,-120.000000,-120.000000,-120.000000,-120.000000,-120.000000,-120.000000,-120.000000,-120.000000,-120.000000,-120.000000,-120.000000,-120.000000,-120.000000,-120.000000,-120.000000,-120.000000,-120.000000,-120.000000,-120.000000,-120.000000,-120.000000,-120.000000,-120.000000,-120.000000,-120.000000,-120.000000,-120.000000,-120.000000,-120.000000,-120.000000,-120.000000,-120.000000,-120.000000,-120.000000,-120.000000,-120.000000,-120.000000,-120.000000,-120.000000,-120.000000,-120.000000,-120.000000,-120.000000,-120.000000,-120.000000,-120.000000,-120.000000,-120.000000,-120.000000,-120.000000,-120.000000,-120.000000,-120.000000,-120.000000,-120.000000,-120.000000,-120.000000,-120.000000,-120.000000,-120.000000,-120.000000,-120.000000,-120.000000,-120.000000,-120.000000,-120.000000,-120.000000,-120.000000,-120.000000,-120.000000,-120.000000,-120.000000,-120.000000,-120.000000,-120.000000,-120.000000,-120.000000,-120.000000,-120.000000,-120.000000,-120.000000,-120.000000,-120.000000,-120.000000,-120.000000,-120.000000,-120.000000,-120.000000,-120.000000,-120.000000,-120.000000,-120.000000,-120.000000,-120.000000,-120.000000,-120.000000,-120.000000,-120.000000,-120.000000,-120.000000,-120.000000,-120.000000,-120.000000,-120.000000,-120.000000,-120.000000,-120.000000,-120.000000,-120.000000,-120.000000,-120.000000,-120.000000,-120.000000,-120.000000,-120.000000,-120.000000,-120.000000,-120.000000,-120.000000,-120.000000,-120.000000,-120.000000,-120.000000,-120.000000,-120.000000,-120.000000,-120.000000,-120.000000,-120.000000,-120.000000,-120.000000,-120.000000,-120.000000,-120.000000,-120.000000,-120.000000,-120.000000,-120.000000,-120.000000,-120.000000,-120.000000,-120.000000,-120.000000,-120.000000,-120.000000,-120.000000,-120.000000,-120.000000,-120.000000,-120.000000,-120.000000,-120.000000,-120.000000,-120.000000,-120.000000,-120.000000,-120.000000,-120.000000,-120.000000,-120.000000,-120.000000,-120.000000,-120.000000,-120.000000,-120.000000,-120.000000,-120.000000,-120.000000,-120.000000,-120.000000,-120.000000,-120.000000,-120.000000,-120.000000,-120.000000,-120.000000,-120.000000,-120.000000,-120.000000,-120.000000,-120.000000,-120.000000,-120.000000,-120.000000,-120.000000,-120.000000,-120.000000,-120.000000,-120.000000,-120.000000,-120.000000,-120.000000,-120.000000,-120.000000,-120.000000,-120.000000,-120.000000,-120.000000,-120.000000,-120.000000,-120.000000,-120.000000,-120.000000,-120.000000,-120.000000,-120.000000,-120.000000,-120.000000,-120.000000,-120.000000,-120.000000,-120.000000,-120.000000,-120.000000,-120.000000,-120.000000,-120.000000,-120.000000,-120.000000,-120.000000,-120.000000,-120.000000,-120.000000,-120.000000,-120.000000,-120.000000,-120.000000,-120.000000,-120.000000,-120.000000,-120.000000,-120.000000,-120.000000,-120.000000,-120.000000,-120.000000,-120.000000,-120.000000,-120.000000,-120.000000,-120.000000,-120.000000,-120.000000,-120.000000,-120.000000,-120.000000,-120.000000,-120.000000,-120.000000,-120.000000,-120.000000,-120.000000,-120.000000,-120.000000,-120.000000,-120.000000,-120.000000,-120.000000,-120.000000,-120.000000,-120.000000,-120.000000,-120.000000,-120.000000,-120.000000,-120.000000,-120.000000,-120.000000,-120.000000,-120.000000,-120.000000,-120.000000,-120.000000,-120.000000,-120.000000,-120.000000,-120.000000,-120.000000,-120.000000,-120.000000,-120.000000,-120.000000,-120.000000,-120.000000,-120.000000,-120.000000,-120.000000,-120.000000,-120.000000,-120.000000,-120.000000,-120.000000,-120.000000,-120.000000,-120.000000,-120.000000,-120.000000,-120.000000,-120.000000,-120.000000,-120.000000,-120.000000,-120.000000,-120.000000,-120.000000,-120.000000,-120.000000,-120.000000,-120.000000,-120.000000,-120.000000,-120.000000,-120.000000,-120.000000,-120.000000,-120.000000,-120.000000,-120.000000,-120.000000,-120.000000,-120.000000,-120.000000,-120.000000,-120.000000,-120.000000,-120.000000,-120.000000,-120.000000,-120.000000,-120.000000,-120.000000,-120.000000,-120.000000,-120.000000,-120.000000,-120.000000,-120.000000,-120.000000,-120.000000,-120.000000,-120.000000,-120.000000,-120.000000,-120.000000,-120.000000,-120.000000,-120.000000,-120.000000,-120.000000,-120.000000,-120.000000,-120.000000,-120.000000,-120.000000,-120.000000,-120.000000,-120.000000,-120.000000,-120.000000,-120.000000,-120.000000,-120.000000,-120.000000,-120.000000,-120.000000,-120.000000,-120.000000,-120.000000,-120.000000,-120.000000,-120.000000,-120.000000,-120.000000,-120.000000,-120.000000,-120.000000,-120.000000,-120.000000,-120.000000,-120.000000,-120.000000,-120.000000,-120.000000,-120.000000,-120.000000,-120.000000,-120.000000,-120.000000,-120.000000,-120.000000,-120.000000,-120.000000,-120.000000,-120.000000,-120.000000,-120.000000,-120.000000,-120.000000,-120.000000,-120.000000,-120.000000,-120.000000,-120.000000,-120.000000,-120.000000,-120.000000,-120.000000,-120.000000,-120.000000,-120.000000,-120.000000,-120.000000,-120.000000,-120.000000,-120.000000,-120.000000,-120.000000,-120.000000,-120.000000,-120.000000,-120.000000,-120.000000,-120.000000,-120.000000,-120.000000,-120.000000,-120.000000,-120.000000,-120.000000,-120.000000,-120.000000,-120.000000,-120.000000,-120.000000,-120.000000,-120.000000,-120.000000,-120.000000,-120.000000,-120.000000,-120.000000,-120.000000,-120.000000,-120.000000,-120.000000,-120.000000,-120.000000,-120.000000,-120.000000,-120.000000,-120.000000,-120.000000,-120.000000,-120.000000,-120.000000,-120.000000,-120.000000,-120.000000,-120.000000,-120.000000,-120.000000,-120.000000,-120.000000,-120.000000,-120.000000,-120.000000,-120.000000,-120.000000,-120.000000,-120.000000,-120.000000,-120.000000,-120.000000,-120.000000,-120.000000,-120.000000,-120.000000,-120.000000,-120.000000,-120.000000,-120.000000,-120.000000,-120.000000,-120.000000,-120.000000,-120.000000,-120.000000,-120.000000,-120.000000,-120.000000,-120.000000,-120.000000,-120.000000,-120.000000,-120.000000,-120.000000,-120.000000,-120.000000,-120.000000,-120.000000,-120.000000
[0;32mI (112180) ANALISIS_ESPECTRO: Frame exportado | t=111.42 s | pico=78.1 Hz | -120.0 dB[0m
SPECTRUM_FRAME,112.443779,78.125000,-120.000000,hann,512,-120.000000,-120.000000,-120.000000,-120.000000,-120.000000,-120.000000,-120.000000,-120.000000,-120.000000,-120.000000,-120.000000,-120.000000,-120.000000,-120.000000,-120.000000,-120.000000,-120.000000,-120.000000,-120.000000,-120.000000,-120.000000,-120.000000,-120.000000,-120.000000,-120.000000,-120.000000,-120.000000,-120.000000,-120.000000,-120.000000,-120.000000,-120.000000,-120.000000,-120.000000,-120.000000,-120.000000,-120.000000,-120.000000,-120.000000,-120.000000,-120.000000,-120.000000,-120.000000,-120.000000,-120.000000,-120.000000,-120.000000,-120.000000,-120.000000,-120.000000,-120.000000,-120.000000,-120.000000,-120.000000,-120.000000,-120.000000,-120.000000,-120.000000,-120.000000,-120.000000,-120.000000,-120.000000,-120.000000,-120.000000,-120.000000,-120.000000,-120.000000,-120.000000,-120.000000,-120.000000,-120.000000,-120.000000,-120.000000,-120.000000,-120.000000,-120.000000,-120.000000,-120.000000,-120.000000,-120.000000,-120.000000,-120.000000,-120.000000,-120.000000,-120.000000,-120.000000,-120.000000,-120.000000,-120.000000,-120.000000,-120.000000,-120.000000,-120.000000,-120.000000,-120.000000,-120.000000,-120.000000,-120.000000,-120.000000,-120.000000,-120.000000,-120.000000,-120.000000,-120.000000,-120.000000,-120.000000,-120.000000,-120.000000,-120.000000,-120.000000,-120.000000,-120.000000,-120.000000,-120.000000,-120.000000,-120.000000,-120.000000,-120.000000,-120.000000,-120.000000,-120.000000,-120.000000,-120.000000,-120.000000,-120.000000,-120.000000,-120.000000,-120.000000,-120.000000,-120.000000,-120.000000,-120.000000,-120.000000,-120.000000,-120.000000,-120.000000,-120.000000,-120.000000,-120.000000,-120.000000,-120.000000,-120.000000,-120.000000,-120.000000,-120.000000,-120.000000,-120.000000,-120.000000,-120.000000,-120.000000,-120.000000,-120.000000,-120.000000,-120.000000,-120.000000,-120.000000,-120.000000,-120.000000,-120.000000,-120.000000,-120.000000,-120.000000,-120.000000,-120.000000,-120.000000,-120.000000,-120.000000,-120.000000,-120.000000,-120.000000,-120.000000,-120.000000,-120.000000,-120.000000,-120.000000,-120.000000,-120.000000,-120.000000,-120.000000,-120.000000,-120.000000,-120.000000,-120.000000,-120.000000,-120.000000,-120.000000,-120.000000,-120.000000,-120.000000,-120.000000,-120.000000,-120.000000,-120.000000,-120.000000,-120.000000,-120.000000,-120.000000,-120.000000,-120.000000,-120.000000,-120.000000,-120.000000,-120.000000,-120.000000,-120.000000,-120.000000,-120.000000,-120.000000,-120.000000,-120.000000,-120.000000,-120.000000,-120.000000,-120.000000,-120.000000,-120.000000,-120.000000,-120.000000,-120.000000,-120.000000,-120.000000,-120.000000,-120.000000,-120.000000,-120.000000,-120.000000,-120.000000,-120.000000,-120.000000,-120.000000,-120.000000,-120.000000,-120.000000,-120.000000,-120.000000,-120.000000,-120.000000,-120.000000,-120.000000,-120.000000,-120.000000,-120.000000,-120.000000,-120.000000,-120.000000,-120.000000,-120.000000,-120.000000,-120.000000,-120.000000,-120.000000,-120.000000,-120.000000,-120.000000,-120.000000,-120.000000,-120.000000,-120.000000,-120.000000,-120.000000,-120.000000,-120.000000,-120.000000,-120.000000,-120.000000,-120.000000,-120.000000,-120.000000,-120.000000,-120.000000,-120.000000,-120.000000,-120.000000,-120.000000,-120.000000,-120.000000,-120.000000,-120.000000,-120.000000,-120.000000,-120.000000,-120.000000,-120.000000,-120.000000,-120.000000,-120.000000,-120.000000,-120.000000,-120.000000,-120.000000,-120.000000,-120.000000,-120.000000,-120.000000,-120.000000,-120.000000,-120.000000,-120.000000,-120.000000,-120.000000,-120.000000,-120.000000,-120.000000,-120.000000,-120.000000,-120.000000,-120.000000,-120.000000,-120.000000,-120.000000,-120.000000,-120.000000,-120.000000,-120.000000,-120.000000,-120.000000,-120.000000,-120.000000,-120.000000,-120.000000,-120.000000,-120.000000,-120.000000,-120.000000,-120.000000,-120.000000,-120.000000,-120.000000,-120.000000,-120.000000,-120.000000,-120.000000,-120.000000,-120.000000,-120.000000,-120.000000,-120.000000,-120.000000,-120.000000,-120.000000,-120.000000,-120.000000,-120.000000,-120.000000,-120.000000,-120.000000,-120.000000,-120.000000,-120.000000,-120.000000,-120.000000,-120.000000,-120.000000,-120.000000,-120.000000,-120.000000,-120.000000,-120.000000,-120.000000,-120.000000,-120.000000,-120.000000,-120.000000,-120.000000,-120.000000,-120.000000,-120.000000,-120.000000,-120.000000,-120.000000,-120.000000,-120.000000,-120.000000,-120.000000,-120.000000,-120.000000,-120.000000,-120.000000,-120.000000,-120.000000,-120.000000,-120.000000,-120.000000,-120.000000,-120.000000,-120.000000,-120.000000,-120.000000,-120.000000,-120.000000,-120.000000,-120.000000,-120.000000,-120.000000,-120.000000,-120.000000,-120.000000,-120.000000,-120.000000,-120.000000,-120.000000,-120.000000,-120.000000,-120.000000,-120.000000,-120.000000,-120.000000,-120.000000,-120.000000,-120.000000,-120.000000,-120.000000,-120.000000,-120.000000,-120.000000,-120.000000,-120.000000,-120.000000,-120.000000,-120.000000,-120.000000,-120.000000,-120.000000,-120.000000,-120.000000,-120.000000,-120.000000,-120.000000,-120.000000,-120.000000,-120.000000,-120.000000,-120.000000,-120.000000,-120.000000,-120.000000,-120.000000,-120.000000,-120.000000,-120.000000,-120.000000,-120.000000,-120.000000,-120.000000,-120.000000,-120.000000,-120.000000,-120.000000,-120.000000,-120.000000,-120.000000,-120.000000,-120.000000,-120.000000,-120.000000,-120.000000,-120.000000,-120.000000,-120.000000,-120.000000,-120.000000,-120.000000,-120.000000,-120.000000,-120.000000,-120.000000,-120.000000,-120.000000,-120.000000,-120.000000,-120.000000,-120.000000,-120.000000,-120.000000,-120.000000,-120.000000,-120.000000,-120.000000,-120.000000,-120.000000,-120.000000,-120.000000,-120.000000,-120.000000,-120.000000,-120.000000,-120.000000,-120.000000,-120.000000,-120.000000,-120.000000,-120.000000,-120.000000,-120.000000,-120.000000,-120.000000,-120.000000,-120.000000,-120.000000,-120.000000,-120.000000,-120.000000,-120.000000,-120.000000,-120.000000,-120.000000,-120.000000,-120.000000,-120.000000,-120.000000,-120.000000,-120.000000
[0;32mI (113200) ANALISIS_ESPECTRO: Frame exportado | t=112.44 s | pico=78.1 Hz | -120.0 dB[0m
SPECTRUM_FRAME,113.466150,78.125000,-120.000000,hann,512,-120.000000,-120.000000,-120.000000,-120.000000,-120.000000,-120.000000,-120.000000,-120.000000,-120.000000,-120.000000,-120.000000,-120.000000,-120.000000,-120.000000,-120.000000,-120.000000,-120.000000,-120.000000,-120.000000,-120.000000,-120.000000,-120.000000,-120.000000,-120.000000,-120.000000,-120.000000,-120.000000,-120.000000,-120.000000,-120.000000,-120.000000,-120.000000,-120.000000,-120.000000,-120.000000,-120.000000,-120.000000,-120.000000,-120.000000,-120.000000,-120.000000,-120.000000,-120.000000,-120.000000,-120.000000,-120.000000,-120.000000,-120.000000,-120.000000,-120.000000,-120.000000,-120.000000,-120.000000,-120.000000,-120.000000,-120.000000,-120.000000,-120.000000,-120.000000,-120.000000,-120.000000,-120.000000,-120.000000,-120.000000,-120.000000,-120.000000,-120.000000,-120.000000,-120.000000,-120.000000,-120.000000,-120.000000,-120.000000,-120.000000,-120.000000,-120.000000,-120.000000,-120.000000,-120.000000,-120.000000,-120.000000,-120.000000,-120.000000,-120.000000,-120.000000,-120.000000,-120.000000,-120.000000,-120.000000,-120.000000,-120.000000,-120.000000,-120.000000,-120.000000,-120.000000,-120.000000,-120.000000,-120.000000,-120.000000,-120.000000,-120.000000,-120.000000,-120.000000,-120.000000,-120.000000,-120.000000,-120.000000,-120.000000,-120.000000,-120.000000,-120.000000,-120.000000,-120.000000,-120.000000,-120.000000,-120.000000,-120.000000,-120.000000,-120.000000,-120.000000,-120.000000,-120.000000,-120.000000,-120.000000,-120.000000,-120.000000,-120.000000,-120.000000,-120.000000,-120.000000,-120.000000,-120.000000,-120.000000,-120.000000,-120.000000,-120.000000,-120.000000,-120.000000,-120.000000,-120.000000,-120.000000,-120.000000,-120.000000,-120.000000,-120.000000,-120.000000,-120.000000,-120.000000,-120.000000,-120.000000,-120.000000,-120.000000,-120.000000,-120.000000,-120.000000,-120.000000,-120.000000,-120.000000,-120.000000,-120.000000,-120.000000,-120.000000,-120.000000,-120.000000,-120.000000,-120.000000,-120.000000,-120.000000,-120.000000,-120.000000,-120.000000,-120.000000,-120.000000,-120.000000,-120.000000,-120.000000,-120.000000,-120.000000,-120.000000,-120.000000,-120.000000,-120.000000,-120.000000,-120.000000,-120.000000,-120.000000,-120.000000,-120.000000,-120.000000,-120.000000,-120.000000,-120.000000,-120.000000,-120.000000,-120.000000,-120.000000,-120.000000,-120.000000,-120.000000,-120.000000,-120.000000,-120.000000,-120.000000,-120.000000,-120.000000,-120.000000,-120.000000,-120.000000,-120.000000,-120.000000,-120.000000,-120.000000,-120.000000,-120.000000,-120.000000,-120.000000,-120.000000,-120.000000,-120.000000,-120.000000,-120.000000,-120.000000,-120.000000,-120.000000,-120.000000,-120.000000,-120.000000,-120.000000,-120.000000,-120.000000,-120.000000,-120.000000,-120.000000,-120.000000,-120.000000,-120.000000,-120.000000,-120.000000,-120.000000,-120.000000,-120.000000,-120.000000,-120.000000,-120.000000,-120.000000,-120.000000,-120.000000,-120.000000,-120.000000,-120.000000,-120.000000,-120.000000,-120.000000,-120.000000,-120.000000,-120.000000,-120.000000,-120.000000,-120.000000,-120.000000,-120.000000,-120.000000,-120.000000,-120.000000,-120.000000,-120.000000,-120.000000,-120.000000,-120.000000,-120.000000,-120.000000,-120.000000,-120.000000,-120.000000,-120.000000,-120.000000,-120.000000,-120.000000,-120.000000,-120.000000,-120.000000,-120.000000,-120.000000,-120.000000,-120.000000,-120.000000,-120.000000,-120.000000,-120.000000,-120.000000,-120.000000,-120.000000,-120.000000,-120.000000,-120.000000,-120.000000,-120.000000,-120.000000,-120.000000,-120.000000,-120.000000,-120.000000,-120.000000,-120.000000,-120.000000,-120.000000,-120.000000,-120.000000,-120.000000,-120.000000,-120.000000,-120.000000,-120.000000,-120.000000,-120.000000,-120.000000,-120.000000,-120.000000,-120.000000,-120.000000,-120.000000,-120.000000,-120.000000,-120.000000,-120.000000,-120.000000,-120.000000,-120.000000,-120.000000,-120.000000,-120.000000,-120.000000,-120.000000,-120.000000,-120.000000,-120.000000,-120.000000,-120.000000,-120.000000,-120.000000,-120.000000,-120.000000,-120.000000,-120.000000,-120.000000,-120.000000,-120.000000,-120.000000,-120.000000,-120.000000,-120.000000,-120.000000,-120.000000,-120.000000,-120.000000,-120.000000,-120.000000,-120.000000,-120.000000,-120.000000,-120.000000,-120.000000,-120.000000,-120.000000,-120.000000,-120.000000,-120.000000,-120.000000,-120.000000,-120.000000,-120.000000,-120.000000,-120.000000,-120.000000,-120.000000,-120.000000,-120.000000,-120.000000,-120.000000,-120.000000,-120.000000,-120.000000,-120.000000,-120.000000,-120.000000,-120.000000,-120.000000,-120.000000,-120.000000,-120.000000,-120.000000,-120.000000,-120.000000,-120.000000,-120.000000,-120.000000,-120.000000,-120.000000,-120.000000,-120.000000,-120.000000,-120.000000,-120.000000,-120.000000,-120.000000,-120.000000,-120.000000,-120.000000,-120.000000,-120.000000,-120.000000,-120.000000,-120.000000,-120.000000,-120.000000,-120.000000,-120.000000,-120.000000,-120.000000,-120.000000,-120.000000,-120.000000,-120.000000,-120.000000,-120.000000,-120.000000,-120.000000,-120.000000,-120.000000,-120.000000,-120.000000,-120.000000,-120.000000,-120.000000,-120.000000,-120.000000,-120.000000,-120.000000,-120.000000,-120.000000,-120.000000,-120.000000,-120.000000,-120.000000,-120.000000,-120.000000,-120.000000,-120.000000,-120.000000,-120.000000,-120.000000,-120.000000,-120.000000,-120.000000,-120.000000,-120.000000,-120.000000,-120.000000,-120.000000,-120.000000,-120.000000,-120.000000,-120.000000,-120.000000,-120.000000,-120.000000,-120.000000,-120.000000,-120.000000,-120.000000,-120.000000,-120.000000,-120.000000,-120.000000,-120.000000,-120.000000,-120.000000,-120.000000,-120.000000,-120.000000,-120.000000,-120.000000,-120.000000,-120.000000,-120.000000,-120.000000,-120.000000,-120.000000,-120.000000,-120.000000,-120.000000,-120.000000,-120.000000,-120.000000,-120.000000,-120.000000,-120.000000,-120.000000,-120.000000,-120.000000,-120.000000,-120.000000,-120.000000,-120.000000,-120.000000,-120.000000,-120.000000,-120.000000,-120.000000,-120.000000,-120.000000,-120.000000
[0;32mI (114220) ANALISIS_ESPECTRO: Frame exportado | t=113.47 s | pico=78.1 Hz | -120.0 dB[0m
SPECTRUM_FRAME,114.488502,78.125000,-120.000000,hann,512,-120.000000,-120.000000,-120.000000,-120.000000,-120.000000,-120.000000,-120.000000,-120.000000,-120.000000,-120.000000,-120.000000,-120.000000,-120.000000,-120.000000,-120.000000,-120.000000,-120.000000,-120.000000,-120.000000,-120.000000,-120.000000,-120.000000,-120.000000,-120.000000,-120.000000,-120.000000,-120.000000,-120.000000,-120.000000,-120.000000,-120.000000,-120.000000,-120.000000,-120.000000,-120.000000,-120.000000,-120.000000,-120.000000,-120.000000,-120.000000,-120.000000,-120.000000,-120.000000,-120.000000,-120.000000,-120.000000,-120.000000,-120.000000,-120.000000,-120.000000,-120.000000,-120.000000,-120.000000,-120.000000,-120.000000,-120.000000,-120.000000,-120.000000,-120.000000,-120.000000,-120.000000,-120.000000,-120.000000,-120.000000,-120.000000,-120.000000,-120.000000,-120.000000,-120.000000,-120.000000,-120.000000,-120.000000,-120.000000,-120.000000,-120.000000,-120.000000,-120.000000,-120.000000,-120.000000,-120.000000,-120.000000,-120.000000,-120.000000,-120.000000,-120.000000,-120.000000,-120.000000,-120.000000,-120.000000,-120.000000,-120.000000,-120.000000,-120.000000,-120.000000,-120.000000,-120.000000,-120.000000,-120.000000,-120.000000,-120.000000,-120.000000,-120.000000,-120.000000,-120.000000,-120.000000,-120.000000,-120.000000,-120.000000,-120.000000,-120.000000,-120.000000,-120.000000,-120.000000,-120.000000,-120.000000,-120.000000,-120.000000,-120.000000,-120.000000,-120.000000,-120.000000,-120.000000,-120.000000,-120.000000,-120.000000,-120.000000,-120.000000,-120.000000,-120.000000,-120.000000,-120.000000,-120.000000,-120.000000,-120.000000,-120.000000,-120.000000,-120.000000,-120.000000,-120.000000,-120.000000,-120.000000,-120.000000,-120.000000,-120.000000,-120.000000,-120.000000,-120.000000,-120.000000,-120.000000,-120.000000,-120.000000,-120.000000,-120.000000,-120.000000,-120.000000,-120.000000,-120.000000,-120.000000,-120.000000,-120.000000,-120.000000,-120.000000,-120.000000,-120.000000,-120.000000,-120.000000,-120.000000,-120.000000,-120.000000,-120.000000,-120.000000,-120.000000,-120.000000,-120.000000,-120.000000,-120.000000,-120.000000,-120.000000,-120.000000,-120.000000,-120.000000,-120.000000,-120.000000,-120.000000,-120.000000,-120.000000,-120.000000,-120.000000,-120.000000,-120.000000,-120.000000,-120.000000,-120.000000,-120.000000,-120.000000,-120.000000,-120.000000,-120.000000,-120.000000,-120.000000,-120.000000,-120.000000,-120.000000,-120.000000,-120.000000,-120.000000,-120.000000,-120.000000,-120.000000,-120.000000,-120.000000,-120.000000,-120.000000,-120.000000,-120.000000,-120.000000,-120.000000,-120.000000,-120.000000,-120.000000,-120.000000,-120.000000,-120.000000,-120.000000,-120.000000,-120.000000,-120.000000,-120.000000,-120.000000,-120.000000,-120.000000,-120.000000,-120.000000,-120.000000,-120.000000,-120.000000,-120.000000,-120.000000,-120.000000,-120.000000,-120.000000,-120.000000,-120.000000,-120.000000,-120.000000,-120.000000,-120.000000,-120.000000,-120.000000,-120.000000,-120.000000,-120.000000,-120.000000,-120.000000,-120.000000,-120.000000,-120.000000,-120.000000,-120.000000,-120.000000,-120.000000,-120.000000,-120.000000,-120.000000,-120.000000,-120.000000,-120.000000,-120.000000,-120.000000,-120.000000,-120.000000,-120.000000,-120.000000,-120.000000,-120.000000,-120.000000,-120.000000,-120.000000,-120.000000,-120.000000,-120.000000,-120.000000,-120.000000,-120.000000,-120.000000,-120.000000,-120.000000,-120.000000,-120.000000,-120.000000,-120.000000,-120.000000,-120.000000,-120.000000,-120.000000,-120.000000,-120.000000,-120.000000,-120.000000,-120.000000,-120.000000,-120.000000,-120.000000,-120.000000,-120.000000,-120.000000,-120.000000,-120.000000,-120.000000,-120.000000,-120.000000,-120.000000,-120.000000,-120.000000,-120.000000,-120.000000,-120.000000,-120.000000,-120.000000,-120.000000,-120.000000,-120.000000,-120.000000,-120.000000,-120.000000,-120.000000,-120.000000,-120.000000,-120.000000,-120.000000,-120.000000,-120.000000,-120.000000,-120.000000,-120.000000,-120.000000,-120.000000,-120.000000,-120.000000,-120.000000,-120.000000,-120.000000,-120.000000,-120.000000,-120.000000,-120.000000,-120.000000,-120.000000,-120.000000,-120.000000,-120.000000,-120.000000,-120.000000,-120.000000,-120.000000,-120.000000,-120.000000,-120.000000,-120.000000,-120.000000,-120.000000,-120.000000,-120.000000,-120.000000,-120.000000,-120.000000,-120.000000,-120.000000,-120.000000,-120.000000,-120.000000,-120.000000,-120.000000,-120.000000,-120.000000,-120.000000,-120.000000,-120.000000,-120.000000,-120.000000,-120.000000,-120.000000,-120.000000,-120.000000,-120.000000,-120.000000,-120.000000,-120.000000,-120.000000,-120.000000,-120.000000,-120.000000,-120.000000,-120.000000,-120.000000,-120.000000,-120.000000,-120.000000,-120.000000,-120.000000,-120.000000,-120.000000,-120.000000,-120.000000,-120.000000,-120.000000,-120.000000,-120.000000,-120.000000,-120.000000,-120.000000,-120.000000,-120.000000,-120.000000,-120.000000,-120.000000,-120.000000,-120.000000,-120.000000,-120.000000,-120.000000,-120.000000,-120.000000,-120.000000,-120.000000,-120.000000,-120.000000,-120.000000,-120.000000,-120.000000,-120.000000,-120.000000,-120.000000,-120.000000,-120.000000,-120.000000,-120.000000,-120.000000,-120.000000,-120.000000,-120.000000,-120.000000,-120.000000,-120.000000,-120.000000,-120.000000,-120.000000,-120.000000,-120.000000,-120.000000,-120.000000,-120.000000,-120.000000,-120.000000,-120.000000,-120.000000,-120.000000,-120.000000,-120.000000,-120.000000,-120.000000,-120.000000,-120.000000,-120.000000,-120.000000,-120.000000,-120.000000,-120.000000,-120.000000,-120.000000,-120.000000,-120.000000,-120.000000,-120.000000,-120.000000,-120.000000,-120.000000,-120.000000,-120.000000,-120.000000,-120.000000,-120.000000,-120.000000,-120.000000,-120.000000,-120.000000,-120.000000,-120.000000,-120.000000,-120.000000,-120.000000,-120.000000,-120.000000,-120.000000,-120.000000,-120.000000,-120.000000,-120.000000,-120.000000,-120.000000,-120.000000,-120.000000,-120.000000,-120.000000,-120.000000,-120.000000,-120.000000,-120.000000,-120.000000,-120.000000,-120.000000,-120.000000
[0;32mI (115250) ANALISIS_ESPECTRO: Frame exportado | t=114.49 s | pico=78.1 Hz | -120.0 dB[0m
SPECTRUM_FRAME,115.510864,78.125000,-120.000000,hann,512,-120.000000,-120.000000,-120.000000,-120.000000,-120.000000,-120.000000,-120.000000,-120.000000,-120.000000,-120.000000,-120.000000,-120.000000,-120.000000,-120.000000,-120.000000,-120.000000,-120.000000,-120.000000,-120.000000,-120.000000,-120.000000,-120.000000,-120.000000,-120.000000,-120.000000,-120.000000,-120.000000,-120.000000,-120.000000,-120.000000,-120.000000,-120.000000,-120.000000,-120.000000,-120.000000,-120.000000,-120.000000,-120.000000,-120.000000,-120.000000,-120.000000,-120.000000,-120.000000,-120.000000,-120.000000,-120.000000,-120.000000,-120.000000,-120.000000,-120.000000,-120.000000,-120.000000,-120.000000,-120.000000,-120.000000,-120.000000,-120.000000,-120.000000,-120.000000,-120.000000,-120.000000,-120.000000,-120.000000,-120.000000,-120.000000,-120.000000,-120.000000,-120.000000,-120.000000,-120.000000,-120.000000,-120.000000,-120.000000,-120.000000,-120.000000,-120.000000,-120.000000,-120.000000,-120.000000,-120.000000,-120.000000,-120.000000,-120.000000,-120.000000,-120.000000,-120.000000,-120.000000,-120.000000,-120.000000,-120.000000,-120.000000,-120.000000,-120.000000,-120.000000,-120.000000,-120.000000,-120.000000,-120.000000,-120.000000,-120.000000,-120.000000,-120.000000,-120.000000,-120.000000,-120.000000,-120.000000,-120.000000,-120.000000,-120.000000,-120.000000,-120.000000,-120.000000,-120.000000,-120.000000,-120.000000,-120.000000,-120.000000,-120.000000,-120.000000,-120.000000,-120.000000,-120.000000,-120.000000,-120.000000,-120.000000,-120.000000,-120.000000,-120.000000,-120.000000,-120.000000,-120.000000,-120.000000,-120.000000,-120.000000,-120.000000,-120.000000,-120.000000,-120.000000,-120.000000,-120.000000,-120.000000,-120.000000,-120.000000,-120.000000,-120.000000,-120.000000,-120.000000,-120.000000,-120.000000,-120.000000,-120.000000,-120.000000,-120.000000,-120.000000,-120.000000,-120.000000,-120.000000,-120.000000,-120.000000,-120.000000,-120.000000,-120.000000,-120.000000,-120.000000,-120.000000,-120.000000,-120.000000,-120.000000,-120.000000,-120.000000,-120.000000,-120.000000,-120.000000,-120.000000,-120.000000,-120.000000,-120.000000,-120.000000,-120.000000,-120.000000,-120.000000,-120.000000,-120.000000,-120.000000,-120.000000,-120.000000,-120.000000,-120.000000,-120.000000,-120.000000,-120.000000,-120.000000,-120.000000,-120.000000,-120.000000,-120.000000,-120.000000,-120.000000,-120.000000,-120.000000,-120.000000,-120.000000,-120.000000,-120.000000,-120.000000,-120.000000,-120.000000,-120.000000,-120.000000,-120.000000,-120.000000,-120.000000,-120.000000,-120.000000,-120.000000,-120.000000,-120.000000,-120.000000,-120.000000,-120.000000,-120.000000,-120.000000,-120.000000,-120.000000,-120.000000,-120.000000,-120.000000,-120.000000,-120.000000,-120.000000,-120.000000,-120.000000,-120.000000,-120.000000,-120.000000,-120.000000,-120.000000,-120.000000,-120.000000,-120.000000,-120.000000,-120.000000,-120.000000,-120.000000,-120.000000,-120.000000,-120.000000,-120.000000,-120.000000,-120.000000,-120.000000,-120.000000,-120.000000,-120.000000,-120.000000,-120.000000,-120.000000,-120.000000,-120.000000,-120.000000,-120.000000,-120.000000,-120.000000,-120.000000,-120.000000,-120.000000,-120.000000,-120.000000,-120.000000,-120.000000,-120.000000,-120.000000,-120.000000,-120.000000,-120.000000,-120.000000,-120.000000,-120.000000,-120.000000,-120.000000,-120.000000,-120.000000,-120.000000,-120.000000,-120.000000,-120.000000,-120.000000,-120.000000,-120.000000,-120.000000,-120.000000,-120.000000,-120.000000,-120.000000,-120.000000,-120.000000,-120.000000,-120.000000,-120.000000,-120.000000,-120.000000,-120.000000,-120.000000,-120.000000,-120.000000,-120.000000,-120.000000,-120.000000,-120.000000,-120.000000,-120.000000,-120.000000,-120.000000,-120.000000,-120.000000,-120.000000,-120.000000,-120.000000,-120.000000,-120.000000,-120.000000,-120.000000,-120.000000,-120.000000,-120.000000,-120.000000,-120.000000,-120.000000,-120.000000,-120.000000,-120.000000,-120.000000,-120.000000,-120.000000,-120.000000,-120.000000,-120.000000,-120.000000,-120.000000,-120.000000,-120.000000,-120.000000,-120.000000,-120.000000,-120.000000,-120.000000,-120.000000,-120.000000,-120.000000,-120.000000,-120.000000,-120.000000,-120.000000,-120.000000,-120.000000,-120.000000,-120.000000,-120.000000,-120.000000,-120.000000,-120.000000,-120.000000,-120.000000,-120.000000,-120.000000,-120.000000,-120.000000,-120.000000,-120.000000,-120.000000,-120.000000,-120.000000,-120.000000,-120.000000,-120.000000,-120.000000,-120.000000,-120.000000,-120.000000,-120.000000,-120.000000,-120.000000,-120.000000,-120.000000,-120.000000,-120.000000,-120.000000,-120.000000,-120.000000,-120.000000,-120.000000,-120.000000,-120.000000,-120.000000,-120.000000,-120.000000,-120.000000,-120.000000,-120.000000,-120.000000,-120.000000,-120.000000,-120.000000,-120.000000,-120.000000,-120.000000,-120.000000,-120.000000,-120.000000,-120.000000,-120.000000,-120.000000,-120.000000,-120.000000,-120.000000,-120.000000,-120.000000,-120.000000,-120.000000,-120.000000,-120.000000,-120.000000,-120.000000,-120.000000,-120.000000,-120.000000,-120.000000,-120.000000,-120.000000,-120.000000,-120.000000,-120.000000,-120.000000,-120.000000,-120.000000,-120.000000,-120.000000,-120.000000,-120.000000,-120.000000,-120.000000,-120.000000,-120.000000,-120.000000,-120.000000,-120.000000,-120.000000,-120.000000,-120.000000,-120.000000,-120.000000,-120.000000,-120.000000,-120.000000,-120.000000,-120.000000,-120.000000,-120.000000,-120.000000,-120.000000,-120.000000,-120.000000,-120.000000,-120.000000,-120.000000,-120.000000,-120.000000,-120.000000,-120.000000,-120.000000,-120.000000,-120.000000,-120.000000,-120.000000,-120.000000,-120.000000,-120.000000,-120.000000,-120.000000,-120.000000,-120.000000,-120.000000,-120.000000,-120.000000,-120.000000,-120.000000,-120.000000,-120.000000,-120.000000,-120.000000,-120.000000,-120.000000,-120.000000,-120.000000,-120.000000,-120.000000,-120.000000,-120.000000,-120.000000,-120.000000,-120.000000,-120.000000,-120.000000,-120.000000,-120.000000,-120.000000,-120.000000,-120.000000,-120.000000,-120.000000,-120.000000,-120.000000
[0;32mI (116270) ANALISIS_ESPECTRO: Frame exportado | t=115.51 s | pico=78.1 Hz | -120.0 dB[0m
SPECTRUM_FRAME,116.533225,78.125000,-120.000000,hann,512,-120.000000,-120.000000,-120.000000,-120.000000,-120.000000,-120.000000,-120.000000,-120.000000,-120.000000,-120.000000,-120.000000,-120.000000,-120.000000,-120.000000,-120.000000,-120.000000,-120.000000,-120.000000,-120.000000,-120.000000,-120.000000,-120.000000,-120.000000,-120.000000,-120.000000,-120.000000,-120.000000,-120.000000,-120.000000,-120.000000,-120.000000,-120.000000,-120.000000,-120.000000,-120.000000,-120.000000,-120.000000,-120.000000,-120.000000,-120.000000,-120.000000,-120.000000,-120.000000,-120.000000,-120.000000,-120.000000,-120.000000,-120.000000,-120.000000,-120.000000,-120.000000,-120.000000,-120.000000,-120.000000,-120.000000,-120.000000,-120.000000,-120.000000,-120.000000,-120.000000,-120.000000,-120.000000,-120.000000,-120.000000,-120.000000,-120.000000,-120.000000,-120.000000,-120.000000,-120.000000,-120.000000,-120.000000,-120.000000,-120.000000,-120.000000,-120.000000,-120.000000,-120.000000,-120.000000,-120.000000,-120.000000,-120.000000,-120.000000,-120.000000,-120.000000,-120.000000,-120.000000,-120.000000,-120.000000,-120.000000,-120.000000,-120.000000,-120.000000,-120.000000,-120.000000,-120.000000,-120.000000,-120.000000,-120.000000,-120.000000,-120.000000,-120.000000,-120.000000,-120.000000,-120.000000,-120.000000,-120.000000,-120.000000,-120.000000,-120.000000,-120.000000,-120.000000,-120.000000,-120.000000,-120.000000,-120.000000,-120.000000,-120.000000,-120.000000,-120.000000,-120.000000,-120.000000,-120.000000,-120.000000,-120.000000,-120.000000,-120.000000,-120.000000,-120.000000,-120.000000,-120.000000,-120.000000,-120.000000,-120.000000,-120.000000,-120.000000,-120.000000,-120.000000,-120.000000,-120.000000,-120.000000,-120.000000,-120.000000,-120.000000,-120.000000,-120.000000,-120.000000,-120.000000,-120.000000,-120.000000,-120.000000,-120.000000,-120.000000,-120.000000,-120.000000,-120.000000,-120.000000,-120.000000,-120.000000,-120.000000,-120.000000,-120.000000,-120.000000,-120.000000,-120.000000,-120.000000,-120.000000,-120.000000,-120.000000,-120.000000,-120.000000,-120.000000,-120.000000,-120.000000,-120.000000,-120.000000,-120.000000,-120.000000,-120.000000,-120.000000,-120.000000,-120.000000,-120.000000,-120.000000,-120.000000,-120.000000,-120.000000,-120.000000,-120.000000,-120.000000,-120.000000,-120.000000,-120.000000,-120.000000,-120.000000,-120.000000,-120.000000,-120.000000,-120.000000,-120.000000,-120.000000,-120.000000,-120.000000,-120.000000,-120.000000,-120.000000,-120.000000,-120.000000,-120.000000,-120.000000,-120.000000,-120.000000,-120.000000,-120.000000,-120.000000,-120.000000,-120.000000,-120.000000,-120.000000,-120.000000,-120.000000,-120.000000,-120.000000,-120.000000,-120.000000,-120.000000,-120.000000,-120.000000,-120.000000,-120.000000,-120.000000,-120.000000,-120.000000,-120.000000,-120.000000,-120.000000,-120.000000,-120.000000,-120.000000,-120.000000,-120.000000,-120.000000,-120.000000,-120.000000,-120.000000,-120.000000,-120.000000,-120.000000,-120.000000,-120.000000,-120.000000,-120.000000,-120.000000,-120.000000,-120.000000,-120.000000,-120.000000,-120.000000,-120.000000,-120.000000,-120.000000,-120.000000,-120.000000,-120.000000,-120.000000,-120.000000,-120.000000,-120.000000,-120.000000,-120.000000,-120.000000,-120.000000,-120.000000,-120.000000,-120.000000,-120.000000,-120.000000,-120.000000,-120.000000,-120.000000,-120.000000,-120.000000,-120.000000,-120.000000,-120.000000,-120.000000,-120.000000,-120.000000,-120.000000,-120.000000,-120.000000,-120.000000,-120.000000,-120.000000,-120.000000,-120.000000,-120.000000,-120.000000,-120.000000,-120.000000,-120.000000,-120.000000,-120.000000,-120.000000,-120.000000,-120.000000,-120.000000,-120.000000,-120.000000,-120.000000,-120.000000,-120.000000,-120.000000,-120.000000,-120.000000,-120.000000,-120.000000,-120.000000,-120.000000,-120.000000,-120.000000,-120.000000,-120.000000,-120.000000,-120.000000,-120.000000,-120.000000,-120.000000,-120.000000,-120.000000,-120.000000,-120.000000,-120.000000,-120.000000,-120.000000,-120.000000,-120.000000,-120.000000,-120.000000,-120.000000,-120.000000,-120.000000,-120.000000,-120.000000,-120.000000,-120.000000,-120.000000,-120.000000,-120.000000,-120.000000,-120.000000,-120.000000,-120.000000,-120.000000,-120.000000,-120.000000,-120.000000,-120.000000,-120.000000,-120.000000,-120.000000,-120.000000,-120.000000,-120.000000,-120.000000,-120.000000,-120.000000,-120.000000,-120.000000,-120.000000,-120.000000,-120.000000,-120.000000,-120.000000,-120.000000,-120.000000,-120.000000,-120.000000,-120.000000,-120.000000,-120.000000,-120.000000,-120.000000,-120.000000,-120.000000,-120.000000,-120.000000,-120.000000,-120.000000,-120.000000,-120.000000,-120.000000,-120.000000,-120.000000,-120.000000,-120.000000,-120.000000,-120.000000,-120.000000,-120.000000,-120.000000,-120.000000,-120.000000,-120.000000,-120.000000,-120.000000,-120.000000,-120.000000,-120.000000,-120.000000,-120.000000,-120.000000,-120.000000,-120.000000,-120.000000,-120.000000,-120.000000,-120.000000,-120.000000,-120.000000,-120.000000,-120.000000,-120.000000,-120.000000,-120.000000,-120.000000,-120.000000,-120.000000,-120.000000,-120.000000,-120.000000,-120.000000,-120.000000,-120.000000,-120.000000,-120.000000,-120.000000,-120.000000,-120.000000,-120.000000,-120.000000,-120.000000,-120.000000,-120.000000,-120.000000,-120.000000,-120.000000,-120.000000,-120.000000,-120.000000,-120.000000,-120.000000,-120.000000,-120.000000,-120.000000,-120.000000,-120.000000,-120.000000,-120.000000,-120.000000,-120.000000,-120.000000,-120.000000,-120.000000,-120.000000,-120.000000,-120.000000,-120.000000,-120.000000,-120.000000,-120.000000,-120.000000,-120.000000,-120.000000,-120.000000,-120.000000,-120.000000,-120.000000,-120.000000,-120.000000,-120.000000,-120.000000,-120.000000,-120.000000,-120.000000,-120.000000,-120.000000,-120.000000,-120.000000,-120.000000,-120.000000,-120.000000,-120.000000,-120.000000,-120.000000,-120.000000,-120.000000,-120.000000,-120.000000,-120.000000,-120.000000,-120.000000,-120.000000,-120.000000,-120.000000,-120.000000,-120.000000,-120.000000,-120.000000,-120.000000,-120.000000,-120.000000
[0;32mI (117290) ANALISIS_ESPECTRO: Frame exportado | t=116.53 s | pico=78.1 Hz | -120.0 dB[0m
SPECTRUM_FRAME,117.555596,78.125000,-120.000000,hann,512,-120.000000,-120.000000,-120.000000,-120.000000,-120.000000,-120.000000,-120.000000,-120.000000,-120.000000,-120.000000,-120.000000,-120.000000,-120.000000,-120.000000,-120.000000,-120.000000,-120.000000,-120.000000,-120.000000,-120.000000,-120.000000,-120.000000,-120.000000,-120.000000,-120.000000,-120.000000,-120.000000,-120.000000,-120.000000,-120.000000,-120.000000,-120.000000,-120.000000,-120.000000,-120.000000,-120.000000,-120.000000,-120.000000,-120.000000,-120.000000,-120.000000,-120.000000,-120.000000,-120.000000,-120.000000,-120.000000,-120.000000,-120.000000,-120.000000,-120.000000,-120.000000,-120.000000,-120.000000,-120.000000,-120.000000,-120.000000,-120.000000,-120.000000,-120.000000,-120.000000,-120.000000,-120.000000,-120.000000,-120.000000,-120.000000,-120.000000,-120.000000,-120.000000,-120.000000,-120.000000,-120.000000,-120.000000,-120.000000,-120.000000,-120.000000,-120.000000,-120.000000,-120.000000,-120.000000,-120.000000,-120.000000,-120.000000,-120.000000,-120.000000,-120.000000,-120.000000,-120.000000,-120.000000,-120.000000,-120.000000,-120.000000,-120.000000,-120.000000,-120.000000,-120.000000,-120.000000,-120.000000,-120.000000,-120.000000,-120.000000,-120.000000,-120.000000,-120.000000,-120.000000,-120.000000,-120.000000,-120.000000,-120.000000,-120.000000,-120.000000,-120.000000,-120.000000,-120.000000,-120.000000,-120.000000,-120.000000,-120.000000,-120.000000,-120.000000,-120.000000,-120.000000,-120.000000,-120.000000,-120.000000,-120.000000,-120.000000,-120.000000,-120.000000,-120.000000,-120.000000,-120.000000,-120.000000,-120.000000,-120.000000,-120.000000,-120.000000,-120.000000,-120.000000,-120.000000,-120.000000,-120.000000,-120.000000,-120.000000,-120.000000,-120.000000,-120.000000,-120.000000,-120.000000,-120.000000,-120.000000,-120.000000,-120.000000,-120.000000,-120.000000,-120.000000,-120.000000,-120.000000,-120.000000,-120.000000,-120.000000,-120.000000,-120.000000,-120.000000,-120.000000,-120.000000,-120.000000,-120.000000,-120.000000,-120.000000,-120.000000,-120.000000,-120.000000,-120.000000,-120.000000,-120.000000,-120.000000,-120.000000,-120.000000,-120.000000,-120.000000,-120.000000,-120.000000,-120.000000,-120.000000,-120.000000,-120.000000,-120.000000,-120.000000,-120.000000,-120.000000,-120.000000,-120.000000,-120.000000,-120.000000,-120.000000,-120.000000,-120.000000,-120.000000,-120.000000,-120.000000,-120.000000,-120.000000,-120.000000,-120.000000,-120.000000,-120.000000,-120.000000,-120.000000,-120.000000,-120.000000,-120.000000,-120.000000,-120.000000,-120.000000,-120.000000,-120.000000,-120.000000,-120.000000,-120.000000,-120.000000,-120.000000,-120.000000,-120.000000,-120.000000,-120.000000,-120.000000,-120.000000,-120.000000,-120.000000,-120.000000,-120.000000,-120.000000,-120.000000,-120.000000,-120.000000,-120.000000,-120.000000,-120.000000,-120.000000,-120.000000,-120.000000,-120.000000,-120.000000,-120.000000,-120.000000,-120.000000,-120.000000,-120.000000,-120.000000,-120.000000,-120.000000,-120.000000,-120.000000,-120.000000,-120.000000,-120.000000,-120.000000,-120.000000,-120.000000,-120.000000,-120.000000,-120.000000,-120.000000,-120.000000,-120.000000,-120.000000,-120.000000,-120.000000,-120.000000,-120.000000,-120.000000,-120.000000,-120.000000,-120.000000,-120.000000,-120.000000,-120.000000,-120.000000,-120.000000,-120.000000,-120.000000,-120.000000,-120.000000,-120.000000,-120.000000,-120.000000,-120.000000,-120.000000,-120.000000,-120.000000,-120.000000,-120.000000,-120.000000,-120.000000,-120.000000,-120.000000,-120.000000,-120.000000,-120.000000,-120.000000,-120.000000,-120.000000,-120.000000,-120.000000,-120.000000,-120.000000,-120.000000,-120.000000,-120.000000,-120.000000,-120.000000,-120.000000,-120.000000,-120.000000,-120.000000,-120.000000,-120.000000,-120.000000,-120.000000,-120.000000,-120.000000,-120.000000,-120.000000,-120.000000,-120.000000,-120.000000,-120.000000,-120.000000,-120.000000,-120.000000,-120.000000,-120.000000,-120.000000,-120.000000,-120.000000,-120.000000,-120.000000,-120.000000,-120.000000,-120.000000,-120.000000,-120.000000,-120.000000,-120.000000,-120.000000,-120.000000,-120.000000,-120.000000,-120.000000,-120.000000,-120.000000,-120.000000,-120.000000,-120.000000,-120.000000,-120.000000,-120.000000,-120.000000,-120.000000,-120.000000,-120.000000,-120.000000,-120.000000,-120.000000,-120.000000,-120.000000,-120.000000,-120.000000,-120.000000,-120.000000,-120.000000,-120.000000,-120.000000,-120.000000,-120.000000,-120.000000,-120.000000,-120.000000,-120.000000,-120.000000,-120.000000,-120.000000,-120.000000,-120.000000,-120.000000,-120.000000,-120.000000,-120.000000,-120.000000,-120.000000,-120.000000,-120.000000,-120.000000,-120.000000,-120.000000,-120.000000,-120.000000,-120.000000,-120.000000,-120.000000,-120.000000,-120.000000,-120.000000,-120.000000,-120.000000,-120.000000,-120.000000,-120.000000,-120.000000,-120.000000,-120.000000,-120.000000,-120.000000,-120.000000,-120.000000,-120.000000,-120.000000,-120.000000,-120.000000,-120.000000,-120.000000,-120.000000,-120.000000,-120.000000,-120.000000,-120.000000,-120.000000,-120.000000,-120.000000,-120.000000,-120.000000,-120.000000,-120.000000,-120.000000,-120.000000,-120.000000,-120.000000,-120.000000,-120.000000,-120.000000,-120.000000,-120.000000,-120.000000,-120.000000,-120.000000,-120.000000,-120.000000,-120.000000,-120.000000,-120.000000,-120.000000,-120.000000,-120.000000,-120.000000,-120.000000,-120.000000,-120.000000,-120.000000,-120.000000,-120.000000,-120.000000,-120.000000,-120.000000,-120.000000,-120.000000,-120.000000,-120.000000,-120.000000,-120.000000,-120.000000,-120.000000,-120.000000,-120.000000,-120.000000,-120.000000,-120.000000,-120.000000,-120.000000,-120.000000,-120.000000,-120.000000,-120.000000,-120.000000,-120.000000,-120.000000,-120.000000,-120.000000,-120.000000,-120.000000,-120.000000,-120.000000,-120.000000,-120.000000,-120.000000,-120.000000,-120.000000,-120.000000,-120.000000,-120.000000,-120.000000,-120.000000,-120.000000,-120.000000,-120.000000,-120.000000,-120.000000,-120.000000,-120.000000,-120.000000,-120.000000,-120.000000,-120.000000
[0;32mI (118310) ANALISIS_ESPECTRO: Frame exportado | t=117.56 s | pico=78.1 Hz | -120.0 dB[0m
SPECTRUM_FRAME,118.577949,78.125000,-120.000000,hann,512,-120.000000,-120.000000,-120.000000,-120.000000,-120.000000,-120.000000,-120.000000,-120.000000,-120.000000,-120.000000,-120.000000,-120.000000,-120.000000,-120.000000,-120.000000,-120.000000,-120.000000,-120.000000,-120.000000,-120.000000,-120.000000,-120.000000,-120.000000,-120.000000,-120.000000,-120.000000,-120.000000,-120.000000,-120.000000,-120.000000,-120.000000,-120.000000,-120.000000,-120.000000,-120.000000,-120.000000,-120.000000,-120.000000,-120.000000,-120.000000,-120.000000,-120.000000,-120.000000,-120.000000,-120.000000,-120.000000,-120.000000,-120.000000,-120.000000,-120.000000,-120.000000,-120.000000,-120.000000,-120.000000,-120.000000,-120.000000,-120.000000,-120.000000,-120.000000,-120.000000,-120.000000,-120.000000,-120.000000,-120.000000,-120.000000,-120.000000,-120.000000,-120.000000,-120.000000,-120.000000,-120.000000,-120.000000,-120.000000,-120.000000,-120.000000,-120.000000,-120.000000,-120.000000,-120.000000,-120.000000,-120.000000,-120.000000,-120.000000,-120.000000,-120.000000,-120.000000,-120.000000,-120.000000,-120.000000,-120.000000,-120.000000,-120.000000,-120.000000,-120.000000,-120.000000,-120.000000,-120.000000,-120.000000,-120.000000,-120.000000,-120.000000,-120.000000,-120.000000,-120.000000,-120.000000,-120.000000,-120.000000,-120.000000,-120.000000,-120.000000,-120.000000,-120.000000,-120.000000,-120.000000,-120.000000,-120.000000,-120.000000,-120.000000,-120.000000,-120.000000,-120.000000,-120.000000,-120.000000,-120.000000,-120.000000,-120.000000,-120.000000,-120.000000,-120.000000,-120.000000,-120.000000,-120.000000,-120.000000,-120.000000,-120.000000,-120.000000,-120.000000,-120.000000,-120.000000,-120.000000,-120.000000,-120.000000,-120.000000,-120.000000,-120.000000,-120.000000,-120.000000,-120.000000,-120.000000,-120.000000,-120.000000,-120.000000,-120.000000,-120.000000,-120.000000,-120.000000,-120.000000,-120.000000,-120.000000,-120.000000,-120.000000,-120.000000,-120.000000,-120.000000,-120.000000,-120.000000,-120.000000,-120.000000,-120.000000,-120.000000,-120.000000,-120.000000,-120.000000,-120.000000,-120.000000,-120.000000,-120.000000,-120.000000,-120.000000,-120.000000,-120.000000,-120.000000,-120.000000,-120.000000,-120.000000,-120.000000,-120.000000,-120.000000,-120.000000,-120.000000,-120.000000,-120.000000,-120.000000,-120.000000,-120.000000,-120.000000,-120.000000,-120.000000,-120.000000,-120.000000,-120.000000,-120.000000,-120.000000,-120.000000,-120.000000,-120.000000,-120.000000,-120.000000,-120.000000,-120.000000,-120.000000,-120.000000,-120.000000,-120.000000,-120.000000,-120.000000,-120.000000,-120.000000,-120.000000,-120.000000,-120.000000,-120.000000,-120.000000,-120.000000,-120.000000,-120.000000,-120.000000,-120.000000,-120.000000,-120.000000,-120.000000,-120.000000,-120.000000,-120.000000,-120.000000,-120.000000,-120.000000,-120.000000,-120.000000,-120.000000,-120.000000,-120.000000,-120.000000,-120.000000,-120.000000,-120.000000,-120.000000,-120.000000,-120.000000,-120.000000,-120.000000,-120.000000,-120.000000,-120.000000,-120.000000,-120.000000,-120.000000,-120.000000,-120.000000,-120.000000,-120.000000,-120.000000,-120.000000,-120.000000,-120.000000,-120.000000,-120.000000,-120.000000,-120.000000,-120.000000,-120.000000,-120.000000,-120.000000,-120.000000,-120.000000,-120.000000,-120.000000,-120.000000,-120.000000,-120.000000,-120.000000,-120.000000,-120.000000,-120.000000,-120.000000,-120.000000,-120.000000,-120.000000,-120.000000,-120.000000,-120.000000,-120.000000,-120.000000,-120.000000,-120.000000,-120.000000,-120.000000,-120.000000,-120.000000,-120.000000,-120.000000,-120.000000,-120.000000,-120.000000,-120.000000,-120.000000,-120.000000,-120.000000,-120.000000,-120.000000,-120.000000,-120.000000,-120.000000,-120.000000,-120.000000,-120.000000,-120.000000,-120.000000,-120.000000,-120.000000,-120.000000,-120.000000,-120.000000,-120.000000,-120.000000,-120.000000,-120.000000,-120.000000,-120.000000,-120.000000,-120.000000,-120.000000,-120.000000,-120.000000,-120.000000,-120.000000,-120.000000,-120.000000,-120.000000,-120.000000,-120.000000,-120.000000,-120.000000,-120.000000,-120.000000,-120.000000,-120.000000,-120.000000,-120.000000,-120.000000,-120.000000,-120.000000,-120.000000,-120.000000,-120.000000,-120.000000,-120.000000,-120.000000,-120.000000,-120.000000,-120.000000,-120.000000,-120.000000,-120.000000,-120.000000,-120.000000,-120.000000,-120.000000,-120.000000,-120.000000,-120.000000,-120.000000,-120.000000,-120.000000,-120.000000,-120.000000,-120.000000,-120.000000,-120.000000,-120.000000,-120.000000,-120.000000,-120.000000,-120.000000,-120.000000,-120.000000,-120.000000,-120.000000,-120.000000,-120.000000,-120.000000,-120.000000,-120.000000,-120.000000,-120.000000,-120.000000,-120.000000,-120.000000,-120.000000,-120.000000,-120.000000,-120.000000,-120.000000,-120.000000,-120.000000,-120.000000,-120.000000,-120.000000,-120.000000,-120.000000,-120.000000,-120.000000,-120.000000,-120.000000,-120.000000,-120.000000,-120.000000,-120.000000,-120.000000,-120.000000,-120.000000,-120.000000,-120.000000,-120.000000,-120.000000,-120.000000,-120.000000,-120.000000,-120.000000,-120.000000,-120.000000,-120.000000,-120.000000,-120.000000,-120.000000,-120.000000,-120.000000,-120.000000,-120.000000,-120.000000,-120.000000,-120.000000,-120.000000,-120.000000,-120.000000,-120.000000,-120.000000,-120.000000,-120.000000,-120.000000,-120.000000,-120.000000,-120.000000,-120.000000,-120.000000,-120.000000,-120.000000,-120.000000,-120.000000,-120.000000,-120.000000,-120.000000,-120.000000,-120.000000,-120.000000,-120.000000,-120.000000,-120.000000,-120.000000,-120.000000,-120.000000,-120.000000,-120.000000,-120.000000,-120.000000,-120.000000,-120.000000,-120.000000,-120.000000,-120.000000,-120.000000,-120.000000,-120.000000,-120.000000,-120.000000,-120.000000,-120.000000,-120.000000,-120.000000,-120.000000,-120.000000,-120.000000,-120.000000,-120.000000,-120.000000,-120.000000,-120.000000,-120.000000,-120.000000,-120.000000,-120.000000,-120.000000,-120.000000,-120.000000,-120.000000,-120.000000,-120.000000,-120.000000,-120.000000,-120.000000,-120.000000,-120.000000
[0;32mI (119340) ANALISIS_ESPECTRO: Frame exportado | t=118.58 s | pico=78.1 Hz | -120.0 dB[0m
SPECTRUM_FRAME,119.600311,78.125000,-120.000000,hann,512,-120.000000,-120.000000,-120.000000,-120.000000,-120.000000,-120.000000,-120.000000,-120.000000,-120.000000,-120.000000,-120.000000,-120.000000,-120.000000,-120.000000,-120.000000,-120.000000,-120.000000,-120.000000,-120.000000,-120.000000,-120.000000,-120.000000,-120.000000,-120.000000,-120.000000,-120.000000,-120.000000,-120.000000,-120.000000,-120.000000,-120.000000,-120.000000,-120.000000,-120.000000,-120.000000,-120.000000,-120.000000,-120.000000,-120.000000,-120.000000,-120.000000,-120.000000,-120.000000,-120.000000,-120.000000,-120.000000,-120.000000,-120.000000,-120.000000,-120.000000,-120.000000,-120.000000,-120.000000,-120.000000,-120.000000,-120.000000,-120.000000,-120.000000,-120.000000,-120.000000,-120.000000,-120.000000,-120.000000,-120.000000,-120.000000,-120.000000,-120.000000,-120.000000,-120.000000,-120.000000,-120.000000,-120.000000,-120.000000,-120.000000,-120.000000,-120.000000,-120.000000,-120.000000,-120.000000,-120.000000,-120.000000,-120.000000,-120.000000,-120.000000,-120.000000,-120.000000,-120.000000,-120.000000,-120.000000,-120.000000,-120.000000,-120.000000,-120.000000,-120.000000,-120.000000,-120.000000,-120.000000,-120.000000,-120.000000,-120.000000,-120.000000,-120.000000,-120.000000,-120.000000,-120.000000,-120.000000,-120.000000,-120.000000,-120.000000,-120.000000,-120.000000,-120.000000,-120.000000,-120.000000,-120.000000,-120.000000,-120.000000,-120.000000,-120.000000,-120.000000,-120.000000,-120.000000,-120.000000,-120.000000,-120.000000,-120.000000,-120.000000,-120.000000,-120.000000,-120.000000,-120.000000,-120.000000,-120.000000,-120.000000,-120.000000,-120.000000,-120.000000,-120.000000,-120.000000,-120.000000,-120.000000,-120.000000,-120.000000,-120.000000,-120.000000,-120.000000,-120.000000,-120.000000,-120.000000,-120.000000,-120.000000,-120.000000,-120.000000,-120.000000,-120.000000,-120.000000,-120.000000,-120.000000,-120.000000,-120.000000,-120.000000,-120.000000,-120.000000,-120.000000,-120.000000,-120.000000,-120.000000,-120.000000,-120.000000,-120.000000,-120.000000,-120.000000,-120.000000,-120.000000,-120.000000,-120.000000,-120.000000,-120.000000,-120.000000,-120.000000,-120.000000,-120.000000,-120.000000,-120.000000,-120.000000,-120.000000,-120.000000,-120.000000,-120.000000,-120.000000,-120.000000,-120.000000,-120.000000,-120.000000,-120.000000,-120.000000,-120.000000,-120.000000,-120.000000,-120.000000,-120.000000,-120.000000,-120.000000,-120.000000,-120.000000,-120.000000,-120.000000,-120.000000,-120.000000,-120.000000,-120.000000,-120.000000,-120.000000,-120.000000,-120.000000,-120.000000,-120.000000,-120.000000,-120.000000,-120.000000,-120.000000,-120.000000,-120.000000,-120.000000,-120.000000,-120.000000,-120.000000,-120.000000,-120.000000,-120.000000,-120.000000,-120.000000,-120.000000,-120.000000,-120.000000,-120.000000,-120.000000,-120.000000,-120.000000,-120.000000,-120.000000,-120.000000,-120.000000,-120.000000,-120.000000,-120.000000,-120.000000,-120.000000,-120.000000,-120.000000,-120.000000,-120.000000,-120.000000,-120.000000,-120.000000,-120.000000,-120.000000,-120.000000,-120.000000,-120.000000,-120.000000,-120.000000,-120.000000,-120.000000,-120.000000,-120.000000,-120.000000,-120.000000,-120.000000,-120.000000,-120.000000,-120.000000,-120.000000,-120.000000,-120.000000,-120.000000,-120.000000,-120.000000,-120.000000,-120.000000,-120.000000,-120.000000,-120.000000,-120.000000,-120.000000,-120.000000,-120.000000,-120.000000,-120.000000,-120.000000,-120.000000,-120.000000,-120.000000,-120.000000,-120.000000,-120.000000,-120.000000,-120.000000,-120.000000,-120.000000,-120.000000,-120.000000,-120.000000,-120.000000,-120.000000,-120.000000,-120.000000,-120.000000,-120.000000,-120.000000,-120.000000,-120.000000,-120.000000,-120.000000,-120.000000,-120.000000,-120.000000,-120.000000,-120.000000,-120.000000,-120.000000,-120.000000,-120.000000,-120.000000,-120.000000,-120.000000,-120.000000,-120.000000,-120.000000,-120.000000,-120.000000,-120.000000,-120.000000,-120.000000,-120.000000,-120.000000,-120.000000,-120.000000,-120.000000,-120.000000,-120.000000,-120.000000,-120.000000,-120.000000,-120.000000,-120.000000,-120.000000,-120.000000,-120.000000,-120.000000,-120.000000,-120.000000,-120.000000,-120.000000,-120.000000,-120.000000,-120.000000,-120.000000,-120.000000,-120.000000,-120.000000,-120.000000,-120.000000,-120.000000,-120.000000,-120.000000,-120.000000,-120.000000,-120.000000,-120.000000,-120.000000,-120.000000,-120.000000,-120.000000,-120.000000,-120.000000,-120.000000,-120.000000,-120.000000,-120.000000,-120.000000,-120.000000,-120.000000,-120.000000,-120.000000,-120.000000,-120.000000,-120.000000,-120.000000,-120.000000,-120.000000,-120.000000,-120.000000,-120.000000,-120.000000,-120.000000,-120.000000,-120.000000,-120.000000,-120.000000,-120.000000,-120.000000,-120.000000,-120.000000,-120.000000,-120.000000,-120.000000,-120.000000,-120.000000,-120.000000,-120.000000,-120.000000,-120.000000,-120.000000,-120.000000,-120.000000,-120.000000,-120.000000,-120.000000,-120.000000,-120.000000,-120.000000,-120.000000,-120.000000,-120.000000,-120.000000,-120.000000,-120.000000,-120.000000,-120.000000,-120.000000,-120.000000,-120.000000,-120.000000,-120.000000,-120.000000,-120.000000,-120.000000,-120.000000,-120.000000,-120.000000,-120.000000,-120.000000,-120.000000,-120.000000,-120.000000,-120.000000,-120.000000,-120.000000,-120.000000,-120.000000,-120.000000,-120.000000,-120.000000,-120.000000,-120.000000,-120.000000,-120.000000,-120.000000,-120.000000,-120.000000,-120.000000,-120.000000,-120.000000,-120.000000,-120.000000,-120.000000,-120.000000,-120.000000,-120.000000,-120.000000,-120.000000,-120.000000,-120.000000,-120.000000,-120.000000,-120.000000,-120.000000,-120.000000,-120.000000,-120.000000,-120.000000,-120.000000,-120.000000,-120.000000,-120.000000,-120.000000,-120.000000,-120.000000,-120.000000,-120.000000,-120.000000,-120.000000,-120.000000,-120.000000,-120.000000,-120.000000,-120.000000,-120.000000,-120.000000,-120.000000,-120.000000,-120.000000,-120.000000,-120.000000,-120.000000,-120.000000,-120.000000,-120.000000,-120.000000,-120.000000,-120.000000
[0;32mI (120360) ANALISIS_ESPECTRO: Frame exportado | t=119.60 s | pico=78.1 Hz | -120.0 dB[0m
SPECTRUM_FRAME,120.622672,78.125000,-120.000000,hann,512,-120.000000,-120.000000,-120.000000,-120.000000,-120.000000,-120.000000,-120.000000,-120.000000,-120.000000,-120.000000,-120.000000,-120.000000,-120.000000,-120.000000,-120.000000,-120.000000,-120.000000,-120.000000,-120.000000,-120.000000,-120.000000,-120.000000,-120.000000,-120.000000,-120.000000,-120.000000,-120.000000,-120.000000,-120.000000,-120.000000,-120.000000,-120.000000,-120.000000,-120.000000,-120.000000,-120.000000,-120.000000,-120.000000,-120.000000,-120.000000,-120.000000,-120.000000,-120.000000,-120.000000,-120.000000,-120.000000,-120.000000,-120.000000,-120.000000,-120.000000,-120.000000,-120.000000,-120.000000,-120.000000,-120.000000,-120.000000,-120.000000,-120.000000,-120.000000,-120.000000,-120.000000,-120.000000,-120.000000,-120.000000,-120.000000,-120.000000,-120.000000,-120.000000,-120.000000,-120.000000,-120.000000,-120.000000,-120.000000,-120.000000,-120.000000,-120.000000,-120.000000,-120.000000,-120.000000,-120.000000,-120.000000,-120.000000,-120.000000,-120.000000,-120.000000,-120.000000,-120.000000,-120.000000,-120.000000,-120.000000,-120.000000,-120.000000,-120.000000,-120.000000,-120.000000,-120.000000,-120.000000,-120.000000,-120.000000,-120.000000,-120.000000,-120.000000,-120.000000,-120.000000,-120.000000,-120.000000,-120.000000,-120.000000,-120.000000,-120.000000,-120.000000,-120.000000,-120.000000,-120.000000,-120.000000,-120.000000,-120.000000,-120.000000,-120.000000,-120.000000,-120.000000,-120.000000,-120.000000,-120.000000,-120.000000,-120.000000,-120.000000,-120.000000,-120.000000,-120.000000,-120.000000,-120.000000,-120.000000,-120.000000,-120.000000,-120.000000,-120.000000,-120.000000,-120.000000,-120.000000,-120.000000,-120.000000,-120.000000,-120.000000,-120.000000,-120.000000,-120.000000,-120.000000,-120.000000,-120.000000,-120.000000,-120.000000,-120.000000,-120.000000,-120.000000,-120.000000,-120.000000,-120.000000,-120.000000,-120.000000,-120.000000,-120.000000,-120.000000,-120.000000,-120.000000,-120.000000,-120.000000,-120.000000,-120.000000,-120.000000,-120.000000,-120.000000,-120.000000,-120.000000,-120.000000,-120.000000,-120.000000,-120.000000,-120.000000,-120.000000,-120.000000,-120.000000,-120.000000,-120.000000,-120.000000,-120.000000,-120.000000,-120.000000,-120.000000,-120.000000,-120.000000,-120.000000,-120.000000,-120.000000,-120.000000,-120.000000,-120.000000,-120.000000,-120.000000,-120.000000,-120.000000,-120.000000,-120.000000,-120.000000,-120.000000,-120.000000,-120.000000,-120.000000,-120.000000,-120.000000,-120.000000,-120.000000,-120.000000,-120.000000,-120.000000,-120.000000,-120.000000,-120.000000,-120.000000,-120.000000,-120.000000,-120.000000,-120.000000,-120.000000,-120.000000,-120.000000,-120.000000,-120.000000,-120.000000,-120.000000,-120.000000,-120.000000,-120.000000,-120.000000,-120.000000,-120.000000,-120.000000,-120.000000,-120.000000,-120.000000,-120.000000,-120.000000,-120.000000,-120.000000,-120.000000,-120.000000,-120.000000,-120.000000,-120.000000,-120.000000,-120.000000,-120.000000,-120.000000,-120.000000,-120.000000,-120.000000,-120.000000,-120.000000,-120.000000,-120.000000,-120.000000,-120.000000,-120.000000,-120.000000,-120.000000,-120.000000,-120.000000,-120.000000,-120.000000,-120.000000,-120.000000,-120.000000,-120.000000,-120.000000,-120.000000,-120.000000,-120.000000,-120.000000,-120.000000,-120.000000,-120.000000,-120.000000,-120.000000,-120.000000,-120.000000,-120.000000,-120.000000,-120.000000,-120.000000,-120.000000,-120.000000,-120.000000,-120.000000,-120.000000,-120.000000,-120.000000,-120.000000,-120.000000,-120.000000,-120.000000,-120.000000,-120.000000,-120.000000,-120.000000,-120.000000,-120.000000,-120.000000,-120.000000,-120.000000,-120.000000,-120.000000,-120.000000,-120.000000,-120.000000,-120.000000,-120.000000,-120.000000,-120.000000,-120.000000,-120.000000,-120.000000,-120.000000,-120.000000,-120.000000,-120.000000,-120.000000,-120.000000,-120.000000,-120.000000,-120.000000,-120.000000,-120.000000,-120.000000,-120.000000,-120.000000,-120.000000,-120.000000,-120.000000,-120.000000,-120.000000,-120.000000,-120.000000,-120.000000,-120.000000,-120.000000,-120.000000,-120.000000,-120.000000,-120.000000,-120.000000,-120.000000,-120.000000,-120.000000,-120.000000,-120.000000,-120.000000,-120.000000,-120.000000,-120.000000,-120.000000,-120.000000,-120.000000,-120.000000,-120.000000,-120.000000,-120.000000,-120.000000,-120.000000,-120.000000,-120.000000,-120.000000,-120.000000,-120.000000,-120.000000,-120.000000,-120.000000,-120.000000,-120.000000,-120.000000,-120.000000,-120.000000,-120.000000,-120.000000,-120.000000,-120.000000,-120.000000,-120.000000,-120.000000,-120.000000,-120.000000,-120.000000,-120.000000,-120.000000,-120.000000,-120.000000,-120.000000,-120.000000,-120.000000,-120.000000,-120.000000,-120.000000,-120.000000,-120.000000,-120.000000,-120.000000,-120.000000,-120.000000,-120.000000,-120.000000,-120.000000,-120.000000,-120.000000,-120.000000,-120.000000,-120.000000,-120.000000,-120.000000,-120.000000,-120.000000,-120.000000,-120.000000,-120.000000,-120.000000,-120.000000,-120.000000,-120.000000,-120.000000,-120.000000,-120.000000,-120.000000,-120.000000,-120.000000,-120.000000,-120.000000,-120.000000,-120.000000,-120.000000,-120.000000,-120.000000,-120.000000,-120.000000,-120.000000,-120.000000,-120.000000,-120.000000,-120.000000,-120.000000,-120.000000,-120.000000,-120.000000,-120.000000,-120.000000,-120.000000,-120.000000,-120.000000,-120.000000,-120.000000,-120.000000,-120.000000,-120.000000,-120.000000,-120.000000,-120.000000,-120.000000,-120.000000,-120.000000,-120.000000,-120.000000,-120.000000,-120.000000,-120.000000,-120.000000,-120.000000,-120.000000,-120.000000,-120.000000,-120.000000,-120.000000,-120.000000,-120.000000,-120.000000,-120.000000,-120.000000,-120.000000,-120.000000,-120.000000,-120.000000,-120.000000,-120.000000,-120.000000,-120.000000,-120.000000,-120.000000,-120.000000,-120.000000,-120.000000,-120.000000,-120.000000,-120.000000,-120.000000,-120.000000,-120.000000,-120.000000,-120.000000,-120.000000,-120.000000,-120.000000,-120.000000,-120.000000,-120.000000,-120.000000,-120.000000
[0;32mI (121380) ANALISIS_ESPECTRO: Frame exportado | t=120.62 s | pico=78.1 Hz | -120.0 dB[0m
SPECTRUM_FRAME,121.645042,78.125000,-120.000000,hann,512,-120.000000,-120.000000,-120.000000,-120.000000,-120.000000,-120.000000,-120.000000,-120.000000,-120.000000,-120.000000,-120.000000,-120.000000,-120.000000,-120.000000,-120.000000,-120.000000,-120.000000,-120.000000,-120.000000,-120.000000,-120.000000,-120.000000,-120.000000,-120.000000,-120.000000,-120.000000,-120.000000,-120.000000,-120.000000,-120.000000,-120.000000,-120.000000,-120.000000,-120.000000,-120.000000,-120.000000,-120.000000,-120.000000,-120.000000,-120.000000,-120.000000,-120.000000,-120.000000,-120.000000,-120.000000,-120.000000,-120.000000,-120.000000,-120.000000,-120.000000,-120.000000,-120.000000,-120.000000,-120.000000,-120.000000,-120.000000,-120.000000,-120.000000,-120.000000,-120.000000,-120.000000,-120.000000,-120.000000,-120.000000,-120.000000,-120.000000,-120.000000,-120.000000,-120.000000,-120.000000,-120.000000,-120.000000,-120.000000,-120.000000,-120.000000,-120.000000,-120.000000,-120.000000,-120.000000,-120.000000,-120.000000,-120.000000,-120.000000,-120.000000,-120.000000,-120.000000,-120.000000,-120.000000,-120.000000,-120.000000,-120.000000,-120.000000,-120.000000,-120.000000,-120.000000,-120.000000,-120.000000,-120.000000,-120.000000,-120.000000,-120.000000,-120.000000,-120.000000,-120.000000,-120.000000,-120.000000,-120.000000,-120.000000,-120.000000,-120.000000,-120.000000,-120.000000,-120.000000,-120.000000,-120.000000,-120.000000,-120.000000,-120.000000,-120.000000,-120.000000,-120.000000,-120.000000,-120.000000,-120.000000,-120.000000,-120.000000,-120.000000,-120.000000,-120.000000,-120.000000,-120.000000,-120.000000,-120.000000,-120.000000,-120.000000,-120.000000,-120.000000,-120.000000,-120.000000,-120.000000,-120.000000,-120.000000,-120.000000,-120.000000,-120.000000,-120.000000,-120.000000,-120.000000,-120.000000,-120.000000,-120.000000,-120.000000,-120.000000,-120.000000,-120.000000,-120.000000,-120.000000,-120.000000,-120.000000,-120.000000,-120.000000,-120.000000,-120.000000,-120.000000,-120.000000,-120.000000,-120.000000,-120.000000,-120.000000,-120.000000,-120.000000,-120.000000,-120.000000,-120.000000,-120.000000,-120.000000,-120.000000,-120.000000,-120.000000,-120.000000,-120.000000,-120.000000,-120.000000,-120.000000,-120.000000,-120.000000,-120.000000,-120.000000,-120.000000,-120.000000,-120.000000,-120.000000,-120.000000,-120.000000,-120.000000,-120.000000,-120.000000,-120.000000,-120.000000,-120.000000,-120.000000,-120.000000,-120.000000,-120.000000,-120.000000,-120.000000,-120.000000,-120.000000,-120.000000,-120.000000,-120.000000,-120.000000,-120.000000,-120.000000,-120.000000,-120.000000,-120.000000,-120.000000,-120.000000,-120.000000,-120.000000,-120.000000,-120.000000,-120.000000,-120.000000,-120.000000,-120.000000,-120.000000,-120.000000,-120.000000,-120.000000,-120.000000,-120.000000,-120.000000,-120.000000,-120.000000,-120.000000,-120.000000,-120.000000,-120.000000,-120.000000,-120.000000,-120.000000,-120.000000,-120.000000,-120.000000,-120.000000,-120.000000,-120.000000,-120.000000,-120.000000,-120.000000,-120.000000,-120.000000,-120.000000,-120.000000,-120.000000,-120.000000,-120.000000,-120.000000,-120.000000,-120.000000,-120.000000,-120.000000,-120.000000,-120.000000,-120.000000,-120.000000,-120.000000,-120.000000,-120.000000,-120.000000,-120.000000,-120.000000,-120.000000,-120.000000,-120.000000,-120.000000,-120.000000,-120.000000,-120.000000,-120.000000,-120.000000,-120.000000,-120.000000,-120.000000,-120.000000,-120.000000,-120.000000,-120.000000,-120.000000,-120.000000,-120.000000,-120.000000,-120.000000,-120.000000,-120.000000,-120.000000,-120.000000,-120.000000,-120.000000,-120.000000,-120.000000,-120.000000,-120.000000,-120.000000,-120.000000,-120.000000,-120.000000,-120.000000,-120.000000,-120.000000,-120.000000,-120.000000,-120.000000,-120.000000,-120.000000,-120.000000,-120.000000,-120.000000,-120.000000,-120.000000,-120.000000,-120.000000,-120.000000,-120.000000,-120.000000,-120.000000,-120.000000,-120.000000,-120.000000,-120.000000,-120.000000,-120.000000,-120.000000,-120.000000,-120.000000,-120.000000,-120.000000,-120.000000,-120.000000,-120.000000,-120.000000,-120.000000,-120.000000,-120.000000,-120.000000,-120.000000,-120.000000,-120.000000,-120.000000,-120.000000,-120.000000,-120.000000,-120.000000,-120.000000,-120.000000,-120.000000,-120.000000,-120.000000,-120.000000,-120.000000,-120.000000,-120.000000,-120.000000,-120.000000,-120.000000,-120.000000,-120.000000,-120.000000,-120.000000,-120.000000,-120.000000,-120.000000,-120.000000,-120.000000,-120.000000,-120.000000,-120.000000,-120.000000,-120.000000,-120.000000,-120.000000,-120.000000,-120.000000,-120.000000,-120.000000,-120.000000,-120.000000,-120.000000,-120.000000,-120.000000,-120.000000,-120.000000,-120.000000,-120.000000,-120.000000,-120.000000,-120.000000,-120.000000,-120.000000,-120.000000,-120.000000,-120.000000,-120.000000,-120.000000,-120.000000,-120.000000,-120.000000,-120.000000,-120.000000,-120.000000,-120.000000,-120.000000,-120.000000,-120.000000,-120.000000,-120.000000,-120.000000,-120.000000,-120.000000,-120.000000,-120.000000,-120.000000,-120.000000,-120.000000,-120.000000,-120.000000,-120.000000,-120.000000,-120.000000,-120.000000,-120.000000,-120.000000,-120.000000,-120.000000,-120.000000,-120.000000,-120.000000,-120.000000,-120.000000,-120.000000,-120.000000,-120.000000,-120.000000,-120.000000,-120.000000,-120.000000,-120.000000,-120.000000,-120.000000,-120.000000,-120.000000,-120.000000,-120.000000,-120.000000,-120.000000,-120.000000,-120.000000,-120.000000,-120.000000,-120.000000,-120.000000,-120.000000,-120.000000,-120.000000,-120.000000,-120.000000,-120.000000,-120.000000,-120.000000,-120.000000,-120.000000,-120.000000,-120.000000,-120.000000,-120.000000,-120.000000,-120.000000,-120.000000,-120.000000,-120.000000,-120.000000,-120.000000,-120.000000,-120.000000,-120.000000,-120.000000,-120.000000,-120.000000,-120.000000,-120.000000,-120.000000,-120.000000,-120.000000,-120.000000,-120.000000,-120.000000,-120.000000,-120.000000,-120.000000,-120.000000,-120.000000,-120.000000,-120.000000,-120.000000,-120.000000,-120.000000,-120.000000,-120.000000,-120.000000,-120.000000
[0;32mI (122400) ANALISIS_ESPECTRO: Frame exportado | t=121.65 s | pico=78.1 Hz | -120.0 dB[0m
