Command: /home/yuusha1/esp/idf-tools/python_env/idf6.1_py3.12_env/bin/python /home/yuusha1/esp/idf/esp-idf/tools/idf_monitor.py -p /dev/ttyACM0 -b 115200 --toolchain-prefix xtensa-esp32s3-elf- --target esp32s3 --revision 0 /home/yuusha1/esp/projects/labs/Rep_SE_202601_grupo_Diego_Santiago_Chen/Lab_1/Ejercicio_5/analisis_espectro/build/analisis_espectro.elf /home/yuusha1/esp/projects/labs/Rep_SE_202601_grupo_Diego_Santiago_Chen/Lab_1/Ejercicio_5/analisis_espectro/build/bootloader/bootloader.elf -m '/home/yuusha1/esp/idf-tools/python_env/idf6.1_py3.12_env/bin/python' '/home/yuusha1/esp/idf/esp-idf/tools/idf.py' '-p' '/dev/ttyACM0'
ESP-ROM:esp32s3-20210327
Build:Mar 27 2021
rst:0x15 (USB_UART_CHIP_RESET),boot:0x8 (SPI_FAST_FLASH_BOOT)
Saved PC:0x4037957a
SPIWP:0xee
mode:DIO, clock div:1
load:0x3fce2820,len:0x14f0
load:0x403c8700,len:0xda0
load:0x403cb700,len:0x2f58
entry 0x403c8908
[0;32mI (24) boot: ESP-IDF v6.1-dev-2938-g12f36a021f 2nd stage bootloader[0m
[0;32mI (25) boot: compile time Apr  8 2026 14:46:03[0m
[0;32mI (25) boot: Multicore bootloader[0m
[0;32mI (26) boot: chip revision: v0.2[0m
[0;32mI (29) boot: efuse block revision: v1.4[0m
[0;32mI (33) boot.esp32s3: Boot SPI Speed : 80MHz[0m
[0;32mI (37) boot.esp32s3: SPI Mode       : DIO[0m
[0;32mI (40) boot.esp32s3: SPI Flash Size : 16MB[0m
[0;32mI (44) boot: Enabling RNG early entropy source...[0m
[0;32mI (49) boot: Partition Table:[0m
[0;32mI (51) boot: ## Label            Usage          Type ST Offset   Length[0m
[0;32mI (58) boot:  0 nvs              WiFi data        01 02 00009000 00006000[0m
[0;32mI (64) boot:  1 phy_init         RF data          01 01 0000f000 00001000[0m
[0;32mI (71) boot:  2 factory          factory app      00 00 00010000 00100000[0m
[0;32mI (77) boot: End of partition table[0m
[0;32mI (81) esp_image: segment 0: paddr=00010020 vaddr=3c020020 size=0f458h ( 62552) map[0m
[0;32mI (99) esp_image: segment 1: paddr=0001f480 vaddr=3fc91300 size=00b98h (  2968) load[0m
[0;32mI (100) esp_image: segment 2: paddr=00020020 vaddr=42000020 size=16254h ( 90708) map[0m
[0;32mI (119) esp_image: segment 3: paddr=0003627c vaddr=3fc91e98 size=025e4h (  9700) load[0m
[0;32mI (122) esp_image: segment 4: paddr=00038868 vaddr=40374000 size=0d2e4h ( 53988) load[0m
[0;32mI (135) esp_image: segment 5: paddr=00045b54 vaddr=50000000 size=00024h (    36) load[0m
[0;32mI (141) boot: Loaded app from partition at offset 0x10000[0m
[0;32mI (141) boot: Disabling RNG early entropy source...[0m
[0;32mI (153) cpu_start: Multicore app[0m
[0;32mI (161) cpu_start: GPIO 44 and 43 are used as console UART I/O pins[0m
[0;32mI (162) cpu_start: Pro cpu start user code[0m
[0;32mI (162) cpu_start: cpu freq: 160000000 Hz[0m
[0;32mI (164) app_init: Application information:[0m
[0;32mI (167) app_init: Project name:     analisis_espectro[0m
[0;32mI (172) app_init: App version:      bc6dc7c-dirty[0m
[0;32mI (177) app_init: Compile time:     Apr  8 2026 14:46:06[0m
[0;32mI (182) app_init: ELF file SHA256:  d65aaaa4b...[0m
[0;32mI (186) app_init: ESP-IDF:          v6.1-dev-2938-g12f36a021f[0m
[0;32mI (191) efuse_init: Min chip rev:     v0.0[0m
[0;32mI (195) efuse_init: Max chip rev:     v0.99 [0m
[0;32mI (199) efuse_init: Chip rev:         v0.2[0m
[0;32mI (203) heap_init: Initializing. RAM available for dynamic allocation:[0m
[0;32mI (209) heap_init: At 3FC99690 len 00050080 (320 KiB): RAM[0m
[0;32mI (214) heap_init: At 3FCE9710 len 00005724 (21 KiB): RAM[0m
[0;32mI (220) heap_init: At 3FCF0000 len 00008000 (32 KiB): DRAM[0m
[0;32mI (225) heap_init: At 600FE000 len 00001FE8 (7 KiB): RTCRAM[0m
[0;32mI (231) spi_flash: detected chip: boya[0m
[0;32mI (234) spi_flash: flash io: dio[0m
[0;32mI (237) sleep_gpio: Configure to isolate all GPIO pins in sleep state[0m
[0;32mI (243) sleep_gpio: Enable automatic switching of GPIO sleep configuration[0m
[0;32mI (250) main_task: Started on CPU0[0m
[0;32mI (260) main_task: Calling app_main()[0m
[0;32mI (260) ANALISIS_ESPECTRO: Inicializando analisis de espectro[0m
[0;32mI (260) ANALISIS_ESPECTRO: fs=16000 Hz, FFT=1024, periodo=1000 ms, export CSV por serial[0m
[0;32mI (280) main_task: Returned from app_main()[0m
SPECTRUM_CFG,16000,1024,512,15.625000,hann
SPECTRUM_FRAME,1.006335,93.750000,24.860989,hann,512,-3.140003,0.780538,17.154846,25.680859,22.363338,12.448122,24.860989,23.689930,7.557126,23.465466,24.374769,11.321974,21.436230,24.474850,15.473269,18.644154,24.015387,17.969141,14.790920,22.999756,19.375053,9.140459,21.409485,19.978514,1.806407,19.195654,19.908436,5.505133,16.255014,19.219917,9.515847,12.359598,17.929188,11.475965,6.894999,16.030277,12.299676,-2.845261,13.507318,12.421030,-8.517374,10.350336,12.127884,1.418278,6.577873,11.674574,5.120815,2.267481,11.231538,7.410495,-2.179399,10.779396,9.104129,-4.029350,10.128307,10.369998,-1.141471,9.041470,11.185946,2.360249,7.292006,11.489965,5.075541,4.608940,11.224947,6.978646,0.552035,10.337558,8.143128,-4.948902,8.760159,8.620359,-5.032321,6.384611,8.441605,-1.219160,3.024940,7.626988,0.953812,-1.639163,6.205927,1.831400,-8.091310,4.276464,1.872708,-15.896961,2.119786,1.454736,-18.936125,0.197529,1.017705,-15.309309,-1.340258,0.949906,-9.641294,-3.002385,1.211318,-5.410941,-5.416671,1.392491,-2.560628,-8.693439,1.154302,-0.708174,-10.909323,0.390876,0.384079,-9.605075,-0.819909,0.884280,-7.507859,-2.314852,0.958659,-5.937211,-4.009468,0.760153,-4.673848,-6.076965,0.350281,-3.427034,-9.036484,-0.349318,-2.225809,-13.561184,-1.515912,-1.335930,-14.796497,-3.384590,-0.999176,-9.684652,-6.297741,-1.342902,-6.195562,-10.771266,-2.414211,-4.353290,-15.291578,-4.208074,-3.659897,-12.628661,-6.599728,-3.790435,-9.488184,-9.102150,-4.456179,-7.942342,-10.857190,-5.344077,-7.330422,-11.794571,-6.215312,-7.044511,-12.662317,-7.133133,-6.676112,-13.307029,-8.492290,-6.200671,-12.527596,-10.841823,-5.896152,-10.463188,-14.794768,-6.058231,-8.341921,-18.668888,-6.870790,-6.688661,-14.973412,-8.401726,-5.587610,-10.733505,-10.475869,-5.042864,-7.865068,-11.949686,-5.073869,-5.909851,-10.823294,-5.708647,-4.688582,-8.101984,-6.857157,-4.221400,-5.576222,-7.871760,-4.633329,-3.744066,-7.321075,-6.145216,-2.719835,-5.202186,-9.115541,-2.588757,-2.997459,-13.098359,-3.479640,-1.450316,-11.387853,-5.649436,-0.757526,-6.859591,-9.778279,-0.998138,-3.862202,-17.732157,-2.268830,-2.217893,-14.841597,-4.754673,-1.691359,-8.656404,-8.725811,-2.197180,-5.591519,-12.603946,-3.749363,-4.166657,-10.341378,-6.467640,-3.893358,-7.143401,-10.457594,-4.564194,-5.450058,-13.678321,-6.095452,-4.986238,-11.771349,-8.560249,-5.452716,-9.359479,-12.342234,-6.568803,-8.336505,-18.626972,-8.019073,-8.483143,-32.102379,-9.499455,-9.435653,-24.622383,-10.863580,-10.767338,-20.704823,-12.295401,-12.023826,-19.458658,-14.337483,-12.962418,-18.868973,-17.764198,-13.838630,-18.067074,-23.151638,-15.295782,-16.613724,-24.104397,-18.028297,-15.028385,-19.589926,-22.687548,-14.100809,-16.398338,-28.792379,-14.156695,-14.323793,-26.931061,-15.245675,-13.222191,-21.386423,-17.473270,-13.045664,-17.315413,-20.714458,-13.582571,-14.779520,-20.562353,-14.339943,-13.465158,-16.387476,-14.503162,-12.912049,-13.384533,-13.536663,-12.546930,-11.821697,-12.014127,-11.838840,-11.223574,-10.788817,-10.641001,-11.085300,-10.215197,-9.278666,-10.892046,-10.275229,-8.147227,-10.318336,-10.811721,-7.404824,-9.486773,-11.702215,-6.978198,-8.780433,-12.948683,-6.707618,-8.439709,-14.677889,-6.502159,-8.422415,-17.210991,-6.381199,-8.468122,-21.283810,-6.400812,-8.287371,-28.007195,-6.576412,-7.792993,-28.813107,-6.838758,-7.141062,-23.744339,-7.078527,-6.535933,-19.361410,-7.333934,-6.029718,-15.275190,-7.859416,-5.523252,-12.137895,-8.840157,-4.991097,-9.936362,-9.933281,-4.617885,-8.290600,-10.209658,-4.619372,-6.931547,-9.536422,-5.038423,-5.906211,-8.769365,-5.727793,-5.393691,-8.345516,-6.502945,-5.471519,-8.301591,-7.309943,-6.074647,-8.685217,-8.156539,-7.078879,-9.591318,-8.945898,-8.408649,-10.963047,-9.566782,-10.035837,-12.388086,-10.092402,-11.796167,-13.169542,-10.721979,-13.131750,-13.005022,-11.609968,-13.308635,-12.313347,-12.638459,-12.524389,-11.549053,-12.991890,-11.754345,-10.791838,-11.894235,-11.579961,-10.012465,-10.132374,-11.934628,-9.459447,-8.567913,-12.223478,-9.573248,-7.385626,-11.917882,-10.739643,-6.622741,-11.150238,-13.317186,-6.405941,-10.160908,-18.007570,-6.887012,-9.061333,-27.201405,-8.153438,-8.102206,-23.326923,-10.205750,-7.556715,-16.559879,-12.977420,-7.541633,-12.737280,-16.342188,-8.058272,-10.177578,-19.339426,-9.121155,-8.376339,-18.067320,-10.882265,-7.176476,-13.905535,-13.817150,-6.571969,-10.337410,-19.474659,-6.621566,-7.798930,-27.967779,-7.435698,-6.181611,-16.985609,-9.224225,-5.357451,-12.013007,-12.347576,-5.236261,-9.409818,-16.809246,-5.774337,-8.005062,-17.962072,-6.935096,-7.292896,-15.091494,-8.590744,-7.008367,-13.316244,-10.486917,-7.002981,-12.602801,-12.572691,-7.152116,-12.202902,-15.491034,-7.397276,-11.468049,-20.622612,-7.845669,-10.091000,-26.011280,-8.584947,-8.413747,-20.293024,-9.211408,-7.046447,-16.127310,-8.911032,-6.304958,-13.285986,-7.854697,-6.141358,-11.203844,-6.975589,-6.251588,-9.934663,-6.749192,-6.288877,-9.443542,-7.287397,-6.162975,-9.472763,-8.666496,-6.051608,-9.648012,-11.050486,-6.173894,-9.679645,-14.558368,-6.698146,-9.460423,-18.009436,-7.747464,-9.017409,-17.813145,-9.385437,-8.480855,-15.758967,-11.588737,-8.013297,-13.941751,-14.132507,-7.746485,-12.205886,-16.057579,-7.812198,-10.412374,-15.876752,-8.348110,-8.790354,-14.290606,-9.411380,-7.671185,-12.552205,-10.888358
[0;32mI (1690) ANALISIS_ESPECTRO: Frame exportado | t=1.01 s | pico=93.8 Hz | 24.9 dB[0m
SPECTRUM_FRAME,2.028689,93.750000,23.292761,hann,512,-9.945332,2.581706,14.122499,24.232655,20.183945,9.316813,23.292761,21.906189,5.289945,21.695042,22.911673,8.788130,19.389080,23.251572,13.007833,16.289093,22.951981,15.928460,12.250732,22.019102,17.832335,7.171735,20.442217,18.901066,3.290932,18.196226,19.228102,5.571592,15.245897,18.867313,8.721122,11.558264,17.855963,10.781437,7.157952,16.232779,11.898659,2.436842,14.063233,12.279875,-0.724611,11.474379,12.142885,-0.406662,8.668460,11.750698,1.491959,5.836092,11.341601,3.726456,2.982464,10.967522,6.047913,-0.056670,10.459909,8.175053,-2.870048,9.584447,9.840254,-2.594787,8.165026,10.899544,0.858339,6.100270,11.301661,4.197982,3.365178,11.035867,6.640606,0.211017,10.102530,8.203224,-1.864920,8.501067,8.965007,-0.895716,6.229074,8.985204,1.299535,3.307897,8.300292,3.026294,-0.047801,6.925756,3.972565,-2.777291,4.851954,4.144990,-3.186131,2.026727,3.593942,-2.177193,-1.668473,2.383405,-1.398831,-6.225849,0.594921,-1.318996,-9.468779,-1.695881,-1.912875,-8.136209,-4.532666,-2.930755,-6.262715,-8.336719,-3.927665,-5.543916,-14.593384,-4.579062,-5.925801,-25.190483,-5.114635,-7.157396,-15.163074,-6.080266,-8.705338,-11.000788,-7.954037,-9.673943,-9.482534,-11.226650,-9.793438,-9.402848,-16.938515,-9.840929,-10.214216,-29.416216,-10.452272,-11.358562,-23.680056,-11.783800,-12.182791,-19.140091,-13.627394,-12.462720,-17.706148,-15.320652,-12.611252,-16.855669,-15.969950,-13.039956,-15.691161,-15.346618,-13.821278,-14.586536,-13.792330,-14.720177,-14.127985,-11.774421,-15.242419,-14.555612,-9.833696,-14.713387,-15.810520,-8.340603,-12.829223,-17.434952,-7.434336,-10.253673,-18.434341,-7.106867,-7.822891,-17.806221,-7.266955,-5.928788,-15.275215,-7.791329,-4.665840,-11.812284,-8.602236,-4.012437,-8.620549,-9.692125,-3.909371,-6.171932,-10.819674,-4.303194,-4.523465,-10.832388,-5.195584,-3.616315,-8.949776,-6.693567,-3.374347,-6.558945,-8.965940,-3.740865,-4.730803,-11.500420,-4.723439,-3.692078,-11.101185,-6.482050,-3.422707,-8.010607,-9.531089,-3.873615,-5.461272,-15.458732,-5.035710,-3.996578,-20.545238,-7.023416,-3.509009,-11.689464,-10.295943,-3.898891,-7.345733,-16.589027,-5.142348,-5.167194,-25.456051,-7.344280,-4.312001,-13.649020,-10.946889,-4.482212,-8.981977,-17.835417,-5.576926,-6.715732,-31.232130,-7.631436,-5.847933,-15.223590,-10.908119,-6.062806,-10.585060,-16.340731,-7.261812,-8.422170,-25.399620,-9.474839,-7.680722,-18.480843,-12.917915,-8.065580,-13.552498,-18.391956,-9.502779,-11.284423,-30.638401,-11.998897,-10.559640,-25.776617,-15.422167,-11.060363,-19.218042,-18.549955,-12.696592,-16.719620,-18.908993,-15.274659,-16.139301,-17.601671,-17.527601,-17.166071,-16.341705,-17.185610,-20.149050,-15.287570,-15.488343,-27.025173,-14.341174,-14.098116,-33.911572,-13.510028,-13.137682,-22.391811,-12.924453,-12.371435,-17.533638,-12.823243,-11.624757,-14.425360,-13.532679,-10.891757,-12.192832,-15.457598,-10.341292,-10.621653,-18.544949,-10.254292,-9.645204,-18.143757,-10.988657,-9.233745,-13.741753,-13.095299,-9.407419,-10.418015,-17.865026,-10.302491,-8.443040,-23.844336,-12.311679,-7.542938,-15.295606,-16.603794,-7.606925,-10.424609,-29.635391,-8.721807,-7.847502,-18.161320,-11.320007,-6.644361,-11.492620,-16.961023,-6.529561,-8.154186,-24.654379,-7.512058,-6.412280,-13.808147,-9.941405,-5.800717,-8.949789,-15.188555,-6.199904,-6.457736,-36.547249,-7.707944,-5.367798,-15.291550,-10.750559,-5.425541,-9.716679,-16.495449,-6.687900,-7.154964,-19.226969,-9.613526,-6.200000,-12.442870,-16.151466,-6.533175,-8.660613,-28.201889,-8.170724,-6.730604,-12.790121,-11.033145,-5.978436,-8.085984,-12.363110,-6.050708,-5.724586,-9.161300,-6.476584,-4.574230,-5.917340,-6.381841,-4.206685,-3.844161,-5.170403,-4.305140,-2.741166,-3.435394,-4.450703,-2.400832,-1.939664,-4.156296,-2.664497,-0.984753,-3.284755,-3.350640,-0.629320,-2.196759,-4.163126,-0.861994,-1.307836,-4.685925,-1.648576,-0.846368,-4.673679,-2.920065,-0.907589,-4.341943,-4.521304,-1.531296,-4.115376,-6.159667,-2.733031,-4.312515,-7.524475,-4.494823,-5.133047,-8.655228,-6.709636,-6.752093,-10.053543,-9.102703,-9.411614,-12.470168,-11.355528,-13.495794,-17.174305,-13.678864,-18.923891,-24.213209,-17.206755,-20.325949,-16.628248,-22.948597,-18.478262,-11.698698,-18.216745,-18.967543,-9.227671,-12.217046,-23.690405,-8.242987,-8.673395,-34.247707,-8.472630,-6.574185,-18.808849,-9.972383,-5.507031,-13.473759,-13.202176,-5.321831,-10.687928,-20.027451,-6.011062,-9.316609,-31.093086,-7.703259,-9.016753,-18.114473,-10.775028,-9.728303,-14.313753,-16.429516,-11.612078,-12.955384,-35.230389,-15.185772,-12.699659,-20.103825,-21.336611,-12.479333,-14.580734,-20.987577,-11.338163,-11.937288,-15.671156,-9.489442,-10.051594,-12.923938,-7.736104,-8.238656,-11.736331,-6.482090,-6.461428,-11.399750,-5.826645,-4.928127,-11.196058,-5.781214,-3.799334,-10.412432,-6.351003,-3.142782,-9.013251,-7.556322,-2.975297,-7.554418,-9.431549,-3.293991,-6.451523,-11.997168,-4.084274,-5.851961,-15.145169,-5.305743,-5.775318,-18.321400,-6.844361,-6.188626,-20.440411,-8.420063,-7.006114,-21.084335,-9.545715,-8.031980,-20.292070,-9.833634,-8.889336,-18.003958,-9.410131,-9.142414,-15.191504,-8.660650,-8.712099,-12.713226,-7.845140,-7.930799,-10.797564,-7.087638,-7.132321,-9.420595,-6.460673,-6.478729,-8.507225,-6.016909,-6.026005,-7.989752,-5.789904,-5.793272
[0;32mI (2710) ANALISIS_ESPECTRO: Frame exportado | t=2.03 s | pico=93.8 Hz | 23.3 dB[0m
SPECTRUM_FRAME,3.051054,93.750000,23.813334,hann,512,-2.805180,-5.992327,16.336384,24.726158,20.878677,14.007181,23.813334,22.399395,12.678764,22.275650,23.307695,13.023880,20.093691,23.597195,14.590879,17.277378,23.265041,16.423075,13.942805,22.299362,17.915363,10.499257,20.672050,18.827614,7.894066,18.334240,19.085686,7.216496,15.214569,18.669098,8.228322,11.225368,17.568586,9.658063,6.316405,15.775476,10.710564,0.768272,13.295891,11.171523,-3.474453,10.203538,11.115308,-3.127322,6.762254,10.769815,-0.312185,3.518538,10.397512,2.618298,0.957893,10.088940,5.204766,-0.905140,9.676085,7.361082,-1.941139,8.895138,9.006943,-1.628474,7.549703,10.066713,0.051642,5.555874,10.493155,2.329900,2.977207,10.265513,4.446103,0.144302,9.383162,6.019029,-2.228931,7.873542,6.927723,-3.336722,5.828876,7.173722,-2.937123,3.481827,6.825904,-1.603603,1.250357,6.021060,-0.134635,-0.463194,4.973217,1.084693,-1.575668,3.918024,2.036695,-2.129942,2.962545,2.807915,-2.036343,2.014854,3.407020,-1.298851,0.925914,3.734278,-0.183895,-0.336317,3.657408,0.955284,-1.619259,3.078199,1.836184,-2.629592,1.954599,2.269837,-3.120610,0.306982,2.137936,-3.133874,-1.766669,1.368033,-3.003187,-4.077920,-0.078510,-3.132049,-6.394187,-2.188672,-3.851954,-8.581741,-4.813737,-5.436350,-10.753770,-7.494456,-8.196653,-13.343231,-9.504448,-12.683819,-17.131617,-10.644144,-20.526812,-21.282843,-11.491455,-45.463860,-17.876667,-12.640023,-23.641184,-13.942011,-14.489254,-18.852188,-12.241814,-17.120329,-15.402322,-12.554683,-18.999929,-12.989278,-15.249733,-18.129827,-11.744730,-22.565420,-17.195793,-11.526287,-24.385206,-18.145756,-11.981598,-16.593506,-21.015694,-12.603468,-14.080410,-20.043919,-13.098364,-13.990073,-15.883722,-13.655054,-15.030058,-13.908728,-14.325529,-14.970251,-14.586845,-14.438361,-13.308492,-18.874474,-13.785877,-12.130122,-18.494999,-13.659225,-12.326869,-10.799559,-15.806831,-13.950248,-6.437785,-26.134384,-15.937604,-3.987304,-17.186134,-15.367945,-2.754512,-8.716715,-13.228077,-2.376743,-4.352407,-11.513964,-2.566808,-1.756459,-9.829606,-3.033179,-0.277163,-7.566414,-3.535701,0.387355,-5.111073,-4.008454,0.430317,-3.067706,-4.527541,0.007542,-1.667195,-5.095210,-0.751917,-0.911859,-5.498030,-1.770000,-0.725877,-5.483291,-3.041275,-1.012561,-5.114820,-4.600706,-1.684054,-4.703683,-6.416170,-2.693725,-4.464637,-8.236934,-4.061468,-4.426621,-9.573904,-5.863507,-4.539964,-10.077716,-8.169352,-4.802237,-9.765913,-10.904907,-5.300847,-8.762556,-13.590337,-6.155260,-7.367115,-15.070840,-7.425889,-6.038951,-14.160094,-9.019078,-5.108069,-11.505299,-10.557947,-4.696573,-8.696751,-11.316345,-4.782890,-6.486204,-10.720097,-5.242807,-5.022283,-9.124803,-5.853982,-4.255198,-7.349560,-6.309671,-4.062100,-5.936636,-6.318164,-4.262322,-5.110853,-5.806794,-4.619323,-4.912686,-5.013343,-4.881065,-5.233101,-4.306770,-4.853372,-5.755140,-3.984501,-4.452665,-5.982921,-4.211739,-3.742307,-5.647694,-4.990067,-2.936338,-4.973309,-6.006622,-2.305652,-4.234230,-6.484256,-2.068493,-3.453618,-5.931529,-2.350637,-2.568588,-4.952484,-3.177074,-1.659382,-4.213351,-4.426029,-0.940989,-3.828294,-5.747639,-0.620029,-3.537748,-6.690269,-0.830269,-3.019263,-7.210737,-1.646378,-2.256923,-7.691495,-3.107792,-1.547148,-8.237062,-5.216680,-1.184619,-8.270536,-7.863203,-1.320236,-7.258391,-10.519065,-1.982451,-5.757827,-11.791396,-3.085228,-4.533031,-10.928387,-4.362536,-3.876626,-9.209554,-5.313950,-3.795898,-7.656145,-5.506584,-4.166160,-6.576305,-5.080599,-4.750244,-6.025832,-4.507369,-5.213475,-5.972941,-4.110419,-5.283823,-6.326408,-4.022375,-4.976860,-6.923575,-4.281409,-4.541051,-7.521811,-4.879598,-4.221960,-7.865502,-5.765193,-4.163443,-7.854971,-6.818187,-4.424309,-7.629562,-7.819408,-5.000449,-7.433563,-8.481203,-5.816151,-7.457673,-8.626725,-6.684200,-7.782582,-8.356073,-7.281854,-8.357256,-7.922276,-7.289752,-8.954781,-7.506586,-6.685503,-9.180943,-7.143772,-5.749545,-8.738120,-6.766446,-4.771443,-7.734652,-6.299335,-3.905144,-6.504967,-5.743895,-3.196862,-5.297310,-5.180465,-2.641683,-4.227596,-4.699941,-2.223408,-3.340188,-4.348279,-1.935767,-2.649482,-4.117126,-1.785906,-2.157246,-3.964450,-1.785558,-1.860090,-3.845807,-1.938099,-1.752443,-3.740728,-2.229474,-1.826111,-3.662576,-2.625704,-2.067823,-3.648513,-3.076988,-2.456682,-3.740806,-3.528262,-2.965018,-3.970774,-3.935508,-3.562173,-4.351633,-4.282535,-4.216750,-4.881824,-4.587753,-4.891686,-5.559485,-4.894565,-5.535087,-6.402156,-5.253568,-6.082914,-7.458189,-5.711907,-6.488432,-8.791435,-6.318403,-6.761188,-10.416140,-7.140079,-6.972553,-12.129213,-8.281922,-7.220205,-13.275919,-9.909190,-7.593286,-13.188535,-12.295275,-8.163634,-12.253128,-15.973028,-8.995363,-11.266370,-22.134632,-10.157428,-10.596045,-25.323639,-11.728892,-10.306421,-18.879234,-13.783382,-10.355833,-15.169425,-16.285124,-10.664541,-13.096684,-18.637112,-11.124668,-11.941895,-19.236519,-11.596075,-11.365032,-17.929440,-11.921013,-11.151249,-16.365406,-11.981154,-11.121113,-15.279408,-11.770992,-11.105825,-14.738533,-11.412377,-10.966817,-14.620779,-11.088748,-10.639876,-14.690783,-10.973064,-10.157793,-14.603100,-11.200081,-9.624337,-14.056229,-11.869972,-9.165070,-13.047304,-13.053941,-8.889766,-11.839447,-14.756138,-8.876753,-10.699401,-16.678621,-9.170968,-9.785753
[0;32mI (3730) ANALISIS_ESPECTRO: Frame exportado | t=3.05 s | pico=93.8 Hz | 23.8 dB[0m
SPECTRUM_FRAME,4.073412,93.750000,23.752539,hann,512,-3.621808,-6.335938,16.235922,24.662561,20.869551,13.868061,23.752539,22.398663,12.689390,22.228144,23.306215,13.328087,20.084774,23.597515,15.033569,17.354551,23.281897,16.838421,14.198496,22.358856,18.258076,11.129804,20.811865,19.116791,9.178218,18.603024,19.361271,8.993255,15.672029,18.974197,9.904212,11.945920,17.942102,10.977840,7.412269,16.245998,11.719357,2.493326,13.865414,11.969477,-1.068126,10.801487,11.767949,-1.788066,7.140202,11.289703,-0.547419,3.192392,10.753140,1.905647,-0.401383,10.248452,4.686603,-3.055446,9.652123,7.087836,-4.444360,8.752386,8.838187,-3.633456,7.399752,9.883165,-0.905443,5.555742,10.236185,1.968241,3.296313,9.920787,4.190488,0.821890,8.946268,5.635615,-1.531446,7.295819,6.318984,-3.263583,4.923046,6.248805,-3.815058,1.762167,5.397148,-3.298438,-2.233593,3.712708,-2.606106,-6.992746,1.202054,-2.361452,-12.073932,-1.773653,-2.427270,-16.051981,-4.085633,-1.926267,-16.195700,-5.160956,-0.471238,-11.961579,-6.177619,1.046910,-6.883802,-7.869578,1.875871,-2.830499,-9.594691,1.790516,-0.028237,-9.573218,0.799554,1.625269,-7.605309,-0.953140,2.254528,-5.224254,-3.116259,1.971651,-3.331875,-5.081737,0.893723,-2.238370,-6.317759,-0.828265,-2.014315,-6.803728,-2.993231,-2.635677,-6.868433,-5.359824,-4.054563,-6.906302,-7.626101,-6.251269,-7.218962,-9.361104,-9.218939,-7.959411,-10.214651,-12.520540,-9.190063,-10.240894,-14.397841,-10.787783,-9.708155,-14.697433,-11.916247,-9.029895,-15.719545,-11.587090,-8.696441,-17.002537,-10.893155,-9.001715,-14.637528,-11.396917,-9.973179,-11.373883,-14.196098,-11.545142,-9.613193,-21.840885,-13.994846,-9.330211,-22.216396,-18.516111,-10.238562,-15.083124,-23.145363,-11.913739,-12.684252,-16.153826,-13.338908,-12.269711,-11.698608,-12.995181,-12.664036,-9.299370,-11.189796,-13.086501,-7.896255,-9.220791,-13.385100,-7.045094,-7.402245,-13.747452,-6.789370,-5.608105,-14.061663,-7.449712,-3.947553,-13.430037,-9.431268,-2.776343,-10.820963,-13.153337,-2.418608,-7.416906,-17.369444,-3.098042,-4.642979,-15.658859,-5.002406,-2.904330,-12.334624,-8.246609,-2.224459,-9.801380,-11.902067,-2.548480,-7.747967,-12.322850,-3.795206,-6.217442,-10.720743,-5.840000,-5.310230,-9.702823,-8.486324,-5.011318,-9.168106,-11.365174,-5.297383,-8.621876,-13.375166,-6.281023,-7.914645,-13.074749,-8.270945,-7.328144,-11.635931,-11.681966,-7.322290,-10.563496,-15.538334,-8.341056,-10.155973,-14.489700,-10.761317,-10.438644,-12.104834,-14.110271,-11.661859,-11.430406,-14.085033,-14.346144,-12.416492,-11.565521,-18.005579,-15.083928,-10.372076,-16.361828,-19.963100,-10.805596,-12.788277,-22.663439,-12.742591,-11.075374,-17.148508,-16.030096,-10.973145,-13.719704,-18.682535,-12.097388,-12.342148,-16.784277,-14.049417,-12.450367,-14.068085,-16.152218,-13.673040,-12.491609,-17.331604,-15.591129,-11.857986,-17.146717,-17.684982,-11.796810,-16.134153,-19.514189,-12.183905,-14.414602,-21.209944,-13.318605,-12.254043,-23.856680,-15.798345,-10.498882,-23.483839,-20.446970,-9.769983,-16.810631,-26.905754,-10.326881,-12.179897,-23.822990,-12.145117,-9.688970,-18.204248,-14.262598,-8.850830,-13.755442,-14.320625,-9.267348,-10.736343,-12.794442,-10.115857,-9.204515,-11.277189,-10.029526,-8.993752,-9.905004,-9.004589,-9.593508,-8.834153,-8.161082,-9.820710,-8.437873,-7.842553,-8.964535,-8.903981,-7.804876,-7.981975,-10.043016,-7.801680,-7.678670,-11.203408,-7.873776,-8.131023,-11.825943,-8.205187,-9.024462,-12.260195,-8.961830,-9.823911,-12.997073,-10.397644,-10.082335,-13.971107,-13.071051,-9.852162,-15.074558,-18.154877,-9.574017,-16.884247,-22.895489,-9.625370,-20.355530,-17.047775,-10.070271,-21.911987,-13.889254,-10.590992,-16.650486,-13.063063,-10.735341,-12.661774,-13.397181,-10.504930,-10.348171,-13.191191,-10.246892,-9.188004,-11.456772,-10.021945,-8.866932,-9.500143,-9.540897,-9.104978,-8.278061,-8.662778,-9.529413,-7.937143,-7.695231,-9.748653,-8.331514,-7.056322,-9.645840,-9.123511,-6.991044,-9.427258,-9.862793,-7.555018,-9.353797,-10.367338,-8.609467,-9.613257,-10.905843,-9.786992,-10.320764,-11.786899,-10.675197,-11.467929,-13.064384,-11.243052,-12.804888,-14.546309,-11.784476,-13.808790,-15.830009,-12.516573,-14.042976,-16.341108,-13.520395,-13.647169,-15.697172,-14.783412,-13.196871,-14.115479,-16.013041,-13.232013,-12.245183,-16.411156,-13.911947,-10.785917,-15.167464,-14.646410,-10.263149,-12.669044,-14.416759,-11.074429,-10.124091,-13.601254,-13.626200,-8.331326,-13.111441,-17.557587,-7.612287,-12.698313,-17.153795,-8.109291,-11.594939,-14.122458,-9.928696,-10.153146,-12.753158,-13.057253,-9.232121,-12.632289,-16.517635,-9.115752,-12.675504,-17.630630,-9.603415,-12.019367,-16.995041,-10.272602,-10.772865,-16.137465,-10.857645,-9.368147,-14.637403,-11.421230,-8.121832,-12.278500,-11.958487,-7.322565,-9.570312,-12.098756,-7.145563,-7.163217,-11.273738,-7.547274,-5.452969,-9.317524,-8.195166,-4.564036,-6.919531,-8.462442,-4.433228,-4.887814,-7.798185,-4.822838,-3.593045,-6.340718,-5.307783,-3.085933,-4.736339,-5.449511,-3.229838,-3.510481,-5.153979,-3.724349,-2.893229,-4.671030,-4.190235,-2.895545,-4.288499,-4.455494,-3.370406,-4.194464,-4.699970,-4.080017,-4.453706,-5.195244,-4.874894,-4.996346,-6.060960,-5.882014,-5.686247,-7.185690,-7.448352,-6.530119,-8.210669,-9.926088,-7.851200,-8.815379,-13.107566,-10.309530,-9.247385,-14.147801,-15.301865,-10.157373,-12.019392
[0;32mI (4760) ANALISIS_ESPECTRO: Frame exportado | t=4.07 s | pico=93.8 Hz | 23.8 dB[0m
SPECTRUM_FRAME,5.095782,93.750000,22.952005,hann,512,-7.586117,-8.786670,15.217005,23.829720,20.196323,11.978126,22.952005,21.677296,10.003538,21.470901,22.527142,11.334412,19.358389,22.774343,13.890898,16.570990,22.436583,16.037546,13.064342,21.518234,17.517187,8.969821,20.007824,18.340672,5.691491,17.874422,18.539547,5.959076,15.062572,18.134993,7.942181,11.486032,17.136932,9.562634,7.025823,15.551594,10.519905,1.556569,13.404360,10.876712,-4.745203,10.798008,10.762827,-7.869818,8.012218,10.364833,-3.801131,5.483235,9.895346,0.562105,3.365770,9.471063,3.889153,1.272434,9.008607,6.311617,-0.974044,8.293210,7.962588,-1.950298,7.119881,8.914708,-0.180787,5.356950,9.200269,2.325656,2.956816,8.829350,4.238220,0.014744,7.800202,5.384732,-2.955016,6.101842,5.805237,-4.646204,3.708515,5.540084,-4.381423,0.557706,4.602512,-3.332112,-3.518942,2.965552,-2.429066,-9.066813,0.534610,-1.941969,-18.692059,-2.908044,-1.928063,-20.774729,-7.836026,-2.376062,-12.146456,-15.299198,-3.177955,-8.246651,-21.372513,-4.096271,-5.949735,-17.047581,-4.920607,-4.499210,-14.709624,-5.749071,-3.567288,-13.342297,-6.912832,-3.049674,-12.033455,-8.631466,-3.001073,-10.541523,-10.861440,-3.504272,-9.108281,-13.458816,-4.538079,-8.155151,-16.551456,-5.916358,-7.889896,-20.124208,-7.402696,-8.151768,-21.538136,-8.998710,-8.477937,-19.356741,-10.931130,-8.625945,-16.234968,-13.098482,-9.010939,-13.114080,-14.490400,-10.223842,-10.778752,-14.240414,-12.515941,-9.691870,-13.063355,-15.157399,-10.051394,-11.808658,-15.955739,-12.096787,-10.983920,-15.421862,-16.440792,-10.912055,-15.612064,-24.918053,-11.653718,-16.777351,-28.847977,-12.814931,-17.584475,-26.196507,-13.475956,-16.218143,-34.189457,-13.332428,-13.821436,-25.266092,-13.304197,-11.785789,-17.013416,-14.202670,-10.352492,-12.964906,-16.235310,-9.476213,-10.754281,-17.505276,-9.166982,-9.630318,-14.317216,-9.618641,-9.192161,-10.209505,-11.419616,-9.130920,-7.155576,-16.635351,-9.185410,-5.215455,-27.565990,-9.335732,-4.350487,-10.961915,-10.047480,-4.593038,-5.277288,-12.178591,-6.046288,-2.224860,-15.017662,-8.913557,-0.732008,-10.689877,-13.663900,-0.464845,-5.535986,-21.435377,-1.299121,-2.398579,-19.108509,-3.186528,-0.764635,-12.069008,-6.062518,-0.280191,-7.796697,-9.589330,-0.720559,-5.185901,-12.391529,-1.895025,-3.785022,-12.692226,-3.607713,-3.315052,-11.603528,-5.688908,-3.561440,-10.569533,-8.100103,-4.388058,-9.864002,-11.054667,-5.796907,-9.435195,-15.147865,-7.979330,-9.380462,-21.215652,-11.395541,-10.019857,-22.058208,-17.094439,-11.783482,-17.790176,-22.730358,-15.142481,-16.280531,-16.823792,-18.954617,-17.340120,-13.341442,-16.534634,-21.312096,-12.111870,-12.829763,-25.121830,-12.462453,-10.679063,-19.524284,-14.188778,-9.742156,-15.700367,-17.258783,-9.707652,-13.754958,-21.766972,-10.332073,-12.865078,-28.135195,-11.348577,-12.591411,-31.346561,-12.413864,-12.704988,-24.797915,-13.081409,-13.160719,-20.146919,-13.077271,-13.856648,-17.388878,-12.743025,-14.014534,-16.384775,-12.646121,-12.791174,-17.516449,-13.029446,-11.153087,-21.532812,-13.926937,-10.287849,-21.062021,-15.705235,-10.607401,-15.137034,-19.873222,-12.229326,-12.129826,-39.105690,-15.325665,-11.435666,-20.637247,-20.764208,-12.823603,-14.804943,-34.090546,-16.903942,-12.843695,-22.464533,-28.138521,-13.253408,-16.510742,-23.599228,-16.010984,-13.773899,-16.647627,-21.336266,-12.691713,-13.582387,-20.412119,-12.605091,-11.765771,-15.331871,-13.007703,-10.492687,-12.148752,-13.623398,-9.563442,-9.932016,-14.447247,-9.038727,-8.187785,-15.010099,-9.109838,-6.867327,-13.735332,-10.013737,-6.117126,-10.815463,-12.090482,-6.111692,-8.063915,-16.119902,-7.000471,-6.201706,-22.533419,-8.925014,-5.360065,-17.135242,-12.112022,-5.569457,-11.788567,-17.312963,-6.862717,-9.028192,-29.759636,-9.269493,-7.872622,-23.493713,-12.694967,-7.853730,-16.293839,-16.314882,-8.532456,-13.010563,-17.719646,-9.317949,-11.103826,-16.606560,-9.744671,-9.680035,-15.003452,-9.867908,-8.436405,-13.310098,-9.942730,-7.512364,-11.263922,-10.049026,-7.098670,-9.101341,-10.062016,-7.211497,-7.342510,-9.592246,-7.706192,-6.255507,-8.320896,-8.343408,-5.855718,-6.614070,-8.770639,-6.045916,-5.072824,-8.514627,-6.697047,-3.985281,-7.423063,-7.654520,-3.396569,-5.946575,-8.658586,-3.264726,-4.575643,-9.303263,-3.516555,-3.524345,-9.309374,-4.041974,-2.827389,-8.832149,-4.690951,-2.436972,-8.221301,-5.317788,-2.261650,-7.695789,-5.847888,-2.208311,-7.258645,-6.320366,-2.230649,-6.733291,-6.914726,-2.329659,-5.984074,-7.935776,-2.514155,-5.141420,-9.719166,-2.804429,-4.456796,-12.422304,-3.279975,-4.056165,-15.181416,-4.072645,-3.922073,-15.463665,-5.276029,-4.010675,-13.984583,-6.836936,-4.326249,-12.728816,-8.492722,-4.872267,-11.966294,-9.871129,-5.561659,-11.582176,-10.827326,-6.234765,-11.329751,-11.686085,-6.808040,-10.787621,-13.146435,-7.362576,-9.864166,-16.266155,-8.087890,-9.014396,-23.106567,-9.262496,-8.668824,-22.185423,-11.322042,-8.992397,-15.736492,-14.997200,-10.025867,-12.947040,-21.340981,-11.813641,-12.055167,-22.026348,-14.292915,-12.301492,-17.343237,-16.589930,-13.084112,-15.259985,-17.092831,-13.662009,-14.480205,-16.710192,-13.641624,-13.840961,-16.920460,-13.622403,-12.774364,-17.314306,-14.505276,-11.664286,-16.357265,-16.800648,-11.209490,-14.209291,-19.172503,-11.960001,-12.253202,-17.405308,-14.374322,-11.157905,-14.623186,-17.733877,-11.248393,-13.082617,-16.213606,-12.871674
[0;32mI (5780) ANALISIS_ESPECTRO: Frame exportado | t=5.10 s | pico=93.8 Hz | 23.0 dB[0m
SPECTRUM_FRAME,6.118136,93.750000,23.017416,hann,512,-19.354626,-9.836864,15.041386,23.847351,20.486906,10.035810,23.017416,21.882660,5.057275,21.610367,22.627480,9.663842,19.577427,22.787617,13.904185,16.805561,22.396280,16.454422,13.030430,21.465027,17.944754,7.684060,19.985483,18.655598,2.112951,17.924629,18.704941,5.405936,15.210423,18.140854,9.006346,11.693064,16.981777,10.884634,7.035358,15.243192,11.623884,0.415922,12.968550,11.560544,-6.828941,10.271477,10.970715,-2.404078,7.353144,10.200497,1.311200,4.373180,9.596224,3.791399,1.159257,9.226888,5.860534,-2.755759,8.830728,7.597309,-5.539575,8.094843,8.872617,-2.239855,6.809463,9.597403,1.697353,4.823298,9.738501,4.409354,1.971074,9.275862,6.133311,-1.721634,8.165092,7.050502,-4.046980,6.307495,7.217571,-2.121270,3.518987,6.604489,0.232723,-0.450794,5.110479,1.392326,-5.044976,2.577669,1.290966,-5.884192,-1.009759,-0.062969,-4.187554,-4.037603,-2.386589,-3.805353,-3.474133,-3.547638,-4.936450,-2.112525,-1.651327,-6.071958,-1.927295,0.499843,-4.294901,-2.984317,1.637724,-1.388482,-4.781982,1.779904,0.659759,-5.741758,1.105648,1.708707,-4.753385,-0.185712,1.943811,-3.315532,-1.868284,1.544845,-2.437284,-3.734030,0.640864,-2.197124,-5.683763,-0.726261,-2.474238,-7.678382,-2.634770,-3.214442,-9.518707,-5.272900,-4.512937,-10.851099,-8.847502,-6.613101,-11.470682,-13.236017,-9.800977,-11.180735,-16.797588,-13.592064,-9.904366,-16.234097,-14.782951,-8.210861,-12.494095,-14.269843,-6.748632,-8.894279,-16.010395,-5.839061,-6.476052,-22.623428,-5.645181,-5.242134,-19.518936,-6.310377,-4.996204,-13.277797,-7.969028,-5.493276,-11.126507,-10.645179,-6.462211,-11.529371,-13.861560,-7.637438,-14.050800,-15.831171,-8.749028,-16.504086,-14.527355,-9.422348,-14.177267,-11.181004,-9.232844,-11.199031,-7.959787,-8.104943,-9.260110,-5.542257,-6.456761,-7.938605,-3.852087,-4.764946,-6.965158,-2.662102,-3.221704,-6.348474,-1.837990,-1.780157,-6.126182,-1.413515,-0.404725,-5.974821,-1.536981,0.761840,-4.987302,-2.414768,1.480915,-2.881895,-4.334830,1.552684,-0.660018,-7.592001,0.837754,0.910173,-10.154177,-0.794159,1.595606,-7.125370,-3.530126,1.363153,-3.785215,-7.530520,0.235780,-1.973208,-11.025539,-1.704059,-1.413968,-9.490915,-4.176172,-1.792440,-7.063546,-6.428666,-2.777119,-5.761068,-7.532149,-3.991730,-5.265512,-7.565234,-5.167032,-5.223073,-7.111097,-6.248319,-5.574872,-6.449646,-7.086260,-6.525504,-5.913745,-7.198503,-8.263141,-5.987463,-6.490103,-10.403814,-7.147439,-5.683652,-11.213435,-9.926128,-5.508713,-10.119774,-15.142242,-6.418019,-9.014901,-20.275545,-8.850032,-8.858356,-16.994755,-13.676305,-9.969924,-15.695573,-23.764732,-12.850712,-17.240494,-23.784330,-19.003439,-19.925253,-20.187298,-26.485973,-18.379374,-21.411392,-18.567547,-15.130703,-20.448902,-15.941335,-13.055868,-16.277615,-15.989760,-11.971265,-13.793715,-17.198359,-11.522393,-12.931753,-17.632210,-11.364859,-13.038839,-16.084211,-11.089530,-13.502283,-13.622165,-10.306178,-13.842566,-11.456383,-8.863371,-13.584969,-10.238363,-7.049016,-12.099767,-10.354946,-5.393787,-9.552188,-12.247736,-4.289010,-6.928825,-16.276402,-3.878998,-4.856370,-15.795244,-4.072576,-3.495953,-10.403494,-4.481063,-2.771581,-6.991151,-4.500967,-2.443633,-5.133562,-3.953383,-2.172394,-4.229188,-3.327533,-1.751123,-3.753731,-3.094423,-1.306771,-3.252728,-3.364107,-1.130926,-2.624539,-3.890364,-1.421403,-2.154501,-4.189442,-2.181812,-2.167716,-4.065256,-3.159552,-2.828648,-3.936844,-3.883078,-4.095584,-4.345407,-4.137113,-5.579051,-5.636380,-4.322150,-6.499300,-8.029374,-4.980670,-6.589851,-11.556252,-6.436352,-6.588256,-14.804279,-8.848248,-7.137880,-14.559900,-12.332190,-8.361779,-12.846060,-17.133709,-9.994888,-11.292707,-22.946804,-11.634876,-9.668807,-19.564022,-13.233152,-8.151599,-13.519445,-14.935833,-7.205155,-9.436234,-15.709074,-7.067368,-6.781191,-13.918438,-7.724921,-5.244672,-11.039236,-9.014383,-4.628823,-8.572551,-10.797538,-4.730518,-6.833440,-13.239738,-5.291598,-5.808797,-16.663940,-6.049494,-5.368412,-18.650524,-6.874854,-5.267247,-15.518322,-7.801635,-5.182444,-12.230750,-8.928295,-4.868388,-9.896126,-10.465546,-4.336716,-8.041524,-12.847816,-3.856666,-6.362128,-15.780636,-3.801602,-4.832389,-14.333309,-4.530908,-3.613531,-10.046820,-6.352225,-2.935811,-6.915723,-9.254673,-3.017773,-4.962526,-11.042030,-4.025906,-3.922616,-9.163216,-5.976692,-3.683192,-7.003517,-8.263488,-4.205070,-5.910712,-9.192107,-5.369886,-5.736270,-8.684926,-6.791041,-6.180850,-8.422870,-7.932227,-6.866102,-8.929514,-8.879614,-7.381343,-9.790007,-10.401325,-7.700425,-10.183899,-13.048317,-8.365973,-9.848610,-15.817940,-10.084122,-9.467134,-15.447952,-13.621775,-9.763868,-13.899899,-20.165556,-11.191292,-13.608447,-24.172268,-14.073357,-14.863300,-20.533895,-18.347992,-17.437489,-20.424458,-22.049429,-19.117901,-21.065964,-24.872509,-17.528475,-17.604916,-31.327456,-16.301172,-13.917988,-21.349415,-17.511328,-11.820961,-15.219975,-23.529659,-11.216625,-12.180056,-29.024303,-12.099377,-10.884439,-17.411972,-14.658485,-10.805511,-13.566133,-18.239420,-11.619957,-12.271155,-17.742336,-12.798431,-12.439422,-15.064547,-13.231962,-13.299730,-14.003408,-12.446905,-13.737164,-14.485428,-11.566404,-13.015666,-15.530945,-11.511204,-11.817628,-15.218349,-12.577056,-11.008654,-13.418865,-14.594356,-10.957299,-11.779825
[0;32mI (6800) ANALISIS_ESPECTRO: Frame exportado | t=6.12 s | pico=93.8 Hz | 23.0 dB[0m
SPECTRUM_FRAME,7.140499,93.750000,22.478035,hann,512,5.929661,3.922230,14.807602,23.176205,19.974596,9.320799,22.478035,21.233967,-7.893002,21.281956,21.896538,6.292806,19.527222,22.036583,12.384127,17.085262,21.688871,15.327722,13.667365,20.866459,16.907015,8.483630,19.567501,17.620314,-2.255504,17.775345,17.667040,-2.075513,15.451632,17.144121,5.672966,12.516259,16.112659,8.505991,8.791636,14.632839,9.676279,3.811121,12.789531,9.990970,-4.192677,10.702972,9.886639,-14.773909,8.488437,9.700483,-2.510524,6.133170,9.614544,2.244240,3.337455,9.566645,5.197747,-0.715478,9.342471,7.248564,-8.849401,8.730015,8.619166,-11.594694,7.564733,9.374391,-1.846086,5.684162,9.534962,2.281426,2.826433,9.102966,4.499606,-1.637094,8.064180,5.588644,-10.177551,6.380770,5.809794,-17.883968,3.974185,5.252189,-7.007682,0.686552,3.921688,-3.986856,-3.817993,1.770159,-3.296709,-10.392334,-1.267164,-4.054472,-22.583050,-5.045787,-5.725391,-24.455891,-8.266183,-6.845067,-18.596405,-9.060219,-5.766458,-14.172572,-9.145433,-3.915547,-9.505119,-10.498531,-2.693598,-5.934566,-14.473631,-2.366712,-3.544448,-27.467350,-2.945879,-2.140986,-16.359842,-4.499604,-1.568969,-9.729497,-7.306299,-1.727262,-6.464598,-12.256414,-2.548540,-4.703365,-22.171232,-3.968532,-3.855956,-16.451033,-5.845189,-3.598812,-10.866990,-7.749698,-3.671918,-8.226598,-8.837278,-3.849645,-6.862577,-8.743487,-3.992084,-6.126681,-8.221541,-4.090147,-5.668835,-7.990926,-4.233570,-5.344238,-8.290886,-4.547380,-5.186649,-9.078564,-5.163399,-5.318775,-10.136417,-6.225471,-5.873328,-11.198291,-7.905570,-6.991646,-12.263708,-10.427174,-8.900644,-13.812786,-14.101517,-12.126392,-16.858501,-19.308680,-18.422756,-24.828171,-25.717812,-28.827238,-25.448078,-30.951845,-16.034243,-14.723021,-29.923716,-11.376900,-9.728777,-20.328758,-9.205231,-6.510550,-14.088697,-8.507808,-4.276255,-9.866470,-9.067546,-2.748373,-6.831220,-11.044954,-1.809354,-4.588843,-15.204526,-1.402231,-2.935871,-23.312380,-1.490443,-1.762706,-18.008999,-2.031463,-1.005343,-12.194622,-2.947386,-0.616675,-9.136919,-4.090371,-0.547987,-7.433967,-5.239554,-0.735285,-6.547446,-6.215899,-1.092479,-6.156642,-7.082074,-1.521923,-5.964962,-8.181356,-1.953546,-5.684639,-10.041389,-2.394502,-5.162065,-13.558891,-2.942938,-4.472737,-21.661007,-3.756301,-3.820229,-20.780041,-5.017484,-3.388414,-12.358961,-6.927593,-3.297317,-8.316866,-9.667522,-3.625089,-5.973907,-12.849104,-4.438213,-4.605927,-13.555719,-5.816708,-3.912787,-11.108271,-7.881660,-3.737167,-8.761290,-10.849751,-3.980364,-7.227463,-15.205429,-4.566985,-6.363601,-22.573835,-5.429082,-5.995731,-34.884838,-6.508602,-5.995798,-22.145073,-7.783997,-6.273606,-17.527729,-9.314757,-6.771408,-14.886180,-11.273173,-7.471554,-13.181551,-13.913512,-8.415466,-12.135208,-17.217409,-9.729812,-11.639149,-18.996836,-11.668868,-11.629955,-17.018982,-14.746162,-12.066015,-14.641728,-20.392403,-12.912870,-13.175364,-37.415241,-14.065150,-12.519854,-21.492481,-15.089533,-12.446631,-16.132099,-15.027810,-12.729767,-13.637646,-13.534489,-13.115034,-12.491736,-11.556330,-13.295305,-12.196447,-9.851388,-12.996658,-12.514019,-8.639297,-12.184446,-13.316060,-7.924089,-11.100914,-14.548979,-7.650983,-10.046058,-16.239241,-7.750973,-9.216733,-18.525856,-8.154524,-8.695322,-21.691154,-8.802833,-8.482541,-25.473022,-9.664246,-8.523476,-24.582472,-10.742030,-8.733745,-19.730650,-12.025534,-9.047066,-15.721689,-13.266453,-9.478522,-12.686425,-13.579607,-10.156244,-10.397245,-12.165678,-11.287567,-8.748150,-9.821026,-13.025566,-7.710960,-7.555460,-14.825593,-7.307845,-5.719413,-14.238916,-7.613048,-4.370258,-11.190613,-8.787321,-3.502219,-8.208288,-11.192228,-3.108988,-5.958415,-15.822765,-3.196137,-4.394169,-24.931479,-3.780284,-3.409400,-17.617514,-4.880850,-2.923641,-11.911793,-6.495257,-2.875738,-8.882923,-8.522802,-3.203756,-7.125461,-10.579107,-3.819987,-6.113039,-11.880981,-4.590497,-5.549281,-11.951904,-5.350149,-5.205031,-11.217937,-5.985280,-4.895114,-10.133410,-6.519034,-4.523213,-8.831779,-7.064509,-4.116686,-7.413335,-7.662616,-3.785226,-6.045906,-8.139325,-3.639178,-4.886513,-8.149813,-3.732453,-4.030541,-7.560377,-4.036261,-3.516110,-6.675451,-4.430506,-3.336520,-5.900397,-4.740454,-3.438657,-5.477579,-4.856983,-3.709068,-5.505532,-4.852853,-3.975040,-5.996109,-4.944086,-4.073295,-6.857728,-5.370869,-3.976212,-7.774306,-6.358745,-3.829492,-8.130200,-8.186090,-3.849075,-7.538655,-11.398743,-4.224730,-6.423498,-17.743748,-5.108707,-5.405700,-26.699856,-6.650727,-4.807927,-14.887763,-9.029614,-4.751579,-10.135979,-12.295525,-5.300872,-7.602686,-14.769114,-6.535399,-6.245832,-12.991039,-8.591436,-5.724001,-10.041609,-11.643630,-5.920846,-7.915161,-15.178815,-6.843531,-6.613967,-15.266310,-8.628398,-5.982493,-12.157168,-11.667415,-5.932163,-9.582673,-17.225897,-6.435244,-7.926311,-31.276419,-7.502372,-6.994655,-18.468105,-9.134945,-6.648153,-12.938642,-11.138472,-6.807928,-10.158248,-12.587626,-7.408714,-8.664749,-12.143936,-8.318927,-8.011204,-10.466150,-9.202934,-8.014440,-8.885015,-9.484382,-8.566891,-7.843049,-8.857683,-9.503258,-7.395711,-7.723063,-10.390182,-7.538349,-6.622600,-10.458143,-8.282426,-5.833711,-9.405867,-9.647594,-5.451298,-7.869020,-11.529234,-5.508007,-6.465021,-13.151196,-6.031281,-5.429121,-12.811742,-7.063449,-4.809233,-10.763132,-8.654030
[0;32mI (7820) ANALISIS_ESPECTRO: Frame exportado | t=7.14 s | pico=93.8 Hz | 22.5 dB[0m
SPECTRUM_FRAME,8.162860,250.000000,-12.345747,hann,512,-29.447062,-25.248442,-20.857693,-12.421559,-15.777903,-25.016373,-13.016718,-14.243143,-28.942142,-14.037779,-13.191730,-25.902796,-15.537290,-12.568078,-21.589264,-17.622755,-12.345747,-18.503056,-20.518555,-12.516542,-16.294872,-24.678137,-13.087261,-14.709433,-29.754318,-14.082205,-13.620277,-27.581150,-15.553289,-12.965166,-22.769176,-17.606398,-12.714715,-19.437672,-20.470970,-12.859102,-17.109344,-24.697727,-13.403983,-15.454165,-31.280937,-14.372301,-14.317523,-30.564198,-15.813841,-13.625601,-24.513527,-17.830770,-13.343612,-20.757238,-20.649082,-13.458698,-18.251526,-24.861702,-13.973942,-16.503555,-32.682556,-14.909002,-15.308592,-36.341999,-16.307781,-14.573833,-26.896996,-18.259590,-14.255696,-22.485962,-20.957546,-14.335900,-19.749359,-24.889452,-14.812379,-17.891071,-31.768816,-15.697431,-16.630806,-41.921497,-17.021177,-15.848936,-29.485477,-18.842377,-15.489342,-24.520618,-21.273449,-15.524979,-21.594807,-24.528572,-15.944193,-19.648438,-28.889675,-16.744703,-18.335588,-32.636799,-17.930174,-17.511791,-30.034914,-19.505875,-17.106903,-26.291000,-21.466133,-17.081141,-23.622944,-23.748236,-17.406288,-21.763565,-26.079950,-18.054705,-20.483173,-27.701389,-18.989681,-19.657690,-27.764160,-20.153564,-19.213524,-26.639923,-21.453714,-19.095493,-25.248257,-22.753181,-19.249805,-24.030624,-23.886385,-19.614952,-23.094810,-24.718655,-20.119200,-22.434517,-25.219278,-20.687153,-22.001944,-25.472048,-21.255413,-21.727793,-25.611593,-21.789219,-21.535875,-25.748728,-22.288387,-21.366074,-25.916538,-22.780464,-21.197510,-26.028843,-23.313797,-21.052841,-25.881338,-23.960087,-20.979019,-25.288456,-24.824654,-21.021122,-24.293119,-26.054983,-21.207344,-23.145285,-27.829523,-21.550343,-22.092913,-30.189837,-22.062826,-21.279325,-31.969606,-22.782673,-20.759611,-30.448811,-23.803082,-20.537546,-27.299461,-25.312370,-20.590143,-24.646542,-27.687571,-20.883488,-22.740063,-31.872604,-21.389475,-21.467802,-42.394466,-22.108717,-20.714699,-37.450939,-23.097874,-20.389921,-29.484364,-24.498224,-20.416641,-25.565033,-26.580490,-20.724667,-23.200508,-29.852791,-21.253719,-21.747200,-34.889118,-21.969685,-20.937243,-35.053612,-22.888565,-20.623301,-29.588404,-24.093220,-20.701006,-25.923519,-25.726685,-21.078125,-23.632109,-27.916229,-21.666662,-22.241184,-30.311411,-22.395485,-21.510590,-30.836815,-23.237982,-21.299265,-28.603746,-24.229433,-21.500551,-26.067982,-25.440886,-22.007961,-24.211418,-26.877287,-22.699900,-23.064980,-28.236095,-23.452724,-22.532402,-28.695961,-24.187168,-22.522070,-27.805273,-24.909328,-22.941027,-26.341076,-25.683411,-23.663944,-25.092506,-26.531982,-24.503387,-24.344862,-27.316757,-25.231134,-24.150280,-27.717457,-25.701111,-24.486774,-27.518227,-25.964428,-25.278156,-26.937979,-26.195049,-26.332378,-26.411594,-26.522175,-27.251728,-26.255604,-26.948265,-27.568970,-26.630455,-27.369442,-27.246639,-27.587460,-27.682859,-26.711199,-28.996693,-27.925871,-26.344597,-30.213251,-28.302208,-26.304008,-30.083672,-29.081514,-26.604166,-28.663933,-30.491550,-27.202578,-27.097761,-32.462925,-28.063320,-25.969795,-33.521072,-29.223263,-25.392008,-31.603605,-30.846434,-25.345634,-28.673405,-33.181351,-25.798904,-26.329443,-35.742260,-26.745520,-24.741943,-34.731003,-28.238140,-23.820465,-30.713570,-30.439964,-23.482052,-27.272013,-33.608196,-23.681067,-24.782120,-36.565044,-24.413435,-23.061531,-33.868423,-25.730869,-21.966557,-29.354132,-27.776110,-21.412153,-25.915567,-30.808865,-21.355417,-23.412071,-34.442287,-21.788631,-21.608732,-33.499352,-22.743690,-20.368708,-28.989532,-24.311083,-19.616243,-25.350296,-26.671560,-19.312399,-22.678072,-30.003437,-19.445347,-20.708282,-32.645920,-20.030197,-19.283897,-29.909618,-21.118000,-18.320065,-25.873430,-22.816126,-17.772289,-22.781467,-25.310593,-17.621731,-20.495443,-28.673183,-17.870716,-18.806854,-30.670576,-18.545391,-17.594526,-27.673622,-19.706303,-16.793058,-23.950081,-21.469585,-16.369667,-21.114443,-24.029446,-16.313597,-19.020697,-27.457939,-16.633490,-17.483376,-29.468697,-17.360933,-16.392630,-26.491669,-18.561876,-15.688564,-22.844387,-20.360256,-15.341825,-20.091469,-22.972557,-15.344357,-18.077633,-26.582588,-15.707178,-16.614351,-29.141750,-16.464397,-15.589523,-26.185200,-17.685320,-14.941645,-22.391087,-19.501532,-14.640400,-19.589617,-22.161043,-14.677300,-17.575531,-26.038586,-15.063450,-16.132032,-29.729858,-15.833340,-15.133853,-26.761129,-17.057421,-14.512506,-22.535572,-18.872200,-14.233562,-19.554943,-21.553883,-14.285892,-17.470465,-25.688513,-14.678595,-16.002005,-31.297241,-15.444240,-14.998570,-28.452446,-16.650990,-14.379292,-23.295811,-18.433079,-14.102615,-19.975101,-21.073410,-14.152494,-17.748213,-25.280800,-14.533775,-16.212629,-33.270935,-15.274033,-15.174638,-31.996727,-16.433622,-14.534338,-24.738670,-18.131899,-14.239582,-20.862564,-20.618462,-14.266802,-18.415571,-24.519213,-14.613671,-16.770746,-32.309010,-15.298567,-15.668810,-39.024681,-16.366512,-14.982916,-26.848103,-17.905645,-14.646196,-22.220413,-20.087284,-14.624331,-19.490517,-23.272961,-14.904196,-17.699814,-28.302849,-15.489817,-16.504623,-34.238579,-16.402924,-15.744576,-28.695078,-17.687128,-15.334246,-23.904972,-19.415478,-15.225072,-20.971127,-21.692696,-15.389317,-19.036314,-24.576443,-15.812405,-17.726402,-27.433262,-16.488895,-16.857727,-27.646061,-17.419323,-16.327436,-25.204237,-18.605530,-16.071556,-22.716658,-20.038498,-16.046635,-20.807858,-21.664852,-16.220833,-19.406315,-23.304413,-16.569553,-18.390030,-24.533939,-17.073662,-17.665457,-24.821976,-17.719284,-17.165270,-24.124224,-18.498747,-16.841270,-22.927055,-19.411453,-16.660116,-21.648243,-20.461826
[0;32mI (8880) ANALISIS_ESPECTRO: Frame exportado | t=8.16 s | pico=250.0 Hz | -12.3 dB[0m
SPECTRUM_FRAME,9.185230,203.125000,13.051272,hann,512,-12.183238,-7.985084,4.805596,13.670013,10.102683,0.300195,12.964478,11.624153,-4.459924,11.761374,12.588758,-1.089154,10.011396,13.051272,3.384604,7.614655,13.037880,6.372959,4.359855,12.557110,8.377572,-0.207357,11.603422,9.680652,-6.067129,10.155918,10.413034,-4.793177,8.171429,10.638765,-0.220758,5.564797,10.390581,2.739751,2.154799,9.684146,4.617099,-2.496476,8.523170,5.768963,-9.434706,6.898857,6.366448,-12.478443,4.781990,6.503516,-6.527004,2.098397,6.240938,-2.889449,-1.343717,5.619436,-0.568919,-6.112430,4.657133,1.053862,-14.714929,3.336632,2.220203,-20.773895,1.583410,3.015993,-9.289685,-0.774382,3.450475,-4.630753,-4.117456,3.490236,-1.667320,-9.492328,3.074751,0.432038,-20.487946,2.116222,1.907732,-12.480373,0.479669,2.832993,-6.446754,-2.080150,3.218966,-3.099987,-6.123242,3.043854,-0.913795,-13.374090,2.254556,0.548068,-17.472775,0.749090,1.424020,-9.514808,-1.674059,1.741655,-5.697450,-5.469884,1.474972,-3.555336,-11.932477,0.554018,-2.301717,-19.555832,-1.157886,-1.680903,-11.886770,-3.944765,-1.639066,-8.102978,-8.533591,-2.225410,-6.379480,-17.998871,-3.573067,-5.724994,-20.084370,-5.952530,-5.790309,-11.832392,-9.999722,-6.490584,-9.021656,-17.712677,-7.921040,-8.118685,-20.122854,-10.369760,-8.353975,-12.909802,-14.397497,-9.475740,-9.963669,-19.345608,-11.473292,-8.950403,-16.633108,-14.613667,-9.182869,-12.623254,-19.733330,-10.442141,-10.510807,-26.180252,-12.703188,-9.776043,-20.866938,-16.031244,-10.130472,-16.661903,-20.084137,-11.459856,-14.770699,-21.907892,-13.620150,-14.450464,-20.231632,-15.816544,-15.575109,-18.676266,-16.032331,-18.365467,-18.114454,-14.361809,-22.034153,-18.247704,-12.660632,-19.718287,-18.127501,-11.457747,-15.316577,-16.538101,-10.628670,-12.408190,-13.936625,-9.914627,-10.617847,-11.480383,-9.078372,-9.540756,-9.605661,-8.027237,-8.867976,-8.361433,-6.852233,-8.314343,-7.707382,-5.730471,-7.632681,-7.589775,-4.817578,-6.708706,-7.938763,-4.216357,-5.610361,-8.617753,-3.991180,-4.504428,-9.314223,-4.190361,-3.546991,-9.486811,-4.865855,-2.844573,-8.761385,-6.093234,-2.464103,-7.417228,-7.999427,-2.453133,-5.982218,-10.794311,-2.856472,-4.772666,-14.597902,-3.731460,-3.913175,-17.097782,-5.168261,-3.450042,-14.387119,-7.330337,-3.410665,-11.110857,-10.559316,-3.828629,-8.855669,-15.706834,-4.758790,-7.440994,-23.561874,-6.295656,-6.686904,-18.634470,-8.606606,-6.508634,-13.715148,-11.977330,-6.890255,-11.105305,-16.503147,-7.874904,-9.682402,-18.272171,-9.583053,-9.017811,-14.881683,-12.288595,-8.928488,-12.039684,-16.707762,-9.334033,-10.323307,-25.708530,-10.201584,-9.391471,-26.505169,-11.515188,-9.008953,-18.448708,-13.245292,-9.025268,-15.026478,-15.304165,-9.332343,-13.236107,-17.499683,-9.845744,-12.284819,-19.586025,-10.504975,-11.814043,-21.506100,-11.289846,-11.609428,-23.469379,-12.240114,-11.541013,-25.217550,-13.462574,-11.562555,-24.860634,-15.115042,-11.713150,-22.163305,-17.340467,-12.100163,-19.352350,-19.907555,-12.876356,-17.208012,-21.065657,-14.231788,-15.759953,-19.448200,-16.384356,-14.959813,-17.238354,-19.317091,-14.812572,-15.642796,-20.971603,-15.410337,-14.743959,-18.702951,-16.994307,-14.431114,-15.854339,-20.183929,-14.600796,-13.961510,-27.330593,-15.196675,-13.005848,-33.783802,-16.236807,-12.853566,-22.058498,-17.837233,-13.418193,-17.808020,-20.207102,-14.647530,-15.808415,-23.429033,-16.495159,-15.172203,-25.880249,-18.886435,-15.667211,-24.589464,-21.686686,-17.337849,-22.609547,-24.710283,-20.544794,-22.021072,-27.764570,-26.580288,-23.295609,-30.576126,-41.566425,-27.438097,-32.904045,-28.888988,-33.145596,-34.686043,-24.364353,-24.914188,-31.975986,-22.431580,-19.926813,-25.902634,-21.278648,-17.252441,-21.034916,-20.056982,-15.873375,-17.572071,-18.499372,-15.286011,-15.236386,-16.763945,-15.047834,-13.846231,-15.081301,-14.682934,-13.292212,-13.625456,-13.909431,-13.471011,-12.542223,-12.852238,-14.144871,-11.975704,-11.810312,-14.674107,-12.088176,-10.989976,-14.180801,-13.107043,-10.495912,-12.755964,-15.437640,-10.413304,-11.255345,-19.767010,-10.873964,-10.174330,-22.285664,-12.116542,-9.649975,-16.781702,-14.613441,-9.719666,-12.767768,-19.358971,-10.451982,-10.456810,-22.543554,-12.033343,-9.298586,-15.874996,-14.876530,-9.061440,-11.441816,-19.170324,-9.712005,-8.839954,-18.270123,-11.431009,-7.388277,-12.952692,-14.887079,-6.801332,-9.235419,-23.039371,-6.960796,-6.835265,-22.621183,-7.832134,-5.360830,-13.486224,-9.397918,-4.611187,-9.080306,-11.395721,-4.476628,-6.406289,-12.443563,-4.880145,-4.746883,-10.926340,-5.722237,-3.832798,-8.362013,-6.781027,-3.537801,-6.183854,-7.570021,-3.785389,-4.656985,-7.488598,-4.493317,-3.762577,-6.524039,-5.498087,-3.464953,-5.257243,-6.440707,-3.748466,-4.162234,-6.784033,-4.608837,-3.451875,-6.288404,-6.010001,-3.216939,-5.317665,-7.734628,-3.520572,-4.350143,-9.050538,-4.442797,-3.653416,-8.960598,-6.114072,-3.347076,-7.738033,-8.758330,-3.502904,-6.388921,-12.644334,-4.197894,-5.389691,-16.286428,-5.549786,-4.849175,-14.301425,-7.774923,-4.787424,-11.056161,-11.359678,-5.231669,-8.997952,-17.892408,-6.245558,-7.905361,-40.967884,-7.952102,-7.532867,-18.437559,-10.587973,-7.757106,-13.786716,-14.670671,-8.540234,-11.744640,-21.504259,-9.906659,-10.921095,-25.524319,-11.936775,-10.835057,-19.253609,-14.787405,-11.222652,-16.061615,-18.807705,-11.880130,-14.423225,-25.201191,-12.637948,-13.432564
[0;32mI (9870) ANALISIS_ESPECTRO: Frame exportado | t=9.19 s | pico=203.1 Hz | 13.1 dB[0m
SPECTRUM_FRAME,10.207613,78.125000,-120.000000,hann,512,-120.000000,-120.000000,-120.000000,-120.000000,-120.000000,-120.000000,-120.000000,-120.000000,-120.000000,-120.000000,-120.000000,-120.000000,-120.000000,-120.000000,-120.000000,-120.000000,-120.000000,-120.000000,-120.000000,-120.000000,-120.000000,-120.000000,-120.000000,-120.000000,-120.000000,-120.000000,-120.000000,-120.000000,-120.000000,-120.000000,-120.000000,-120.000000,-120.000000,-120.000000,-120.000000,-120.000000,-120.000000,-120.000000,-120.000000,-120.000000,-120.000000,-120.000000,-120.000000,-120.000000,-120.000000,-120.000000,-120.000000,-120.000000,-120.000000,-120.000000,-120.000000,-120.000000,-120.000000,-120.000000,-120.000000,-120.000000,-120.000000,-120.000000,-120.000000,-120.000000,-120.000000,-120.000000,-120.000000,-120.000000,-120.000000,-120.000000,-120.000000,-120.000000,-120.000000,-120.000000,-120.000000,-120.000000,-120.000000,-120.000000,-120.000000,-120.000000,-120.000000,-120.000000,-120.000000,-120.000000,-120.000000,-120.000000,-120.000000,-120.000000,-120.000000,-120.000000,-120.000000,-120.000000,-120.000000,-120.000000,-120.000000,-120.000000,-120.000000,-120.000000,-120.000000,-120.000000,-120.000000,-120.000000,-120.000000,-120.000000,-120.000000,-120.000000,-120.000000,-120.000000,-120.000000,-120.000000,-120.000000,-120.000000,-120.000000,-120.000000,-120.000000,-120.000000,-120.000000,-120.000000,-120.000000,-120.000000,-120.000000,-120.000000,-120.000000,-120.000000,-120.000000,-120.000000,-120.000000,-120.000000,-120.000000,-120.000000,-120.000000,-120.000000,-120.000000,-120.000000,-120.000000,-120.000000,-120.000000,-120.000000,-120.000000,-120.000000,-120.000000,-120.000000,-120.000000,-120.000000,-120.000000,-120.000000,-120.000000,-120.000000,-120.000000,-120.000000,-120.000000,-120.000000,-120.000000,-120.000000,-120.000000,-120.000000,-120.000000,-120.000000,-120.000000,-120.000000,-120.000000,-120.000000,-120.000000,-120.000000,-120.000000,-120.000000,-120.000000,-120.000000,-120.000000,-120.000000,-120.000000,-120.000000,-120.000000,-120.000000,-120.000000,-120.000000,-120.000000,-120.000000,-120.000000,-120.000000,-120.000000,-120.000000,-120.000000,-120.000000,-120.000000,-120.000000,-120.000000,-120.000000,-120.000000,-120.000000,-120.000000,-120.000000,-120.000000,-120.000000,-120.000000,-120.000000,-120.000000,-120.000000,-120.000000,-120.000000,-120.000000,-120.000000,-120.000000,-120.000000,-120.000000,-120.000000,-120.000000,-120.000000,-120.000000,-120.000000,-120.000000,-120.000000,-120.000000,-120.000000,-120.000000,-120.000000,-120.000000,-120.000000,-120.000000,-120.000000,-120.000000,-120.000000,-120.000000,-120.000000,-120.000000,-120.000000,-120.000000,-120.000000,-120.000000,-120.000000,-120.000000,-120.000000,-120.000000,-120.000000,-120.000000,-120.000000,-120.000000,-120.000000,-120.000000,-120.000000,-120.000000,-120.000000,-120.000000,-120.000000,-120.000000,-120.000000,-120.000000,-120.000000,-120.000000,-120.000000,-120.000000,-120.000000,-120.000000,-120.000000,-120.000000,-120.000000,-120.000000,-120.000000,-120.000000,-120.000000,-120.000000,-120.000000,-120.000000,-120.000000,-120.000000,-120.000000,-120.000000,-120.000000,-120.000000,-120.000000,-120.000000,-120.000000,-120.000000,-120.000000,-120.000000,-120.000000,-120.000000,-120.000000,-120.000000,-120.000000,-120.000000,-120.000000,-120.000000,-120.000000,-120.000000,-120.000000,-120.000000,-120.000000,-120.000000,-120.000000,-120.000000,-120.000000,-120.000000,-120.000000,-120.000000,-120.000000,-120.000000,-120.000000,-120.000000,-120.000000,-120.000000,-120.000000,-120.000000,-120.000000,-120.000000,-120.000000,-120.000000,-120.000000,-120.000000,-120.000000,-120.000000,-120.000000,-120.000000,-120.000000,-120.000000,-120.000000,-120.000000,-120.000000,-120.000000,-120.000000,-120.000000,-120.000000,-120.000000,-120.000000,-120.000000,-120.000000,-120.000000,-120.000000,-120.000000,-120.000000,-120.000000,-120.000000,-120.000000,-120.000000,-120.000000,-120.000000,-120.000000,-120.000000,-120.000000,-120.000000,-120.000000,-120.000000,-120.000000,-120.000000,-120.000000,-120.000000,-120.000000,-120.000000,-120.000000,-120.000000,-120.000000,-120.000000,-120.000000,-120.000000,-120.000000,-120.000000,-120.000000,-120.000000,-120.000000,-120.000000,-120.000000,-120.000000,-120.000000,-120.000000,-120.000000,-120.000000,-120.000000,-120.000000,-120.000000,-120.000000,-120.000000,-120.000000,-120.000000,-120.000000,-120.000000,-120.000000,-120.000000,-120.000000,-120.000000,-120.000000,-120.000000,-120.000000,-120.000000,-120.000000,-120.000000,-120.000000,-120.000000,-120.000000,-120.000000,-120.000000,-120.000000,-120.000000,-120.000000,-120.000000,-120.000000,-120.000000,-120.000000,-120.000000,-120.000000,-120.000000,-120.000000,-120.000000,-120.000000,-120.000000,-120.000000,-120.000000,-120.000000,-120.000000,-120.000000,-120.000000,-120.000000,-120.000000,-120.000000,-120.000000,-120.000000,-120.000000,-120.000000,-120.000000,-120.000000,-120.000000,-120.000000,-120.000000,-120.000000,-120.000000,-120.000000,-120.000000,-120.000000,-120.000000,-120.000000,-120.000000,-120.000000,-120.000000,-120.000000,-120.000000,-120.000000,-120.000000,-120.000000,-120.000000,-120.000000,-120.000000,-120.000000,-120.000000,-120.000000,-120.000000,-120.000000,-120.000000,-120.000000,-120.000000,-120.000000,-120.000000,-120.000000,-120.000000,-120.000000,-120.000000,-120.000000,-120.000000,-120.000000,-120.000000,-120.000000,-120.000000,-120.000000,-120.000000,-120.000000,-120.000000,-120.000000,-120.000000,-120.000000,-120.000000,-120.000000,-120.000000,-120.000000,-120.000000,-120.000000,-120.000000,-120.000000,-120.000000,-120.000000,-120.000000,-120.000000,-120.000000,-120.000000,-120.000000,-120.000000,-120.000000,-120.000000,-120.000000,-120.000000,-120.000000,-120.000000,-120.000000,-120.000000,-120.000000,-120.000000,-120.000000,-120.000000,-120.000000,-120.000000,-120.000000,-120.000000,-120.000000,-120.000000,-120.000000,-120.000000,-120.000000,-120.000000,-120.000000,-120.000000,-120.000000,-120.000000,-120.000000,-120.000000,-120.000000,-120.000000,-120.000000,-120.000000,-120.000000
[0;32mI (10970) ANALISIS_ESPECTRO: Frame exportado | t=10.21 s | pico=78.1 Hz | -120.0 dB[0m
SPECTRUM_FRAME,11.229976,78.125000,-120.000000,hann,512,-120.000000,-120.000000,-120.000000,-120.000000,-120.000000,-120.000000,-120.000000,-120.000000,-120.000000,-120.000000,-120.000000,-120.000000,-120.000000,-120.000000,-120.000000,-120.000000,-120.000000,-120.000000,-120.000000,-120.000000,-120.000000,-120.000000,-120.000000,-120.000000,-120.000000,-120.000000,-120.000000,-120.000000,-120.000000,-120.000000,-120.000000,-120.000000,-120.000000,-120.000000,-120.000000,-120.000000,-120.000000,-120.000000,-120.000000,-120.000000,-120.000000,-120.000000,-120.000000,-120.000000,-120.000000,-120.000000,-120.000000,-120.000000,-120.000000,-120.000000,-120.000000,-120.000000,-120.000000,-120.000000,-120.000000,-120.000000,-120.000000,-120.000000,-120.000000,-120.000000,-120.000000,-120.000000,-120.000000,-120.000000,-120.000000,-120.000000,-120.000000,-120.000000,-120.000000,-120.000000,-120.000000,-120.000000,-120.000000,-120.000000,-120.000000,-120.000000,-120.000000,-120.000000,-120.000000,-120.000000,-120.000000,-120.000000,-120.000000,-120.000000,-120.000000,-120.000000,-120.000000,-120.000000,-120.000000,-120.000000,-120.000000,-120.000000,-120.000000,-120.000000,-120.000000,-120.000000,-120.000000,-120.000000,-120.000000,-120.000000,-120.000000,-120.000000,-120.000000,-120.000000,-120.000000,-120.000000,-120.000000,-120.000000,-120.000000,-120.000000,-120.000000,-120.000000,-120.000000,-120.000000,-120.000000,-120.000000,-120.000000,-120.000000,-120.000000,-120.000000,-120.000000,-120.000000,-120.000000,-120.000000,-120.000000,-120.000000,-120.000000,-120.000000,-120.000000,-120.000000,-120.000000,-120.000000,-120.000000,-120.000000,-120.000000,-120.000000,-120.000000,-120.000000,-120.000000,-120.000000,-120.000000,-120.000000,-120.000000,-120.000000,-120.000000,-120.000000,-120.000000,-120.000000,-120.000000,-120.000000,-120.000000,-120.000000,-120.000000,-120.000000,-120.000000,-120.000000,-120.000000,-120.000000,-120.000000,-120.000000,-120.000000,-120.000000,-120.000000,-120.000000,-120.000000,-120.000000,-120.000000,-120.000000,-120.000000,-120.000000,-120.000000,-120.000000,-120.000000,-120.000000,-120.000000,-120.000000,-120.000000,-120.000000,-120.000000,-120.000000,-120.000000,-120.000000,-120.000000,-120.000000,-120.000000,-120.000000,-120.000000,-120.000000,-120.000000,-120.000000,-120.000000,-120.000000,-120.000000,-120.000000,-120.000000,-120.000000,-120.000000,-120.000000,-120.000000,-120.000000,-120.000000,-120.000000,-120.000000,-120.000000,-120.000000,-120.000000,-120.000000,-120.000000,-120.000000,-120.000000,-120.000000,-120.000000,-120.000000,-120.000000,-120.000000,-120.000000,-120.000000,-120.000000,-120.000000,-120.000000,-120.000000,-120.000000,-120.000000,-120.000000,-120.000000,-120.000000,-120.000000,-120.000000,-120.000000,-120.000000,-120.000000,-120.000000,-120.000000,-120.000000,-120.000000,-120.000000,-120.000000,-120.000000,-120.000000,-120.000000,-120.000000,-120.000000,-120.000000,-120.000000,-120.000000,-120.000000,-120.000000,-120.000000,-120.000000,-120.000000,-120.000000,-120.000000,-120.000000,-120.000000,-120.000000,-120.000000,-120.000000,-120.000000,-120.000000,-120.000000,-120.000000,-120.000000,-120.000000,-120.000000,-120.000000,-120.000000,-120.000000,-120.000000,-120.000000,-120.000000,-120.000000,-120.000000,-120.000000,-120.000000,-120.000000,-120.000000,-120.000000,-120.000000,-120.000000,-120.000000,-120.000000,-120.000000,-120.000000,-120.000000,-120.000000,-120.000000,-120.000000,-120.000000,-120.000000,-120.000000,-120.000000,-120.000000,-120.000000,-120.000000,-120.000000,-120.000000,-120.000000,-120.000000,-120.000000,-120.000000,-120.000000,-120.000000,-120.000000,-120.000000,-120.000000,-120.000000,-120.000000,-120.000000,-120.000000,-120.000000,-120.000000,-120.000000,-120.000000,-120.000000,-120.000000,-120.000000,-120.000000,-120.000000,-120.000000,-120.000000,-120.000000,-120.000000,-120.000000,-120.000000,-120.000000,-120.000000,-120.000000,-120.000000,-120.000000,-120.000000,-120.000000,-120.000000,-120.000000,-120.000000,-120.000000,-120.000000,-120.000000,-120.000000,-120.000000,-120.000000,-120.000000,-120.000000,-120.000000,-120.000000,-120.000000,-120.000000,-120.000000,-120.000000,-120.000000,-120.000000,-120.000000,-120.000000,-120.000000,-120.000000,-120.000000,-120.000000,-120.000000,-120.000000,-120.000000,-120.000000,-120.000000,-120.000000,-120.000000,-120.000000,-120.000000,-120.000000,-120.000000,-120.000000,-120.000000,-120.000000,-120.000000,-120.000000,-120.000000,-120.000000,-120.000000,-120.000000,-120.000000,-120.000000,-120.000000,-120.000000,-120.000000,-120.000000,-120.000000,-120.000000,-120.000000,-120.000000,-120.000000,-120.000000,-120.000000,-120.000000,-120.000000,-120.000000,-120.000000,-120.000000,-120.000000,-120.000000,-120.000000,-120.000000,-120.000000,-120.000000,-120.000000,-120.000000,-120.000000,-120.000000,-120.000000,-120.000000,-120.000000,-120.000000,-120.000000,-120.000000,-120.000000,-120.000000,-120.000000,-120.000000,-120.000000,-120.000000,-120.000000,-120.000000,-120.000000,-120.000000,-120.000000,-120.000000,-120.000000,-120.000000,-120.000000,-120.000000,-120.000000,-120.000000,-120.000000,-120.000000,-120.000000,-120.000000,-120.000000,-120.000000,-120.000000,-120.000000,-120.000000,-120.000000,-120.000000,-120.000000,-120.000000,-120.000000,-120.000000,-120.000000,-120.000000,-120.000000,-120.000000,-120.000000,-120.000000,-120.000000,-120.000000,-120.000000,-120.000000,-120.000000,-120.000000,-120.000000,-120.000000,-120.000000,-120.000000,-120.000000,-120.000000,-120.000000,-120.000000,-120.000000,-120.000000,-120.000000,-120.000000,-120.000000,-120.000000,-120.000000,-120.000000,-120.000000,-120.000000,-120.000000,-120.000000,-120.000000,-120.000000,-120.000000,-120.000000,-120.000000,-120.000000,-120.000000,-120.000000,-120.000000,-120.000000,-120.000000,-120.000000,-120.000000,-120.000000,-120.000000,-120.000000,-120.000000,-120.000000,-120.000000,-120.000000,-120.000000,-120.000000,-120.000000,-120.000000,-120.000000,-120.000000,-120.000000,-120.000000,-120.000000,-120.000000,-120.000000,-120.000000,-120.000000,-120.000000,-120.000000,-120.000000,-120.000000
[0;32mI (11990) ANALISIS_ESPECTRO: Frame exportado | t=11.23 s | pico=78.1 Hz | -120.0 dB[0m
SPECTRUM_FRAME,12.252337,78.125000,-120.000000,hann,512,-120.000000,-120.000000,-120.000000,-120.000000,-120.000000,-120.000000,-120.000000,-120.000000,-120.000000,-120.000000,-120.000000,-120.000000,-120.000000,-120.000000,-120.000000,-120.000000,-120.000000,-120.000000,-120.000000,-120.000000,-120.000000,-120.000000,-120.000000,-120.000000,-120.000000,-120.000000,-120.000000,-120.000000,-120.000000,-120.000000,-120.000000,-120.000000,-120.000000,-120.000000,-120.000000,-120.000000,-120.000000,-120.000000,-120.000000,-120.000000,-120.000000,-120.000000,-120.000000,-120.000000,-120.000000,-120.000000,-120.000000,-120.000000,-120.000000,-120.000000,-120.000000,-120.000000,-120.000000,-120.000000,-120.000000,-120.000000,-120.000000,-120.000000,-120.000000,-120.000000,-120.000000,-120.000000,-120.000000,-120.000000,-120.000000,-120.000000,-120.000000,-120.000000,-120.000000,-120.000000,-120.000000,-120.000000,-120.000000,-120.000000,-120.000000,-120.000000,-120.000000,-120.000000,-120.000000,-120.000000,-120.000000,-120.000000,-120.000000,-120.000000,-120.000000,-120.000000,-120.000000,-120.000000,-120.000000,-120.000000,-120.000000,-120.000000,-120.000000,-120.000000,-120.000000,-120.000000,-120.000000,-120.000000,-120.000000,-120.000000,-120.000000,-120.000000,-120.000000,-120.000000,-120.000000,-120.000000,-120.000000,-120.000000,-120.000000,-120.000000,-120.000000,-120.000000,-120.000000,-120.000000,-120.000000,-120.000000,-120.000000,-120.000000,-120.000000,-120.000000,-120.000000,-120.000000,-120.000000,-120.000000,-120.000000,-120.000000,-120.000000,-120.000000,-120.000000,-120.000000,-120.000000,-120.000000,-120.000000,-120.000000,-120.000000,-120.000000,-120.000000,-120.000000,-120.000000,-120.000000,-120.000000,-120.000000,-120.000000,-120.000000,-120.000000,-120.000000,-120.000000,-120.000000,-120.000000,-120.000000,-120.000000,-120.000000,-120.000000,-120.000000,-120.000000,-120.000000,-120.000000,-120.000000,-120.000000,-120.000000,-120.000000,-120.000000,-120.000000,-120.000000,-120.000000,-120.000000,-120.000000,-120.000000,-120.000000,-120.000000,-120.000000,-120.000000,-120.000000,-120.000000,-120.000000,-120.000000,-120.000000,-120.000000,-120.000000,-120.000000,-120.000000,-120.000000,-120.000000,-120.000000,-120.000000,-120.000000,-120.000000,-120.000000,-120.000000,-120.000000,-120.000000,-120.000000,-120.000000,-120.000000,-120.000000,-120.000000,-120.000000,-120.000000,-120.000000,-120.000000,-120.000000,-120.000000,-120.000000,-120.000000,-120.000000,-120.000000,-120.000000,-120.000000,-120.000000,-120.000000,-120.000000,-120.000000,-120.000000,-120.000000,-120.000000,-120.000000,-120.000000,-120.000000,-120.000000,-120.000000,-120.000000,-120.000000,-120.000000,-120.000000,-120.000000,-120.000000,-120.000000,-120.000000,-120.000000,-120.000000,-120.000000,-120.000000,-120.000000,-120.000000,-120.000000,-120.000000,-120.000000,-120.000000,-120.000000,-120.000000,-120.000000,-120.000000,-120.000000,-120.000000,-120.000000,-120.000000,-120.000000,-120.000000,-120.000000,-120.000000,-120.000000,-120.000000,-120.000000,-120.000000,-120.000000,-120.000000,-120.000000,-120.000000,-120.000000,-120.000000,-120.000000,-120.000000,-120.000000,-120.000000,-120.000000,-120.000000,-120.000000,-120.000000,-120.000000,-120.000000,-120.000000,-120.000000,-120.000000,-120.000000,-120.000000,-120.000000,-120.000000,-120.000000,-120.000000,-120.000000,-120.000000,-120.000000,-120.000000,-120.000000,-120.000000,-120.000000,-120.000000,-120.000000,-120.000000,-120.000000,-120.000000,-120.000000,-120.000000,-120.000000,-120.000000,-120.000000,-120.000000,-120.000000,-120.000000,-120.000000,-120.000000,-120.000000,-120.000000,-120.000000,-120.000000,-120.000000,-120.000000,-120.000000,-120.000000,-120.000000,-120.000000,-120.000000,-120.000000,-120.000000,-120.000000,-120.000000,-120.000000,-120.000000,-120.000000,-120.000000,-120.000000,-120.000000,-120.000000,-120.000000,-120.000000,-120.000000,-120.000000,-120.000000,-120.000000,-120.000000,-120.000000,-120.000000,-120.000000,-120.000000,-120.000000,-120.000000,-120.000000,-120.000000,-120.000000,-120.000000,-120.000000,-120.000000,-120.000000,-120.000000,-120.000000,-120.000000,-120.000000,-120.000000,-120.000000,-120.000000,-120.000000,-120.000000,-120.000000,-120.000000,-120.000000,-120.000000,-120.000000,-120.000000,-120.000000,-120.000000,-120.000000,-120.000000,-120.000000,-120.000000,-120.000000,-120.000000,-120.000000,-120.000000,-120.000000,-120.000000,-120.000000,-120.000000,-120.000000,-120.000000,-120.000000,-120.000000,-120.000000,-120.000000,-120.000000,-120.000000,-120.000000,-120.000000,-120.000000,-120.000000,-120.000000,-120.000000,-120.000000,-120.000000,-120.000000,-120.000000,-120.000000,-120.000000,-120.000000,-120.000000,-120.000000,-120.000000,-120.000000,-120.000000,-120.000000,-120.000000,-120.000000,-120.000000,-120.000000,-120.000000,-120.000000,-120.000000,-120.000000,-120.000000,-120.000000,-120.000000,-120.000000,-120.000000,-120.000000,-120.000000,-120.000000,-120.000000,-120.000000,-120.000000,-120.000000,-120.000000,-120.000000,-120.000000,-120.000000,-120.000000,-120.000000,-120.000000,-120.000000,-120.000000,-120.000000,-120.000000,-120.000000,-120.000000,-120.000000,-120.000000,-120.000000,-120.000000,-120.000000,-120.000000,-120.000000,-120.000000,-120.000000,-120.000000,-120.000000,-120.000000,-120.000000,-120.000000,-120.000000,-120.000000,-120.000000,-120.000000,-120.000000,-120.000000,-120.000000,-120.000000,-120.000000,-120.000000,-120.000000,-120.000000,-120.000000,-120.000000,-120.000000,-120.000000,-120.000000,-120.000000,-120.000000,-120.000000,-120.000000,-120.000000,-120.000000,-120.000000,-120.000000,-120.000000,-120.000000,-120.000000,-120.000000,-120.000000,-120.000000,-120.000000,-120.000000,-120.000000,-120.000000,-120.000000,-120.000000,-120.000000,-120.000000,-120.000000,-120.000000,-120.000000,-120.000000,-120.000000,-120.000000,-120.000000,-120.000000,-120.000000,-120.000000,-120.000000,-120.000000,-120.000000,-120.000000,-120.000000,-120.000000,-120.000000,-120.000000,-120.000000,-120.000000,-120.000000,-120.000000,-120.000000,-120.000000,-120.000000,-120.000000,-120.000000
[0;32mI (13010) ANALISIS_ESPECTRO: Frame exportado | t=12.25 s | pico=78.1 Hz | -120.0 dB[0m
SPECTRUM_FRAME,13.274698,78.125000,-120.000000,hann,512,-120.000000,-120.000000,-120.000000,-120.000000,-120.000000,-120.000000,-120.000000,-120.000000,-120.000000,-120.000000,-120.000000,-120.000000,-120.000000,-120.000000,-120.000000,-120.000000,-120.000000,-120.000000,-120.000000,-120.000000,-120.000000,-120.000000,-120.000000,-120.000000,-120.000000,-120.000000,-120.000000,-120.000000,-120.000000,-120.000000,-120.000000,-120.000000,-120.000000,-120.000000,-120.000000,-120.000000,-120.000000,-120.000000,-120.000000,-120.000000,-120.000000,-120.000000,-120.000000,-120.000000,-120.000000,-120.000000,-120.000000,-120.000000,-120.000000,-120.000000,-120.000000,-120.000000,-120.000000,-120.000000,-120.000000,-120.000000,-120.000000,-120.000000,-120.000000,-120.000000,-120.000000,-120.000000,-120.000000,-120.000000,-120.000000,-120.000000,-120.000000,-120.000000,-120.000000,-120.000000,-120.000000,-120.000000,-120.000000,-120.000000,-120.000000,-120.000000,-120.000000,-120.000000,-120.000000,-120.000000,-120.000000,-120.000000,-120.000000,-120.000000,-120.000000,-120.000000,-120.000000,-120.000000,-120.000000,-120.000000,-120.000000,-120.000000,-120.000000,-120.000000,-120.000000,-120.000000,-120.000000,-120.000000,-120.000000,-120.000000,-120.000000,-120.000000,-120.000000,-120.000000,-120.000000,-120.000000,-120.000000,-120.000000,-120.000000,-120.000000,-120.000000,-120.000000,-120.000000,-120.000000,-120.000000,-120.000000,-120.000000,-120.000000,-120.000000,-120.000000,-120.000000,-120.000000,-120.000000,-120.000000,-120.000000,-120.000000,-120.000000,-120.000000,-120.000000,-120.000000,-120.000000,-120.000000,-120.000000,-120.000000,-120.000000,-120.000000,-120.000000,-120.000000,-120.000000,-120.000000,-120.000000,-120.000000,-120.000000,-120.000000,-120.000000,-120.000000,-120.000000,-120.000000,-120.000000,-120.000000,-120.000000,-120.000000,-120.000000,-120.000000,-120.000000,-120.000000,-120.000000,-120.000000,-120.000000,-120.000000,-120.000000,-120.000000,-120.000000,-120.000000,-120.000000,-120.000000,-120.000000,-120.000000,-120.000000,-120.000000,-120.000000,-120.000000,-120.000000,-120.000000,-120.000000,-120.000000,-120.000000,-120.000000,-120.000000,-120.000000,-120.000000,-120.000000,-120.000000,-120.000000,-120.000000,-120.000000,-120.000000,-120.000000,-120.000000,-120.000000,-120.000000,-120.000000,-120.000000,-120.000000,-120.000000,-120.000000,-120.000000,-120.000000,-120.000000,-120.000000,-120.000000,-120.000000,-120.000000,-120.000000,-120.000000,-120.000000,-120.000000,-120.000000,-120.000000,-120.000000,-120.000000,-120.000000,-120.000000,-120.000000,-120.000000,-120.000000,-120.000000,-120.000000,-120.000000,-120.000000,-120.000000,-120.000000,-120.000000,-120.000000,-120.000000,-120.000000,-120.000000,-120.000000,-120.000000,-120.000000,-120.000000,-120.000000,-120.000000,-120.000000,-120.000000,-120.000000,-120.000000,-120.000000,-120.000000,-120.000000,-120.000000,-120.000000,-120.000000,-120.000000,-120.000000,-120.000000,-120.000000,-120.000000,-120.000000,-120.000000,-120.000000,-120.000000,-120.000000,-120.000000,-120.000000,-120.000000,-120.000000,-120.000000,-120.000000,-120.000000,-120.000000,-120.000000,-120.000000,-120.000000,-120.000000,-120.000000,-120.000000,-120.000000,-120.000000,-120.000000,-120.000000,-120.000000,-120.000000,-120.000000,-120.000000,-120.000000,-120.000000,-120.000000,-120.000000,-120.000000,-120.000000,-120.000000,-120.000000,-120.000000,-120.000000,-120.000000,-120.000000,-120.000000,-120.000000,-120.000000,-120.000000,-120.000000,-120.000000,-120.000000,-120.000000,-120.000000,-120.000000,-120.000000,-120.000000,-120.000000,-120.000000,-120.000000,-120.000000,-120.000000,-120.000000,-120.000000,-120.000000,-120.000000,-120.000000,-120.000000,-120.000000,-120.000000,-120.000000,-120.000000,-120.000000,-120.000000,-120.000000,-120.000000,-120.000000,-120.000000,-120.000000,-120.000000,-120.000000,-120.000000,-120.000000,-120.000000,-120.000000,-120.000000,-120.000000,-120.000000,-120.000000,-120.000000,-120.000000,-120.000000,-120.000000,-120.000000,-120.000000,-120.000000,-120.000000,-120.000000,-120.000000,-120.000000,-120.000000,-120.000000,-120.000000,-120.000000,-120.000000,-120.000000,-120.000000,-120.000000,-120.000000,-120.000000,-120.000000,-120.000000,-120.000000,-120.000000,-120.000000,-120.000000,-120.000000,-120.000000,-120.000000,-120.000000,-120.000000,-120.000000,-120.000000,-120.000000,-120.000000,-120.000000,-120.000000,-120.000000,-120.000000,-120.000000,-120.000000,-120.000000,-120.000000,-120.000000,-120.000000,-120.000000,-120.000000,-120.000000,-120.000000,-120.000000,-120.000000,-120.000000,-120.000000,-120.000000,-120.000000,-120.000000,-120.000000,-120.000000,-120.000000,-120.000000,-120.000000,-120.000000,-120.000000,-120.000000,-120.000000,-120.000000,-120.000000,-120.000000,-120.000000,-120.000000,-120.000000,-120.000000,-120.000000,-120.000000,-120.000000,-120.000000,-120.000000,-120.000000,-120.000000,-120.000000,-120.000000,-120.000000,-120.000000,-120.000000,-120.000000,-120.000000,-120.000000,-120.000000,-120.000000,-120.000000,-120.000000,-120.000000,-120.000000,-120.000000,-120.000000,-120.000000,-120.000000,-120.000000,-120.000000,-120.000000,-120.000000,-120.000000,-120.000000,-120.000000,-120.000000,-120.000000,-120.000000,-120.000000,-120.000000,-120.000000,-120.000000,-120.000000,-120.000000,-120.000000,-120.000000,-120.000000,-120.000000,-120.000000,-120.000000,-120.000000,-120.000000,-120.000000,-120.000000,-120.000000,-120.000000,-120.000000,-120.000000,-120.000000,-120.000000,-120.000000,-120.000000,-120.000000,-120.000000,-120.000000,-120.000000,-120.000000,-120.000000,-120.000000,-120.000000,-120.000000,-120.000000,-120.000000,-120.000000,-120.000000,-120.000000,-120.000000,-120.000000,-120.000000,-120.000000,-120.000000,-120.000000,-120.000000,-120.000000,-120.000000,-120.000000,-120.000000,-120.000000,-120.000000,-120.000000,-120.000000,-120.000000,-120.000000,-120.000000,-120.000000,-120.000000,-120.000000,-120.000000,-120.000000,-120.000000,-120.000000,-120.000000,-120.000000,-120.000000,-120.000000,-120.000000,-120.000000,-120.000000,-120.000000,-120.000000,-120.000000
[0;32mI (14030) ANALISIS_ESPECTRO: Frame exportado | t=13.27 s | pico=78.1 Hz | -120.0 dB[0m
SPECTRUM_FRAME,14.297069,78.125000,-120.000000,hann,512,-120.000000,-120.000000,-120.000000,-120.000000,-120.000000,-120.000000,-120.000000,-120.000000,-120.000000,-120.000000,-120.000000,-120.000000,-120.000000,-120.000000,-120.000000,-120.000000,-120.000000,-120.000000,-120.000000,-120.000000,-120.000000,-120.000000,-120.000000,-120.000000,-120.000000,-120.000000,-120.000000,-120.000000,-120.000000,-120.000000,-120.000000,-120.000000,-120.000000,-120.000000,-120.000000,-120.000000,-120.000000,-120.000000,-120.000000,-120.000000,-120.000000,-120.000000,-120.000000,-120.000000,-120.000000,-120.000000,-120.000000,-120.000000,-120.000000,-120.000000,-120.000000,-120.000000,-120.000000,-120.000000,-120.000000,-120.000000,-120.000000,-120.000000,-120.000000,-120.000000,-120.000000,-120.000000,-120.000000,-120.000000,-120.000000,-120.000000,-120.000000,-120.000000,-120.000000,-120.000000,-120.000000,-120.000000,-120.000000,-120.000000,-120.000000,-120.000000,-120.000000,-120.000000,-120.000000,-120.000000,-120.000000,-120.000000,-120.000000,-120.000000,-120.000000,-120.000000,-120.000000,-120.000000,-120.000000,-120.000000,-120.000000,-120.000000,-120.000000,-120.000000,-120.000000,-120.000000,-120.000000,-120.000000,-120.000000,-120.000000,-120.000000,-120.000000,-120.000000,-120.000000,-120.000000,-120.000000,-120.000000,-120.000000,-120.000000,-120.000000,-120.000000,-120.000000,-120.000000,-120.000000,-120.000000,-120.000000,-120.000000,-120.000000,-120.000000,-120.000000,-120.000000,-120.000000,-120.000000,-120.000000,-120.000000,-120.000000,-120.000000,-120.000000,-120.000000,-120.000000,-120.000000,-120.000000,-120.000000,-120.000000,-120.000000,-120.000000,-120.000000,-120.000000,-120.000000,-120.000000,-120.000000,-120.000000,-120.000000,-120.000000,-120.000000,-120.000000,-120.000000,-120.000000,-120.000000,-120.000000,-120.000000,-120.000000,-120.000000,-120.000000,-120.000000,-120.000000,-120.000000,-120.000000,-120.000000,-120.000000,-120.000000,-120.000000,-120.000000,-120.000000,-120.000000,-120.000000,-120.000000,-120.000000,-120.000000,-120.000000,-120.000000,-120.000000,-120.000000,-120.000000,-120.000000,-120.000000,-120.000000,-120.000000,-120.000000,-120.000000,-120.000000,-120.000000,-120.000000,-120.000000,-120.000000,-120.000000,-120.000000,-120.000000,-120.000000,-120.000000,-120.000000,-120.000000,-120.000000,-120.000000,-120.000000,-120.000000,-120.000000,-120.000000,-120.000000,-120.000000,-120.000000,-120.000000,-120.000000,-120.000000,-120.000000,-120.000000,-120.000000,-120.000000,-120.000000,-120.000000,-120.000000,-120.000000,-120.000000,-120.000000,-120.000000,-120.000000,-120.000000,-120.000000,-120.000000,-120.000000,-120.000000,-120.000000,-120.000000,-120.000000,-120.000000,-120.000000,-120.000000,-120.000000,-120.000000,-120.000000,-120.000000,-120.000000,-120.000000,-120.000000,-120.000000,-120.000000,-120.000000,-120.000000,-120.000000,-120.000000,-120.000000,-120.000000,-120.000000,-120.000000,-120.000000,-120.000000,-120.000000,-120.000000,-120.000000,-120.000000,-120.000000,-120.000000,-120.000000,-120.000000,-120.000000,-120.000000,-120.000000,-120.000000,-120.000000,-120.000000,-120.000000,-120.000000,-120.000000,-120.000000,-120.000000,-120.000000,-120.000000,-120.000000,-120.000000,-120.000000,-120.000000,-120.000000,-120.000000,-120.000000,-120.000000,-120.000000,-120.000000,-120.000000,-120.000000,-120.000000,-120.000000,-120.000000,-120.000000,-120.000000,-120.000000,-120.000000,-120.000000,-120.000000,-120.000000,-120.000000,-120.000000,-120.000000,-120.000000,-120.000000,-120.000000,-120.000000,-120.000000,-120.000000,-120.000000,-120.000000,-120.000000,-120.000000,-120.000000,-120.000000,-120.000000,-120.000000,-120.000000,-120.000000,-120.000000,-120.000000,-120.000000,-120.000000,-120.000000,-120.000000,-120.000000,-120.000000,-120.000000,-120.000000,-120.000000,-120.000000,-120.000000,-120.000000,-120.000000,-120.000000,-120.000000,-120.000000,-120.000000,-120.000000,-120.000000,-120.000000,-120.000000,-120.000000,-120.000000,-120.000000,-120.000000,-120.000000,-120.000000,-120.000000,-120.000000,-120.000000,-120.000000,-120.000000,-120.000000,-120.000000,-120.000000,-120.000000,-120.000000,-120.000000,-120.000000,-120.000000,-120.000000,-120.000000,-120.000000,-120.000000,-120.000000,-120.000000,-120.000000,-120.000000,-120.000000,-120.000000,-120.000000,-120.000000,-120.000000,-120.000000,-120.000000,-120.000000,-120.000000,-120.000000,-120.000000,-120.000000,-120.000000,-120.000000,-120.000000,-120.000000,-120.000000,-120.000000,-120.000000,-120.000000,-120.000000,-120.000000,-120.000000,-120.000000,-120.000000,-120.000000,-120.000000,-120.000000,-120.000000,-120.000000,-120.000000,-120.000000,-120.000000,-120.000000,-120.000000,-120.000000,-120.000000,-120.000000,-120.000000,-120.000000,-120.000000,-120.000000,-120.000000,-120.000000,-120.000000,-120.000000,-120.000000,-120.000000,-120.000000,-120.000000,-120.000000,-120.000000,-120.000000,-120.000000,-120.000000,-120.000000,-120.000000,-120.000000,-120.000000,-120.000000,-120.000000,-120.000000,-120.000000,-120.000000,-120.000000,-120.000000,-120.000000,-120.000000,-120.000000,-120.000000,-120.000000,-120.000000,-120.000000,-120.000000,-120.000000,-120.000000,-120.000000,-120.000000,-120.000000,-120.000000,-120.000000,-120.000000,-120.000000,-120.000000,-120.000000,-120.000000,-120.000000,-120.000000,-120.000000,-120.000000,-120.000000,-120.000000,-120.000000,-120.000000,-120.000000,-120.000000,-120.000000,-120.000000,-120.000000,-120.000000,-120.000000,-120.000000,-120.000000,-120.000000,-120.000000,-120.000000,-120.000000,-120.000000,-120.000000,-120.000000,-120.000000,-120.000000,-120.000000,-120.000000,-120.000000,-120.000000,-120.000000,-120.000000,-120.000000,-120.000000,-120.000000,-120.000000,-120.000000,-120.000000,-120.000000,-120.000000,-120.000000,-120.000000,-120.000000,-120.000000,-120.000000,-120.000000,-120.000000,-120.000000,-120.000000,-120.000000,-120.000000,-120.000000,-120.000000,-120.000000,-120.000000,-120.000000,-120.000000,-120.000000,-120.000000,-120.000000,-120.000000,-120.000000,-120.000000,-120.000000,-120.000000,-120.000000,-120.000000,-120.000000
[0;32mI (15050) ANALISIS_ESPECTRO: Frame exportado | t=14.30 s | pico=78.1 Hz | -120.0 dB[0m
SPECTRUM_FRAME,15.319421,78.125000,-120.000000,hann,512,-120.000000,-120.000000,-120.000000,-120.000000,-120.000000,-120.000000,-120.000000,-120.000000,-120.000000,-120.000000,-120.000000,-120.000000,-120.000000,-120.000000,-120.000000,-120.000000,-120.000000,-120.000000,-120.000000,-120.000000,-120.000000,-120.000000,-120.000000,-120.000000,-120.000000,-120.000000,-120.000000,-120.000000,-120.000000,-120.000000,-120.000000,-120.000000,-120.000000,-120.000000,-120.000000,-120.000000,-120.000000,-120.000000,-120.000000,-120.000000,-120.000000,-120.000000,-120.000000,-120.000000,-120.000000,-120.000000,-120.000000,-120.000000,-120.000000,-120.000000,-120.000000,-120.000000,-120.000000,-120.000000,-120.000000,-120.000000,-120.000000,-120.000000,-120.000000,-120.000000,-120.000000,-120.000000,-120.000000,-120.000000,-120.000000,-120.000000,-120.000000,-120.000000,-120.000000,-120.000000,-120.000000,-120.000000,-120.000000,-120.000000,-120.000000,-120.000000,-120.000000,-120.000000,-120.000000,-120.000000,-120.000000,-120.000000,-120.000000,-120.000000,-120.000000,-120.000000,-120.000000,-120.000000,-120.000000,-120.000000,-120.000000,-120.000000,-120.000000,-120.000000,-120.000000,-120.000000,-120.000000,-120.000000,-120.000000,-120.000000,-120.000000,-120.000000,-120.000000,-120.000000,-120.000000,-120.000000,-120.000000,-120.000000,-120.000000,-120.000000,-120.000000,-120.000000,-120.000000,-120.000000,-120.000000,-120.000000,-120.000000,-120.000000,-120.000000,-120.000000,-120.000000,-120.000000,-120.000000,-120.000000,-120.000000,-120.000000,-120.000000,-120.000000,-120.000000,-120.000000,-120.000000,-120.000000,-120.000000,-120.000000,-120.000000,-120.000000,-120.000000,-120.000000,-120.000000,-120.000000,-120.000000,-120.000000,-120.000000,-120.000000,-120.000000,-120.000000,-120.000000,-120.000000,-120.000000,-120.000000,-120.000000,-120.000000,-120.000000,-120.000000,-120.000000,-120.000000,-120.000000,-120.000000,-120.000000,-120.000000,-120.000000,-120.000000,-120.000000,-120.000000,-120.000000,-120.000000,-120.000000,-120.000000,-120.000000,-120.000000,-120.000000,-120.000000,-120.000000,-120.000000,-120.000000,-120.000000,-120.000000,-120.000000,-120.000000,-120.000000,-120.000000,-120.000000,-120.000000,-120.000000,-120.000000,-120.000000,-120.000000,-120.000000,-120.000000,-120.000000,-120.000000,-120.000000,-120.000000,-120.000000,-120.000000,-120.000000,-120.000000,-120.000000,-120.000000,-120.000000,-120.000000,-120.000000,-120.000000,-120.000000,-120.000000,-120.000000,-120.000000,-120.000000,-120.000000,-120.000000,-120.000000,-120.000000,-120.000000,-120.000000,-120.000000,-120.000000,-120.000000,-120.000000,-120.000000,-120.000000,-120.000000,-120.000000,-120.000000,-120.000000,-120.000000,-120.000000,-120.000000,-120.000000,-120.000000,-120.000000,-120.000000,-120.000000,-120.000000,-120.000000,-120.000000,-120.000000,-120.000000,-120.000000,-120.000000,-120.000000,-120.000000,-120.000000,-120.000000,-120.000000,-120.000000,-120.000000,-120.000000,-120.000000,-120.000000,-120.000000,-120.000000,-120.000000,-120.000000,-120.000000,-120.000000,-120.000000,-120.000000,-120.000000,-120.000000,-120.000000,-120.000000,-120.000000,-120.000000,-120.000000,-120.000000,-120.000000,-120.000000,-120.000000,-120.000000,-120.000000,-120.000000,-120.000000,-120.000000,-120.000000,-120.000000,-120.000000,-120.000000,-120.000000,-120.000000,-120.000000,-120.000000,-120.000000,-120.000000,-120.000000,-120.000000,-120.000000,-120.000000,-120.000000,-120.000000,-120.000000,-120.000000,-120.000000,-120.000000,-120.000000,-120.000000,-120.000000,-120.000000,-120.000000,-120.000000,-120.000000,-120.000000,-120.000000,-120.000000,-120.000000,-120.000000,-120.000000,-120.000000,-120.000000,-120.000000,-120.000000,-120.000000,-120.000000,-120.000000,-120.000000,-120.000000,-120.000000,-120.000000,-120.000000,-120.000000,-120.000000,-120.000000,-120.000000,-120.000000,-120.000000,-120.000000,-120.000000,-120.000000,-120.000000,-120.000000,-120.000000,-120.000000,-120.000000,-120.000000,-120.000000,-120.000000,-120.000000,-120.000000,-120.000000,-120.000000,-120.000000,-120.000000,-120.000000,-120.000000,-120.000000,-120.000000,-120.000000,-120.000000,-120.000000,-120.000000,-120.000000,-120.000000,-120.000000,-120.000000,-120.000000,-120.000000,-120.000000,-120.000000,-120.000000,-120.000000,-120.000000,-120.000000,-120.000000,-120.000000,-120.000000,-120.000000,-120.000000,-120.000000,-120.000000,-120.000000,-120.000000,-120.000000,-120.000000,-120.000000,-120.000000,-120.000000,-120.000000,-120.000000,-120.000000,-120.000000,-120.000000,-120.000000,-120.000000,-120.000000,-120.000000,-120.000000,-120.000000,-120.000000,-120.000000,-120.000000,-120.000000,-120.000000,-120.000000,-120.000000,-120.000000,-120.000000,-120.000000,-120.000000,-120.000000,-120.000000,-120.000000,-120.000000,-120.000000,-120.000000,-120.000000,-120.000000,-120.000000,-120.000000,-120.000000,-120.000000,-120.000000,-120.000000,-120.000000,-120.000000,-120.000000,-120.000000,-120.000000,-120.000000,-120.000000,-120.000000,-120.000000,-120.000000,-120.000000,-120.000000,-120.000000,-120.000000,-120.000000,-120.000000,-120.000000,-120.000000,-120.000000,-120.000000,-120.000000,-120.000000,-120.000000,-120.000000,-120.000000,-120.000000,-120.000000,-120.000000,-120.000000,-120.000000,-120.000000,-120.000000,-120.000000,-120.000000,-120.000000,-120.000000,-120.000000,-120.000000,-120.000000,-120.000000,-120.000000,-120.000000,-120.000000,-120.000000,-120.000000,-120.000000,-120.000000,-120.000000,-120.000000,-120.000000,-120.000000,-120.000000,-120.000000,-120.000000,-120.000000,-120.000000,-120.000000,-120.000000,-120.000000,-120.000000,-120.000000,-120.000000,-120.000000,-120.000000,-120.000000,-120.000000,-120.000000,-120.000000,-120.000000,-120.000000,-120.000000,-120.000000,-120.000000,-120.000000,-120.000000,-120.000000,-120.000000,-120.000000,-120.000000,-120.000000,-120.000000,-120.000000,-120.000000,-120.000000,-120.000000,-120.000000,-120.000000,-120.000000,-120.000000,-120.000000,-120.000000,-120.000000,-120.000000,-120.000000,-120.000000,-120.000000,-120.000000,-120.000000,-120.000000,-120.000000,-120.000000
[0;32mI (16080) ANALISIS_ESPECTRO: Frame exportado | t=15.32 s | pico=78.1 Hz | -120.0 dB[0m
SPECTRUM_FRAME,16.341783,78.125000,-120.000000,hann,512,-120.000000,-120.000000,-120.000000,-120.000000,-120.000000,-120.000000,-120.000000,-120.000000,-120.000000,-120.000000,-120.000000,-120.000000,-120.000000,-120.000000,-120.000000,-120.000000,-120.000000,-120.000000,-120.000000,-120.000000,-120.000000,-120.000000,-120.000000,-120.000000,-120.000000,-120.000000,-120.000000,-120.000000,-120.000000,-120.000000,-120.000000,-120.000000,-120.000000,-120.000000,-120.000000,-120.000000,-120.000000,-120.000000,-120.000000,-120.000000,-120.000000,-120.000000,-120.000000,-120.000000,-120.000000,-120.000000,-120.000000,-120.000000,-120.000000,-120.000000,-120.000000,-120.000000,-120.000000,-120.000000,-120.000000,-120.000000,-120.000000,-120.000000,-120.000000,-120.000000,-120.000000,-120.000000,-120.000000,-120.000000,-120.000000,-120.000000,-120.000000,-120.000000,-120.000000,-120.000000,-120.000000,-120.000000,-120.000000,-120.000000,-120.000000,-120.000000,-120.000000,-120.000000,-120.000000,-120.000000,-120.000000,-120.000000,-120.000000,-120.000000,-120.000000,-120.000000,-120.000000,-120.000000,-120.000000,-120.000000,-120.000000,-120.000000,-120.000000,-120.000000,-120.000000,-120.000000,-120.000000,-120.000000,-120.000000,-120.000000,-120.000000,-120.000000,-120.000000,-120.000000,-120.000000,-120.000000,-120.000000,-120.000000,-120.000000,-120.000000,-120.000000,-120.000000,-120.000000,-120.000000,-120.000000,-120.000000,-120.000000,-120.000000,-120.000000,-120.000000,-120.000000,-120.000000,-120.000000,-120.000000,-120.000000,-120.000000,-120.000000,-120.000000,-120.000000,-120.000000,-120.000000,-120.000000,-120.000000,-120.000000,-120.000000,-120.000000,-120.000000,-120.000000,-120.000000,-120.000000,-120.000000,-120.000000,-120.000000,-120.000000,-120.000000,-120.000000,-120.000000,-120.000000,-120.000000,-120.000000,-120.000000,-120.000000,-120.000000,-120.000000,-120.000000,-120.000000,-120.000000,-120.000000,-120.000000,-120.000000,-120.000000,-120.000000,-120.000000,-120.000000,-120.000000,-120.000000,-120.000000,-120.000000,-120.000000,-120.000000,-120.000000,-120.000000,-120.000000,-120.000000,-120.000000,-120.000000,-120.000000,-120.000000,-120.000000,-120.000000,-120.000000,-120.000000,-120.000000,-120.000000,-120.000000,-120.000000,-120.000000,-120.000000,-120.000000,-120.000000,-120.000000,-120.000000,-120.000000,-120.000000,-120.000000,-120.000000,-120.000000,-120.000000,-120.000000,-120.000000,-120.000000,-120.000000,-120.000000,-120.000000,-120.000000,-120.000000,-120.000000,-120.000000,-120.000000,-120.000000,-120.000000,-120.000000,-120.000000,-120.000000,-120.000000,-120.000000,-120.000000,-120.000000,-120.000000,-120.000000,-120.000000,-120.000000,-120.000000,-120.000000,-120.000000,-120.000000,-120.000000,-120.000000,-120.000000,-120.000000,-120.000000,-120.000000,-120.000000,-120.000000,-120.000000,-120.000000,-120.000000,-120.000000,-120.000000,-120.000000,-120.000000,-120.000000,-120.000000,-120.000000,-120.000000,-120.000000,-120.000000,-120.000000,-120.000000,-120.000000,-120.000000,-120.000000,-120.000000,-120.000000,-120.000000,-120.000000,-120.000000,-120.000000,-120.000000,-120.000000,-120.000000,-120.000000,-120.000000,-120.000000,-120.000000,-120.000000,-120.000000,-120.000000,-120.000000,-120.000000,-120.000000,-120.000000,-120.000000,-120.000000,-120.000000,-120.000000,-120.000000,-120.000000,-120.000000,-120.000000,-120.000000,-120.000000,-120.000000,-120.000000,-120.000000,-120.000000,-120.000000,-120.000000,-120.000000,-120.000000,-120.000000,-120.000000,-120.000000,-120.000000,-120.000000,-120.000000,-120.000000,-120.000000,-120.000000,-120.000000,-120.000000,-120.000000,-120.000000,-120.000000,-120.000000,-120.000000,-120.000000,-120.000000,-120.000000,-120.000000,-120.000000,-120.000000,-120.000000,-120.000000,-120.000000,-120.000000,-120.000000,-120.000000,-120.000000,-120.000000,-120.000000,-120.000000,-120.000000,-120.000000,-120.000000,-120.000000,-120.000000,-120.000000,-120.000000,-120.000000,-120.000000,-120.000000,-120.000000,-120.000000,-120.000000,-120.000000,-120.000000,-120.000000,-120.000000,-120.000000,-120.000000,-120.000000,-120.000000,-120.000000,-120.000000,-120.000000,-120.000000,-120.000000,-120.000000,-120.000000,-120.000000,-120.000000,-120.000000,-120.000000,-120.000000,-120.000000,-120.000000,-120.000000,-120.000000,-120.000000,-120.000000,-120.000000,-120.000000,-120.000000,-120.000000,-120.000000,-120.000000,-120.000000,-120.000000,-120.000000,-120.000000,-120.000000,-120.000000,-120.000000,-120.000000,-120.000000,-120.000000,-120.000000,-120.000000,-120.000000,-120.000000,-120.000000,-120.000000,-120.000000,-120.000000,-120.000000,-120.000000,-120.000000,-120.000000,-120.000000,-120.000000,-120.000000,-120.000000,-120.000000,-120.000000,-120.000000,-120.000000,-120.000000,-120.000000,-120.000000,-120.000000,-120.000000,-120.000000,-120.000000,-120.000000,-120.000000,-120.000000,-120.000000,-120.000000,-120.000000,-120.000000,-120.000000,-120.000000,-120.000000,-120.000000,-120.000000,-120.000000,-120.000000,-120.000000,-120.000000,-120.000000,-120.000000,-120.000000,-120.000000,-120.000000,-120.000000,-120.000000,-120.000000,-120.000000,-120.000000,-120.000000,-120.000000,-120.000000,-120.000000,-120.000000,-120.000000,-120.000000,-120.000000,-120.000000,-120.000000,-120.000000,-120.000000,-120.000000,-120.000000,-120.000000,-120.000000,-120.000000,-120.000000,-120.000000,-120.000000,-120.000000,-120.000000,-120.000000,-120.000000,-120.000000,-120.000000,-120.000000,-120.000000,-120.000000,-120.000000,-120.000000,-120.000000,-120.000000,-120.000000,-120.000000,-120.000000,-120.000000,-120.000000,-120.000000,-120.000000,-120.000000,-120.000000,-120.000000,-120.000000,-120.000000,-120.000000,-120.000000,-120.000000,-120.000000,-120.000000,-120.000000,-120.000000,-120.000000,-120.000000,-120.000000,-120.000000,-120.000000,-120.000000,-120.000000,-120.000000,-120.000000,-120.000000,-120.000000,-120.000000,-120.000000,-120.000000,-120.000000,-120.000000,-120.000000,-120.000000,-120.000000,-120.000000,-120.000000,-120.000000,-120.000000,-120.000000,-120.000000,-120.000000,-120.000000,-120.000000,-120.000000,-120.000000
[0;32mI (17100) ANALISIS_ESPECTRO: Frame exportado | t=16.34 s | pico=78.1 Hz | -120.0 dB[0m
SPECTRUM_FRAME,17.364145,78.125000,-120.000000,hann,512,-120.000000,-120.000000,-120.000000,-120.000000,-120.000000,-120.000000,-120.000000,-120.000000,-120.000000,-120.000000,-120.000000,-120.000000,-120.000000,-120.000000,-120.000000,-120.000000,-120.000000,-120.000000,-120.000000,-120.000000,-120.000000,-120.000000,-120.000000,-120.000000,-120.000000,-120.000000,-120.000000,-120.000000,-120.000000,-120.000000,-120.000000,-120.000000,-120.000000,-120.000000,-120.000000,-120.000000,-120.000000,-120.000000,-120.000000,-120.000000,-120.000000,-120.000000,-120.000000,-120.000000,-120.000000,-120.000000,-120.000000,-120.000000,-120.000000,-120.000000,-120.000000,-120.000000,-120.000000,-120.000000,-120.000000,-120.000000,-120.000000,-120.000000,-120.000000,-120.000000,-120.000000,-120.000000,-120.000000,-120.000000,-120.000000,-120.000000,-120.000000,-120.000000,-120.000000,-120.000000,-120.000000,-120.000000,-120.000000,-120.000000,-120.000000,-120.000000,-120.000000,-120.000000,-120.000000,-120.000000,-120.000000,-120.000000,-120.000000,-120.000000,-120.000000,-120.000000,-120.000000,-120.000000,-120.000000,-120.000000,-120.000000,-120.000000,-120.000000,-120.000000,-120.000000,-120.000000,-120.000000,-120.000000,-120.000000,-120.000000,-120.000000,-120.000000,-120.000000,-120.000000,-120.000000,-120.000000,-120.000000,-120.000000,-120.000000,-120.000000,-120.000000,-120.000000,-120.000000,-120.000000,-120.000000,-120.000000,-120.000000,-120.000000,-120.000000,-120.000000,-120.000000,-120.000000,-120.000000,-120.000000,-120.000000,-120.000000,-120.000000,-120.000000,-120.000000,-120.000000,-120.000000,-120.000000,-120.000000,-120.000000,-120.000000,-120.000000,-120.000000,-120.000000,-120.000000,-120.000000,-120.000000,-120.000000,-120.000000,-120.000000,-120.000000,-120.000000,-120.000000,-120.000000,-120.000000,-120.000000,-120.000000,-120.000000,-120.000000,-120.000000,-120.000000,-120.000000,-120.000000,-120.000000,-120.000000,-120.000000,-120.000000,-120.000000,-120.000000,-120.000000,-120.000000,-120.000000,-120.000000,-120.000000,-120.000000,-120.000000,-120.000000,-120.000000,-120.000000,-120.000000,-120.000000,-120.000000,-120.000000,-120.000000,-120.000000,-120.000000,-120.000000,-120.000000,-120.000000,-120.000000,-120.000000,-120.000000,-120.000000,-120.000000,-120.000000,-120.000000,-120.000000,-120.000000,-120.000000,-120.000000,-120.000000,-120.000000,-120.000000,-120.000000,-120.000000,-120.000000,-120.000000,-120.000000,-120.000000,-120.000000,-120.000000,-120.000000,-120.000000,-120.000000,-120.000000,-120.000000,-120.000000,-120.000000,-120.000000,-120.000000,-120.000000,-120.000000,-120.000000,-120.000000,-120.000000,-120.000000,-120.000000,-120.000000,-120.000000,-120.000000,-120.000000,-120.000000,-120.000000,-120.000000,-120.000000,-120.000000,-120.000000,-120.000000,-120.000000,-120.000000,-120.000000,-120.000000,-120.000000,-120.000000,-120.000000,-120.000000,-120.000000,-120.000000,-120.000000,-120.000000,-120.000000,-120.000000,-120.000000,-120.000000,-120.000000,-120.000000,-120.000000,-120.000000,-120.000000,-120.000000,-120.000000,-120.000000,-120.000000,-120.000000,-120.000000,-120.000000,-120.000000,-120.000000,-120.000000,-120.000000,-120.000000,-120.000000,-120.000000,-120.000000,-120.000000,-120.000000,-120.000000,-120.000000,-120.000000,-120.000000,-120.000000,-120.000000,-120.000000,-120.000000,-120.000000,-120.000000,-120.000000,-120.000000,-120.000000,-120.000000,-120.000000,-120.000000,-120.000000,-120.000000,-120.000000,-120.000000,-120.000000,-120.000000,-120.000000,-120.000000,-120.000000,-120.000000,-120.000000,-120.000000,-120.000000,-120.000000,-120.000000,-120.000000,-120.000000,-120.000000,-120.000000,-120.000000,-120.000000,-120.000000,-120.000000,-120.000000,-120.000000,-120.000000,-120.000000,-120.000000,-120.000000,-120.000000,-120.000000,-120.000000,-120.000000,-120.000000,-120.000000,-120.000000,-120.000000,-120.000000,-120.000000,-120.000000,-120.000000,-120.000000,-120.000000,-120.000000,-120.000000,-120.000000,-120.000000,-120.000000,-120.000000,-120.000000,-120.000000,-120.000000,-120.000000,-120.000000,-120.000000,-120.000000,-120.000000,-120.000000,-120.000000,-120.000000,-120.000000,-120.000000,-120.000000,-120.000000,-120.000000,-120.000000,-120.000000,-120.000000,-120.000000,-120.000000,-120.000000,-120.000000,-120.000000,-120.000000,-120.000000,-120.000000,-120.000000,-120.000000,-120.000000,-120.000000,-120.000000,-120.000000,-120.000000,-120.000000,-120.000000,-120.000000,-120.000000,-120.000000,-120.000000,-120.000000,-120.000000,-120.000000,-120.000000,-120.000000,-120.000000,-120.000000,-120.000000,-120.000000,-120.000000,-120.000000,-120.000000,-120.000000,-120.000000,-120.000000,-120.000000,-120.000000,-120.000000,-120.000000,-120.000000,-120.000000,-120.000000,-120.000000,-120.000000,-120.000000,-120.000000,-120.000000,-120.000000,-120.000000,-120.000000,-120.000000,-120.000000,-120.000000,-120.000000,-120.000000,-120.000000,-120.000000,-120.000000,-120.000000,-120.000000,-120.000000,-120.000000,-120.000000,-120.000000,-120.000000,-120.000000,-120.000000,-120.000000,-120.000000,-120.000000,-120.000000,-120.000000,-120.000000,-120.000000,-120.000000,-120.000000,-120.000000,-120.000000,-120.000000,-120.000000,-120.000000,-120.000000,-120.000000,-120.000000,-120.000000,-120.000000,-120.000000,-120.000000,-120.000000,-120.000000,-120.000000,-120.000000,-120.000000,-120.000000,-120.000000,-120.000000,-120.000000,-120.000000,-120.000000,-120.000000,-120.000000,-120.000000,-120.000000,-120.000000,-120.000000,-120.000000,-120.000000,-120.000000,-120.000000,-120.000000,-120.000000,-120.000000,-120.000000,-120.000000,-120.000000,-120.000000,-120.000000,-120.000000,-120.000000,-120.000000,-120.000000,-120.000000,-120.000000,-120.000000,-120.000000,-120.000000,-120.000000,-120.000000,-120.000000,-120.000000,-120.000000,-120.000000,-120.000000,-120.000000,-120.000000,-120.000000,-120.000000,-120.000000,-120.000000,-120.000000,-120.000000,-120.000000,-120.000000,-120.000000,-120.000000,-120.000000,-120.000000,-120.000000,-120.000000,-120.000000,-120.000000,-120.000000,-120.000000,-120.000000,-120.000000,-120.000000,-120.000000
[0;32mI (18120) ANALISIS_ESPECTRO: Frame exportado | t=17.36 s | pico=78.1 Hz | -120.0 dB[0m
SPECTRUM_FRAME,18.386515,78.125000,-120.000000,hann,512,-120.000000,-120.000000,-120.000000,-120.000000,-120.000000,-120.000000,-120.000000,-120.000000,-120.000000,-120.000000,-120.000000,-120.000000,-120.000000,-120.000000,-120.000000,-120.000000,-120.000000,-120.000000,-120.000000,-120.000000,-120.000000,-120.000000,-120.000000,-120.000000,-120.000000,-120.000000,-120.000000,-120.000000,-120.000000,-120.000000,-120.000000,-120.000000,-120.000000,-120.000000,-120.000000,-120.000000,-120.000000,-120.000000,-120.000000,-120.000000,-120.000000,-120.000000,-120.000000,-120.000000,-120.000000,-120.000000,-120.000000,-120.000000,-120.000000,-120.000000,-120.000000,-120.000000,-120.000000,-120.000000,-120.000000,-120.000000,-120.000000,-120.000000,-120.000000,-120.000000,-120.000000,-120.000000,-120.000000,-120.000000,-120.000000,-120.000000,-120.000000,-120.000000,-120.000000,-120.000000,-120.000000,-120.000000,-120.000000,-120.000000,-120.000000,-120.000000,-120.000000,-120.000000,-120.000000,-120.000000,-120.000000,-120.000000,-120.000000,-120.000000,-120.000000,-120.000000,-120.000000,-120.000000,-120.000000,-120.000000,-120.000000,-120.000000,-120.000000,-120.000000,-120.000000,-120.000000,-120.000000,-120.000000,-120.000000,-120.000000,-120.000000,-120.000000,-120.000000,-120.000000,-120.000000,-120.000000,-120.000000,-120.000000,-120.000000,-120.000000,-120.000000,-120.000000,-120.000000,-120.000000,-120.000000,-120.000000,-120.000000,-120.000000,-120.000000,-120.000000,-120.000000,-120.000000,-120.000000,-120.000000,-120.000000,-120.000000,-120.000000,-120.000000,-120.000000,-120.000000,-120.000000,-120.000000,-120.000000,-120.000000,-120.000000,-120.000000,-120.000000,-120.000000,-120.000000,-120.000000,-120.000000,-120.000000,-120.000000,-120.000000,-120.000000,-120.000000,-120.000000,-120.000000,-120.000000,-120.000000,-120.000000,-120.000000,-120.000000,-120.000000,-120.000000,-120.000000,-120.000000,-120.000000,-120.000000,-120.000000,-120.000000,-120.000000,-120.000000,-120.000000,-120.000000,-120.000000,-120.000000,-120.000000,-120.000000,-120.000000,-120.000000,-120.000000,-120.000000,-120.000000,-120.000000,-120.000000,-120.000000,-120.000000,-120.000000,-120.000000,-120.000000,-120.000000,-120.000000,-120.000000,-120.000000,-120.000000,-120.000000,-120.000000,-120.000000,-120.000000,-120.000000,-120.000000,-120.000000,-120.000000,-120.000000,-120.000000,-120.000000,-120.000000,-120.000000,-120.000000,-120.000000,-120.000000,-120.000000,-120.000000,-120.000000,-120.000000,-120.000000,-120.000000,-120.000000,-120.000000,-120.000000,-120.000000,-120.000000,-120.000000,-120.000000,-120.000000,-120.000000,-120.000000,-120.000000,-120.000000,-120.000000,-120.000000,-120.000000,-120.000000,-120.000000,-120.000000,-120.000000,-120.000000,-120.000000,-120.000000,-120.000000,-120.000000,-120.000000,-120.000000,-120.000000,-120.000000,-120.000000,-120.000000,-120.000000,-120.000000,-120.000000,-120.000000,-120.000000,-120.000000,-120.000000,-120.000000,-120.000000,-120.000000,-120.000000,-120.000000,-120.000000,-120.000000,-120.000000,-120.000000,-120.000000,-120.000000,-120.000000,-120.000000,-120.000000,-120.000000,-120.000000,-120.000000,-120.000000,-120.000000,-120.000000,-120.000000,-120.000000,-120.000000,-120.000000,-120.000000,-120.000000,-120.000000,-120.000000,-120.000000,-120.000000,-120.000000,-120.000000,-120.000000,-120.000000,-120.000000,-120.000000,-120.000000,-120.000000,-120.000000,-120.000000,-120.000000,-120.000000,-120.000000,-120.000000,-120.000000,-120.000000,-120.000000,-120.000000,-120.000000,-120.000000,-120.000000,-120.000000,-120.000000,-120.000000,-120.000000,-120.000000,-120.000000,-120.000000,-120.000000,-120.000000,-120.000000,-120.000000,-120.000000,-120.000000,-120.000000,-120.000000,-120.000000,-120.000000,-120.000000,-120.000000,-120.000000,-120.000000,-120.000000,-120.000000,-120.000000,-120.000000,-120.000000,-120.000000,-120.000000,-120.000000,-120.000000,-120.000000,-120.000000,-120.000000,-120.000000,-120.000000,-120.000000,-120.000000,-120.000000,-120.000000,-120.000000,-120.000000,-120.000000,-120.000000,-120.000000,-120.000000,-120.000000,-120.000000,-120.000000,-120.000000,-120.000000,-120.000000,-120.000000,-120.000000,-120.000000,-120.000000,-120.000000,-120.000000,-120.000000,-120.000000,-120.000000,-120.000000,-120.000000,-120.000000,-120.000000,-120.000000,-120.000000,-120.000000,-120.000000,-120.000000,-120.000000,-120.000000,-120.000000,-120.000000,-120.000000,-120.000000,-120.000000,-120.000000,-120.000000,-120.000000,-120.000000,-120.000000,-120.000000,-120.000000,-120.000000,-120.000000,-120.000000,-120.000000,-120.000000,-120.000000,-120.000000,-120.000000,-120.000000,-120.000000,-120.000000,-120.000000,-120.000000,-120.000000,-120.000000,-120.000000,-120.000000,-120.000000,-120.000000,-120.000000,-120.000000,-120.000000,-120.000000,-120.000000,-120.000000,-120.000000,-120.000000,-120.000000,-120.000000,-120.000000,-120.000000,-120.000000,-120.000000,-120.000000,-120.000000,-120.000000,-120.000000,-120.000000,-120.000000,-120.000000,-120.000000,-120.000000,-120.000000,-120.000000,-120.000000,-120.000000,-120.000000,-120.000000,-120.000000,-120.000000,-120.000000,-120.000000,-120.000000,-120.000000,-120.000000,-120.000000,-120.000000,-120.000000,-120.000000,-120.000000,-120.000000,-120.000000,-120.000000,-120.000000,-120.000000,-120.000000,-120.000000,-120.000000,-120.000000,-120.000000,-120.000000,-120.000000,-120.000000,-120.000000,-120.000000,-120.000000,-120.000000,-120.000000,-120.000000,-120.000000,-120.000000,-120.000000,-120.000000,-120.000000,-120.000000,-120.000000,-120.000000,-120.000000,-120.000000,-120.000000,-120.000000,-120.000000,-120.000000,-120.000000,-120.000000,-120.000000,-120.000000,-120.000000,-120.000000,-120.000000,-120.000000,-120.000000,-120.000000,-120.000000,-120.000000,-120.000000,-120.000000,-120.000000,-120.000000,-120.000000,-120.000000,-120.000000,-120.000000,-120.000000,-120.000000,-120.000000,-120.000000,-120.000000,-120.000000,-120.000000,-120.000000,-120.000000,-120.000000,-120.000000,-120.000000,-120.000000,-120.000000,-120.000000,-120.000000,-120.000000,-120.000000,-120.000000,-120.000000
[0;32mI (19140) ANALISIS_ESPECTRO: Frame exportado | t=18.39 s | pico=78.1 Hz | -120.0 dB[0m
SPECTRUM_FRAME,19.408868,78.125000,-120.000000,hann,512,-120.000000,-120.000000,-120.000000,-120.000000,-120.000000,-120.000000,-120.000000,-120.000000,-120.000000,-120.000000,-120.000000,-120.000000,-120.000000,-120.000000,-120.000000,-120.000000,-120.000000,-120.000000,-120.000000,-120.000000,-120.000000,-120.000000,-120.000000,-120.000000,-120.000000,-120.000000,-120.000000,-120.000000,-120.000000,-120.000000,-120.000000,-120.000000,-120.000000,-120.000000,-120.000000,-120.000000,-120.000000,-120.000000,-120.000000,-120.000000,-120.000000,-120.000000,-120.000000,-120.000000,-120.000000,-120.000000,-120.000000,-120.000000,-120.000000,-120.000000,-120.000000,-120.000000,-120.000000,-120.000000,-120.000000,-120.000000,-120.000000,-120.000000,-120.000000,-120.000000,-120.000000,-120.000000,-120.000000,-120.000000,-120.000000,-120.000000,-120.000000,-120.000000,-120.000000,-120.000000,-120.000000,-120.000000,-120.000000,-120.000000,-120.000000,-120.000000,-120.000000,-120.000000,-120.000000,-120.000000,-120.000000,-120.000000,-120.000000,-120.000000,-120.000000,-120.000000,-120.000000,-120.000000,-120.000000,-120.000000,-120.000000,-120.000000,-120.000000,-120.000000,-120.000000,-120.000000,-120.000000,-120.000000,-120.000000,-120.000000,-120.000000,-120.000000,-120.000000,-120.000000,-120.000000,-120.000000,-120.000000,-120.000000,-120.000000,-120.000000,-120.000000,-120.000000,-120.000000,-120.000000,-120.000000,-120.000000,-120.000000,-120.000000,-120.000000,-120.000000,-120.000000,-120.000000,-120.000000,-120.000000,-120.000000,-120.000000,-120.000000,-120.000000,-120.000000,-120.000000,-120.000000,-120.000000,-120.000000,-120.000000,-120.000000,-120.000000,-120.000000,-120.000000,-120.000000,-120.000000,-120.000000,-120.000000,-120.000000,-120.000000,-120.000000,-120.000000,-120.000000,-120.000000,-120.000000,-120.000000,-120.000000,-120.000000,-120.000000,-120.000000,-120.000000,-120.000000,-120.000000,-120.000000,-120.000000,-120.000000,-120.000000,-120.000000,-120.000000,-120.000000,-120.000000,-120.000000,-120.000000,-120.000000,-120.000000,-120.000000,-120.000000,-120.000000,-120.000000,-120.000000,-120.000000,-120.000000,-120.000000,-120.000000,-120.000000,-120.000000,-120.000000,-120.000000,-120.000000,-120.000000,-120.000000,-120.000000,-120.000000,-120.000000,-120.000000,-120.000000,-120.000000,-120.000000,-120.000000,-120.000000,-120.000000,-120.000000,-120.000000,-120.000000,-120.000000,-120.000000,-120.000000,-120.000000,-120.000000,-120.000000,-120.000000,-120.000000,-120.000000,-120.000000,-120.000000,-120.000000,-120.000000,-120.000000,-120.000000,-120.000000,-120.000000,-120.000000,-120.000000,-120.000000,-120.000000,-120.000000,-120.000000,-120.000000,-120.000000,-120.000000,-120.000000,-120.000000,-120.000000,-120.000000,-120.000000,-120.000000,-120.000000,-120.000000,-120.000000,-120.000000,-120.000000,-120.000000,-120.000000,-120.000000,-120.000000,-120.000000,-120.000000,-120.000000,-120.000000,-120.000000,-120.000000,-120.000000,-120.000000,-120.000000,-120.000000,-120.000000,-120.000000,-120.000000,-120.000000,-120.000000,-120.000000,-120.000000,-120.000000,-120.000000,-120.000000,-120.000000,-120.000000,-120.000000,-120.000000,-120.000000,-120.000000,-120.000000,-120.000000,-120.000000,-120.000000,-120.000000,-120.000000,-120.000000,-120.000000,-120.000000,-120.000000,-120.000000,-120.000000,-120.000000,-120.000000,-120.000000,-120.000000,-120.000000,-120.000000,-120.000000,-120.000000,-120.000000,-120.000000,-120.000000,-120.000000,-120.000000,-120.000000,-120.000000,-120.000000,-120.000000,-120.000000,-120.000000,-120.000000,-120.000000,-120.000000,-120.000000,-120.000000,-120.000000,-120.000000,-120.000000,-120.000000,-120.000000,-120.000000,-120.000000,-120.000000,-120.000000,-120.000000,-120.000000,-120.000000,-120.000000,-120.000000,-120.000000,-120.000000,-120.000000,-120.000000,-120.000000,-120.000000,-120.000000,-120.000000,-120.000000,-120.000000,-120.000000,-120.000000,-120.000000,-120.000000,-120.000000,-120.000000,-120.000000,-120.000000,-120.000000,-120.000000,-120.000000,-120.000000,-120.000000,-120.000000,-120.000000,-120.000000,-120.000000,-120.000000,-120.000000,-120.000000,-120.000000,-120.000000,-120.000000,-120.000000,-120.000000,-120.000000,-120.000000,-120.000000,-120.000000,-120.000000,-120.000000,-120.000000,-120.000000,-120.000000,-120.000000,-120.000000,-120.000000,-120.000000,-120.000000,-120.000000,-120.000000,-120.000000,-120.000000,-120.000000,-120.000000,-120.000000,-120.000000,-120.000000,-120.000000,-120.000000,-120.000000,-120.000000,-120.000000,-120.000000,-120.000000,-120.000000,-120.000000,-120.000000,-120.000000,-120.000000,-120.000000,-120.000000,-120.000000,-120.000000,-120.000000,-120.000000,-120.000000,-120.000000,-120.000000,-120.000000,-120.000000,-120.000000,-120.000000,-120.000000,-120.000000,-120.000000,-120.000000,-120.000000,-120.000000,-120.000000,-120.000000,-120.000000,-120.000000,-120.000000,-120.000000,-120.000000,-120.000000,-120.000000,-120.000000,-120.000000,-120.000000,-120.000000,-120.000000,-120.000000,-120.000000,-120.000000,-120.000000,-120.000000,-120.000000,-120.000000,-120.000000,-120.000000,-120.000000,-120.000000,-120.000000,-120.000000,-120.000000,-120.000000,-120.000000,-120.000000,-120.000000,-120.000000,-120.000000,-120.000000,-120.000000,-120.000000,-120.000000,-120.000000,-120.000000,-120.000000,-120.000000,-120.000000,-120.000000,-120.000000,-120.000000,-120.000000,-120.000000,-120.000000,-120.000000,-120.000000,-120.000000,-120.000000,-120.000000,-120.000000,-120.000000,-120.000000,-120.000000,-120.000000,-120.000000,-120.000000,-120.000000,-120.000000,-120.000000,-120.000000,-120.000000,-120.000000,-120.000000,-120.000000,-120.000000,-120.000000,-120.000000,-120.000000,-120.000000,-120.000000,-120.000000,-120.000000,-120.000000,-120.000000,-120.000000,-120.000000,-120.000000,-120.000000,-120.000000,-120.000000,-120.000000,-120.000000,-120.000000,-120.000000,-120.000000,-120.000000,-120.000000,-120.000000,-120.000000,-120.000000,-120.000000,-120.000000,-120.000000,-120.000000,-120.000000,-120.000000,-120.000000,-120.000000,-120.000000,-120.000000,-120.000000,-120.000000,-120.000000
[0;32mI (20170) ANALISIS_ESPECTRO: Frame exportado | t=19.41 s | pico=78.1 Hz | -120.0 dB[0m
SPECTRUM_FRAME,20.431230,78.125000,-120.000000,hann,512,-120.000000,-120.000000,-120.000000,-120.000000,-120.000000,-120.000000,-120.000000,-120.000000,-120.000000,-120.000000,-120.000000,-120.000000,-120.000000,-120.000000,-120.000000,-120.000000,-120.000000,-120.000000,-120.000000,-120.000000,-120.000000,-120.000000,-120.000000,-120.000000,-120.000000,-120.000000,-120.000000,-120.000000,-120.000000,-120.000000,-120.000000,-120.000000,-120.000000,-120.000000,-120.000000,-120.000000,-120.000000,-120.000000,-120.000000,-120.000000,-120.000000,-120.000000,-120.000000,-120.000000,-120.000000,-120.000000,-120.000000,-120.000000,-120.000000,-120.000000,-120.000000,-120.000000,-120.000000,-120.000000,-120.000000,-120.000000,-120.000000,-120.000000,-120.000000,-120.000000,-120.000000,-120.000000,-120.000000,-120.000000,-120.000000,-120.000000,-120.000000,-120.000000,-120.000000,-120.000000,-120.000000,-120.000000,-120.000000,-120.000000,-120.000000,-120.000000,-120.000000,-120.000000,-120.000000,-120.000000,-120.000000,-120.000000,-120.000000,-120.000000,-120.000000,-120.000000,-120.000000,-120.000000,-120.000000,-120.000000,-120.000000,-120.000000,-120.000000,-120.000000,-120.000000,-120.000000,-120.000000,-120.000000,-120.000000,-120.000000,-120.000000,-120.000000,-120.000000,-120.000000,-120.000000,-120.000000,-120.000000,-120.000000,-120.000000,-120.000000,-120.000000,-120.000000,-120.000000,-120.000000,-120.000000,-120.000000,-120.000000,-120.000000,-120.000000,-120.000000,-120.000000,-120.000000,-120.000000,-120.000000,-120.000000,-120.000000,-120.000000,-120.000000,-120.000000,-120.000000,-120.000000,-120.000000,-120.000000,-120.000000,-120.000000,-120.000000,-120.000000,-120.000000,-120.000000,-120.000000,-120.000000,-120.000000,-120.000000,-120.000000,-120.000000,-120.000000,-120.000000,-120.000000,-120.000000,-120.000000,-120.000000,-120.000000,-120.000000,-120.000000,-120.000000,-120.000000,-120.000000,-120.000000,-120.000000,-120.000000,-120.000000,-120.000000,-120.000000,-120.000000,-120.000000,-120.000000,-120.000000,-120.000000,-120.000000,-120.000000,-120.000000,-120.000000,-120.000000,-120.000000,-120.000000,-120.000000,-120.000000,-120.000000,-120.000000,-120.000000,-120.000000,-120.000000,-120.000000,-120.000000,-120.000000,-120.000000,-120.000000,-120.000000,-120.000000,-120.000000,-120.000000,-120.000000,-120.000000,-120.000000,-120.000000,-120.000000,-120.000000,-120.000000,-120.000000,-120.000000,-120.000000,-120.000000,-120.000000,-120.000000,-120.000000,-120.000000,-120.000000,-120.000000,-120.000000,-120.000000,-120.000000,-120.000000,-120.000000,-120.000000,-120.000000,-120.000000,-120.000000,-120.000000,-120.000000,-120.000000,-120.000000,-120.000000,-120.000000,-120.000000,-120.000000,-120.000000,-120.000000,-120.000000,-120.000000,-120.000000,-120.000000,-120.000000,-120.000000,-120.000000,-120.000000,-120.000000,-120.000000,-120.000000,-120.000000,-120.000000,-120.000000,-120.000000,-120.000000,-120.000000,-120.000000,-120.000000,-120.000000,-120.000000,-120.000000,-120.000000,-120.000000,-120.000000,-120.000000,-120.000000,-120.000000,-120.000000,-120.000000,-120.000000,-120.000000,-120.000000,-120.000000,-120.000000,-120.000000,-120.000000,-120.000000,-120.000000,-120.000000,-120.000000,-120.000000,-120.000000,-120.000000,-120.000000,-120.000000,-120.000000,-120.000000,-120.000000,-120.000000,-120.000000,-120.000000,-120.000000,-120.000000,-120.000000,-120.000000,-120.000000,-120.000000,-120.000000,-120.000000,-120.000000,-120.000000,-120.000000,-120.000000,-120.000000,-120.000000,-120.000000,-120.000000,-120.000000,-120.000000,-120.000000,-120.000000,-120.000000,-120.000000,-120.000000,-120.000000,-120.000000,-120.000000,-120.000000,-120.000000,-120.000000,-120.000000,-120.000000,-120.000000,-120.000000,-120.000000,-120.000000,-120.000000,-120.000000,-120.000000,-120.000000,-120.000000,-120.000000,-120.000000,-120.000000,-120.000000,-120.000000,-120.000000,-120.000000,-120.000000,-120.000000,-120.000000,-120.000000,-120.000000,-120.000000,-120.000000,-120.000000,-120.000000,-120.000000,-120.000000,-120.000000,-120.000000,-120.000000,-120.000000,-120.000000,-120.000000,-120.000000,-120.000000,-120.000000,-120.000000,-120.000000,-120.000000,-120.000000,-120.000000,-120.000000,-120.000000,-120.000000,-120.000000,-120.000000,-120.000000,-120.000000,-120.000000,-120.000000,-120.000000,-120.000000,-120.000000,-120.000000,-120.000000,-120.000000,-120.000000,-120.000000,-120.000000,-120.000000,-120.000000,-120.000000,-120.000000,-120.000000,-120.000000,-120.000000,-120.000000,-120.000000,-120.000000,-120.000000,-120.000000,-120.000000,-120.000000,-120.000000,-120.000000,-120.000000,-120.000000,-120.000000,-120.000000,-120.000000,-120.000000,-120.000000,-120.000000,-120.000000,-120.000000,-120.000000,-120.000000,-120.000000,-120.000000,-120.000000,-120.000000,-120.000000,-120.000000,-120.000000,-120.000000,-120.000000,-120.000000,-120.000000,-120.000000,-120.000000,-120.000000,-120.000000,-120.000000,-120.000000,-120.000000,-120.000000,-120.000000,-120.000000,-120.000000,-120.000000,-120.000000,-120.000000,-120.000000,-120.000000,-120.000000,-120.000000,-120.000000,-120.000000,-120.000000,-120.000000,-120.000000,-120.000000,-120.000000,-120.000000,-120.000000,-120.000000,-120.000000,-120.000000,-120.000000,-120.000000,-120.000000,-120.000000,-120.000000,-120.000000,-120.000000,-120.000000,-120.000000,-120.000000,-120.000000,-120.000000,-120.000000,-120.000000,-120.000000,-120.000000,-120.000000,-120.000000,-120.000000,-120.000000,-120.000000,-120.000000,-120.000000,-120.000000,-120.000000,-120.000000,-120.000000,-120.000000,-120.000000,-120.000000,-120.000000,-120.000000,-120.000000,-120.000000,-120.000000,-120.000000,-120.000000,-120.000000,-120.000000,-120.000000,-120.000000,-120.000000,-120.000000,-120.000000,-120.000000,-120.000000,-120.000000,-120.000000,-120.000000,-120.000000,-120.000000,-120.000000,-120.000000,-120.000000,-120.000000,-120.000000,-120.000000,-120.000000,-120.000000,-120.000000,-120.000000,-120.000000,-120.000000,-120.000000,-120.000000,-120.000000,-120.000000,-120.000000,-120.000000,-120.000000,-120.000000,-120.000000,-120.000000,-120.000000
[0;32mI (21190) ANALISIS_ESPECTRO: Frame exportado | t=20.43 s | pico=78.1 Hz | -120.0 dB[0m
SPECTRUM_FRAME,21.453591,78.125000,-120.000000,hann,512,-120.000000,-120.000000,-120.000000,-120.000000,-120.000000,-120.000000,-120.000000,-120.000000,-120.000000,-120.000000,-120.000000,-120.000000,-120.000000,-120.000000,-120.000000,-120.000000,-120.000000,-120.000000,-120.000000,-120.000000,-120.000000,-120.000000,-120.000000,-120.000000,-120.000000,-120.000000,-120.000000,-120.000000,-120.000000,-120.000000,-120.000000,-120.000000,-120.000000,-120.000000,-120.000000,-120.000000,-120.000000,-120.000000,-120.000000,-120.000000,-120.000000,-120.000000,-120.000000,-120.000000,-120.000000,-120.000000,-120.000000,-120.000000,-120.000000,-120.000000,-120.000000,-120.000000,-120.000000,-120.000000,-120.000000,-120.000000,-120.000000,-120.000000,-120.000000,-120.000000,-120.000000,-120.000000,-120.000000,-120.000000,-120.000000,-120.000000,-120.000000,-120.000000,-120.000000,-120.000000,-120.000000,-120.000000,-120.000000,-120.000000,-120.000000,-120.000000,-120.000000,-120.000000,-120.000000,-120.000000,-120.000000,-120.000000,-120.000000,-120.000000,-120.000000,-120.000000,-120.000000,-120.000000,-120.000000,-120.000000,-120.000000,-120.000000,-120.000000,-120.000000,-120.000000,-120.000000,-120.000000,-120.000000,-120.000000,-120.000000,-120.000000,-120.000000,-120.000000,-120.000000,-120.000000,-120.000000,-120.000000,-120.000000,-120.000000,-120.000000,-120.000000,-120.000000,-120.000000,-120.000000,-120.000000,-120.000000,-120.000000,-120.000000,-120.000000,-120.000000,-120.000000,-120.000000,-120.000000,-120.000000,-120.000000,-120.000000,-120.000000,-120.000000,-120.000000,-120.000000,-120.000000,-120.000000,-120.000000,-120.000000,-120.000000,-120.000000,-120.000000,-120.000000,-120.000000,-120.000000,-120.000000,-120.000000,-120.000000,-120.000000,-120.000000,-120.000000,-120.000000,-120.000000,-120.000000,-120.000000,-120.000000,-120.000000,-120.000000,-120.000000,-120.000000,-120.000000,-120.000000,-120.000000,-120.000000,-120.000000,-120.000000,-120.000000,-120.000000,-120.000000,-120.000000,-120.000000,-120.000000,-120.000000,-120.000000,-120.000000,-120.000000,-120.000000,-120.000000,-120.000000,-120.000000,-120.000000,-120.000000,-120.000000,-120.000000,-120.000000,-120.000000,-120.000000,-120.000000,-120.000000,-120.000000,-120.000000,-120.000000,-120.000000,-120.000000,-120.000000,-120.000000,-120.000000,-120.000000,-120.000000,-120.000000,-120.000000,-120.000000,-120.000000,-120.000000,-120.000000,-120.000000,-120.000000,-120.000000,-120.000000,-120.000000,-120.000000,-120.000000,-120.000000,-120.000000,-120.000000,-120.000000,-120.000000,-120.000000,-120.000000,-120.000000,-120.000000,-120.000000,-120.000000,-120.000000,-120.000000,-120.000000,-120.000000,-120.000000,-120.000000,-120.000000,-120.000000,-120.000000,-120.000000,-120.000000,-120.000000,-120.000000,-120.000000,-120.000000,-120.000000,-120.000000,-120.000000,-120.000000,-120.000000,-120.000000,-120.000000,-120.000000,-120.000000,-120.000000,-120.000000,-120.000000,-120.000000,-120.000000,-120.000000,-120.000000,-120.000000,-120.000000,-120.000000,-120.000000,-120.000000,-120.000000,-120.000000,-120.000000,-120.000000,-120.000000,-120.000000,-120.000000,-120.000000,-120.000000,-120.000000,-120.000000,-120.000000,-120.000000,-120.000000,-120.000000,-120.000000,-120.000000,-120.000000,-120.000000,-120.000000,-120.000000,-120.000000,-120.000000,-120.000000,-120.000000,-120.000000,-120.000000,-120.000000,-120.000000,-120.000000,-120.000000,-120.000000,-120.000000,-120.000000,-120.000000,-120.000000,-120.000000,-120.000000,-120.000000,-120.000000,-120.000000,-120.000000,-120.000000,-120.000000,-120.000000,-120.000000,-120.000000,-120.000000,-120.000000,-120.000000,-120.000000,-120.000000,-120.000000,-120.000000,-120.000000,-120.000000,-120.000000,-120.000000,-120.000000,-120.000000,-120.000000,-120.000000,-120.000000,-120.000000,-120.000000,-120.000000,-120.000000,-120.000000,-120.000000,-120.000000,-120.000000,-120.000000,-120.000000,-120.000000,-120.000000,-120.000000,-120.000000,-120.000000,-120.000000,-120.000000,-120.000000,-120.000000,-120.000000,-120.000000,-120.000000,-120.000000,-120.000000,-120.000000,-120.000000,-120.000000,-120.000000,-120.000000,-120.000000,-120.000000,-120.000000,-120.000000,-120.000000,-120.000000,-120.000000,-120.000000,-120.000000,-120.000000,-120.000000,-120.000000,-120.000000,-120.000000,-120.000000,-120.000000,-120.000000,-120.000000,-120.000000,-120.000000,-120.000000,-120.000000,-120.000000,-120.000000,-120.000000,-120.000000,-120.000000,-120.000000,-120.000000,-120.000000,-120.000000,-120.000000,-120.000000,-120.000000,-120.000000,-120.000000,-120.000000,-120.000000,-120.000000,-120.000000,-120.000000,-120.000000,-120.000000,-120.000000,-120.000000,-120.000000,-120.000000,-120.000000,-120.000000,-120.000000,-120.000000,-120.000000,-120.000000,-120.000000,-120.000000,-120.000000,-120.000000,-120.000000,-120.000000,-120.000000,-120.000000,-120.000000,-120.000000,-120.000000,-120.000000,-120.000000,-120.000000,-120.000000,-120.000000,-120.000000,-120.000000,-120.000000,-120.000000,-120.000000,-120.000000,-120.000000,-120.000000,-120.000000,-120.000000,-120.000000,-120.000000,-120.000000,-120.000000,-120.000000,-120.000000,-120.000000,-120.000000,-120.000000,-120.000000,-120.000000,-120.000000,-120.000000,-120.000000,-120.000000,-120.000000,-120.000000,-120.000000,-120.000000,-120.000000,-120.000000,-120.000000,-120.000000,-120.000000,-120.000000,-120.000000,-120.000000,-120.000000,-120.000000,-120.000000,-120.000000,-120.000000,-120.000000,-120.000000,-120.000000,-120.000000,-120.000000,-120.000000,-120.000000,-120.000000,-120.000000,-120.000000,-120.000000,-120.000000,-120.000000,-120.000000,-120.000000,-120.000000,-120.000000,-120.000000,-120.000000,-120.000000,-120.000000,-120.000000,-120.000000,-120.000000,-120.000000,-120.000000,-120.000000,-120.000000,-120.000000,-120.000000,-120.000000,-120.000000,-120.000000,-120.000000,-120.000000,-120.000000,-120.000000,-120.000000,-120.000000,-120.000000,-120.000000,-120.000000,-120.000000,-120.000000,-120.000000,-120.000000,-120.000000,-120.000000,-120.000000,-120.000000,-120.000000,-120.000000,-120.000000,-120.000000,-120.000000
[0;32mI (22210) ANALISIS_ESPECTRO: Frame exportado | t=21.45 s | pico=78.1 Hz | -120.0 dB[0m
SPECTRUM_FRAME,22.475934,234.375000,-25.924528,hann,512,-33.334484,-22.655230,-28.971561,-33.560017,-36.170570,-30.965408,-27.576191,-26.098745,-26.096191,-27.567707,-30.947346,-36.148178,-33.583206,-28.993267,-26.642542,-25.924528,-26.631584,-28.967104,-33.534145,-36.167648,-30.985554,-27.590778,-26.107666,-26.099739,-27.564142,-30.929745,-36.109619,-33.597851,-29.012201,-26.657204,-25.934294,-26.635120,-28.959774,-33.500565,-36.148083,-31.005383,-27.610302,-26.123209,-26.109941,-27.565880,-30.912720,-36.052639,-33.605690,-29.034718,-26.677891,-25.950661,-26.644766,-28.956264,-33.461006,-36.109077,-31.025513,-27.635012,-26.145153,-26.126596,-27.572964,-30.896465,-35.977715,-33.606339,-29.060791,-26.704580,-25.973572,-26.660509,-28.956589,-33.415607,-36.050713,-31.045734,-27.664875,-26.173525,-26.149719,-27.585333,-30.880964,-35.885426,-33.599487,-29.090307,-26.737280,-26.003044,-26.682323,-28.960690,-33.364456,-35.973274,-31.065750,-27.699818,-26.208296,-26.179293,-27.602993,-30.866137,-35.776627,-33.584663,-29.123062,-26.775902,-26.039070,-26.710215,-28.968487,-33.307598,-35.877197,-31.085226,-27.739746,-26.249470,-26.215313,-27.625881,-30.851852,-35.652107,-33.561512,-29.158876,-26.820446,-26.081654,-26.744127,-28.979872,-33.245026,-35.763111,-31.103771,-27.784569,-26.297035,-26.257797,-27.653950,-30.837915,-35.512791,-33.529598,-29.197479,-26.870853,-26.130806,-26.784081,-28.994717,-33.176697,-35.631779,-31.120939,-27.834110,-26.350971,-26.306721,-27.687111,-30.824137,-35.359673,-33.488556,-29.238617,-26.927052,-26.186516,-26.830044,-29.012867,-33.102596,-35.484081,-31.136253,-27.888245,-26.411276,-26.362116,-27.725294,-30.810272,-35.193710,-33.438038,-29.281971,-26.988983,-26.248802,-26.881960,-29.034126,-33.022675,-35.321060,-31.149244,-27.946798,-26.477921,-26.423952,-27.768379,-30.796024,-35.015953,-33.377716,-29.327168,-27.056576,-26.317688,-26.939821,-29.058300,-32.936882,-35.143776,-31.159351,-28.009558,-26.550900,-26.492260,-27.816277,-30.781145,-34.827457,-33.307381,-29.373865,-27.129723,-26.393139,-27.003567,-29.085176,-32.845184,-34.953484,-31.166023,-28.076321,-26.630175,-26.567011,-27.868858,-30.765295,-34.629253,-33.226856,-29.421635,-27.208336,-26.475185,-27.073158,-29.114447,-32.747570,-34.751316,-31.168737,-28.146858,-26.715729,-26.648212,-27.925961,-30.748146,-34.422398,-33.136086,-29.470020,-27.292288,-26.563818,-27.148540,-29.145899,-32.644058,-34.538609,-31.166870,-28.220861,-26.807501,-26.735867,-27.987450,-30.729355,-34.207924,-33.035057,-29.518545,-27.381462,-26.659050,-27.229635,-29.179203,-32.534679,-34.316589,-31.159906,-28.298054,-26.905479,-26.829948,-28.053104,-30.708570,-33.986828,-32.923912,-29.566710,-27.475702,-26.760881,-27.316389,-29.214041,-32.419514,-34.086533,-31.147287,-28.378096,-27.009613,-26.930466,-28.122795,-30.685463,-33.760101,-32.802887,-29.613955,-27.574841,-26.869307,-27.408699,-29.250088,-32.298691,-33.849663,-31.128531,-28.460644,-27.119835,-27.037382,-28.196276,-30.659683,-33.528702,-32.672295,-29.659737,-27.678692,-26.984325,-27.506500,-29.286961,-32.172386,-33.607193,-31.103176,-28.545294,-27.236088,-27.150703,-28.273296,-30.630922,-33.293530,-32.532597,-29.703487,-27.787052,-27.105934,-27.609671,-29.324322,-32.040813,-33.360245,-31.070820,-28.631630,-27.358305,-27.270422,-28.353653,-30.598881,-33.055492,-32.384274,-29.744614,-27.899681,-27.234125,-27.718115,-29.361771,-31.904232,-33.109932,-31.031136,-28.719200,-27.486380,-27.396471,-28.437040,-30.563316,-32.815376,-32.227989,-29.782532,-28.016323,-27.368874,-27.831686,-29.398935,-31.762964,-32.857262,-30.983885,-28.807528,-27.620237,-27.528858,-28.523199,-30.523932,-32.573971,-32.064346,-29.816687,-28.136726,-27.510197,-27.950270,-29.435402,-31.617336,-32.603172,-30.928900,-28.896099,-27.759754,-27.667524,-28.611809,-30.480583,-32.332035,-31.894104,-29.846474,-28.260534,-27.658022,-28.073702,-29.470779,-31.467741,-32.348560,-30.866104,-28.984383,-27.904799,-27.812447,-28.702543,-30.433092,-32.090240,-31.718025,-29.871386,-28.387436,-27.812349,-28.201805,-29.504662,-31.314587,-32.094254,-30.795517,-29.071827,-28.055256,-27.963572,-28.795071,-30.381371,-31.849209,-31.536875,-29.890907,-28.517048,-27.973145,-28.334412,-29.536697,-31.158321,-31.840950,-30.717262,-29.157831,-28.210907,-28.120827,-28.888998,-30.325352,-31.609528,-31.351482,-29.904606,-28.648960,-28.140345,-28.471296,-29.566502,-30.999393,-31.589357,-30.631540,-29.241810,-28.371603,-28.284164,-28.984001,-30.265045,-31.371765,-31.162617,-29.912064,-28.782749,-28.313904,-28.612267,-29.593712,-30.838291,-31.340069,-30.538677,-29.323196,-28.537111,-28.453499,-29.079638,-30.200480,-31.136379,-30.971071,-29.912949,-28.917912,-28.493763,-28.757069,-29.618025,-30.675488,-31.093651,-30.439016,-29.401352,-28.707188,-28.628746,-29.175549,-30.131781,-30.903877,-30.777630,-29.907017,-29.053967,-28.679813,-28.905418,-29.639128,-30.511496,-30.850582,-30.333052,-29.475719,-28.881577,-28.809793,-29.271288,-30.059105,-30.674639,-30.583023,-29.894083,-29.190371,-28.871992,-29.057055,-29.656769,-30.346739,-30.611301,-30.221237,-29.545729,-29.059986,-28.996534,-29.366463,-29.982634,-30.449043,-30.387953,-29.874067,-29.326542,-29.070160,-29.211655,-29.670732,-30.181767,-30.376213,-30.104189,-29.610807,-29.242058,-29.188808,-29.460655,-29.902634,-30.227442,-30.193077,-29.846951,-29.461895,-29.274206,-29.368908,-29.680826,-30.017002,-30.145643,-29.982487,-29.670494,-29.427425,-29.386499,-29.553431,-29.819357,-30.010111,-29.999029,-29.812824,-29.595818,-29.483967,-29.528454,-29.686939,-29.852901,-29.919910,-29.856754,-29.724300,-29.615688,-29.589409,-29.644413,-29.733170,-29.797359,-29.806389,-29.771860,-29.727650,-29.699268,-29.689920
[0;32mI (23190) ANALISIS_ESPECTRO: Frame exportado | t=22.48 s | pico=234.4 Hz | -25.9 dB[0m
SPECTRUM_FRAME,23.498285,437.500000,36.493679,hann,512,16.362717,23.586700,17.874153,20.206755,20.358376,11.739249,17.828043,11.003461,23.749538,33.011539,31.291208,14.324527,15.974875,15.694762,4.762077,10.095076,17.629892,24.180161,30.129728,29.950478,16.669479,8.150585,17.398811,9.498352,14.544873,12.218442,23.953951,33.194469,36.493679,29.676605,-7.155858,20.222387,21.821907,8.282497,16.973890,14.681179,27.054644,32.296108,30.272638,19.550964,13.959372,19.744162,6.606047,12.468959,19.584862,26.736835,28.172560,24.903917,22.388594,9.672572,20.507172,10.823204,-0.451530,16.499104,24.178204,28.536369,28.355581,13.932366,17.237679,19.710035,20.971531,2.582303,14.449606,9.212608,24.609118,26.341080,22.426464,20.282722,14.993011,19.627779,5.700545,12.881211,16.199764,22.188717,21.550200,18.750282,20.796322,13.312388,22.323795,17.396961,-0.890296,22.301708,24.460859,24.748890,16.571753,22.174253,21.283903,19.956184,21.870489,12.260667,19.675062,24.482420,22.806572,23.125866,21.704123,20.115772,13.480010,17.468012,8.094598,-1.578169,19.826777,17.843948,19.222263,19.540979,17.579742,15.340966,20.934269,14.907139,10.760147,22.813831,23.983318,21.260645,20.635117,22.719517,20.453665,20.109402,21.939249,15.233099,21.210279,29.165237,27.476734,26.519516,25.539280,22.787458,18.486771,17.777519,17.824877,16.062029,26.976654,26.111034,23.875328,24.208708,21.438234,16.314045,15.524564,12.365693,17.447264,22.794992,23.379940,16.557447,15.718022,18.167669,10.717464,18.784779,14.955360,17.789009,21.293228,28.653040,26.958858,23.178974,22.657316,20.205936,18.732933,16.701897,19.410397,19.157326,27.313540,26.977295,22.101612,21.012165,17.776226,17.133492,6.350386,19.918272,19.754934,24.749107,25.784473,20.919212,15.847898,14.806609,14.173985,11.027509,10.351439,17.206482,20.334728,24.067837,20.744478,14.069563,12.665936,12.380774,10.465378,7.818566,13.872263,17.002451,23.174286,22.036114,14.104618,9.405348,-3.842106,9.670416,12.190452,19.885355,19.430897,23.179756,24.091270,19.558094,10.701590,6.827693,8.818866,7.921057,14.528770,13.348489,17.916000,18.556326,12.425437,-0.286821,3.646882,-2.622023,4.268377,11.410572,-4.996627,12.155194,11.116604,11.284890,14.073921,13.766194,8.415995,7.354953,12.722821,12.948533,14.599491,14.744557,16.847151,14.353735,7.734764,7.135711,2.131506,1.519342,7.737761,10.200939,13.567948,14.829860,9.063159,5.033440,3.070745,2.485165,11.910833,13.887968,1.688863,-5.588380,7.940788,15.253563,16.254341,10.248890,8.231148,10.170668,9.752043,1.267885,-3.620622,8.272320,14.198581,16.466654,13.628902,10.997051,3.441721,-0.444905,9.677141,10.428516,7.011717,10.204421,12.057522,7.300395,5.766587,6.759424,10.784837,8.623617,6.222592,6.290241,9.111892,13.214723,8.925963,7.591527,5.284265,2.482918,8.985878,12.531133,14.169155,14.652285,16.370754,14.377208,12.185449,10.801212,-7.594772,1.818060,12.254372,11.531809,11.416195,13.288106,12.802683,11.950251,10.715246,-8.574010,0.400321,-9.908836,-2.224954,6.304321,7.222191,1.523272,2.913071,-14.494778,-2.777242,-12.767002,7.838621,11.676348,13.412800,12.940539,11.885370,6.698383,3.492950,5.049736,-5.799308,0.059286,10.921410,11.671785,12.008190,10.866419,6.805877,8.143853,5.047116,3.890069,1.723223,9.151372,6.298332,7.125139,9.683335,-4.580926,4.778478,0.946698,5.478738,-3.359568,1.710150,2.152798,3.972705,6.483399,-2.281149,5.959082,-6.938254,6.008492,1.931133,-1.781358,5.782867,3.995483,2.685583,-2.047401,-6.958473,-3.294385,-8.226368,2.538710,9.815325,12.035440,9.274582,7.416752,8.750958,-1.265002,-9.389936,-1.424654,4.151399,1.631020,6.619138,8.156878,3.648567,2.056662,2.140319,-3.248083,1.597211,6.030514,2.785337,-19.736557,1.757373,5.200284,6.312489,2.683539,-11.536552,1.868570,-1.683397,5.332716,10.322746,8.319770,0.260590,-7.331223,-1.480932,-3.569378,-1.544862,5.298444,-3.431941,6.563990,9.452034,6.259420,2.266351,4.776242,3.193276,-5.490299,-2.368671,-3.369581,-0.486125,6.490195,9.023920,10.000399,9.839193,5.777074,-9.330374,-2.066300,-6.715599,0.274209,3.658721,0.897370,5.035350,4.584974,-4.191352,-4.392906,3.212325,5.779719,-4.586728,4.918470,6.077923,0.727450,3.295005,-0.029919,-1.800515,1.197094,-0.654538,-11.985193,4.861475,8.904205,6.312547,3.781590,5.419945,3.512778,-4.443471,0.740096,-1.136346,2.802430,5.102937,6.456940,7.738742,4.382907,1.960461,-1.894281,4.645482,6.806517,3.289503,1.952242,3.596086,6.292939,1.575869,-3.298439,-1.418649,3.475368,1.672354,-17.583462,2.751302,2.323545,-4.676907,-9.223433,2.284391,5.151654,1.032047,2.384982,-0.243474,3.060338,3.234652,3.483403,4.655890,4.852527,5.746068,-8.927734,1.909038,7.579288,4.297760,0.448330,3.681906,4.085171,-1.173504,2.151202,-0.025908,-0.025452,1.330660,-13.359606,-0.020849,-12.213899,0.181651,-2.984314,-0.353257,4.439409,-2.163616,-1.200127,-6.089496,2.707740,1.897827,-0.632393,1.551245,1.336302,3.067786,-8.167135,-3.969193,5.671282,-4.457507,2.316105,5.390581,4.986756,-0.864451,2.038274,-4.445622,-10.333111,-0.169866,-9.668085,-1.715560,-2.425077,3.341272,3.184088,-4.584072,-2.381612
[0;32mI (24150) ANALISIS_ESPECTRO: Frame exportado | t=23.50 s | pico=437.5 Hz | 36.5 dB[0m
