Adding "flash"'s dependency "all" to list of commands with default set of options.
Executing action: all (aliases: build)
Running ninja in directory /home/yuusha1/esp/projects/labs/Rep_SE_202601_grupo_Diego_Santiago_Chen/Lab_1/Ejercicio_5/analisis_espectro/build
Executing "ninja all"...
[1/13] Performing build step for 'bootloader'
[1/1] cd /home/yuusha1/esp/projects/labs/Rep_SE_202601_grupo_Diego_Santiago_Chen/Lab_1/Ejercicio_5/analisis_espectro/build/bootloader && /home/yuusha1/esp/idf-tools/python_env/idf6.1_py3.12_env/bin/python /home/yuusha1/esp/idf/esp-idf/components/partition_table/check_sizes.py --offset 0x8000 bootloader 0x0 /home/yuusha1/esp/projects/labs/Rep_SE_202601_grupo_Diego_Santiago_Chen/Lab_1/Ejercicio_5/analisis_espectro/build/bootloader/bootloader.bin
Bootloader binary size 0x5240 bytes. 0x2dc0 bytes (36%) free.
[2/13] No install step for 'bootloader'
[3/13] Building C object esp-idf/main/CMakeFiles/__idf_main.dir/audio_sampler.c.obj
[4/13] Building C object esp-idf/main/CMakeFiles/__idf_main.dir/main.c.obj
[5/13] Building C object esp-idf/main/CMakeFiles/__idf_main.dir/spectrum_console.c.obj
[6/13] Building C object esp-idf/main/CMakeFiles/__idf_main.dir/spectrum_export.c.obj
[7/13] Building C object esp-idf/main/CMakeFiles/__idf_main.dir/spectrum_analyzer.c.obj
[8/13] Linking C static library esp-idf/main/libmain.a
[9/13] Completed 'bootloader'
[10/13] Generating esp-idf/esp_system/ld/sections.ld
[11/13] Linking CXX executable analisis_espectro.elf
[12/13] Generating binary image from built executable
esptool v5.2.0
Creating ESP32-S3 image...
Merged 3 ELF sections.
Successfully created ESP32-S3 image.
Generated /home/yuusha1/esp/projects/labs/Rep_SE_202601_grupo_Diego_Santiago_Chen/Lab_1/Ejercicio_5/analisis_espectro/build/analisis_espectro.bin
[13/13] cd /home/yuusha1/esp/projects/labs/Rep_SE_202601_grupo_Diego_Santiago_Chen/Lab_1/Ejercicio_5/analisis_espectro/build && /home/yuusha1/esp/idf-tools/python_env/idf6.1_py3.12_env/bin/python /home/yuusha1/esp/idf/esp-idf/components/partition_table/check_sizes.py --offset 0x8000 partition --type app /home/yuusha1/esp/projects/labs/Rep_SE_202601_grupo_Diego_Santiago_Chen/Lab_1/Ejercicio_5/analisis_espectro/build/partition_table/partition-table.bin /home/yuusha1/esp/projects/labs/Rep_SE_202601_grupo_Diego_Santiago_Chen/Lab_1/Ejercicio_5/analisis_espectro/build/analisis_espectro.bin
analisis_espectro.bin binary size 0x35ba0 bytes. Smallest app partition is 0x100000 bytes. 0xca460 bytes (79%) free.
Executing action: flash
Running ninja in directory /home/yuusha1/esp/projects/labs/Rep_SE_202601_grupo_Diego_Santiago_Chen/Lab_1/Ejercicio_5/analisis_espectro/build
Executing "ninja flash"...
[1/5] cd /home/yuusha1/esp/projects/labs/Rep_SE_202601_grupo_Diego_Santiago_Chen/Lab_1/Ejercicio_5/analisis_espectro/build && /home/yuusha1/esp/idf-tools/python_env/idf6.1_py3.12_env/bin/python /home/yuusha1/esp/idf/esp-idf/components/partition_table/check_sizes.py --offset 0x8000 partition --type app /home/yuusha1/esp/projects/labs/Rep_SE_202601_grupo_Diego_Santiago_Chen/Lab_1/Ejercicio_5/analisis_espectro/build/partition_table/partition-table.bin /home/yuusha1/esp/projects/labs/Rep_SE_202601_grupo_Diego_Santiago_Chen/Lab_1/Ejercicio_5/analisis_espectro/build/analisis_espectro.bin
analisis_espectro.bin binary size 0x35ba0 bytes. Smallest app partition is 0x100000 bytes. 0xca460 bytes (79%) free.
[2/5] Performing build step for 'bootloader'
[1/1] cd /home/yuusha1/esp/projects/labs/Rep_SE_202601_grupo_Diego_Santiago_Chen/Lab_1/Ejercicio_5/analisis_espectro/build/bootloader && /home/yuusha1/esp/idf-tools/python_env/idf6.1_py3.12_env/bin/python /home/yuusha1/esp/idf/esp-idf/components/partition_table/check_sizes.py --offset 0x8000 bootloader 0x0 /home/yuusha1/esp/projects/labs/Rep_SE_202601_grupo_Diego_Santiago_Chen/Lab_1/Ejercicio_5/analisis_espectro/build/bootloader/bootloader.bin
Bootloader binary size 0x5240 bytes. 0x2dc0 bytes (36%) free.
[3/5] No install step for 'bootloader'
[4/5] Completed 'bootloader'
[4/5] Running utility command for flash
esptool --chip esp32s3 -p /dev/ttyACM0 -b 460800 --before=default-reset --after=hard-reset write-flash --flash-mode dio --flash-freq 80m --flash-size 16MB 0x0 bootloader/bootloader.bin 0x8000 partition_table/partition-table.bin 0x10000 analisis_espectro.bin
esptool v5.2.0
Serial port /dev/ttyACM0:
Connecting...
[1A[2K[1A[2KConnected to ESP32-S3 on /dev/ttyACM0:
Chip type:          ESP32-S3 (QFN56) (revision v0.2)
Features:           Wi-Fi, BT 5 (LE), Dual Core + LP Core, 240MHz, Embedded PSRAM 8MB (AP_3v3)
Crystal frequency:  40MHz
USB mode:           USB-Serial/JTAG
MAC:                e0:72:a1:d6:57:a8

Uploading stub flasher...
Running stub flasher...
[1A[2K[1A[2KStub flasher running.
Changing baud rate to 460800...
Changed.

Configuring flash size...
SHA digest in image updated.
Flash will be erased from 0x00000000 to 0x00005fff...
Compressed 21056 bytes to 13554...
[KWriting at 0x00000000 [                              ]   0.0% 0/13554 bytes... [KWriting at 0x00005240 [==============================] 100.0% 13554/13554 bytes... 
[1A[2K[1A[2KWrote 21056 bytes (13554 compressed) at 0x00000000 in 0.3 seconds (603.4 kbit/s).
Verifying written data...
[1A[2KHash of data verified.
Flash will be erased from 0x00008000 to 0x00008fff...
Compressed 3072 bytes to 103...
[KWriting at 0x00008000 [                              ]   0.0% 0/103 bytes... [KWriting at 0x00008c00 [==============================] 100.0% 103/103 bytes... 
[1A[2K[1A[2KWrote 3072 bytes (103 compressed) at 0x00008000 in 0.0 seconds (628.5 kbit/s).
Verifying written data...
[1A[2KHash of data verified.
Flash will be erased from 0x00010000 to 0x00045fff...
Compressed 220064 bytes to 129059...
[KWriting at 0x00010000 [                              ]   0.0% 0/129059 bytes... [KWriting at 0x0001a604 [==>                           ]  12.7% 16384/129059 bytes... [KWriting at 0x00020468 [======>                       ]  25.4% 32768/129059 bytes... [KWriting at 0x000263ce [==========>                   ]  38.1% 49152/129059 bytes... [KWriting at 0x0002c870 [==============>               ]  50.8% 65536/129059 bytes... [KWriting at 0x000323b8 [==================>           ]  63.5% 81920/129059 bytes... [KWriting at 0x00039ccc [=====================>        ]  76.2% 98304/129059 bytes... [KWriting at 0x000403b9 [=========================>    ]  88.9% 114688/129059 bytes... [KWriting at 0x00045ba0 [==============================] 100.0% 129059/129059 bytes... 
[1A[2K[1A[2KWrote 220064 bytes (129059 compressed) at 0x00010000 in 1.4 seconds (1217.9 kbit/s).
Verifying written data...
[1A[2KHash of data verified.

Hard resetting via RTS pin...
Executing action: monitor
Running idf_monitor in directory /home/yuusha1/esp/projects/labs/Rep_SE_202601_grupo_Diego_Santiago_Chen/Lab_1/Ejercicio_5/analisis_espectro
Executing "/home/yuusha1/esp/idf-tools/python_env/idf6.1_py3.12_env/bin/python /home/yuusha1/esp/idf/esp-idf/tools/idf_monitor.py -p /dev/ttyACM0 -b 115200 --toolchain-prefix xtensa-esp32s3-elf- --target esp32s3 --revision 0 /home/yuusha1/esp/projects/labs/Rep_SE_202601_grupo_Diego_Santiago_Chen/Lab_1/Ejercicio_5/analisis_espectro/build/analisis_espectro.elf /home/yuusha1/esp/projects/labs/Rep_SE_202601_grupo_Diego_Santiago_Chen/Lab_1/Ejercicio_5/analisis_espectro/build/bootloader/bootloader.elf -m '/home/yuusha1/esp/idf-tools/python_env/idf6.1_py3.12_env/bin/python' '/home/yuusha1/esp/idf/esp-idf/tools/idf.py' '-p' '/dev/ttyACM0'"...
ESP-ROM:esp32s3-20210327
Build:Mar 27 2021
rst:0x15 (USB_UART_CHIP_RESET),boot:0xa (SPI_FAST_FLASH_BOOT)
Saved PC:0x42006ece
SPIWP:0xee
mode:DIO, clock div:1
load:0x3fce2820,len:0x14f0
load:0x403c8700,len:0xda0
load:0x403cb700,len:0x2f58
entry 0x403c8908
[0;32mI (24) boot: ESP-IDF v6.1-dev-2938-g12f36a021f 2nd stage bootloader[0m
[0;32mI (25) boot: compile time Apr  8 2026 14:46:03[0m
[0;32mI (25) boot: Multicore bootloader[0m
[0;32mI (26) boot: chip revision: v0.2[0m
[0;32mI (29) boot: efuse block revision: v1.4[0m
[0;32mI (33) boot.esp32s3: Boot SPI Speed : 80MHz[0m
[0;32mI (37) boot.esp32s3: SPI Mode       : DIO[0m
[0;32mI (40) boot.esp32s3: SPI Flash Size : 16MB[0m
[0;32mI (44) boot: Enabling RNG early entropy source...[0m
[0;32mI (49) boot: Partition Table:[0m
[0;32mI (51) boot: ## Label            Usage          Type ST Offset   Length[0m
[0;32mI (58) boot:  0 nvs              WiFi data        01 02 00009000 00006000[0m
[0;32mI (64) boot:  1 phy_init         RF data          01 01 0000f000 00001000[0m
[0;32mI (71) boot:  2 factory          factory app      00 00 00010000 00100000[0m
[0;32mI (77) boot: End of partition table[0m
[0;32mI (81) esp_image: segment 0: paddr=00010020 vaddr=3c020020 size=0f458h ( 62552) map[0m
[0;32mI (99) esp_image: segment 1: paddr=0001f480 vaddr=3fc91300 size=00b98h (  2968) load[0m
[0;32mI (100) esp_image: segment 2: paddr=00020020 vaddr=42000020 size=16254h ( 90708) map[0m
[0;32mI (119) esp_image: segment 3: paddr=0003627c vaddr=3fc91e98 size=025e4h (  9700) load[0m
[0;32mI (122) esp_image: segment 4: paddr=00038868 vaddr=40374000 size=0d2e4h ( 53988) load[0m
[0;32mI (135) esp_image: segment 5: paddr=00045b54 vaddr=50000000 size=00024h (    36) load[0m
[0;32mI (141) boot: Loaded app from partition at offset 0x10000[0m
[0;32mI (141) boot: Disabling RNG early entropy source...[0m
[0;32mI (153) cpu_start: Multicore app[0m
[0;32mI (161) cpu_start: GPIO 44 and 43 are used as console UART I/O pins[0m
[0;32mI (162) cpu_start: Pro cpu start user code[0m
[0;32mI (162) cpu_start: cpu freq: 160000000 Hz[0m
[0;32mI (164) app_init: Application information:[0m
[0;32mI (167) app_init: Project name:     analisis_espectro[0m
[0;32mI (172) app_init: App version:      bc6dc7c-dirty[0m
[0;32mI (177) app_init: Compile time:     Apr  8 2026 14:46:06[0m
[0;32mI (182) app_init: ELF file SHA256:  fe4cccf60...[0m
[0;32mI (186) app_init: ESP-IDF:          v6.1-dev-2938-g12f36a021f[0m
[0;32mI (191) efuse_init: Min chip rev:     v0.0[0m
[0;32mI (195) efuse_init: Max chip rev:     v0.99 [0m
[0;32mI (199) efuse_init: Chip rev:         v0.2[0m
[0;32mI (203) heap_init: Initializing. RAM available for dynamic allocation:[0m
[0;32mI (209) heap_init: At 3FC99690 len 00050080 (320 KiB): RAM[0m
[0;32mI (214) heap_init: At 3FCE9710 len 00005724 (21 KiB): RAM[0m
[0;32mI (220) heap_init: At 3FCF0000 len 00008000 (32 KiB): DRAM[0m
[0;32mI (225) heap_init: At 600FE000 len 00001FE8 (7 KiB): RTCRAM[0m
[0;32mI (231) spi_flash: detected chip: boya[0m
[0;32mI (234) spi_flash: flash io: dio[0m
[0;32mI (237) sleep_gpio: Configure to isolate all GPIO pins in sleep state[0m
[0;32mI (243) sleep_gpio: Enable automatic switching of GPIO sleep configuration[0m
[0;32mI (250) main_task: Started on CPU0[0m
[0;32mI (260) main_task: Calling app_main()[0m
[0;32mI (260) ANALISIS_ESPECTRO: Inicializando analisis de espectro[0m
[0;32mI (260) ANALISIS_ESPECTRO: fs=6000 Hz, FFT=1024, periodo=1000 ms, export CSV por serial[0m
[0;32mI (280) main_task: Returned from app_main()[0m
SPECTRUM_CFG,6000,1024,512,5.859375,hann
SPECTRUM_FRAME,1.070197,52.734375,60.935574,hann,512,37.525848,44.234203,42.767914,32.956123,24.715492,24.709316,30.391729,46.779709,60.762005,60.935574,47.401932,29.506502,28.633808,24.056368,25.433798,19.609976,48.274746,54.851120,49.306622,19.211065,11.763096,20.585897,22.464348,18.822826,28.183498,44.656616,45.391422,31.270807,20.707113,11.068756,19.143530,20.581764,13.205786,30.749949,37.860992,33.490349,14.990316,17.185295,17.726925,18.794456,12.348279,14.033185,24.561642,27.897665,23.919981,7.101876,13.745575,13.831197,14.108027,7.029129,29.717007,37.121796,32.320427,15.412236,10.294471,11.806213,17.274214,10.868121,21.557749,37.627350,39.185654,27.958542,8.628637,0.834627,16.230053,15.676510,10.734882,22.957111,31.070011,25.638981,14.523170,5.646405,6.401322,9.152374,12.131034,16.464226,31.608078,33.245350,21.174061,14.899132,6.521935,8.790253,7.571463,9.142168,25.940237,33.659988,29.578760,6.997794,11.781664,7.086039,4.765913,6.938531,15.177957,31.101389,33.548431,23.016386,6.984730,6.801101,6.260133,8.344950,3.984071,20.864681,29.909571,26.826811,7.374549,10.284416,11.637813,8.242909,5.749440,13.834399,25.684002,27.468569,18.595928,10.415653,13.742976,11.114502,4.708540,10.096172,24.126457,32.128407,29.403526,15.889592,6.251090,0.694371,5.212767,9.074401,9.851000,19.256660,21.131126,-11.529101,13.174466,13.975568,14.235282,11.691360,7.521043,16.481956,25.265333,22.776737,9.378505,-6.766186,4.505571,4.007443,6.297273,9.772305,10.626244,15.409067,10.980554,7.620149,10.373005,1.869418,3.036020,13.474727,16.799517,24.125261,23.217960,11.156816,-0.827326,5.213164,12.339071,11.348313,-1.813666,18.001030,20.558081,16.241840,10.574398,7.251373,2.765128,10.143947,13.880131,18.110153,25.570381,24.956333,16.708357,4.676608,0.121129,-4.082684,2.860291,15.786198,24.944714,27.257090,20.828575,7.314498,11.053425,6.246691,10.937146,10.115365,17.214680,25.372215,25.206688,14.007688,8.377503,13.736466,9.953409,10.744081,-2.114229,21.994560,28.792397,21.925735,8.494941,-6.187763,-0.013207,-2.796839,8.963189,14.292835,22.417109,21.787806,13.387704,9.007532,12.967290,0.387144,3.013884,16.360510,26.412029,28.535831,21.456144,7.589396,8.594577,8.867827,11.117658,9.527680,10.699337,17.933710,17.750057,8.919660,6.840252,10.468722,9.819473,5.487927,7.219169,20.044376,26.738892,23.720734,15.628359,10.692545,9.963994,-2.666038,6.121229,14.168629,22.051954,21.301653,-13.165649,15.402240,13.071653,11.280418,9.944742,14.443905,24.138201,27.255365,21.638557,7.010115,5.279037,9.327403,8.713152,6.604542,14.648188,22.578636,22.926239,10.377123,5.567839,0.744957,3.707433,7.734625,1.677963,8.061565,20.173248,17.550125,7.011683,9.473907,11.660886,16.352192,12.641439,11.976450,25.561552,26.899927,18.299973,10.705578,10.008858,12.888042,16.293720,15.510097,19.213036,23.082609,20.292540,12.014769,5.818666,9.604797,9.847332,12.162646,13.812943,26.251715,28.480051,20.438595,6.463373,-0.517843,3.146144,10.401553,9.247531,11.397299,17.191257,20.875156,19.982433,4.679628,12.411796,15.820496,11.132622,5.963826,26.954388,30.353157,24.964211,12.289272,7.004133,-6.178563,8.680978,12.841719,9.036339,24.626217,23.902802,21.076103,14.383831,2.312759,11.724805,3.424440,8.151045,30.034964,33.681850,27.234135,18.150513,16.257610,14.379306,6.354702,24.946377,27.054287,41.039612,40.451488,33.982441,24.482140,27.488546,29.258196,30.218357,38.160427,56.186806,59.136040,49.503536,31.612011,28.068430,26.194574,21.979761,25.071545,20.529930,38.289940,39.678463,36.315910,26.592093,22.027908,19.750383,14.876471,6.219159,30.451981,34.204842,28.654993,19.214231,16.631235,15.536843,13.012996,7.650470,17.022905,25.338539,25.607786,21.859745,14.604503,2.856257,15.369286,14.532326,3.274435,18.809046,24.665939,21.922808,16.675117,6.889935,2.841870,7.331557,14.270101,18.943161,25.518002,23.819706,9.799229,-3.193834,-3.073900,10.582090,5.932844,10.172985,14.933902,16.830328,6.903925,0.895787,12.061842,10.882374,6.895400,2.091007,14.500757,24.259539,22.202299,3.675309,6.762253,11.291189,13.576483,11.796661,12.015371,14.499798,19.961416,15.950746,10.228177,2.206946,-1.845648,-0.613820,6.964118,11.008299,22.463913,20.267527,7.987554,4.841190,7.723875,12.833689,12.728540,8.167379,17.186691,16.368029,-5.865396,-5.722659,12.568393,11.069906,11.337725,10.812510,8.514311,19.175388,18.039173,-1.388145,2.947343,3.047967,6.505802,6.017735,8.895339,15.355840,14.267782,11.093332,12.636803,9.885882,11.465656,9.149074,-5.678673,10.939524,18.009689,19.611008,16.197422,12.558204,6.642202,9.060026,16.812677,13.341648,13.928387,14.285430,12.817451,16.660793,7.842838,13.298847,16.367048,12.243423,9.800000,12.959514,16.134989,-6.147802,10.192503,3.687509,5.813069,8.406663,-0.517686,14.090756,20.385414,11.455568,9.966858,-0.098039,9.811793,15.787769,9.941170,6.772215,8.450418,11.919737,3.698881,-0.908585,8.322173,14.224499,13.742596,11.623903,11.609515,19.368889,-11.663845,18.431280,12.920957,8.513136,12.410426,13.311114,4.499996,11.843896,16.052990,13.574396,2.633137,3.002412,10.986612,13.980282,14.318171,11.718405,16.535517
[0;32mI (1730) ANALISIS_ESPECTRO: Frame exportado | t=1.07 s | pico=52.7 Hz | 60.9 dB[0m
SPECTRUM_FRAME,2.092560,52.734375,60.572594,hann,512,34.498627,42.484497,41.910595,32.868393,22.861740,17.366949,30.410175,46.068150,60.412601,60.572594,46.627865,31.071196,24.064550,13.376759,21.573116,19.590736,47.986317,54.615959,49.183060,22.693638,15.704273,12.719955,4.593980,18.370600,30.574936,45.437378,45.925339,32.594807,14.879023,14.818597,13.545721,2.622601,4.650482,30.711699,37.724857,32.306530,4.395438,-8.318756,3.928017,6.570515,5.237867,6.389024,23.679565,26.539715,21.537382,13.736830,-6.008608,8.525971,9.466360,12.954779,29.846897,37.182076,32.455383,15.591810,10.208558,6.878776,8.511567,11.664799,23.796289,38.930553,40.413612,29.524096,9.681432,4.998787,18.419983,17.482437,5.983698,23.770817,30.960749,25.607845,14.277205,13.850223,10.242215,13.748437,4.539655,15.864867,31.489613,33.157291,21.046738,15.013689,12.050169,11.075954,12.695800,13.148424,26.708397,34.612629,30.432789,5.953483,3.791647,3.812029,10.390197,8.141510,15.094367,29.956188,31.653568,19.877300,12.756077,7.602377,11.971462,11.614037,5.615659,22.186943,29.914684,25.931259,10.655084,4.092440,10.349673,4.481001,3.759374,9.018612,19.397579,20.415516,13.446529,9.414483,5.755945,12.038080,6.407633,-0.533189,18.209150,26.760521,23.120119,15.488567,11.915851,7.598516,13.120447,6.868241,2.938826,22.761667,26.529291,17.149426,9.008636,2.895035,8.701302,9.108109,10.684221,6.588208,18.006823,16.909983,10.701379,9.096607,-3.839887,8.581910,5.406971,6.275704,16.165886,22.131483,16.835129,6.846173,10.207330,13.022511,13.152225,6.081867,13.739037,13.920115,-29.221697,8.796461,1.320311,6.580866,2.912115,3.083485,9.135036,21.037703,24.383390,18.438732,6.623342,-2.890924,-7.270947,5.228310,7.805397,0.682918,9.961535,9.637080,9.293660,10.492726,-0.627902,-0.684196,8.113611,5.072198,17.586252,22.886408,14.696894,12.132770,8.659971,-4.286542,5.717747,6.298137,5.505276,16.534702,16.991173,10.174527,-9.984070,-0.932344,1.251334,2.832725,10.875370,19.414963,24.761440,19.675343,10.541288,6.073854,7.260859,9.152890,5.166941,14.553042,25.739172,25.188887,14.991145,4.424555,-2.416377,9.171494,8.288744,3.207720,16.352116,19.013058,8.424923,11.764084,10.329315,8.246801,3.420666,-4.484946,10.977961,22.128868,21.409616,3.642426,4.537965,2.912626,7.433586,11.920962,10.520527,19.794754,24.078384,18.582991,19.148827,11.886930,5.091595,2.853345,8.714791,-3.344769,11.108999,11.307829,9.980030,10.730068,11.483004,9.268948,11.739733,8.144251,10.012244,22.851465,19.682915,12.056339,9.775665,4.047616,5.576521,2.088694,2.560127,14.290496,14.428464,12.749599,11.884039,1.318476,-1.506452,1.438681,2.567632,12.176928,17.498175,5.596743,15.695969,14.369096,11.503382,0.533686,9.678739,3.078394,23.062057,24.282562,19.135714,19.608915,13.341190,7.311833,15.436695,0.667309,12.209672,21.802080,21.272001,18.316992,9.584099,12.426158,11.610761,5.352573,-0.568013,23.683537,26.151924,17.184771,10.558207,1.769782,9.855080,11.418688,12.677344,15.561611,19.204851,21.273508,21.014692,5.146170,13.872845,7.160323,4.726584,8.377391,24.858942,28.309227,22.669374,8.433629,9.813820,8.270544,6.873993,15.044041,13.677736,23.242252,24.318680,20.492882,3.652062,8.962890,14.041758,-1.989998,11.675448,28.619900,32.945007,25.539656,1.805982,3.797524,10.900824,1.417996,25.679470,26.174335,41.175652,40.817604,34.474033,24.709103,23.666056,24.240337,28.438873,37.070049,56.040916,59.145260,49.528900,31.218493,29.714966,26.688484,23.761562,24.707027,23.551638,39.030624,40.088772,36.430729,26.483404,20.012890,14.302237,11.781669,6.490055,29.962141,34.212753,27.846107,12.417522,9.741632,7.551732,16.216354,18.899206,19.755123,25.656342,26.507322,22.489157,6.157299,14.500460,14.585678,8.696298,5.714835,16.346395,20.865145,18.375050,18.750038,-6.101903,5.406147,8.485917,10.171465,17.532475,24.135124,22.157909,-4.159729,8.248560,8.977528,13.517933,15.067111,17.628368,20.256218,21.544771,13.998705,-8.493700,9.923444,10.885325,-14.562999,10.096659,4.500305,25.413338,25.963436,17.201027,12.115833,11.563668,8.551291,12.408296,12.938654,16.254303,17.219322,5.294554,7.470779,8.622072,13.476181,14.352438,6.603949,12.752814,23.476915,22.057930,3.879160,6.260827,4.172678,11.813316,10.886973,5.764984,16.651676,19.553419,10.571908,5.793169,1.635150,6.805665,10.408049,7.594233,6.275467,23.181320,23.038740,9.716238,6.956155,3.902465,5.744095,3.661301,-10.850857,12.382551,19.643225,13.639877,14.528578,4.060869,6.420625,10.809471,14.311691,16.548447,23.580761,22.468258,17.176817,15.124466,-0.304604,3.603111,14.658331,13.321621,20.118790,25.024647,18.908245,7.783837,11.561936,10.639701,5.993647,6.363431,6.201153,14.029955,5.017765,15.702747,14.293560,-8.895055,7.593549,4.626347,10.423010,14.886189,22.800014,17.868814,13.465476,6.698766,8.442242,13.283558,9.041159,5.255434,4.482701,-5.932124,15.327853,14.543715,1.331352,10.437634,14.461840,12.170901,13.104863,20.203125,13.351997,10.336687,9.978003,3.953793,6.757452,-4.754234,-4.938495,10.236154,11.488442,12.402917,12.575025,8.476316,6.408494,-0.492678,1.165017,12.546578,16.470278
[0;32mI (2750) ANALISIS_ESPECTRO: Frame exportado | t=2.09 s | pico=52.7 Hz | 60.6 dB[0m
SPECTRUM_FRAME,3.114928,52.734375,60.709068,hann,512,34.448463,45.107956,45.834366,36.883102,27.272671,28.043873,30.389297,45.487663,60.454834,60.709068,47.478668,31.461937,9.757203,10.614801,19.505760,21.352633,48.772564,54.926033,49.414745,23.752050,19.306515,10.795964,9.314587,18.984562,29.973028,45.812031,46.423576,33.019173,21.167574,9.910621,15.596951,15.694529,13.032413,30.999804,37.490154,32.360680,13.776960,12.969370,7.499975,10.168471,7.629955,2.749655,19.699127,21.006641,1.710758,13.213074,13.336078,7.155368,3.667584,9.021444,30.109064,37.911819,32.739555,13.663351,11.138638,1.674372,-3.665379,13.358572,19.401409,38.250919,39.843872,28.711737,7.995628,9.733986,9.970661,6.514402,5.489314,23.434032,31.476667,26.734945,16.870939,16.164257,11.988082,-2.838455,9.810105,8.766568,31.690102,33.615379,21.164288,5.532331,9.434317,5.303866,0.701661,8.585213,24.658020,33.674133,29.565395,6.408029,5.590907,3.026643,1.381106,13.683686,8.364182,29.977713,32.819794,18.948345,16.701342,8.308269,4.130300,6.178036,9.486668,19.702951,28.018898,24.899519,11.248171,7.260573,0.549617,-4.112054,5.984881,8.771483,23.734535,25.423412,10.580999,11.366312,13.297741,12.633141,5.151220,10.326172,19.076260,29.507582,26.627886,6.523037,2.238732,1.960124,-10.688405,6.545929,15.934908,22.224457,24.098511,17.668995,6.473312,4.709642,1.355469,7.545041,11.216661,14.180689,17.371138,14.179196,17.027946,14.795648,2.718669,11.473342,10.691298,1.890733,19.450092,23.163298,12.105221,6.721168,5.228112,8.335507,9.386388,12.702975,5.757970,16.639759,15.679802,7.380159,8.779863,7.144317,-7.421417,3.861985,2.276737,16.468281,19.938303,15.235939,4.964798,7.403956,4.543974,4.825135,7.888780,0.021126,11.010846,9.155157,1.328103,-0.611076,-3.370058,-4.790562,-1.678562,7.511564,11.416300,17.567083,5.565337,8.083918,5.492543,8.586694,9.603989,3.598251,4.547410,17.047106,16.432240,-5.522785,7.151159,11.992874,13.000493,10.418528,7.345466,23.982370,27.663134,19.883789,14.621978,11.384655,10.003100,10.133972,-0.546508,13.768507,22.459461,22.001669,10.472353,7.180912,11.907631,5.281389,-8.594101,3.652276,10.427433,-2.968594,8.012011,12.567837,10.388240,4.973960,-0.371873,1.675164,9.591970,15.769066,12.373350,10.475607,3.865358,11.796892,3.181357,9.198894,8.923563,1.608969,14.838176,18.952690,13.252058,7.405867,3.150046,-10.433427,-3.193573,4.105198,8.481565,6.105965,11.157938,7.416496,2.773895,-0.488658,-10.299669,7.690505,20.238104,24.583742,17.816891,5.590519,9.898695,7.362866,6.718326,11.010137,11.521758,14.305309,14.931001,11.357226,7.745070,0.166758,9.549677,11.905544,9.582681,12.738317,11.647896,-0.100926,6.807837,-0.092780,3.762917,8.155635,11.184568,17.542362,23.228531,23.320141,16.497309,8.452039,6.374181,0.271306,-1.543700,-1.414907,13.556746,22.422646,14.472827,14.340919,2.506885,2.853820,4.898946,-1.678486,10.451540,21.193439,22.942223,11.841426,1.346899,11.880316,11.730642,11.237197,9.210011,16.776863,23.759151,11.851754,22.001644,15.277077,13.353899,12.847762,9.579834,15.715837,25.488491,26.162998,13.642849,17.583618,14.042721,13.117722,16.977699,16.392145,20.913465,25.309696,12.695435,21.498793,17.194828,10.376503,12.402546,14.988116,20.122566,29.422731,30.918530,16.145439,23.256348,20.772911,10.013205,21.363001,28.273720,35.710312,42.325039,36.470078,33.502487,25.706388,19.469460,24.119814,16.173182,41.764339,56.831989,59.229599,46.124390,42.808056,33.854855,29.508446,26.908739,25.007895,30.677502,41.290745,35.494637,35.251728,33.297890,23.958775,8.705555,8.506646,21.238571,31.616211,34.212124,21.220387,18.985088,15.510792,16.832497,15.096350,12.091291,19.913441,26.712454,23.837299,14.757651,18.376825,16.242414,10.514986,5.626350,4.968524,20.840172,24.509954,12.886715,13.862139,3.250176,11.875305,12.734460,18.217031,21.578806,24.105000,20.447086,5.030515,-4.966981,6.875721,12.001849,9.116445,0.565957,11.124769,9.942836,9.747062,9.793348,7.340554,1.248003,6.132312,4.336103,14.474115,24.671719,23.151737,6.731006,13.787287,11.277896,10.003874,9.283953,10.926343,3.969453,15.369915,9.128397,7.226508,10.850444,9.909976,3.986404,1.259730,13.744484,20.262383,19.292587,10.904790,5.995960,-11.343199,4.033006,5.170209,1.786368,8.158278,10.867066,12.733137,14.027199,10.068831,-5.247299,6.602499,0.675682,12.766201,23.102980,22.684973,2.918498,9.189118,1.855324,-4.809460,2.304250,6.234179,8.621115,12.715719,14.295229,11.539558,2.186848,8.063882,0.762144,5.657928,7.226944,21.273043,18.628531,16.601971,14.823667,1.697805,2.684161,9.268692,-2.028505,16.217396,21.222881,13.162571,8.771002,2.397343,1.138799,4.653397,10.109587,6.839136,9.152924,13.487029,6.728635,6.193659,10.491640,7.221930,3.966835,8.072315,16.329664,20.389425,14.672293,15.505491,8.003647,8.234387,4.093117,3.065113,9.745943,11.026651,11.550200,15.448334,14.190878,8.011483,-3.665585,2.538786,6.568522,12.816265,17.885839,6.382768,11.769836,6.419052,-4.154896,2.782011,2.117450,3.475757,8.816138,10.001899,8.077475,13.863317,9.402468,-0.619309,-1.189706,-3.655147,4.821001,13.967914
[0;32mI (3770) ANALISIS_ESPECTRO: Frame exportado | t=3.11 s | pico=52.7 Hz | 60.7 dB[0m
SPECTRUM_FRAME,4.137292,1998.046875,59.687675,hann,512,29.001198,36.230659,36.706154,32.757717,28.854750,32.782658,21.030275,45.657482,58.868752,59.007271,45.741440,27.747200,17.580791,23.517504,7.705804,13.120770,46.521030,52.949883,47.271584,18.936466,1.071111,19.663116,18.178692,8.373762,29.699442,44.061565,44.786144,33.265816,13.460231,7.977337,11.172709,9.976091,7.956932,28.886440,35.986595,31.216942,-0.449271,11.791552,11.613604,18.200218,-0.875882,13.306808,23.895359,25.598726,17.293798,-1.314118,4.554132,14.641096,10.526279,13.052452,31.245419,38.526375,34.076454,16.653402,14.220860,15.849954,17.165592,9.324952,23.155342,38.752457,40.294552,29.715057,1.788322,5.570436,12.200847,8.515537,6.046149,23.702524,30.498634,26.255306,1.382280,11.372711,14.674722,15.283374,4.418602,14.558489,32.086643,33.796238,22.298107,-6.260841,12.267796,13.539939,15.003347,12.665273,23.676298,33.285774,29.947367,14.426985,7.005466,4.678130,14.323363,12.493675,18.179764,32.478985,33.994297,24.052917,4.613282,12.329569,13.798404,12.726221,0.257743,21.941154,30.228447,26.461027,6.544280,-4.327097,7.188542,13.338961,10.265847,12.576838,25.283260,27.590443,18.180302,8.671009,11.331210,10.685995,10.175465,0.343184,22.822268,31.147957,28.132187,8.878057,4.636109,6.797746,14.668655,12.675916,13.559780,21.123253,23.851173,15.078951,4.819667,3.455603,8.359193,6.748019,-3.050579,15.648955,23.697845,21.655264,10.237183,1.556102,6.885958,12.474192,12.345656,10.181485,22.842321,25.302961,19.697559,13.623586,14.791183,13.948404,16.141163,9.304511,12.324806,21.971661,19.920341,1.737906,12.823266,13.156199,-5.697354,11.595785,9.879574,8.595539,12.678266,14.560757,9.755298,8.873337,10.186254,-5.155531,7.961498,7.696987,21.523720,19.831161,3.547518,13.126184,11.815443,13.472301,3.806431,10.087050,20.300138,23.787479,18.940063,6.803436,12.029793,12.899026,-1.624799,7.634265,15.003991,22.477154,21.616180,12.470320,-3.601363,8.004778,10.921988,5.306649,4.464974,25.764589,29.878654,23.154560,10.907217,-0.569053,9.302670,11.044687,5.900477,14.390200,12.567514,19.777794,14.138447,4.262265,0.840876,-0.265555,5.328990,11.772074,19.037525,19.055006,12.997404,0.756706,6.282233,3.633022,10.375397,-2.064626,-1.702393,18.160923,21.150854,17.587088,13.749900,4.195540,3.075302,11.689487,13.094286,23.332458,25.579664,19.343719,4.448420,-19.978327,8.574224,13.139876,11.296616,9.576306,2.579987,1.187567,11.879290,12.690365,11.603226,9.973116,6.552596,7.737579,18.186317,22.984686,20.448868,15.399435,9.334475,5.847587,8.470387,10.796046,2.848302,11.589800,13.604034,6.547584,0.674404,3.133322,1.475553,10.132298,7.187737,12.495909,14.914360,13.566280,15.666906,11.820818,8.542975,9.724412,5.208736,3.440297,15.680092,20.608105,16.403341,15.483809,12.918862,5.115400,7.555030,12.244436,13.671922,22.899246,23.604277,18.275883,7.185227,8.727320,15.030354,12.746208,4.980984,16.782480,22.927658,15.477934,10.922993,10.459932,-10.887475,8.752847,11.565753,8.832001,23.806091,24.789013,21.609213,3.703321,14.890494,14.397142,14.131191,19.990854,22.643921,26.883999,17.858139,-6.979747,4.675588,10.024251,-7.243702,14.951147,16.797087,27.278193,26.989811,23.225735,9.383921,9.035593,13.950125,12.973402,19.822941,26.398489,31.767918,28.657721,19.617657,19.841957,15.888060,19.690672,27.907183,33.479073,43.395954,42.415329,33.937641,26.136753,22.245893,36.455414,34.287346,43.827698,53.572689,59.687675,55.977318,47.609589,33.593410,32.457020,23.387892,26.538929,29.373510,41.821930,42.291183,36.735256,22.174599,24.113461,18.818678,10.265450,21.279242,28.878029,32.258102,26.441044,21.690771,13.508273,17.842543,4.668225,14.553605,18.049604,26.809027,24.926430,16.611822,4.296444,14.465000,8.916842,11.695740,4.335949,9.032946,17.369810,19.336737,15.019303,7.915797,9.350341,7.174038,8.514333,3.222455,18.503506,19.002790,14.468888,12.088847,-9.225029,7.523594,5.086283,10.402668,10.104246,16.663662,15.975708,13.162426,11.020130,9.258600,12.679699,2.785283,-5.003273,20.161354,23.134899,17.915545,7.268571,12.151613,3.362824,2.858577,5.859104,15.271558,19.778511,16.647598,6.991353,2.198112,6.836102,8.164760,9.661901,10.604126,14.197761,20.113031,13.697872,-0.069938,13.993063,14.529366,6.349769,3.563562,11.592196,5.550125,12.744890,16.189100,5.996500,4.659912,13.514624,8.407970,11.180285,21.652658,23.673977,18.971441,4.721680,-3.954192,10.178858,1.324744,10.848522,3.606713,13.411769,7.554426,1.414462,1.675461,-0.973348,5.584941,-4.609110,6.217043,20.080814,21.443676,19.796640,12.588800,9.470214,5.113249,11.395501,4.698791,0.098095,18.594110,14.220881,2.858989,9.606849,9.772884,8.403267,10.621562,11.256675,12.044288,15.055548,14.956599,7.790890,4.599424,-11.222625,2.114821,7.137437,10.877628,20.414021,18.732092,15.263985,9.759062,7.637678,7.021046,7.327912,6.003213,10.651428,6.099370,10.311841,0.470707,1.456974,0.929392,-2.612444,-2.987492,7.354852,17.895576,19.705307,15.114627,-4.679712,-0.775414,11.038860,10.650635,6.597982,10.469774,11.503197,8.784246,0.183029,-2.277529,5.106878,2.841338,3.759415,5.138423,14.606678
[0;32mI (4790) ANALISIS_ESPECTRO: Frame exportado | t=4.14 s | pico=1998.0 Hz | 59.7 dB[0m
SPECTRUM_FRAME,5.159644,1998.046875,59.657394,hann,512,28.681015,35.618736,37.237545,30.295322,32.056198,29.648655,25.164864,45.772896,59.252319,59.450222,46.226692,28.570127,21.260658,21.471937,5.785709,5.556146,46.936150,53.383530,48.038101,22.885227,16.164745,13.157267,20.105026,13.477243,28.740099,43.864063,44.630035,33.007729,9.305400,10.581978,7.248112,2.873292,9.320774,28.391130,35.036617,29.603180,6.701942,10.337282,7.355516,10.952493,6.778337,13.324137,20.919897,20.659782,15.471159,6.821520,0.234867,10.428420,-0.913430,2.244135,31.066761,37.963253,33.452400,13.811310,7.032680,-2.751819,-9.043263,2.899339,19.473955,37.104038,38.643417,25.961559,17.959078,13.328205,10.938942,1.888648,8.186444,24.963146,31.365044,26.629248,4.588928,4.437064,8.439617,11.310011,14.584722,11.340884,32.534142,34.650696,23.309546,14.445480,5.906131,-5.574156,10.655254,16.310474,23.922688,32.901157,29.730392,14.265312,-4.139872,0.797160,-4.714651,6.273224,18.395039,32.069660,34.023930,23.822929,11.079005,10.464101,9.178532,7.543612,9.894567,18.178085,28.700235,25.116388,11.653014,6.717330,1.683444,7.114680,-6.465163,12.857018,25.838289,28.596725,17.943403,13.368723,0.923030,2.149938,2.668258,6.692076,21.696070,31.623924,29.473610,17.369501,3.419382,4.778950,4.519295,-0.856237,11.938138,23.225233,24.123323,13.237804,-0.098784,-4.182487,-1.372679,8.761426,3.875490,15.820084,24.015371,21.722961,9.486175,1.963078,7.385482,5.753608,4.299637,8.063620,6.108049,8.462151,2.516293,5.662954,7.402220,6.113641,-10.217229,5.679398,18.550163,26.784508,25.958529,18.505976,4.211282,10.872064,6.416928,1.647792,10.229937,19.431067,21.736729,14.906665,2.954985,6.196972,-2.520322,-1.955997,7.203362,13.489795,25.945152,25.423624,16.335918,5.818888,2.455283,13.701924,11.087408,5.063054,20.830652,24.485229,17.129004,3.538068,5.413084,7.937410,6.760804,11.024691,6.392243,26.694448,27.588802,20.739101,9.776114,5.533033,-3.447044,2.269781,14.087204,8.900678,23.117781,16.947762,6.527481,7.710005,8.283352,-4.258126,-13.213630,9.464055,23.335340,23.547169,11.794473,0.222859,3.041377,5.614844,7.112451,7.268989,23.177238,27.941734,22.350620,10.987883,2.143527,5.129085,6.581948,4.301392,11.071216,20.624718,21.546032,11.823993,5.086593,9.099645,-6.202736,8.629566,13.367809,6.141994,22.851465,19.692289,-4.409265,10.265352,3.299534,-6.133174,-12.488012,4.528246,19.783073,21.328745,12.987606,-10.925385,8.244513,-2.435466,6.014855,3.820312,18.819559,27.242077,24.888182,16.369366,0.696314,9.245343,4.585278,2.301136,7.093831,20.263044,22.308887,11.063089,-6.193738,-6.097641,0.569380,-3.951298,13.252739,13.596663,22.486162,22.090683,14.867327,11.383503,12.742912,1.999409,1.526197,13.431998,22.142401,24.207962,17.785624,12.802611,3.954605,4.182560,2.150317,11.513525,20.999840,23.318733,20.656342,8.955704,15.237312,4.083950,15.066962,13.790905,4.192499,20.413246,22.726126,19.890490,14.782316,7.151465,9.416343,8.879858,4.718697,14.248780,23.856127,24.072420,19.579237,3.410904,8.905710,17.887794,14.627814,17.376471,24.410765,29.033672,20.647219,6.037643,5.597147,3.930927,4.958155,12.854681,13.210717,25.444172,26.303186,24.260771,8.889265,5.864488,18.151770,6.412228,18.804857,28.262814,33.412952,29.560385,19.208622,16.962677,14.735871,22.563803,27.340923,32.049957,42.748840,41.923157,34.101494,28.546925,18.513935,37.914261,33.485550,43.768047,53.816788,59.657394,55.925880,47.979820,30.770580,34.486343,25.051529,24.064323,28.668560,41.506767,42.060783,36.823666,21.715664,25.167183,18.342060,17.980425,18.980270,27.436697,33.048893,27.270454,20.161030,16.387671,14.267297,3.785851,16.960722,14.839601,26.696768,24.182014,15.824968,12.467207,2.406830,5.397294,4.064780,9.680016,16.090853,22.377743,23.526684,19.629860,4.411538,8.750517,9.701031,1.547939,4.897601,21.837105,22.067633,16.260855,11.524122,8.570622,10.990376,6.712291,-5.899080,-1.448303,15.902834,17.213842,10.797915,8.520097,11.525452,9.279744,4.038594,11.744249,19.307228,21.712540,14.202076,1.934588,9.626254,1.134584,-1.315664,-6.942306,15.495922,21.070656,18.024744,9.795760,4.595829,2.701195,6.106488,2.857416,6.755874,15.730409,16.263802,8.879656,4.813165,5.867630,11.285220,2.102731,1.739965,8.797318,12.957978,11.771312,7.170210,5.352235,-2.847197,7.746012,2.560290,9.505562,17.756769,19.943546,13.287759,1.049901,8.229138,9.067374,10.084553,6.075134,3.371981,13.213511,14.700831,14.349227,9.462122,9.893431,10.177118,6.485752,-3.505733,18.991661,22.612066,20.290520,8.636963,10.958310,5.919295,5.897138,9.142061,3.718066,12.307371,7.443882,14.042540,5.577352,-2.318643,10.005435,4.317482,8.334839,15.288980,19.280525,16.448278,11.092586,4.202987,1.973748,-2.021779,4.343616,5.340260,17.405781,17.525589,17.386497,8.038696,-0.409152,10.699274,4.648860,1.899150,11.633646,15.704290,14.432468,6.501464,6.509497,7.846581,-0.537321,9.996210,10.299994,18.313696,12.821045,-1.887203,-1.284534,-0.805656,12.009458,3.013075,2.460923,10.195803,17.019417,15.517527,3.579750,13.888298,7.000200,7.974206,6.084959,1.920460,13.144294
[0;32mI (5810) ANALISIS_ESPECTRO: Frame exportado | t=5.16 s | pico=1998.0 Hz | 59.7 dB[0m
SPECTRUM_FRAME,6.182005,1998.046875,59.771339,hann,512,22.863314,36.928726,37.933453,32.652660,31.106895,32.215229,24.813927,45.582813,59.152512,59.367859,46.122051,31.072453,17.339737,15.545272,14.139641,15.539652,46.889076,53.504658,48.152176,15.575255,14.475681,6.789088,14.922903,17.149426,29.190418,44.781929,45.368149,32.760876,12.261100,12.928528,12.665144,-0.549390,12.023735,30.477654,36.276634,29.224920,5.006723,8.132282,8.877439,13.025197,10.159248,15.064673,18.456020,15.481720,1.287777,13.477078,14.809741,-3.558934,12.651503,9.972921,30.981194,38.265854,33.653942,10.383503,10.948943,2.307671,8.063902,12.695160,22.593666,38.295570,39.620331,28.616119,11.040450,-4.219513,2.591052,-0.230871,9.173301,23.707268,31.438004,27.275669,5.903720,1.349545,7.021189,4.742646,7.213262,15.931007,32.358078,33.762325,22.302923,-12.662121,8.996215,3.288499,3.851444,7.109553,24.788092,33.225418,29.346869,13.701687,10.450908,5.233827,8.119743,8.208508,16.990778,32.621670,34.217098,23.776348,-2.485840,-1.829851,4.873061,1.438051,6.677170,20.483673,29.603302,26.577080,10.155418,4.126158,4.720786,2.690841,4.215820,17.089903,27.194160,27.743597,17.627724,9.930571,2.106389,8.872566,8.579684,8.181675,21.625566,29.913759,26.324644,7.756442,8.689054,9.929157,8.961520,9.966503,0.783748,23.790005,26.163788,16.188000,2.073165,1.310096,0.464334,4.068077,10.242142,13.988394,18.502699,16.922649,10.860882,2.968759,5.925073,1.336914,5.087391,15.396097,17.800564,11.428719,12.338658,12.941304,-4.936602,-5.488945,4.230064,4.678789,14.904113,23.904173,21.898861,8.911404,1.685436,-18.112947,4.603757,8.562397,11.985262,14.136499,20.640049,10.188914,3.508926,4.553074,2.850627,2.960505,-6.102699,0.508572,22.218163,23.211437,14.860072,3.939251,4.424607,8.270983,7.579522,14.570873,12.456091,17.856701,6.794882,7.762788,7.287858,3.468102,4.087920,-0.303797,7.009048,24.583954,25.156088,15.045940,9.664296,10.395334,9.749779,5.054812,9.248491,24.028761,26.199705,17.788548,0.257703,-1.967317,-4.098374,4.695504,-17.655632,7.136339,23.890327,24.875839,15.227370,4.293462,-5.165751,-0.644558,-5.284099,12.726048,7.239835,22.591908,17.921755,4.682097,4.765501,-0.396452,0.520432,5.456456,9.839115,21.377172,21.276260,12.933685,-2.856828,6.210252,5.671910,-22.573227,5.057072,22.101229,26.313522,18.372295,6.762767,6.695257,5.317689,6.639008,10.447865,5.772612,18.933809,20.876881,16.437115,10.859489,5.998259,-8.562889,7.663775,15.139305,15.655208,21.508684,20.872469,15.902610,2.752053,5.758049,-3.848815,1.651084,12.137066,21.031654,20.492237,9.706057,-8.355028,3.963120,2.116564,-2.170071,-6.737504,18.503771,24.782295,22.001537,13.513807,8.470776,11.154606,3.719661,4.837471,-9.445082,19.118988,21.218323,10.161674,-11.415445,4.943657,2.577615,6.796194,12.711527,-6.391879,22.107403,22.994156,16.231464,-13.131083,7.451449,12.255683,9.582786,13.155937,9.013511,18.147083,16.773628,13.648861,6.241079,13.641989,5.781427,16.488853,17.055227,25.777285,24.621372,19.477537,6.973121,9.201620,13.832025,-0.109642,15.126945,22.051796,28.286655,21.085907,2.665997,4.497804,8.956966,7.243348,17.035614,17.180725,27.273056,27.440636,24.631092,15.963755,6.790728,17.090050,13.710857,17.205278,28.493504,32.123104,28.155689,18.784769,18.118486,5.426044,21.120945,26.598194,29.377159,42.821884,42.369900,34.324612,25.740337,9.507463,37.413677,31.636515,43.717533,53.723660,59.771339,56.027340,47.614323,24.711401,33.487267,25.082483,22.570648,29.946606,41.926605,42.269142,36.881161,23.607651,23.545179,13.447448,10.371548,15.405354,27.523762,33.011517,29.497910,20.404102,18.388088,15.799142,10.791231,14.338456,9.835117,25.696686,25.492125,21.687183,9.367124,12.013551,9.641260,1.976279,12.891663,17.215988,17.888702,15.325472,15.501842,9.822441,14.554187,7.015172,7.224084,12.212300,21.560452,20.420856,15.724895,9.218014,6.347303,5.302684,6.910660,7.076615,8.468233,14.741066,13.968711,13.493526,-0.757799,-5.350144,12.182751,3.791836,3.597660,23.679352,24.647919,20.276564,9.211379,12.602718,4.021116,10.162920,4.617723,16.541798,18.931553,13.278283,4.202951,-8.039343,0.078187,6.986165,-7.059338,4.671667,11.401210,16.364548,12.138193,10.735819,11.278638,9.184283,7.119403,9.486597,2.478364,17.337994,17.138660,12.651100,6.973833,-3.607318,4.534287,6.389270,5.455491,22.143295,23.754715,19.127991,10.722500,-3.366445,2.425457,6.058786,2.312830,0.279388,15.072125,11.495981,12.685768,-6.248879,10.120460,1.848114,5.188417,6.195056,18.651464,20.195704,17.091135,2.616258,11.872265,-4.095903,10.535832,0.040560,10.753922,18.099247,13.410052,13.580142,5.182301,2.686177,0.882796,5.980841,10.414824,14.153681,16.441439,11.776395,9.245762,1.694651,-2.972437,2.088435,7.852434,14.206319,17.301779,14.166265,15.129045,9.201366,5.113845,5.656071,4.482167,5.544962,12.319128,11.859480,12.182990,6.546773,6.972461,3.235092,6.328564,6.477946,5.346585,19.465843,15.605937,9.136541,5.206129,5.575359,-8.614809,1.963533,6.977675,12.015567,18.009588,16.827587,12.638218,-0.097191,-26.216549,1.489673,-2.254892,11.571174,17.385952
[0;32mI (6840) ANALISIS_ESPECTRO: Frame exportado | t=6.18 s | pico=1998.0 Hz | 59.8 dB[0m
SPECTRUM_FRAME,7.204372,1998.046875,59.795715,hann,512,8.287519,38.948360,39.979485,31.949741,34.147533,30.707949,28.418758,45.405449,59.462681,59.627892,46.008461,31.085945,19.143841,15.254822,14.549706,18.976522,47.155884,53.700272,48.238983,20.017464,12.587362,19.822184,14.123040,15.886887,28.956129,44.943233,45.451958,32.414902,7.015361,8.833779,16.778521,6.176072,5.472198,29.272648,36.134449,29.837713,18.167883,12.774639,12.187193,13.493399,14.022301,12.776704,17.606020,18.859003,19.575970,16.644379,18.033539,13.017366,18.786520,14.344426,31.456556,37.721886,33.191582,18.056326,-2.213177,14.939357,15.163223,19.914570,21.737621,39.021591,39.646030,26.028072,12.068047,17.586067,10.590406,16.101170,16.441841,22.330231,32.930164,28.487417,20.072685,20.131668,23.902491,22.078627,24.191315,17.794006,31.962227,35.135311,25.431911,10.022783,10.479389,18.939440,14.411315,19.902046,27.696896,32.826485,28.534374,17.836166,19.506124,17.332804,15.825230,14.551925,20.845804,32.258762,33.579258,22.261362,8.634385,15.312940,11.671706,12.043906,9.733420,19.034647,28.621357,26.558378,9.400334,6.263231,12.099899,8.288193,10.979728,13.437153,25.813793,26.856579,17.494905,4.889910,5.274405,8.137741,15.458536,10.601480,22.285789,29.868879,25.911289,6.332536,10.742113,9.273296,14.444594,2.631298,7.458505,22.982798,24.601116,16.053240,12.337846,11.939683,-0.550940,10.559230,-0.229850,8.598132,11.890301,9.037811,-2.666788,4.068020,6.552017,-5.359241,11.613478,-3.041245,11.020155,11.111814,2.951267,2.000656,-6.510257,7.663035,1.577824,7.320427,14.727495,23.890324,23.005945,10.337906,-6.132769,-0.172069,8.529769,7.457343,-1.109408,20.958738,23.209951,13.013609,8.736481,9.198950,10.285244,10.562839,7.780117,14.704531,25.388491,22.692780,12.269026,8.682146,-2.812559,5.255870,8.501165,5.071982,18.905661,19.690050,10.108424,0.603085,11.220882,11.990078,14.554214,14.340338,14.583645,26.349728,25.720461,12.779085,4.294874,5.252897,6.625381,8.185932,-5.615174,16.924719,19.379217,15.111347,16.233503,7.774423,5.971793,0.645424,-2.073429,9.626075,20.570213,23.685987,14.793541,5.519362,1.135787,8.138830,0.825863,12.995012,21.816895,24.603523,18.948959,3.083660,8.483356,6.161471,11.412448,8.434172,14.903470,22.267038,19.679197,13.356802,8.912879,8.215560,14.208936,12.969371,9.901518,18.299189,23.802492,19.150192,8.692388,0.396488,7.635964,7.217665,13.746614,13.296466,9.855917,19.028818,6.691126,14.053734,7.395674,7.815981,-5.171404,19.203625,20.922073,23.903320,22.834019,15.043883,16.141035,7.840733,16.337002,13.051134,18.777964,20.680344,20.599649,15.109253,14.367023,10.183655,18.821308,11.489470,19.174950,16.601576,23.121632,20.611717,19.632254,16.167543,22.661993,21.254883,22.834215,18.604801,25.333445,23.703611,17.070518,8.183686,16.311705,7.759392,12.103381,13.938049,16.974442,19.963102,24.160776,22.504063,14.930428,16.628334,5.768758,15.697981,15.631137,21.905361,25.625631,19.053394,14.546050,14.747572,8.003832,13.967154,9.989374,13.863127,25.573181,26.564934,17.251627,13.644751,1.356530,18.383974,8.343478,14.521493,23.188953,27.303850,19.542475,14.298601,13.974110,-0.024306,5.950421,12.549908,16.153473,27.543083,27.790730,23.007950,14.917827,15.535374,12.848245,14.005937,15.204897,29.335934,32.774174,26.557373,18.916851,6.903178,10.842834,16.033997,26.650770,26.493273,42.703060,42.446651,34.962036,23.419514,19.139637,36.654129,32.909081,43.486485,53.985580,59.795715,55.914532,47.481457,25.808249,32.826443,20.208483,21.552498,29.681736,41.442722,41.470127,35.390450,20.597067,21.765541,-13.621503,4.411135,7.054281,27.467228,33.178818,30.624706,21.717546,17.966883,13.165779,19.989342,15.400837,16.825169,25.159210,25.958267,21.814459,8.974403,10.822607,13.525619,14.992943,-1.432734,14.305984,21.002819,19.571831,17.207478,9.473744,16.497261,8.821420,11.930761,5.015842,21.971218,23.132383,11.741680,9.738966,13.751859,13.721084,19.238054,11.147512,17.557777,16.950649,14.507654,15.962900,10.052927,15.994004,17.362062,8.733012,16.528509,23.098812,27.809586,20.025272,9.304601,10.828197,13.512770,17.772591,12.296919,19.260021,6.132667,10.395521,17.503101,15.105822,17.257191,20.195379,13.607596,21.382408,16.253393,23.294804,22.321291,17.347528,10.393128,15.686249,13.720107,14.727034,17.303366,16.714817,22.398108,10.791119,13.919613,17.945604,18.500002,11.757817,14.303415,21.715523,22.828209,17.032530,14.984995,5.154707,10.645494,13.477725,0.064106,14.132811,16.892727,-8.344237,8.828704,2.147138,-4.773018,12.756535,7.051195,11.655240,18.463514,21.463602,17.050068,7.391948,-4.869463,-3.582315,2.650943,3.195714,9.038630,14.867219,8.635388,10.184684,11.438371,13.440847,2.653964,15.131551,15.858009,17.238647,20.493195,11.512984,12.347116,4.220546,8.592733,-11.245608,5.960486,12.186097,19.245079,17.168207,13.608177,-11.479243,5.185874,5.194952,-15.824059,7.800852,11.702122,4.737470,10.680473,8.642570,4.602647,13.503420,8.918418,-11.807113,12.535068,18.688377,10.991101,10.533916,11.246489,5.669144,4.827099,2.079101,8.292500,17.266174,18.551434,15.313944,-4.673497,8.240710,-14.308213,9.352906,15.431641,11.094172,16.854025
[0;32mI (7860) ANALISIS_ESPECTRO: Frame exportado | t=7.20 s | pico=1998.0 Hz | 59.8 dB[0m
SPECTRUM_FRAME,8.226737,52.734375,58.758106,hann,512,34.733547,35.367138,25.604855,18.458452,20.615860,19.260275,24.474106,44.605080,58.590256,58.758106,45.392418,25.047110,19.254868,12.887506,21.092144,8.532860,45.486969,51.907700,46.363979,17.646929,-7.916386,17.288391,-1.862787,15.348764,29.717045,45.110283,45.619274,33.483013,15.036483,-0.728816,8.422071,6.108354,17.915920,37.228233,44.027924,39.216187,14.588280,5.524336,7.787667,0.220520,13.412185,24.586678,39.532639,40.413517,29.431061,8.490881,11.222116,5.315915,14.082647,11.308731,19.306168,24.311789,19.183786,15.390934,13.539305,16.198776,14.403347,18.903749,26.106419,37.853443,38.275700,27.201180,5.487399,7.698760,-9.143407,14.869621,14.389532,28.283537,34.176029,28.961205,-4.139800,11.536322,9.470522,15.323558,17.752316,13.957321,31.829634,32.400299,21.999023,2.823574,12.695146,14.709869,17.325525,19.544222,16.564728,24.019115,20.206165,13.052005,-7.204463,0.086208,6.248844,12.320040,10.356151,22.349304,23.385624,18.283985,10.207260,5.655853,8.921042,10.408288,7.069250,22.955389,29.269989,25.688799,10.226158,15.612900,16.110626,7.065135,6.170761,11.215832,30.175510,32.523922,24.934368,-0.215499,18.942207,18.712185,13.317038,9.790411,22.285032,29.024982,26.041241,2.459178,12.377563,11.732856,10.750026,-0.674968,14.633879,25.411489,27.178850,15.851662,13.305170,5.814051,8.493074,-7.736504,4.951668,17.675234,26.868326,24.596306,13.329813,8.807549,-4.963837,4.478605,0.330482,8.488731,27.880756,29.833820,19.859900,-3.230952,5.050771,5.086977,-1.206727,2.960794,18.222887,26.757389,24.317320,10.652836,3.356023,4.827163,-0.442075,1.276871,10.891562,26.198547,29.260735,23.166527,10.956783,1.905743,-4.144113,-0.210790,1.633978,4.631660,18.972893,19.410042,7.617023,2.506968,11.247310,12.861892,7.403821,5.044257,20.888935,19.943125,5.048355,-4.810519,-14.308176,-0.104143,6.463521,3.493569,-0.788278,-2.108943,5.276654,6.455607,9.412074,6.313624,0.672328,0.434485,8.979971,18.810080,20.352247,14.483131,3.877105,-15.780451,-4.322826,1.493403,1.171931,9.656054,17.201437,15.325437,11.149933,9.711905,3.781624,0.062793,-5.567772,5.035703,21.268513,21.065346,-2.164567,0.314486,-1.144605,7.145019,5.866217,6.858235,9.516689,10.214744,7.991810,0.949335,6.766999,5.271203,7.476701,-3.711307,13.355989,18.019974,14.489811,5.741130,5.562915,4.727780,-1.353049,-1.961170,2.376150,-0.619246,-9.801600,-2.029217,-7.884624,-2.730460,5.830233,9.343994,7.466457,2.710313,3.533905,5.515029,7.208474,2.512316,-9.285756,-1.419237,-4.481650,-5.858413,-13.758314,0.153796,1.104271,5.007514,6.875093,3.923044,4.371814,6.788345,9.068558,17.250914,19.171825,6.348313,10.824126,1.979727,-6.416760,2.872988,0.522751,6.313794,8.029690,8.154658,8.193987,3.276532,4.501130,-0.793749,1.742278,0.048928,7.505060,14.821362,10.539850,4.737487,8.928939,6.411306,5.068111,7.455642,4.290982,20.954512,22.358448,14.775010,3.006082,-2.815422,3.933713,2.084861,4.895342,7.987177,15.596506,10.809519,7.917743,6.495461,1.646815,-9.848329,8.721066,-0.167885,20.253990,23.173666,8.663919,7.740549,-5.818023,6.660313,5.337996,1.356575,2.269068,11.529238,13.573095,7.611673,-18.586952,-0.882645,-1.814978,1.512689,5.645658,22.358517,22.935160,3.847749,14.345998,6.841680,12.666721,4.071136,-5.153005,21.638599,29.229097,23.155327,20.101906,16.058634,10.692156,11.524822,9.345737,7.499870,35.724255,37.072510,12.199480,24.295073,14.269125,10.916990,10.305291,13.441647,18.305994,27.440977,21.693590,15.069914,12.620745,6.094102,5.411123,5.426993,0.680946,22.803648,25.168819,7.993884,13.643982,3.584073,9.759626,5.328791,6.506683,-1.903811,13.080389,10.265056,-3.641407,2.680311,4.469119,0.746416,7.876457,5.955369,16.371668,17.720654,8.137520,-8.495377,4.957935,-0.001635,-6.890600,1.507553,11.890219,16.851942,8.590345,9.229788,7.974877,3.651243,1.968784,5.841918,8.242269,2.258499,8.316575,3.249883,11.114588,5.595591,-1.635024,4.772802,8.522522,-5.454946,17.252474,16.079586,9.798952,9.506367,6.096692,6.311347,2.414892,-10.339624,13.757110,16.569822,7.496333,2.385880,0.931669,-0.340025,5.596944,12.000273,13.063026,13.792660,9.133392,2.651422,7.860651,4.538513,-5.347945,-4.481120,-4.403898,11.817655,12.372502,-2.582683,3.195564,-0.407184,4.035131,4.662337,10.049421,10.918467,6.059669,12.027359,10.649206,13.532351,8.699142,1.385337,0.746989,3.588108,13.130070,16.158279,7.446005,-1.458307,3.257962,0.060134,-3.237282,-18.441574,8.619389,14.990722,8.133953,4.501636,4.844729,-4.795932,3.170604,-3.545185,-6.161355,9.929529,10.977404,-1.220283,0.069866,3.120408,2.309654,-3.046403,-1.958410,0.353277,14.381506,13.097080,-0.588208,3.548293,-0.753229,-1.562518,-2.729540,0.749101,4.225089,5.196121,3.448599,3.818431,4.885883,-2.232085,-0.824395,7.489402,1.830674,6.205370,8.568804,-2.808278,7.292298,3.873602,6.089051,-1.316453,4.234636,5.049899,0.055105,3.828292,-0.146098,-1.820348,3.101702,3.819058,1.741919,-0.255899,9.272207,7.869862,-10.674685,-0.629023,2.649488,-2.188809,2.994129,0.842651,9.400579,8.811611
[0;32mI (8880) ANALISIS_ESPECTRO: Frame exportado | t=8.23 s | pico=52.7 Hz | 58.8 dB[0m
SPECTRUM_FRAME,9.249092,52.734375,60.034489,hann,512,31.071365,32.738495,23.268015,16.599562,1.701627,23.798679,27.552002,45.742439,59.844341,60.034489,46.434513,30.260115,16.581253,18.848970,-8.268282,12.988624,45.487598,52.145973,46.778435,20.297890,7.056387,2.862867,17.125246,20.015198,27.778198,43.129959,43.611069,30.254078,17.272179,8.499911,-1.607383,5.195384,14.414392,34.078419,40.321407,34.361580,12.630966,10.602683,8.670491,7.282869,8.386580,23.298910,34.521946,34.648228,23.015717,12.519723,14.233642,8.200980,9.923733,6.007679,27.524036,34.434532,28.647783,12.241838,12.611503,4.621241,7.855785,7.516145,25.080311,38.852310,39.544800,26.859491,11.326085,11.715073,12.185737,11.474990,11.925721,26.923132,33.174953,28.000702,5.543921,5.181324,15.300727,12.244339,6.479589,19.190195,33.970303,35.625439,25.709442,-1.548721,1.331353,12.098272,13.203758,13.354121,28.140495,35.016674,30.452631,12.143204,1.221959,5.086910,3.315354,0.932141,16.455233,32.182243,33.764576,21.652882,11.036625,5.182304,8.132049,8.041891,5.701941,25.345226,33.052677,29.371914,8.561048,-6.717780,5.087920,3.227381,6.212592,-0.307903,11.970556,19.097347,12.422268,-3.540588,10.473304,7.233132,1.716483,6.981183,25.047356,32.603821,28.980503,13.819656,3.459221,13.042869,9.678293,9.189943,8.541924,23.071507,24.574097,14.440870,8.148490,10.235016,3.678744,-0.786456,5.191073,22.024725,32.498013,30.235706,11.278379,-20.976971,0.877956,4.409698,12.293383,15.861897,6.289375,14.855075,5.603046,2.677235,1.659965,7.929285,8.825612,8.162554,26.178637,36.143478,34.445831,23.331947,17.560366,6.954522,-1.113264,15.559306,15.058865,41.416275,46.546455,39.929146,21.519518,5.546903,11.725948,-1.718988,31.728289,45.461292,57.866287,56.504875,38.946960,28.810364,26.874664,-1.413917,11.661356,14.593143,40.495682,45.318878,38.928265,24.505644,16.951601,8.848010,2.718562,10.924656,23.657139,37.080734,36.325672,21.312153,16.691093,8.663281,12.018091,2.111651,7.803795,22.941795,26.185167,21.923882,15.841104,-5.048889,4.804252,5.367765,12.292708,15.886301,30.484468,29.645287,9.501712,8.147365,7.156561,2.322956,1.529593,6.273961,20.818146,28.956623,24.826694,9.069261,10.016279,13.869738,11.347642,8.308565,10.430231,23.568087,23.927994,6.908533,2.115386,3.110247,10.532142,8.187140,6.330289,25.190104,30.719320,24.404974,5.147452,6.965896,6.079884,-3.904684,3.757967,11.508227,25.665230,26.472752,12.755875,4.438966,-2.457124,8.657183,9.752007,-0.180938,10.044948,21.716043,15.861656,13.857306,5.082073,9.252554,5.226626,-1.526354,4.847367,21.211094,23.209801,10.915514,6.339612,5.828733,9.749011,10.015731,11.180285,25.080891,29.975138,22.062120,13.178511,-1.766840,11.986591,9.913157,2.329031,14.089560,22.158680,21.841681,8.125895,12.806318,7.881961,7.141130,6.548266,10.767521,15.112920,25.360250,19.867073,14.830879,5.991082,6.948174,8.893406,3.965099,13.962422,24.491751,24.050793,5.755026,12.528055,3.920622,5.640602,4.551812,7.697268,17.714403,25.918531,17.012213,17.955053,4.768934,9.481220,9.217823,12.087957,13.882361,23.279724,26.466494,18.031887,-1.572134,6.331453,4.569463,6.970686,0.165152,11.104765,16.602146,8.954000,13.481865,2.162320,5.316729,-1.182748,11.902311,16.716055,16.109499,16.657663,16.372164,17.677338,5.101863,8.690537,8.604774,11.791122,27.275742,37.216297,36.213646,29.247971,23.249819,19.664324,19.971622,6.393869,25.043354,41.670670,44.711895,39.367580,37.264687,24.266722,10.924331,20.129930,16.354713,27.072758,35.953117,35.909229,30.821213,20.252617,3.771434,0.444814,7.445693,8.648914,22.652037,27.686642,23.355684,15.197371,9.807108,9.113314,9.712118,10.755468,11.500656,26.246872,24.124678,12.036599,9.441769,7.040346,7.422755,3.787414,-0.391192,9.058575,14.180888,20.227272,18.217865,5.215046,9.358137,5.056866,8.585093,8.533164,22.877682,17.700939,18.595425,12.715516,5.480403,1.370095,6.976448,8.913602,11.638726,6.776228,16.443138,19.484190,12.836803,5.771746,11.794576,7.064558,-5.057732,11.234132,11.115742,18.164589,14.041404,3.723932,10.604307,11.500072,7.835462,13.423904,12.596517,17.214754,20.011570,10.459777,6.676729,11.548452,11.786329,2.716302,16.438234,4.795570,17.167160,10.026203,3.088452,6.131689,2.977266,7.539623,6.861155,1.738968,14.969187,18.283123,12.402321,2.138844,-1.581780,-6.017155,10.724010,19.180033,14.820800,13.969074,15.244732,4.499721,8.977287,10.765895,6.156461,10.820749,14.132582,16.382233,15.971687,4.412041,3.861686,0.918018,7.176002,6.901948,12.593550,6.110759,18.835697,14.192327,6.489537,3.245691,4.546914,5.768061,11.503183,18.425915,14.431087,15.704365,9.286536,2.049516,4.122124,4.013103,9.491558,5.882864,4.166390,9.162552,-0.537926,6.202622,0.610887,-18.684290,8.887196,17.456619,21.213318,13.912603,19.103830,7.407622,2.952650,5.605246,1.287585,-0.636538,16.989769,18.179186,11.860839,13.208953,8.951856,7.456028,4.022546,12.237022,12.858862,23.919693,20.252407,22.924177,14.994134,5.741482,10.331484,10.412059,13.692174,29.407764,33.068501,32.656803,29.216919,18.219458,4.760138,10.077585,27.973021,35.126778,44.665924
[0;32mI (9900) ANALISIS_ESPECTRO: Frame exportado | t=9.25 s | pico=52.7 Hz | 60.0 dB[0m
SPECTRUM_FRAME,10.271450,52.734375,59.388004,hann,512,32.328014,34.459629,31.068188,21.468945,15.242725,22.569445,28.761631,44.784660,59.224735,59.388004,45.622196,29.402309,20.127625,12.440609,12.281038,20.190037,45.244488,52.036057,46.572437,22.164696,14.700689,4.028228,7.582371,16.023899,28.304808,44.371090,44.885216,31.425209,13.819175,15.541800,12.209140,9.259604,14.620342,29.966230,36.882294,31.011438,13.269072,0.271676,11.474700,10.685751,-9.261952,17.057316,27.458704,27.726208,15.286784,12.403296,13.130479,2.024716,-4.900932,8.089603,28.447817,35.849693,30.315321,1.170096,3.332276,0.578998,11.385456,7.016994,23.853540,38.784000,39.822376,27.292795,13.240372,9.942456,6.446771,8.582391,11.581254,21.210472,28.016251,20.413601,11.828407,-2.148110,2.434781,-3.960159,10.413880,1.942451,28.504967,30.226112,17.768711,10.010229,7.412878,6.321217,11.340685,15.310449,21.616833,30.871410,25.861443,3.880516,4.634004,2.541703,6.416673,1.558068,6.331140,29.287233,31.020241,19.827435,10.909712,-0.107750,2.356732,2.027251,10.118782,15.771093,26.227219,23.261421,8.141867,6.438690,6.328506,-1.844049,5.377104,9.792422,26.404192,29.617968,21.776466,7.056461,5.526756,-5.261228,-17.256052,-1.465725,16.260929,25.848055,23.459997,11.872596,12.294020,9.653546,9.372381,9.563888,8.426464,12.127604,18.166328,14.542431,14.108538,14.898348,3.063950,4.834731,10.790111,14.194288,27.534163,27.171783,17.797266,-0.825923,1.916087,7.504317,-9.642921,16.809446,28.084763,30.534708,22.340015,10.503173,3.923656,12.786283,10.070595,6.588446,21.563547,33.358341,32.845367,24.086491,13.536216,7.044354,10.494746,10.742138,15.751840,41.633488,46.866241,40.317238,23.074188,15.306057,6.944425,5.116432,32.052711,45.566425,58.023216,56.738621,40.161156,22.720491,26.894650,16.834805,17.384687,17.122995,40.641678,45.881363,39.820915,28.031837,22.602657,7.787274,3.059292,13.208051,24.850418,37.324760,36.459000,22.260849,14.826727,5.319925,10.594765,6.087934,9.237118,26.717394,32.709774,25.288696,10.036739,8.548489,11.080742,10.641048,5.385000,10.219150,20.866676,21.332020,13.466901,7.293390,5.857781,4.807317,-6.381036,10.108099,18.108362,22.267342,14.504199,4.057753,6.506548,2.308218,9.156765,5.173045,8.926899,21.976276,21.458933,-0.733041,9.316207,1.898906,2.423783,-1.455446,4.354002,24.561768,29.229548,22.401794,3.236543,5.398759,5.957110,6.145115,4.986928,13.224098,19.345778,15.960510,10.078569,13.924083,6.792312,-4.518680,5.388575,5.116482,18.770208,25.290068,19.230068,10.055124,9.463881,3.290895,-0.459043,-1.382955,5.894513,21.247675,21.882589,-1.402840,6.883888,7.185934,9.064228,-2.953231,3.417098,21.035011,26.486061,19.496513,7.053149,3.437854,3.358159,5.469099,-2.052472,8.043646,20.397501,19.763144,9.809816,13.069534,12.061130,6.935850,1.275404,3.934575,7.818110,17.237679,14.041902,6.813656,2.004319,6.770242,1.563141,1.222261,16.916283,23.715822,20.479301,14.749367,16.733967,8.573441,7.625785,7.120411,0.328808,14.972100,17.712685,4.254117,12.547699,-2.698539,10.414373,3.931807,0.728704,-0.507805,18.028244,21.483133,17.776175,14.776263,8.206863,6.208683,1.142684,6.460163,14.294404,22.051136,19.645243,18.931158,14.253359,-0.782825,5.443808,10.811853,17.940161,22.566660,23.935318,21.530798,18.725670,15.523869,14.711595,13.060905,10.908979,28.008400,37.721619,36.706589,29.002892,17.904545,8.354872,15.174984,19.550255,20.890453,43.340065,46.157650,39.549843,39.176247,13.868789,21.307579,17.260063,-9.368620,25.017578,35.866196,36.107285,31.522867,22.562056,8.618899,11.924833,14.389993,14.879148,17.459854,24.223892,24.695965,20.875359,12.899111,7.885704,1.690506,7.208376,16.798883,25.633440,25.302952,20.697300,14.888256,-3.786438,-18.411802,4.213289,7.985771,15.256540,15.791922,16.097591,14.570784,5.223559,10.532299,13.073103,9.090786,13.722536,21.200367,17.719711,8.457649,9.839135,7.171807,5.399542,3.777021,1.777007,12.163900,15.955767,-11.328658,12.882668,6.031820,3.159554,6.770805,9.821764,11.431170,6.152732,8.737471,13.435619,12.210460,8.020267,7.980862,7.460857,3.275111,6.436742,4.931375,15.444759,15.499451,2.307165,-10.617401,-5.589826,0.670904,10.072446,15.624397,15.150600,16.950024,11.045525,1.211182,11.211886,11.264282,7.796412,4.818820,-1.836143,6.214775,9.663213,-0.591248,5.037961,-2.969444,-0.928725,8.987760,13.619094,4.488967,10.202132,6.880028,-1.643123,5.024798,11.019905,6.583842,5.647425,10.620783,12.913226,13.609018,10.462404,2.868556,-0.559460,-4.993411,0.194021,6.405749,13.740195,15.926714,8.359030,1.897780,0.807645,1.843828,4.123887,8.127808,10.815960,8.857209,-1.815856,6.143739,2.406469,-5.106600,0.545484,-2.238427,12.465669,11.008150,5.607584,3.907717,10.140808,3.574215,-2.984097,8.946568,10.495419,16.899393,16.926966,14.981097,0.308724,0.629083,5.435479,6.993471,12.373890,8.892054,4.337706,20.081852,17.990465,-15.794462,4.740617,1.716745,12.603616,15.547271,23.432684,23.703465,24.565117,15.213462,4.343693,-4.252208,11.050684,19.159418,31.505554,34.665394,33.542110,27.769642,13.404345,12.201109,11.645477,27.972424,33.880714,44.563271
[0;32mI (10930) ANALISIS_ESPECTRO: Frame exportado | t=10.27 s | pico=52.7 Hz | 59.4 dB[0m
SPECTRUM_FRAME,11.293815,52.734375,59.891415,hann,512,31.228889,34.632122,34.865944,24.819279,17.509491,19.083942,31.329483,45.118401,59.656097,59.891415,46.121147,30.058516,21.139130,19.185320,13.511559,18.427057,44.825401,51.939400,46.856491,23.131088,-4.251815,2.990846,11.260504,9.546951,27.841618,43.285194,43.806313,29.869106,10.734868,18.688465,6.021906,9.904733,11.989647,33.663116,39.952271,34.824692,13.880366,10.386652,11.036349,6.649355,1.772305,22.028677,33.882053,34.518131,24.220287,-1.670181,-12.736048,-1.108700,-1.652417,12.204226,27.350046,34.991112,29.633984,8.583755,3.707438,6.636337,7.117684,0.048385,24.991817,38.398930,39.497749,28.713741,10.532771,10.992004,3.653803,3.938892,8.731563,25.931164,33.088932,28.300972,14.264946,12.354650,3.551762,10.531654,16.128296,13.155002,32.960354,34.882607,22.886621,12.080922,7.568734,5.143998,11.879760,3.127047,27.243471,34.517635,30.221613,5.205144,-0.982187,-9.375942,2.275750,6.394510,14.595119,31.942137,33.786789,21.683735,10.655987,-1.570635,1.323796,5.280426,-0.529320,24.790972,32.663837,28.789597,0.068793,4.418800,10.543821,12.948627,8.035115,3.966103,19.122517,20.896837,11.727237,4.707029,7.096559,-2.747927,7.771237,4.966542,25.229679,32.558712,28.876301,11.767199,-1.506922,5.455134,3.965036,6.471483,15.221019,23.596476,25.805082,18.302378,1.403764,11.360851,5.612256,12.313562,-2.436583,23.392475,31.861549,29.741220,16.947594,5.463768,4.072995,3.305992,8.992676,17.140371,15.474354,16.897823,3.587562,5.586329,-5.647212,-4.409815,10.910866,6.634082,25.527971,36.057800,34.832832,23.116247,-3.883071,11.084869,-4.692231,16.293232,22.006237,41.750828,47.020630,40.672127,26.421015,4.227656,10.491735,14.319800,31.884920,45.140911,57.663654,56.420738,40.020638,20.459873,22.539471,17.087881,17.829350,17.694818,40.326248,45.740299,39.081032,27.344936,14.493723,8.732619,17.480417,6.656251,21.439949,36.664330,36.343235,23.577839,13.068676,9.030848,5.258992,3.631920,13.015373,24.525139,26.290352,19.912819,10.941704,7.561180,3.758202,-4.318886,14.093951,16.417171,29.357376,28.002254,4.632380,8.953509,5.570936,5.081549,-5.593815,11.106930,22.367575,28.349655,22.350275,8.366286,-3.848145,6.255398,8.459118,1.642647,5.726945,22.602539,21.998415,9.094746,10.674396,3.619717,5.225550,4.191329,5.560529,25.789188,30.263218,21.440813,12.941433,4.273633,5.007723,4.003291,8.322963,15.589378,25.097591,24.311703,-4.420987,6.306971,1.623682,5.075168,8.522860,11.389078,14.565620,21.494835,12.534909,15.925491,8.001391,1.802113,-0.014310,4.897767,13.586830,21.721933,20.224104,12.493084,14.435039,4.317275,5.908460,2.111651,7.464503,24.314304,28.870384,20.739058,12.850708,4.654865,7.206583,0.871265,5.094018,11.643852,22.893234,23.143873,9.220850,9.624265,0.967080,-1.047109,-8.160382,2.282326,18.260328,27.089632,21.801031,14.418101,6.001025,6.531913,11.788507,11.514894,15.743070,24.201241,23.781998,17.229881,18.316944,11.125674,4.670821,10.329449,7.923576,18.036812,25.594709,14.215553,20.297640,11.641488,8.833102,0.079594,-6.559598,3.008621,23.330273,25.924591,12.714603,9.272166,6.800162,10.151620,8.924908,7.882326,-10.308224,14.404583,8.043049,18.876547,15.077186,7.536836,10.739102,5.903590,19.733599,20.730398,12.067204,19.294188,17.842854,12.702912,10.385450,7.424780,19.254007,28.500019,37.382908,36.429008,29.475004,16.562937,14.246986,20.015186,25.168911,22.822994,43.954010,46.987785,41.243034,40.368706,16.790741,24.186176,17.375696,20.384716,21.827621,36.314137,36.429245,31.121735,21.278036,11.241585,8.993255,5.707543,14.304753,21.450064,27.410690,23.288652,15.403032,14.304300,9.294614,4.529111,4.486263,16.249573,26.604998,22.763680,13.124088,1.873198,10.040133,1.282581,-6.315582,9.424263,11.453526,16.561392,17.694019,18.563301,3.821726,10.651999,11.747809,1.365181,12.855615,24.581240,20.442104,16.282101,14.523911,2.745240,11.034755,12.117939,9.487128,15.200757,18.481480,3.140569,16.882465,11.954002,-0.318175,11.216702,5.453742,3.486575,14.962398,7.403383,19.223471,16.539295,7.615533,4.109937,-0.754560,3.988981,12.071529,17.777290,14.545815,21.199625,15.416411,5.037673,8.910143,6.839937,11.321175,20.046833,17.098169,15.881057,17.092894,10.525682,5.463135,7.769454,-1.907782,2.599998,3.036889,14.439139,18.546530,12.545959,1.631346,9.705400,3.879564,-4.106424,16.318607,10.403110,18.306881,17.624363,11.060161,6.119120,-5.590637,7.707759,13.603873,16.474964,17.157747,17.343975,12.553974,5.953907,-1.084900,5.118940,4.219332,16.705921,14.219971,15.014997,11.048421,8.297844,9.944229,4.099515,-0.225291,8.503230,16.337671,13.083506,14.035596,11.679645,6.683475,0.254327,4.537853,12.084164,13.029608,9.768971,8.167131,13.401857,14.530021,1.501741,5.831723,9.587362,19.221207,21.772329,14.405078,18.063049,11.173536,-0.264357,-0.679376,4.937401,7.808497,15.354296,15.700726,12.588072,16.318312,13.208413,8.395609,7.956471,13.761036,12.496529,24.167835,23.743378,23.504068,15.224939,5.249383,7.392314,7.230071,-12.395170,30.277288,34.070248,34.435089,30.847208,13.682017,16.732771,13.458141,25.209578,32.469994,43.386551
[0;32mI (11950) ANALISIS_ESPECTRO: Frame exportado | t=11.29 s | pico=52.7 Hz | 59.9 dB[0m
SPECTRUM_FRAME,12.316184,52.734375,57.665237,hann,512,35.048626,43.165619,42.641178,38.125111,28.713310,26.954254,34.700527,43.891045,57.519737,57.665237,44.474236,24.803288,23.584736,16.214571,8.058249,8.905545,42.238632,48.854984,42.856346,17.138247,15.292281,4.168272,10.139998,0.764377,28.400360,41.340454,41.290623,25.760250,15.149521,15.423845,12.605175,10.608046,12.109824,27.402016,34.429707,29.055874,9.613128,10.815072,9.575020,9.563130,9.824303,4.992983,25.579773,27.441149,19.327766,10.024105,9.068144,10.301283,14.097814,5.703006,28.180317,35.720020,31.181091,11.265521,11.545021,8.540224,11.899829,11.094197,24.504211,38.717533,40.053844,28.965063,10.677953,6.258546,4.758751,-2.948593,3.793478,22.534557,30.872856,27.307884,15.797682,11.596722,8.805694,8.712461,2.614816,13.095104,30.695141,32.935623,21.965076,12.033753,6.387228,9.838978,15.381756,12.073373,24.467285,32.446251,29.368160,14.704178,8.215229,5.290624,8.707735,10.429234,17.994057,32.272343,34.026878,22.786629,13.056239,9.886553,6.985907,5.526108,9.378706,21.883505,28.873013,24.835312,7.336767,12.079431,11.140980,10.774220,11.882298,15.666586,30.324017,32.202141,20.271500,15.181877,5.232052,1.589603,9.265091,12.982502,20.365040,27.639849,24.074982,9.603740,3.604145,6.775604,0.663055,6.933138,11.582554,24.434511,24.765358,13.046876,2.282980,7.803888,6.203110,10.806637,14.110929,17.544439,27.937351,26.469978,13.536691,9.180560,11.591318,8.521040,14.086002,13.361039,25.749514,28.682068,20.737644,14.194559,0.284313,3.546210,14.923047,11.591198,23.168764,33.132084,30.436600,3.633134,16.375864,20.407276,20.496675,20.870054,27.272903,43.790573,47.158646,35.904457,32.605701,28.103827,33.567661,37.036118,37.087860,41.818909,56.274582,55.449654,45.838470,37.789978,18.017105,33.317226,33.735794,33.580551,43.400948,47.161819,38.164925,29.438057,22.944725,17.149651,15.544355,15.777575,23.099030,34.302849,32.892582,11.045193,15.700985,0.669048,13.432266,14.706645,15.872454,29.767096,34.119328,26.977701,0.934587,7.308434,8.978526,-0.029356,10.554934,8.426411,17.352272,16.570080,6.948076,1.531807,2.773363,6.084332,1.967343,9.423837,17.628630,18.748402,12.383122,9.129525,3.833432,1.736728,3.713261,5.901475,10.063872,18.645916,16.118031,9.940766,13.190001,7.126318,8.062384,4.790950,9.971047,25.746712,29.328384,20.548925,13.044921,7.504866,5.322694,-5.361724,5.752322,10.417290,17.390316,14.387615,1.672807,11.257803,11.582249,6.693237,4.443647,7.335678,9.226137,18.250820,11.025633,14.215115,10.442843,1.761891,-3.086388,4.567565,-4.879765,16.873676,18.017597,5.416000,12.741195,-1.143626,8.979248,14.457933,16.384371,23.620052,26.546562,18.484360,12.985298,13.559799,9.404253,8.172564,12.850523,15.080852,17.377575,15.522734,-0.464588,4.588572,9.636911,13.023873,9.428150,-2.419810,11.150787,18.557499,13.011569,11.124092,10.848733,11.871298,11.979595,13.721480,22.334511,24.199335,22.168106,12.229365,10.070710,0.358609,8.215654,7.798786,7.544822,13.134156,11.851130,4.312166,6.042985,4.148448,-2.748557,-0.444897,2.567932,7.683023,9.846509,11.288542,5.538859,12.187768,11.409402,9.662306,9.690755,6.211114,10.921896,20.486629,17.078297,-0.823804,6.445086,16.952826,16.912066,7.245925,14.462559,21.928892,22.672001,8.793598,18.111660,16.270147,13.886456,19.254190,22.938776,31.058065,37.303120,28.752691,32.734055,34.312153,34.498650,33.140743,19.575716,37.082573,50.137665,53.385803,46.237720,31.711948,35.327408,36.526840,33.827728,26.340271,33.307770,39.778618,33.567158,30.521385,28.895546,20.071472,19.091825,15.683059,8.592571,16.980589,18.064827,-19.138691,12.262221,14.496811,14.535227,10.342136,-7.485025,16.990835,25.011055,23.606926,5.976427,5.690655,5.194478,8.503898,4.088896,7.732130,13.222142,17.147442,17.624098,16.164146,10.527494,8.684722,10.663956,12.648325,15.781454,18.586143,16.244009,6.701152,1.597009,7.971747,8.948522,-4.468495,7.779305,16.923899,17.257742,3.086059,10.840185,9.569323,0.821321,2.510048,6.514430,12.574055,19.566372,16.599060,12.452610,12.691374,0.170713,6.679986,8.664892,2.793936,2.108325,2.017323,10.760773,12.267471,4.563971,0.105271,-2.356587,6.065427,13.764673,17.597126,9.647094,13.326350,13.686483,14.054663,12.257228,5.207531,1.182159,10.594398,14.405302,6.396970,1.382371,9.686005,11.480921,8.566395,1.585100,6.347175,14.872203,4.133895,16.252319,12.361703,2.085801,9.019962,11.741691,10.353348,8.790613,9.571419,9.363374,14.864707,7.181067,1.775987,8.416015,10.240904,9.629315,11.874792,8.792422,13.902302,15.036850,12.894024,10.910269,5.658411,8.488751,14.807483,16.404791,6.397188,11.698586,12.211515,10.143402,5.117406,4.568351,8.067573,2.426125,11.578627,10.008482,1.867011,-1.378298,-3.295609,5.895533,9.971089,13.294304,13.172770,7.827704,7.610878,8.245911,10.898042,9.261780,-2.264740,2.737320,15.475007,17.485195,18.627684,20.158714,15.731583,10.336414,10.125523,12.672505,19.308594,19.573193,12.622428,17.840483,8.783067,10.357885,16.617657,21.135609,25.522234,33.070267,30.072075,33.480492,36.972271,33.282169,25.749025,28.975582,38.489311,41.991844,45.945030
[0;32mI (12970) ANALISIS_ESPECTRO: Frame exportado | t=12.32 s | pico=52.7 Hz | 57.7 dB[0m
SPECTRUM_FRAME,13.338534,52.734375,58.399387,hann,512,28.465328,41.223736,42.598957,29.949318,30.575018,29.372101,26.582417,45.609379,58.336746,58.399387,45.619820,25.093603,21.097450,23.392010,17.260920,14.223698,43.670250,49.983597,44.261909,17.211554,6.795930,14.953313,16.322720,16.645998,27.662552,42.732960,43.350010,31.537989,0.894350,9.528509,8.396026,7.846509,7.721245,28.824739,34.571777,27.997324,16.380789,13.990345,15.168514,9.986088,13.379341,8.234877,26.082722,28.324186,16.582329,-10.353170,11.760567,8.692076,12.841301,14.058943,28.758862,35.846992,31.378593,12.841990,10.534647,4.531954,5.271199,4.475030,23.924330,38.133099,39.519428,28.735630,-0.529108,12.464887,7.641163,10.035390,7.852247,22.260445,29.262054,24.987181,15.365158,6.360498,14.130672,12.682303,11.147495,19.105133,28.602192,30.103331,23.767601,14.847334,2.125751,14.288484,10.475287,12.248142,25.511814,32.239269,28.367479,10.792673,5.590157,10.159463,10.328905,7.627258,16.833380,30.525587,32.181087,21.729572,7.355412,2.279714,3.613014,15.270175,18.184988,21.132435,24.873198,19.951651,1.676212,-2.875996,-2.241200,4.523647,7.408286,11.764359,27.372219,30.350426,21.373690,8.893328,5.446999,0.219991,-3.155984,5.220122,15.198586,21.974928,18.244793,10.779411,-1.548190,3.092599,-1.299501,1.997436,10.972038,26.277592,28.869799,20.406971,9.607956,11.230886,0.765597,10.497797,10.611378,17.424738,26.148073,23.684761,8.548651,7.363965,10.127072,10.740785,6.466654,13.556877,23.203644,28.259733,21.410816,14.312707,15.986714,15.640203,15.441309,15.888156,21.506233,31.289637,29.955904,8.200432,18.978348,18.696146,21.641829,21.225971,24.226936,43.213543,47.396843,39.704563,30.176212,29.644869,22.745586,27.380140,40.193932,40.331787,55.304073,53.937714,40.002167,31.786011,35.443890,30.821411,21.980137,30.548214,42.583279,47.131687,39.948940,30.778011,22.122711,22.493895,4.525710,13.401908,24.553576,33.803677,31.215042,6.259315,14.477520,8.767840,16.290401,17.061649,17.002331,28.138435,32.894249,26.171179,10.541753,10.806570,15.505852,9.564672,12.153023,3.867975,10.765123,15.541154,15.860587,8.478813,12.096725,12.949018,8.151341,7.676273,9.561106,10.826096,9.037812,4.132172,-8.898561,7.354057,11.354337,8.814631,12.186409,23.729580,20.643099,7.017665,11.995301,4.909044,3.146713,4.114429,7.794282,25.063076,28.386261,17.763468,16.458168,13.474510,1.592043,10.863465,8.314809,4.706260,8.688069,6.593604,14.790378,12.293215,9.392603,11.204997,4.380199,14.155725,16.942982,24.228161,17.233601,14.197368,7.102034,5.144886,8.124422,8.774536,1.257289,19.650795,19.735163,9.608519,4.309567,6.911549,10.246806,-1.729258,10.090474,21.933800,27.113972,20.352535,3.482871,7.390654,12.307172,7.237635,5.030705,1.590881,19.529341,20.806728,12.976030,-0.606906,1.806884,2.527848,10.842166,10.196428,19.758265,22.968512,13.351088,10.769079,1.963534,3.960073,13.918023,15.593934,20.639126,24.850855,19.789743,11.714619,11.356575,-1.299145,7.229860,0.204998,10.160070,-7.152276,13.918278,6.586049,8.820725,12.694715,7.893986,16.274193,14.592252,10.785298,13.900785,14.801157,4.997632,7.700784,10.146015,5.847712,10.688573,13.142908,12.010865,24.455914,21.962481,20.258743,19.135115,11.753120,15.766555,13.187080,13.115806,23.994633,24.538887,9.664168,21.799553,17.001366,16.189688,16.668795,26.608334,30.034061,39.003216,36.399387,32.496983,29.899673,25.008694,29.949873,33.488461,27.821274,49.702011,52.916241,45.422855,34.899574,37.375866,32.416664,21.611767,30.216026,30.153156,39.293171,36.472256,32.700268,26.252039,22.084940,16.079700,22.112673,18.720207,15.720787,12.288086,11.275096,2.649534,16.200888,14.242645,11.390163,19.486824,11.672221,25.657600,24.617867,17.243063,12.804647,12.856202,1.104884,9.659247,2.469347,15.582147,17.488045,12.390844,8.534536,11.533008,12.070336,6.465184,10.345730,12.431135,17.830366,15.548345,6.939302,10.445778,10.792565,12.503393,8.479405,-3.342948,11.514243,16.090410,7.309870,-1.511902,1.508096,-6.183261,1.333602,-1.920632,12.686308,19.807220,16.600101,16.367552,15.601212,11.029343,3.778851,3.288992,1.676093,6.955232,7.042313,7.463255,13.099874,9.092606,5.031302,7.076933,3.062438,5.741367,19.027884,19.307434,13.009722,4.931245,11.621372,11.303480,2.696256,-3.140499,6.325929,12.083786,13.030046,15.662018,15.997134,12.401077,0.780592,11.494228,11.877464,18.671196,19.741333,19.376724,18.263132,7.819944,7.741509,11.458429,12.831965,16.177570,15.764315,7.747190,9.403876,10.031662,7.011650,1.054353,0.131715,8.663887,14.313321,13.859222,14.423923,12.157654,7.300462,7.413369,-0.458902,7.297238,10.903902,9.224297,15.390988,16.702291,14.565057,15.586757,12.876229,5.717459,8.422626,14.137230,15.516607,15.981275,15.566507,11.531033,11.630054,5.749500,11.041151,14.876583,11.246109,3.541290,14.831163,9.662114,3.013597,-6.159430,11.198916,6.682435,14.926559,21.996328,24.298069,19.574703,13.424202,15.108605,13.664712,15.085793,17.263550,15.146736,-1.420409,15.898182,10.919001,19.258377,19.152803,23.399338,24.277666,32.095142,33.457207,34.730827,33.460190,23.781881,32.133270,27.991713,27.104141,42.039661,47.933861
[0;32mI (14000) ANALISIS_ESPECTRO: Frame exportado | t=13.34 s | pico=52.7 Hz | 58.4 dB[0m
SPECTRUM_FRAME,14.360898,52.734375,58.773071,hann,512,22.781590,27.292000,33.059269,22.397680,4.290438,22.969654,28.537865,44.402615,58.578064,58.773071,45.047451,30.375565,21.299995,2.790373,8.740515,18.449408,44.484184,51.152512,45.729031,18.792702,13.853707,15.618154,3.966404,14.544143,26.747000,43.130932,43.939674,31.706560,5.083905,12.042775,7.326560,10.480810,-1.951182,30.565989,36.732796,31.372213,9.173032,5.925613,7.280931,2.619377,6.429180,16.328606,28.015083,28.696732,17.777250,1.716488,4.831074,8.639144,10.770172,9.631210,27.901199,35.575008,30.801184,1.068768,-27.331905,2.841078,2.860065,5.380938,22.872768,39.029472,40.582890,29.934704,2.298275,5.126224,4.104320,10.897022,8.356704,18.711674,27.818665,23.535433,5.034275,9.916340,8.599516,5.286269,1.437448,9.047107,28.873539,30.810745,20.536602,4.599707,-1.427090,5.853004,9.754238,2.938909,23.340385,31.689140,28.042068,9.509254,-0.950145,-6.363369,-0.405023,-10.946239,12.783817,29.062458,31.436062,20.524818,10.086679,-0.116400,-6.050807,3.158993,4.232049,18.056637,27.179409,23.798958,5.126207,8.572609,8.715583,4.864045,6.112090,6.996340,28.322876,30.887398,21.831209,10.307265,3.893416,8.428727,9.805953,3.226370,17.201578,24.610657,20.752314,7.547979,10.117834,10.456276,1.086893,7.951951,9.535693,19.207998,21.918098,10.436110,4.286443,5.081290,8.801007,10.572085,8.335105,11.106242,24.526436,23.720684,12.289852,7.924952,7.858726,-0.074041,9.487223,7.143988,25.351990,30.670074,24.948290,11.738005,1.159353,3.704307,11.100927,12.988283,20.428736,32.239487,31.607618,22.162346,14.603597,13.086109,16.328337,16.395702,22.793667,42.694820,47.462624,41.095509,22.098316,18.715237,10.317436,24.675110,36.772366,42.965107,57.475327,56.935890,45.022198,29.298048,22.560890,0.740612,13.010744,17.731188,40.386814,46.304848,41.253021,27.325094,1.762833,15.490746,1.221221,16.768789,21.225307,36.347649,35.872181,23.042109,8.526833,8.752916,11.284957,9.303219,-0.138314,28.023285,33.712708,28.161776,13.977832,11.315027,-1.760879,10.717793,5.200544,8.386246,17.686535,19.605633,13.931238,3.387971,8.625177,5.549296,11.951921,9.553637,18.688759,21.347755,13.987400,6.609345,9.386519,7.240047,5.384180,3.950791,14.293592,24.195908,22.324125,3.686448,7.371964,10.077946,6.570215,12.859575,8.359787,19.657848,27.277735,24.384119,9.343287,0.342900,5.675921,3.341379,5.111837,7.133861,-1.672993,11.997009,14.735491,11.389341,-2.167536,5.497055,7.060987,8.698969,23.829185,27.678799,21.865740,9.010497,-0.840292,8.086555,7.461526,-13.889016,9.859855,21.685764,21.699638,6.211947,4.708490,12.443987,7.364543,4.691055,9.628792,11.546623,24.096893,20.962788,1.030003,2.106758,8.287403,2.422752,5.786672,0.564397,18.848930,21.537268,13.941242,9.231358,10.971579,8.666843,2.227169,-0.395619,15.994058,22.402727,20.033031,13.933558,5.134589,6.652266,9.374632,5.505305,12.681886,15.949623,21.830070,12.553934,8.336486,5.108875,9.853343,4.651221,-0.020063,5.553114,12.617697,16.257601,12.342718,11.332251,11.041351,12.371523,10.561565,5.695608,16.402464,19.728357,12.390180,-7.789300,7.782287,8.339859,10.947992,5.750097,15.541878,23.746666,23.217247,17.679483,11.550083,8.274106,9.375259,13.791910,9.415119,21.089056,25.006943,23.192348,15.008830,10.794812,8.847866,3.966768,23.967392,18.521507,36.919830,36.864941,30.407055,19.859213,11.260681,17.944555,19.497032,16.539684,46.737915,51.451687,48.988209,42.557541,22.754559,23.995995,21.574183,18.086075,21.342705,35.706860,36.930405,32.852970,24.105694,18.511255,12.109840,1.589872,16.611353,19.528315,24.163282,24.592150,19.561298,9.179754,10.603571,3.901046,8.458637,9.470419,23.953497,23.905334,18.384747,13.646407,0.822181,10.252028,5.200698,8.333426,9.134187,11.595368,6.369906,6.484739,12.012988,-8.909384,8.990831,10.328151,9.652611,16.570738,20.571476,17.664011,10.769461,-1.764258,2.340857,5.081354,-1.673996,14.055829,17.660879,13.501891,8.260272,10.007284,9.615454,4.307580,3.822876,15.608773,20.938368,20.360472,13.972624,9.039953,4.282630,-0.195232,9.445900,8.886969,11.129175,9.819443,4.403018,-3.044693,6.261549,6.111540,7.388790,8.344327,10.929045,12.803637,17.160337,17.441031,6.496576,11.208788,6.443333,8.742052,3.250335,11.670349,16.369289,15.269227,11.733274,-0.490427,8.752339,2.751137,0.465514,-0.214120,14.203491,13.274715,7.816147,-6.006818,5.580898,8.823462,2.230881,1.479965,8.718502,12.734478,10.792013,8.508023,7.820783,-8.047620,5.870512,2.502111,4.119416,4.794606,5.260139,12.606553,9.960351,3.585361,-2.910949,4.791027,-0.818778,4.019071,5.804453,3.216683,-6.510670,6.114810,11.425089,6.259466,8.776120,9.660092,14.907663,13.733934,6.667842,9.892196,7.289503,8.195749,-5.685084,12.120974,9.784971,8.624470,7.479729,14.480275,8.246165,5.529552,8.474552,7.185900,6.471630,13.430206,16.970680,17.093218,10.935070,-0.205881,9.034591,13.076267,14.061804,16.466698,14.589200,19.348055,20.328304,6.234047,2.326158,10.137325,15.712014,9.250946,31.361448,35.562550,35.437115,30.862312,11.249551,16.228312,20.709793,26.742945,29.516006,39.688019
[0;32mI (15010) ANALISIS_ESPECTRO: Frame exportado | t=14.36 s | pico=52.7 Hz | 58.8 dB[0m
SPECTRUM_FRAME,15.383261,52.734375,58.800560,hann,512,28.456509,18.860687,31.557695,23.561420,20.602844,20.284979,29.384708,44.520855,58.665501,58.800560,44.684402,30.378305,21.219847,-2.319690,10.269265,20.808783,44.534286,51.193195,45.512604,19.375704,7.305203,14.246402,8.405305,17.296589,27.422455,43.609676,44.313015,31.527527,11.450047,10.058109,-0.408542,-6.620340,11.741757,29.802702,36.788322,31.570564,8.496237,8.858577,3.173414,7.079787,5.046797,13.840457,27.514046,27.997299,16.326736,6.558818,3.766338,-1.919752,4.663476,9.083771,27.297411,35.184875,30.485918,3.823767,5.694207,7.822835,7.819016,10.830753,22.834513,38.524277,39.869251,29.126127,-5.067533,5.460689,5.538473,5.460456,6.360406,21.106379,27.722675,23.858852,3.182034,-4.241528,3.927563,6.206901,11.943111,18.371613,27.663162,28.584152,16.964725,5.180389,-5.924716,2.427651,8.702699,10.293368,24.145275,30.578873,26.593655,9.236263,11.353308,8.221221,-5.082409,-5.348372,8.680882,27.896278,30.370638,19.308031,10.853042,8.128096,7.086426,5.728989,4.223999,17.923836,25.528690,21.805403,10.921422,8.155488,6.582968,6.234076,8.789808,11.547192,25.166107,29.312111,19.444244,8.868811,-1.874912,0.031076,-1.914573,14.271994,15.989219,17.766430,12.356963,11.402226,8.252138,4.802739,7.704648,-8.270675,6.131344,18.294771,22.475578,14.619577,10.789078,-4.369463,-7.018917,7.173636,11.919737,16.575581,23.095797,20.763168,13.868407,11.131823,10.038124,9.004236,9.254970,12.016282,25.769512,30.616291,24.569445,13.765908,5.257010,5.842966,3.953404,12.533177,16.668369,32.022175,31.863745,22.050493,9.701048,7.055444,8.503313,17.137230,18.292757,42.040642,47.078556,41.060402,27.278566,23.625412,3.925805,24.497936,36.970554,43.097439,57.497505,56.892208,44.945530,29.853649,24.066689,5.841751,2.229101,8.753908,41.446594,46.486019,41.189770,27.101559,2.962684,16.635172,8.532248,17.211428,20.584251,36.641212,36.203182,22.996254,8.740460,12.564325,5.578759,0.719686,16.435839,24.621735,32.298161,27.455561,10.065484,7.949216,5.402594,4.447237,8.352262,12.614075,19.742636,19.790798,14.767877,3.569782,4.922494,0.515849,8.078570,16.151840,19.749413,20.014431,9.560431,9.305014,7.251480,3.439421,5.486147,10.267869,2.633412,21.516821,20.345879,9.398814,7.809606,5.492262,3.231313,-8.064275,7.334612,20.899946,27.424772,22.240826,8.774457,0.391571,0.534838,7.416181,4.451246,8.220950,16.794538,17.810328,13.370031,5.910361,7.500643,12.208900,8.600286,7.743843,18.486105,26.385328,22.843224,11.950314,5.001240,-2.395259,7.232961,8.642920,3.821488,20.945864,21.922691,11.032398,11.933350,8.169830,5.537024,3.875743,10.805916,18.402512,26.341171,21.834890,9.921656,4.620180,-12.017912,4.342500,4.120231,3.376050,20.809551,21.887358,13.878061,7.380276,9.497567,7.636531,2.343668,4.003294,13.576221,22.174858,22.037018,17.710751,9.828207,3.673167,7.034968,4.577803,3.889862,18.158989,18.312061,9.810261,9.258207,-5.489978,2.396689,3.720205,8.114202,12.499453,13.432682,13.563759,14.530968,7.947209,8.277195,12.366850,13.049954,14.677755,20.153404,20.607819,10.959163,1.802126,11.018589,13.341482,10.706035,10.873489,2.440815,21.670580,23.634958,19.443583,-3.294283,12.728374,10.089703,2.640790,12.647404,21.799438,24.477060,23.088017,15.275645,15.230267,15.027929,5.136753,21.967548,20.369240,36.808220,36.595558,29.524986,19.383511,16.427458,15.937555,23.122683,17.388866,46.917435,51.448822,48.889275,42.748337,24.470551,25.371819,23.752541,23.528872,22.528532,36.190041,36.496685,31.731787,23.881992,12.646070,6.309340,2.917648,11.235926,17.502209,24.290049,23.852371,17.445118,10.168575,8.573549,3.508927,0.573319,10.068178,25.302336,26.053799,20.100412,7.139607,11.784472,7.108409,11.543709,16.466768,13.591850,16.175865,2.228477,9.949560,-0.122037,4.149261,2.177692,5.252006,0.166717,19.988802,19.805103,10.937164,12.485014,9.681269,-12.687302,4.725566,9.496812,5.182120,16.824493,14.133064,9.482876,9.004118,6.504061,3.774068,5.461143,9.668465,17.017956,19.208614,19.000694,12.019413,0.914189,5.689202,4.399957,-4.417706,-2.877180,9.699410,11.387086,11.165598,6.908646,-3.585518,-14.183981,6.784313,15.713697,19.152712,17.609964,13.816495,3.555327,4.217991,5.150750,6.035259,7.774685,7.641027,14.913332,13.496704,9.385678,7.239416,6.381025,-2.595567,-1.590071,5.222738,6.015279,8.345325,7.925677,9.229806,-0.075430,6.799612,11.825144,4.904652,3.932328,14.497187,15.555854,13.625928,7.188602,2.651917,-2.523133,9.438537,10.671611,-1.686219,8.260280,0.451776,5.706982,5.698901,-3.627650,7.264534,11.989298,10.526967,13.688312,11.608618,2.862934,0.002019,-1.645444,10.967078,2.078547,11.643364,16.387472,12.414476,5.802074,5.908280,5.487524,10.989550,11.315609,-7.050719,5.144790,9.051184,11.147008,17.001089,11.945242,6.274028,0.189207,-8.075856,2.513836,7.865723,12.779560,17.122231,15.612954,9.428356,1.943924,5.170539,15.905648,9.759920,14.896392,16.154282,22.757828,7.141486,16.801844,9.304566,15.750981,15.875140,30.905382,35.779743,35.617462,31.003181,14.759424,16.397318,23.001318,28.078711,29.144394,39.539143
[0;32mI (16040) ANALISIS_ESPECTRO: Frame exportado | t=15.38 s | pico=52.7 Hz | 58.8 dB[0m
SPECTRUM_FRAME,16.405629,52.734375,58.534576,hann,512,29.802460,30.000723,16.437595,13.809072,14.330226,15.996042,27.669832,44.013290,58.353203,58.534576,44.761082,28.112789,19.402040,12.413801,5.236759,14.147539,45.282902,51.761337,46.213715,-0.909658,0.709066,10.669025,6.553216,12.832453,29.151768,44.697765,45.519047,32.434650,17.692486,-0.822684,9.373524,8.876771,-3.468275,37.213997,44.325962,39.594418,12.548580,8.770670,4.986320,7.217137,-13.859341,23.907581,39.372791,40.529213,29.129751,4.454254,0.054603,11.643199,0.736857,11.206322,17.026581,21.190022,16.332445,-0.906360,-2.589977,9.270478,7.850809,15.793579,22.216156,37.067577,38.462349,27.172718,9.089555,11.626878,14.303442,14.099344,10.297565,26.178797,33.801273,29.392584,3.273027,11.247181,8.025547,9.604394,9.762020,10.356968,30.502251,32.817360,21.852001,11.523332,6.948998,5.409222,9.483282,7.829003,15.419168,23.987518,19.802034,1.286442,5.407302,10.150196,6.805054,3.076892,-0.579805,21.931396,25.320000,15.628119,1.689963,5.078503,6.285663,-14.245018,3.391835,18.881786,29.375484,25.763226,-1.442721,10.847049,15.031920,6.710289,-0.570535,9.107025,29.811419,32.968132,22.398596,10.582989,18.649958,16.163414,8.068072,4.767338,20.063007,29.087715,26.529150,9.281346,8.423389,12.731089,5.152746,7.719642,4.745150,24.429800,27.623146,18.476242,11.040317,3.993667,10.627689,-15.482267,6.936006,7.773308,23.660015,22.935312,8.600338,4.836922,6.496000,-2.317882,-7.615429,4.323627,24.687744,29.563646,22.621876,3.259905,2.228233,-1.189646,-2.236596,8.112621,11.386044,26.249483,23.733059,11.209401,13.163645,13.668901,6.923616,6.377943,18.651241,31.818144,33.245293,23.201653,9.430102,16.661837,13.799344,-5.282217,12.846270,29.987892,35.208961,30.908611,25.729744,20.913734,4.104429,0.829269,3.586673,9.217194,18.560675,22.722235,17.398540,20.340034,12.338875,-9.044525,6.085716,-0.319922,14.886267,21.181541,17.704737,13.682583,11.949356,9.991676,6.803112,-2.045902,11.766359,19.745924,19.580854,13.201372,10.199994,9.400755,4.655153,-1.179811,-1.460974,14.988833,23.315571,22.359524,13.116720,9.408939,-6.069541,5.279114,-13.018293,6.896194,20.028381,19.975082,13.284506,10.687456,0.872380,4.725303,2.873833,-5.174512,2.938247,10.481683,10.956957,-9.576512,4.287673,7.297046,9.503506,4.764136,12.891104,21.014915,17.974035,5.924227,-0.080696,-2.848601,1.230548,6.296673,3.921504,8.108238,10.477881,7.356701,5.270646,8.721580,4.401982,-4.480001,-1.021062,8.248307,17.797440,14.683365,9.521999,7.097117,5.937927,5.977719,2.461280,-2.194078,3.036095,5.678922,7.453114,8.659338,5.287886,9.262517,6.647677,3.941770,1.576661,12.825303,14.427635,0.622436,-3.173809,1.634288,6.730771,3.736965,-6.152005,2.319321,9.212940,9.430548,0.265614,3.884472,3.882971,-5.844724,4.217693,-0.617586,7.957160,-6.428061,7.882463,9.756313,10.423300,4.794058,1.521172,2.925137,2.249019,12.093624,15.233740,4.355613,6.134222,2.858087,-0.006376,-13.114339,-0.828543,12.913531,16.786787,12.924060,-0.006087,-1.182338,-0.707063,4.702807,4.065234,3.636751,14.098115,13.459633,0.106317,-2.366642,2.209543,7.299995,3.949806,-10.722120,7.262585,13.190588,1.512996,7.596861,7.210816,1.807395,1.003572,6.127754,2.577969,8.204011,10.285358,2.692223,6.914811,4.863527,-2.348131,2.155632,8.560337,10.643274,12.519612,10.039284,9.928732,9.510936,4.403534,-2.996145,7.720673,14.097653,17.097389,15.394606,6.433415,2.829807,6.151274,2.962082,4.452397,5.779520,6.378169,9.836485,6.659210,-9.188155,7.521478,10.570772,9.195391,2.118169,-2.778199,4.224564,6.029553,0.998226,7.357685,4.310094,-11.257730,-1.535378,-0.097381,-0.189117,9.955355,4.284615,10.778255,10.252014,2.053448,-2.500724,0.714101,-11.347376,7.163203,11.211096,8.126619,2.647459,5.775267,5.478994,-2.204390,7.972373,4.437338,8.160494,4.776387,4.689859,2.194813,4.997061,2.296040,1.940264,-0.739554,-8.733186,8.520764,7.413621,3.146404,5.602875,4.641417,2.592248,6.673427,9.720030,15.106321,15.810423,4.005939,9.575263,9.204141,6.058442,-0.420453,0.739985,-3.281593,8.791365,1.730420,6.487700,11.059050,11.202579,6.665661,3.562897,-0.262392,-4.904047,5.659190,11.409836,13.248623,9.518424,-1.490077,-9.118937,-5.974117,1.692634,-0.275142,-2.407170,3.809000,2.110990,6.867004,3.508454,3.973321,9.253101,0.482186,-1.534053,5.838765,-3.164381,-9.053524,4.678261,-2.898382,-3.658880,-3.879385,2.175886,1.291150,1.551680,0.277638,-2.367104,-2.360050,0.798632,5.426855,4.622576,-1.616531,5.268764,0.181721,-0.325688,1.988325,2.326888,-7.543477,-10.869415,-9.253755,-3.511806,2.403322,-4.516414,3.530870,-3.339185,-2.580322,1.005053,2.334158,3.980496,1.742774,2.612946,-17.898752,-24.592535,-0.640093,3.201150,-1.532255,-1.617659,-3.589412,-2.600186,-1.373711,-0.220463,0.834995,-8.175869,-0.078574,7.829432,7.645299,0.409343,3.636543,6.111576,-7.873081,-11.826152,3.458274,7.085914,6.375284,-0.279693,12.298090,8.816960,7.852309,0.793177,0.883893,7.560064,8.411172,8.533993,16.244215,16.137388,9.132059,3.546743,-29.330549,4.441957,10.679914,12.324995
[0;32mI (17050) ANALISIS_ESPECTRO: Frame exportado | t=16.41 s | pico=52.7 Hz | 58.5 dB[0m
SPECTRUM_FRAME,17.427983,52.734375,58.935593,hann,512,23.160465,22.018251,16.612398,10.833072,11.964434,19.784733,27.603739,44.499168,58.747597,58.935593,45.273521,29.663458,10.927052,18.030819,5.447889,16.516758,44.237122,50.772507,45.230160,14.787083,14.817373,8.999215,1.095477,13.626778,28.213612,43.794590,44.539482,31.616041,15.337057,1.897701,1.417446,11.516834,6.709429,29.976618,36.890434,31.980848,4.920255,9.546546,10.238404,7.235106,-0.994005,17.829288,32.582664,33.758045,21.819971,7.373667,5.698308,9.112430,11.379524,12.544920,30.003799,37.681374,33.242935,7.129724,8.692119,7.310438,7.838111,10.159525,18.357733,36.200241,37.792290,26.825657,2.400568,-2.725900,11.369872,10.797052,3.485520,23.152122,28.944660,24.067945,0.023716,2.244387,9.103379,13.598790,12.113767,30.249077,47.881641,49.877609,39.094578,19.389904,9.334567,11.073454,5.459700,24.355846,47.776192,56.535782,53.029255,30.977005,11.568316,11.914381,2.111749,3.228717,23.865234,42.851730,45.261833,34.982838,18.277813,7.119329,8.484696,9.945423,2.272603,32.384323,41.632240,38.736973,19.933737,10.252209,8.788460,3.978686,5.101421,13.040344,26.774340,28.694759,17.607615,8.203684,13.642106,11.985078,-6.308026,7.092437,21.821812,31.942074,28.961380,3.772026,5.735431,1.335021,-9.437202,-0.521843,10.681011,23.493738,26.845591,19.786617,7.777544,3.660310,-4.744165,-2.997669,3.722316,21.792719,30.560535,28.125887,15.044436,9.290781,6.069340,3.846228,7.220321,9.370720,21.220417,26.387905,19.213083,9.050426,-0.962771,-1.172351,-1.753200,-2.745638,6.061077,21.672571,22.772657,16.749550,11.061737,11.417161,7.560955,-5.318588,12.329281,28.842764,34.226059,27.488516,5.391826,0.582651,2.220851,-7.430040,10.210436,24.305340,35.211075,32.933113,12.855443,15.609054,11.931522,11.041338,2.275065,-2.884073,24.829168,31.029417,25.109053,-3.998160,5.435180,8.079211,6.445571,2.216027,18.201635,30.202320,29.326271,12.197776,3.584129,-13.158537,5.290989,8.252485,6.777595,13.956929,11.638735,9.547913,-14.111168,1.704982,9.637455,8.831045,7.463389,13.506666,26.766079,26.275141,14.783672,8.794724,-1.159926,3.674388,1.126008,7.834706,20.212170,21.857349,8.468389,8.341925,-2.259739,-6.927482,-9.184299,2.565861,-0.570168,17.059526,18.163139,9.700037,7.042463,-10.133681,-5.885029,0.974457,9.589845,20.496605,24.917566,18.028297,10.206322,6.900821,10.061999,12.973079,13.048187,11.035605,27.427326,28.519142,18.109192,5.161243,10.574226,8.218455,7.619550,4.139988,16.331478,27.343447,23.811750,-1.170543,3.061262,-0.310289,6.640095,7.774171,22.688431,38.454098,39.565079,28.267628,9.707951,10.180288,7.751084,5.098977,2.393334,21.414627,29.342083,25.625942,8.404902,-9.574543,2.135246,7.860754,3.353240,-1.041564,13.771993,16.952831,11.216096,2.924147,9.350868,10.562850,6.989893,5.770144,-0.446552,15.830794,10.487181,5.708134,6.676291,6.260705,1.226474,-3.022195,-5.732768,10.189239,13.224220,1.281633,-7.773658,5.745649,-2.471426,2.876248,7.442577,7.492171,16.795267,11.264812,5.349612,7.816662,2.933840,5.576662,4.891290,5.369686,14.960947,15.708823,11.048721,6.096950,2.994139,1.909731,-0.813848,0.371044,12.559372,18.134783,11.871788,4.674408,-3.917269,3.067077,5.427212,6.670229,2.587116,4.591193,9.556465,12.792624,12.374330,10.094479,9.894056,7.188044,3.584349,11.705893,19.451296,16.027504,7.321744,1.066704,8.443844,10.204291,2.295259,6.930573,23.776941,27.836971,23.629929,13.874582,4.261429,-1.874415,5.631455,4.265974,10.645690,19.661009,14.976754,4.832831,7.647613,9.408963,2.565778,3.592854,8.259307,11.190506,19.520563,18.320957,12.871465,-14.278278,-5.446804,0.115043,1.872727,6.302305,11.614483,3.975567,3.300737,-0.104762,1.268082,1.433705,2.894962,-5.419692,11.530303,16.405869,9.457739,-5.741087,-0.750067,7.946562,10.745021,10.757254,1.369216,14.151368,13.826476,2.202243,0.507188,6.191518,4.667999,-3.761406,-5.158983,-2.385096,4.074742,9.021502,6.413587,3.641365,6.601318,8.184017,-12.120046,-4.622483,14.985347,15.397321,7.369864,5.481987,6.671309,-12.930128,0.684122,4.718334,12.715542,19.013783,17.358358,12.506257,8.165831,3.030305,1.935119,5.924551,2.369485,10.081157,9.771587,11.328157,6.535897,3.298877,-3.444300,7.803706,8.825262,21.953058,28.466599,26.903088,22.137058,15.408319,9.291334,3.895524,0.519017,5.556743,14.091841,14.314675,7.457662,3.136284,4.240446,3.744160,7.936621,6.168161,9.166178,10.003452,-0.323243,6.861023,3.782462,-3.205647,5.769156,3.061492,9.879011,16.344898,17.111929,13.237123,3.889465,2.264229,-9.847698,6.845136,4.139171,11.022436,17.755133,13.809028,3.541813,4.656129,3.053646,2.183064,-4.675071,2.377426,12.466603,16.073215,15.255342,11.061502,6.651288,-1.373102,-2.619077,3.309208,5.382807,8.846174,6.497388,14.638872,8.261160,-3.527464,4.454820,3.066020,2.390662,11.512119,8.218051,12.471895,13.005148,6.197515,12.689802,6.467262,1.599830,10.092797,17.497351,17.125580,11.146131,6.566952,8.524593,10.518471,8.532438,4.648273,14.074937,14.716480,13.943978,12.367458,5.010740,9.150259,8.275239,-2.696460,11.987173,21.126297
[0;32mI (18080) ANALISIS_ESPECTRO: Frame exportado | t=17.43 s | pico=52.7 Hz | 58.9 dB[0m
SPECTRUM_FRAME,18.450345,52.734375,59.188847,hann,512,20.104404,19.897484,23.302214,18.836435,20.776924,29.445808,32.409534,44.595612,58.841434,59.188847,47.071449,34.272034,36.461700,36.037704,37.764912,37.869495,45.810806,51.477512,47.325462,38.373936,38.345264,39.141899,39.926193,39.794460,40.605640,46.059814,46.274258,39.303188,34.275532,33.291344,33.504948,35.060074,35.144218,37.548874,40.791512,38.481018,34.530647,33.174370,30.837540,29.535400,30.895290,32.612137,37.342113,38.468399,35.070976,32.889477,30.833597,26.218641,25.981455,28.250334,29.933350,33.467144,30.641687,33.507767,32.578011,29.653172,27.313637,29.818588,28.676918,27.003653,29.497765,32.477158,35.760456,33.982651,32.225822,31.011030,29.709370,18.831976,34.830460,34.313084,32.125469,31.714699,32.341927,33.562283,35.390495,24.355587,46.510178,49.201920,39.131500,37.036201,37.274803,37.676079,38.789944,42.286453,42.094490,55.113560,50.907684,36.153370,40.282219,40.040733,39.076679,37.086632,32.543652,39.162376,43.170467,29.709114,31.270557,29.459505,27.944567,23.872168,22.885197,31.345608,41.195770,38.353134,29.724771,31.176868,32.057014,31.877157,31.270111,30.822603,30.731823,30.622097,26.893967,27.639475,27.234404,26.257908,23.049175,18.798559,24.358437,31.011803,27.443045,7.172247,11.536818,10.375553,18.377985,22.833273,23.072308,11.806690,18.090332,22.224577,26.831018,27.541656,27.313473,27.093191,26.869171,22.540304,16.962383,13.925068,27.024157,28.561190,27.756243,25.678101,23.313744,21.634806,29.401390,31.694288,25.906769,23.594122,24.423878,25.256348,25.161322,23.734491,18.290714,19.742224,23.598103,25.522926,27.640064,28.832249,27.518307,23.635004,18.097055,22.740952,29.277882,24.376936,27.492161,23.563288,10.370161,28.745611,33.838898,32.223839,28.350376,33.638939,30.652943,24.764040,14.870238,24.351809,25.536440,23.444101,24.612806,27.925255,22.391518,26.721468,21.022425,12.405226,25.043476,28.471249,26.768776,22.228281,19.256899,22.087769,21.706493,16.958376,15.860352,14.026577,8.888463,20.541838,26.264565,19.371998,9.162909,8.000790,6.934736,10.247584,8.680355,12.248616,19.072330,14.390099,13.317469,15.590872,15.794129,17.211308,17.984097,13.314391,15.380215,18.867134,7.884981,18.215282,19.519894,18.375645,16.868837,16.542179,14.754509,18.971703,21.098955,14.027918,10.961246,14.882875,16.761597,20.296741,20.917618,10.699186,22.587761,16.394823,16.564758,17.909096,17.909359,18.109133,17.009262,19.150446,25.841761,25.442379,12.611761,9.462660,11.490077,8.500573,10.484861,19.527626,27.040216,30.690310,26.977924,22.589115,21.495447,24.346874,26.190506,27.993301,22.200706,33.952976,35.770676,20.931959,22.804325,25.709835,28.156157,27.480867,22.635921,20.168295,26.077477,19.855915,20.071535,18.109283,18.260321,18.644169,17.254845,15.712518,19.214581,19.547562,-0.781923,13.713892,17.711460,16.089031,15.026314,14.860373,17.330233,18.055168,19.323118,20.264700,15.503401,3.396032,2.766420,10.590400,11.601826,13.426175,15.823372,4.234842,8.381085,5.760470,11.393418,13.900692,13.041047,14.219683,16.118210,10.932136,11.978750,13.981844,9.252857,-5.148239,7.847369,13.561972,14.495981,13.495378,6.786618,9.173668,13.480072,11.030916,5.345804,2.648729,10.530342,19.010437,14.816446,5.428355,11.824731,12.444158,7.998755,8.091334,14.574249,14.037042,9.147917,7.299359,8.593947,10.926287,10.198261,12.534442,13.888545,11.836782,3.526857,9.841958,12.786781,15.464763,19.177864,20.504740,20.622824,20.664673,19.461994,17.078220,10.096403,15.327974,14.677975,9.609365,8.315128,15.296394,16.590183,9.782146,-0.198506,3.463533,12.270636,13.362196,16.211599,17.250679,15.339708,12.175244,15.139600,12.242922,3.615894,6.123334,8.389370,9.357334,2.945969,-0.551422,8.894329,9.415047,12.279531,11.318580,6.670091,-0.900284,6.787660,8.253273,9.431423,9.876526,-7.008398,3.219464,9.268290,8.490925,8.397206,-15.471129,-0.839578,14.864074,15.383558,11.261092,13.511578,13.446024,11.466031,9.176434,5.235622,-1.634845,5.888585,7.152710,4.990261,1.121433,-9.420413,2.119392,7.885547,7.087038,11.365164,8.545731,6.552641,8.370275,10.281557,9.290822,9.374611,11.125731,10.901179,13.233196,4.655171,12.345647,18.514688,20.011959,18.794516,14.529675,15.595974,18.289083,14.023420,4.092741,6.435455,15.563554,14.665125,7.596228,19.673155,21.748592,17.662251,15.927616,20.666637,16.733555,3.315245,15.609440,12.572466,7.099324,8.344937,13.222394,12.425128,8.929579,6.532093,13.667358,18.113060,18.918379,15.412153,10.007028,13.016407,10.623316,12.156945,12.820032,10.677492,9.817411,9.548607,9.913189,-0.160901,10.732063,9.838399,7.611832,7.405984,9.532279,8.682923,4.097419,5.565789,6.518563,-2.362062,8.935619,8.579391,6.389028,2.932395,7.092384,13.072661,8.669747,4.522933,-8.193146,4.666590,11.602341,13.816088,8.855328,12.828882,11.858879,7.063904,-1.379949,7.721205,7.207771,3.048961,10.359661,12.528416,14.386942,14.050435,-6.090773,-4.531373,-0.820061,8.069405,9.789997,6.512954,-4.850846,6.591572,6.125348,0.683378,-5.738851,-4.243732,11.972549,14.782332,10.506882,6.739758,5.815976,15.191741,10.874768,0.213936,9.457856,2.152957,5.547717,6.642745,10.050192
[0;32mI (19110) ANALISIS_ESPECTRO: Frame exportado | t=18.45 s | pico=52.7 Hz | 59.2 dB[0m
SPECTRUM_FRAME,19.472707,52.734375,58.494148,hann,512,26.301043,24.924925,17.587749,8.653832,15.544136,13.657835,26.354048,44.130955,58.355679,58.494148,44.833176,26.925026,18.262384,10.575157,9.452421,9.925948,45.546230,51.781326,46.114788,9.362799,12.187176,7.871525,6.777853,11.333122,31.267685,45.166050,45.441254,32.052650,15.215274,7.882579,8.090720,5.952644,-3.539038,38.051357,44.406322,38.930935,3.195271,12.027026,3.478527,4.359470,7.059988,25.970161,40.070534,40.428596,27.007454,12.201740,11.926413,7.985147,5.995173,10.566916,13.903680,23.084778,20.340797,5.781156,9.452135,4.517174,5.805897,2.246719,23.883724,37.618267,38.067917,25.936298,7.174428,6.156734,11.656246,12.721549,9.762994,28.184816,34.248497,28.856562,12.600528,8.073358,11.797211,13.074622,16.487732,18.523838,31.825848,34.218433,26.908073,17.417923,16.301405,13.879880,20.986729,4.671105,22.707022,23.981651,31.057261,22.419016,19.216629,16.573788,16.802986,14.480972,10.770927,25.618366,22.157990,23.242489,18.569233,-0.233044,13.284813,8.990566,12.411894,22.023941,31.131136,25.656834,14.976540,10.121535,16.649897,4.763618,4.573927,16.170795,31.911659,34.159382,23.318573,13.977946,18.363804,18.802572,4.598631,5.236574,23.801672,30.044205,25.338697,0.250941,5.202723,6.304509,0.934882,-14.567346,10.881510,26.615669,27.700592,14.513752,13.096941,2.953958,7.010329,-1.450710,5.491266,21.606047,28.619490,24.049915,6.636713,11.086663,7.823014,2.048458,-1.120326,11.883892,27.578125,29.487289,19.398714,0.151883,-0.717266,10.332020,11.066196,9.486053,17.502384,27.524435,24.016396,-1.324164,2.267540,-2.645184,2.828556,7.509830,13.409277,25.369305,27.647877,15.125690,6.582671,7.767310,2.346150,5.238324,0.854196,9.136197,17.693111,8.322571,10.930482,6.079709,3.782973,4.309174,6.107519,10.625496,22.496756,20.730856,4.036354,14.354946,13.152877,10.674630,9.368936,9.247387,12.272013,14.183904,5.694700,2.905303,1.885927,3.435807,3.571347,5.487017,11.930845,19.519672,20.094004,13.750937,11.623401,10.883341,6.759224,-0.587346,6.785888,14.325321,18.202774,14.488507,3.413058,3.815334,8.621099,10.224137,6.342148,-2.513488,15.997635,16.012392,8.428677,5.938259,8.093663,5.077989,-3.687471,1.135074,7.941169,10.087999,6.284280,3.940090,2.980126,-1.747105,-9.050625,-0.377476,8.107190,19.984968,17.025467,-17.351082,0.933219,-2.583487,1.605080,-0.766064,0.144567,6.389145,12.391053,10.722897,6.227570,-3.262156,-6.316607,2.252919,-0.735479,12.714253,20.399828,20.471924,10.208694,-2.557259,-9.610001,1.364874,-5.789696,3.833848,9.176966,16.177624,13.563360,-9.486077,-9.554433,2.828544,8.003412,6.397894,10.088424,15.827816,10.710814,-0.031486,4.066305,7.119349,6.927133,8.228521,7.861475,8.438923,11.257074,6.076281,2.424424,-2.670108,0.197087,-4.776728,1.132205,1.961254,14.897064,13.227741,2.899764,-11.749374,2.321866,1.071437,6.268232,-6.706791,7.388308,10.970583,6.042779,-11.747293,1.890883,-1.379099,-4.031286,1.381597,2.623876,8.261844,9.041615,2.585457,7.864064,5.253516,8.405546,7.948548,8.689892,3.641433,8.032757,4.511777,-2.906121,2.509585,3.537564,-8.409632,-5.343330,2.756589,14.716600,14.938626,4.513305,9.477341,10.916233,5.720067,-7.285202,6.643500,4.543595,4.573441,6.005579,8.366356,5.033860,4.906376,6.914318,5.293151,3.080822,0.471241,2.568755,6.535080,5.203591,5.186036,0.316437,-0.282612,-6.146842,-14.946889,-2.632452,5.267701,1.318970,-0.073005,4.830075,2.141458,3.939752,0.127272,5.396492,11.088075,9.029351,0.282575,-10.672971,-17.938433,2.990935,5.300440,1.761820,-7.095172,3.502432,2.847505,4.045683,3.136377,-5.860074,0.674266,1.534246,11.589792,11.145000,2.912698,5.160286,1.419739,1.450784,4.988210,1.086587,5.290529,9.102624,6.244262,6.062041,6.103966,-4.355596,3.179937,0.261891,2.932353,4.817253,4.953111,5.539908,-1.974681,3.020413,3.673382,2.432159,-4.231213,4.592368,4.489159,8.773392,0.802783,3.274988,9.324515,9.076690,7.116849,7.195998,10.731472,15.549053,11.045761,-1.265431,0.796341,-0.012937,5.219958,0.309489,2.894051,8.834649,9.087021,1.465118,-0.095315,3.622238,4.564153,0.485441,3.951551,7.012851,2.224323,5.582228,0.625823,5.123386,6.057538,7.324154,9.013332,9.058207,9.312428,8.185531,-0.460084,7.251196,6.958117,1.089978,2.909708,1.708286,2.634131,10.677454,6.029522,-8.789043,7.649770,10.722496,7.168270,-0.609069,-1.731336,7.872468,5.832794,4.279263,3.076466,1.859521,-24.411621,1.849233,7.873797,10.585198,8.500070,-9.188067,2.052629,5.553351,7.260576,5.304837,4.063007,1.616405,2.052414,0.303380,-6.703857,-2.757750,-0.047702,4.171419,4.058430,6.023872,3.215142,-7.538646,-8.423402,5.036738,6.858911,3.758975,1.767083,6.996784,4.159918,-3.359843,-7.090046,-2.118091,-8.930513,4.492744,4.556743,3.148525,6.528014,1.868306,4.517456,5.521698,-0.840036,8.570293,5.355510,4.049415,1.610812,-1.457812,-9.208158,-6.567829,0.285074,2.579300,2.718551,3.093590,4.909023,8.230638,9.826716,11.467420,6.566324,-5.315704,4.740397,3.767302,-2.252567,-8.069763,3.712738,6.852548,10.855975
[0;32mI (20120) ANALISIS_ESPECTRO: Frame exportado | t=19.47 s | pico=52.7 Hz | 58.5 dB[0m
SPECTRUM_FRAME,20.495078,52.734375,59.584827,hann,512,36.265884,41.969524,38.867119,32.917492,29.664818,32.286983,33.314709,44.153286,59.575493,59.584827,44.402676,33.706203,26.804941,-2.106115,17.786333,25.482389,46.512558,53.342125,48.044426,16.048029,22.874577,17.178139,11.607389,17.346926,25.205450,42.527431,42.959015,29.369881,11.168814,15.381186,18.002972,13.288470,18.960220,30.841183,35.251232,28.110182,14.762817,3.700843,4.169297,11.295944,12.882704,14.839106,29.545349,30.820576,23.011017,13.948339,14.707633,15.975734,17.807804,5.495936,28.618866,36.031452,31.429989,17.440079,0.809920,4.702600,-4.731837,3.239012,24.002151,37.485691,37.865223,23.977779,11.187877,9.532255,9.149698,8.295011,1.798819,21.205828,27.388821,17.587547,12.760269,10.377526,8.051804,9.224376,6.747551,14.411126,31.246284,31.736643,16.634933,4.811069,8.667414,9.073983,8.410046,6.511369,26.006847,32.320992,27.146299,-4.817937,5.702346,8.618789,11.146125,6.668487,13.408274,31.090982,33.087811,22.050438,12.827799,9.210340,14.752406,14.132927,5.110023,22.564014,29.831528,24.928648,10.497519,13.772144,12.789467,13.690298,11.186777,11.149031,25.529940,26.956963,14.373264,8.377745,3.222610,-6.297153,8.309286,3.543818,21.783239,31.514757,28.433571,8.372172,7.713606,7.004292,13.487915,10.738668,9.161204,22.882484,22.888584,5.714738,2.253186,11.509706,11.967051,9.619865,-10.223448,15.819384,26.152132,24.027636,7.746925,10.631220,7.671122,7.265872,10.279365,9.897663,17.147110,13.962716,4.027558,3.815790,10.758119,13.419004,9.314628,-6.061116,17.409060,27.468277,25.064783,6.933497,3.442104,8.906162,4.976271,0.038053,10.879669,12.273722,7.770088,5.677457,-22.745049,11.112190,7.613705,1.898995,-14.632418,19.700075,27.179291,24.449986,8.414713,4.532287,8.230859,6.759069,5.600084,16.198242,20.548286,23.942623,18.906710,10.816814,6.295715,0.437633,1.291849,2.351370,19.669401,28.856297,27.865711,17.197937,12.526942,10.728031,0.992817,-1.026988,9.919084,26.407619,29.648224,22.275414,4.200631,7.124005,7.425151,10.226145,9.802822,15.802753,24.330765,23.810772,12.910367,13.928980,10.454523,7.981720,4.923041,15.112608,21.579826,26.967871,21.664192,6.121603,12.732454,13.803898,10.049544,4.687895,13.730756,22.071083,21.992348,10.819921,-2.334950,5.089751,8.985773,3.037662,4.693632,20.963470,28.521191,24.986126,12.732905,12.029324,9.567507,10.364960,12.156701,14.744841,23.250309,24.131538,11.874729,-4.450576,7.695843,7.412238,11.601145,11.341872,24.929359,29.781141,25.361423,13.556154,10.013045,1.938805,6.962805,7.463542,12.617666,24.398802,25.534174,16.092331,-15.209772,4.657511,3.978417,11.303616,8.656459,17.753899,23.381508,19.892342,12.605135,0.274205,7.533464,13.404846,1.423812,10.036627,24.349367,26.997742,21.108910,15.068349,10.668491,6.398628,6.905144,1.973690,18.983309,25.746521,21.861794,11.894905,2.012620,10.135811,2.160370,-5.291463,11.083697,24.383690,27.331455,20.131693,-3.205402,11.080294,9.043054,13.736138,2.773241,9.976723,20.911102,22.780155,19.671093,11.429903,11.447615,7.237061,7.710831,12.143899,24.496754,28.655746,25.000067,16.231297,11.206980,12.197466,12.681293,7.656581,19.647858,26.709179,24.320757,23.316257,17.200018,13.902987,0.046459,8.934668,16.435173,27.267147,34.172424,29.449886,15.364298,14.648067,15.353523,21.744862,26.615019,32.511326,42.718754,40.962242,36.638611,21.581419,30.930058,35.824131,37.187981,44.647312,54.533787,59.398476,55.506973,48.549904,37.821766,33.519894,25.181475,27.200945,28.877308,42.709053,41.034679,35.652805,26.475327,26.523428,21.965370,15.015614,16.334902,26.762104,32.683258,26.925974,15.274479,0.854458,7.370401,3.510799,14.697794,4.090337,23.911486,23.214134,10.222006,12.041500,9.797624,4.648744,2.373509,10.099237,22.883125,26.542301,20.158943,17.573524,13.578571,-19.146351,7.910175,7.767888,16.680885,22.103474,22.252195,12.432637,8.911192,7.545844,11.796027,-4.682420,2.792858,13.171446,20.320463,19.622433,14.982988,1.499713,8.151712,9.742085,16.987434,16.656672,17.997276,17.732983,15.851098,15.001649,9.340703,1.196548,6.724088,4.764676,21.053761,25.573332,22.368881,17.055817,13.054697,11.725176,3.928304,-12.969541,11.742546,17.507975,19.145929,15.537547,10.269464,7.972847,9.852236,5.913678,8.822414,17.690269,22.264915,21.984713,17.235025,11.492132,6.365898,9.962231,3.756276,13.059532,20.974323,22.751995,18.219280,9.249842,4.281692,4.054693,0.898046,10.238321,17.403219,19.558186,19.581501,19.082544,14.181158,6.505834,5.002277,1.963053,17.626772,25.416641,27.038553,23.485098,18.097689,15.912477,9.537947,-3.221221,2.947175,6.964365,14.466109,18.230988,18.787758,12.784685,5.709925,9.205410,4.177129,10.497662,17.836483,21.666622,22.475384,20.319403,11.261540,3.227479,2.045481,10.797838,14.065365,16.309875,16.302334,16.929131,11.138094,-0.617397,6.210544,-1.568302,14.521732,22.824038,24.567900,21.220827,15.086237,-1.981266,10.144229,8.383476,-1.097259,13.535168,18.103441,19.127943,20.425272,17.493942,13.258443,3.017108,6.773081,13.775846,19.425959,21.512403,20.220301,15.950867,2.204860,3.774500,5.387859,10.371847,15.845558,18.914402
[0;32mI (21150) ANALISIS_ESPECTRO: Frame exportado | t=20.50 s | pico=52.7 Hz | 59.6 dB[0m
SPECTRUM_FRAME,21.517431,1998.046875,59.790871,hann,512,38.052788,44.458595,41.248680,38.058563,33.449131,33.040699,31.529186,44.243919,59.173527,59.190449,44.778336,27.384493,29.330408,21.870037,10.272800,27.298862,46.489491,53.353725,48.017612,25.690229,12.101042,8.069619,16.488136,14.591293,28.382591,43.343719,43.463348,30.242598,18.666628,3.484088,14.568624,14.854382,19.749454,28.867952,34.198372,26.869783,19.603600,11.856342,4.030835,8.210644,-3.507032,12.007601,23.480682,26.386892,19.280416,12.490993,14.927272,7.173564,11.761963,17.443989,29.349430,37.363655,31.979939,13.284534,10.711142,2.309921,7.912856,-0.120115,23.162403,38.038948,38.334167,21.595762,17.598146,5.204127,9.372273,3.402150,1.474439,25.303997,30.111435,19.146002,8.155859,12.721846,6.916957,6.376247,11.915524,17.856302,32.749947,32.882442,19.586693,5.380995,7.115704,13.207747,13.136051,6.568498,25.924923,32.950645,27.653187,5.128719,8.958875,8.087246,13.447255,10.310595,15.915730,31.695820,33.006557,20.421427,8.042111,-1.769251,12.191380,-6.967218,4.966157,22.749992,29.032940,22.295771,8.786390,5.374084,1.959093,4.613309,-3.983382,15.223942,26.695101,28.637604,17.169239,10.221308,7.764972,6.898335,15.022652,8.549789,21.875208,32.079391,29.258430,8.159327,10.127815,1.130030,-8.595554,-10.439072,13.390692,23.548660,22.265179,2.577402,13.531838,9.035429,1.550034,-0.840478,-3.840382,17.073132,26.653683,25.443184,15.071712,-6.320365,0.143278,10.602208,10.907378,11.661295,17.226555,15.203980,7.587791,10.917430,-2.357937,0.828693,6.355761,8.976394,20.947058,27.303183,24.987480,13.275583,-1.307016,7.329121,6.745379,6.180705,14.173811,19.075043,12.090434,10.784367,8.968962,1.884161,4.583704,-11.307114,7.029815,17.855291,27.319134,24.714832,-0.379133,13.187595,1.842472,4.151311,10.020100,17.824734,20.719894,23.096676,19.316145,11.700132,-11.492633,3.175446,-3.047393,8.622349,18.337568,28.163881,27.366713,15.914118,0.186776,2.960857,5.319805,8.552988,13.586007,22.351656,27.035721,19.270962,10.674128,4.228620,2.763464,1.527078,-1.777217,13.636483,23.974398,25.088242,14.876771,6.501713,6.403551,5.601188,6.236928,10.827332,24.068474,27.973173,22.323549,8.131052,-2.253846,-4.654988,3.394425,-4.196624,15.506599,22.536097,21.401842,7.531688,-2.116706,2.680244,13.568248,13.992414,16.786018,16.286194,26.955881,24.474611,12.384254,12.009439,7.094984,5.833258,7.544842,15.487199,22.053747,23.146996,13.057237,2.114736,9.300832,7.874332,10.709450,5.773666,23.002043,28.749392,24.627502,13.216112,7.688517,9.705443,11.670971,8.549766,18.106842,23.014229,24.553698,17.667025,4.324625,5.803597,8.539335,6.585913,11.528675,13.259758,19.496185,18.247593,7.809415,2.131768,6.821444,4.764109,2.996280,10.593509,20.291489,26.314899,19.523819,3.844533,-3.676761,-1.461337,12.032508,7.357410,16.905996,22.736778,20.486753,20.338556,13.864067,9.959129,5.789776,-2.806158,13.594053,22.901915,25.293270,19.715363,14.053772,11.739084,1.501597,12.576391,10.416105,12.482557,22.161896,22.062292,18.345322,9.294344,9.712564,3.085707,-0.056423,16.589767,21.636820,28.099731,23.481911,15.755948,7.936263,12.629753,0.566562,7.598536,18.912607,25.805998,22.724182,21.270525,15.768229,17.037960,15.958721,11.201018,19.429134,29.213837,33.620075,27.584785,13.011868,19.353374,5.533395,25.111893,25.326111,24.324224,42.948494,42.379112,34.278835,24.335255,28.460808,37.091179,36.562195,44.967289,54.453133,59.790871,55.667023,47.755131,33.663872,32.858105,20.746960,14.766705,27.064289,41.242924,41.709511,35.692047,5.005789,24.706823,17.706116,13.886005,20.305004,28.726408,32.454258,25.870543,19.946686,6.387603,12.684525,11.721434,13.066731,4.426099,24.767281,24.897881,19.350632,7.908752,5.375752,-0.759287,-0.407250,11.859612,15.953215,25.392979,24.263321,10.294728,13.398467,1.644706,3.259653,16.989765,15.447773,21.255997,22.643620,13.300481,6.464705,6.122189,0.335525,1.977835,7.865667,12.276631,17.133028,15.486696,13.086185,13.889308,4.892053,16.827457,15.407473,15.288214,16.027281,19.057158,19.081324,15.376468,4.546738,9.242929,9.756812,6.712787,17.723576,23.658310,23.432886,14.602669,10.941118,5.976640,7.522053,4.175835,13.499371,14.097724,19.898830,17.030050,15.832420,16.010883,5.901431,0.543258,14.196986,11.698070,15.408745,19.839632,17.996586,11.363504,-8.147178,6.033047,6.585332,7.766961,14.311687,19.348408,18.725395,6.710662,3.440876,6.667310,7.862499,4.969863,13.950434,11.257271,17.512541,17.725676,14.586640,10.687041,6.593277,8.272624,15.367462,22.046062,23.570147,21.805294,17.082428,6.209266,-5.295489,8.145821,8.653211,4.053688,3.034811,9.619246,11.262097,-0.035815,1.616642,-2.860230,-0.475942,6.489886,11.860885,19.391649,17.270718,6.161572,-3.402574,2.840805,6.614037,8.338296,0.693212,10.822640,14.537982,13.509021,5.618392,2.098225,-5.565681,9.295928,12.575707,17.340502,19.187981,19.550371,16.953985,8.336640,0.280374,6.436567,11.208891,6.294544,13.291864,13.407016,11.104664,5.778499,4.493151,8.486393,8.928936,11.636370,16.186543,18.009130,15.160130,9.649786,2.440318,4.887426,10.257808,8.809577,8.613289,10.979968
[0;32mI (22170) ANALISIS_ESPECTRO: Frame exportado | t=21.52 s | pico=1998.0 Hz | 59.8 dB[0m
SPECTRUM_FRAME,22.539791,1998.046875,59.649689,hann,512,36.772186,42.830902,39.353420,34.433784,33.810535,33.796257,33.798794,43.859940,59.313587,59.387115,44.194916,32.079483,28.273472,11.771729,17.827150,24.210670,46.658268,53.576553,48.276997,23.515837,20.291973,13.684319,8.927696,3.079166,30.313709,44.048080,44.132034,31.934322,13.873824,20.430449,4.241265,5.794456,13.035365,32.097565,35.690945,24.466557,18.364590,14.217566,9.511001,9.536886,15.662108,16.421772,27.445713,25.525198,20.782566,16.533869,9.139498,12.457705,10.509062,12.605819,29.864883,37.121368,32.804321,18.200939,-0.946994,8.101812,5.822933,10.184053,24.778458,38.433727,37.853271,21.908998,6.113724,8.538555,2.461378,2.373387,11.658874,26.820318,30.566422,22.611759,15.675339,11.043683,8.004099,6.902575,-1.362673,20.048744,32.495560,32.510456,17.670197,12.596902,10.135870,9.155347,4.723709,6.575944,27.564772,32.767063,25.782202,15.446786,9.209031,0.342799,5.507812,10.167098,22.381680,33.130077,32.966202,19.830040,7.561784,7.963978,5.670245,9.888341,7.725616,24.303865,29.528053,23.557327,5.088580,0.263715,4.845085,10.998373,9.263746,18.372995,25.916872,27.927059,18.588356,-8.066167,1.613636,3.554654,-1.376936,-12.132780,24.793453,31.056536,26.126814,-2.256115,13.387709,14.152220,15.618605,6.174356,17.974838,26.362989,25.000004,2.482115,13.042009,6.372075,-0.213436,-4.392561,6.779181,19.116417,25.008068,23.096001,11.111315,-8.692806,8.705758,5.244095,15.509738,16.569080,18.491131,17.929157,6.815954,10.868128,12.816078,10.748076,1.786905,9.075878,21.358498,26.121351,23.482969,15.348692,9.289474,2.117262,1.048004,5.148520,7.267503,3.430745,13.300315,17.346222,9.675664,6.461470,5.467284,3.372910,14.554461,19.038679,26.804810,25.197392,15.560779,6.394172,0.161490,7.099767,5.677824,14.419061,8.785882,19.820940,14.115934,6.442411,7.262738,4.802777,-1.467409,11.284351,18.774584,26.981518,25.579098,12.028547,9.317857,9.038540,6.507323,14.838376,17.066727,27.529804,27.943935,17.201077,9.548746,8.892287,10.344581,6.225719,4.935448,10.898923,25.594786,26.322601,17.522058,7.940152,-3.327530,6.202849,11.137085,14.443518,17.273525,24.740543,18.605259,-1.770466,5.962460,8.218304,3.329901,10.362461,14.958899,20.169594,18.003326,9.559974,0.981100,9.286124,9.542156,8.936706,16.113340,26.790161,29.288685,23.667257,10.812716,-1.794813,3.073424,10.871723,12.818955,13.641361,22.809706,22.357204,6.039233,6.783012,3.083378,7.060259,2.947850,14.795732,16.161072,24.578478,22.237768,10.621690,2.789439,13.408632,11.778805,11.281257,16.656952,23.361500,22.731392,8.776694,5.133294,-1.606350,3.086565,11.839712,11.864548,23.372171,25.630053,17.744827,9.425667,4.520551,8.642275,9.865549,2.092277,15.666410,24.033945,26.148664,16.665003,-6.872249,1.757333,-2.444577,9.160840,14.685076,10.752850,21.547081,18.672924,14.517879,6.764888,8.313835,13.167325,13.144705,15.654585,22.036619,25.139181,19.070723,11.385431,6.504502,6.936882,12.015099,11.184376,16.668190,19.582191,23.001083,19.459112,6.181795,5.380850,15.122280,12.564428,16.836241,21.827190,27.681171,22.898102,15.500135,10.842176,9.821889,11.424099,14.347805,22.717020,26.502304,24.569202,26.075270,13.662106,16.198635,17.205898,14.826036,21.939890,28.687326,33.864120,27.732973,17.891308,17.165524,-2.667209,21.088303,26.627247,27.527058,43.142868,41.971695,34.206970,26.243589,26.031092,37.065186,37.288559,44.822166,54.716152,59.649689,55.415146,48.091026,34.530167,32.757538,10.323386,15.602727,30.969345,41.742279,41.313980,36.219002,16.988445,25.685293,15.440842,14.013482,16.240099,28.314621,32.903572,27.062199,21.304853,19.316446,11.416245,-1.520558,11.874680,12.868566,24.755421,24.635395,19.856155,11.684479,4.021845,10.085791,11.842964,6.296668,22.331226,24.468201,18.041040,17.124613,7.004012,8.442680,3.810198,10.306951,13.726818,22.462463,23.804127,14.835902,14.793816,11.064175,12.256417,-1.801525,4.982618,1.964009,11.293552,10.411289,11.576502,10.612817,9.213992,7.115569,13.588153,8.070604,20.364796,21.978146,15.531157,9.253746,7.106413,1.027868,8.456961,8.646133,16.488388,21.694202,19.007648,14.667133,6.568520,11.331074,-0.125581,10.352258,11.764208,17.744774,17.389450,8.532281,6.969522,2.890100,1.168689,2.775334,12.009624,11.528325,14.865360,15.854618,15.882312,13.319693,5.543478,5.421188,9.191147,-0.740621,20.142712,20.641636,15.007854,7.908861,5.406708,8.242567,-6.505097,10.169600,4.389936,13.276171,14.691782,15.676929,12.006441,4.496360,9.548749,14.371935,13.233742,22.415159,22.392475,14.524048,3.609491,9.114001,10.002451,11.378317,11.939888,2.364316,13.451750,2.065757,13.466510,15.270065,12.998175,-9.681900,15.478984,17.487293,18.821119,19.187643,14.942922,10.250818,1.004869,10.079598,6.657434,11.990509,10.630674,18.242010,9.827098,14.312584,11.460294,5.071907,5.208601,9.583061,14.271973,16.600641,16.229656,12.112552,5.285523,9.078100,6.206629,5.981887,13.844452,3.308483,16.406326,11.609993,5.079146,4.603961,0.191132,7.770187,10.523318,-3.901179,16.369688,16.488956,15.403714,14.347618,12.952606,8.198288,7.114298,11.944227,4.034800,16.079924
[0;32mI (23200) ANALISIS_ESPECTRO: Frame exportado | t=22.54 s | pico=1998.0 Hz | 59.6 dB[0m
SPECTRUM_FRAME,23.562157,52.734375,59.650990,hann,512,34.695717,40.378937,42.053101,37.630585,37.761356,31.547089,27.881338,43.758335,59.533504,59.650990,44.699905,34.390488,20.567255,22.545624,21.895590,22.745285,47.217781,53.764526,48.204796,25.185202,19.999554,20.985125,19.701342,20.837379,32.639992,44.345261,44.389252,32.435051,9.195394,13.768036,-0.234708,4.740969,16.625771,31.853142,35.854084,26.665386,18.754137,10.427375,9.686910,13.824644,14.841529,11.401906,23.419731,19.991503,17.486904,3.902723,12.168298,6.628307,4.201274,6.701096,31.582033,37.657425,32.293079,16.927254,2.758147,5.263043,5.698225,5.715818,27.148983,38.632942,37.855503,21.501060,15.532770,-3.862456,10.162899,6.563199,9.769244,26.755884,31.765108,25.030546,13.540906,7.668063,4.587623,7.268567,11.376872,22.655394,33.246239,32.878036,21.774815,4.968958,5.381881,1.022242,12.488522,14.461769,27.695759,32.911785,26.948368,14.952757,5.238205,5.343489,5.875973,2.707784,21.091816,33.012669,32.688667,19.948721,4.633861,7.930055,2.280746,-2.283822,4.309124,23.828508,28.916027,23.105452,-13.214043,7.127642,-9.461288,7.832858,10.526086,18.190157,27.191139,27.068867,17.065311,0.512729,2.881086,8.135711,8.060020,6.879551,25.989294,31.114666,25.670910,7.461380,8.953874,7.359377,-0.807786,6.513206,12.134615,22.452278,23.460625,15.719143,9.689402,8.985647,0.716722,-9.854553,3.162587,17.177382,21.031887,17.286283,5.909874,7.070440,-0.208558,-1.049019,10.281109,11.203442,12.567840,15.399878,11.546751,-11.472397,2.440131,-11.286879,0.416409,0.364399,18.562740,24.810478,22.387407,7.660269,1.281669,10.790340,11.202713,12.700459,14.831013,19.464554,18.840731,12.654140,9.009534,3.586219,3.388959,11.060792,12.597021,21.631962,26.112947,22.038364,6.413459,8.930070,3.016620,10.397562,5.782647,17.516068,23.495998,23.117676,16.562820,10.896386,7.998993,8.352495,6.726068,13.413193,16.501863,26.800814,26.112701,16.142460,13.457087,9.946962,8.206507,4.546589,13.025857,22.688530,20.030022,14.976349,11.890821,-2.207874,0.533396,-2.525293,6.948955,13.762751,23.590778,23.752325,10.173692,4.672110,3.893337,2.696584,10.156822,17.325830,27.022726,28.450289,18.352205,9.784936,14.383472,8.687304,8.608470,6.057349,10.765152,20.370178,19.226770,8.612383,13.081572,11.577753,11.397995,9.097511,15.596324,19.641439,22.160515,17.729052,10.523349,8.019626,6.856227,7.684350,6.667523,17.831642,22.675953,19.825569,1.656676,10.616051,1.282788,1.801711,2.869956,12.202271,23.171141,27.811924,22.063990,10.238867,9.627811,4.727171,4.075339,8.198375,14.306759,23.358116,22.059614,1.804236,13.079767,7.235741,5.781643,8.685681,16.797398,21.104580,22.499374,10.308782,16.618055,12.877895,7.108541,11.186201,17.323406,18.200190,23.130367,23.730354,8.130108,9.474965,11.573448,9.192647,10.743166,11.145157,18.044765,23.900631,16.288830,17.904221,13.230418,8.664156,6.301318,12.737275,10.199320,23.121567,24.616779,7.157783,10.549879,6.470805,-4.078308,-6.775085,6.885282,12.195840,23.671446,22.814829,21.162558,13.362689,6.035253,5.484294,17.396666,18.858721,24.542557,27.924088,22.777725,9.563413,11.316669,14.667786,13.431483,13.907034,17.658102,26.081188,22.791149,23.651190,19.368855,18.739819,18.077276,20.572384,18.028519,30.854071,31.257364,21.066807,26.266747,21.517147,23.997089,21.141855,28.130119,31.727787,42.518238,41.010128,36.507946,24.472424,24.634754,33.492920,40.611809,46.164032,56.233334,59.258652,53.119659,48.825359,37.168495,29.577488,30.016470,28.745842,31.087072,42.043831,39.551117,36.328789,30.757971,29.992908,23.971230,26.868734,24.192722,31.814842,34.102581,26.072090,16.812511,7.840037,7.700463,9.441418,10.244244,18.501247,26.734417,25.744822,19.748466,6.752090,4.483912,14.247828,7.991909,12.377785,17.577221,22.998774,14.870470,14.241609,11.234179,0.649063,-2.976341,8.079633,13.868185,23.134785,21.563585,9.813328,7.870803,6.749162,14.104422,8.860911,7.405089,13.893785,17.423464,7.629760,5.430870,10.810919,7.672634,8.417587,8.530250,14.538831,25.321112,23.682201,9.698873,-0.349327,0.447146,2.077726,7.798165,10.106887,18.727833,20.742779,5.899090,14.194669,11.986990,7.376983,1.769949,10.545033,16.335348,20.916103,19.301033,2.272972,13.138638,8.822121,10.731826,2.381330,7.155416,17.149790,18.076788,8.233472,10.282683,8.896830,7.690184,-5.529964,-1.312341,5.115595,19.811914,15.699882,9.160255,4.187054,3.415035,7.903445,8.404105,10.476890,10.961496,16.999498,4.756946,13.479006,8.986982,6.117250,2.938380,12.657136,18.369987,23.712685,19.756172,12.694498,15.105349,7.687943,8.895493,-1.879375,5.660662,5.938846,16.302778,10.588606,18.291933,16.439699,13.326128,8.982884,13.976989,13.341985,18.350676,15.232191,7.871287,10.838947,10.931111,3.102349,0.951803,7.293698,11.985769,17.196060,6.897915,18.956144,16.521614,13.241343,7.342276,-0.420356,10.646263,18.260597,16.042902,11.165291,12.310238,3.734290,-1.575891,-3.432757,5.515162,16.528837,21.837170,14.219651,10.920183,10.839008,5.631867,-4.116908,8.458184,8.603977,18.972300,17.681376,9.160673,15.575764,6.371322,-3.198525,6.820807,13.032226,15.665837,13.188622
[0;32mI (24220) ANALISIS_ESPECTRO: Frame exportado | t=23.56 s | pico=52.7 Hz | 59.7 dB[0m
SPECTRUM_FRAME,24.584512,46.875000,60.412159,hann,512,33.105179,32.869270,20.052816,16.898001,18.161642,18.114414,29.916721,46.627232,60.412159,60.362259,46.387409,29.401834,20.839500,12.736274,-14.316029,18.742840,48.033752,53.857349,47.781998,8.410446,3.436024,10.080728,8.889285,21.050341,33.128002,46.872101,46.556801,32.482994,13.874497,14.898777,10.549292,15.894201,13.779092,38.741924,44.595791,38.381172,7.243892,10.974533,4.524796,6.504992,8.417141,24.507938,37.549004,37.196117,23.627138,3.253496,6.067467,9.757906,8.429186,6.855250,27.300375,32.482468,24.490498,12.344628,13.506731,12.513038,19.069889,18.452633,30.290415,40.259689,39.004662,23.721407,10.262618,4.313503,15.624706,20.441147,19.937330,30.478270,34.616394,28.207586,12.905492,0.943477,10.582975,14.687833,1.241608,21.244919,33.266582,32.455032,18.634590,-8.944778,7.416493,9.209078,12.509420,15.279455,24.949978,28.857967,20.537800,15.296626,13.652946,3.829129,3.485208,11.125374,20.157734,27.169378,24.732979,15.898181,9.982258,0.308743,4.778852,2.751926,3.856553,24.869745,29.141850,20.678505,1.642863,11.921227,12.469753,9.235262,-0.877513,17.334450,30.274368,29.577087,12.288165,16.061558,16.036379,5.982842,5.710990,3.808033,21.194456,26.194691,21.956093,9.804918,14.000172,10.166632,-12.633465,-1.115767,16.944099,26.146839,24.219852,7.718748,12.177857,9.926611,10.918063,10.542196,-0.155225,25.137169,30.150835,23.701675,7.352171,6.042724,2.855589,-4.907002,5.357428,20.843294,32.398346,30.547678,12.434557,10.290838,11.787797,4.117487,0.363448,-6.810388,24.693830,30.039940,24.283684,11.660141,8.577738,5.730691,8.310917,11.258400,14.791239,27.889011,27.124910,15.267864,0.891126,7.717537,-0.785579,-1.173961,3.961959,19.507730,22.542072,16.447058,9.317402,8.362409,-3.152937,3.832237,-6.286273,17.396421,27.033886,24.114429,9.340967,10.732012,-3.561279,-6.088849,8.899219,4.047266,4.862993,12.473226,18.009731,14.054106,5.307062,1.166253,7.625714,2.232792,8.367392,20.611988,21.234562,12.320580,-3.205405,-1.428430,11.710652,11.967775,-3.681872,15.199910,17.666254,12.095564,13.688487,-1.419182,8.675755,2.891248,-18.456474,13.725537,21.402205,18.350857,7.977553,-1.362126,-4.281791,3.613169,2.907005,3.495641,10.911049,-6.811233,14.953650,11.922991,6.860233,1.155574,-6.512441,4.592012,4.317246,14.421225,16.813869,3.934362,-0.705380,-4.735542,-7.165323,-2.885712,3.747668,10.448805,14.951062,15.465851,7.715566,-2.611380,-5.283074,5.752965,6.374972,-8.899866,7.728852,3.942840,12.549154,6.788391,0.615454,5.989362,6.624529,-5.271149,10.852049,18.667841,16.463596,2.400452,6.496956,4.863379,5.491931,7.481005,6.066806,17.353464,17.667164,12.263469,2.731128,-5.208291,2.476829,5.398837,6.506456,7.785676,13.534144,16.499617,7.534150,6.353238,5.317275,7.646239,7.542291,9.268072,6.655918,17.881420,18.140884,7.622698,7.554097,-0.310472,6.352952,-0.654291,8.946029,16.372005,17.383541,13.618374,8.875438,0.611875,-7.035463,-6.521224,3.610542,-3.102254,11.561249,9.131364,11.381811,11.683793,13.207673,10.396898,5.658025,12.767677,23.878380,26.035215,17.809698,9.248102,-5.577065,0.750329,2.397376,8.676519,13.950053,12.172981,-2.582734,9.103712,5.540374,5.475621,7.077628,-0.112684,6.346288,24.846315,28.800186,21.493111,11.255081,1.767634,2.940215,1.859366,2.509432,26.436493,33.997112,30.366142,14.869036,9.687734,10.160266,7.889474,10.423379,26.955883,41.359066,42.703762,33.465431,15.414352,2.713633,5.758722,1.577725,9.112300,23.550884,32.014687,28.357243,7.071417,11.755985,5.029098,-25.452431,-2.194599,16.524715,27.795036,29.166344,20.459061,12.699762,9.336025,6.085710,6.999264,8.024729,15.888886,18.441195,8.327621,12.315300,11.303806,1.039771,0.694958,1.293135,7.793944,18.152977,19.078856,12.917146,12.670083,7.501369,-3.037353,-7.431889,6.069113,16.112694,19.749054,17.066841,10.237294,3.597730,3.845654,-1.630631,-2.867317,1.207930,12.839106,17.261736,13.294331,11.158042,-0.273317,-4.491765,0.321149,9.058764,19.551676,23.438139,17.848547,-2.246164,0.680706,3.062478,-19.805943,-5.389885,5.206214,15.658036,15.245086,8.595749,4.529707,1.607438,2.789223,1.992262,-6.277719,9.277506,15.777624,11.078907,12.164171,10.929905,7.357668,5.792325,4.255804,5.158056,18.079737,18.641842,5.468057,9.792489,3.555288,-5.346508,-19.174267,4.078456,11.385489,13.080226,8.397829,3.518376,-7.424219,0.525316,8.546734,6.135637,5.801583,12.276145,13.390470,8.530833,4.100354,0.190962,1.541275,8.534594,1.290698,-8.809410,12.918029,15.083454,10.136845,4.933228,0.888763,-13.869496,-1.195059,6.689780,13.737707,14.969120,8.009028,2.657314,6.789523,-1.074257,-4.377679,3.130708,12.629055,12.077807,2.564963,4.387238,7.010396,5.009081,3.397802,1.627548,0.835911,-13.175718,7.117908,5.934940,11.657183,14.155812,4.817459,6.749954,6.154943,5.731368,13.430486,13.998933,8.159788,-15.498846,0.140491,6.176738,10.753322,10.068279,10.389574,10.553359,-2.059536,6.703049,11.132822,3.095902,1.905179,2.606070,9.632764,13.773205,12.526217,12.743873,14.268848,11.068515,0.978717,-7.125278,0.926612,10.605118,-4.134697
[0;32mI (25240) ANALISIS_ESPECTRO: Frame exportado | t=24.58 s | pico=46.9 Hz | 60.4 dB[0m
SPECTRUM_FRAME,25.606885,46.875000,60.819172,hann,512,33.275562,33.509792,20.766239,22.728416,26.029743,17.287315,27.655479,47.209724,60.819172,60.729362,46.719929,25.163086,32.562057,30.670061,19.071983,24.329588,48.623318,54.475151,48.351330,16.691395,30.024677,35.430988,30.836403,21.914482,29.064392,46.290237,45.930771,28.709478,14.984903,28.784504,25.105886,23.527344,22.927578,40.384693,46.942139,41.594273,13.865145,20.974035,28.564272,21.115009,21.871035,29.582155,41.588852,43.501282,33.253601,20.462364,22.097767,25.736794,20.522465,20.062473,29.781359,35.996330,32.503899,6.238976,19.594847,16.138308,20.306366,23.087570,26.723967,41.288086,40.961594,26.755745,14.489812,14.129717,21.022869,18.015535,20.878965,28.055441,36.324074,31.733503,20.323103,19.032785,21.709860,22.766287,15.692314,24.194527,32.680603,33.113396,23.563528,10.416397,15.385322,21.775969,21.962091,17.975773,25.559263,32.035431,31.108978,21.967636,20.144726,20.170944,11.816300,16.599611,14.561114,25.349339,27.415125,21.893530,16.125044,5.429774,-0.359468,14.619111,17.410395,23.160969,29.266304,19.745977,7.646844,14.660844,26.669149,21.982777,9.080892,21.483368,32.576355,31.647532,20.996140,1.765508,24.687546,22.538958,12.413303,8.614603,22.130320,26.037359,20.477150,8.449248,16.950796,10.126968,16.365112,16.021704,19.136126,27.437334,27.121981,17.784389,25.179214,5.360474,13.739929,4.342037,-0.725531,25.354744,30.365122,24.898634,17.725094,14.152405,9.834145,2.610582,0.538263,19.829941,31.032143,30.670797,21.623384,19.347794,3.134615,8.135771,10.054050,8.814577,25.136148,30.706722,23.845814,13.241560,6.772178,9.509754,8.856345,9.910271,16.415028,29.599333,28.408146,16.828121,7.968527,10.546124,0.715267,14.492755,16.796028,22.720507,25.717339,8.043553,21.671703,15.423274,7.813243,8.091208,9.316484,14.462557,23.119394,22.884068,22.963018,24.573118,14.209005,10.197543,12.541982,11.584630,16.214125,20.812603,17.314144,-9.889206,11.384678,16.409590,12.083698,4.973616,7.033463,17.191008,16.360329,15.633318,13.885122,0.373409,11.477312,-1.672342,11.082553,13.364937,16.221500,7.309648,14.451480,13.489168,7.585536,-11.894276,9.646948,9.113358,13.292599,9.747020,-11.067576,-1.435266,7.671864,8.556940,-4.780135,9.051298,15.132102,9.363312,8.185841,10.792608,10.975563,-0.160023,-0.354346,8.199521,22.649910,24.905565,20.201883,5.981834,13.040194,11.186565,-6.124843,10.642199,13.703519,14.451966,6.915247,5.946209,0.305954,-4.866755,0.431065,1.991771,0.703032,7.232867,8.306926,8.206969,5.725074,6.167802,7.648801,5.595567,0.767453,12.115576,17.531836,17.207981,11.129016,8.868656,10.795830,-8.313984,7.467018,7.315740,5.017494,17.061319,18.612532,11.814809,10.107622,5.426834,5.705555,10.337599,10.784627,15.464829,16.232140,10.309087,2.808186,0.021653,2.826212,-2.777947,3.457672,11.069121,14.090285,13.265890,4.804583,6.788854,3.319530,6.443737,2.490601,-2.244558,10.142214,10.678406,7.085247,9.188192,10.822496,6.405001,2.794464,11.232740,10.251092,10.612827,9.829407,10.087911,10.685271,4.196486,1.563063,7.792096,5.410734,11.358772,13.294192,1.911334,3.936413,3.260440,4.088372,2.874505,4.177061,7.778227,9.747631,9.152188,7.963439,4.827127,-0.511983,7.573811,4.104522,2.390420,10.043950,10.548975,1.942798,-8.911156,0.251385,7.747514,3.530862,1.481797,10.938084,13.079760,8.314310,7.462468,11.899393,4.314369,3.858526,9.024551,8.058145,10.488794,10.098532,4.665784,2.450104,-6.006444,10.995129,7.870786,12.507326,11.363270,12.624063,10.652344,5.410569,3.956998,3.777826,5.901092,7.062236,7.138576,5.401218,7.263151,6.458267,7.948106,4.455330,-5.079782,8.302809,6.734719,4.307042,10.520054,-5.558801,12.317809,12.394429,6.740145,8.979557,5.650927,4.454207,4.249472,-3.822771,5.120948,3.461492,4.808561,5.829313,-0.224675,0.259590,2.705482,8.290582,8.409568,3.034958,-4.928141,1.865158,-0.944671,6.944975,7.418980,6.485615,13.743557,8.948125,-3.812772,3.502941,1.077528,-2.978032,7.596349,-3.877977,19.100935,17.922956,3.209998,5.524347,8.971193,10.484265,-2.304245,7.041753,12.155966,14.256456,10.687213,5.175491,6.752827,6.439247,3.403735,-0.825415,6.085876,12.023631,12.279198,9.069524,-0.505946,-4.426446,4.957933,4.912840,3.336739,11.600727,11.373259,-5.986309,7.420685,7.265091,-2.568909,3.546320,7.882854,8.288671,12.342350,10.427905,7.683820,12.213792,10.575347,-0.959375,4.003586,-7.629149,0.695655,-6.763593,3.277387,9.773487,4.383376,1.252774,0.908210,8.434170,-3.076655,3.780517,3.899281,-0.101653,6.424585,-1.188114,3.479750,5.894035,7.866053,3.973916,5.331206,5.263213,-8.817935,-0.318968,-2.365337,1.969729,8.729552,11.985550,12.903086,9.961518,2.436780,9.868652,11.760962,10.314571,14.488887,15.157839,10.905585,7.906866,10.975494,14.712273,14.657229,7.380509,-3.774251,2.562217,8.255543,10.839072,8.001696,-4.975492,3.414637,4.186206,2.052617,3.968822,7.585638,9.784469,12.348417,11.168942,5.731796,5.122838,3.432715,-1.751455,0.104862,4.678715,9.248013,6.227413,-1.291556,7.640613,3.572838,1.067256,1.069254,3.840973,-2.481881,3.405013,7.585397
[0;32mI (26260) ANALISIS_ESPECTRO: Frame exportado | t=25.61 s | pico=46.9 Hz | 60.8 dB[0m
Done
